time_s,label,amp_mean,amp_std,amp_max,phase_std,i_mean,q_mean
0.0,1,0.0,0.0,0.0,0.0,0.0,0.0
0.1,1,0.0,0.0,0.0,0.0,0.0,0.0
0.2,1,0.0,0.0,0.0,0.0,0.0,0.0
0.3,1,0.0,0.0,0.0,0.0,0.0,0.0
0.4,1,0.0,0.0,0.0,0.0,0.0,0.0
0.5,1,0.0,0.0,0.0,0.0,0.0,0.0
0.6000000000000001,1,0.0,0.0,0.0,0.0,0.0,0.0
0.7000000000000001,1,0.0,0.0,0.0,0.0,0.0,0.0
0.8,1,0.0,0.0,0.0,0.0,0.0,0.0
0.9,1,0.0,0.0,0.0,0.0,0.0,0.0
1.0,1,0.0,0.0,0.0,0.0,0.0,0.0
1.1,1,0.0,0.0,0.0,0.0,0.0,0.0
1.2000000000000002,1,0.0,0.0,0.0,0.0,0.0,0.0
1.3,1,0.0,0.0,0.0,0.0,0.0,0.0
1.4,1,0.0,0.0,0.0,0.0,0.0,0.0
1.5,1,0.0,0.0,0.0,0.0,0.0,0.0
1.6,1,0.0,0.0,0.0,0.0,0.0,0.0
1.7000000000000002,1,0.0,0.0,0.0,0.0,0.0,0.0
1.8,1,0.0,0.0,0.0,0.0,0.0,0.0
1.9,1,0.0,0.0,0.0,0.0,0.0,0.0
2.0,1,0.0,0.0,0.0,0.0,0.0,0.0
2.1,1,0.0,0.0,0.0,0.0,0.0,0.0
2.2,1,0.0,0.0,0.0,0.0,0.0,0.0
2.3000000000000003,1,0.0,0.0,0.0,0.0,0.0,0.0
2.4000000000000004,1,0.0,0.0,0.0,0.0,0.0,0.0
2.5,1,0.0,0.0,0.0,0.0,0.0,0.0
2.6,1,0.0,0.0,0.0,0.0,0.0,0.0
2.7,1,0.0,0.0,0.0,0.0,0.0,0.0
2.8000000000000003,1,0.0,0.0,0.0,0.0,0.0,0.0
2.9000000000000004,1,0.0,0.0,0.0,0.0,0.0,0.0
3.0,1,0.0,0.0,0.0,0.0,0.0,0.0
3.1,1,0.0,0.0,0.0,0.0,0.0,0.0
3.2,1,0.0,0.0,0.0,0.0,0.0,0.0
3.3000000000000003,1,0.0,0.0,0.0,0.0,0.0,0.0
3.4000000000000004,1,0.0,0.0,0.0,0.0,0.0,0.0
3.5,1,0.0,0.0,0.0,0.0,0.0,0.0
3.6,1,0.0,0.0,0.0,0.0,0.0,0.0
3.7,1,0.0,0.0,0.0,0.0,0.0,0.0
3.8,1,0.0,0.0,0.0,0.0,0.0,0.0
3.9,1,0.0,0.0,0.0,0.0,0.0,0.0
4.0,1,0.0,0.0,0.0,0.0,0.0,0.0020385343163137944
4.1000000000000005,1,0.0,0.0,0.0,0.0,0.0,0.009178922667444979
4.2,1,0.0,0.0,0.0,0.0,0.0,0.015029455635386577
4.3,1,0.0,0.0,0.0,0.0,0.0,0.019322923338622906
4.4,1,0.0,0.0,0.0,0.0,0.0,0.022227632418598174
4.5,1,0.0,0.0,0.0,0.0,0.0,0.024073406495469695
4.6000000000000005,1,0.0,0.0,0.0,0.0,0.0,0.025152916891548856
4.7,1,0.0,0.0,0.0,0.0,0.0,0.02566299595360307
4.800000000000001,1,0.0,0.0,0.0,0.0,0.0,0.02572800159384007
4.9,1,0.0,0.0,0.0,0.0,0.0,0.025435295024929964
5.0,1,0.0,0.0,0.0,0.0,0.0,0.024854258110551246
5.1000000000000005,1,0.0,0.0,0.0,0.0,0.0,0.02404178550776462
5.2,1,0.0,0.0,0.0,0.0,0.0,0.023043405936133073
5.300000000000001,1,0.0,0.0,0.0,0.0,0.0,0.021895399577361432
5.4,1,0.0,0.0,0.0,0.0,0.0,0.020629555224785823
5.5,1,0.0,0.0,0.0,0.0,0.0,0.019277934811687516
5.6000000000000005,1,0.0,0.0,0.0,0.0,0.0,0.017871069828325287
5.7,1,0.0,0.0,0.0,0.0,0.0,0.016428448663045474
5.800000000000001,1,0.0,0.0,0.0,0.0,0.0,0.014956805627573372
5.9,1,0.0,0.0,0.0,0.0,0.0,0.013476772246474238
6.0,1,0.0,0.0,0.0,0.0,0.0,0.012063513882120902
6.1000000000000005,1,0.0,0.0,0.0,0.0,0.0,0.010837931141969173
6.2,1,0.0,0.0,0.0,0.0,0.0,0.009868604291517672
6.300000000000001,1,0.0,0.0,0.0,0.0,0.0,0.009061630499656186
6.4,1,0.0,0.0,0.0,0.0,0.0,0.008180707973328935
6.5,1,0.0,0.0,0.0,0.0,0.0,0.007016641594807086
6.6000000000000005,1,0.0,0.0,0.0,0.0,0.0,0.005541971541623629
6.7,1,0.0,0.0,0.0,0.0,0.0,0.0038973241360283728
6.800000000000001,1,0.0,0.0,0.0,0.0,0.0,0.0022514855847538917
6.9,1,0.0,0.0,0.0,0.0,0.0,0.0006923440627831025
7.0,1,0.0,0.0,0.0,0.0,0.0,0.0
7.1000000000000005,1,0.0,0.0,0.0,0.0,0.0,0.0
7.2,1,0.0,0.0,0.0,0.0,0.0,0.0
7.300000000000001,1,0.0,0.0,0.0,0.0,0.0,0.0
7.4,1,0.0,0.0,0.0,0.0,0.0,0.0
7.5,1,0.0,0.0,0.0,0.0,0.0,0.0
7.6,1,0.0,0.0,0.0,0.0,0.0,0.0
7.7,1,0.0,0.0,0.0,0.0,0.0,0.0
7.800000000000001,1,0.0,0.0,0.0,0.0,0.0,0.0
7.9,1,0.0,0.0,0.0,0.0,0.0,0.0
8.0,1,0.0,0.0,0.0,0.0,0.0,0.0
8.1,1,0.0,0.0,0.0,0.0,0.0,0.0014997773198829204
8.200000000000001,1,0.0,0.0,0.0,0.0,0.006980600583565049,0.0051310556081008265
8.3,1,0.0011807838477936874,0.00047211435026478884,0.0,0.0,0.015207567434407054,0.00836593185604758
8.4,1,0.004044222088648381,0.0013450873497636519,0.0,0.0,0.02146588536764903,0.011113614417383406
8.5,1,0.006041510207744444,0.0018152472518080814,0.0,0.0,0.0258560025864436,0.013389265800158295
8.6,1,0.0072225895630243465,0.0020613246779603053,0.0,0.0,0.028958803363717166,0.015283578533806309
8.700000000000001,1,0.00787143318305449,0.002199263926909351,0.0,0.0,0.03131500370669631,0.016987916515023616
8.8,1,0.00849347992826463,0.002288349006791587,0.0,0.0,0.03315760117385364,0.018742103361674364
8.9,1,0.009511690567401676,0.0023682047752149886,0.0,0.0,0.03446397043084978,0.0206979138554463
9.0,1,0.01094533133364197,0.0024818894066408557,0.0,0.0,0.035140913197124674,0.022822421900180107
9.1,1,0.01241319724645278,0.002683311254485527,0.0,0.0,0.03515983727945966,0.024925444390917425
9.2,1,0.013493560556158522,0.003055386265098872,0.0,0.0,0.03459189116788295,0.02677911752624104
9.3,1,0.014071551207430172,0.0037599209900962254,0.0,0.0,0.03357404879671778,0.028244056787533556
9.4,1,0.014303492294061132,0.005117622424485355,0.0,0.0,0.03224576116027279,0.029327713921654532
9.5,1,0.01429050658742563,0.007682795284322886,0.0,0.0,0.030701514839381133,0.03014255768698796
9.6,1,0.01389958520525421,0.012378481661662532,0.0,0.002789950876479022,0.029006733804889627,0.030802578600005782
9.7,1,0.012942788313524259,0.020941636907355045,0.0,0.016584604264567013,0.027284583237862474,0.03134678110566706
9.8,1,0.011464667775297458,0.03696222529398838,0.0,0.028509887920923,0.025816061121299583,0.03174250332313018
9.9,1,0.009807293871462267,0.06716582091295549,0.0,0.037180284177971826,0.025048949603602665,0.03194066040890722
10.0,1,0.008447526519777464,0.12112428584320335,0.00433565488739897,0.0426833822639563,0.025438137742587234,0.0319246418183127
10.1,1,0.007866642209773109,0.2069286362109815,0.012808167268024808,0.04597380738948603,0.027186760758767893,0.03172404200208474
10.2,1,0.008646515602017523,0.3235130457080782,0.02172605946436779,0.04803022292268102,0.03009674686677119,0.03140166649090112
10.3,1,0.011718571376556082,0.45604268996267683,0.030496967410999547,0.04946169161069486,0.033646134893346474,0.031043173539706755
10.4,1,0.018467556834811386,0.5810248413740599,0.0387576104499184,0.050565006937816376,0.03718330936828119,0.030766384316716085
10.5,1,0.030543488890021498,0.6788318743950416,0.04619507938211683,0.05148912251857704,0.04009920168742857,0.030713802394282223
10.6,1,0.04965754590390342,0.7431239498346646,0.05235053132543128,0.05231327977399823,0.04198860181194739,0.030978329635966292
10.7,1,0.07742708947512356,0.7800609737728441,0.056802100498688876,0.05306377269473248,0.04280481325457056,0.031512048238505064
10.8,1,0.11448017542129098,0.800527706756438,0.059485267626500526,0.053732806884945895,0.04285835607087111,0.03214355845029861
10.9,1,0.15858712180218326,0.8132806247252965,0.060726119859399824,0.054306260977984896,0.042571977244042616,0.032706171391141216
11.0,1,0.2038827533955455,0.8229281973693277,0.06102073670264931,0.054781887782005434,0.04218973129439061,0.033112764981058786
11.1,1,0.24329295792466998,0.8311949286686138,0.06085238088176021,0.055172377938187536,0.04171620789788299,0.03329084394942946
11.2,1,0.27248655776636593,0.8385958003584473,0.06062636289524799,0.05549976171628054,0.04108437169276765,0.03310907937239476
11.3,1,0.29145665732732823,0.8452903276665085,0.06061175729425294,0.05578630500804043,0.04031004053835208,0.03243352017266613
11.4,1,0.30281584071132317,0.8513368265708124,0.060872609480286374,0.05604247512228772,0.039499397214885004,0.03125137316698874
11.5,1,0.30941173942324646,0.8567677782996277,0.06129722977649926,0.056247702527682214,0.038806801376478885,0.029718064992041507
11.6,1,0.31332223306748097,0.8616258648847932,0.06174880320085029,0.056306382207940445,0.03843074886418609,0.02810913631640594
11.7,1,0.31591039870045545,0.8659662480479795,0.06218941546451819,0.055945761654746386,0.03856549975350728,0.02675601605600047
11.8,1,0.3179957216547963,0.8698451036729243,0.06264686521602286,0.05455180096758741,0.039244820455825356,0.025981124916957924
11.9,1,0.31995944854389236,0.873312379643171,0.0630885501105098,0.05107086909906686,0.04022116622992639,0.02598321886051638
12.0,1,0.32192645569992934,0.876384848750367,0.0633523821649938,0.0442531668680431,0.0410581604955774,0.026709052266351833
12.1,1,0.3239364256466578,0.8789519085529982,0.06315135063549786,0.0333952277012185,0.0413837868912554,0.02785131408488052
12.2,1,0.3259656218865208,0.8805339971114869,0.062038612235920415,0.019196516498324333,0.04108286231263436,0.029030629733615018
12.3,1,0.32789511370387014,0.8796927427570133,0.05930226682954545,0.0038828431157673527,0.04029546897532349,0.030027363902476005
12.4,1,0.3296180408465264,0.8728284056336469,0.05399946102321263,0.0,0.039266906147984657,0.030884167162114163
12.5,1,0.33130539239622897,0.8526825738306583,0.045421229540240735,0.0,0.038185895827626624,0.03184191712527982
12.6,1,0.3337443229781034,0.8083507602338773,0.03385203920345616,0.0,0.03712528352497209,0.033187642761208905
12.7,1,0.3388230884237201,0.729357186583637,0.020858981060200357,0.0,0.0360907910620139,0.03508468898138353
12.8,1,0.35027016435453057,0.6136101499606331,0.008554979971255587,0.0,0.03508703807922644,0.0374447202441857
12.9,1,0.37400468701762624,0.4736006590493563,0.0,0.0,0.03413568752173743,0.039928721754172
13.0,1,0.41638513474671596,0.33362076855974354,0.0,0.0,0.03326857300110354,0.042106532930914625
13.1,1,0.47953375182996477,0.2178207792047234,0.0,0.0,0.03252808141297516,0.043662577167223875
13.2,1,0.5567776173060334,0.13829334351843375,0.0,0.0,0.031955400661344065,0.044493420099301795
13.3,1,0.6336987343856447,0.09253066645050344,0.0,0.0,0.03155808775717582,0.04467422779235396
13.4,1,0.6959210465038242,0.06999218737174395,0.0,0.0,0.03131130823733885,0.04440719805956787
13.5,1,0.7372054281732896,0.060063063657045265,0.0,0.0,0.03122380870223134,0.04401754256726355
13.6,1,0.7607005200173215,0.05576236138111232,0.0,0.0,0.03138467870703045,0.0439021926997737
13.7,1,0.7736943020710644,0.05355412168521531,0.0,0.0,0.03189057895908692,0.04433949332542792
13.8,1,0.7820680926911255,0.051980612279281295,0.0,0.0,0.03271077540131869,0.04529126784128662
13.9,1,0.7885932156516402,0.050595120022766074,0.0,0.0,0.03365504710275236,0.04643683968542296
14.0,1,0.7940961577998972,0.04933218140188199,0.0,0.0,0.03448726116205902,0.047446760308419496
14.1,1,0.7988557613407237,0.048183115342998704,0.0,0.0,0.03505972545930025,0.04821724945798549
14.2,1,0.8031545361476797,0.04710347027053087,0.0,0.0,0.03536193521109884,0.04883274634846003
14.3,1,0.8072739762824847,0.046045842700526335,0.0,0.0,0.035482565802351415,0.0493436233909426
14.4,1,0.8113516713372282,0.04500457450885462,0.0,0.0,0.03551055225518052,0.049642640467830276
14.5,1,0.81529832355591,0.04401581401550025,0.0,0.0,0.03542974047673286,0.049575606487314024
14.6,1,0.8188878504940754,0.04312528719027631,0.0,0.0,0.035126894466144004,0.04913032635445611
14.7,1,0.8219931756015328,0.04234717453132171,0.0,0.0,0.034546785679762215,0.048472377634346746
14.8,1,0.8247424580189013,0.04162676698048505,0.0,0.0,0.033816640964429885,0.04779727244169618
14.9,1,0.827383229252174,0.04082114311177665,0.0,0.006093560871194473,0.033169124041167806,0.047157862207722036
15.0,1,0.8299056754131257,0.039717231571520996,0.0,0.018792138035023154,0.03275850536431602,0.046399284888010164
15.1,1,0.8316426439864756,0.038093120649620796,0.0,0.029200193121264924,0.032586216362095924,0.04521978078450088
15.2,1,0.8308274997415191,0.03579721470565211,0.0,0.03655851068915413,0.032573093115764264,0.04333448609140259
15.3,1,0.8237407363065942,0.0327996874854283,0.0,0.04148968821559839,0.03264957597917718,0.04068538371021477
15.4,1,0.80350931611835,0.029188712215349702,0.0,0.045124241576472574,0.032788596565680006,0.037559470444330695
15.5,1,0.7601679816029924,0.02512962320516148,0.0,0.04826837811655,0.033013522560760414,0.0344921916480808
15.6,1,0.6844612627343413,0.020831398069718062,0.0,0.05123454305009276,0.03340959050623624,0.03200854279712333
15.7,1,0.5752121310794611,0.01654029747745578,0.0,0.05412474247774019,0.03412254756524863,0.030394144507400616
15.8,1,0.44479308845619747,0.01253434339014003,0.0,0.05702220645519615,0.03533740447504732,0.029626282084163087
15.9,1,0.3159289477765973,0.00908264013054542,0.0,0.059930622720990284,0.03723351424422096,0.029436231497957013
16.0,1,0.21016372381007759,0.006373160896226651,0.001324565554821034,0.06271758084101976,0.039872279039567415,0.029416530332943145
16.1,1,0.13717116383054537,0.004453861896913358,0.005451040247186738,0.06522429971089122,0.043020905286190216,0.029144225763593372
16.2,1,0.09347279335932153,0.0032287234764777355,0.008564038056427777,0.06740273217847678,0.046079626096504935,0.028319541703376028
16.3,1,0.06937457922801664,0.002509768520377967,0.010854522255965412,0.06932342661369498,0.04829935716835652,0.026862700496610464
16.400000000000002,1,0.056196927335260626,0.002090639231296701,0.013822056523061132,0.0710856155668031,0.049201498867125555,0.02488689250646188
16.5,1,0.048766073976274076,0.0018040725399833895,0.021177591420857005,0.07273901441043623,0.04885215402106576,0.022560632818553934
16.6,1,0.04434068266070378,0.0015463585526989854,0.03967568767106847,0.07427530657535403,0.04775681585026539,0.0199853456989835
16.7,1,0.04115993001311455,0.001272998140787686,0.07848387066403448,0.0757108533035847,0.04650028492962548,0.01719357165531703
16.8,1,0.03806059769509193,0.0009786454290517147,0.14575402723214984,0.0773356273336101,0.04544754316620911,0.01424175596683219
16.900000000000002,1,0.03494229605571649,0.0006738995323044647,0.24327659439582172,0.08030541639740427,0.044686476831188406,0.011287770966667793
17.0,1,0.03350196534173194,0.00036792254213225523,0.36280541087649615,0.0877775417773421,0.04413744727261201,0.008586444475713774
17.1,1,0.03773989454513873,6.117121706279856e-05,0.487580790603154,0.10629536091474183,0.04365375022582393,0.006425593444614833
17.2,1,0.053545881329964684,0.0,0.5990075498737535,0.14577674900032167,0.04305652569449845,0.0050517915166708935
17.3,1,0.08646449272705957,0.0,0.6844731265016845,0.21566380068801544,0.04218619206194906,0.0046028539419190224
17.400000000000002,1,0.137750008178165,0.0,0.741467929662203,0.317459950432784,0.04100053329133522,0.005051433097897121
17.5,1,0.20134740238651688,0.0,0.7760161758863791,0.43935177725944363,0.03960900913082275,0.006188299131735212
17.6,1,0.2653997721080796,0.0,0.7974181149311296,0.5597470494312433,0.03816807146449418,0.007675940262892662
17.7,1,0.3183142324783391,0.0,0.813275704867392,0.6588099467189013,0.03675063256410709,0.009162578140275148
17.8,1,0.35457797299779215,0.0,0.8275164687429502,0.7283644906715704,0.035352643920465825,0.010412685739965257
17.900000000000002,1,0.37572756760071857,0.0,0.841264236272249,0.772260895150485,0.034016922707243574,0.011414408613683733
18.0,1,0.3869585798886461,0.0,0.8545981823626525,0.7993593598390908,0.032886128706177103,0.012436813390419191
18.1,1,0.3933178185640654,0.00040551191770551114,0.8675771114291752,0.8170217648509247,0.032074744588175226,0.01398790755329642
18.2,1,0.3980331077042495,0.002900166408862662,0.8802973798294982,0.8293299218914445,0.03148028606944721,0.016597314605794097
18.3,1,0.40259528656196286,0.0074483879230131285,0.8926401554623011,0.8383116805976557,0.030742294268494934,0.020441100394687873
18.4,1,0.40730748508020087,0.015470070110974291,0.9042611757893432,0.845149967535955,0.029402336302425853,0.02506174609879237
18.5,1,0.41179580393480086,0.029655506953857463,0.9148400338889886,0.8505049481055806,0.027138922744030354,0.029509857884187113
18.6,1,0.4155198546394975,0.054466733716237024,0.9243006093282194,0.8545980219436266,0.02394278204757245,0.032884607467803605
18.7,1,0.41818816320571756,0.09507311603769365,0.932806000093313,0.8574885910154896,0.02017049454328082,0.03482122003633072
18.8,1,0.41987402684768044,0.15376272923673265,0.9405595850571614,0.8593629890024145,0.016440108428720842,0.035529337383509094
18.9,1,0.42085129306254043,0.22581860056357095,0.9475100006868238,0.8605893461321372,0.013383225179869476,0.03544993999160516
19.0,1,0.42137961669617885,0.2995102773226229,0.9529128963092228,0.861572185398589,0.011392592847404442,0.03489583888270865
19.1,1,0.4216111955852616,0.3620216598234697,0.9545780500311062,0.8626002733553071,0.010532662388567805,0.03393069707322564
19.200000000000003,1,0.42160444541513264,0.4065108416439045,0.9478559192909544,0.8637946630316539,0.010615412862957778,0.0324833166410715
19.3,1,0.4213405925075184,0.43399407594254946,0.9250667183622002,0.8650967402310901,0.011301695316260376,0.030549406470026616
19.4,1,0.4206587611858548,0.4497126923614665,0.876639496853605,0.8661130450640393,0.012166765771995268,0.028322639172373525
19.5,1,0.41901258370639943,0.458755215402993,0.7947951233575902,0.8655405417187807,0.012804861076634672,0.026165450245174665
19.6,1,0.4148966739156937,0.46431948405788614,0.67880541619499,0.8599262192252779,0.01299846670273896,0.024447064202275635
19.700000000000003,1,0.4050269336988528,0.46808709508228996,0.5387623389914273,0.8421523442236307,0.012823383318663032,0.023373455841353686
19.8,1,0.3841334386388358,0.470932844861599,0.3944060455614284,0.8014401641390883,0.01256218827621378,0.02292678288915054
19.9,1,0.34680319357313444,0.47328329858709556,0.26813392354524607,0.7273599396549567,0.012497237092824997,0.02293003805380534
20.0,1,0.29156265608160725,0.4752961795955633,0.17565909561318088,0.6176630153415374,0.012801722779393138,0.023158798558120676
20.1,1,0.22436220853250224,0.4770225810505259,0.12029349476754667,0.4842708895709606,0.01361926527441077,0.023411022010528942
20.200000000000003,1,0.15740171049554214,0.47850834616038224,0.09442693848553034,0.35018386444463157,0.015148315465062536,0.02351117807004124
20.3,1,0.10292470037368939,0.4798042593965374,0.08608935047401187,0.23759841606386983,0.01751407079432262,0.023308742345372647
20.4,1,0.06690075709531,0.4809400603850019,0.08515315799660139,0.1570476931618617,0.020521968379746132,0.022741226153278043
20.5,1,0.04766715898624204,0.4819213293324447,0.08570099797196615,0.10623818751736935,0.023622419355019457,0.021934569709178738
20.6,1,0.0393285811370305,0.4827445022726385,0.08518605362761998,0.0765948290488873,0.026206212209370146,0.021262412928872484
20.700000000000003,1,0.03589620553389645,0.48338140167072147,0.08286717153360233,0.05959030838903609,0.027960344837170283,0.02139033398690754
20.8,1,0.03348506472923109,0.4836769301180232,0.07906231076338381,0.04913410813322764,0.028965330737777798,0.023450672066248273
20.9,1,0.030773546678366986,0.4830754957174631,0.07511191590015645,0.041694824803591414,0.029523422357140606,0.029276513335419967
21.0,1,0.028575110481327288,0.48003080019768096,0.07310877522249354,0.03597605494369491,0.029938794384315084,0.04110100501888634
21.1,1,0.028672905730352388,0.4711259587025644,0.07478334291333147,0.03214595160404694,0.030404090099783333,0.06015480835891501
21.200000000000003,1,0.03219486977253396,0.45066936126221596,0.08007869323682254,0.03061702605753486,0.030982689256723903,0.08489741930428672
21.3,1,0.038537939071751036,0.41236090540576464,0.0867776284933337,0.031164042674542324,0.031634538340763976,0.11088696763457463
21.4,1,0.04570270804288739,0.3536448076964295,0.09184216543296209,0.03290912502414606,0.03227297578322907,0.1331370480794738
21.5,1,0.05168058224517146,0.2798925000348888,0.09338636303823593,0.03486363724427703,0.03282970505556923,0.14898830014849018
21.6,1,0.0555832933979926,0.20358670915142418,0.0915355518086845,0.03640587554765209,0.033274561493612395,0.15888778443774682
21.700000000000003,1,0.05765853786935082,0.13775115267016358,0.08770495451806858,0.03736840632367401,0.03358466444551206,0.1649310579766906
21.8,1,0.05856681512726579,0.08928130064253732,0.08335916490390777,0.03779783402047871,0.03372095368167364,0.16907972194020873
21.9,1,0.05879332163299775,0.05776994360439423,0.07935985056771039,0.03764440091956711,0.03362682239396214,0.17243303497478113
22.0,1,0.05857049616230706,0.03895243084081209,0.07601027049151295,0.036638215717573655,0.03319966586244669,0.17542504748048401
22.1,1,0.05814804170138376,0.028189899721987984,0.07330519713440943,0.03443623846581864,0.03225383238393492,0.17823727982624854
22.200000000000003,1,0.05818208269315565,0.021872371407272554,0.0711091972012144,0.030897789072555634,0.030586979921793503,0.18101303799455717
22.3,1,0.06011153329472775,0.01765802743429531,0.06930650350607384,0.026265102829738842,0.0281738472148805,0.18386644143899689
22.4,1,0.06626396243508867,0.014470225025577491,0.06792021831192775,0.021146536718180373,0.025313012224861146,0.1868399643255561
22.5,1,0.07917019653625346,0.012231884336385265,0.06709075875723565,0.016380583467656615,0.02252037350240726,0.18987294371713523
22.6,1,0.0998520670443785,0.01132024619139771,0.06691799732006881,0.012919837163242753,0.020196286105570217,0.19278131961566478
22.700000000000003,1,0.12617017760442162,0.012139106555294118,0.06731833105398623,0.011751982031127463,0.018364513587284297,0.19531875175835206
22.8,1,0.15326805346559585,0.015228114060237732,0.06803268633007366,0.013707384689843642,0.016756873982858845,0.19734222042798052
22.9,1,0.17653859640170882,0.02200454926805909,0.06881161063082289,0.019065457451799106,0.01515980596616858,0.19892286831974862
23.0,1,0.1946261115926725,0.03561967856980276,0.06972321805110158,0.02721284977779689,0.013653956924476933,0.20025446665249869
23.1,1,0.20974835201736713,0.060687543482965574,0.07153379747724682,0.03680934367043065,0.012529911812830363,0.2014319017734023
23.200000000000003,1,0.22541251352123384,0.10075221072543958,0.07621961634627257,0.04662562203768537,0.012032415579344308,0.20225907003561863
23.3,1,0.24365208774719593,0.15442126569149217,0.08763715595806769,0.0566654343023295,0.01219177108355262,0.20210220794558983
23.4,1,0.2636629288344963,0.21376949968262543,0.11165314721495312,0.06901282415864925,0.012813991558426186,0.1997277504474852
23.5,1,0.282578068905719,0.2677767463365881,0.15412947255442816,0.08805932093031794,0.013559425824145972,0.1933195067679859
23.6,1,0.2976765730241369,0.3084992746591244,0.2163280892413905,0.11957906333628916,0.01406275615566575,0.18117823205367062
23.700000000000003,1,0.3081214261534434,0.33448835451585307,0.29107302196468315,0.16779877899507328,0.014075716678875628,0.1631689825033527
23.8,1,0.314950781098754,0.3491646003242183,0.3645876298363419,0.23118290580669626,0.013569030861884317,0.14177458038590887
23.9,1,0.3199590328215249,0.35702155593470913,0.4239847463533233,0.3007259393605857,0.012712212452220968,0.12129060698073026
24.0,1,0.324728549623002,0.3613012150761797,0.46397947990055033,0.3640146910610105,0.01173682532112479,0.10542197579610385
24.1,1,0.3301574887249134,0.3638144317816016,0.48727617616441765,0.4124150946040808,0.01078985822306144,0.09538694047696787
24.200000000000003,1,0.33628525142257704,0.36553586302361296,0.5000114164940279,0.44481180389185,0.009863848714691124,0.09000257146974451
24.3,1,0.3424731801416454,0.3669840293743556,0.507449824584433,0.4653208822136786,0.008806902831992128,0.08703758764478264
24.4,1,0.34798633932902623,0.368354421580636,0.5126221480636936,0.4787465305771975,0.0074170811351085145,0.08429556429051388
24.5,1,0.35263571831390594,0.36963628995488035,0.5169007109428683,0.48817878374727786,0.005634868376625564,0.07995761712446947
24.6,1,0.3571488787940299,0.3707527278963531,0.5207743369102048,0.4951930756879635,0.003718120441110251,0.07279918026132842
24.700000000000003,1,0.3631647107077544,0.3716544706541419,0.5242532597188059,0.5007194789002186,0.002195344803059932,0.0627081528828418
24.8,1,0.3726062656040561,0.3723436707175093,0.5271150668858183,0.5054029451430854,0.0016007417915268956,0.051002309820883024
24.9,1,0.38630711437512133,0.3728610041349149,0.5291616055513083,0.5095797808086011,0.002280722577504747,0.03982287512996964
25.0,1,0.4028322839820873,0.37326385456545974,0.5304115066757299,0.5132903454679781,0.004468469959943225,0.030885896047694227
25.1,1,0.41900489958270615,0.37358939886802645,0.5311154222849154,0.51645024435401,0.008412019252433997,0.024715978086082488
25.200000000000003,1,0.4320197188528856,0.37378145612982305,0.5316108550331382,0.5190513071223527,0.014214387298022848,0.020878757767144332
25.3,1,0.44097116108996326,0.3735434169684854,0.5321543079458807,0.5212337056070757,0.021459555059000643,0.018629629920469817
25.4,1,0.44637018562921876,0.37201996959438904,0.5328512119293272,0.5232189375759654,0.02909937926509889,0.017313821502686438
25.5,1,0.44876637118151835,0.36721449486435476,0.5336594448808958,0.5252132348612131,0.035860998878895094,0.01647035090627076
25.6,1,0.4481542499356251,0.3554306263136682,0.5343273256332587,0.5273166536411961,0.04085822141152226,0.015858280885926522
25.700000000000003,1,0.4443160917784698,0.33176765545169284,0.5341584561271076,0.5293762938156037,0.04389632763434411,0.015457008298682257
25.8,1,0.43745410353310304,0.2927081477892709,0.5316161681143068,0.5307631927266476,0.04532264379218035,0.015373356980274715
25.9,1,0.4287321705195306,0.23979465137224676,0.5240686146488125,0.5300268885093993,0.045679140677184496,0.015682779908774442
26.0,1,0.42027535487980056,0.18087739275243317,0.5085260042563534,0.5243117414859366,0.04545099553117632,0.016357157791806527
26.1,1,0.4142595972168394,0.12655834331210356,0.4839669200946556,0.5088910451727485,0.044992628282833264,0.017359201589936746
26.200000000000003,1,0.4117082250188742,0.08443151428792935,0.4537319869017977,0.47816695199935944,0.044554254680487564,0.018749256451258307
26.3,1,0.4120900607171257,0.05624264195839869,0.4248691149578242,0.42918398334788666,0.04432641965053935,0.02059992079493006
26.4,1,0.41389963287942355,0.03947333407917129,0.40391856992867714,0.3657474121246217,0.04449978709945797,0.022791405835052396
26.5,1,0.4155129087803123,0.03035557895160114,0.39304706038681164,0.2986567848414817,0.04544300945948647,0.02496710177220942
26.6,1,0.41578081375998743,0.025562639851342713,0.3901279240737358,0.24026145290675172,0.04813667244081072,0.026738995002199298
26.700000000000003,1,0.41428691384953353,0.022608790404127384,0.3915838676648468,0.19773873582314383,0.05482791798785471,0.027928837161387946
26.8,1,0.4113343907447979,0.019944873069861094,0.3945516269315588,0.17099908247935786,0.06930660546510958,0.028624555810591822
26.9,1,0.40784078970408716,0.01697545440540562,0.3972644071157079,0.1557148518449094,0.09564977093898089,0.029055119704750026
27.0,1,0.4054139530046966,0.013822987511279907,0.3988081316922162,0.1472247360522251,0.13509113113529161,0.02942795419180186
27.1,1,0.4065337109585166,0.010919173352073257,0.3990450645237848,0.14224885177358154,0.18323850089082797,0.02984607662691504
27.200000000000003,1,0.4142187653792439,0.008665428562052732,0.3984964164388287,0.13878558925180623,0.23111201547203689,0.03032683264242152
27.3,1,0.4306584707145681,0.0072696656148852744,0.3979560283257966,0.13560241079132618,0.2701925762575122,0.03085972858601296
27.4,1,0.45534617686567164,0.006713829899477443,0.3980224391755142,0.13182339424828862,0.29703309499900876,0.03142838913978955
27.5,1,0.4843834457689967,0.00678198050639973,0.39883492602631576,0.12649864838837932,0.31345461640359973,0.03199245498015073
27.6,1,0.5121762337064034,0.007137573049285055,0.400108872799862,0.11827060422284681,0.32336033995125063,0.03248167426127426
27.700000000000003,1,0.5344627414115017,0.0074464690884733535,0.4013510564409048,0.10566445853515277,0.3299111506442253,0.03282781071459347
27.8,1,0.5500656087084116,0.007498860635309458,0.4020597942398433,0.08823979450595071,0.3348081349250109,0.03301518314167064
27.9,1,0.5601670512358695,0.007263733799787546,0.4018072707544751,0.06767759948709047,0.3387800724105027,0.033123036173170035
28.0,1,0.5664818340083193,0.006850380654815922,0.4002822832345917,0.04734321403383841,0.3420835788965622,0.0333252200673977
28.1,1,0.5702020851731712,0.006424350913191577,0.3974030069580768,0.030344052213047777,0.34475623740147254,0.03380513604866874
28.200000000000003,1,0.5720313290158628,0.006160753883611041,0.39333492851366486,0.017939656987940002,0.3467858367193173,0.034601906777312556
28.3,1,0.5725032082550239,0.006267067307308755,0.3880151728405729,0.009652641687924528,0.34823952565236976,0.03551071725459708
28.4,1,0.5720606617998751,0.006999833242658101,0.3801002528884642,0.00436126880039432,0.3492926832494788,0.03617299309324606
28.5,1,0.5709844962234776,0.008560104600860558,0.3660411195402036,0.0010287743377440145,0.35016117695687826,0.03631780043589826
28.6,1,0.569382338068149,0.010888213597968903,0.3406326554236673,0.0,0.35101203179473983,0.03592533453941847
28.700000000000003,1,0.5672719287384461,0.013569284605075149,0.300006087449596,0.0,0.3519202950594156,0.0351618538141173
28.8,1,0.5646918773993903,0.016017712149909803,0.24578580723998558,0.0,0.35288160400203433,0.034213573905445924
28.9,1,0.5617885964991892,0.017811065513336242,0.18650727892080596,0.0,0.35383213789286017,0.03322433221274527
29.0,1,0.5588490369243323,0.01887010406522249,0.13356242334700677,0.0,0.35458084281113095,0.032327574343807626
29.1,1,0.5562426522140432,0.019363043493255763,0.09450142112021442,0.0,0.3545213154831971,0.03162601271643354
29.200000000000003,1,0.5542539130734162,0.019489213036168188,0.06980282231249439,0.0,0.35201989580267423,0.031107612830694374
29.3,1,0.5528413470951872,0.01934957500356455,0.05529532187811593,0.0,0.3437006918803233,0.030629779578190918
29.4,1,0.5513506749829589,0.01896870983150221,0.046519434838944676,0.0,0.32454261146634,0.03002331495214989
29.5,1,0.5480619769317568,0.018393472018132868,0.04090083517586854,0.0,0.29002149476135497,0.02920966805804882
29.6,1,0.5394936716448799,0.017753584388482187,0.03743682592232004,0.0,0.2399867346518852,0.028215391866519515
29.700000000000003,1,0.5201121546394558,0.017223981706620598,0.03581363532267707,0.0,0.18110111109434845,0.027095850780440054
29.8,1,0.484128045337963,0.016928342008450618,0.03603877896228796,0.0,0.12444897507481255,0.02587789738524467
29.9,1,0.43019580511085614,0.016878419882467972,0.03832837039387315,0.0,0.07944202354190957,0.024589129576656873
30.0,1,0.3658293580076561,0.016999152252087844,0.04275368340631681,0.0,0.049366427895810104,0.023316388898545773
30.1,1,0.30565717205184617,0.017198790463207065,0.048710847846946834,0.0,0.03189729449242695,0.02219284788718372
30.200000000000003,1,0.2625817117850754,0.01740953289751243,0.05476704286276058,0.0,0.022553766323115728,0.021311037698981614
30.3,1,0.23967592911756444,0.017575546790347094,0.05924209543886685,0.0022586725193715616,0.017453400557032133,0.020651128573794697
30.4,1,0.2307854379383351,0.01762945642105002,0.06112457870106683,0.00895998065170037,0.014207348104980871,0.020069623666916888
30.5,1,0.22778630026579683,0.01750005100870781,0.06051562349303648,0.013845368379439863,0.011756196610572296,0.019311568267079374
30.6,1,0.22611492229366684,0.017144087779587803,0.058274402809292684,0.016587553718349798,0.009869687050241141,0.018038161030980552
30.700000000000003,1,0.22485857155566896,0.016559699106927388,0.05531335516748762,0.017673568781940763,0.008598086631891282,0.015942523528296938
30.8,1,0.22439128597921942,0.01575461684540235,0.052182209990642964,0.017846642752709585,0.007919257402700991,0.01296955916114292
30.9,1,0.22492060501454872,0.014697810665426227,0.04914568992963848,0.017683910424407992,0.007704412655032046,0.009459435775418735
31.0,1,0.22628457360288512,0.013329734143160405,0.04649700577533358,0.017494551172166733,0.007845369430286764,0.005998531193962954
31.1,1,0.22809106154941236,0.011664842937275304,0.04480634941250898,0.01739960395689062,0.00831147911918124,0.003072801845152463
31.200000000000003,1,0.2298630556488644,0.00989010526479257,0.04511454885183688,0.017424903407439785,0.00905721681229887,0.0008927506793233692
31.3,1,0.2312328356672761,0.008315971733906568,0.049370520576082856,0.01755313299153835,0.009883407651090857,0.0
31.4,1,0.232102138204267,0.007192670465292964,0.061166975215567715,0.01775880112973622,0.010401300903487686,0.0
31.5,1,0.23262999954404268,0.006573035298601236,0.08581000215816109,0.018042575853586963,0.010165671248435931,0.0
31.6,1,0.23307066227483003,0.0063379526954326,0.1280751979880248,0.018438775657237044,0.008917460270583802,0.00018269980489154676
31.700000000000003,1,0.23360517208949308,0.00630931615558871,0.18778580632463993,0.018970895166771504,0.006791654450121709,0.0011033392432077246
31.8,1,0.23426692343671904,0.006324152749071553,0.25697576350260937,0.01959423876102671,0.0043324129341733115,0.001866337384850381
31.9,1,0.23496935873501332,0.006240721287397846,0.3227635466333662,0.02020404532680588,0.0022460131842522487,0.0025289118738074023
32.0,1,0.2355813174929166,0.005924286285505929,0.3746031450905005,0.02071433350560686,0.0010323673766695198,0.0033230169021927986
32.1,1,0.23594687351807508,0.0052580925003931885,0.40950960663661373,0.021109414758202258,0.0007798442318004125,0.004436802970430259
32.2,1,0.2357292608634826,0.004190318321172243,0.4311382920106865,0.021398313849686386,0.0012519307867403843,0.005861717800360678
32.300000000000004,1,0.23402816382498237,0.0027891209522321234,0.44509249126357464,0.02152517525190384,0.0021071507262028243,0.007377054572774406
32.4,1,0.22894229637445734,0.0012507348103530968,0.45531681587141043,0.02131712719532211,0.0030538002077375027,0.008691035416853444
32.5,1,0.21764541119112618,0.0,0.4634786032876321,0.020484312017649508,0.003915439617586265,0.009659775247161707
32.6,1,0.19769158302545659,0.0,0.4699996634949427,0.01869679219208136,0.004659849672350617,0.010415959862062975
32.7,1,0.16930012895198818,0.0,0.4750391920606791,0.01580624613457887,0.00539480060307809,0.01129102212456234
32.800000000000004,1,0.1366642964721159,0.0,0.4788782322913872,0.012135148402696746,0.006314511476958903,0.012583377075571762
32.9,1,0.10632092351856984,0.0,0.4818943636292413,0.008531049688389351,0.0075979113339679945,0.014366095872878534
33.0,1,0.08343790630417575,0.0,0.484403020870921,0.00599078806205292,0.009282189236258998,0.016501090522440733
33.1,1,0.06927124758039914,0.0,0.4865439575416085,0.005094055319515325,0.011184995282516897,0.018809895702239055
33.2,1,0.06166039102096082,0.0,0.4882981757774204,0.005707101864517334,0.012966926030923368,0.02116966447837419
33.300000000000004,1,0.05728312369050404,0.0,0.4896148507726283,0.007159786359518021,0.014326761398300329,0.023430498420416952
33.4,1,0.05351716724065691,0.0,0.4905409990795682,0.00869851185545538,0.015185595642822356,0.025335024907681487
33.5,1,0.049158992913601776,0.0,0.49123788959281445,0.00985639067606192,0.015718531232137883,0.026626384359299385
33.6,1,0.04432453304888592,0.0,0.4918344457998165,0.010525921800921087,0.016238487832492442,0.02724412881994005
33.7,1,0.039866053198177834,0.0,0.4921153852028375,0.01079853414461694,0.01704041248064039,0.027374185272473407
33.800000000000004,1,0.03657841254266251,0.0,0.49099579610819344,0.01078518185860186,0.01828537611052253,0.0273110286658062
33.9,1,0.034624464905877304,0.0,0.4857249120164037,0.010538569838257603,0.019960631802611335,0.02729237312479316
34.0,1,0.033482972017443664,0.0,0.47120455515288767,0.010042315780031731,0.021948220719815816,0.027432738090215087
34.1,1,0.03231165597196075,0.0,0.4407136243756914,0.009223188422939265,0.024152116061414992,0.027741426002975498
34.2,1,0.03040510137335389,0.0,0.3894270411528494,0.008015477509878315,0.026524380362549803,0.028161286415163758
34.300000000000004,1,0.027511390685792482,0.0,0.3196644509226557,0.0064727490155873256,0.028943477528288256,0.02860039751624727
34.4,1,0.02387786144665464,0.0,0.24320362844558518,0.004812512595083397,0.03114233152904481,0.028950896864208677
34.5,1,0.019978775080323717,0.0,0.1764923362786854,0.0033075012115507353,0.03285692473511834,0.029093957312623868
34.6,1,0.016113147906971877,0.0,0.1312031612349933,0.002118577259356168,0.034065915790792795,0.02891800977458302
34.7,1,0.012271621616265044,0.0,0.1082412817488337,0.001240489585379223,0.03505708635280337,0.02838207681521669
34.800000000000004,1,0.008471492072173938,0.0,0.10008896418443146,0.0005878077996428741,0.036249507738035,0.027583707329979928
34.9,1,0.005236075268260384,0.0,0.09786901110980606,0.00010251032071867303,0.037931706965182214,0.026731512053682
35.0,1,0.0036251162712893806,0.0,0.09629040366107508,0.0,0.04011446515091899,0.025994102044663424
35.1,1,0.004581158735401406,0.00013492616611557757,0.09396978755726135,0.0,0.04258036550076089,0.02533669457274227
35.2,1,0.008072851157843512,0.0005145172079315072,0.0913758129927219,8.705494042578337e-05,0.045054404974625165,0.024500171340051027
35.300000000000004,1,0.01286580825868485,0.0009174303703975606,0.08909183816610337,0.0008649792336498795,0.04734037509405527,0.023174783536162077
35.4,1,0.01724185455003481,0.0013418069547645262,0.08720882722407124,0.00195421584334784,0.04934249834549055,0.02124820789514481
35.5,1,0.02006786135924972,0.0017539448512539364,0.08546723737268644,0.002944401946660485,0.05101869134752861,0.0189075320415831
35.6,1,0.021319331023464273,0.002126007047822022,0.08365367270149603,0.003304789441826251,0.05233242947632152,0.016497203976216936
35.7,1,0.0217768952544861,0.0024418556999130088,0.08194025047919491,0.002729878718529785,0.05321704814149036,0.014300716212366638
35.800000000000004,1,0.02234139038063456,0.0026825160134717847,0.08108127188954897,0.0013710559068114163,0.05356958200741275,0.01247261855584135
35.9,1,0.02353430737673571,0.0028303274996845477,0.08260453548322393,0.0,0.053319037841629356,0.011102958769766809
36.0,1,0.025387212038964446,0.002890283959717074,0.0890798171413616,0.0,0.05254130509341015,0.010242585752560361
36.1,1,0.0275910815620339,0.0028953141020766565,0.10406440154728201,0.0,0.05148612630879834,0.009874831338234117
36.2,1,0.029719531984522637,0.002887220274721615,0.131045972458291,0.0,0.050443267410003184,0.009948950193493107
36.3,1,0.03142600928309982,0.0028973610016209904,0.17144562451476308,0.0,0.04956677698558445,0.010457767833626758
36.4,1,0.03255856243937685,0.0029442886316309288,0.22303311581801163,0.0,0.04881600739136436,0.011430018242486335
36.5,1,0.03314767237115765,0.0030400987780108066,0.280226495312721,0.0,0.04801123580577647,0.012833527609301221
36.6,1,0.03328656499044067,0.0031880103073187787,0.33615404660828874,0.0,0.04691505652779037,0.014514089702403728
36.7,1,0.032995345495876724,0.003367096640241942,0.3849224320030519,0.0,0.04533214023853429,0.016224045605101156
36.8,1,0.032159914912509455,0.003522992792662819,0.422924707621657,0.0,0.04324403658466508,0.01769245978653108
36.9,1,0.0305728522494051,0.00358718811600949,0.44921870215815235,0.0,0.04088563101224048,0.018715453153786712
37.0,1,0.028028503927632405,0.003515363540512357,0.46528166465031484,0.0,0.03864571580707093,0.01926706815539287
37.1,1,0.024406799917945327,0.0033072409171097353,0.47414776004889375,0.0,0.036835171199205916,0.019543215113362038
37.2,1,0.0197497429039905,0.002994264993667124,0.47920758663623764,0.004156273818307379,0.03550718440663495,0.019835176069933576
37.3,1,0.014365952158515763,0.002620543107122887,0.48335347130548334,0.009032052403838033,0.03445916254577443,0.02031326853763638
37.4,1,0.008884622474021397,0.002233517694863996,0.4887368513941607,0.013486802414937434,0.03338729352117544,0.02094270257074231
37.5,1,0.004109488355386346,0.001872338110018182,0.49670426550021396,0.016792066025299403,0.032073714773387725,0.02160324833491611
37.6,1,0.000706709012270232,0.001552931869198462,0.5075732453710406,0.018862784744079195,0.030497190183036274,0.022238756394336215
37.7,1,0.0,0.0012701291916274527,0.5205434742356466,0.020114757239402394,0.028814566626868363,0.02286434646427797
37.8,1,0.0,0.0010168373750653688,0.5341386474845062,0.021055855165141756,0.027228472715335694,0.02346747821917266
37.9,1,0.0,0.0007918157139513911,0.5469869142348643,0.022067713016120243,0.025822241039781212,0.023956270602509672
38.0,1,0.0014925133979706551,0.0005866962585805733,0.5583575140450666,0.023512936436004155,0.0244765434251243,0.02422586894568233
38.1,1,0.0032978701739230206,0.00038075257675452385,0.5681755443761453,0.025937841002071062,0.02295001852760082,0.024271135013655003
38.2,1,0.004865708655588034,0.0001625738041904495,0.5767324079599474,0.03016543069921174,0.021095431602916725,0.024225605241445326
38.3,1,0.005969894541545805,0.0,0.5843897794683653,0.03729059274863703,0.01904864467052946,0.02428601765489974
38.400000000000006,1,0.006436476386371527,0.0,0.5913316670998662,0.04847540335189492,0.01720731185659582,0.02460111478859602
38.5,1,0.006147447501988414,0.0,0.5973369592365612,0.06422038141685926,0.015986856744805336,0.02522329305598984
38.6,1,0.005179178118026553,0.0,0.6017256498131942,0.08335660068927561,0.015556415075471852,0.026115737145702714
38.7,1,0.0038787812556651357,0.0,0.6036124701874588,0.10295051408989819,0.01577201969489636,0.02713777057630581
38.8,1,0.002710038818471348,0.0,0.6021579544923809,0.1197769621115379,0.01632139351694483,0.028013728138469904
38.900000000000006,1,0.001972962701667361,0.00017172776676032718,0.5963723970455693,0.13212180579963734,0.016918537707625178,0.028381416598525375
39.0,1,0.0016546101519731066,0.00036653763578659753,0.584841243058292,0.14020007935812967,0.017401526488113817,0.027942343223348615
39.1,1,0.0015272011893150837,0.0005046075101138444,0.5664025529406983,0.1452094073457781,0.017711713267237104,0.02660840520588256
39.2,1,0.0013775150543254558,0.0005392620062714144,0.5417695684557344,0.14834615464907078,0.017828401365639172,0.02455452185338372
39.3,1,0.0011699441969233793,0.0004631513415871969,0.5143978505322818,0.15048653924165792,0.01774558892579091,0.022176007295935083
39.400000000000006,1,0.0010432770213871427,0.00030988731863667256,0.48919625707909514,0.1522116971579637,0.017507841609428292,0.019957219550049744
39.5,1,0.001194060977028254,0.00013333904184781827,0.46995530324745804,0.15380686479500177,0.017231774367111992,0.018266238120590948
39.6,1,0.0017595335781201789,0.0,0.45769671273465984,0.15527719315429997,0.017039644681679695,0.017207922010739566
39.7,1,0.0027540460287713,0.0,0.45100930490955204,0.15649510756768567,0.0169442193376749,0.016695801777015587
39.8,1,0.004054128819783348,0.0,0.447527323516658,0.1573949636017526,0.016815454195518595,0.016662414155358067
39.900000000000006,1,0.005435829055329354,0.0,0.44517699660275173,0.15804377107736534,0.01649606940151145,0.01712727018483376
40.0,1,0.006671161723118217,0.0,0.4426635833608281,0.1585524720005446,0.01596151815683686,0.01804259052556341
40.1,1,0.007643744435130868,4.465969210336546e-05,0.4394735103973803,0.1589603058060841,0.015346495842352308,0.019163281397161665
40.2,1,0.008442443603126713,9.96991808659394e-05,0.4356984708968444,0.1592217092118123,0.014805805750083424,0.02014335137239031
40.3,1,0.009557377558925934,0.00012123831036495183,0.4317386820838995,0.15928043329826877,0.014377827670990865,0.02074671647078166
40.400000000000006,1,0.012443246948320476,0.00014087956573481965,0.4279633393119878,0.15911744216711846,0.014014585123602293,0.020939986483781047
40.5,1,0.020512726592057072,0.00026317321154714174,0.42452462260489804,0.15869257268235104,0.01373682170956613,0.020807146657418625
40.6,1,0.03982232134218103,0.0006426699877449542,0.4213937633800638,0.15777913280714861,0.01372398817298708,0.020414780026817986
40.7,1,0.07774386560325817,0.0013997063616201096,0.41846188295076586,0.15571091777453733,0.014225730868083047,0.019770156052900764
40.8,1,0.13850667369373393,0.002519319718293728,0.41552590959224445,0.15110199245831646,0.015369828269615082,0.01889738452001015
40.900000000000006,1,0.21796666835981718,0.003816312766473235,0.4120846708751393,0.14185104108493649,0.017030188128880363,0.017931957595069648
41.0,1,0.30309659727775773,0.0050183672891966355,0.40685760823642403,0.12599604042738793,0.018853322515756204,0.01710533440871915
41.1,1,0.37863127223470006,0.005914809166390834,0.39701001627749405,0.10341324471759154,0.020421241532920156,0.01660828827137854
41.2,1,0.43560660777535015,0.006448797371482151,0.37769423526053375,0.07698235100320569,0.02144716407975504,0.016477347811064524
41.3,1,0.4741591260005176,0.006692103743435983,0.34332971818465396,0.05158650038989554,0.02188794172557555,0.01662652760044469
41.400000000000006,1,0.4995406688489394,0.006758158353241781,0.29133089330954803,0.03139032615448179,0.021913062143346575,0.016952902799583315
41.5,1,0.5168915206653591,0.00673650793348825,0.22600700865640694,0.017843480138347606,0.021767010743463936,0.01736939503038828
41.6,1,0.5292326025478752,0.006671101788240887,0.15834079617674074,0.009918862647890412,0.02163668226563531,0.01776128690285069
41.7,1,0.5381561869303472,0.006564300286331862,0.10041300011398419,0.00564141354302838,0.02162046941656288,0.017967547132634862
41.8,1,0.5447535537214621,0.00639761388344123,0.05898483916991214,0.0032862941079932167,0.021782231533564674,0.017821118621951623
41.900000000000006,1,0.5498310104974413,0.0061623202654869464,0.03367236547517802,0.0017670478281805887,0.02217705386548586,0.017211580254418945
42.0,1,0.5538692855816176,0.005876777107557068,0.019906918411828657,0.0005744790755039664,0.022798785281713082,0.016141241696402107
42.1,1,0.5571299710205648,0.005575143463186937,0.012713960685653291,0.0,0.0235455636679642,0.014737804812853148
42.2,1,0.5598222541632722,0.00528490839146448,0.008606067941748868,0.0,0.024287354808132065,0.013179502897086949
42.3,1,0.562158479896522,0.005020627981588499,0.005831899938480213,0.0,0.0249498115815901,0.011578872651590251
42.400000000000006,1,0.5643005901235947,0.00479503991261289,0.003962168684150139,0.0,0.025491949295155174,0.009958135701269025
42.5,1,0.5663047126943512,0.0046258824637721635,0.0031920888199747513,0.0,0.02582924801284664,0.00835493441905798
42.6,1,0.5681348312377307,0.004526348483744251,0.003579193597821742,0.0,0.025848040769964373,0.006920430573567613
42.7,1,0.5697199540240997,0.00448972589729295,0.004615712843041133,0.0,0.025517419744977714,0.005871699176063597
42.8,1,0.5709334996779202,0.004481693016485943,0.005417398668151918,0.0,0.024955541602692487,0.005342307264245929
42.900000000000006,1,0.571293361727814,0.004437053805032619,0.00536668456704626,0.0,0.024355062276470503,0.005293365234484566
43.0,1,0.5691721516085173,0.004249521852487246,0.004634271958252947,0.0,0.023829466800275652,0.0055674817347002355
43.1,1,0.5606242165319871,0.0037622318819256805,0.0040772757018282665,0.0,0.023317663457623847,0.006005942762327742
43.2,1,0.53881747690783,0.0027966433161596685,0.004600710519270715,0.0,0.022622670947473503,0.006488634759561426
43.3,1,0.49590610744143987,0.001249818934993962,0.00653146399592147,0.0,0.02155053848194925,0.006854143546720182
43.400000000000006,1,0.4280856561770476,0.0,0.009446812497034615,0.0,0.020057965650772547,0.006816683715641342
43.5,1,0.34075458847521745,0.0,0.012478456566569844,0.0,0.01832085258431816,0.006052036429556789
43.6,1,0.24818112753786956,0.0,0.014796028693062327,0.0,0.016671478759183078,0.004470295031071141
43.7,1,0.16614939338707993,0.0,0.01591984618537125,0.0,0.015426001700551447,0.002441910677612386
43.8,1,0.10369507685900632,0.0,0.015725249932782806,0.0,0.01471203387222223,0.0007092079002041421
43.900000000000006,1,0.061103563356189335,0.0,0.014308093845885387,0.0,0.014412281351646562,1.951377451644317e-05
44.0,1,0.033960100052954335,0.0,0.011959172920077008,0.0,0.014247476418935761,0.0007989263428236821
44.1,1,0.01752436334574893,0.0,0.009257548226829237,0.001216860790918378,0.013939666178628497,0.0030717500839494523
44.2,1,0.008190998459468345,0.0,0.007065892798488444,0.02777585551005752,0.013373486219710164,0.006528984418692513
44.3,1,0.0032933103092481143,0.0,0.0063125991315969715,0.06767800312010985,0.012664986795238429,0.010605424878136016
44.400000000000006,1,0.0009870357951842874,0.0,0.0076947142911128865,0.11687368123056519,0.012076389412107515,0.014598391032449106
44.5,1,0.0002775054320000348,0.0,0.011426061907826343,0.16675581553289795,0.011809309253513233,0.017888505523359115
44.6,1,0.0007772647226370867,0.0,0.017003161924665233,0.20849434488386373,0.01180185780528118,0.020162385566609035
44.7,1,0.0022964369257573243,0.0,0.02312656723781084,0.23752938558731707,0.011697730939320668,0.02146944088981879
44.8,1,0.004570939746102863,0.0,0.028138538285703524,0.25464921886375547,0.011092807292211638,0.0220838289593802
44.900000000000006,1,0.007249391178798761,0.0,0.030919805506517864,0.26365439466909774,0.009921275700251331,0.02230161354079732
45.0,1,0.010075297423615522,0.0,0.03150351623514799,0.26841065863917307,0.008623350104295482,0.0223105702687649
45.1,1,0.013233263491556015,0.0,0.030824231852004287,0.27143498836717483,0.007896047672534988,0.02217154511856694
45.2,1,0.018046354058490092,0.0,0.029930472151786774,0.2739576027007692,0.008240992111428787,0.021872487809267715
45.3,1,0.028222466163391725,0.0,0.029431927149450546,0.2764177859294033,0.009690247731362489,0.021397760532372006
45.400000000000006,1,0.050968984076204836,0.0,0.02950662765891832,0.27880787545739255,0.011884915420802887,0.020763229676724424
45.5,1,0.09582654767061913,0.0,0.03020361565835206,0.2808947268723583,0.014386007074036972,0.01999426348526493
45.6,1,0.16941262339935306,0.0,0.03163508346661785,0.282442649192582,0.016935331354715203,0.019078532430696935
45.7,1,0.2683943904414851,0.0,0.033879546231199334,0.28338944783453524,0.01945159965295993,0.01796413518061052
45.8,1,0.37736037209518425,0.0,0.03675491760838549,0.28388014574522813,0.02183314991067046,0.016634044345162396
45.900000000000006,1,0.4757216259659866,0.0,0.03979028769041615,0.28417078343862967,0.023847894859543185,0.015201072989687984
46.0,1,0.5488833299073939,0.0,0.04251069555347436,0.2844898403961387,0.02524055531342582,0.013935449168617147
46.1,1,0.5943000516961092,0.0,0.04478078428207632,0.2849244090045998,0.02590485019083466,0.013185518239924953
46.2,1,0.6187125850294205,0.0,0.04691721897944579,0.28537507446337756,0.025943285335133043,0.013212964056837709
46.3,1,0.6312720589668139,0.0,0.04956332111066592,0.2855904640620839,0.02560147698801414,0.014010588157649075
46.400000000000006,1,0.6387765928885305,0.0,0.05343452448236329,0.28517133673526884,0.025145522517118983,0.015217721305426918
46.5,1,0.6447998289125172,0.0,0.05891415996779198,0.2833292734886492,0.024748821332415974,0.016231332769050144
46.6,1,0.6508832393843458,0.0,0.06559009664835191,0.27836098909182033,0.024450024319014666,0.016478830845053326
46.7,1,0.6577561597232214,0.0,0.07219002726764923,0.26734369304900374,0.02419192862570815,0.015690713882843862
46.8,1,0.6657839792774726,0.0,0.07721723337178585,0.24700990439208834,0.023878423009666402,0.014019858189019522
46.900000000000006,1,0.6749433650815129,0.0,0.07978329209499146,0.2161274256608113,0.023402408412892053,0.011956769872941702
47.0,1,0.685002978484444,0.0,0.07986487362007545,0.177816535330795,0.022675178242666925,0.010096724243590748
47.1,1,0.6959423797467489,0.0,0.07798860970634638,0.13916644995233132,0.021697166486760275,0.008895519763748335
47.2,1,0.7079205758293948,0.0,0.07492730340600669,0.1075656606727555,0.020626175858077415,0.008545595583510335
47.3,1,0.7206819680261692,0.0,0.07158147175548292,0.08668084291306914,0.01974249871152469,0.008986373977521988
47.400000000000006,1,0.7332812797736721,0.0,0.0687779802773496,0.0755041368075758,0.019285527406433627,0.009970804439710608
47.5,1,0.7446083615888726,0.0,0.06697819719483418,0.07057831826221062,0.019277845903532854,0.011152676792405438
47.6,1,0.7540105489790017,0.0,0.06619361501937601,0.06875759773940901,0.019496780830261736,0.012211272387494825
47.7,1,0.7611766033912318,0.0,0.06619421083894665,0.06859895672597383,0.01963325657163479,0.012972232291621897
47.8,1,0.7652690833274525,0.0,0.06678273566061667,0.07059510865086893,0.019494010474939923,0.013433155077750754
47.900000000000006,1,0.7638216436822169,0.0,0.06790156496514649,0.07718454908916207,0.01904543699171301,0.0136807047406177
48.0,1,0.75214664844536,0.0,0.06950075333083562,0.09280476911863171,0.018271393207895545,0.013786271746778595
48.1,1,0.7244666092914814,0.0,0.07130269157281248,0.12318539847216112,0.017062922120442726,0.013752861764953727
48.2,1,0.6775646137685545,0.0,0.07278170660035911,0.1725652921555164,0.015342157516316561,0.013518248878302878
48.3,1,0.6150787040313157,0.0,0.07351448989911963,0.23927642571522006,0.013299321353997388,0.013011467528889382
48.400000000000006,1,0.54806615469669,0.0,0.07354940158672114,0.31362666539536965,0.011414563287087153,0.012263997522214682
48.5,1,0.4897491373054178,0.0,0.07330792227193852,0.3818772687407629,0.010164336360970205,0.011501933586247019
48.6,1,0.44835594590086447,0.0,0.0730917798041968,0.4339644397173497,0.00968025934255121,0.011083875039461526
48.7,1,0.42414447153880275,0.0,0.07272395977448216,0.46795372248632694,0.009676419062069872,0.011271559517261238
48.8,1,0.4119313960694672,0.0,0.07157919364575338,0.4879967576651046,0.009693979350098863,0.01203417410844239
48.900000000000006,1,0.40514491439199546,9.744526591910926e-05,0.06884315105579866,0.499487595868193,0.009447652491782406,0.013085240994274489
49.0,1,0.3976527340940334,0.00029935760571178746,0.06391040616774876,0.5062364416069765,0.00900418304588886,0.014095230437386107
49.1,1,0.3834622308818307,0.0006062621869739531,0.05693972196998286,0.5104321145890583,0.00868608657557548,0.014853013995327595
49.2,1,0.3569234192398748,0.0011393120840388637,0.04921244626136564,0.513443522909244,0.008816100944832067,0.015268656155417374
49.3,1,0.3152208932367535,0.0021925383603850516,0.04271588886181875,0.5161695660295519,0.009502280167186447,0.015311621528642783
49.400000000000006,1,0.2615685689091238,0.004304668415330266,0.03903432945889833,0.5190370260560089,0.010597079375532217,0.015002323716169292
49.5,1,0.20513274119535121,0.00834065811651805,0.03845336207252445,0.5220676118727355,0.011848170856874672,0.014446902114973131
49.6,1,0.1562743314768984,0.015699805790553856,0.04000560021663572,0.5250857764300226,0.013123051784185411,0.013824315497818696
49.7,1,0.12117766438801586,0.028699023197744082,0.04227098950146647,0.5279091302883878,0.014503588850753188,0.013298612510652978
49.8,1,0.10076416493829676,0.05078291445035135,0.04420180771735158,0.5304225803702319,0.01615016804361609,0.012935145817411883
49.900000000000006,1,0.09340341799416987,0.08560763920839785,0.045440334890940966,0.5325671829672197,0.01806973027128204,0.01269604413478212
50.0,1,0.09706444801534783,0.13430652065025847,0.04611253334457551,0.5343088764747431,0.02002512261902526,0.01249332997281269
50.1,1,0.1089744340097457,0.19249899296767964,0.046427698066867265,0.5356023561616511,0.021670369722820396,0.012235322358181139
50.2,1,0.12485153749010433,0.2506499030435592,0.046399371003953735,0.53630711888647,0.022763620287870552,0.011850600197211233
50.3,1,0.13983190062654152,0.29895647712822493,0.045777879241032896,0.5359627196269263,0.023260784662915993,0.011307933669124734
50.400000000000006,1,0.15043114974140948,0.3326863735148469,0.04414435608317747,0.5332618209981637,0.02325642060162429,0.010625229115416248
50.5,1,0.15553078476798396,0.35316587642242053,0.0411435688914962,0.5251234978029138,0.022883551705431205,0.009848267083930922
50.6,1,0.15573559927365888,0.3646681085710539,0.03680414516450082,0.5059009391933154,0.022261083152440988,0.00901482282679499
50.7,1,0.1521905718014242,0.37112467584458775,0.03169665084769123,0.4683468273873903,0.021491710013561954,0.008140796650637716
50.8,1,0.14600049582401198,0.37499644278349825,0.02666518983651991,0.4077460483190717,0.02067973646673231,0.007238189693290518
50.900000000000006,1,0.1382645130448243,0.377617522175177,0.02230123460343181,0.32733791638647836,0.01993243596773615,0.006343312120100732
51.0,1,0.13007931895917524,0.3796829645827682,0.01868632161351287,0.23963306958571068,0.01932531237513671,0.005533860795968904
51.1,1,0.12223047026101434,0.38149527737173755,0.015617301591981655,0.16053569209379256,0.01886957693108041,0.004935473311917772
51.2,1,0.11491519887076675,0.38312877156789266,0.01297268074475081,0.10069624531339487,0.01853371507422516,0.004727267273813408
51.3,1,0.10790901373596103,0.38458541393127194,0.010848539877045668,0.06170213066426956,0.01829396255838516,0.0051205334625700335
51.400000000000006,1,0.10108494375252558,0.38587868942952286,0.009464890650887613,0.038965606117233854,0.018138492254948006,0.006253689239480955
51.5,1,0.09476743990669038,0.3870323107041107,0.00901188875911189,0.02662341095333338,0.01800610924025154,0.008028912181942184
51.6,1,0.08957223634604161,0.3880552071857997,0.00947765466098444,0.02017717739593061,0.0177283971788977,0.010053119362097797
51.7,1,0.08593356964198923,0.3889418698811045,0.01043365469971592,0.016731646450405493,0.017075387273233194,0.011801811753485544
51.8,1,0.08379791180975149,0.38968411332029557,0.010927987017671434,0.01449753599649162,0.015932515553006836,0.01288766331169167
51.900000000000006,1,0.08270550834516428,0.3902486704120788,0.009799167158357526,0.012466927122775341,0.014476816145636553,0.01320342144683113
52.0,1,0.08210118801569509,0.3904755154449661,0.006463538954350526,0.010252943160529101,0.013144228841062016,0.012872976450123606
52.1,1,0.08166810144540658,0.3898279973194262,0.001604880525639546,0.007883181366015714,0.012353772796145038,0.012134320572373456
52.2,1,0.08165084954934165,0.3868770610859249,0.0,0.005536013985346612,0.012217591315542467,0.011259606013231446
52.3,1,0.08308018916880926,0.3785799084441606,0.0,0.003368237761287617,0.012491684153026435,0.010500640789042849
52.400000000000006,1,0.08750850059096839,0.3600740238408659,0.0,0.0014883629610181791,0.012787223365918166,0.010034143900368605
52.5,1,0.0959808619345756,0.32634423887841624,0.0,0.0,0.01284147264905326,0.009938966870011208
52.6,1,0.1078717131985903,0.27603877837214147,0.0,0.0,0.012635512872776323,0.010222204727219741
52.7,1,0.12085054768675214,0.21467950084048854,0.0,0.0,0.01231401882652399,0.010841513083585321
52.8,1,0.13228666684602466,0.15332522744522933,0.0,0.0,0.012041336104584693,0.011683706053378934
52.900000000000006,1,0.14077061063981386,0.10277529470437952,0.0004375952197401324,0.0,0.011944012439820084,0.01255466283086085
53.0,1,0.14638626057430829,0.06854840522469084,0.0007531298123463075,0.0,0.012146872879600106,0.013252286238668752
53.1,1,0.14992672051475675,0.05095877636440793,0.000989006340082896,0.0,0.012789803241187949,0.013677703096534355
53.2,1,0.15216204030877525,0.048903124067670216,0.0012168082374738886,0.0,0.013938794717907658,0.013861961912742806
53.3,1,0.15366902249554096,0.06292129386429834,0.001584341764459229,0.0,0.015437348197971731,0.013878202697506553
53.400000000000006,1,0.15493974302730681,0.0947627882039108,0.002360343808812684,0.0,0.016860401017114647,0.013744795786251124
53.5,1,0.15643456002391493,0.143833536279154,0.003792467383273986,0.0,0.017693538784555818,0.013422713698917673
53.6,1,0.15851844173366492,0.20378451598608133,0.0058873294610031135,0.0,0.01765013211721377,0.012891001880421096
53.7,1,0.1613316269230009,0.26338710297648316,0.008380301468239204,0.0,0.016876736367776635,0.012197842891740078
53.8,1,0.1646792938136752,0.31208293301593826,0.011072191401882741,0.0,0.01588102233180863,0.011424901102990806
53.900000000000006,1,0.1680708426963291,0.34529140368826006,0.014435689109557052,0.0,0.015242466852273383,0.010619681565100044
54.0,1,0.17096388599353138,0.3648236319336759,0.020261485250240203,0.0,0.015308705568795846,0.009789621686657162
54.1,1,0.17306775801174804,0.3753290916249761,0.032039292906098256,0.0,0.016070512009331538,0.008948470524026031
54.2,1,0.17447561430828482,0.38093203580979473,0.05434648610777671,0.0,0.017280999417385045,0.008120975169460596
54.3,1,0.17554063447043144,0.38416255996976206,0.09039930770531704,0.0,0.01870713934796332,0.0072925581756026715
54.400000000000006,1,0.17660681519238822,0.38632235375833623,0.1386130758879624,0.0,0.020318718446606057,0.006398649679891646
54.5,1,0.17775111261562607,0.38798650309867055,0.19143908871691184,0.00964415185304465,0.022305349894765326,0.0053910280816417576
54.6,1,0.17860243400858627,0.38931147565692065,0.23881227428258886,0.018361161852123054,0.024929566837921066,0.00428989601220944
54.7,1,0.178188376982941,0.39028139368804854,0.27380323094764425,0.024694987584779234,0.02827961638018206,0.0031436220085986565
54.8,1,0.17479061615921365,0.3909051602068566,0.2954847435886412,0.02851128266274716,0.03207086538452698,0.001955577078144187
54.900000000000006,1,0.16611589135428895,0.39127908093952435,0.3072798548178914,0.030494593671812873,0.03569891445702554,0.0006917531978171991
55.0,1,0.15036623444685418,0.39152985124285355,0.3135619818875426,0.031449745543988286,0.038560214323074986,0.0
55.1,1,0.12810369002212402,0.39174279288469827,0.31759015863236423,0.031905826968631465,0.04037187178536319,0.0
55.2,1,0.10335208530656352,0.39194630679245107,0.3212065502574709,0.03210593521693824,0.04123184494951448,0.0
55.3,1,0.0822817802888918,0.3921291793191287,0.32519624436216865,0.03213936921203405,0.04144600120026278,0.0
55.400000000000006,1,0.07005573211979649,0.39222396619234656,0.3296530562515198,0.032044409426657955,0.041324275812328386,0.0
55.5,1,0.06832829059175008,0.39200431356738624,0.3343489287051165,0.03186107244003989,0.04107400830548199,0.0
55.6,1,0.07500580187611483,0.3908377097025469,0.339093432704166,0.0316559244737645,0.04079401104359206,0.0
55.7,1,0.08582712339228485,0.3871920337601643,0.34391418152167874,0.031526982421400625,0.04053319261395122,0.0
55.8,1,0.09651757945866259,0.3779778425741549,0.3490428398656185,0.031592749551791595,0.0403616147741167,0.0
55.900000000000006,1,0.10440722691147784,0.35847366819392795,0.35482928255789303,0.03196365330282131,0.04037963075592491,0.0
56.0,1,0.10879069605850586,0.3241299281312758,0.3615476858840852,0.03268658277343225,0.040641795317995735,0.0004898051551192427
56.1,1,0.11019967695662113,0.2742766168932488,0.36903362147607843,0.03368446794877875,0.04108380479079933,0.0007043277978454367
56.2,1,0.10952848877943258,0.21479172924396112,0.37647042444512885,0.03475955660003723,0.041550621074606164,0.0006197967301521118
56.3,1,0.10765980008370704,0.15615705947467826,0.38271013073758176,0.03568909722790975,0.041895869416920806,0.00043174359316422873
56.400000000000006,1,0.10543674362860846,0.1076986128772884,0.38682550227607243,0.036323441715558104,0.04204676510768688,0.00041696628740162713
56.5,1,0.1035847639688295,0.07320987337696293,0.3881249189292845,0.036568359862104625,0.04199784946425617,0.0008722392042589168
56.6,1,0.10250777695032526,0.05124485613490386,0.3854588952868841,0.03626317553863097,0.041771519737734075,0.0019381666934926937
56.7,1,0.10214248324058489,0.03807862253404115,0.3766158777026383,0.03511431632347742,0.041376254151594016,0.0034583228749001014
56.8,1,0.1020285519277561,0.030009262404527903,0.35892878499411773,0.03287226706157544,0.04077063390156299,0.0050564172418062076
56.900000000000006,1,0.10159359716949232,0.024283163992414532,0.33140871686394446,0.02974273557527012,0.039834885645647355,0.006384766574216615
57.0,1,0.10050240632234493,0.019429791915658193,0.29692351372190495,0.02663326674070959,0.03835214900030776,0.007307097288024574
57.1,1,0.09883723062405318,0.015212250979852883,0.2619173223980391,0.024746869434181563,0.036045368018376045,0.007882343767140264
57.2,1,0.09696001182129357,0.012113417451190536,0.23309182300112677,0.024695823253184094,0.03274442002554736,0.008244176661325974
57.3,1,0.09516594348163654,0.010802997933159881,0.21379160029127786,0.026034677485820695,0.028624325078212717,0.008520761805326871
57.400000000000006,1,0.09340676386612125,0.012073720432688149,0.20318570341001702,0.02773861234856289,0.02427475305394322,0.008816445192318249
57.5,1,0.09124151655688516,0.016973672635605147,0.19820305495632934,0.02905296964889988,0.020455224524567342,0.0092015332141422
57.6,1,0.08798174675070768,0.02640902529334777,0.1958283159394378,0.029844152594699823,0.01771207040607372,0.009696360564686514
57.7,1,0.08295658891468907,0.04012960413273237,0.19413924308057534,0.030342216533983266,0.01616511837123724,0.010273763701982741
57.8,1,0.07576233154182581,0.05608374987842023,0.19225211414322718,0.030773519496926156,0.015574688576847847,0.010878324498332004
57.900000000000006,1,0.0662917523128636,0.0711229442392013,0.18991075218598466,0.03122566674903169,0.015558856082858894,0.011440882188060194
58.0,1,0.05461883935739753,0.08267877061375202,0.18708156144365018,0.03170097452607756,0.015783659359251592,0.011891178094502953
58.1,1,0.041120260285202256,0.08996114229440323,0.18361460314924496,0.032193244133358785,0.01605032023669469,0.012181084228902052
58.2,1,0.026786176773085476,0.09379043037797781,0.17893214765929052,0.032700046893689036,0.01630549114971048,0.012306560644235475
58.3,1,0.01311725497321547,0.09556343785295086,0.17166589289160752,0.03318116486255951,0.016617142985143434,0.012309108966131757
58.400000000000006,1,0.0015470070632121059,0.09638878641602268,0.15946931072550038,0.033539605428599455,0.017111706424137816,0.01225444298187746
58.5,1,0.0,0.09684588621377761,0.1398008167698879,0.03368047062486902,0.017860109561765678,0.012197974162391878
58.6,1,0.0,0.09714112826249192,0.11203320620375906,0.033597324521746075,0.01877656625830576,0.012149828410538244
58.7,1,0.0,0.09731559750928641,0.07933591844824445,0.03337974409974477,0.019638977403537303,0.012048166319470493
58.8,1,0.006846968339761836,0.09737068821574187,0.047944882791257776,0.033127799248782966,0.02023590689603725,0.011742506132578604
58.900000000000006,1,0.03683772191730362,0.09732594798422423,0.023957266850197317,0.03287723586886493,0.020498931925683715,0.011002127207722746
59.0,1,0.08665849574296682,0.09723411471205551,0.010832038336397927,0.032608301247975736,0.02049768411827866,0.009592567975642731
59.1,1,0.15507435814723672,0.09716326552052083,0.009770075842286301,0.03228961456874165,0.02033576621544185,0.0074356926504669995
59.2,1,0.23302802543742723,0.09716532297189659,0.021305709139658797,0.03188195562434307,0.020069019552272523,0.004756681717534532
59.3,1,0.306608312795677,0.09725603756882562,0.04517693382450353,0.031295156974530426,0.019702997158620887,0.0020542586464355945
59.400000000000006,1,0.3644786074833069,0.09741600771150324,0.07843870707604646,0.03034024976195061,0.019240858750709012,0.0
59.5,1,0.4033404118138616,0.09760227399786127,0.11477864995959859,0.028750724947823377,0.01872071278093443,0.0
59.6,1,0.42709578102917756,0.09775347481556394,0.1469778207375937,0.026343500027188937,0.01819323735459149,0.0
59.7,1,0.44195703303155653,0.09777068817051775,0.1706106383816767,0.02324685719082411,0.017658096085744878,0.0
59.8,1,0.45251556987554753,0.09744508998946869,0.1854976701812521,0.019952469151444118,0.01704571930307239,0.0
59.900000000000006,1,0.4609422377051654,0.09630283116125814,0.1940866639274078,0.01705857678568409,0.016276821388078674,0.0
60.0,1,0.46802326185686466,0.0934279530502317,0.1990096021406441,0.014920123679984213,0.015315051741139212,0.0
60.1,1,0.4741431581479643,0.08751825605299239,0.20192350170572265,0.013543253162641907,0.014149888015684307,0.0
60.2,1,0.4795751710624754,0.07748309308905743,0.20365666244621303,0.012767151055994807,0.012773426886954707,0.0
60.3,1,0.48441803981837095,0.06344929389647563,0.20466318162668928,0.012468048176565398,0.011217208686834929,0.0
60.400000000000006,1,0.4885934781808804,0.04733582058839514,0.2052525755511916,0.012573645840748066,0.009596973950773826,0.0
60.5,1,0.4919957067595726,0.032174000083593425,0.20564161972540246,0.012949490722116177,0.008086167074806394,0.0
60.6,1,0.49465554709790194,0.02049411536649232,0.2059558735089511,0.013361563361058388,0.00683367724479533,0.0
60.7,1,0.49677407918046557,0.013128770066951229,0.20621328370314376,0.01360565446848922,0.005901494813470086,0.0
60.8,1,0.4986068593423347,0.009316843621626153,0.2063297113452849,0.013669017170885683,0.005268443582244914,0.0008118073621056507
60.900000000000006,1,0.5002953777727889,0.007650442413955462,0.2061996987710698,0.013717727842514307,0.004891384593647496,0.0022149835013320044
61.0,1,0.5017493423024266,0.006891297831530333,0.2058295743195297,0.013909868667436097,0.004766524283319135,0.0035233732356932967
61.1,1,0.5025538465094466,0.006267776109296819,0.20542854994885681,0.01426498878397171,0.004918644539350762,0.004626812997124212
61.2,1,0.501675353691874,0.00545271038374026,0.20540650890671966,0.014722454280956632,0.005323678501920827,0.005537006970587021
61.3,1,0.49670805888104813,0.004447169062474856,0.2062948764124584,0.015241541231573287,0.005872828210917779,0.006374329581635942
61.400000000000006,1,0.4829582452216503,0.0034269231994422007,0.20853572172515772,0.01578497150558898,0.006445873774683889,0.007289685550551525
61.5,1,0.45374561718222023,0.002580585024764888,0.21200867894373757,0.0162637235086334,0.007008533539362292,0.008354502852615974
61.6,1,0.40352797374919236,0.001999511838791612,0.2154279158811265,0.01657856111976905,0.007610260148545386,0.009499212869102039
61.7,1,0.33306776982321973,0.0016487664456461195,0.2162355853735246,0.016706422354412106,0.008293051897058337,0.010565847406867253
61.8,1,0.25224329453983485,0.0014029942557276262,0.21161857518431545,0.01670019163786303,0.009033198563335603,0.011442490659258323
61.900000000000006,1,0.1763417634761357,0.0011194358484944364,0.20034184925383114,0.016628405295695883,0.00977584151547123,0.01216827793669129
62.0,1,0.11768575772741985,0.0007169231813840216,0.1839787041750338,0.0166122384944998,0.01048958886036471,0.012925474755785586
62.1,1,0.07974739718491493,0.0002159037571845855,0.1662352745090135,0.016999488262326726,0.01116846179155252,0.013923540606588233
62.2,1,0.05830469411461834,0.0,0.15074224988914653,0.01844994007393394,0.011827950851794332,0.015250268234396831
62.3,1,0.046872415465414895,0.0,0.13922494598063445,0.02163592191616989,0.012554408919892344,0.01679604447793614
62.400000000000006,1,0.04077344835197787,0.0,0.13143769489163784,0.026641899974351402,0.01352810816414109,0.018317535159296364
62.5,1,0.037720579855640625,0.0,0.12632150271579182,0.03264483905614637,0.01490612360637071,0.01958712373764964
62.6,1,0.03663086555122677,0.0,0.12297485818468608,0.03832468591317268,0.016639020032784998,0.020493494534808292
62.7,1,0.03671137475527893,0.0,0.12087237980520847,0.04267356033881372,0.018441518291789513,0.021025806305575028
62.8,1,0.03729185415188272,0.0,0.11971922464572492,0.045448275529939006,0.01999277375117444,0.021195950422457786
62.900000000000006,1,0.03793395147376997,0.0,0.11935891379693626,0.04700187029180123,0.021171752221402964,0.02097929229089404
63.0,1,0.038423201851328304,0.0,0.11979882730290373,0.04788934366662271,0.02209357798935283,0.020303512528955774
63.1,1,0.03863236864476103,0.0,0.12128858063732663,0.048654658889452466,0.022939352226708898,0.019086384791084057
63.2,1,0.03842939693351529,0.0,0.1244318388791933,0.04979261655144434,0.023770680006478292,0.017309513899441794
63.3,1,0.03772166562450667,0.0,0.1302923916699128,0.05167079360566,0.0244946893230675,0.015081564550954404
63.400000000000006,1,0.03657359994749471,0.0,0.14023550049975395,0.05435247083939693,0.024975332376158055,0.012644613856791772
63.5,1,0.035237944792371405,0.0,0.1551137070711188,0.05750293983185508,0.025167123692774743,0.010330694826338555
63.6,1,0.03398082142439513,0.0,0.17405370847609986,0.06055952311942805,0.025169653546695,0.00849677513972361
63.7,1,0.0328014961784734,0.0,0.19411046113543834,0.06306073196045382,0.0251772951133909,0.007432549349743256
63.8,1,0.03135784281595364,0.0,0.2115996454734772,0.06483377905448878,0.0253479922579321,0.0072504293780688255
63.900000000000006,1,0.02928167064978825,0.0,0.22400044797084662,0.06592722460471952,0.02567392137750012,0.007849386584476111
64.0,1,0.02663701243508757,0.002221264082217271,0.23072641027711396,0.06646778835674727,0.025976198120719062,0.009030141422104804
64.10000000000001,1,0.024035262148151704,0.00802524727490123,0.23264827389893183,0.06660930458655731,0.026056023509345248,0.01066402790096585
64.2,1,0.02222855500359584,0.018328076229066254,0.23135754563181865,0.06653601283526812,0.025868357147912704,0.012714730855744774
64.3,1,0.02155379711415121,0.03528234136247331,0.22859243127091097,0.06642333879494686,0.025548329183981654,0.015081282586058495
64.4,1,0.02175828715199764,0.06098902636086782,0.22576531427184052,0.06635950171621022,0.025276406424312704,0.017467835538901123
64.5,1,0.022318523527544716,0.0957855713274546,0.22379333653783054,0.06628372416321797,0.02513238140563183,0.01945904996712544
64.60000000000001,1,0.02286697452228448,0.13637103574180467,0.2233775983761018,0.06595731291067071,0.02507341445006426,0.020739300031672837
64.7,1,0.023324252017913234,0.17618887021787613,0.22547626638484086,0.06498499417837283,0.025018968191008666,0.02125868978570687
64.8,1,0.023728499168186475,0.20878702407697153,0.23162555432347204,0.06297343868938772,0.024937023957305453,0.021229401781465283
64.9,1,0.024044393473003967,0.23129335297924616,0.2437068644231761,0.05984852430748713,0.02488187673642859,0.02098332653213351
65.0,1,0.024166220524101098,0.2448555690348965,0.26276232053437876,0.05608098623629496,0.024995138868950013,0.02080252263162822
65.10000000000001,1,0.024089144299785332,0.2524460023858559,0.2874047609842784,0.05248868409822576,0.025448604105202104,0.020820492843487668
65.2,1,0.024051517240558495,0.2567235346749947,0.3135709315383609,0.049705866070527446,0.026298425269478353,0.02102117424980658
65.3,1,0.024455820014811364,0.2593598449359773,0.3365220145238326,0.0478337059273655,0.02733924616066793,0.021302786469016968
65.4,1,0.025575433844946347,0.2612628831918354,0.3534136030539641,0.04655227652512774,0.028134852712149338,0.02155779676742803
65.5,1,0.027298035851577265,0.26286327364147605,0.36403387413400895,0.04540949320391163,0.028267054458665845,0.02172829838158685
65.60000000000001,1,0.02916142931732275,0.2642838932546589,0.3695776926797181,0.043913379002078624,0.02762170803816338,0.02181491925749097
65.7,1,0.03065198547833253,0.26549599423578457,0.37121685294156426,0.04146396608538689,0.026484045772052104,0.021845881269550713
65.8,1,0.03147888262960148,0.26646390718329505,0.3695324866312443,0.037451883297020254,0.025363287890084765,0.021832852820829193
65.9,1,0.031604054454946046,0.2672103453487027,0.36455490521729633,0.03165959576021597,0.024670283458330965,0.02173787335703298
66.0,1,0.03110035538114423,0.2678017498117073,0.35614871873503384,0.02463279858006922,0.024496471618264896,0.021465470960156934
66.10000000000001,1,0.030073851518432556,0.26831040786756066,0.34476838162703194,0.017532091166356196,0.024656005101048283,0.02089193347711632
66.2,1,0.02872888700604922,0.2687905733151956,0.3320182020414259,0.011479171137498141,0.024902675824108333,0.019933498253865273
66.3,1,0.02738524985754858,0.26925918738689797,0.32016807580149137,0.007008809969457532,0.02509236735918917,0.018617138118471134
66.4,1,0.026251383084985737,0.26965907658804666,0.31090218153711496,0.0040758322341463895,0.025174042540443923,0.017084950459434874
66.5,1,0.025065510159492373,0.26978787978665864,0.3045847531408913,0.0023898596377004634,0.02508469827646564,0.015501802264757074
66.60000000000001,1,0.022964402004607105,0.2691485657053132,0.3006079997564478,0.001638731466790488,0.02468431209401621,0.013940007833899445
66.7,1,0.01883587427004164,0.266628099583231,0.298131337170677,0.0015386227900800738,0.023804273718564285,0.012368550276877112
66.8,1,0.012069535065938856,0.2600401025679497,0.296474017934019,0.0019110768522041786,0.022396749835069788,0.010775458197707541
66.9,1,0.003285786888550243,0.24605496725366124,0.2951375976898279,0.002849862788641829,0.020687612931309034,0.009282645484861919
67.0,1,0.0,0.22145913724257063,0.29369398551709136,0.004811043489058995,0.01920464066729002,0.008098652318054773
67.10000000000001,1,0.0,0.1857984245414659,0.29154787667568766,0.0084078250833537,0.01865815503699472,0.007350982125032587
67.2,1,0.0,0.14331952323581545,0.28742830564876326,0.013893497974828512,0.019831174518067173,0.0069867247869429445
67.3,1,0.0,0.1016157019111542,0.2786921684405277,0.02069825221289012,0.023618909559830606,0.006823498673988834
67.4,1,0.0,0.0674784192456025,0.2611857349791552,0.027541381615234208,0.031006125266319275,0.006649947511841371
67.5,1,0.0,0.04366625202119258,0.23087989755081748,0.03316330054706559,0.04253492111110364,0.006279296721968056
67.60000000000001,1,0.0021457613161174087,0.029042314979933256,0.18725707591621563,0.037039646694527056,0.05738343112602451,0.005586154540277533
67.7,1,0.0044842271478693066,0.020751744539329646,0.13572318548922574,0.03945444691719344,0.0731077336430803,0.004571184816378158
67.8,1,0.005999240836999589,0.01601627215726744,0.08581406885452389,0.04102254945843233,0.08679513729053542,0.00339646207548519
67.9,1,0.0076938283175954905,0.012878220933711864,0.045914392992646234,0.04223379474473644,0.0967325988675029,0.002313860121783177
68.0,1,0.010326531393125898,0.010395985570377905,0.019181993583281768,0.04335636458304913,0.10298684638314386,0.0015231073207669892
68.10000000000001,1,0.014008208283636992,0.008512830325187288,0.0038055472412090743,0.04455376091161806,0.10661771203170142,0.0010804704440332605
68.2,1,0.01815229350751748,0.007572596329023232,0.0,0.045932513770129094,0.10864446114777832,0.0009200134763560512
68.3,1,0.021866376168775348,0.007738124139609854,0.0,0.047469142753962204,0.10965534612346572,0.0009361289576976563
68.4,1,0.024494522347627064,0.008722140942578215,0.0,0.04898322092589353,0.10996018610271524,0.0010439578582441148
68.5,1,0.0258619746402441,0.009944954239570035,0.0,0.050260987045180054,0.10981445403411448,0.0011905583822145753
68.60000000000001,1,0.02611979535068873,0.01087102588549968,0.0,0.05121837405570103,0.10949096269563312,0.001344485641395566
68.7,1,0.02549514386826374,0.011217973103930032,0.0,0.05193918962645376,0.10922903728893196,0.0014893517635105136
68.8,1,0.024246080105982806,0.010960833643726409,0.0,0.05258087046262491,0.10916115531184176,0.0016172815695153278
68.9,1,0.0227951196192996,0.010244489160458238,0.0,0.05326346206464468,0.10928879664638046,0.0017130213516192516
69.0,1,0.021773691739783687,0.009303203299374323,0.0,0.05401862973915131,0.10952221536009293,0.0017389348888533598
69.10000000000001,1,0.021789586164650217,0.008391398277939005,0.0,0.05479113499453199,0.10975302628854879,0.0016360051694643354
69.2,1,0.023051365016806033,0.007705855207714839,0.00019550361085713018,0.055460034313277964,0.10991266718651627,0.0013379691483234237
69.3,1,0.025200017943184258,0.007323971566507425,0.005596421696409644,0.0558499375052559,0.10997702136616835,0.000792873244307482
69.4,1,0.027528930766274353,0.007198907401693776,0.01062196083295622,0.05570128796083119,0.10991073441523833,2.9976118207177905e-06
69.5,1,0.02939671101577752,0.0072117981175356255,0.014693261774720738,0.05460910726372062,0.10959262511550073,0.0
69.60000000000001,1,0.030499789210668274,0.00723958317708153,0.017522570264351146,0.05204956642103729,0.10876935375329667,0.0
69.7,1,0.030890226538947615,0.0071999245448329825,0.01913143892735462,0.04765486488863165,0.10701250454235645,0.0
69.8,1,0.03086787955776902,0.007066297100772143,0.01975969760384203,0.04166312546324233,0.10360546546242237,0.0
69.9,1,0.030877799318401587,0.0068630937023375135,0.019782186069229105,0.03512401514455625,0.09744893974995734,0.0
70.0,1,0.03142303560234514,0.006641833364227749,0.019664543086687317,0.02953393190542291,0.0873783135602035,0.0
70.10000000000001,1,0.03294668405565065,0.006438012966561249,0.019866728228328794,0.026165607185108793,0.07311972297943369,0.0
70.2,1,0.035631486680442526,0.006232310974739386,0.02064839449339516,0.025648795980377757,0.056196627404589194,0.0024143373693879173
70.3,1,0.039142438354312796,0.005956160086798542,0.021902913988405055,0.027925293477900206,0.0395925960096278,0.005890401864617365
70.4,1,0.04255604470477482,0.005548786761384298,0.02320903790361121,0.03228920355143235,0.026112543787772047,0.0094797786638116
70.5,1,0.04476012756368153,0.005010568637743952,0.024104564915733633,0.03746653408214863,0.016956785975577215,0.01259813332119262
70.60000000000001,1,0.04515850391672121,0.004389173844182374,0.024346590968346366,0.04199671723864502,0.01173812844256864,0.015024861638251286
70.7,1,0.04405452130422011,0.0037185100071754165,0.023946763062136046,0.04487259238735301,0.009445029548171962,0.01690076498368065
70.8,1,0.04233899260565998,0.0029994189974256523,0.023030375990750352,0.045947975894295875,0.009143361981822012,0.01847498399102363
70.9,1,0.04082542846988672,0.0022478990769442546,0.021717284429525256,0.04578005193269422,0.010064863345230962,0.019873395400493488
71.0,1,0.039846049527053354,0.001529662071504562,0.02011940966435036,0.045117773573842064,0.011527329699124629,0.021056141211301994
71.10000000000001,1,0.03931571867035119,0.000922209768228647,0.018393249003579613,0.04447970322961255,0.012989567887335142,0.021904492972400852
71.2,1,0.03901610240218801,0.00045787956016673717,0.01674677329360922,0.04404588053118717,0.014128157775231173,0.022301577566726363
71.3,1,0.03881025810333306,0.00012189878479676917,0.015363432826871522,0.043787955373658795,0.014805487168788328,0.022178179081598214
71.4,1,0.03869649262689614,0.0,0.01430099716691421,0.043655083568939185,0.015010890203576138,0.021566750071017483
71.5,1,0.03874388563525825,0.0,0.013479314605764995,0.0437022606468014,0.014871678801257561,0.02063320885416739
71.60000000000001,1,0.03898189438528821,0.0,0.012833076003512998,0.04414095750804933,0.014667490729850671,0.01961120229694125
71.7,1,0.03932547558599616,0.0,0.012604769113936314,0.045302936215385656,0.014741254344858946,0.01867580296686268
71.8,1,0.03960089879442949,0.0002235044652314362,0.013608159884545971,0.047481887394787696,0.01533659702478067,0.017891585019168665
71.9,1,0.03965353368366271,0.0010788720727277635,0.01711193566789807,0.05068812841174698,0.016480377419052394,0.017284492713685734
72.0,1,0.03942409679139846,0.0028888724870728875,0.02407617953356476,0.054500380434365225,0.017986464041201175,0.01693905610779238
72.10000000000001,1,0.038905265187718634,0.006076486458053439,0.03415185713185816,0.05819732539431126,0.019570871587549457,0.017007812817215123
72.2,1,0.03804390213825192,0.010663559160087146,0.04548806365540002,0.061110742948368185,0.020996836269691163,0.017625682567968336
72.3,1,0.03674129696723561,0.016036693087764172,0.05578610315631361,0.06293025637080703,0.0221500534351893,0.018804374308486423
72.4,1,0.03496709826062886,0.02115509086987737,0.06362873244733955,0.06375666511478664,0.023014188893827087,0.020374884509967484
72.5,1,0.03279614887439091,0.025102857577290746,0.06887852467595508,0.06391351751902274,0.023610982079319474,0.021999807469278983
72.60000000000001,1,0.030242028232342462,0.027527057148777925,0.07222431362538462,0.06365019128911448,0.023976123776381975,0.023256655224876313
72.7,1,0.02710573249323233,0.02864399963352021,0.07482845171561882,0.06291788732296774,0.02416569350794045,0.023789658915413143
72.8,1,0.023171753542918228,0.028938147289893752,0.07852422442516653,0.06141807901838276,0.024237112079332854,0.023476321524746182
72.9,1,0.01865348297402549,0.02887123394228284,0.08623646302088411,0.058958581948187344,0.024180151404628057,0.022479032659014943
73.0,1,0.014354522132962417,0.028755622814577594,0.10194933617200448,0.05581278429676587,0.023843191616621396,0.02109921889141538
73.10000000000001,1,0.01125740255326617,0.02875170238205973,0.12937442112571368,0.05268403597383476,0.022949072454170782,0.019548955290267157
73.2,1,0.009899987300379758,0.028914644244273563,0.16915514191040987,0.05027650883720203,0.021292055526588843,0.017866830945581655
73.3,1,0.010098800189116864,0.029250680131590014,0.21661647934415992,0.04889913631028628,0.019094052750330694,0.01604959488718258
73.4,1,0.011162703698150252,0.02975313046505515,0.26315315418933605,0.048429758130782485,0.01725985594737636,0.014227620242982719
73.5,1,0.012323545506305775,0.030408154787115223,0.3013159562409022,0.048547688004013635,0.017147906422354375,0.012685044886001147
73.60000000000001,1,0.013086308134518759,0.031212634894349424,0.32938634694658825,0.0489664617268357,0.019796652773006986,0.01172065981404123
73.7,1,0.013369929824558365,0.032294874159999196,0.35147539777204484,0.04953789755378262,0.025146738298042863,0.011492128148377724
73.8,1,0.013416806221248622,0.03424563073748452,0.3735376263357815,0.05025420887215465,0.031959538430697626,0.011939727488828445
73.9,1,0.013528631904394222,0.03874528004262527,0.39885672901118563,0.05121904255544448,0.03852984014946343,0.012794286959627324
74.0,1,0.013815500788930268,0.04941834569602533,0.4263196411444141,0.052620150987585254,0.043577457715912635,0.013671164607350949
74.10000000000001,1,0.014181239997204253,0.07221337832273625,0.4523675811911412,0.05463803039367497,0.04666306340738312,0.014240395612064489
74.2,1,0.014592604360634734,0.11377947703165493,0.47443917728311336,0.057215019072896625,0.0480168610558543,0.014375174651115048
74.3,1,0.015533656641698913,0.17708374994115544,0.4925405647223862,0.05984168737246561,0.04813023390231013,0.014163790225728442
74.4,1,0.018653040067174616,0.25689510880133415,0.5080100856679511,0.06170130736327811,0.047472579670953634,0.01379700721037472
74.5,1,0.027673476679880064,0.3401469839104115,0.5216756158223365,0.062198045687558774,0.0464162855542665,0.013446757232912275
74.60000000000001,1,0.04893784829661408,0.41266133776171426,0.5334635692016867,0.06138034423064681,0.0452412608856757,0.013210094918669413
74.7,1,0.08984766432958127,0.4669456163284189,0.5431439013823394,0.059838608561205354,0.044123849738207925,0.013100837514437812
74.8,1,0.154139120654138,0.5045240914909036,0.5508861198560079,0.058250665286490484,0.04314166992932819,0.013052584301765736
74.9,1,0.23672994540502043,0.5324058033045505,0.557198789296708,0.05703524136035082,0.04232797128345989,0.012938452183944833
75.0,1,0.32377269318961516,0.5584663725793908,0.5626294368232546,0.05630510560533092,0.0417242228930446,0.012632511006108557
75.10000000000001,1,0.39982459047107544,0.5887912486412334,0.5675041183864663,0.055999862125410124,0.04137294101716687,0.012097404496816698
75.2,1,0.4563597622409825,0.6260305291138208,0.5717386852610415,0.056021658461513205,0.04125947561332182,0.01142982742859727
75.3,1,0.4941717067085109,0.6681278606120855,0.5747548199634587,0.05627938365210058,0.0412558770221843,0.01081301736272
75.4,1,0.5190596743512825,0.7093315360139064,0.5754846238934952,0.056661943397604636,0.04113371903725357,0.010411577884446117
75.5,1,0.5364308317924559,0.7440948257996047,0.5723825249778518,0.057031435934249274,0.04068051506841511,0.010291705502635322
75.60000000000001,1,0.5492021015556964,0.7705800425890007,0.5636676143253427,0.057270255907395276,0.03984326136073656,0.010402196107171911
75.7,1,0.5585584775984395,0.7905346339033157,0.5482826659972571,0.05732525388723787,0.038754204667930975,0.010597899084158074
75.8,1,0.5651584485532317,0.8066016723802389,0.5272724292025128,0.057208200201984125,0.03759703089860731,0.01070270248399065
75.9,1,0.5696490385947808,0.8203809471610269,0.5039817072856033,0.0569760797785965,0.03642459334728853,0.010607124035194562
76.0,1,0.5727020613597216,0.8324526790174199,0.4818876414931435,0.056710349751584094,0.035073585222172986,0.01032114671652966
76.10000000000001,1,0.5749414406386667,0.8431106956595793,0.4614272930602003,0.05647704120604636,0.03325858964989487,0.009905917952602301
76.2,1,0.5768561787042814,0.8526298589851474,0.43898724020414026,0.0562610502587932,0.030812234075423665,0.009361019344511385
76.3,1,0.5787273818495677,0.8611113304651946,0.40992429516024936,0.05590439222860092,0.02788819177037586,0.008624203688466588
76.4,1,0.5806250207829324,0.8683297292788258,0.37379659490065514,0.05507071760752266,0.02491664692280875,0.007689110393658302
76.5,1,0.5824794859039439,0.8736081675702659,0.3368750429916107,0.05323503249533376,0.022319159874528503,0.0066761743933099645
76.60000000000001,1,0.5841640150689126,0.8755500574330549,0.30838202938437154,0.04976758810819165,0.020247091758100536,0.00575782717493912
76.7,1,0.5855261294719335,0.8718884525116616,0.29334882263829964,0.04425887062320886,0.018589617533990733,0.005036799205808354
76.80000000000001,1,0.5863192969754095,0.8602200735377887,0.28937268365237356,0.03701356690421666,0.01721619328127665,0.004520297814462398
76.9,1,0.5859084689892766,0.8398579851632596,0.29012910472471815,0.029236085129452853,0.016199177740855785,0.004189941463495871
77.0,1,0.5825318909255232,0.8134122757479398,0.2908103936875695,0.02253002614924362,0.015822478448310598,0.004064336409978413
77.10000000000001,1,0.5721822791352242,0.7860575451969098,0.2900349611023768,0.018057769461217094,0.01639561886932382,0.004206942689669949
77.2,1,0.5481126419285264,0.7624047945548503,0.2883007709980626,0.016083673873400102,0.018022547671376624,0.004713546363547462
77.30000000000001,1,0.5028440218353971,0.7433411299873884,0.2861915253528077,0.01612031518415036,0.020480246290629837,0.005691571188499223
77.4,1,0.43330191957029857,0.7248068554698752,0.2839179573272735,0.01732449167039213,0.02330301562356688,0.007196663947586169
77.5,1,0.34576701790264996,0.6983513475897479,0.28157725067739403,0.018841470541571505,0.026018384017541554,0.009141092435093706
77.60000000000001,1,0.2550478728749664,0.6532202321247587,0.2793044860736467,0.020050672531180386,0.028320988109672523,0.011266670360673473
77.7,1,0.17673552938774392,0.5810855759477338,0.27721978087574795,0.020681810006993442,0.030049150025474668,0.01324255950283498
77.80000000000001,1,0.11895671750085023,0.4827102045038035,0.27537210497327425,0.02076223459747405,0.031100922973697,0.014829713587583756
77.9,1,0.08070614251246451,0.3712392488400176,0.27373637703873144,0.020467285017353683,0.03147570148960833,0.01598680278489255
78.0,1,0.05637560746572961,0.2669375782928448,0.2722056144326014,0.019984443208555754,0.031360456417157824,0.016837641417663765
78.10000000000001,1,0.04067502598367852,0.1861084054953518,0.2705950893412467,0.01943180667289901,0.03105078230726801,0.01753266959808646
78.2,1,0.03040405112759357,0.1335569325093651,0.268720478064237,0.01883295255770119,0.03073268056944526,0.018125978379641878
78.30000000000001,1,0.02392622357851239,0.10402720747039094,0.2665184149120392,0.01814862168083355,0.030367046868989722,0.018564971998102656
78.4,1,0.02024482956002521,0.08876637205539037,0.2640772662701552,0.017330899885237627,0.029799061375707148,0.018772438029785992
78.5,1,0.018479666360961985,0.08054181416626235,0.2614792289423881,0.01634129253019907,0.028971522243288528,0.01873024900149263
78.60000000000001,1,0.017789743499565486,0.07498741533066033,0.2584745931502896,0.015132274110499564,0.028055941646006007,0.018509650995663096
78.7,1,0.017547887857358623,0.07006028029125311,0.2540475280220463,0.013666257530743773,0.027414539228148342,0.018249665202962752
78.80000000000001,1,0.017472898770465935,0.06522648298361124,0.24597582333276855,0.011999885946743219,0.02742161146466644,0.018102458085390006
78.9,1,0.017563014893624596,0.06069356586382173,0.23088314921694453,0.010334605253061149,0.02825158674371457,0.018167317243529223
79.0,1,0.017921487837807223,0.056746915169621534,0.2056855781595152,0.008939015112839602,0.029767515673071458,0.018442656862831606
79.10000000000001,1,0.018639053432193263,0.05341403359157655,0.17035822483181504,0.008018853021546146,0.03157999437158828,0.018825480415110157
79.2,1,0.01977209629829793,0.05050647128992746,0.129700528726085,0.007693904024304446,0.033226585078318674,0.01916164269076123
79.30000000000001,1,0.021319311156442613,0.04782409362746636,0.09146062403327948,0.008094790580468395,0.03435506607286803,0.01930951844696343
79.4,1,0.023150745229245942,0.045275454359863285,0.061696882900902326,0.00941163541423018,0.03481948736356943,0.019177293123724952
79.5,1,0.024989057443322117,0.04285291000434794,0.04164903025419337,0.011747341916033043,0.034659464459874625,0.018735044467876848
79.60000000000001,1,0.026526402951090256,0.04055344675279826,0.028804587455691404,0.014853448916733219,0.03399761510901676,0.018009990958031998
79.7,1,0.02758586861373688,0.038340110320118116,0.020254067158538096,0.018044275944680735,0.032946131736116366,0.017045601067727352
79.80000000000001,1,0.028170369199006846,0.03615991806981715,0.014690144325057667,0.0205084134207509,0.03159139734966576,0.01584334411629813
79.9,1,0.0283728795359806,0.03397128421666692,0.011867955510346051,0.02182734198727682,0.03001347772336366,0.014376188493602551
80.0,1,0.028245048122910017,0.03173870226502283,0.011217588249918307,0.022213270246611818,0.02825430516619871,0.01270359002825257
80.10000000000001,1,0.027689243371714897,0.029406402416392908,0.011476915308995752,0.022236708952475454,0.026268046813622496,0.011062747591061172
80.2,1,0.026386094256193236,0.026903676424418297,0.011425886175810796,0.022356939497532535,0.023979805252129283,0.009791713666841142
80.30000000000001,1,0.023856615616488868,0.024215802222132262,0.010597992996048324,0.022712164210894246,0.02145169337400786,0.009110501700877053
80.4,1,0.019789876244213394,0.02148701947174234,0.00924967222845996,0.02324647746375021,0.018967699292814486,0.008943007644329034
80.5,1,0.014469890985502176,0.0190711891068657,0.007843077668372622,0.023892948366964158,0.0169001328768728,0.008945134066581916
80.60000000000001,1,0.008832759592666621,0.017460942917722072,0.006647650508066637,0.02460209690290234,0.015469855314521753,0.008745731452579753
80.7,1,0.003972545878931697,0.01712857921760275,0.005710707053752821,0.025288114280122766,0.014622531396500603,0.00822839960226258
80.80000000000001,1,0.0005494808431996377,0.01850530960916646,0.0050167434572606015,0.025840170239365478,0.014097864835896463,0.0076199536153520354
80.9,1,0.0,0.022469238349970354,0.004568648826396148,0.026192333630417043,0.013600046284036353,0.007297378907305609
81.0,1,0.0,0.03141250643871061,0.004336783804643954,0.026356520780462977,0.012946862080328915,0.00748398050863585
81.10000000000001,1,0.0,0.049938840293292035,0.004206179790591379,0.02639354634935241,0.01211197043963026,0.008106617904223526
81.2,1,0.0,0.08341897152949834,0.004005560768460776,0.026368039417396735,0.011139891374239123,0.00889861796712237
81.30000000000001,1,0.0014288817853441913,0.13392990873286117,0.003570957031547722,0.026320447214106802,0.010025009974727736,0.009586260342955281
81.4,1,0.005086961253905132,0.19649134060858617,0.0028006829245068804,0.02626013357559933,0.00869502227570679,0.009995582267629243
81.5,1,0.013402595832910827,0.25994393634811164,0.001738323245405585,0.02617668149671047,0.007122733978802358,0.010096759757707671
81.60000000000001,1,0.03202367456509925,0.31291302846082497,0.0006623731398549991,0.02605014221356078,0.005435536351274679,0.010050385273956129
81.7,1,0.06797848005851623,0.3498262378799427,1.787421379701782e-05,0.025823891761087514,0.0038934942092072942,0.010193282335763299
81.80000000000001,1,0.1253497007831743,0.3719784052998945,0.00010911839722635663,0.025337896716270594,0.0027521933946005107,0.010873776700920278
81.9,1,0.2002633337920735,0.3840983544149802,0.0008221861022988848,0.024299344260819398,0.002136863765080761,0.012215116021638595
82.0,1,0.2802723472087397,0.3906222175087467,0.0017869493001879478,0.02240224344365343,0.002022212860539004,0.014017820910116595
82.10000000000001,1,0.3504227704868641,0.3943082093999327,0.0029858374758274966,0.019592960881409698,0.002307347292171908,0.015905203077807413
82.2,1,0.4013997303649637,0.39660299677602096,0.005305041632790401,0.016265968791662002,0.0029121607637649168,0.01757465721985223
82.30000000000001,1,0.43278669368226036,0.3982575128736546,0.01047521728614192,0.013142648166629056,0.0038189248816614617,0.018923542608450798
82.4,1,0.44995060131194897,0.3996359116257458,0.020194312504758973,0.010893138141585117,0.005021721363174681,0.019985638465251154
82.5,1,0.45904680398437064,0.4008748940375842,0.03476129264220015,0.009870215471406096,0.006435260194451191,0.020816956905521027
82.60000000000001,1,0.4643747487778584,0.4020203829275513,0.052228011156461106,0.010180681250489595,0.007883037069880403,0.021453882418004642
82.7,1,0.4683122718643406,0.40309606280558585,0.0691408874819012,0.011879748909477848,0.009203909872146114,0.021919117756037356
82.80000000000001,1,0.4719964804298246,0.40408647080102883,0.08261414927638668,0.01494078843303504,0.010356832403547903,0.022214734078549937
82.9,1,0.47573619401525186,0.40491206395147367,0.09196652456305625,0.01901094555918046,0.011408218156239285,0.02231815450086306
83.0,1,0.47928314886915613,0.40547230837945974,0.09853430241267692,0.0233335542031111,0.012454544674472531,0.02221525781711972
83.10000000000001,1,0.48220492188569686,0.40573643990907965,0.10417559033802987,0.027089593010206893,0.013587383162113038,0.021938376632743235
83.2,1,0.4842356435356858,0.4057829835298593,0.11003065062744644,0.029902280453316443,0.014882684477455735,0.021552046714994583
83.30000000000001,1,0.4853989176487003,0.405688676063778,0.11632405589925696,0.03200529129060612,0.01634267183352463,0.02109808012407932
83.4,1,0.48591085521264016,0.4051914507811613,0.12272579064538355,0.03392432769051673,0.017837825284056055,0.020573420324753317
83.5,1,0.48602557074812297,0.40306377010424294,0.1285968230516218,0.03602202416866727,0.019163507498393514,0.019970452422008022
83.60000000000001,1,0.485932118500397,0.3963352395270543,0.13316121720756482,0.03831295339893239,0.02019967979592308,0.019319399243700595
83.7,1,0.4856953024485617,0.38010047960554433,0.13590576600552237,0.04059715678548579,0.0210227037766642,0.018674555845563462
83.80000000000001,1,0.4851809079251635,0.349160060213804,0.13699268532954137,0.042687451637836396,0.021853792365693344,0.018077390003629287
83.9,1,0.48386522168739454,0.30173077408340815,0.13721869529378605,0.04454310324846344,0.02287491332429962,0.017560207247256716
84.0,1,0.4803467664342678,0.2426984785035547,0.13750535527614213,0.04626337601206497,0.024052358104432413,0.017175934332014718
84.10000000000001,1,0.4715036161777207,0.18264804722992964,0.13836388453542098,0.04798387450783162,0.025118590536254783,0.016986819037328373
84.2,1,0.45194958712289957,0.13240319020319719,0.13972861883992013,0.04978042295191966,0.02574604402852224,0.01700487333379822
84.30000000000001,1,0.41535128819495715,0.09772533436347158,0.1411890399958245,0.05166462909775826,0.025764414347583243,0.017156706856515946
84.4,1,0.3585064745033483,0.07841392047281451,0.14234443314108114,0.05362068774095041,0.025234839694221745,0.01733169968768344
84.5,1,0.2858577846201179,0.07089633286155529,0.14296844266181988,0.055586164846206015,0.02437353916318794,0.017485615794763067
84.60000000000001,1,0.20961901517851403,0.0707877632654208,0.14289016691413475,0.05741332643832345,0.023468728850832624,0.01771231300029921
84.7,1,0.14373401411197478,0.07406480498971718,0.1417378338988829,0.05891267508405229,0.022857153131915137,0.018217675277611835
84.80000000000001,1,0.09642071343113803,0.077677465544183,0.13877815480058406,0.0599475425007587,0.022877163031751302,0.019198610790480623
84.9,1,0.06763263719243942,0.08001370775821776,0.13309872458716446,0.06044869048246297,0.02373075727804139,0.02069190900666184
85.0,1,0.05211605758206771,0.08081222119394083,0.1242565137955656,0.06031172694269297,0.02533991097903816,0.022490904175555278
85.10000000000001,1,0.04370864765710585,0.08050934793978562,0.11300641476352814,0.059288811368411624,0.02735955916675069,0.024207009267605568
85.2,1,0.037651823971603056,0.07959530415041594,0.10128231092540459,0.057016316131116795,0.029385740134213273,0.02545883502895626
85.30000000000001,1,0.0311684075965145,0.07836502504812992,0.09119536004207399,0.05321826791348451,0.031191362893331222,0.026066902566493893
85.4,1,0.02349560165809669,0.07695179245447761,0.08416966279954272,0.04798026124871153,0.03277606951690166,0.026120769921739576
85.5,1,0.015528393454908324,0.07539323344025918,0.08152873672856857,0.04189468755144412,0.034199492131562655,0.025882882041260446
85.60000000000001,1,0.008824243095507256,0.07367474990471903,0.08587972017514282,0.03590990545361473,0.035387587677265554,0.025614326769583376
85.7,1,0.004393744255867948,0.07180630529197794,0.10073122638912464,0.03091121535355214,0.036126859292859956,0.025454168868683822
85.80000000000001,1,0.0021337651280610294,0.0698859253506338,0.12728785865736567,0.027312957015677475,0.03625869874432495,0.025419405934104182
85.9,1,0.0011938095404116912,0.06805722886506739,0.16151340913631837,0.024971538015811534,0.035868030376602196,0.025482571850073042
86.0,1,0.0007195684901961637,0.06640794216706399,0.1955106894784611,0.023431724991629613,0.035261758254764394,0.02563969377059368
86.10000000000001,1,0.00029780828896965717,0.0649418725240176,0.22245895182902206,0.022221450008568247,0.034739987067439186,0.025922190961673874
86.2,1,0.0,0.06363533894513786,0.24009951770620958,0.020953039990272284,0.03435388633062111,0.0263575271153018
86.30000000000001,1,0.0,0.06248251213807641,0.2500237871712912,0.019244208286786503,0.03386070530686864,0.026908674869324634
86.4,1,0.0002629919191672033,0.061502490235831306,0.254935398500085,0.016644385591700697,0.032939438583691596,0.027439794613127587
86.5,1,0.0009727353178637815,0.06078322418654172,0.25697474543080556,0.012763937828495628,0.03150939090562264,0.02774391021605262
86.60000000000001,1,0.0017380530632253029,0.06064459795709599,0.25758972056540697,0.007634478049287177,0.02986385234353576,0.027606971552940836
86.7,1,0.002283043533260525,0.06194744663665816,0.2577877738578082,0.0020278344196150437,0.028471069586417097,0.026849758379875986
86.80000000000001,1,0.00251034933409255,0.06646915617354741,0.2581317885507974,0.0,0.027619443296384487,0.025351730821296457
86.9,1,0.002500000006220433,0.07696826453896621,0.258702782532859,0.0,0.027235558348395243,0.02311816294730707
87.0,1,0.0023664972871761656,0.09623865856629235,0.25930443461935976,0.0,0.027010091025635747,0.02037682801204914
87.10000000000001,1,0.002122246790630028,0.12496565592405927,0.2597920275301931,0.005331535821255394,0.02666980168094416,0.017574875794796458
87.2,1,0.0016581602674122923,0.1598533479786503,0.2602338888303009,0.016962713456999727,0.02614091850698078,0.015197510164305057
87.30000000000001,1,0.0008492728314564754,0.19432695717275342,0.2608112919513997,0.03046544684733648,0.025499175014443053,0.01352850109926222
87.4,1,0.0,0.2220074977688061,0.2616206666557513,0.04289867864267506,0.02481951596230159,0.012551318550339868
87.5,1,0.0,0.2400869196883665,0.2625820445439542,0.05223527865399344,0.0241043104176561,0.012038864304789074
87.60000000000001,1,0.0,0.2498141108876721,0.26349864715916393,0.05812288732890468,0.023314741955700678,0.011719161312317688
87.7,1,0.0,0.25440967626051825,0.2641437780883133,0.06143117633407882,0.022384977216461047,0.011409103847437
87.80000000000001,1,0.0,0.25677910437034673,0.26419987670479556,0.06327778728287888,0.02118817845637397,0.011080113516286374
87.9,1,0.00014856805828731496,0.2585560015367873,0.26292222846985513,0.06441623685167545,0.019571594556105666,0.010854194630611718
88.0,1,0.004691407099403073,0.2602870822776445,0.25854616519853185,0.06519615277333604,0.01750027030059949,0.010954782365726902
88.10000000000001,1,0.011045228659421001,0.261959322868708,0.24785345414166804,0.0657668879885868,0.015160275234026858,0.01163914997291034
88.2,1,0.018233036933206277,0.26341018315515835,0.22688133489126613,0.06621822780508152,0.012883864302526655,0.013091291820984466
88.30000000000001,1,0.0254893275159088,0.26454184466368524,0.19355376066669328,0.06660733546492911,0.010959911240939259,0.015267179783515118
88.4,1,0.03343651635132164,0.265380064001678,0.15110563680182088,0.06695001879226406,0.009497677049241126,0.01780847255254743
88.5,1,0.04476270327309701,0.2660312666053548,0.10925863015244867,0.06722910692894726,0.008416222779249903,0.020170172667419054
88.60000000000001,1,0.06416464150673745,0.2666264835442444,0.08129045997184638,0.06741886536435686,0.007518233002272853,0.021906819655552374
88.7,1,0.09722728951534652,0.26734867164310583,0.07859984753795692,0.06750676397083044,0.0066038222734639395,0.02287628766583707
88.80000000000001,1,0.14743397967576494,0.26860432289143005,0.10574549976679713,0.06750412716607938,0.005591568381587585,0.023218981995183643
88.9,1,0.2121757586648957,0.27138496979204274,0.15783003073519716,0.06744732510994357,0.004570544902968692,0.023203577838991758
89.0,1,0.2816628912761671,0.2778764136222235,0.22173716235991428,0.06739100617866045,0.00372070812565917,0.02308971093579639
89.10000000000001,1,0.3435272303332677,0.292084590190692,0.2819509142426347,0.06738869372452012,0.003161969265214343,0.023051901659217056
89.2,1,0.38984327324797335,0.3193956049486057,0.32791177429679297,0.06744448798347741,0.002866891743059783,0.023148221886291346
89.30000000000001,1,0.420205209431315,0.36371771769350636,0.3574210689696927,0.06741729722258195,0.0026860464638138264,0.0233367756502759
89.4,1,0.43904119288732524,0.4231080366686307,0.37426832921113495,0.06690530825840713,0.002409091461859056,0.02353609750017747
89.5,1,0.45116818074591963,0.4881329151733447,0.3836580548643,0.06523307413753943,0.0017837784944934412,0.023682967594432693
89.60000000000001,1,0.4596154773771999,0.5462325964176656,0.38946920502887317,0.0616977942735462,0.0005272252191610303,0.023740886317933058
89.7,1,0.46592735647440314,0.5890711385868621,0.39396811325492476,0.056056885248437764,0.0,0.02366857270941468
89.80000000000001,1,0.4710988315389347,0.6160969096585474,0.39841530648581236,0.04891489818349481,0.0,0.023401582262184847
89.9,1,0.4760999616569334,0.6319084281512432,0.40340621307508717,0.04157789860225005,0.0,0.022881463111376392
90.0,1,0.4821665434759433,0.6415003001119542,0.40888497293291837,0.03536996943558385,0.0,0.022110220913196747
90.1,1,0.4911772450950943,0.64789268511412,0.41426358031586513,0.030966695175510296,0.0,0.021174483013364862
90.2,1,0.5057140231337903,0.6524658807940358,0.41882315277982124,0.028285836635164242,0.0,0.020209452983660576
90.3,1,0.5279584622794022,0.6559192261915304,0.42213048776897144,0.026878522853765595,0.0,0.019327853638068205
90.4,1,0.5576167675828007,0.658687065677274,0.4241716295228909,0.02634573182914434,0.0,0.018556638901331097
90.5,1,0.5908974290993911,0.661003651618191,0.42523050042068344,0.0264735259254924,0.0,0.017793246835337635
90.6,1,0.6222836098377171,0.6629782981732215,0.42571148419133764,0.027139980408885465,0.0,0.016786677938632314
90.7,1,0.6477694518426043,0.6646870523067686,0.42598750965218296,0.02818583990276258,0.0,0.015200652677864437
90.8,1,0.6663963601993199,0.6661893735645646,0.4262337613686189,0.029404433370369753,0.0,0.012814164919507
90.9,1,0.6791172535836286,0.6675003943495623,0.4261990259007532,0.030709017368796374,0.0011202078475484147,0.009761497418063985
91.0,1,0.6868924351242636,0.668597369557114,0.4248480409323327,0.03237313326316591,0.003002893082295514,0.006572569925300143
91.1,1,0.689666723013972,0.6694601856405173,0.41983704278135564,0.03509418950556007,0.0045500664568656896,0.003902126945609678
91.2,1,0.686200067242032,0.6700692569970746,0.407179511294882,0.03966400753644145,0.0058722731563006425,0.002147297852944707
91.3,1,0.6746742686695085,0.670276117802734,0.38215018045854326,0.04632998187014245,0.007026564351963859,0.0012688764041513785
91.4,1,0.6544312208402784,0.6694457534377113,0.34219160954562655,0.05435695899105553,0.007995240909296366,0.000917762533252504
91.5,1,0.6278767120225641,0.665693322121865,0.2902644842817478,0.0623246337485631,0.00871201457164144,0.0007079923457705967
91.6,1,0.600287357633271,0.6547157486127718,0.23500173153882264,0.06899769769964997,0.009138765295340776,0.000435806620026967
91.7,1,0.5770050862829289,0.6291323802897046,0.18615112143491513,0.07394309055548999,0.009325935751367254,0.0001483397170969665
91.8,1,0.5605747018658958,0.5803674586902173,0.1488702119635598,0.07739915784113457,0.009405547589392656,4.7762939593438516e-05
91.9,1,0.5503837036800057,0.5041349779783858,0.12192887530649996,0.07976940643053478,0.009533367154232307,0.00029173051227819976
92.0,1,0.5443899250736017,0.4063254944706611,0.10067344443967344,0.08133015139618846,0.009829455582177892,0.0008482209346239718
92.1,1,0.5407827216041002,0.30297169089574055,0.08124990369542176,0.08224939961195897,0.010361670625083625,0.0015387826903636788
92.2,1,0.5384844253910547,0.21220530002864307,0.06254826814101598,0.08267889423523941,0.011181786324941458,0.0022094698235922737
92.3,1,0.5368684650447756,0.1447103739915879,0.045265102925491914,0.082789034985265,0.012357250947041439,0.0028453144290460056
92.4,1,0.535177120890727,0.10086466777810486,0.03008630253787275,0.08276308240858643,0.013921473556409325,0.0035566245671579495
92.5,1,0.5315789284248335,0.07493568747138614,0.017086110986540518,0.08276265099974038,0.015769145922472083,0.004520626104434072
92.6,1,0.5219094352370056,0.06030705530492866,0.0063191640628014025,0.08287675992124915,0.01763525646362573,0.005935789708905297
92.7,1,0.49918916333197705,0.05182312756480519,0.0,0.08311095932275231,0.01922051073546883,0.007933152902595771
92.8,1,0.45599331616442573,0.04605780649986267,0.0,0.08344240544673116,0.02033566139028667,0.010428762365911138
92.9,1,0.3904339967988243,0.041180096439940646,0.0,0.08386918425174399,0.02092674134033367,0.01306313400994913
93.0,1,0.31230904413486865,0.03665465178416585,0.0,0.0843810805146748,0.021032889158793488,0.015361865183617865
93.1,1,0.2430365242487088,0.03261529999811786,0.0,0.08490097285877722,0.020798387025122225,0.01700981151430047
93.2,1,0.20651186058357604,0.029245480402171654,0.0,0.08530211304495544,0.02050376302885856,0.01799530491169304
93.3,1,0.2160419205477912,0.026544822722958644,0.0,0.08549751107446635,0.020485745553081754,0.018542384413125442
93.4,1,0.26673456296000764,0.024430946970935154,0.0009711470802610195,0.08550947370964568,0.020948575645657778,0.018957080990229108
93.5,1,0.33884783736524265,0.022867915060979023,0.0020637148134033463,0.08555685579775604,0.02182354643391899,0.0195093553205144
93.6,1,0.4094194912009686,0.021837255099436015,0.0026429076153939575,0.08641669587421326,0.02281094004404952,0.020356619236960354
93.7,1,0.46364168934587546,0.021227676722789912,0.0030674824224049676,0.09027848869564781,0.023587389065021745,0.021495364936268083
93.8,1,0.4985487161537009,0.020800753272997834,0.0035902855732400907,0.10151483582230195,0.024023535278638503,0.022778947210116935
93.9,1,0.5187743093424209,0.020286106500941776,0.004317717677263782,0.12564176620436274,0.024244075494300906,0.024018389000689793
94.0,1,0.5302454799449088,0.01952262579738266,0.005233051261724359,0.16543893795598288,0.024501377725073006,0.02509525190360623
94.1,1,0.5369330329701164,0.018515383091155177,0.0062485603021481964,0.21681955919717766,0.024992721009317004,0.02598842530103073
94.2,1,0.5409432961865736,0.01736109620587742,0.007356536011162031,0.2693111685861481,0.025764065055573653,0.02670240208039259
94.3,1,0.5435601177581031,0.01613181726895323,0.008972555031346108,0.312035467152395,0.026729049212852865,0.02719682955738666
94.4,1,0.5457265367918117,0.014844380872234948,0.012502546315397958,0.33983363171295766,0.027742088670690265,0.02741554005438026
94.5,1,0.548005753276596,0.013527578716049898,0.020903461350240102,0.354256603911312,0.028661175312400363,0.027371241954501448
94.6,1,0.5504948270209451,0.012274042387278786,0.038455633736681843,0.3601211295108145,0.029367537569282058,0.02714568131052143
94.7,1,0.5528976666478604,0.01119178996386621,0.06880620986000156,0.3619294050420053,0.02974472532813275,0.026781686968234693
94.8,1,0.5547282288643652,0.01030654767035186,0.11172212081868929,0.36253410535028735,0.029664363281102182,0.026217669908145325
94.9,1,0.5555581085729474,0.009526989107716878,0.16124468909695314,0.36338031359024736,0.029036926687045692,0.025370315906300612
95.0,1,0.5552273333787006,0.008706481169435358,0.20785731691342935,0.36499589533699855,0.027908568067005722,0.02426046676601519
95.1,1,0.5539390226723246,0.007735756765568325,0.24359675139019663,0.36728627395336444,0.026491807489508294,0.02301573307438839
95.2,1,0.5521700235764117,0.006594400310782281,0.2658917608864509,0.36977875629679086,0.02506207302610003,0.021760250503426205
95.3,1,0.5503863644727492,0.005348611654249678,0.27740255836505456,0.371923492703432,0.023809507027384064,0.02054798438395186
95.4,1,0.5486045190382038,0.004120451629495473,0.2830695427819329,0.3733679325695823,0.022781740238975983,0.01940450343043374
95.5,1,0.5457797235249138,0.0030444647266193,0.2872121536812426,0.3740937090718399,0.021911512634535852,0.01838404267381288
95.6,1,0.5390166220116872,0.002214148965901865,0.29219555310808343,0.3743781915879005,0.021016396732656404,0.01757088810047935
95.7,1,0.5231576594230488,0.001633771821775324,0.2985083295985655,0.3746189190573625,0.019758789856314827,0.01706823300076065
95.8,1,0.49215959083272887,0.0012071319615898977,0.3055256694344844,0.375108844683271,0.017706043716158717,0.016997132771303068
95.9,1,0.4429994615900662,0.0007811013351899872,0.31233634569972235,0.375860796815062,0.014585919215081473,0.017435692675225784
96.0,1,0.3797228322268455,0.00022533632993721326,0.3182768659640477,0.3765146713826096,0.010596217992692362,0.018285331440390906
96.1,1,0.3131553995147022,0.0,0.32311840917643575,0.37620621865412024,0.0064676249772174345,0.01921032259592045
96.2,1,0.2552651154784656,0.0,0.32705635509947656,0.37315182403621255,0.003138203905919799,0.019788392967022488
96.3,1,0.21324589629494656,0.0,0.33066549123970285,0.3639932877625637,0.0012588389838684888,0.01977746866532206
96.4,1,0.18866720114075097,0.0,0.3349203813203245,0.3438458299490747,0.0009096686865488806,0.019236912938704533
96.5,1,0.18077085368451967,0.0,0.34131987686631043,0.30851347601579804,0.001701977258880554,0.01838796726688854
96.6,1,0.18900239285686876,0.0,0.35188563765252107,0.2585799106065792,0.0031171185508862883,0.017395961293199404
96.7,1,0.2124784392827533,0.0,0.3684318611783567,0.20178368157662935,0.0047811114440363825,0.016324714510687302
96.8,1,0.2480971915927345,0.0,0.3909493288708409,0.1499666429582303,0.0064821285709846565,0.015263428486811274
96.9,1,0.2897745160301499,0.0,0.41640128443880436,0.11216433636542061,0.008023195363876703,0.0143981160984296
97.0,1,0.32989059999709697,5.4576727964514875e-05,0.43961942123142667,0.09005104425944194,0.009174556988280942,0.013902083349222048
97.1,1,0.3622949837752913,0.0008186302357810413,0.45587885946259316,0.07935915658187158,0.009811268680907944,0.013790114440884143
97.2,1,0.38477124529274814,0.0012586989910831157,0.46280922712669786,0.07452359249639451,0.010029219405942225,0.01392394582271579
97.3,1,0.3990629125989161,0.0013428257571830892,0.46052203051312385,0.07184838206061386,0.010059243611678724,0.014142686022602458
97.4,1,0.4088343711329261,0.0011252275051190012,0.4510148093270807,0.06977685711546307,0.010084817383296654,0.014363222623859494
97.5,1,0.41766967616335554,0.0007292352580778264,0.43764762997441975,0.06787335891121234,0.010174928628175468,0.014596066335982292
97.6,1,0.42824595941007493,0.00031140286288320896,0.4241914250140492,0.06608757249827016,0.01035732974390903,0.014935007311654803
97.7,1,0.44201120782396336,2.8316073865720607e-06,0.4133967972923054,0.06453221533099082,0.010689248746502712,0.015548086675193615
97.8,1,0.4588152286335427,0.0,0.40612705548658784,0.06338961549678132,0.011232983802058146,0.016626572655891337
97.9,1,0.4771115398211582,0.0,0.40168514452352366,0.06276237878101494,0.0119831958049583,0.018269835022909048
98.0,1,0.49507173588851827,0.0,0.39878562093015085,0.06255896258626675,0.012839541623950198,0.020379683838681367
98.1,1,0.5117016011356657,0.0,0.39635260733805194,0.06252494420484224,0.013655112422010013,0.022681035288248476
98.2,1,0.5269982003599752,8.896847643680224e-06,0.3938472817692937,0.062384795761371466,0.014313248585740021,0.024879254801753584
98.3,1,0.5412961552285971,0.00011929823338938655,0.39122871584460445,0.06198002296298182,0.014772378117925854,0.026802087629512725
98.4,1,0.55458669286151,0.00033739494336066576,0.3887247103628408,0.06131495464645049,0.015062393198038255,0.02838760314109678
98.5,1,0.5663225364352358,0.0008348648448072628,0.38656233255229205,0.06049059065170854,0.015254827778518507,0.029587871211909898
98.6,1,0.575734244728943,0.0019596330748584546,0.38476614570390966,0.05957584237578553,0.015429172538656333,0.030358772306417155
98.7,1,0.5823460876091657,0.004167202078436383,0.38306433587836397,0.058520313724759014,0.01563721977101394,0.030739559629750928
98.8,1,0.5862237908178805,0.0077258752024606464,0.3808401269331905,0.057187783747684434,0.01586070613436508,0.030871239039441035
98.9,1,0.5876557081020622,0.012371270911300348,0.3769089482669434,0.05545780579986965,0.015972081903396152,0.03090680461664503
99.0,1,0.5864213274264324,0.017298683493834833,0.3688794489055903,0.053255862647056576,0.015718456882132664,0.03092659962334373
99.1,1,0.5811813121612908,0.02167466359247001,0.3524329917591123,0.050492159243964614,0.01475004630244594,0.03093643767913542
99.2,1,0.5695815944522055,0.02534755309030163,0.32193128819861616,0.047073814635905376,0.012731287449243888,0.030906347278596185
99.3,1,0.5493445088476847,0.029310646283148827,0.27367015880631396,0.04308157718288212,0.009554490929598492,0.030797020022013486
99.4,1,0.5198275592899009,0.03588896416402307,0.21029886367634543,0.03891448982178137,0.005540285016520787,0.030574802375837047
99.5,1,0.48266921264744533,0.049011344664105956,0.1420012182982157,0.03515694058051979,0.0013946460775765214,0.03022567977714461
99.6,1,0.44053805286496456,0.07449064112883504,0.0820312413327701,0.032244144298986054,0.0,0.02976506491183232
99.7,1,0.39513573376592886,0.11897575801124183,0.04025149821433545,0.030246297190718804,0.0,0.029244294484009847
99.8,1,0.34700442037487894,0.18607053142361174,0.020373611311766886,0.028940975823594055,0.0,0.028748029195895152
99.9,1,0.2976327717643488,0.27127306748073926,0.02147176719788638,0.028040546201329068,0.0,0.02835543845920961
100.0,1,0.2509758034332767,0.3611402433483966,0.03973128522238205,0.027345620346200947,0.0,0.02805678564032689
100.1,1,0.21187526166503262,0.4397037803397259,0.06860211610956124,0.026741816538755993,0.0,0.027681233495364187
100.2,1,0.18296148026277098,0.49729949597384665,0.09965157067521896,0.02613317930852927,0.0,0.026919517476192468
100.3,1,0.16353029450696338,0.5339242208378291,0.12555686119266166,0.025439143769551784,0.0,0.025462354772985894
100.4,1,0.1510606642641303,0.5555074001633127,0.142973163266865,0.02468670766302067,0.0,0.02317949910281995
100.5,1,0.1430558449156116,0.5683744765605907,0.15264622841135558,0.024116470580859452,0.0,0.020221133560814824
100.6,1,0.13756451934539274,0.576632557559287,0.15724211861204374,0.024172539195573266,0.0,0.016955639537010063
100.7,1,0.13290703028087425,0.5824499432340617,0.1592373248842026,0.025307132386486467,0.0,0.013763866754854047
100.8,1,0.12764779889990932,0.5869900252029367,0.16013436040709558,0.027688888349340503,0.0,0.010853879217361292
100.9,1,0.12098875262686054,0.5908796113170419,0.16062719197765862,0.031030747533178586,0.0020819130906578045,0.00827708229046596
101.0,1,0.11311778114281404,0.5943908541094152,0.16097073807331788,0.03468738250767173,0.004594663181757599,0.006103414336143229
101.1,1,0.1050854336783076,0.5976209665971491,0.16124110498090985,0.03794943603765153,0.0067197506092894245,0.004500695632981459
101.2,1,0.09817995371802662,0.600621193009066,0.16146257479447954,0.04032532882239446,0.008085425640159514,0.0035987004874136115
101.3,1,0.09318720513278482,0.6034034968073628,0.1616298955386028,0.04167107751016811,0.008535429100770923,0.0033269939004524868
101.4,1,0.09001026849645806,0.6059095375131787,0.1616762987062051,0.04215436273033118,0.008236951053539054,0.003436499949095565
101.5,1,0.08781203618764817,0.6080480543349647,0.1614692419748701,0.04209462598871926,0.007582967222277107,0.0036588235504501
101.6,1,0.0854904797924486,0.6097760999322335,0.16088099033909972,0.041765489069035946,0.006973803721407544,0.0038254076498846095
101.7,1,0.08217606403138758,0.6111088164831718,0.1598891222870985,0.041291504752444315,0.006643451950291355,0.0038742876326232703
101.8,1,0.0774772400229492,0.6119734349830924,0.15860613027241338,0.04070451597466974,0.006612662287071387,0.0037957955053140916
101.9,1,0.07135854795956528,0.6118535714175307,0.1571831326021147,0.040056148916542966,0.006744223018998276,0.003586832286326358
102.0,1,0.06389384051641064,0.609098082452345,0.1556324088585244,0.03942657318287849,0.006855430691783532,0.003245532849860516
102.1,1,0.05531191265492163,0.5998651939872287,0.1536496987960079,0.03883284023397608,0.006844661079333558,0.0027918655517570738
102.2,1,0.04626125965909655,0.5774454028631762,0.15044410371224176,0.03819379518439851,0.006750496358916119,0.002273018701052821
102.3,1,0.03768161330028784,0.5337950517850071,0.14456563218254534,0.037415575563430975,0.006674804951018467,0.0017349276199677332
102.4,1,0.030147496802772237,0.46445336717610985,0.13401540605020523,0.03648217970037741,0.006641470718407096,0.0011894135512032702
102.5,1,0.023477156634249423,0.3742053019098221,0.11727848717967443,0.035452022788353604,0.006574925415557585,0.0006197275388751962
102.6,1,0.017203494448415953,0.2776121929707432,0.09533980269113608,0.03440415145557687,0.006454741900685441,2.9329870624745806e-05
102.7,1,0.011351892229595765,0.19191217564607482,0.07320792458224545,0.03340905728256254,0.0064482067174335845,0.0
102.8,1,0.006585529274591815,0.1278583636685623,0.05892124413116665,0.032520491104935406,0.0068071261155155174,0.0
102.9,1,0.003643417995234393,0.08642054401794341,0.05979870625954395,0.031749093535557806,0.007609464329954888,0.0
103.0,1,0.0028058062144703517,0.06240119371204702,0.07814985457518318,0.031012792762071865,0.008645008716234144,0.0
103.1,1,0.0038787965159053934,0.04952921037957987,0.10942889834431198,0.03009496604212703,0.009582925700040759,0.0
103.2,1,0.006444423061217523,0.042940554980042844,0.1444455834527352,0.02865745026921052,0.010234117049043548,0.0
103.3,1,0.009954114957416922,0.039434001500958084,0.1743759812301506,0.026344943574422144,0.010645922897205165,0.0
103.4,1,0.013711679667438584,0.037145900674856965,0.1948771014472206,0.022956763901338946,0.01098345407541498,0.0
103.5,1,0.017026648730010533,0.03515489034071156,0.20646810454636874,0.01859956925604846,0.011359085518370567,0.0
103.6,1,0.019493105449645352,0.03303376882402914,0.21199293969989072,0.013741115015974224,0.011771755245141622,0.0
103.7,1,0.021096669524047887,0.030592983426284248,0.21410288585254222,0.009114594995188836,0.012176858015679685,0.0
103.8,1,0.02207179491284626,0.027931223746193317,0.21438767426666502,0.005437597561380178,0.01258478654640673,0.0
103.9,1,0.02269892283506557,0.02551861111496078,0.21366935602235318,0.003026194214893375,0.013079153011708021,0.0
104.0,1,0.023180545976507583,0.024052723878030157,0.21245873244849545,0.0015917773822585826,0.01373997392125449,0.0
104.1,1,0.023593580562945696,0.02427277500089758,0.21117839402160038,0.00048016007201459246,0.014559618413821442,0.0
104.2,1,0.02391951698240336,0.02721442854050333,0.21020498689992992,0.0,0.01544932217105976,0.0
104.3,1,0.024158134719037494,0.03493920140900398,0.20983788928787214,0.0,0.016324822982550335,0.0
104.4,1,0.02441290933453622,0.05078432483073849,0.2102354960259865,0.0,0.017158895112540425,0.0
104.5,1,0.024814835448476447,0.07786047035624348,0.2113552646357128,0.0,0.017956241729685164,0.0010372017807475666
104.6,1,0.025372338712368308,0.11607069517771601,0.21295650703998031,0.0015975125997520349,0.018738592892991204,0.0022887100761210862
104.7,1,0.02596944918623343,0.1602987450851191,0.21469366207305077,0.007668871559662465,0.019575607991588476,0.0034317747987815056
104.8,1,0.026511966608873134,0.20231630570859474,0.2162453055607764,0.015752957858523722,0.020554649267754868,0.00433767152898396
104.9,1,0.026995871300409632,0.23536322430269088,0.21738272934119596,0.024291910771648054,0.021660655766981257,0.004973042219694112
105.0,1,0.027408975489875153,0.25736296483172455,0.21791135374260545,0.03161988731321479,0.022729922323666274,0.00539682788349694
105.1,1,0.027618088549429744,0.2703404008611645,0.21744316401864097,0.03681488483735077,0.023578244741552845,0.005734774636693304
105.2,1,0.027391855391586273,0.2776227538569266,0.2149588874412682,0.039907096559509705,0.02415810490598853,0.0061563372445113665
105.3,1,0.026546600494517646,0.2817733080197958,0.2082871631987108,0.04144277161633745,0.024565361693723763,0.00681619378531141
105.4,1,0.025078296603160282,0.2842466895138213,0.19411309834666154,0.04199164776512087,0.024923189719384346,0.007764160497996501
105.5,1,0.023133251823340764,0.28584303317447424,0.16941959117299188,0.04197436208690576,0.025291601326227084,0.008916447591595444
105.6,1,0.020830647290456212,0.287044511033149,0.13419057782592836,0.041701410684070316,0.025655735146258782,0.010139065011614533
105.7,1,0.018167584114349274,0.288114893928365,0.0930998965958966,0.04140124009818966,0.025936853313099504,0.011348324709584962
105.8,1,0.015173067259675682,0.2891552195058123,0.05376331439537256,0.041196354022802285,0.02600171641843189,0.012507601060309027
105.9,1,0.012121112026491064,0.29017823356542444,0.022496961320436493,0.04110056987419308,0.025714943559576042,0.013550374529061885
106.0,1,0.009477305156330596,0.29116324179802533,0.0014801571449391182,0.041078212134927544,0.025039700015800505,0.014366856286430148
106.1,1,0.007586785340697766,0.2920816051884285,0.0,0.041133674330304966,0.024095844412159673,0.014900404887575153
106.2,1,0.006442990796920363,0.29291459866983577,0.0,0.04135100992992308,0.02309044918409541,0.015244774009348063
106.3,1,0.005756565739265942,0.2936677886425367,0.0,0.04182482693441889,0.02216720463642155,0.015614599355992917
106.4,1,0.005206100224452375,0.29436196550617,0.0,0.042535817711946665,0.021321807400560444,0.016189033020836692
106.5,1,0.004629258687496686,0.2949838298971678,0.0011415737885325742,0.0433030341441068,0.02046358903380747,0.01696120572977921
106.6,1,0.004036914886959155,0.2953746493626243,0.017420810280066815,0.04386428075041086,0.019534012431283086,0.017735165432863402
106.7,1,0.0035149152501858854,0.29498666063940043,0.03722798721147182,0.04399882706243005,0.018524970161671445,0.018277458425734805
106.8,1,0.0032088519775196668,0.2924282734668409,0.057020125278129635,0.04358412177127245,0.017380489288779406,0.018478951798459993
106.9,1,0.0035316437662685184,0.28498030442843897,0.07309355926285419,0.04254426097616155,0.015954636099067547,0.018386337224485353
107.0,1,0.005375089346630149,0.268799309855931,0.08358905372639847,0.04071474420252865,0.014153105662219417,0.018115418152663702
107.1,1,0.009793039855696902,0.2406597634527201,0.08903246228058577,0.037747437746329424,0.012119686712369869,0.01775905102062189
107.2,1,0.017064617479558876,0.20081051573656575,0.09127083117741021,0.033262542116794476,0.010228647651831133,0.017352931233665676
107.3,1,0.026021771504735725,0.15451028245393628,0.09214932594347286,0.027277164233946435,0.008878956731583081,0.01688571436982973
107.4,1,0.034572704636305344,0.10998451146950332,0.09286987093233424,0.02053084755328043,0.008294033632745447,0.016330376328060576
107.5,1,0.0410435012890292,0.07400548088832822,0.09394750431112282,0.014251578130667557,0.008443524681507823,0.015673851264721744
107.6,1,0.04503067760891884,0.0490130159532314,0.09539442694355678,0.009469712046008662,0.009065623012593164,0.014910201497701212
107.7,1,0.04714861961731274,0.0337425387599061,0.09696416224960218,0.006519465764685103,0.009776505600647696,0.014003524853358694
107.8,1,0.04824394091293361,0.02551543940845883,0.09837941436758918,0.005114997024303164,0.010238841659393264,0.012891934345780225
107.9,1,0.04886848424160464,0.02175998448961146,0.09946621176393819,0.00473899658963457,0.01027738577890019,0.011567658988431201
108.0,1,0.049224253118690116,0.020429445102586447,0.10018094961307718,0.0049141419560292275,0.009867695981479104,0.010141439085472966
108.1,1,0.04934392879457008,0.020082673104033305,0.10059207023836333,0.0052563608527945605,0.009068143637233449,0.008781639043729748
108.2,1,0.04926319389364626,0.01991911443162489,0.10086430036237486,0.0054445969486385986,0.007992225493236069,0.007586983880527255
108.3,1,0.049109474526878985,0.019676990679904863,0.10122193332606685,0.005226827801731822,0.0068011835400900835,0.0065616361005176455
108.4,1,0.049114488620156646,0.01943405458796801,0.10184481623342163,0.0045294822888402265,0.0056445571231808584,0.005709769800742722
108.5,1,0.04953855997794162,0.019441537963006496,0.10272381115497825,0.0036566287681156465,0.004577567467215245,0.005081397514692606
108.6,1,0.05052023751680991,0.020087162212760946,0.10358443517183813,0.003385912542479416,0.003563992313491166,0.0046851780437352575
108.7,1,0.051967222028369724,0.02208902602674209,0.10393623023880098,0.004699275818260762,0.0025849810558682016,0.004389734285294015
108.8,1,0.0536086665896469,0.026926161044876752,0.10312720170258415,0.008164353466846231,0.0017363841127209542,0.003947459305052903
108.9,1,0.05515818438206999,0.03710874088382267,0.10024051821914685,0.013411860275172086,0.0012013254656719956,0.003133750317247528
109.0,1,0.05641992619544499,0.05545803168840215,0.09401743780493597,0.019227640419539553,0.0011161245971375278,0.0019082561523340283
109.1,1,0.057285812152389225,0.08303766968371264,0.08335760412192947,0.024273746859734997,0.001440803084492813,0.0004883289880189869
109.2,1,0.05778264059537627,0.11710834426543804,0.06846736682719402,0.027838423831495856,0.0019352240650510376,0.0
109.3,1,0.0583796056246209,0.15152718725740771,0.05156868854505592,0.0300138701140279,0.0022809160275347887,0.0
109.4,1,0.060634748554083774,0.18003560254753065,0.03600198300856858,0.03131758411427192,0.0022880031140707375,0.0
109.5,1,0.06792575124698845,0.19962608475304727,0.024275645959079342,0.032235763570612926,0.0020179396632253976,0.0
109.6,1,0.08533117318778058,0.21108422621306597,0.016917881309964466,0.03303091226887499,0.0016872196345491953,0.0
109.7,1,0.11740278194521264,0.21703001801822594,0.012961461839974904,0.03378017957457764,0.001428420756666061,0.0
109.8,1,0.16422773623925196,0.21989766491283766,0.011123718907703823,0.03445829215393077,0.0011331740387355458,0.0
109.9,1,0.21920399905760166,0.22124355836629375,0.010528746168637627,0.034979640062932305,0.0005181124804453762,5.676784210515121e-05
110.0,1,0.2718658175378504,0.2219522800657984,0.010790203470253936,0.03523673499578746,0.0,0.000566690199701665
110.1,1,0.31402023871937385,0.2225214237798137,0.011930010829635823,0.03516461119608822,0.0,0.0010878063981862645
110.2,1,0.34349698450382266,0.22317822216338257,0.014562008310222129,0.0347843537579612,0.0,0.0016417238781130787
110.3,1,0.3627533052161786,0.2239455427501085,0.02038053948831831,0.03418570400358054,0.0,0.002221331864984794
110.4,1,0.3752360251638795,0.22474188726643157,0.03241426477911677,0.033498280180343856,0.0,0.0027414479928189782
110.5,1,0.38335722589184856,0.22548178540320654,0.05406661213089609,0.0329067527369766,0.0,0.003056018567962943
110.6,1,0.3886068631093893,0.22612651974294543,0.08661050363641717,0.03264765110570181,0.0,0.0030539564307934283
110.7,1,0.3921442668075383,0.22668002827825537,0.12684498463901223,0.03289734719630846,0.0,0.0027624188505489303
110.8,1,0.3948910070682466,0.22715872824208636,0.16774076733122306,0.03362420932167736,0.0,0.002349675706848142
110.9,1,0.39735302909313497,0.22756030797306304,0.202370360104824,0.03458323317599481,0.0005266835403063569,0.0020024002094923637
111.0,1,0.3995976163337579,0.22783492367162503,0.22758578589217307,0.03549008554262474,0.0013723287109452106,0.0017845728944769906
111.1,1,0.4014476945873398,0.22783716821120348,0.24421984780250075,0.03622380677944088,0.0021843833789001953,0.001607764689977535
111.2,1,0.4027241745572977,0.22720352412122458,0.25470749558867223,0.037050931502135134,0.0032209462616333874,0.00133013804911989
111.3,1,0.4033916426131059,0.2250706902926985,0.261130596147615,0.039164557381648125,0.004679961942588832,0.00088938005368812
111.4,1,0.4035843027547203,0.21966872552038938,0.26486509976945055,0.04576225087351274,0.006538710155069715,0.0003558254100048996
111.5,1,0.40356615501153403,0.20822666309026133,0.26691145069271166,0.06303749439591248,0.008501243001400255,0.0
111.6,1,0.40365635566877206,0.1879832945545084,0.26802800567370155,0.09925332336859077,0.010157053888679872,0.0
111.7,1,0.404076077551385,0.1583994393521565,0.2686859661086815,0.16030809624914705,0.011227738267885489,0.0
111.8,1,0.4046285278847603,0.12288437317538481,0.2691091727870149,0.24361743058285845,0.011680781791797497,0.0
111.9,1,0.40414036497336275,0.08779823717295455,0.2694159570808002,0.3361399583279067,0.0116772384553477,0.0
112.0,1,0.3997461089500618,0.058977268652040137,0.2697332754639317,0.4204471751775849,0.011508212473683424,0.0
112.1,1,0.38655989306026917,0.03887497477635881,0.2702187956759322,0.4845459612801638,0.011585301620409062,0.0
112.2,1,0.35887160281786346,0.0265920862960972,0.2710217173619851,0.5267515084455839,0.012356089690410365,0.0
112.3,1,0.3135393654577352,0.019789530946203213,0.27225209812488743,0.5526044243443287,0.0140620522266224,0.0
112.4,1,0.25377808186898143,0.016253024822166486,0.2740052847764715,0.5688398552793033,0.01651375259335375,0.0
112.5,1,0.18939487349532336,0.014370215636165383,0.27638108048302923,0.5800272661811651,0.019144314886014625,0.0
112.6,1,0.13184940714763166,0.013090758150372814,0.27933484118722074,0.5885546591133839,0.02134349532764147,0.0
112.7,1,0.08809303833584237,0.011845872352309854,0.28231066625235407,0.5956311503528746,0.022782510873328787,0.0
112.8,1,0.058643907412643706,0.010456793724410888,0.2838608267135877,0.6018493679457313,0.023478905405284897,0.0
112.9,1,0.040325831531819116,0.008975373243900329,0.28152263172009523,0.6073830096190769,0.023640535114919366,0.0010472794068881774
113.0,1,0.029598234329790897,0.007497533971914607,0.27224749253978453,0.61218865641783,0.023496619426340938,0.0035876998438349383
113.1,1,0.023749697037362936,0.006036471257690305,0.2537926451226032,0.6162217096216197,0.023227494510385846,0.005943815179707356
113.2,1,0.02068126365162015,0.004518649486095917,0.22682661494047734,0.6195413158785532,0.02295115581183868,0.0077283972243297056
113.3,1,0.01875114466744738,0.0028824558196112993,0.19602540821102715,0.6222876652064654,0.022717009152842336,0.008854002266308727
113.4,1,0.01695688710678152,0.0011856701089850864,0.16862060004363327,0.6246021375215405,0.022524393382325127,0.009488135207734526
113.5,1,0.015067648761603216,0.0,0.1516033932564666,0.6265555270813715,0.022363955925712074,0.009863015707075025
113.6,1,0.013451401804430118,0.0,0.1501057313962622,0.6281109123421997,0.02221999851423862,0.01012732508366994
113.7,1,0.012615340932933563,0.0,0.16692830551014187,0.6290906511003155,0.02202324953666394,0.010323711657339007
113.8,1,0.012741470100390806,0.0,0.2012447290905505,0.6290080913056842,0.02165392702461047,0.010446440920832824
113.9,1,0.013580899812350765,0.0,0.24701111434444917,0.6265111316305986,0.021064027301197302,0.010498860260282836
114.0,1,0.014725655521244645,0.0,0.2942527718559163,0.6183472636749915,0.020411359041120198,0.010510737317079997
114.1,1,0.01585761513166456,0.002675014567738117,0.33388121916382657,0.5985605280710592,0.020023603894609714,0.010517241795508595
114.2,1,0.016733526126393138,0.007640156212008269,0.362123357220424,0.5597133302096168,0.020178007649448257,0.010516493988301947
114.3,1,0.01726106907825556,0.01579764364408276,0.38071416056247576,0.4973917040751592,0.020884438131186664,0.010440603392472863
114.4,1,0.01807002470478172,0.028814085246626764,0.39355400681385067,0.41566470618320595,0.021838128535694654,0.010188629398602914
114.5,1,0.021119818266840153,0.05018418845575265,0.4035140718990119,0.32786903248382215,0.022526006956143246,0.009717827739734593
114.6,1,0.029219773047394426,0.08666829183737179,0.41163458107544804,0.2500508051924752,0.022375070849053602,0.009101103277605296
114.7,1,0.044141696167630196,0.1476139096848048,0.4180365584808649,0.1921814460609819,0.020901268656649357,0.008470874197299813
114.8,1,0.0648164948532629,0.23973619859019418,0.42284977199304236,0.15486511704701078,0.017898812315722882,0.007901007344287617
114.9,1,0.0877122403885493,0.3592118444499512,0.4263808167985047,0.13281704279533166,0.013634877074181748,0.007355393293673681
115.0,1,0.10956415141892029,0.48871115754802674,0.4288382207988081,0.11992324948201888,0.008860052974973165,0.006746589758075179
115.1,1,0.1300660507541983,0.6050797282697582,0.4302166655620385,0.11171513161733644,0.004495108560818355,0.006018897443241908
115.2,1,0.1519712890972032,0.6923536894550835,0.43054468759941195,0.10551699233461978,0.001167932417611556,0.005163517197399651
115.3,1,0.17839460915472907,0.7483486836349043,0.4302044078169902,0.10000708112597965,0.0,0.004187987463330444
115.4,1,0.20961000751569842,0.7805778751794002,0.4299810667570735,0.0948094398740117,0.0,0.003133764984362512
115.5,1,0.24241466457444663,0.7982181191316111,0.43090843248705524,0.09002956439779923,0.0,0.0021473316958083763
115.6,1,0.2731477713496981,0.8077025912163096,0.43422850692319637,0.08583427633458171,0.0,0.001483719482973453
115.7,1,0.30157902716560575,0.8127752884729391,0.4414171343115897,0.08225893736026323,0.0,0.001370482002180512
115.8,1,0.3312940867044967,0.8158043990760155,0.45369468103997856,0.0792279991791562,0.0,0.001837916457278127
115.9,1,0.3657722476474622,0.818370212137089,0.47073147847169294,0.07665622589880726,0.0,0.0026795353675878337
116.0,1,0.40442339371720204,0.8212776934963023,0.48946055012981593,0.07451487256077251,0.0,0.00358484361885018
116.1,1,0.4430221449590741,0.8246433571039373,0.504479226603177,0.07278643081582942,0.0,0.004338599458364448
116.2,1,0.47764207882386644,0.8282071386649552,0.5102715736213717,0.07129473966631854,0.0,0.004927841254522902
116.3,1,0.5072259391583217,0.8316660129092798,0.5038423490748001,0.06953112371704447,0.0,0.005477437114350189
116.4,1,0.5325438394505141,0.8348472099145019,0.48622596395932177,0.06668241185043339,0.0004923798399385476,0.0060984354767637475
116.5,1,0.5541200087777542,0.8377133516114964,0.4621530905068722,0.0619784342066768,0.0012249522300667218,0.0068099967546070145
116.6,1,0.5718542271972548,0.8402881316772458,0.43787791714093116,0.0552260584529818,0.0019302136242419616,0.007583858270007613
116.7,1,0.5857959900596047,0.8425565471981628,0.4182390490704914,0.04713651703342241,0.002369563867422587,0.008412419743590471
116.8,1,0.5964391245725981,0.8443126217340501,0.40497323473523805,0.03908284416024724,0.002467731842704756,0.009311274374538008
116.9,1,0.6044336310415882,0.8448328150437345,0.39741631815859996,0.032378567063913524,0.002437410797130448,0.010285665905606213
117.0,1,0.6104210727627064,0.8421177050948453,0.3945416776350953,0.027631014662863964,0.0026911051415900765,0.011328317644808183
117.1,1,0.6150854074823442,0.8315334606416125,0.39631732911115025,0.02464319329227514,0.003583117917103699,0.01243576833075823
117.2,1,0.6191479127302242,0.8046396749694058,0.4033616388118587,0.022810983534715522,0.005165654143643048,0.013583938007571145
117.3,1,0.6232530725780788,0.7506102515697504,0.41549597611592437,0.02159167992691324,0.007145403705113371,0.014679783740400475
117.4,1,0.627752849922466,0.6623305283811893,0.43078843230733227,0.020713940079180655,0.009069738307546657,0.015572732378737054
117.5,1,0.6323987027087925,0.5443852754182906,0.4462698649207952,0.020115143805572704,0.010583688164276893,0.016138785872630665
117.6,1,0.6361878279128369,0.4149563725171208,0.4596868763062728,0.01977694754087291,0.011568562589259273,0.016352139850011615
117.7,1,0.6376591317836264,0.29713783859775567,0.4704041383326902,0.019609901175280827,0.012111984948170862,0.01628375138540688
117.8,1,0.6356080436856463,0.20634020622191435,0.4787071540498467,0.019450732679820528,0.012388126989807277,0.016049586359925552
117.9,1,0.6297871928493914,0.14494380174768468,0.48469618627905353,0.019147691566984964,0.012538109797926184,0.015750007542181164
118.0,1,0.6207999818113494,0.10664281276363043,0.48793488960102915,0.0186259625259737,0.012602735660022672,0.015418458990093168
118.1,1,0.608609905184735,0.08357555676398915,0.4875280088150872,0.017858679947338443,0.012540097325099413,0.01499687225252776
118.2,1,0.5906077329326128,0.07040172508422962,0.4819571645994534,0.016823463823893676,0.012323196255091998,0.014359742368984133
118.3,1,0.5617940551141968,0.06526898188743484,0.46921215151921664,0.015553041138022257,0.012038859230560254,0.013390103119255377
118.4,1,0.5185101231239518,0.06939068393092766,0.4482158807345294,0.014217095120712224,0.011879363029749925,0.0120809256050741
118.5,1,0.463089430422905,0.08548032583108191,0.4208438542718791,0.013126611432278222,0.01200748908778603,0.010602577444551531
118.6,1,0.4044094759151985,0.11484032995272694,0.3921611396783641,0.012789981507073599,0.01241652756182718,0.009262755283783917
118.7,1,0.3529007408196579,0.15447661580656047,0.3679264443733478,0.014308898929622442,0.012927065740782912,0.008347871677938974
118.8,1,0.3146997959386021,0.1969113239963608,0.3516643467214899,0.020099306250593283,0.013318164372211632,0.007954796276512082
118.9,1,0.290165389488938,0.23364049549244256,0.3440728960004883,0.03415951721469934,0.0134603366106133,0.007955717993744957
119.0,1,0.27637524269998814,0.25951975410394423,0.3444578617718417,0.06061564435515766,0.01335062336027562,0.008119863441507563
119.1,1,0.2696344805819444,0.27439028719296976,0.3517219320505586,0.10042439419639938,0.013062295692498057,0.008282177101144572
119.2,1,0.2661257330119708,0.281350345633902,0.3638911656805975,0.14878167502495618,0.012670295953016887,0.008437329764689538
119.3,1,0.261784766030543,0.284063107679078,0.37759801662703685,0.19655513623206,0.012193954298766749,0.00870545288792802
119.4,1,0.2526885183189539,0.28521636026060293,0.3888708154699049,0.23540355116299752,0.011572338318718121,0.009190993908689724
119.5,1,0.2362563893338037,0.286285442047606,0.3945115844912687,0.26204602580283953,0.010680141852761883,0.009845438614683115
119.6,1,0.21276871863110994,0.2878065576378224,0.39259448699071264,0.2781910111904644,0.009394429756158148,0.010482058249248409
119.7,1,0.18585829652489178,0.28971811043252926,0.38223311622392564,0.2874759912725962,0.007696873191840651,0.010949753334047364
119.8,1,0.1608403830003458,0.29172081285770557,0.36392980036350386,0.2929414905721093,0.005740314157023217,0.011269551586897466
119.9,1,0.1418637830666933,0.29357003809698207,0.34043690601101984,0.29644304905231755,0.0038142886884604613,0.011578085942283793
120.0,1,0.1302910794823764,0.29516601053573693,0.31637452714151604,0.29903304638928024,0.0022447693104707183,0.011985104262225443
120.1,1,0.12515096154750857,0.29648178112552903,0.29600148108018787,0.3012723240903889,0.0013184637704027893,0.012543109080396523
120.2,1,0.1243048944738689,0.29749434188207025,0.28112637183785466,0.3033583849245878,0.0012404422339465384,0.013322854372243393
120.3,1,0.12517663233250534,0.29819617155695155,0.2711344927486541,0.3052741848111256,0.00205823707420199,0.014427607750510149
120.4,1,0.12530342236917918,0.2986231486483903,0.26452090811934154,0.30695727846224025,0.003562016479192302,0.015891415936549698
120.5,1,0.1230672144472086,0.29881659636721847,0.2600457106501957,0.30837760424459654,0.005283141074207591,0.017597848442073957
120.6,1,0.11819080314561382,0.2987188591579538,0.2568862131856523,0.3095159227464561,0.006653562707832027,0.01934638067872934
120.7,1,0.11157704037843853,0.298049588191027,0.25444133195941165,0.31033278917399504,0.0072108463351507395,0.02099778797096101
120.8,1,0.1046758097550383,0.296145259817408,0.2522884194529418,0.31079274527365014,0.006704046723415418,0.0225214050679025
120.9,1,0.09878275047260592,0.29169863259044193,0.2502249494196615,0.31091586950652833,0.00511440601167298,0.02390408519318171
121.0,1,0.09452018844241648,0.28259477471691713,0.24826357030152396,0.310775774871622,0.002681637478069944,0.02506520054998802
121.1,1,0.09168781009678735,0.2664743788397408,0.2466574433681587,0.31037408524202276,0.0,0.02589307652044871
121.2,1,0.08956438983272844,0.24235634674329368,0.24613954453940382,0.3093377456847221,0.0,0.026346764288091067
121.3,1,0.08740594266736564,0.21224953541429606,0.24839641542485447,0.3064064975688229,0.0,0.026503519695982844
121.4,1,0.08473299411273688,0.18084875816573065,0.25622137184748767,0.29890147707729847,0.0,0.02651482203727611
121.5,1,0.08134139843693933,0.15299541264739938,0.272388510338549,0.2828989610888036,0.0,0.026515659182034138
121.6,1,0.07730660062849506,0.13111222508710976,0.29729862228770965,0.25502640041428043,0.0,0.026546726150767294
121.7,1,0.07305851235634829,0.11486402599300026,0.32749659012069676,0.2154661714927655,0.0,0.02653466674081144
121.8,1,0.0692749422783341,0.10271493086407861,0.3572437817689589,0.16956180113985725,0.0018080723999851888,0.02635079572896774
121.9,1,0.06651106579544298,0.09335700431564259,0.38214397635251085,0.12562814566981062,0.0032485624492764264,0.025920241866944974
122.0,1,0.06489063943018071,0.08599277314169333,0.40135373737661406,0.09033657916675314,0.004172657153753984,0.02529989218173318
122.1,1,0.0641452058740608,0.08007510767033038,0.4168386061233014,0.06584989024071032,0.004782330883174906,0.024652725497290362
122.2,1,0.06386933575245166,0.07520234774174937,0.43143254481528137,0.0506287902659372,0.005404185095521664,0.024142854448913124
122.3,1,0.06366535888449455,0.07112630626541823,0.4474701716007627,0.04184017932605478,0.006345005469061776,0.023856850237210358
122.4,1,0.06305208271928592,0.0676805593735239,0.4658676417907385,0.03687644385701703,0.007744110681012076,0.02380853108089959
122.5,1,0.061325243874558205,0.06471921578836147,0.48554902881852363,0.03374908528096281,0.009449800332755892,0.02397071103605547
122.6,1,0.057705017913581826,0.06215298997243118,0.5041495768446773,0.03116393066784069,0.011007169996397663,0.024261316980445872
122.7,1,0.051892655336514236,0.05998347246158041,0.5198997897187526,0.028523925037046337,0.011823391704678264,0.024506263498628972
122.8,1,0.04466788185652164,0.05824959285176609,0.5327654910402854,0.025746447583265296,0.011463019631520315,0.024466665759600797
122.9,1,0.03797924565961123,0.05694237932036926,0.5436789600258706,0.02298738911650765,0.009916913739135993,0.023961479310842762
123.0,1,0.03452306597534244,0.055974365463828946,0.5531235638874303,0.02045269281613604,0.007655399661049762,0.022993681539023723
123.1,1,0.03732383802217877,0.05521422165198777,0.560785645053056,0.018329829666447455,0.005378338536091275,0.0217464374560982
123.2,1,0.04931610143234512,0.054540448716754814,0.5662404227006119,0.016769387917860614,0.003611462047118727,0.020440937023362124
123.3,1,0.0721534816149213,0.05387019902287897,0.569545985693797,0.015850005900997128,0.0024578154537446186,0.01920616457670497
123.4,1,0.10429733299511072,0.05314975718854382,0.5712120136559946,0.015542040180112831,0.0016733503888103562,0.018082227729129676
123.5,1,0.1403443660678834,0.05232270017762895,0.5718420302767813,0.015757873053342076,0.0009401075828427533,0.017097878126138562
123.6,1,0.17331015841300548,0.051304806097962646,0.5718299649081214,0.016495040245112627,9.022295631598632e-05,0.016290333563651636
123.7,1,0.19842488496358063,0.049973939058037445,0.5711616945148091,0.01788534073470168,0.0,0.01564975441341234
123.8,1,0.21501578432210985,0.04815583987599921,0.5691359499027221,0.01999662099557343,0.0,0.015077893691518032
123.9,1,0.22521380707314748,0.04564134854386933,0.5639950407209245,0.022580391439928293,0.0,0.014419283925139338
124.0,1,0.2315128071620283,0.04234288364625941,0.553120448203825,0.025114688019399,0.0,0.013539049278377312
124.1,1,0.2354863662888776,0.038544130762165146,0.534592155160712,0.02713555071166714,0.0,0.012393292948829317
124.2,1,0.2379035105862707,0.034911270398968054,0.5093646506952934,0.028483625197560446,0.0,0.011058483565677603
124.3,1,0.23924324986792303,0.03207497927737665,0.48164553912742986,0.02925082716045269,0.0,0.009711989570524781
124.4,1,0.2399758055340858,0.030176112291482583,0.4563682547251826,0.029598500885021868,0.0,0.00858509328304498
124.5,1,0.24059792693531232,0.02889898666941792,0.4358908369745096,0.02967167497385972,0.0,0.007922698275239077
124.6,1,0.2415333385383833,0.027886142400984797,0.4186370668128185,0.02960168570473836,0.0,0.007941643758951206
124.7,1,0.24295998490267084,0.026998927873181953,0.3999151038092218,0.029489779542110194,0.0,0.008743009892950598
124.8,1,0.24470213760247259,0.026237272313638354,0.37390874582525746,0.029384435811341068,0.0,0.010208145311705401
124.9,1,0.2463571131941318,0.02558162543844039,0.3366758856372034,0.029346249257566164,0.0,0.01200981632401307
125.0,1,0.24761471929394882,0.024968638888853523,0.2893537896872127,0.029615562439204473,0.0,0.013794737135978136
125.1,1,0.24848189121606218,0.024349882653173477,0.2387534525010085,0.030755150096353066,0.0,0.01538784552266837
125.2,1,0.2492007884851081,0.02372198117686229,0.193671927473108,0.03353532477184267,0.0,0.016825816899404298
125.3,1,0.24995524856511456,0.02311111626398761,0.15975468252114305,0.03843225895845213,0.0,0.01822191603627352
125.4,1,0.25058096656995393,0.022547377630787954,0.13746248656812415,0.04504712377865376,0.0,0.019624074519695042
125.5,1,0.25033874962022773,0.022049551330674537,0.12396355440076799,0.05208362507998326,0.0,0.02097455870146759
125.6,1,0.2476875815576793,0.02162078625898163,0.11590337501535188,0.05808257583311229,0.0,0.022153821675243993
125.7,1,0.24019122213393748,0.02125268835621138,0.11057931844631905,0.06226249050521544,0.0,0.023051797918897988
125.8,1,0.2251250622664721,0.020932550313667177,0.10574002659940061,0.06470766990051828,0.0,0.02362601816422725
125.9,1,0.20120558336808553,0.020642229980816565,0.09931037163372254,0.06592163409529339,0.0,0.02391709753495659
126.0,1,0.17048222696146506,0.020343653797510186,0.0897855539457335,0.0663303942954778,0.0,0.024015857907066732
126.1,1,0.13825508689019297,0.0199642048519142,0.0771213226351083,0.06610778712128451,0.0,0.02401251940226902
126.2,1,0.11031301864060651,0.01940453705530533,0.06312816781494003,0.065270536903382,0.0,0.02396461065273741
126.3,1,0.08980402735419475,0.018569563478094922,0.05048793676807075,0.06386546160967077,0.0,0.02389276535809809
126.4,1,0.07652612707717205,0.017382987856219154,0.041034789548859016,0.062103713923721854,0.0,0.023791192754702366
126.5,1,0.06857256468594858,0.01575871555353582,0.03502539335110628,0.06032808977906225,0.0,0.023638919255540167
126.6,1,0.06410010042179397,0.013599155725708745,0.03198156348272138,0.058833423964568546,0.0,0.023404669757210464
126.7,1,0.061869154679897245,0.010919420788567275,0.031924589280497254,0.05772165790710554,0.0,0.02304654295525709
126.8,1,0.06097018478370246,0.008020982783188656,0.03575780283173363,0.05692261320633986,0.0,0.022515060479785846
126.9,1,0.06053991855077577,0.005473454121779465,0.04459590303692479,0.056311556131333804,0.0,0.0217540557205829
127.0,1,0.0597106324854853,0.0038251618999632407,0.058499138233964604,0.055788665494525796,0.0,0.02067396862240909
127.1,1,0.057711282425508076,0.0032829681761297248,0.07552243165674057,0.05528680899076152,0.0,0.019117424417880374
127.2,1,0.0540908848309095,0.003636654416588808,0.09222383365326282,0.05475071846901782,0.0,0.016916337465766734
127.3,1,0.0489780233050252,0.004444540240020681,0.10574942171142725,0.0541116044527243,0.0,0.014076430136057506
127.4,1,0.043082897307411286,0.0052948625438994255,0.11583816167706286,0.053238936101426174,0.0,0.010916031992297782
127.5,1,0.03726351015745189,0.005964600447744113,0.12481556897620859,0.0518412681737082,0.0,0.007942804278067274
127.6,1,0.031970719085450364,0.006420411712742238,0.1354475513998629,0.04935566002470402,0.0,0.005527422135779074
127.7,1,0.027069481598095572,0.006725669484562522,0.14849396354547467,0.04502762584512574,0.0,0.0036842107993618678
127.8,1,0.022125133160823516,0.0069512612456870656,0.16208704805767396,0.03842759567988907,0.0,0.0021520789728728647
127.9,1,0.016833580819405784,0.007136187140590133,0.1733645536644471,0.030214549099112354,0.0,0.0006672423242707892
128.0,1,0.011245063923320895,0.007287814412312112,0.18062991421624786,0.02231714964619427,0.0,0.0
128.1,1,0.005649189490584298,0.007397768384376846,0.18409384922617725,0.01691720951358103,0.0,0.0
128.20000000000002,1,0.0003319664412540577,0.0074577157799551345,0.18512760536045694,0.014936044866100198,0.0,0.0
128.3,1,0.0,0.00746702546793225,0.18528777720967515,0.015518325871931032,0.0,0.0
128.4,1,0.0,0.0074288254223458874,0.18581596733353445,0.016966718871733552,0.0,0.00021233269193548582
128.5,1,0.0,0.007333611355959499,0.18743655785208027,0.018019310943501152,0.0,0.002667151340770899
128.6,1,0.0,0.007140155672380742,0.1903134412419292,0.01831151345409521,0.0,0.005222590488955128
128.70000000000002,1,0.0,0.006778760278459911,0.19430116408526316,0.018032168722091162,0.0,0.007563011528480479
128.8,1,0.0,0.00619554673524539,0.1994344761879373,0.017464153647648497,0.0,0.009674283418772075
128.9,1,0.010291929536279392,0.00541654853928349,0.20638814656844656,0.016804496515129014,0.0,0.01165284915564516
129.0,1,0.028627779021223158,0.004573188904279874,0.21677194067642794,0.016181207768006124,0.0,0.013493377556341278
129.1,1,0.06049538824081037,0.0038492734005544215,0.2330424130697592,0.01568141613323183,0.0,0.015058229186943512
129.20000000000002,1,0.10973985586566459,0.0033781916245764505,0.25740067131978395,0.015340818704978595,0.0,0.016199487137624927
129.3,1,0.17361011336649818,0.0031648087251309985,0.28962061749676005,0.015134454296238085,0.0,0.01687130825124199
129.4,1,0.24173922912983958,0.003083705797722345,0.32563864235153067,0.0149955544956466,0.0,0.01714196336043154
129.5,1,0.3017183882826717,0.002949749291742482,0.35910849446148546,0.01485130928683503,0.0,0.01714571914737663
129.6,1,0.346940192244169,0.0026183371936071976,0.3851076268351859,0.014656556695574675,0.0,0.0170411058657305
129.70000000000002,1,0.3793601373420276,0.0020579085325444337,0.40243587225790256,0.014412138458627927,0.0,0.01697664999257281
129.8,1,0.4053120976042236,0.0013487439564208153,0.4126476985406046,0.014159643241970405,0.0,0.017036819780085546
129.9,1,0.4295097840131515,0.0006158174736121736,0.4176704274703536,0.013950525282712093,0.0,0.017191630981349817
130.0,1,0.4528400757148622,0.0,0.4185739226565998,0.013799069043161586,0.0,0.017304923777120663
130.1,1,0.4743621820605341,0.0,0.4159151213892697,0.013642512287211236,0.0,0.017206261725661726
130.20000000000002,1,0.4937774522600455,0.0,0.4105531349812018,0.013324342239853107,0.0,0.016776404886882413
130.3,1,0.5116862502300819,0.0,0.40397065960397976,0.012583575094764538,0.0,0.016009675605255628
130.4,1,0.5285262094485678,0.0,0.39786119825256455,0.011044176891989744,0.0003732241312520168,0.015052684718899053
130.5,1,0.5441588618956279,0.0,0.3934188161850045,0.008290348070704683,0.001748096999276449,0.014206266597198898
130.6,1,0.5582818238466364,0.0,0.3909954257287555,0.004125285157441279,0.003107477565407448,0.013838253415360748
130.70000000000002,1,0.5707115686820434,0.0,0.3902962865384352,0.0,0.004218067921115416,0.014186802517889405
130.8,1,0.5812859304441286,0.0006607534707469149,0.39074377378800446,0.0,0.005036689108685056,0.015167212926499198
130.9,1,0.5898445802701253,0.0019835553311570576,0.3917194595106624,0.0,0.005683259644491264,0.01637105603600634
131.0,1,0.5964469939058822,0.004229983155087835,0.3927043517928949,0.0,0.0063211121381805836,0.017290372100344013
131.1,1,0.6015123644538001,0.00748323337079629,0.39334935761308965,0.0,0.0070608549978422915,0.017556939466981898
131.20000000000002,1,0.6056139412692136,0.011386998422620191,0.39339504199310105,0.0,0.007942712289104256,0.016995788649577973
131.3,1,0.6089913383283656,0.01523149069017847,0.3923921283824957,0.0,0.008963817602177635,0.015550961488831684
131.4,1,0.6110152831381468,0.018342056196395562,0.3892029108516504,0.0,0.010082131497242727,0.013276281846869801
131.5,1,0.6098174851053416,0.02046383138092221,0.3812723394330148,0.0,0.011194680742180685,0.010421993429675305
131.6,1,0.6024293899684331,0.021942738279741626,0.364104920867444,0.0011242144403627553,0.012171145282571665,0.007453149425683939
131.70000000000002,1,0.5860183670844893,0.0239591207932492,0.3322385201209391,0.0034231471092807404,0.012962684489046236,0.0048902931534591685
131.8,1,0.5601597965573134,0.02924651931582604,0.2826735190425127,0.004597932538692954,0.013661966260687898,0.0030800939452757404
131.9,1,0.528236427778762,0.043102139731131014,0.2189119497807094,0.0049788770455657175,0.014416645956327743,0.002084292251841451
132.0,1,0.4954849179776581,0.0732756179192865,0.15128944968785507,0.0050045655082977935,0.015290042854375787,0.0017373899260257647
132.1,1,0.46434739731006747,0.12692146704581847,0.09184486340133174,0.0050169662330032646,0.016220232620030712,0.001777391255047611
132.20000000000002,1,0.43179074864937955,0.20502508626288277,0.0479474851084261,0.005185215424868201,0.017078936434587483,0.0019571189740723244
132.3,1,0.3922997885762831,0.29854353926580346,0.020358359355374316,0.0055174529544217005,0.017738846844109476,0.0021105632119687344
132.4,1,0.3441769470970061,0.3910241059641588,0.006078746202129891,0.00593870889154172,0.018121068119834993,0.002169062065482081
132.5,1,0.2926250381987783,0.46703141523816427,0.0017063352942611103,0.006443992752083716,0.018228410593049905,0.0021296128143128484
132.6,1,0.24632240410273026,0.519708121951972,0.0044135111708504095,0.0073026317458554845,0.018127651532027722,0.0020077834805593154
132.70000000000002,1,0.21127004602832267,0.5516615792686718,0.011385775161720825,0.00924724385094468,0.01787101319140028,0.0018113312139999397
132.8,1,0.18795312952216828,0.5700977133737992,0.01963248232797853,0.013617963096336701,0.017441900349195117,0.0015356251770976027
132.9,1,0.1731662921359796,0.5815863382249359,0.026657446721703976,0.022378548274606357,0.016805494166759884,0.0011623251240555417
133.0,1,0.16318515305689413,0.5899960264684417,0.031153028104482786,0.0376114611237011,0.016015616179574296,0.0006546566857280172
133.1,1,0.1554781324752162,0.5970401854549424,0.03296665298456171,0.06011211071553101,0.015251344219214199,0.0
133.20000000000002,1,0.14892359640418854,0.6034122211717242,0.03250851058366695,0.08781312196526889,0.01473445553116148,0.0
133.3,1,0.1434295276349605,0.6095308420029841,0.030264864875450038,0.11588409305002619,0.014598235473706027,0.0
133.4,1,0.13932926560565678,0.6159472633777047,0.026724154805502026,0.13918988113410447,0.014805231714785823,0.0
133.5,1,0.13676600318015508,0.6236285641906008,0.022503388362795976,0.15510257106687284,0.015166540348400882,0.0
133.6,1,0.1354151925567456,0.6342209738496348,0.018408264316841918,0.16417286454558086,0.015453145732838488,0.0
133.70000000000002,1,0.13465271699706954,0.650083584820167,0.015401209822126283,0.16863312452607818,0.015513996433783388,0.0
133.8,1,0.13390992527440126,0.6734061491390512,0.014552800203523439,0.17064545211982068,0.015303537231095848,0.0
133.9,1,0.13291154833673263,0.7042620040588022,0.016885402157242237,0.1715860099596045,0.014833848512714414,0.0
134.0,1,0.13166609894966666,0.7392902719275934,0.022909638122811462,0.17217907473457733,0.014138551050539046,0.0
134.1,1,0.13020634124656247,0.7730993134947017,0.032021908813741944,0.17281438159256268,0.013249296544965206,0.0
134.20000000000002,1,0.1281681961528181,0.8015529444461774,0.04245699141950788,0.17371906290242872,0.012145432914883228,0.0
134.3,1,0.12445775523627577,0.8234789370292765,0.05221437231293607,0.17498741311648494,0.01075217234419862,0.0
134.4,1,0.1174291495334103,0.8391830468958611,0.06033648413911789,0.1765745276495108,0.009066877603484541,0.0
134.5,1,0.10586120088780501,0.8479138225127978,0.06755315207220734,0.1783273927643669,0.007288723135980606,0.0
134.6,1,0.09026486212635132,0.8471222592942602,0.07611430456524396,0.18006134916073677,0.0057595524672554455,0.0
134.70000000000002,1,0.07325808353852323,0.8341917626647843,0.0891376898509921,0.1816421318556649,0.004752665087219861,0.0
134.8,1,0.058255806058609735,0.8092759922023953,0.10931463853571075,0.1830260544541362,0.00432512673112927,0.0
134.9,1,0.0474727114380981,0.7769133881833884,0.1369508786358269,0.18423496961954267,0.004342449310993501,0.00013429257465237174
135.0,1,0.04102212740765776,0.7445620339433854,0.16878040273217562,0.1852788993263654,0.0046053172725171706,0.0004361108076988065
135.1,1,0.037586401568693875,0.7187503262043266,0.19932099674530207,0.18605696997210305,0.004966722882419877,0.0006655424012826858
135.20000000000002,1,0.035610139210153116,0.7020352142941622,0.22407212589326697,0.18623656018600665,0.005379591220066673,0.0007884324006278593
135.3,1,0.034020306125911455,0.6930850495683605,0.2416017579884121,0.18504687271399628,0.00587262500392241,0.0007241566075644458
135.4,1,0.03234316335139649,0.6889587211988936,0.25295120635511575,0.18097945243560828,0.006485957653755913,0.0004051103256083042
135.5,1,0.0304691911822911,0.6871491663704827,0.2598377779392705,0.17173613743842842,0.00720792175762422,0.0
135.6,1,0.02829354655922813,0.6862483526914693,0.2636853788629519,0.1551042664713186,0.007959609069168264,0.0
135.70000000000002,1,0.025497153614988166,0.6856760183976476,0.26567851815897886,0.1308431751818973,0.008650269555588074,0.0
135.8,1,0.021692988423297387,0.6851787141734791,0.26693369882587786,0.1021081219522467,0.00925290478513146,0.0
135.9,1,0.01684055513916355,0.6843364529231493,0.2683759195052545,0.07446405779979318,0.009821626846506998,0.0
136.0,1,0.011509802795855763,0.6819094774030169,0.2705229363723702,0.05270492046150453,0.010453149259237324,0.0
136.1,1,0.006665901957493664,0.6748509034852447,0.2734107586050122,0.038232522248113264,0.011256589339697809,0.0
136.20000000000002,1,0.003118334456036134,0.6576101431735916,0.2767287129542498,0.029226845886390827,0.01234369770936288,0.0
136.3,1,0.0011182898255683788,0.6235755695622239,0.28007241464424976,0.022963299260644672,0.013793758369769052,0.0
136.4,1,0.0004084022780965535,0.569778668066476,0.28312055528157987,0.017999525123753773,0.01558180984733805,0.0
136.5,1,0.0005674473793071321,0.5020728578651062,0.28566323366645946,0.014750045449986692,0.01752764454858335,0.0
136.6,1,0.0012682124030312842,0.43522030022177943,0.287621507858913,0.014518934048368909,0.019331753553481625,0.0
136.70000000000002,1,0.002253833092450144,0.38602083177957375,0.28913342024789473,0.017994498497270073,0.02069848672939609,0.0
136.8,1,0.0031737171184567977,0.3645456080410332,0.2905211838056536,0.02435326418228328,0.02147183201274701,0.0
136.9,1,0.00355467604058184,0.3699973876939456,0.2919606355643279,0.0315771167248436,0.021694983476957346,0.0
137.0,1,0.0030176446090903353,0.39287921375264157,0.2929939222370479,0.03763123560226182,0.021554603975791623,0.0
137.1,1,0.0015775362962885521,0.4208138801200292,0.2922063167021671,0.04150983445907102,0.021246469851122846,0.0
137.20000000000002,1,0.0,0.44435665639362504,0.28729683240451376,0.0434306775587126,0.02086259617171142,0.0
137.3,1,0.0,0.45979859689636676,0.27577806817668,0.04428272480746374,0.02039371756222077,0.0
137.4,1,0.0,0.46808522817291875,0.2564591447883657,0.04491673381285588,0.019833404800474574,0.0
137.5,1,0.0,0.4718602750273814,0.2309870618635138,0.045719186589438375,0.019253719523391718,0.0
137.6,1,0.0,0.47334077462975893,0.20379676772474323,0.046571547644509464,0.018741429119374133,0.0
137.70000000000002,1,0.0,0.47382390992465784,0.17984954945154824,0.04709655598054903,0.018234280136618295,0.0
137.8,1,0.0,0.47397146946298124,0.16199309946671311,0.046987751148670466,0.01742452845306895,0.0
137.9,1,0.0,0.47408625048275665,0.15028783167255413,0.046211658301862385,0.015883029335763174,0.0
138.0,1,0.0,0.4742420604524745,0.14338855280596824,0.0450135460458159,0.013386912021297,0.0
138.1,1,0.0,0.4743600079652472,0.14019882014655258,0.04380267799883844,0.010204901733376164,0.0
138.20000000000002,1,0.0,0.47426792346058483,0.14041521244191837,0.04299602522030509,0.007048180368018911,0.0
138.3,1,0.0,0.473721257669546,0.1438914335569652,0.0428518165558279,0.004677589139651224,0.0
138.4,1,0.0,0.47236134309334854,0.14969298361705294,0.043355334439205036,0.0034917546202827086,0.0
138.5,1,0.0,0.4696761546044212,0.15596583995512286,0.044253475719684396,0.0034028102484972072,0.0
138.6,1,0.0,0.4651589563646898,0.16087036424909357,0.045246190131279306,0.004006587607639312,0.0
138.70000000000002,1,0.0,0.4587218783955703,0.16354974801981206,0.04619882667832528,0.004853318560606502,0.0
138.8,1,0.0,0.45095965277378763,0.16416283834031362,0.047202057209640595,0.005639784551310126,0.0
138.9,1,0.0,0.44272665707198366,0.16325738439453202,0.048408126574303864,0.006246415410737881,0.0
139.0,1,0.0,0.43408222843300537,0.1612863543236426,0.04975351983084471,0.006659413559829034,0.0
139.1,1,0.0,0.42324864204148666,0.1584524243147144,0.050855178456043766,0.0068895930835788455,0.0
139.20000000000002,1,0.0,0.4062817298879914,0.1546023957741044,0.05134716697900895,0.0069514158543914645,0.0
139.3,1,0.0,0.3783655003205911,0.1492018737476987,0.05162800253784996,0.006865104454916585,0.0
139.4,1,0.0,0.3376454615884362,0.14173486811413252,0.05366481796735432,0.006633157335583585,0.0
139.5,1,0.0,0.2903997276716536,0.13244367326089923,0.06157365409463584,0.006214480609118056,0.0
139.6,1,0.002922086778960113,0.2529226139846481,0.12264409497471375,0.08173943317396906,0.005553423621144904,0.0
139.70000000000002,1,0.006428556390831467,0.2456725574803991,0.11407746915490719,0.12149668115216133,0.004664810324304119,0.0
139.8,1,0.00954358390071488,0.281365273849495,0.10785409841846676,0.18511785878254397,0.003699200051533079,0.0008695226259408323
139.9,1,0.011719980197444456,0.35551721479511195,0.10400852155317783,0.2686208150631671,0.002919406660540105,0.0017970072261008611
140.0,1,0.012671663614999737,0.44773684883196185,0.10188525885575282,0.35867858721498025,0.0026056198672406708,0.002577551552960811
140.1,1,0.012523313383182718,0.533525852231256,0.10072319202705855,0.4388959226986516,0.002954784029101473,0.003285161971031436
140.20000000000002,1,0.011724281426666462,0.5972117102445227,0.099916670825088,0.4988363460412462,0.0040083474505005256,0.003920935821370768
140.3,1,0.010779033103821034,0.6364414856712092,0.09896693250027244,0.5377249179129983,0.005619152508826657,0.004382344575552175
140.4,1,0.01000285919710849,0.6574698060997248,0.09729215781632124,0.5609256325464954,0.007486046120857566,0.004503927685634634
140.5,1,0.00946890729522347,0.6680056489719058,0.09393705443671586,0.5744702815283731,0.009262221109602422,0.004189500895685541
140.6,1,0.009112533516647798,0.6733916751919105,0.08732361595566655,0.5824796330673211,0.010664288592966129,0.003530145918352384
140.70000000000002,1,0.008840395541892632,0.676416603472406,0.07555266036260667,0.5874190373826979,0.011491578569093839,0.002772655213577061
140.8,1,0.008554470574684368,0.6783279347668213,0.05765610853594147,0.590884594707542,0.01157395770469805,0.002163288039322854
140.9,1,0.008106169249469183,0.6796012106446455,0.03506750138493135,0.5938607978663244,0.010781849593346406,0.0018263476319938688
141.0,1,0.0072386614099552524,0.6804152411138716,0.011618664067976212,0.5967635798377938,0.009179475049103481,0.0017622012940494269
141.1,1,0.0055968646044568734,0.6809870163303066,0.0,0.5996304632524654,0.007186661962626382,0.0019012557043194813
141.20000000000002,1,0.0028840702978713004,0.6816958217155443,0.0,0.6023693224695116,0.005491853457463785,0.0021401955019105814
141.3,1,0.0,0.6830040228763234,0.0,0.6048829514513483,0.004662480702083521,0.0023771204075712453
141.4,1,0.0,0.6853275732127668,0.0,0.607081738018166,0.004759182644199626,0.0025758958102443308
141.5,1,0.0,0.688908081714624,0.0,0.60890385333111,0.005322364350889194,0.0028108112314920563
141.6,1,0.0,0.6936486842623385,0.0,0.6103614386192776,0.005740538307111346,0.003220285175456426
141.70000000000002,1,0.0,0.6990423009704438,0.0,0.6115131758543328,0.005653131089616237,0.00388956605773883
141.8,1,0.0,0.7043259992472586,0.0,0.612283752439636,0.005074196718142848,0.004768924280531359
141.9,1,0.0,0.7085610808254088,0.0,0.6120960254929227,0.004224998198670021,0.005714632930997862
142.0,1,0.0,0.7101258287887241,0.010683712512273296,0.6091942179324318,0.003285075993584173,0.006635101890421129
142.1,1,0.0,0.7056879316743386,0.03043244745015996,0.5996036279974393,0.002274553321885499,0.007608832445094466
142.20000000000002,1,0.0,0.6896931700124768,0.06083122614516641,0.5764671466515076,0.0011391899369795765,0.008825788205324774
142.3,1,0.0,0.6559791069507288,0.10353692919111562,0.5316562229254662,0.0,0.010372228527449397
142.4,1,0.0,0.6020422072171396,0.15432271948362059,0.4608433157443664,0.0,0.012083650502573111
142.5,1,0.0,0.5332239941792151,0.20432519691331721,0.3691981139116839,0.0,0.01364068150578481
142.6,1,0.00287475895225648,0.462043539227961,0.24510131959801892,0.2716224886224448,0.0,0.014800957136329606
142.70000000000002,1,0.004900613392926492,0.4016468760016574,0.2731912999537428,0.18526872256053384,2.9876870510912563e-06,0.015524305071120447
142.8,1,0.005956349538435061,0.3588420982899787,0.290512767924111,0.12042645660124368,0.0011373716298242113,0.015918310200169414
142.9,1,0.00623755297376892,0.3326717965206439,0.30127351357178633,0.07770538056633637,0.0020737412468280632,0.016125847915485225
143.0,1,0.005958851051356937,0.31812331962763396,0.30884939892422714,0.05199064938798358,0.0028092374781525397,0.016263029131223176
143.1,1,0.005207789072096399,0.3102093683853714,0.31482214301146955,0.037431539834482636,0.003594101562042308,0.016409091678422215
143.20000000000002,1,0.004010314465453398,0.3056193591239727,0.319705553534619,0.02961645141481903,0.004677086199179174,0.016610428115714018
143.3,1,0.002591776187122506,0.30259448561124647,0.3238424688299163,0.025595583829527178,0.006094881511119793,0.016879088679389524
143.4,1,0.001756818648720545,0.3003609891820396,0.32767354048650627,0.023480746415380557,0.0076208154929652125,0.01719785538867642
143.5,1,0.003275881811861332,0.29857620109013516,0.33155947959628906,0.02214215823079971,0.008870907673614698,0.017563370292874986
143.6,1,0.010027492255408369,0.29682684844378576,0.33564790082676044,0.02090747234902946,0.009476332699096939,0.01805462147635891
143.70000000000002,1,0.025331302488593062,0.2942983006745581,0.3399838135590489,0.01934805532341199,0.009217064530397447,0.018838947875915623
143.8,1,0.05103394700334185,0.28984685964529106,0.34465662184146273,0.017298250665186688,0.008095039945122725,0.02005115599080638
143.9,1,0.08526152002416332,0.2829840159308881,0.3497276402547587,0.015009996029506593,0.006365195012338823,0.021626030089581878
144.0,1,0.12215867844185264,0.27609396843893,0.3550526020693935,0.013173112061050818,0.004476586995296512,0.023259857362798224
144.1,1,0.15476544384811022,0.27627884699332944,0.36031818227570916,0.012651986060099566,0.0028847609077659766,0.024568270035458417
144.20000000000002,1,0.17885838067535412,0.29315526176123236,0.36524749647998905,0.014045389726325894,0.0018459964750114214,0.02530281752299567
144.3,1,0.1943759238957694,0.3316383960445497,0.3695868391975466,0.017303091732914517,0.001363902340935847,0.025439714860113625
144.4,1,0.20378739114314598,0.385827795908784,0.37276014899986354,0.021644904292311345,0.0013090351364479747,0.02509835103532482
144.5,1,0.20972613332684348,0.44151485252401057,0.37346969505712774,0.025921976329565232,0.0015719164721903608,0.02438626038656333
144.6,1,0.2139102051598849,0.4857747614781018,0.3695021706917604,0.029261551120179412,0.0021177771451026464,0.02329127274964209
144.70000000000002,1,0.21726568457736053,0.5141451013383369,0.35803193298837943,0.031560257485497165,0.0029289759029986987,0.02170676602879712
144.8,1,0.2202609479254459,0.5298863946975279,0.3369261842569007,0.033464719513362766,0.003915280905303578,0.019599210148361933
144.9,1,0.22303956207775102,0.5389278193238214,0.306921496387238,0.03584856285035771,0.004883606520225448,0.017188160801171852
145.0,1,0.22551222735854096,0.5463763348199089,0.2730127455611534,0.03914142187147563,0.005595569988302408,0.014933882671868884
145.1,1,0.22753162197699692,0.5560101024872504,0.243117349667283,0.042982926417604345,0.0058584839172361935,0.013278944059659188
145.20000000000002,1,0.22906203169123757,0.5705015387592501,0.22428258458182093,0.04646477349663939,0.005571388001560825,0.01235582564124143
145.3,1,0.23022946505458194,0.5906385738463379,0.21913194692037927,0.048759351186025736,0.004715490604775383,0.011935934937382025
145.4,1,0.23123946528390557,0.6144118089262681,0.22507716572766945,0.049623569419991666,0.0033574056104750867,0.011660616612861314
145.5,1,0.23224524607819486,0.637891470877329,0.23648093919035076,0.049440775954753304,0.0016963459807547354,0.011328611149877462
145.6,1,0.23327393401434635,0.6577779995417928,0.24792888910371227,0.0488867884657541,6.740725180411066e-05,0.010995383435513513
145.70000000000002,1,0.2342483146627411,0.6731649733636609,0.2564479606081084,0.04852875646529877,0.0,0.010844834356471492
145.8,1,0.2350231486749216,0.6849875642974196,0.26165610147869395,0.04859439798528805,0.0,0.010989019570547938
145.9,1,0.23528526220086565,0.6944297211159314,0.2644396274097493,0.04897602084682934,0.0,0.011361306094159715
146.0,1,0.23418802713621634,0.7021605461698338,0.2655652343203614,0.04939724177235531,0.0,0.011734676502631429
146.1,1,0.22975848360268158,0.708517402452725,0.2651019656072893,0.04960757400664018,0.0,0.011800299882670479
146.20000000000002,1,0.2185481476618219,0.713695904270637,0.26256044690579905,0.049496788519097196,0.0,0.011268925367480217
146.3,1,0.19646256689384783,0.7175791589098907,0.2573851184693258,0.04910210082372124,0.0,0.010010984111023535
146.4,1,0.1612947621578504,0.7194637665408067,0.24961948118874297,0.04853954739263185,0.0,0.00820967279223704
146.5,1,0.11563875619711758,0.7178149906062248,0.2403661867227468,0.047900968928946984,0.0,0.006409299670938225
146.6,1,0.06728317001813729,0.710146015172499,0.2314569887995344,0.04716354197412067,0.0,0.005354780830520383
146.70000000000002,1,0.025662021016524886,0.6936622154582542,0.22441876673746003,0.04618316807821808,0.0,0.005662807337691749
146.8,1,0.0,0.6672572669401273,0.2197068773785259,0.044820372872852086,0.0,0.007498304881168082
146.9,1,0.0,0.6337253249157684,0.216878987648918,0.04311376096153512,0.0,0.010456664540947196
147.0,1,0.0,0.5995655100464882,0.21528325488425878,0.04129626996040164,0.0,0.013761042186837432
147.1,1,0.0,0.5715416928419086,0.214486201472707,0.03956370702283323,0.0,0.016672815633292225
147.20000000000002,1,0.0,0.5528217208540377,0.2142556696173219,0.03783226283613379,0.0,0.018822835623533096
147.3,1,0.0,0.5420311298037567,0.21439172415807484,0.035956461943810886,0.0,0.020237518228853207
147.4,1,0.0071377173636047765,0.5350592276592872,0.21460617944241384,0.03478024230678379,0.0,0.021119852590783906
147.5,1,0.034501496253006164,0.5268088138209948,0.21435906261743115,0.03779732377181918,0.0,0.021631098346536398
147.6,1,0.06820752903456098,0.5114841838157111,0.21251587796656243,0.052013656151460586,0.0,0.021835635347797915
147.70000000000002,1,0.10199155464295656,0.48307667499259255,0.20712587083838827,0.08582312514483839,0.0,0.021769964297583908
147.8,1,0.1296984827885084,0.4381369199974876,0.19609345782178908,0.1434395165896947,0.0,0.021500134275326162
147.9,1,0.1485532304750929,0.37956679487276107,0.17893566509682463,0.21960158846643288,0.0011287003959039722,0.0210995487065575
148.0,1,0.15954259861893152,0.3170484628536311,0.15825508160973897,0.30012566349580844,0.003823361839280027,0.02059482762104518
148.1,1,0.16539231269213536,0.2620494174663899,0.13907584067422743,0.3692915455278478,0.005867689954123886,0.01995313922944269
148.20000000000002,1,0.16854085166178556,0.2214056590689177,0.1260375879226478,0.41813342687839183,0.007178047940458973,0.01912035853968216
148.3,1,0.17043432616126145,0.19519272623616593,0.12069803762560252,0.4469459423329398,0.00791711941550822,0.01807177724647662
148.4,1,0.17174294188069944,0.17950090270655086,0.12117354519444837,0.46157181306584777,0.008308271670522685,0.016846925871964687
148.5,1,0.1727213316685736,0.17010383522855468,0.12409759681396937,0.4683404285006624,0.008510221538853295,0.015555012221240411
148.6,1,0.17343126840297146,0.16408759992935432,0.12689984526002213,0.47156895543631844,0.008592571700989848,0.014335355733652588
148.70000000000002,1,0.17386931940703979,0.15979360001060955,0.12864218125238078,0.4735934292379715,0.008591066000911744,0.013277884934558967
148.8,1,0.17404241465196166,0.15639705217345912,0.12942441731184692,0.4755186719925505,0.008571596468011434,0.012357879810439043
148.9,1,0.1739832940571473,0.15358242646661793,0.12952045037850046,0.4777060585859493,0.008620737407228187,0.011449790597745925
149.0,1,0.17371143562407418,0.15127563502678798,0.12903436214045758,0.4800645783253537,0.008765153724675555,0.010411915880099912
149.1,1,0.17317988554189992,0.14957990697762918,0.1280021571015476,0.48234402128881965,0.00892311366616483,0.009152127916663241
149.20000000000002,1,0.17226996022249721,0.14918735638425348,0.1265589141627388,0.48437309997156347,0.00896691233793604,0.007621705048922046
149.3,1,0.17087756420336644,0.1521834492958611,0.12497363701382899,0.48613696681730895,0.008849958414074313,0.005806861311346265
149.4,1,0.1690537822260789,0.16238503782551547,0.12355246282584502,0.48772741449928025,0.00868559330019713,0.003793674100055735
149.5,1,0.16705376839223648,0.18395233483727197,0.12248637399234806,0.48927573701747434,0.008713937461752799,0.0018305922782983338
149.6,1,0.16511621289547976,0.21821869063216887,0.12173239265590272,0.49091250170277034,0.009177598118530245,0.0002516213291902885
149.70000000000002,1,0.16291904835529558,0.261113611633162,0.12099086645179516,0.49271207222685715,0.010179368340314719,0.0
149.8,1,0.1589572207789986,0.30420708058360985,0.11977354165448938,0.4945598069076232,0.011606550184470207,0.0
149.9,1,0.15050253843540645,0.33927593997736016,0.11748632182226941,0.49586070515609715,0.013166401264067788,0.0
150.0,1,0.13488310567375528,0.3625501497591995,0.11350611143546865,0.49494671385316064,0.0144954974335813,0.0
150.1,1,0.11178314636114786,0.3752648885160619,0.10739651047873676,0.48819933571267826,0.01527050903613537,0.0
150.20000000000002,1,0.08460007151679917,0.38113810083726274,0.09931163154657392,0.4696283848638316,0.015301937017081694,0.0
150.3,1,0.05897553424756814,0.38378463138502356,0.09019536029225367,0.43246624976953146,0.014617371952442382,0.0
150.4,1,0.03939346590166124,0.3858327177084106,0.08131693074350842,0.37352678269979833,0.01347220120757275,0.0
150.5,1,0.026972326254827407,0.389385369420339,0.07338301110700389,0.29781507147748615,0.012218155281975148,0.0
150.6,1,0.020089020631563988,0.39682770377298276,0.06603389492827402,0.21848210966164794,0.011096999593663767,0.00044383991641120497
150.70000000000002,1,0.016399661245970462,0.411123063670686,0.05821746074513929,0.15037296212547005,0.01012336979058764,0.0012357192322345278
150.8,1,0.014186608851380606,0.4347739598804135,0.04920280077219801,0.10209696595521987,0.009135868664654906,0.002363326549329038
150.9,1,0.012579968518969155,0.467561496262019,0.039425257352874644,0.07332924782979157,0.007953574650393752,0.003734128369889956
151.0,1,0.01129641908996102,0.505190573227727,0.030325397405529333,0.05829868062228438,0.006525993679256921,0.005106846427897941
151.1,1,0.010359018417678188,0.5411085840243225,0.02325714578453009,0.05079335680925551,0.0049888965324150466,0.006224777836845715
151.20000000000002,1,0.00988014765091072,0.5704063787376158,0.018582985882736658,0.04669224582479527,0.003588607137066256,0.006967514276984002
151.3,1,0.00991575707460151,0.5920166911625766,0.015768723607388214,0.04393308297806692,0.0025245118979753227,0.007378776906113018
151.4,1,0.010403269875598942,0.6075694777546149,0.014077300860179994,0.04168297487434514,0.0018342980831976545,0.007568038253029355
151.5,1,0.011171649266423798,0.619125641963943,0.013078964815366363,0.03977156985996781,0.0014065481871979126,0.007597229036794301
151.6,1,0.012008385602312448,0.6282168999955517,0.012832988489333348,0.03840705072139538,0.00108234801974503,0.0074418333976768985
151.70000000000002,1,0.012742676101129181,0.6359948946060501,0.014089245736768029,0.037964225583005495,0.0007523358557478276,0.007032017211541371
151.8,1,0.013273355080429152,0.6431953939508998,0.018713960767172237,0.038791341852862225,0.00039922730036613376,0.006328509796335599
151.9,1,0.013503283061528466,0.6498024146669341,0.03002943274447073,0.041014230737206614,7.103469639905028e-05,0.005382554763378879
152.0,1,0.013237269767403744,0.6551653581132689,0.05224422250552491,0.04433655321883162,0.0,0.004341714509282697
152.1,1,0.012169556525022066,0.6586817319260103,0.08836761697069034,0.04801133894563876,0.0,0.0033875325271809985
152.20000000000002,1,0.010105283121228938,0.66033471869589,0.13745809200432035,0.0512130516171407,0.0,0.0026388907096659385
152.3,1,0.007486833151791851,0.6606290356760811,0.1934850864546162,0.05375444728975915,0.0,0.0020992234152406412
152.4,1,0.006074535940913208,0.6602534418149291,0.24735629095809059,0.05682171892314454,0.0,0.0016970786300702138
152.5,1,0.00929475190896467,0.6599246188397794,0.291008600450506,0.0635203439413527,0.0,0.0013699496105956618
152.6,1,0.02151462281561433,0.6603687143156818,0.3206892847750533,0.07906538868940541,0.0,0.0010963808954333634
152.70000000000002,1,0.045826364259261114,0.6621739965317845,0.33745860134016237,0.10978075227628255,0.0,0.0008607433389793466
152.8,1,0.08130748618985426,0.6655527420895577,0.34532346527062435,0.15978975697370806,0.0,0.0006210280004946278
152.9,1,0.12220759275507516,0.670227009083714,0.34887525821889276,0.22651879566188474,0.0,0.0003234075015929223
153.0,1,0.1606460052740165,0.6752992025281406,0.351837764327844,0.29934264994942866,0.0,0.0
153.1,1,0.19100078309141705,0.6788109869358582,0.3565697347392455,0.3643702849816256,0.0,0.0
153.20000000000002,1,0.2122259241655567,0.6774287111769624,0.3639307761598932,0.4120524458460727,0.0,0.0
153.3,1,0.22665443176779632,0.6673977469539171,0.37333636981490437,0.44098153228553855,0.0,0.0
153.4,1,0.23734951243607463,0.6470293250805081,0.38326152898211024,0.45566895810538877,0.0,0.0
153.5,1,0.24643354575888315,0.6188618083807309,0.3921549730705476,0.4620275032621763,0.0,0.0
153.60000000000002,1,0.2547610354179617,0.5889638176029175,0.3992127051821044,0.4646421344654133,0.0,0.0
153.70000000000002,1,0.2622109326743455,0.5634139943139569,0.4045286607536465,0.4663626330832216,0.0,0.0
153.8,1,0.2682599790650436,0.5451183965275304,0.40869264988317766,0.46869519905287216,0.0,0.0
153.9,1,0.2726335062509133,0.5335570914978895,0.41226797325591513,0.4720780729100331,0.0,0.0
154.0,1,0.27558734519854855,0.5266178958736556,0.41549266754180914,0.47614709098143826,0.0,5.186765926631773e-05
154.10000000000002,1,0.2776876810487867,0.5221148658990798,0.41827787544624523,0.48021170101196103,0.0,0.0024862119493581814
154.20000000000002,1,0.27947953850122265,0.5181050675483533,0.42036108179939596,0.483764880506483,0.0,0.004562542115586436
154.3,1,0.28135271686313146,0.5126255102359755,0.4213494671296,0.4867061029328329,0.0,0.00623309881762124
154.4,1,0.2835226812476684,0.5033984600213348,0.42047976308478574,0.48921384016221836,0.0,0.007624146334271717
154.5,1,0.2859836775957449,0.4878721942330269,0.41634232168691676,0.4914910946185507,0.0,0.008873388097828734
154.60000000000002,1,0.28847921975262913,0.464263553558503,0.4071707896528653,0.49361142464217883,0.0,0.0100465077919519
154.70000000000002,1,0.2905876890179042,0.43345542937207215,0.39189878615462975,0.49549856070918513,0.0,0.01116011450272888
154.8,1,0.2918737884360832,0.3996777282533153,0.3712555386524911,0.4969244648587735,0.0,0.012217563156276298
154.9,1,0.2918945443675632,0.3680901693600892,0.34791914136859625,0.4973650695051661,0.0,0.013204906487378223
155.0,1,0.28988941624464337,0.34092551049120445,0.3255486449018739,0.49552038848259417,0.0,0.014086918324006976
155.10000000000002,1,0.284367593122419,0.3162891619566798,0.30731775993811783,0.48843012787825535,0.0,0.014837714091627742
155.20000000000002,1,0.2732975568173753,0.2910341739295458,0.29471589564153133,0.4707933152833177,0.0,0.015470489579817058
155.3,1,0.25541723287784207,0.2644757423688404,0.28722230933759635,0.43607966941152576,0.0,0.016021757729837625
155.4,1,0.2318982421573877,0.23909328555682607,0.2830258665576364,0.3805537197391212,0.0,0.01650759641991715
155.5,1,0.2065235677117232,0.2182399107182015,0.28019283939304085,0.3081223728730118,0.0,0.016903483240877624
155.60000000000002,1,0.18358956798643877,0.2038747712728026,0.27740053824365035,0.2309940910351938,0.0,0.01716566718174416
155.70000000000002,1,0.16515506980372632,0.19617679770187055,0.27401559294451155,0.16372194255977943,0.0,0.017269612822311
155.8,1,0.14991953682067438,0.19450773288994908,0.2699426721062202,0.11507544347177014,0.0,0.017232778718740533
155.9,1,0.13423580772500904,0.19890084314010525,0.26551326045577217,0.08480142797417857,0.0,0.017102468159794694
156.0,1,0.11430648215760209,0.21165471409011352,0.2613001610206331,0.06696565354654448,0.0,0.01691454662801278
156.10000000000002,1,0.08862217302058849,0.23766347817059155,0.2578091527518757,0.05531308522760757,0.0,0.01665882107886798
156.20000000000002,1,0.05949421869199621,0.28159987486336363,0.25524765394979526,0.04603338028181443,0.0,0.016289102511742516
156.3,1,0.032206037633487145,0.34271092548374704,0.2535542001084349,0.03749281107687683,0.0,0.015775807741191368
156.4,1,0.011880956648364313,0.4120099665416419,0.25266257355660576,0.029136332342718133,0.0,0.015157587429302616
156.5,1,0.0005604573420038154,0.4760588966829846,0.25280443476685277,0.021040479975505642,0.0,0.014546057828306291
156.60000000000002,1,0.0,0.5248335687971991,0.2545743913361224,0.013824768537356077,0.0,0.014068642341656489
156.70000000000002,1,0.0,0.556379439064461,0.25853646248883044,0.00825257401247136,0.0,0.013782203802734512
156.8,1,0.0,0.5748455940652798,0.2644882061212253,0.004689751234993307,0.0,0.013635775146231353
156.9,1,0.0014354837014569043,0.585579470410792,0.2709397440391087,0.0029665380487388575,0.0,0.01354752945015308
157.0,1,0.002594425891951621,0.5922424265386177,0.27529819451165105,0.002653830094351743,0.0,0.013550501227402187
157.10000000000002,1,0.003094551611594036,0.5968772362299589,0.27462733538677736,0.0033053282384878945,0.0,0.013848514700899109
157.20000000000002,1,0.003316495469958851,0.6010184809643024,0.2666189097365076,0.004441416205509062,0.0,0.014674691366819422
157.3,1,0.003648387705628525,0.6065101134663416,0.25073293374728517,0.005469974111142729,0.0,0.016058800001127506
157.4,1,0.004296074600570291,0.6160720939616171,0.22913140856048356,0.005788340751262684,0.0,0.01774302253843284
157.5,1,0.0052284354711174975,0.6336388607587868,0.20622811524845122,0.005027408304256529,0.0008801602975816687,0.0193431011864337
157.60000000000002,1,0.0062575400819857,0.6634615205340659,0.18647556814824232,0.003210494415211331,0.003715959654870623,0.02059193526929994
157.70000000000002,1,0.007146108831122065,0.7071747830507547,0.1721137757151906,0.0007193422271079491,0.005795452009050167,0.021446411007219685
157.8,1,0.007687702103426734,0.7607206921137696,0.16283515696672127,0.0,0.006852402277608008,0.02201641794226079
157.9,1,0.007786928455375449,0.8149991947651245,0.1571284504632472,0.0,0.006908989606679637,0.02243436335757572
158.0,1,0.007510161546087078,0.8610311460287465,0.15361447914709708,0.0,0.006255247786935307,0.022779296687350358
158.10000000000002,1,0.007034927018308322,0.8950009109717245,0.15147997401662805,0.0,0.00541269142581431,0.023082547680082905
158.20000000000002,1,0.006536665095849025,0.918482963031359,0.15032445902374036,0.0,0.005014996507627631,0.023375695822411332
158.3,1,0.006134249330998403,0.9348188136830099,0.1499178871994178,0.0,0.005546683390453172,0.023721262685388527
158.4,1,0.005915695955460383,0.9460381449823541,0.15004077531611962,0.000991957096859959,0.007070142828276624,0.02418703572519192
158.5,1,0.0059425180602907714,0.9522971026580135,0.15043048762629344,0.0021670327018833125,0.009199798021483704,0.024775811766487254
158.60000000000002,1,0.006180076782166478,0.9525424340791367,0.1508272752228877,0.002962351728910855,0.011405818448345427,0.025370165020822764
158.70000000000002,1,0.006438388983875899,0.9453073089226289,0.15103501911321446,0.0036123599779967304,0.013391328383050825,0.025752047223393023
158.8,1,0.006421307000444234,0.9300384221332854,0.15085624664633568,0.004175725042814831,0.015199258772207538,0.025699196243377912
158.9,1,0.00586267389055907,0.90869529982469,0.14980547611159903,0.004500847978011998,0.016994433659855722,0.025094299371514316
159.0,1,0.004654236508286494,0.8858037268317996,0.14667286114657274,0.004426074441183308,0.018787979361198956,0.023970705037951883
159.10000000000002,1,0.0029009610482642794,0.8661621636709324,0.13930429549576157,0.003979783110591753,0.020372952161856153,0.022469218654018713
159.20000000000002,1,0.0008773050041675222,0.8522368065065666,0.12521410379872983,0.0033739132918533745,0.02148315458911785,0.0207529165764432
159.3,1,0.0,0.8436871338703007,0.10327545031367404,0.002839918763665804,0.021989422054594813,0.018959734595227165
159.4,1,0.0,0.8388353422925273,0.07546789500338374,0.002539416772623357,0.02197444552579267,0.017220076603690144
159.5,1,0.0,0.8361024315735168,0.04678939868267326,0.0026711019484371304,0.021667995985825358,0.01567342107584306
159.60000000000002,1,0.0,0.8343363810092446,0.02283921932594417,0.0036251880263383687,0.02131632240246398,0.014413367134160688
159.70000000000002,1,0.0,0.8323855005168428,0.007308224597043368,0.005913860152096233,0.021078223383339346,0.01340891097388406
159.8,1,0.0,0.8283547998806681,0.0020851846793798518,0.009791483624015997,0.021014366928811628,0.012525147707929365
159.9,1,0.0001858188574206736,0.818428245158277,0.009747884569983713,0.014853186004908113,0.021153023792696256,0.011657205025752218
160.0,1,0.0067271135846017705,0.7955362566692677,0.03515136532093385,0.020075738395855514,0.021538874942336098,0.010833508877061257
160.10000000000002,1,0.016841400935536117,0.7497181207454596,0.08311240598494452,0.02439703856374947,0.022220852229890183,0.010175785272807951
160.20000000000002,1,0.029026343381197816,0.6726162879251408,0.152992859575878,0.027329166969215987,0.02323492915322227,0.009782784720122265
160.3,1,0.040545690704796154,0.565143702831964,0.23517939634515186,0.02904955033349714,0.024605088303326837,0.009673047841646234
160.4,1,0.0490987688680868,0.44181512291312597,0.3141209528964777,0.030014893187392356,0.02629120539159618,0.009812257008653683
160.5,1,0.054063681307024276,0.3255063296605754,0.3764500464741401,0.03058191026524713,0.028073255567152237,0.010155456843366656
160.60000000000002,1,0.0564203664328615,0.23565160804965618,0.4173049394736496,0.030921639458417367,0.02950970621887975,0.010664716273126953
160.70000000000002,1,0.05781614555515612,0.18071563326182322,0.44006795065709525,0.031118924617687456,0.03008783104466319,0.01131551098701585
160.8,1,0.05964792936572006,0.160858668590385,0.4514664282065755,0.031256651520554214,0.029499541978587816,0.012094031235143504
160.9,1,0.06256357481170284,0.17488921118532047,0.45715367486443015,0.03142501335470722,0.027859709998593992,0.012972013432119922
161.0,1,0.06639341731574548,0.2222128553317958,0.4603470334755242,0.0316926326839204,0.025719391713955618,0.013878915818930016
161.10000000000002,1,0.07044487066066356,0.29843428506823616,0.46254302167114864,0.03207709647436629,0.02383403307894939,0.014715416451723773
161.20000000000002,1,0.07398685685209776,0.3913251153909704,0.46445656331356566,0.03253689080828558,0.022784401140432252,0.015410221013406562
161.3,1,0.07661614076834106,0.48314701827804907,0.46641291603996493,0.03299729441365507,0.0226784953159973,0.015962105234285106
161.4,1,0.07830066362660042,0.5582120151023755,0.46840820425977786,0.03339531628667203,0.023161244512687255,0.016412405967476264
161.5,1,0.07918233934864528,0.6094190568066474,0.4702160734551988,0.03370339740928955,0.023746024412136472,0.01676291844401338
161.60000000000002,1,0.07937790215167059,0.6390261003810338,0.47162410260201326,0.03391496240079493,0.024202124734687518,0.016917445912323487
161.70000000000002,1,0.07893487603925514,0.6543210241832658,0.47263032920851955,0.034025249043695784,0.024669091448689708,0.01671612637269756
161.8,1,0.07793262982451485,0.662423911673404,0.47345239967045594,0.034045458157228266,0.02542157263204806,0.01605267686648609
161.9,1,0.07659520810767184,0.6676414855351087,0.47438448243510334,0.03403664824022059,0.026532480253891346,0.014983074463978393
162.0,1,0.07525955897996911,0.671695049880517,0.4756201422704694,0.03410313124185448,0.02775692616718579,0.013727461735398195
162.10000000000002,1,0.0741640492089652,0.6750899883229199,0.47711295639750206,0.034300722224759876,0.02872474113485954,0.012554742516593942
162.20000000000002,1,0.07319348121836547,0.6780810832705053,0.47846911721538804,0.034505896289437996,0.029221589177500194,0.011646763870339081
162.3,1,0.07174666340846053,0.6809120804637442,0.478725793634387,0.03439644747613676,0.029279386665965502,0.011051272528185042
162.4,1,0.06881857153809874,0.6837328182331249,0.4757571971266571,0.03365600698389124,0.029044955365757137,0.010731774024339294
162.5,1,0.06338117274854396,0.6865471917962723,0.4654392015724752,0.032264022664486844,0.02862187342441547,0.01063146337602925
162.60000000000002,1,0.055052882127728325,0.6892604776369692,0.44172689629558176,0.03055314560658085,0.028012397416203913,0.01068866511365895
162.70000000000002,1,0.04466570847260375,0.6917556519887307,0.3992389593045084,0.028946304699921085,0.02711714094989227,0.01081972503932406
162.8,1,0.03410735609618288,0.6939318661298947,0.33801947423207274,0.0276733145070358,0.02578073209984927,0.01091768474234772
162.9,1,0.025337936443680077,0.6956835974623431,0.2668024406640949,0.026746742151106003,0.02396763480401979,0.010882485069495053
163.0,1,0.019327894257071595,0.696838695072563,0.20084117738379537,0.026111741205368185,0.02200556281141382,0.01065407527917209
163.10000000000002,1,0.01574299697725172,0.6970549420746673,0.15516393305095777,0.025735311879940725,0.020602436651746558,0.01021074130054063
163.20000000000002,1,0.013436358401854294,0.6955423044175413,0.1384825447509452,0.025579877103118476,0.020471708099711564,0.009527749302471215
163.3,1,0.011213516958209824,0.6903676984858664,0.15115768146114755,0.02555567914286312,0.021842554114666433,0.008541558124278906
163.4,1,0.008420526944121329,0.6774297277614356,0.18614212526659865,0.02552456606433352,0.024308530784782924,0.007184829464817177
163.5,1,0.005198522292566484,0.6501304856632262,0.23139215417582434,0.025364492133609938,0.027119199399369565,0.0054960903375681
163.60000000000002,1,0.0023670396009483796,0.601348219721436,0.27407009026879453,0.02505005588101711,0.029596727445557677,0.0036944571623750144
163.70000000000002,1,0.0009865292253479177,0.5280820250948158,0.3055418674028293,0.024668557480416436,0.031357869390566465,0.0020903482357069584
163.8,1,0.0017974727187594927,0.4363416313125027,0.32384451229053035,0.024341971633519092,0.032314166857448576,0.0008684636093752574
163.9,1,0.0047996678635139805,0.342263765524828,0.33203333531030227,0.024130614129872083,0.03257744568971037,0.0
164.0,1,0.009193174296902234,0.26737467201749365,0.3346342434652926,0.02401241081764774,0.03232666936937233,0.0
164.10000000000002,1,0.013761447337010816,0.22997547813129543,0.33518055930265256,0.023940118603400853,0.03164673172838774,0.0
164.20000000000002,1,0.0174868945017784,0.23716104835216284,0.3356020192533276,0.023902152114080026,0.030434447474540775,0.0
164.3,1,0.019961791271122162,0.28156961640696027,0.3365715748828645,0.02392741839009901,0.028499392767445224,0.0
164.4,1,0.021334993022945323,0.3448412581413905,0.3379924900939336,0.0240315469908107,0.025827408010501356,0.0
164.5,1,0.021973639658807272,0.4064609225588362,0.33941991571361474,0.024131128669764832,0.022762070871243656,0.0
164.60000000000002,1,0.022191531463188575,0.45282174395341135,0.34042204399343123,0.023971644278066872,0.01987683399936199,0.0
164.70000000000002,1,0.02217298633042579,0.4807164241016302,0.3407905614611928,0.02317268061805551,0.0176284605382178,0.0
164.8,1,0.02199047700460385,0.4942257820243922,0.3405303837336432,0.02147635418998672,0.016154420820612688,0.0
164.9,1,0.02162719013300173,0.4992792439224212,0.3397471810382586,0.01906629559767842,0.015411178364424995,0.0007383068732425003
165.0,1,0.021016453657280214,0.5002855061709479,0.3386039371327259,0.016643627609739548,0.015415165126962414,0.0024148093982008126
165.10000000000002,1,0.020108051170435338,0.49959865002594495,0.3373451843999794,0.015202660236614533,0.016235382751646463,0.003914955429806462
165.20000000000002,1,0.018903543528790385,0.4982374018917704,0.33626126220207614,0.015984433112021038,0.017763447381951666,0.005104881129343483
165.3,1,0.01741053684979236,0.4966068193645201,0.33554728275645274,0.0211659094794166,0.019609881803018443,0.0060122760846371345
165.4,1,0.015579146737097902,0.4949390769338192,0.3351303956306233,0.035261346385047763,0.02129311873053344,0.006696835721031311
165.5,1,0.013344853968724715,0.4935005773167579,0.33450117448177735,0.06609761615911278,0.02249866148693827,0.00716454227679708
165.60000000000002,1,0.01077542905292103,0.49259020686676663,0.3324709729054359,0.12305266012128958,0.023132982182174563,0.00740271709880322
165.70000000000002,1,0.008158195460574004,0.4923916477457321,0.3269203009797255,0.21108274580226905,0.023186912110745302,0.007438012588550665
165.8,1,0.005956742341518756,0.49283020956708606,0.3151393312029548,0.32372764834329704,0.022630699670056504,0.007333454771004231
165.9,1,0.00491030618128276,0.49358833317230155,0.2954413949601564,0.4424758856720931,0.021461329761096833,0.007152247423692803
166.0,1,0.006702756383710692,0.4942948017556812,0.2693198657693666,0.5457730733071091,0.01980433366231332,0.006936825113663615
166.10000000000002,1,0.015236829421072441,0.4947117128467544,0.2418123000665025,0.620769435619644,0.0179159790309994,0.006706236101797727
166.20000000000002,1,0.037496369922091606,0.49470790066029896,0.21886607615384607,0.6676262422736987,0.016067644458556567,0.006467784833872476
166.3,1,0.08190807673149932,0.49395759829862473,0.2038412511143328,0.6945140153315431,0.014433658038773656,0.006253937834415032
166.4,1,0.15303873893109599,0.4913900076785113,0.19632350113197528,0.7101667447248879,0.013088401147331265,0.0061699309808613415
166.5,1,0.245574575247058,0.4844160205026718,0.19366868390620434,0.7202153630431576,0.012086944493405548,0.0064032460475586675
166.60000000000002,1,0.34385204257123,0.46835683197956113,0.19313563165539369,0.7274776233458902,0.01151835816722582,0.007184965502891091
166.70000000000002,1,0.429526166778892,0.4373730848486372,0.19294197683538072,0.7333207708129961,0.011468062440044235,0.008770011810416761
166.8,1,0.49150431240311365,0.38797762603651414,0.19230183269927856,0.7384313925487735,0.011931231578820275,0.01145450190706217
166.9,1,0.5296708434259458,0.3233945003219723,0.19111948345072813,0.7430729796701749,0.012765557550761515,0.015483203860044916
167.0,1,0.5508225695211643,0.2542347849548658,0.1896637934252391,0.7472565744636406,0.013732150874256735,0.020744918084368204
167.10000000000002,1,0.5624531545260968,0.19327776687866421,0.1882789874429012,0.750899891205607,0.01459668480928136,0.02651767654887591
167.20000000000002,1,0.5695530398302087,0.1484626572074141,0.1871949248458999,0.7539244639413313,0.015211031111022604,0.031677289653269096
167.3,1,0.574666305398198,0.1202748935042351,0.18648180768301487,0.7563103647690305,0.015516032788490381,0.03531886597033939
167.4,1,0.5789303662510435,0.10450685229834251,0.18609782522385335,0.7581374763692769,0.015484508832715864,0.037228507246606785
167.5,1,0.5827649343855119,0.09626186010865324,0.18594024801586262,0.7595800608564947,0.015079405914679192,0.03781638882729022
167.60000000000002,1,0.5862186336573699,0.0919664377831314,0.1858658492218922,0.7608039909595026,0.014279159516340307,0.03770151260826214
167.70000000000002,1,0.589208610948143,0.08968062474672803,0.18568744401614903,0.761743955531198,0.013144561818748622,0.037361025145400795
167.8,1,0.5916494295919379,0.0891758292093536,0.1851251399251411,0.7616904826264367,0.011837028584737909,0.03702833293239734
167.9,1,0.593473307082564,0.09207976801061808,0.18364249890252776,0.7584656685211679,0.010524479765973975,0.03676591792747404
168.0,1,0.5946512576295357,0.10115212317489612,0.18012063093569466,0.7470970689074768,0.009238193032042144,0.03657009953273214
168.10000000000002,1,0.5952625686383288,0.11805542369505716,0.17256053580285824,0.7189329385035887,0.007837344283250586,0.036426767294447666
168.20000000000002,1,0.5955184990665041,0.14101874186044436,0.15842580992174327,0.6635524855970738,0.006157904190413961,0.03632231396496493
168.3,1,0.5956487258248371,0.16510280503883676,0.13616832366919804,0.5750215591129972,0.004235873983613277,0.03624890884694264
168.4,1,0.5956733925452571,0.18553733990701632,0.10720600462236475,0.45926299594016423,0.0024068214445478794,0.03622029986382192
168.5,1,0.595066479860294,0.20093330212526236,0.07626050628902284,0.3350633438517453,0.0011903673605846079,0.03628140941194884
168.60000000000002,1,0.5921061459316042,0.2131824369037673,0.048941696589400355,0.2251478394370442,0.0010481660107514814,0.036485334640872204
168.70000000000002,1,0.5827653188540597,0.22466542432472839,0.028478746055483162,0.14399801184485556,0.002169237044524859,0.036833454311544375
168.8,1,0.5599317714729869,0.2360048640160404,0.014616961452877258,0.09286376932307272,0.0043706498432312625,0.03721997565369676
168.9,1,0.5150141910137971,0.2462432521506415,0.005161746605129725,0.0642268344602643,0.007136336218578869,0.037442257722398425
169.0,1,0.44322350208688005,0.25437375938235735,0.0,0.04901188399201819,0.009791134956589991,0.037287640831220145
169.10000000000002,1,0.3496567238340146,0.26022248804937503,0.0,0.04055172148971605,0.011747729089699966,0.036624963044807855
169.20000000000002,1,0.24988887350392286,0.2642018477550774,0.0,0.03511080530211582,0.012697457494237232,0.03540203464017194
169.3,1,0.16239643556613437,0.2668293285030526,0.0,0.03114334342984209,0.012655729606650483,0.03353629921964956
169.4,1,0.09864411108665783,0.2685910368121321,0.0,0.028338657454649644,0.011885156443785605,0.030858442110610236
169.5,1,0.05929201720552809,0.2699257401305078,0.0,0.026691662092357835,0.0107607626555655,0.02730506273828025
169.60000000000002,1,0.037978322176049635,0.2711212978926624,0.0,0.02596200055548584,0.009618271202312458,0.02324612755359709
169.70000000000002,1,0.02713825711548878,0.272294736184189,0.0,0.02570311137396345,0.008642013056053235,0.019504059389598302
169.8,1,0.02118774761463554,0.2735740509087889,0.0,0.025531114726268105,0.007860173377910529,0.01687583491025035
169.9,1,0.0169688156835832,0.27526582349998163,0.0,0.02523466812442003,0.007234578491186806,0.015602901498075677
170.0,1,0.013154234992856373,0.27772451663465597,0.0,0.024686878299026237,0.006749723558465774,0.015336087249181887
170.10000000000002,1,0.009492450078336379,0.2809658172362717,0.0,0.02376832356079749,0.006434447591823729,0.015557104922795897
170.20000000000002,1,0.00610887825011648,0.2844344145353065,0.0,0.022399132364822223,0.006327024611491751,0.015972266939709923
170.3,1,0.003046549239394041,0.2872392250840557,0.0,0.02060171849146622,0.006424032733364937,0.016560788916277814
170.4,1,0.00014503312141479007,0.2886099606634987,0.0,0.0185024682440237,0.006642958837635902,0.01736836890410138
170.5,1,0.0,0.2880924632183312,0.0,0.016270863234612673,0.006817329335296247,0.018322437733262184
170.60000000000002,1,0.0,0.2855039007556258,0.0,0.014056245844919699,0.006743405542656169,0.019229782307484598
170.70000000000002,1,0.0,0.28102098172731904,0.0,0.011970428439378051,0.006282003001819048,0.019899657038978346
170.8,1,0.0,0.27524960133099297,0.0,0.010111290972859427,0.005457211965883574,0.020246298446704638
170.9,1,0.0,0.2687477898111265,0.0,0.008580638173817903,0.004452167493959229,0.0202991294389726
171.0,1,0.0,0.2612717960650933,0.0,0.007457931522213139,0.0034771815312809513,0.020147396137806865
171.10000000000002,1,0.0,0.25181810804803906,0.012557378094880962,0.006747152553788171,0.002620079114307631,0.01987368884088359
171.20000000000002,1,0.0,0.23977676843272652,0.03287535850509085,0.00636244814212406,0.0018185031294615794,0.01951318226635036
171.3,1,0.0,0.2260049880781018,0.05328876071338459,0.006208099623228095,0.0009720344135210093,0.01904871202985886
171.4,1,0.0,0.2125240353396292,0.07022278798597424,0.006358731986961811,7.075798156118705e-05,0.018435036570436013
171.5,1,0.0,0.20115967491801304,0.08210923041245266,0.007289938334280129,0.0,0.01764669949745338
171.60000000000002,1,0.0,0.1926185794154687,0.08953503008021498,0.009989734620482981,0.0,0.01672933420395767
171.70000000000002,1,0.0,0.18668061827006713,0.0940073610347276,0.015645174072789814,0.0,0.015800195910078252
171.8,1,0.0,0.18281084911582543,0.09684790503788973,0.024798396132154076,0.0,0.014969078497934942
171.9,1,0.0,0.18044836308870932,0.09890400915906021,0.03652507066269313,0.0,0.014241897143416051
172.0,1,0.0,0.17901399128929554,0.10066471205615818,0.04853795665046964,0.0,0.013498556419060894
172.10000000000002,1,0.0,0.177922538051046,0.10232844858810139,0.058373671276145934,0.0,0.012561166208763222
172.20000000000002,1,0.0,0.17658477123775002,0.10384033521627338,0.06469025564196337,0.00026074654047621626,0.011298894160039099
172.3,1,0.0,0.1743755501036368,0.10503200451327838,0.06763925193236413,0.0011331667526357089,0.00971319683375744
172.4,1,0.0,0.17093875658387073,0.1058018616558596,0.06828838794851115,0.0018886492561481338,0.007964804610434384
172.5,1,0.0,0.16738693295393645,0.1061945876250624,0.06781996910878077,0.002390517290579422,0.006317607653299553
172.60000000000002,1,0.0,0.16807863268460546,0.10635780237539386,0.06706382899754441,0.002593816117155319,0.005011036216952207
172.70000000000002,1,0.0,0.18081758914272267,0.10645655493383321,0.0664170616708604,0.0025663541242017885,0.00413302004210841
172.8,1,0.0,0.2130032340437469,0.10660999959667111,0.06596539480928676,0.002421839162215205,0.0035991805162196478
172.9,1,0.0,0.26511815367617203,0.10685889415955974,0.06565099262409456,0.002226417162108759,0.003277647194935369
173.0,1,0.0,0.32775933018902126,0.1071498572165956,0.06540675699135712,0.001982494552028307,0.0031448764017033564
173.10000000000002,1,0.0,0.38657313847627256,0.10731653438717681,0.06522108464311173,0.0017161703067360475,0.0032921566068375755
173.20000000000002,1,0.0,0.43109326884664245,0.10701854361692356,0.06513039837741083,0.0015653028647107045,0.00376364501440912
173.3,1,0.0,0.4593018853019118,0.10558820211511576,0.06517074787570604,0.0017494315042710295,0.004423624986695688
173.4,1,0.0,0.47523088714814543,0.10183293509447644,0.06533527647830124,0.0024276914450564635,0.00502651114778295
173.5,1,0.0,0.48402520686304207,0.09410939647505427,0.06556827072216079,0.003566516664537771,0.005418447380625945
173.60000000000002,1,0.012005314551457634,0.4891853989117547,0.08110353552678054,0.06579107964453194,0.004934055214890274,0.005652883222478595
173.70000000000002,1,0.040439382058878835,0.4925121251523488,0.06313640003468411,0.06592904917883972,0.006228993698304329,0.005913511699427748
173.8,1,0.08540420166806008,0.4949121901124149,0.04280163947063308,0.06590585533330985,0.0072323668123901435,0.0063376447662653775
173.9,1,0.14498213968359785,0.49689458756526317,0.0238700623507006,0.06557713081842673,0.00786521506267381,0.006910794420908693
174.0,1,0.210261600551522,0.4987205893590349,0.009143012390267961,0.06457944966279601,0.008146689550933736,0.007517179989268116
174.10000000000002,1,0.2694185775405542,0.500461399831128,0.0,0.06213330451850087,0.008124565156790494,0.008072165009684926
174.20000000000002,1,0.31442069259239547,0.5020594571946742,0.0,0.05701274061678582,0.007830851071680403,0.008585775719355737
174.3,1,0.34421838263308613,0.5034021450467707,0.0,0.04801160346012729,0.007286537909939095,0.009102737384791037
174.4,1,0.3624486666352188,0.5044065288376725,0.0,0.03492016096325518,0.0065565819973833,0.009617614988897913
174.5,1,0.3733579136410676,0.5050880079604226,0.0,0.01933426606701787,0.0057955331062850505,0.010076145175797371
174.60000000000002,1,0.3797746182258231,0.5055586848112007,0.0,0.004423269307690399,0.005203399423716158,0.010450757421770384
174.70000000000002,1,0.3833042917667877,0.505925836808014,0.0,0.0,0.004909107782032813,0.01079829284627477
174.8,1,0.3850159006679324,0.5061130000102106,0.0,0.0,0.004897015693588119,0.011242228494292546
174.9,1,0.3857173984636226,0.5056022623799555,0.0,0.0,0.005044526070373115,0.011886916489682752
175.0,1,0.38597724793303656,0.5029652293500625,0.0,0.008504338436852391,0.005217230712875118,0.012717091697947528
175.10000000000002,1,0.3861721172974294,0.4950862652253363,0.0,0.02974580685019002,0.005332557079923225,0.01356736097688028
175.20000000000002,1,0.38657693312186975,0.4766189526035568,0.008993584773755978,0.05457704313110117,0.005364250283554962,0.014212650497358514
175.3,1,0.3874162282187199,0.44116930447265135,0.0414589201526402,0.07793179174557789,0.005319851481127904,0.014510501196884365
175.4,1,0.3888469229260527,0.3852247699551354,0.08495574557985797,0.09593409978219052,0.005227235962495738,0.014458102663225142
175.5,1,0.3908968948873418,0.31271973206661907,0.13251221225363197,0.10749183020005634,0.005134549587543417,0.014129575736853207
175.60000000000002,1,0.39340582928640866,0.23542895320806,0.17506457702410963,0.11385877997632961,0.005105232504400425,0.013601877975624564
175.70000000000002,1,0.39601781695018184,0.16717260452987773,0.20659986579935666,0.11702948675574122,0.005195588533765687,0.012956697578042837
175.8,1,0.39822893434693446,0.11643489988548748,0.22660006428402435,0.11854454054054273,0.005420456205877337,0.012306772414546164
175.9,1,0.39936406674646685,0.08380668761090337,0.23829812377770979,0.11926750930125006,0.005724829306701936,0.011758087922131875
176.0,1,0.3982225204239646,0.06497108644143365,0.24542831424916955,0.1196915601784405,0.005984039543082982,0.011327885330634101
176.10000000000002,1,0.3922678316665265,0.05479702334432877,0.2504238210638296,0.12029388684587466,0.006044091059772676,0.01091473935184541
176.20000000000002,1,0.3769297736544326,0.04932503602448827,0.25445756299959904,0.12181751048194517,0.005788386779648538,0.01036443063636369
176.3,1,0.34650248345975787,0.04600075743850721,0.2581979547873073,0.1254269770554984,0.005205606013100148,0.009586035067992627
176.4,1,0.29768244641800906,0.0434406403069247,0.2625407009350467,0.1324656672843844,0.004429134032864634,0.008632169227402682
176.5,1,0.2338383846308512,0.04111569653355073,0.2691269684393676,0.14361485464650733,0.003701237499916044,0.0076738541505895225
176.60000000000002,1,0.1654800199780617,0.038970729704702334,0.2802452179086589,0.15797648418359142,0.0032457555693430865,0.006882909840525177
176.70000000000002,1,0.10496855117650339,0.037166025586688294,0.29760789634227613,0.173168264273196,0.003131662624323762,0.006330255232340009
176.8,1,0.05979561772254779,0.03601475472552303,0.32053075250413304,0.18670037262359143,0.003241133590089916,0.005987848091532636
176.9,1,0.03043021309923699,0.03589722388811376,0.3453353628993409,0.19736104509409091,0.0033524483412150302,0.005793793746455168
177.0,1,0.013232459523566407,0.036965400171397926,0.3671497646989951,0.2052894882820252,0.0032537912187527002,0.005681713022820991
177.10000000000002,1,0.004112375650798788,0.03882354484432825,0.382752587994609,0.21103951238211185,0.0028278266137472968,0.005550803910482831
177.20000000000002,1,6.909062106563902e-06,0.040593816915445044,0.3919098604891032,0.21487830216999926,0.0020997379290105694,0.0052299604909951045
177.3,1,0.0,0.041443551440175044,0.39649118269612643,0.21677701194320376,0.0012331015279571156,0.004492191702738625
177.4,1,0.0,0.0411204261290455,0.39888518243904403,0.2166111636606614,0.00045397726826899013,0.00315458020200668
177.5,1,0.0,0.04000557470701262,0.4010873659492622,0.21424239458332,0.0,0.0012386569199433332
177.60000000000002,1,0.0009581925475162658,0.03870786853230998,0.40428392128859236,0.20968523102984435,0.0,0.0
177.70000000000002,1,0.0023795268351066673,0.0376335724692009,0.4083278130147211,0.20345267637803585,0.0,0.0
177.8,1,0.0038586858205398697,0.03685351488716854,0.41157153974590327,0.19668271445719535,0.0001112071093056887,0.0
177.9,1,0.0048465566180881945,0.03623354438030509,0.4120085594568433,0.19071134837494477,0.00031510338680704777,0.0
178.0,1,0.004633820077749106,0.03562401573677721,0.40919819210638203,0.18642588329313084,0.0003383501047185747,0.0
178.10000000000002,1,0.0028026723328788434,0.034968941736512646,0.404984099214598,0.1840107296340077,0.00013601150832930704,0.0
178.20000000000002,1,0.0,0.03430670716157736,0.4021908679023392,0.18317517141524192,0.0,0.0
178.3,1,0.0,0.0337006755565422,0.4028086858410894,0.18346612172585303,0.0,0.0
178.4,1,0.0,0.033168725919190366,0.40725106549210205,0.18441551708419984,0.0,0.0
178.5,1,0.0,0.0326676817345582,0.41459752285116197,0.18556487141318248,0.0,0.0
178.60000000000002,1,0.0,0.0321349625282488,0.4231448783875931,0.18637827544657024,0.0,0.0
178.70000000000002,1,0.0,0.031544193827243605,0.4310745691294452,0.18595905591697656,0.0,0.0
178.8,1,0.0,0.03092830935768374,0.43699765139772045,0.18268714267307534,0.0008325103506077048,0.0
178.9,1,0.0,0.030352354075889505,0.4398688565637254,0.17430247318568837,0.0026964814521416294,0.0
179.0,1,0.0,0.029853456076281423,0.43826949973849866,0.15902744601729404,0.004556749021979499,0.0
179.10000000000002,1,0.0,0.029382281052080524,0.42995388496894155,0.1374355238505784,0.005982152018447463,0.0
179.20000000000002,1,0.0,0.028763602657483425,0.4127292898710194,0.11347942567730954,0.006810892056075095,0.0
179.3,1,0.0,0.027676633310467148,0.386577662945637,0.09323295352417302,0.007156423072121878,0.0
179.4,1,0.0,0.025699013123880506,0.35514163641666446,0.08195406506501718,0.007244813918588872,0.0
179.5,1,0.01589160829690652,0.02250377194155939,0.3244807535910007,0.08164367045652555,0.007245133152822869,0.0
179.60000000000002,1,0.04603194180876954,0.01816856690968591,0.29952798157280003,0.09054406706568362,0.00719968989688242,0.0
179.70000000000002,1,0.09290506045545756,0.013312014954306263,0.2813593114666265,0.10446390565146092,0.007054329974019565,0.0
179.8,1,0.15477764026418017,0.008817647658153346,0.2676880884638077,0.11916413493220566,0.006738430780705898,0.0
179.9,1,0.22276569300929522,0.005345494738650458,0.2556394894485102,0.13286841252319284,0.006247248003605697,0.0
180.0,1,0.2844207120042165,0.0030868368512397123,0.243892295978969,0.1479573576887761,0.005682340216297175,0.0
180.10000000000002,1,0.3306816113282234,0.001896665063844873,0.2325440217818736,0.17124574592023145,0.005221224092664223,8.194354851947582e-05
180.2,1,0.35995662169299036,0.001529083664346614,0.2215215915939247,0.21210585085437358,0.005044574094883164,0.0006598514334678661
180.3,1,0.3763772753209569,0.0017432695413746608,0.209321698987357,0.2775032076658208,0.005279817291901129,0.0011965392616192863
180.4,1,0.38529990034672207,0.0023173590323940026,0.19311350493181012,0.3655121634826273,0.005970508268342731,0.001593930914239116
180.5,1,0.3903870342795495,0.0030733774945643113,0.17030597162369593,0.4630220204752445,0.0070450086266574,0.001859294477416709
180.6,1,0.39335158343931986,0.003908291979745615,0.14082011592810403,0.5519504754961837,0.008305819693857432,0.0021500916344117144
180.7,1,0.39488010102562615,0.004782985648135167,0.10814300578054789,0.619699132837466,0.009492572606649386,0.0027491938581515767
180.8,1,0.39538696472777857,0.005675109480299384,0.07755740123840471,0.6644607659898473,0.010399052802895046,0.003915451908227172
180.9,1,0.3953050694488089,0.006540766698683441,0.05285576676204305,0.69196125917139,0.010941778584522943,0.005668284203192748
181.0,1,0.39509724428185505,0.007311356578685443,0.034784467259941665,0.7090747291431344,0.01111763886307744,0.00769881972587836
181.1,1,0.39514569821633777,0.00791944274443902,0.022215629540323134,0.7204253374731356,0.010911226224661494,0.009533234233114656
181.2,1,0.3956256256658284,0.008334312453776865,0.013910194101066897,0.7285322333835106,0.010265289325703001,0.010823765844594576
181.3,1,0.3964704663234383,0.008588519969617538,0.009045535166994884,0.7348306851767119,0.009154791433384688,0.011513457307156475
181.4,1,0.39747399355829444,0.008781211831296841,0.006875353672764813,0.7400861150521288,0.007689434242725166,0.011771056429721786
181.5,1,0.39845694431038914,0.009060071071526328,0.006512951893890346,0.7445028531455052,0.006127008294129793,0.01181314824424674
181.6,1,0.3993608930309528,0.009630134785500092,0.007055078677565077,0.7480130864826603,0.004762243350428513,0.011777205452987426
181.7,1,0.4001665348509352,0.010867678889303201,0.007836492519313086,0.7506449113345548,0.0037818046998905506,0.011705078395321379
181.8,1,0.40062203875875896,0.013562638839818555,0.00867369594057478,0.752647995772818,0.0032014539304902963,0.011598170646696762
181.9,1,0.3998199371210731,0.019106492241089897,0.009928438300980441,0.7543126422916844,0.0029127593753797984,0.011479622973092005
182.0,1,0.3956653316297755,0.02919409676381316,0.012181291336548626,0.7557358900381757,0.0027883137160990856,0.011417746128861631
182.1,1,0.38449965364620353,0.04477691489711455,0.015589720983434996,0.7568084744656436,0.002788657512735307,0.011498331180984249
182.2,1,0.3617788476540503,0.06498382650061689,0.019443738003081586,0.7573958344813005,0.0030303861157392523,0.01176657677926798
182.3,1,0.32471858165844075,0.08753001249265668,0.022433454695597897,0.7573980839506842,0.0037708899531196777,0.012180450916689503
182.4,1,0.2757545769247894,0.11112797653647248,0.023478801531231566,0.7563749587888607,0.005266867636636566,0.012619121687315058
182.5,1,0.22323985964032567,0.13812212132980267,0.022372734475156295,0.7525787154549244,0.007536291336649051,0.012957689377198102
182.6,1,0.1773524670764091,0.17454674409279614,0.019729353406842277,0.7415056186831458,0.010189213276007846,0.013155444952182151
182.7,1,0.14435138462930885,0.22630128303010444,0.01652375413958674,0.7149387570752269,0.01251865309305349,0.013275429350117721
182.8,1,0.12435584160503974,0.2934165552906002,0.013942498805160594,0.6627117756460478,0.01384393499143532,0.013412579782621357
182.9,1,0.11371441335440527,0.36737363561076086,0.013938064894505326,0.578717871919752,0.013877973749478204,0.013592977206376691
183.0,1,0.10855282288089337,0.4351330281352648,0.019987082696071485,0.4680818355714596,0.012888366887171598,0.013716250923640963
183.1,1,0.10647815142682207,0.48703357797595304,0.036691469257141375,0.34819975749106735,0.01156809492411748,0.01356028454032309
183.2,1,0.10639255157452088,0.5213510756923334,0.06723001807552177,0.2402361451309562,0.010670989791737084,0.012844880947905245
183.3,1,0.10774064179828785,0.542319201169567,0.10993490457997479,0.15775587203409983,0.010607869038201977,0.011364955840823265
183.4,1,0.11001953093152891,0.5553365486773675,0.15737933145416955,0.10244319510524148,0.01127641653202857,0.009163754283623404
183.5,1,0.11273723828932848,0.5641389609296698,0.19987990333973304,0.06837808962524129,0.01223872355608916,0.006618130474016752
183.6,1,0.11576652462671279,0.5707108503630053,0.230885422483272,0.04812392014631112,0.013061539829943855,0.004302943783654919
183.7,1,0.11987813026936713,0.5760760901582361,0.2497126649823569,0.035664352908711734,0.013530843876084503,0.0026853388005957882
183.8,1,0.12700427924467358,0.5807554026866659,0.26005110051002267,0.026934610431453593,0.013635142067478186,0.0018953225044469836
183.9,1,0.1396223295814388,0.5849385163445651,0.2665518271802001,0.019902046572200606,0.013436675598827597,0.00175807539442698
184.0,1,0.15904974503847807,0.5886471748228561,0.2723648521844309,0.014270586940825725,0.012995671976227027,0.00199957462818948
184.1,1,0.18368499199286528,0.5918802795057175,0.27853693856192846,0.010450476682637549,0.012390057801010221,0.0023964802181737277
184.2,1,0.2090782350779529,0.5946541132784233,0.2846621596390569,0.00844007539460046,0.011744348797854277,0.0027877431327434734
184.3,1,0.2303450347656691,0.5969680460391492,0.2899140298693911,0.00750573727570238,0.011185088239666458,0.003047787041311772
184.4,1,0.2448293972785105,0.5987722855526157,0.2938160484954838,0.0067006651637522155,0.010753338725887154,0.0031031660836634144
184.5,1,0.2526181176582695,0.5999659686982716,0.29645558003927436,0.005539194171859339,0.01037735872658376,0.0029609531788043907
184.6,1,0.2551403309751609,0.6004262140862637,0.298264414345494,0.004220896584518435,0.009948395541979413,0.0026969267991039203
184.7,1,0.2539259336480336,0.6000287506912297,0.2997174800312902,0.003386086785516261,0.009420960460566563,0.0024122500445946868
184.8,1,0.2504381880028941,0.5984764060801148,0.3011709669305068,0.003778092582114545,0.008823745357790262,0.0021964975927125743
184.9,1,0.2461570592095664,0.5946375497505263,0.3028200447767445,0.006052231961222244,0.008176310086422181,0.002105243821065042
185.0,1,0.24226195891539057,0.585342354130771,0.3046888183288266,0.010587827934938726,0.007430537546814043,0.002137101030590408
185.1,1,0.2393045051700419,0.5644316584611726,0.3066358593457974,0.017137904940305863,0.00651567406868715,0.0022209207397570754
185.2,1,0.2373024053937801,0.5238898994323189,0.3083862267780784,0.024591584891263417,0.005416390886638051,0.0022463733028296458
185.3,1,0.2360557468588662,0.45844205476169536,0.3095224511716417,0.0313125916726963,0.004187431889720874,0.0021333723409311276
185.4,1,0.2353417977936871,0.37148874020141004,0.30926723967435565,0.03597307036886212,0.002918066076938574,0.001882583874719332
185.5,1,0.2349515087078445,0.2766004092035498,0.30597805871865713,0.03818471728512162,0.0016963321692142661,0.001557292561426848
185.6,1,0.23468483454378603,0.19120394078552774,0.2967486423086877,0.03842455056798816,0.000577529403196906,0.0012103107168520526
185.7,1,0.23435650198475388,0.12710353243416958,0.27807730915811013,0.03749156737349925,0.0,0.0008245183113432458
185.8,1,0.23381342257403595,0.08611209200085693,0.2481436553841118,0.03605238197980557,0.0,0.00033582083693737197
185.9,1,0.2329572797228061,0.06307310278873599,0.20935988834138008,0.03451479123586684,0.0,0.0
186.0,1,0.2317174580667632,0.051312166583307055,0.16848397009043076,0.03309075237757302,0.0,0.0
186.1,1,0.22985718265758606,0.04575837210387488,0.13328652431842694,0.03186786628439782,0.0005117521262997275,0.0
186.2,1,0.22652619734163365,0.04346475866662289,0.10830963046084584,0.030851301764711164,0.002528209481969722,0.0
186.3,1,0.21972539227642696,0.04335424330043726,0.09323898193820786,0.030008477512956315,0.0046471406920776375,0.0
186.4,1,0.20631820534885587,0.04632181513048713,0.08462815695731196,0.02931201844011252,0.006502664314873017,0.0
186.5,1,0.18339907964963229,0.05589336986909953,0.0788375730550578,0.02874638213243291,0.00799665490471931,0.0
186.6,1,0.1507738089107109,0.07869404364643189,0.07398240258854481,0.028280649068345175,0.009188343167598402,0.0
186.7,1,0.11245909690120942,0.12278968630766435,0.07030902985939504,0.027852301934566365,0.010150634788996289,0.0
186.8,1,0.07511232179404291,0.19257937447718718,0.06960581997168533,0.027388579182422223,0.01093740597005404,0.0
186.9,1,0.0443376535336596,0.28292439085650023,0.07436880525342654,0.026841973079735338,0.011597449622580304,0.0
187.0,1,0.022287040769305867,0.37863014674094414,0.08682429729756877,0.02619901806433846,0.012149262941211174,0.0
187.1,1,0.008253363872675938,0.461892911003615,0.10749744334493178,0.025447980114771923,0.01254221917528429,0.0
187.2,1,0.0005619506578158751,0.5219700298028571,0.13385340721695854,0.024519472008144097,0.012664759194838263,0.0
187.3,1,0.0,0.5587605837025191,0.16065908053826605,0.02321271678919784,0.012412167211905608,0.0
187.4,1,0.0,0.5788117386627043,0.18263317225404588,0.02112947901546873,0.011791973415795118,0.0
187.5,1,0.00036938936872159365,0.5893213137694744,0.19728375565631093,0.01772141229174021,0.011014626509013145,0.0
187.6,1,0.003806838952308338,0.5951277069234147,0.2054383895455782,0.012592965518678745,0.01046953421840366,0.0010677131788393306
187.7,1,0.007801658205958255,0.5988108529558109,0.20957351277373545,0.005951255088024221,0.01052561284917687,0.002851074317226355
187.8,1,0.012065572811609538,0.6016468454554832,0.21194013296708764,0.0,0.011274871119958625,0.004936217836686927
187.9,1,0.01619438902347082,0.6041766197645694,0.21375932659606092,0.0,0.012456845004001635,0.00701401410320814
188.0,1,0.01959896279257311,0.6064890722601017,0.21536235140799856,0.0,0.013648308673213394,0.008845707401415851
188.1,1,0.021713278299658485,0.6084996607792935,0.21669155898723555,0.0,0.014530440452947352,0.010349698008108699
188.2,1,0.02223094906164402,0.6101767460589661,0.2176939438964928,0.0,0.014995247158666436,0.011550900019684401
188.3,1,0.021225902162430255,0.6116024265594816,0.21839103502090293,0.0,0.01505787618449193,0.012489044122425732
188.4,1,0.019156135101923974,0.6129062428178202,0.2187888343764966,0.0,0.014727702345185723,0.013185892341593156
188.5,1,0.01671942217237702,0.614189920524735,0.21892671492997037,0.0,0.013982114608347904,0.013661483780380308
188.6,1,0.014563428055555288,0.6154925994445304,0.21906481675806513,0.006163527322349524,0.012847069865344387,0.013953403632703674
188.7,1,0.01302378843678878,0.6167561995883718,0.21976648848766409,0.012740416317346528,0.011471071008141374,0.01412831410291905
188.8,1,0.012085206300116983,0.6177266303835854,0.2217956339492948,0.017308398357547262,0.010099263919806237,0.014274470104386514
188.9,1,0.01154625220137467,0.6176995714663058,0.22604152890463158,0.01991889000626722,0.008988008336142973,0.014458950715121035
189.0,1,0.011213059407504314,0.6149219979977566,0.23369126929408782,0.021202153612718336,0.008360169891111895,0.014679013867741312
189.1,1,0.01101091335152639,0.6055658762248555,0.2463946452066376,0.02185099703364123,0.0083941608143771,0.014863887307122441
189.2,1,0.011000833532739089,0.5830005955384473,0.26563207328769906,0.022311048767539754,0.00916186441947758,0.014936397415589707
189.3,1,0.01129148626148284,0.5392331186934315,0.2910419067567837,0.022728129398884328,0.010539571381120246,0.014886788824233327
189.4,1,0.011869162912449641,0.46976498000316,0.3191705406060398,0.023059000317446617,0.012220808042485846,0.014808278507007295
189.5,1,0.012473095505639296,0.3792841723484026,0.3446033288752999,0.023226581144356214,0.013858941286836082,0.014876773104199955
189.6,1,0.012639707328913457,0.28228688718341405,0.36307855198624545,0.02321934418237176,0.015213053926060706,0.015285549789703947
189.7,1,0.011893724233208254,0.19604143067541555,0.3737172387211282,0.023107733676646793,0.01618847677597576,0.01615514098383888
189.8,1,0.009980813115295514,0.13140339850966024,0.37846402076375185,0.02301102076003189,0.016788444277612127,0.017439602857661968
189.9,1,0.007042111223287766,0.08943086004268432,0.3799082925855624,0.02304305589107454,0.01704001935230467,0.018865804726617356
190.0,1,0.003595032223736262,0.06491807722244572,0.37980471389407533,0.02326006227745775,0.01692568112776438,0.019964749609384318
190.1,1,0.0002462820397712555,0.05147076575902597,0.3790487393700862,0.023655318931542664,0.01635356781811165,0.020236144658853022
190.2,1,0.0,0.044063196022546096,0.37821799865995576,0.024211063951018123,0.015220244328348244,0.019405387154680532
190.3,1,0.0,0.03944813692225668,0.37779913273835275,0.02493394456048024,0.013552805313120874,0.017631900464725656
190.4,1,0.0,0.035970925468972716,0.37806191639021114,0.0258152349025148,0.011598986383150814,0.015508304589113491
190.5,1,0.0,0.03316226434623625,0.37893846058301156,0.026779850484244003,0.009746169213485527,0.013813800764535497
190.6,1,0.0,0.031064685672884656,0.3801064345770241,0.027705210270177572,0.008323153779047833,0.013168359964813366
190.7,1,0.0,0.02964201846210797,0.38122581610480577,0.028449607644470284,0.007460918702237472,0.013794059952351685
190.8,1,0.0,0.028607249819288263,0.38214644806476183,0.02880892677750409,0.0071114820892029884,0.01548775047722132
190.9,1,0.0,0.027570079521632714,0.3829212285477557,0.028516622048096636,0.007163528534666888,0.017795726229204247
191.0,1,0.0,0.026206104308785214,0.3836400374481177,0.027435204705486948,0.007534098753729488,0.020306537492927573
191.1,1,0.0,0.024317623133835644,0.3842607980935408,0.025779951129059498,0.00817756710648871,0.02287264292939614
191.2,1,0.0,0.02187422048995122,0.38454182779132695,0.024053641009193508,0.00903561155760833,0.02555898202133649
191.3,1,0.0,0.01911574628906072,0.38398089292644233,0.022706025520275782,0.009985650374401314,0.028366589345632305
191.4,1,0.0,0.016680019329429963,0.3815537197679681,0.021883304715895138,0.010831494538426476,0.03104944835698846
191.5,1,0.0,0.015674417604863284,0.37514814173236694,0.021472295886270424,0.01134664972194556,0.033234086144834585
191.6,1,0.0,0.017600231063989426,0.36110637116240346,0.021278732352269507,0.011345671903416888,0.03468449638107493
191.7,1,0.0,0.023948502878431595,0.33503703194740475,0.021143421791315436,0.010732536866879139,0.035424788192976744
191.8,1,0.0,0.03534569710321982,0.2947106763029618,0.02098053001648849,0.009487366630743744,0.0356524634429003
191.9,1,0.0,0.05066336588741868,0.2434574485823191,0.02077544833073516,0.007620580782037879,0.035588882703446324
192.0,1,0.0,0.06702631539036322,0.19049680203569144,0.020556871444295674,0.005173374626477187,0.03539143560682552
192.1,1,0.0,0.08113028182936233,0.14683994660361815,0.020384252909449282,0.0022859831430795206,0.0351318233513998
192.2,1,0.0,0.09094447447579965,0.12017433848793717,0.020372495405746715,0.0,0.03480532718126579
192.3,1,0.0,0.09640007809234534,0.11300156533793854,0.020692107785807844,0.0,0.03436384873975709
192.4,1,0.0,0.0987352925580675,0.12399161606326926,0.0214763433200332,0.0,0.03377168307746965
192.5,1,0.0,0.09939058641460151,0.14942071776533594,0.022670632684402937,0.0,0.03305620405948079
192.6,1,0.0,0.09938163913030151,0.18341200078419823,0.023956416587378817,0.0,0.03231476065909858
192.7,1,0.0,0.09932397855755375,0.2185633176648746,0.02486511011895865,0.0,0.03166857115097569
192.8,1,0.0,0.09985697603437944,0.24817310763327144,0.025057401101316365,0.0,0.03119409233187943
192.9,1,0.0,0.10235081522599229,0.2688217049054995,0.024578406648248015,0.0,0.03086903225997737
193.0,1,0.0015970379718565164,0.10990435565672822,0.28111697446440836,0.023864116191915353,0.0,0.030546828269704812
193.1,1,0.003669541273912952,0.12809544971937206,0.2881103915420807,0.023448048713531983,0.0,0.029967014957384103
193.2,1,0.004960494787171484,0.16393209227309907,0.29299489302074055,0.023591986527429137,0.0,0.028831323646784732
193.3,1,0.005688471306967705,0.22178388950875977,0.29781708164354015,0.024158157516590804,0.0,0.02695196238403633
193.4,1,0.005972660842629649,0.2982490107118179,0.3034224371268508,0.024805870450669867,0.0,0.024368567510608105
193.5,1,0.005878608006587657,0.3810746093176381,0.30976963787098044,0.02530167441344289,0.0,0.021284660608775065
193.6,1,0.005518763560219768,0.4549171822416938,0.3161078532524232,0.025698216470438552,0.0,0.01786582252292509
193.7,1,0.005053781578914052,0.5097588684842598,0.3212956912023188,0.026290580158274797,0.0,0.014175490952153305
193.8,1,0.00462886255172797,0.5447493855398788,0.32442806662105356,0.027399077312452762,0.0,0.010382934585605578
193.9,1,0.004330944732787712,0.5653201188605754,0.3253265494429081,0.029134377574590718,0.0,0.0069559852484356475
194.0,1,0.004200211209967078,0.5778996918019109,0.32451406100279007,0.03133429707050832,0.0,0.0044984343699402
194.1,1,0.0042896496487040935,0.5869455712749837,0.322842964388781,0.033712968739497945,0.0,0.0033665386693344426
194.2,1,0.0047237432308072464,0.5948598698817753,0.3211298798010373,0.03604841782993406,0.0,0.003492875277327105
194.3,1,0.0056665590296788035,0.6027914232338965,0.3199860541571784,0.03823220135938064,0.0,0.0045352372208062675
194.4,1,0.0071718751604899125,0.6111239412607238,0.31984611492534365,0.04021287968159097,0.0,0.006098401413503846
194.5,1,0.009048672273262335,0.6197974032509481,0.32099808816156533,0.041968019356284136,0.0,0.007862439523131988
194.6,1,0.010919506750594185,0.6286085479639896,0.32334245296972,0.04351533709791398,0.0,0.009672229630133374
194.7,1,0.012445412201750293,0.6372561281596083,0.3258980159797232,0.04488083537253904,0.0,0.011583367393111225
194.8,1,0.013478113598252713,0.6452322911763035,0.32650224002317474,0.046050210991350995,0.0,0.01374521304272478
194.9,1,0.013980453776063792,0.6519520549000531,0.32225198535554145,0.04703151826664356,0.0,0.016157824374638346
195.0,1,0.013822409872610337,0.6570635183370169,0.3108629782169122,0.04804467614287706,0.0,0.018551788857446447
195.1,1,0.01269383033925601,0.6605732896302848,0.29237388376494683,0.049642516551795815,0.0,0.020543595357864132
195.2,1,0.010281503000596647,0.662789655788716,0.2698462205001733,0.05251196444688053,0.0,0.021915549156854935
195.3,1,0.006618491285259207,0.6642659014193373,0.24793099259151888,0.05695446937095746,0.0,0.022746933715278684
195.4,1,0.002282895810574672,0.6655515047547395,0.22995159774892068,0.062466503447205786,0.0,0.0232989989042656
195.5,1,0.0,0.666398061841644,0.2159069759420219,0.06791615268320379,0.0,0.023795386827541388
195.6,1,0.0,0.6645959512087929,0.20319924526947739,0.07224985674562141,0.0,0.02429970639615892
195.7,1,0.0,0.6554929901353007,0.18928492438649563,0.07507920039911875,0.0,0.024757956576612263
195.8,1,0.0,0.6336479008263067,0.17368919678346398,0.0766690627985179,0.0,0.025112060029396675
195.9,1,0.0,0.5969064540509619,0.15768978598543312,0.07751223896409935,0.0,0.025360115858997605
196.0,1,0.0,0.5505157384658952,0.14238747266864976,0.07796323941067472,0.0014707942375705642,0.025532676793074142
196.1,1,0.0,0.5073612263714032,0.1272537183617324,0.07813958248386882,0.00469898348208711,0.025641600589393066
196.2,1,0.0,0.48269783556371665,0.11044305121540492,0.07800615997989808,0.007430552169580081,0.025659173315840184
196.3,1,0.0,0.48624098827362433,0.0905177348798481,0.07751150480103812,0.009382427382971813,0.02553797331113493
196.4,1,0.0,0.5168098346901321,0.0681690710475342,0.0766836513906573,0.010599079307460079,0.02524774201162343
196.5,1,0.0019917335341853425,0.5631615483652932,0.04637473536500461,0.0756255863419641,0.011306519208563369,0.02479614887394838
196.6,1,0.006669198512062044,0.61058942327358,0.02862543979822661,0.0744346639229231,0.01176890517276763,0.024209525081581026
196.7,1,0.010693722291134966,0.6486011740665539,0.016758188194226493,0.07315193617595356,0.012235619237703945,0.02348900075456949
196.8,1,0.013372464650009058,0.6741633589423296,0.010292989423038964,0.0718046441285182,0.012906627853813942,0.022607792942942854
196.9,1,0.01456540985318845,0.6893474179257199,0.007431948306998687,0.07047931884232062,0.013877314594919726,0.02159189791055636
197.0,1,0.01467532086794663,0.6972107071925561,0.006392122020342645,0.06932270853295297,0.015142959603221259,0.020614236456461828
197.1,1,0.01439661930575396,0.6998229026306481,0.006078033237524127,0.06846443237924255,0.0166965852109908,0.01998600146098776
197.2,1,0.014324604676217892,0.698701270600671,0.006114959085030457,0.06794179432590998,0.01858539822120919,0.020036800755785414
197.3,1,0.01466572123904458,0.6955776524349728,0.006578436416756336,0.06766354305389333,0.02080666664919917,0.020968520997999455
197.4,1,0.015269425744461837,0.6921709748056301,0.007576555655680067,0.06737072736362576,0.02316471241400248,0.02273544434143295
197.5,1,0.015967034376915015,0.6894405354142671,0.008845370051341762,0.06657123925892916,0.025308949782387687,0.025002624396904326
197.6,1,0.0169906247810762,0.687375255880174,0.009639446848992848,0.06451487940149894,0.026945703690513436,0.02727408669451152
197.7,1,0.019247736499236758,0.6855190916071425,0.009051252980293342,0.06036362297129692,0.028000728102026258,0.029146053270002484
197.8,1,0.02436576126575305,0.6835793833973434,0.006552624287050887,0.05366982618401498,0.028602448158021272,0.030462329339467846
197.9,1,0.03464412463042245,0.681588066616743,0.0023745512026213393,0.04493191709126395,0.02895921515817243,0.03126498723556946
198.0,1,0.05310154056005117,0.6797052915552333,0.0,0.0356345713634802,0.02924358219925677,0.031677521412884165
198.1,1,0.08314770534422976,0.6780312588971098,0.0,0.027488216214219832,0.02952684847772174,0.0318498046474409
198.2,1,0.1267386911780128,0.6765577499380312,0.0,0.021455270726923856,0.02976453084624534,0.031931060598944336
198.3,1,0.18136290684212922,0.6750871661125091,0.0,0.017449196388004816,0.02983104418748698,0.032019179875261275
198.4,1,0.23916530781148607,0.6729212517915698,0.0,0.014850507388675395,0.029611047166478468,0.032126826263585304
198.5,1,0.2909082384320074,0.6681910894951777,0.0,0.013201699324726566,0.029123856483635028,0.03220934921287166
198.6,1,0.331996622987848,0.6568282183348052,0.0,0.012506322395287107,0.02857652347988305,0.03222078875270334
198.7,1,0.3645322642161941,0.6319124300483789,0.0,0.013077355785763507,0.028248780050701142,0.03213720789343982
198.8,1,0.3934865788087364,0.5853145318232086,0.0,0.01516191081054731,0.028285755856152558,0.03194382597224319
198.9,1,0.4214483802929668,0.5128704049058314,0.0,0.01860400880366723,0.028602270937896548,0.03163349993818193
199.0,1,0.44719190007096926,0.4201696158345007,0.0,0.022804994909131498,0.028981986961802653,0.031236104028412537
199.1,1,0.4683370566402286,0.32270468548883813,0.0,0.02707237431239481,0.029244180965123715,0.030837328355207007
199.2,1,0.48415444274499614,0.23812747210637705,0.0,0.031064943773201376,0.029323086917074352,0.030549629911328823
199.3,1,0.49571513920199256,0.17687819444522282,0.0,0.034874660978488216,0.02923343698929329,0.030465184094920862
199.4,1,0.5044363266894519,0.13919288474236136,0.0,0.03866036027630477,0.02897796081104672,0.030644323109293988
199.5,1,0.5112985489267761,0.11895468328233427,0.0,0.042271072777523754,0.028455599955879353,0.031132314678991357
199.6,1,0.5171230015466616,0.10881840859985321,0.0,0.045299154185295974,0.027453385818678077,0.0319592660398281
199.7,1,0.5228508468093895,0.10297730831834168,0.0,0.04746606567694912,0.025807922955275564,0.03324634840656373
199.8,1,0.5292612680601494,0.09800462622047305,0.003005086527091954,0.0488643568542686,0.023661600568428264,0.0357348024642722
199.9,1,0.5364943443144665,0.09282064839041144,0.012365577288615693,0.049819626092847805,0.021533720803204478,0.04186584601415409
200.0,1,0.5438984843295306,0.08790055650399317,0.026075120323616804,0.05060628795383911,0.020032968685739734,0.056714435555020835
200.1,1,0.5503438945106885,0.08401691892034208,0.0431232488962893,0.05134275650918601,0.01943997070896695,0.0871312146892341
200.2,1,0.5547588774807649,0.08133909838595944,0.060607328338983205,0.052095500290219136,0.019554098144715502,0.13788921923194383
200.3,1,0.5565073243471856,0.07936208972874025,0.0753106067018245,0.05296992973920105,0.019895359654997394,0.20660557498547527
200.4,1,0.555346650407723,0.07738180464516042,0.08559184318529046,0.05403428276249628,0.02003599608560503,0.28231067890701445
200.5,1,0.5509489710494951,0.07494663181781998,0.09186259491311265,0.055189804339537296,0.019853447618904757,0.35062605484900616
200.6,1,0.5423595057468689,0.07197839120705829,0.09560004586281759,0.05621142737549209,0.01965270571360621,0.401808584076856
200.7,1,0.5281918372242641,0.06863608551324274,0.09822555772469614,0.05697126005055129,0.02022768180245128,0.434619225847006
200.8,1,0.5079197688477417,0.0651370341590864,0.10066791645210074,0.05760156594214419,0.022990706298331262,0.45373474972549865
200.9,1,0.482952028044087,0.061666290570592086,0.10341542726164814,0.0584066187410468,0.030040239414901727,0.46479264831517136
201.0,1,0.4553977997694548,0.05836372699866427,0.10668956766019083,0.05961176797893539,0.0435709420287812,0.4715923325320509
201.1,1,0.4248230840971539,0.05531537461778238,0.11057982710422225,0.061183207443555064,0.06430858758875364,0.4760495073694027
201.2,1,0.386696623680355,0.052517592925892066,0.11502078983265573,0.0628429943792319,0.09002038799989859,0.4790790873148459
201.3,1,0.33569681458056255,0.04985514754370529,0.1196609483186916,0.06423302448290184,0.11591624534974442,0.4811790892709908
201.4,1,0.27184148949937287,0.04715094854621724,0.1239225650716677,0.0651022400466393,0.13719118409943168,0.4826670183093315
201.5,1,0.20320710972324502,0.044276165640782135,0.12736304500508439,0.06538224224290654,0.15156961703195856,0.48380354848683155
201.6,1,0.1416765282315724,0.04121665560871409,0.12998998193833922,0.06508054301641165,0.15969985053013339,0.4848346216680207
201.7,1,0.0955639316266948,0.038011286412519926,0.13217582548266718,0.06409842595265595,0.1636348138893598,0.4859397841315619
201.8,1,0.06604588756013084,0.034655472254217994,0.1342777353948521,0.06221824928380454,0.16524311632039557,0.48716984366175214
201.9,1,0.049312872416862254,0.03116246629653371,0.13634018302413392,0.05935508090485067,0.1656740765177985,0.48846233027945
202.0,1,0.040505176963201044,0.027746081492299676,0.13808092146372516,0.05582302481437898,0.16558872529336408,0.48971634789732577
202.1,1,0.03572082136444973,0.024809110743843375,0.13905663037332774,0.052273960948441535,0.16546076589310502,0.4908301236232031
202.2,1,0.032056549759592136,0.022623450833063958,0.13877665563995534,0.04931887136168476,0.16565763107649617,0.49162772182539055
202.3,1,0.02734573188100189,0.02107071540773133,0.13663261593821513,0.047206422056129314,0.16637201437531524,0.4916339796882287
202.4,1,0.02043252670776031,0.019790555623470717,0.13180814252805173,0.04581979859688485,0.16754473242830895,0.4895954472723992
202.5,1,0.011613257884063359,0.018539284005221614,0.12359985372153157,0.04485399542219625,0.16887165795019238,0.4826649298811904
202.6,1,0.0024685628370097685,0.017334334822074825,0.1122825381166085,0.04390963484963525,0.1699295529834703,0.46571980602700225
202.7,1,0.0,0.01632405911804279,0.09978377590715425,0.042475035592977134,0.17038111061791952,0.43224237669003723
202.8,1,0.0,0.015647958939816974,0.08917099399854898,0.03999545450667311,0.1701511683620361,0.37797531666423856
202.9,1,0.0,0.015436336359434985,0.08305972444952095,0.036176760135229434,0.16945768706109696,0.3056812736282114
203.0,1,0.0,0.015836389311084678,0.08221775454549109,0.031360498340067613,0.16865657133096018,0.2262846386866161
203.1,1,0.0,0.01692173994585793,0.0853911751618301,0.02654194468400404,0.16797432542766494,0.15370732972840503
203.2,1,0.0,0.01853945983844,0.09032271572639519,0.022812394104579456,0.16724588197957968,0.09732694435301609
203.3,1,0.0,0.020293805695016816,0.09525724974983507,0.02063556000207212,0.165683426616409,0.0587974413413757
203.4,1,0.0,0.021745787025122955,0.09998749903117789,0.019643466613954275,0.16166645575443475,0.03476209294271743
203.5,1,0.0,0.0226538206522971,0.10563680294766037,0.019095131412214493,0.15281661310672806,0.021050222835417128
203.6,1,0.002638496740036204,0.023037063663582935,0.1132568017387605,0.018455684413631192,0.13692771407017973,0.01454959566447581
203.7,1,0.005891124983879608,0.02305788466339295,0.12248645628536187,0.01757961557047677,0.11377726777254384,0.01299918805886327
203.8,1,0.008424397950465358,0.022880811379619517,0.1316093852833332,0.016531701371058357,0.08643656076896321,0.014475238140009524
203.9,1,0.011769118587461342,0.02260458992263778,0.1388915614175719,0.015385495518147677,0.0603012186349781,0.01730192910954327
204.0,1,0.019539481368661304,0.022247353607242254,0.1437212404930427,0.014179460134483231,0.040094993642216074,0.020227393400169255
204.1,1,0.03775015361447146,0.0217504868278372,0.14656081780779992,0.012960236859927208,0.027443605593847467,0.022597430253514666
204.2,1,0.07330904248080344,0.021013299022568106,0.1482243840012523,0.011796757751471822,0.021009256525222324,0.024346049780332026
204.3,1,0.12982098392765154,0.019980099575925024,0.1494413482823187,0.010745436453590124,0.018382423202624794,0.02575434739189574
204.4,1,0.20304543251675516,0.0187512039598631,0.15086088774293985,0.009816163331540513,0.017642850225087617,0.02710965005444127
204.5,1,0.28082931835852104,0.01764072834823363,0.15303177272000085,0.008978775135057017,0.017708606063478842,0.02847160557516745
204.6,1,0.3492560653406011,0.01712594560205649,0.15617003592351356,0.008199281155278647,0.018006973837924576,0.02968097091842328
204.7,1,0.40019795290675764,0.017694366570094572,0.16002718904744986,0.007463060727807332,0.01815402572147302,0.03055570448112336
204.8,1,0.4338004880953424,0.01962035818071339,0.16408876540568507,0.0067648004672280606,0.017855946666676843,0.03106491893448164
204.9,1,0.4551048230674471,0.022745404474321072,0.16788816621146085,0.006090118865406774,0.01697137416412765,0.031324047463014905
205.0,1,0.46943435868162975,0.026439899542653755,0.17113478478638905,0.005409927146687955,0.015620838741300264,0.031453003251222196
205.1,1,0.48025401942514934,0.02988386741574798,0.17365809164247312,0.004670626022454826,0.014198935441830977,0.03145244588708714
205.2,1,0.4892646990691987,0.03249967648915093,0.17532708852787476,0.003775253780204077,0.013201100704758448,0.031192401445524962
205.3,1,0.4970740285233439,0.034166313087092066,0.17599412509901147,0.002584217368366593,0.01295204076736225,0.030498412058133202
205.4,1,0.5037661775729205,0.03507695692033226,0.1754720868975354,0.0009305754304639663,0.013441807403840217,0.029270768544892675
205.5,1,0.5092859455047659,0.035469927206630315,0.1736317622352036,0.0,0.01439447166152287,0.027566071478644916
205.6,1,0.5135265530422007,0.03550076186445846,0.1705875637878745,0.0,0.015500525074005959,0.025589741722175485
205.7,1,0.5162827243825686,0.03527984175987699,0.16666056209101723,0.0,0.016605367505505158,0.023609648002131063
205.8,1,0.517400035561539,0.034932512613945,0.16187754945905428,0.0,0.017703272243133318,0.02185711564566802
205.9,1,0.5170608213686843,0.034588146652885475,0.15534585046629584,0.0,0.018821586162709462,0.020460468295158366
206.0,1,0.515850894145859,0.03433533854892732,0.1453376151864887,0.0,0.019998659640204287,0.019404445435016196
206.1,1,0.5144908871715781,0.03421632723753222,0.13055175559518364,0.0,0.021364603161445454,0.01852434196500905
206.2,1,0.5134559652033823,0.03425965049092691,0.11176609763032593,0.0,0.02311393953071242,0.017585573249866218
206.3,1,0.5127329507681072,0.034497426133256355,0.09224748099754461,0.0,0.025286961718246435,0.016442979404323044
206.4,1,0.5117365381071172,0.034957539550629864,0.07638567974336671,0.0,0.027598465601584646,0.015150635233425507
206.5,1,0.509157824100877,0.03568756086632901,0.06830205655451972,0.0,0.029573356329294805,0.0138908760036126
206.6,1,0.5025566526866714,0.03685649714650968,0.07226770173429167,0.0,0.030885467725125168,0.012767486019907086
206.7,1,0.4881208602319984,0.03897869652110234,0.0935607542495337,0.0,0.03154425706920138,0.011664952510789963
206.8,1,0.46175128892467276,0.04334116946324821,0.13632163906961886,0.0,0.03177711430015877,0.010322629328099154
206.9,1,0.4219639516861169,0.05270955909555597,0.19847008133488822,0.0,0.031797918983059635,0.00856819795933558
207.0,1,0.37259871771518804,0.07197355820990363,0.2692720466657724,0.0,0.03168931488511939,0.006505190300960897
207.1,1,0.32200116965120834,0.10746180432409036,0.3340834674865847,0.0,0.031422286487277636,0.004484156624019349
207.2,1,0.27829947201980154,0.16352383758066283,0.3828005965057157,0.0,0.030922317051210867,0.002879705332393962
207.3,1,0.24473899402257882,0.2375727198415961,0.4141559954674481,0.0,0.030131477299168086,0.001883952509108492
207.4,1,0.21882878152046206,0.3183359977386199,0.43309655879699344,0.0,0.029047501434325117,0.0015133886712028989
207.5,1,0.19489663999079146,0.39078981618291264,0.44560155012918945,0.005305214307009844,0.027695289066966857,0.001793496044804286
207.6,1,0.167582615532212,0.44445143405103404,0.45580634200399517,0.012612209647517521,0.026019509165603062,0.0028776004675689264
207.7,1,0.13481691686708838,0.4777820132811669,0.4658781731922184,0.01860990278858253,0.0238117444109853,0.004918316380783928
207.8,1,0.09913086289740543,0.49589203242383384,0.4765160151817938,0.022908035020719756,0.0208319594594116,0.007793731388402603
207.9,1,0.06600172815299743,0.5053692507348291,0.4871725410860942,0.025759665780129466,0.017106881478380527,0.010990885995558218
208.0,1,0.04013921853640574,0.510952590271446,0.49672503950733476,0.027599246410169528,0.013133185859978847,0.013816597259546572
208.1,1,0.022944515917860862,0.5150731699789434,0.5047828535669335,0.02874023961384093,0.009713614928281678,0.015759467560028283
208.2,1,0.01293497551957984,0.5186749572393016,0.5124333957066236,0.02938190367227947,0.007496633792642157,0.01667991286463276
208.3,1,0.007720422414002954,0.5219871612260245,0.5214498788614587,0.02971320077349697,0.006606821727551575,0.016730080576012153
208.4,1,0.005421351060074961,0.5249729712709601,0.5326562237881306,0.029923774106295337,0.006652432780848123,0.016176558393991
208.5,1,0.004962199791835768,0.5275792856351109,0.5452135199689683,0.030134086746200186,0.007013991771263046,0.015290452440897188
208.6,1,0.0058001043299215835,0.5298398250796426,0.5577283142083093,0.03035298468521984,0.0071275529290849024,0.014306060381705113
208.7,1,0.00772414026628621,0.5318540091440637,0.5699868738228233,0.03051598248133245,0.006631704454489943,0.013396599818889045
208.8,1,0.011043760326439429,0.5337167160760643,0.5831881904646623,0.03055921538997976,0.005439480438793023,0.012666935613166756
208.9,1,0.016961404529224015,0.5354768777697152,0.5982208235169185,0.030461409122666334,0.0037630626344462028,0.012175057659114459
209.0,1,0.027395285745449856,0.5371378858020445,0.6138629190125828,0.030247743718432706,0.0020060429677568672,0.011961579060783538
209.1,1,0.04370709564050115,0.5386550003705513,0.626797979824424,0.029991066137931847,0.0005178572289674542,0.012065250698561264
209.2,1,0.06500354939424945,0.5398690482936471,0.6332768255420037,0.02982355093746057,0.0,0.012535513552399357
209.3,1,0.08772413802325024,0.5402901097028534,0.6310132318821677,0.02995490898116755,0.0,0.013532112698682005
209.4,1,0.10738167831992608,0.5385709146243884,0.6204746115891742,0.030716796081575865,0.0,0.01567042547095397
209.5,1,0.12106318933637093,0.531565030809365,0.6052211100375751,0.03263498068715168,0.0,0.02067557721545179
209.6,1,0.12847831050013378,0.5134989943308993,0.5906330432621069,0.03639794520811868,0.0,0.031919248458752734
209.7,1,0.13107022909177682,0.4768477065680448,0.5811244627143166,0.042507548641323945,0.0,0.053764516267121566
209.8,1,0.13057595254301607,0.41636242831491316,0.5778526636692627,0.05068149444016825,0.0,0.0889471770735413
209.9,1,0.12830465725165002,0.3346752169944477,0.5789089020044179,0.05957660753008196,0.0,0.13531066658634075
210.0,1,0.12514948666750061,0.24431534171304595,0.581324681387457,0.06733761782794935,0.004678293010371444,0.18520706586529556
210.1,1,0.12173919804235575,0.16243981626870424,0.5826355067678878,0.0726275658765786,0.014494255889891793,0.22925452730243973
210.2,1,0.11845168760172102,0.10162466893932554,0.5812182553049642,0.07522140563625,0.027681332763666532,0.261582860423073
210.3,1,0.11541879402024298,0.06448783530833226,0.5763817321216758,0.07576990398192712,0.04188143738974208,0.28196294151089235
210.4,1,0.11264200761732282,0.04567120364295311,0.5686200719743411,0.07519591434894497,0.05430992640299836,0.29377878094229515
210.5,1,0.11011487421222627,0.037484392461257704,0.5590742741621983,0.07428583433544501,0.06332794259525537,0.30079605405501625
210.6,1,0.10781973491274,0.03400730302273621,0.5478170410501105,0.0735759771116899,0.06898486241548332,0.3054973522152973
210.7,1,0.10566896604361435,0.032124267426905814,0.5325217146083991,0.07337299554530183,0.07236399833440596,0.3091050235511889
210.8,1,0.10356359897958092,0.03079983169656167,0.5095014018131164,0.07380892200277021,0.07465965657524826,0.3121080888300048
210.9,1,0.10155054790391764,0.02996646556624395,0.47696316516486165,0.07491161672633437,0.07670791422090337,0.31465238453929273
211.0,1,0.09983191507866933,0.029654519096071717,0.4376914921858069,0.07667068822937315,0.07892983458001397,0.31680596765444086
211.1,1,0.09849685801205661,0.029614874084234594,0.39825964556693444,0.07906083426650254,0.08138932325307234,0.31874356614395183
211.2,1,0.09721866072652532,0.029411617805212616,0.3650224358340543,0.08199593572715363,0.08388364423887733,0.3207571014331643
211.3,1,0.09524034701616532,0.028700842815544976,0.34041351120570346,0.08524921077536811,0.08611339671320989,0.32308512410038664
211.4,1,0.09158892225147564,0.027406439495964115,0.32249466004317096,0.08843894366566546,0.08788105928227685,0.32572394485421324
211.5,1,0.08524549640025085,0.025688161521848586,0.30702577245156215,0.09114523696244348,0.08918326295308227,0.3284023164840014
211.6,1,0.07538963737242466,0.023780554178877342,0.28936909873887123,0.09309297192186679,0.09014880693585929,0.3307441710396037
211.7,1,0.062041911047739394,0.021836579452384944,0.2654274068966285,0.09425283320549793,0.0909192675562959,0.33247177136639033
211.8,1,0.046698876044639515,0.019873162016035825,0.23298590894260646,0.09477062364537148,0.09158797459265214,0.3334626061102329
211.9,1,0.0319713092309196,0.017834178230048948,0.19358933516504992,0.09474832286154862,0.09220448044043086,0.3335471782744879
212.0,1,0.020184702778858785,0.015701423073788745,0.15257242375201915,0.09396643138742738,0.09278038881407238,0.332008927614751
212.1,1,0.01223721086487419,0.013554978415273757,0.11591923260169194,0.09171716864262902,0.09327024033399485,0.32688687418689494
212.2,1,0.0076602747416711844,0.011536394004083838,0.08659362391908289,0.08701947527839941,0.09353537446556041,0.3146001719899374
212.3,1,0.005407525877663632,0.009753674488591596,0.06394810885560921,0.07932251749221732,0.09325926751860014,0.2909081408167974
212.4,1,0.004482068553888628,0.008210016535729402,0.04615934070328587,0.06924666627021381,0.09179600230055752,0.25370492458807853
212.5,1,0.004175856871016234,0.006811162308748508,0.03259358173098739,0.058563690379228275,0.0881153819456461,0.20601606242449183
212.6,1,0.004128520185945396,0.005442748406615948,0.024032686152320258,0.04918426864904264,0.08116961769793017,0.15598702280160284
212.7,1,0.004298984636039252,0.004057358662470309,0.021259634300587242,0.04196064365994642,0.07073267918162407,0.11278000011093911
212.8,1,0.004818549671562696,0.002703752383078474,0.023603985079826598,0.036366896865704566,0.058082057693732446,0.08166656067693129
212.9,1,0.005771633665753139,0.001478030299566082,0.02868383760084356,0.0312569360716568,0.0456655944066791,0.06253116945603121
213.0,1,0.0070546901232134435,0.0004467056879234593,0.033542280629039696,0.025941300393780044,0.035778441531786026,0.052085924751629
213.1,1,0.008441511275510133,0.0,0.03620593521313087,0.020699185315661766,0.029371159317500548,0.046749021476913406
213.2,1,0.009811933966038862,0.0,0.03639477413291026,0.016448812285881027,0.025949630396767516,0.04399781124516048
213.3,1,0.011306766178264727,0.0,0.03505293739503939,0.013975293474664056,0.024335220542800004,0.042400633877075794
213.4,1,0.013195448483129358,0.0,0.03338845409261444,0.013348033316979278,0.023414055688903878,0.04124950021852863
213.5,1,0.015530351628978025,0.0,0.032185643047809444,0.013888995199285534,0.02245125258782563,0.04017521077184333
213.6,1,0.01793016304249472,0.0,0.031626418285232126,0.014604515513580331,0.021139210935811947,0.03881533444003551
213.7,1,0.01974948357154018,0.0,0.031461818452047235,0.014717540535976814,0.019577076956178385,0.036678506488705916
213.8,1,0.02049555718143697,0.0,0.03129098235610215,0.01395162227151309,0.018140096588192947,0.03332658367368565
213.9,1,0.020110026445326497,0.0,0.03077832020906608,0.012446232129939387,0.017199948871814495,0.028759129844472476
214.0,1,0.018917735254691773,0.0,0.02976218745034355,0.01046078867859476,0.016858279129305157,0.023636662415270463
214.1,1,0.0173752449868784,0.0,0.028280157641591003,0.008159575016916632,0.016886049135678094,0.01902957419444879
214.2,1,0.015872609921819356,0.0,0.026519028952349925,0.005641918131673883,0.016858201442305442,0.01580924782767255
214.3,1,0.01470500524195866,0.0,0.024695342617872835,0.003091905672995466,0.01633476306855069,0.01417923100640954
214.4,1,0.014108712470936473,0.0,0.022939752110572094,0.0007933804487870697,0.015016725543604458,0.013711428286127283
214.5,1,0.014209931766772639,0.0,0.021281012125678324,0.0,0.012889801902415118,0.013747127605386277
214.6,1,0.014923047072804752,0.0,0.019725775848678084,0.0,0.010303481328210028,0.01374433929884106
214.7,1,0.015959590525014826,0.0,0.018328055230796735,0.0,0.00787256360873678,0.01335472723406105
214.8,1,0.01697412837533733,0.0,0.017164269376607845,0.0,0.006199607900136464,0.012354221005154792
214.9,1,0.01770804185604164,0.0,0.016265491043657782,0.0,0.005589998877900248,0.010645410722049668
215.0,1,0.01803650028724068,0.0,0.015695223151519406,0.0,0.005962801545389119,0.00838216451056974
215.1,1,0.01795606173404101,0.0,0.016013669385574546,0.0,0.00701473763019133,0.006075915552730898
215.2,1,0.017567259210364883,0.0,0.0191485972981822,0.0,0.008491404376143645,0.004525905807784969
215.3,1,0.017046832470708706,0.0,0.028905450036867408,0.0,0.010324675666407664,0.0045521667420581335
215.4,1,0.016599142490194136,0.0,0.04963430435928207,0.0,0.012520824682191133,0.006632900742187459
215.5,1,0.016401940578223344,0.0,0.08277389059861187,0.0,0.014940829229731382,0.010601041025670192
215.6,1,0.016534889847570778,0.0,0.12406236424458399,0.0,0.01722447758446538,0.015602659675815325
215.7,1,0.016877664126912672,0.0,0.16498650396711834,0.0,0.01893882018187041,0.02045561856195155
215.8,1,0.01707306001938738,0.0,0.1979134865124156,0.0,0.019798275859275766,0.024237223246205003
215.9,1,0.016699996341136805,0.0,0.22014062761102324,0.0,0.01978289354253541,0.026667514097100345
216.0,1,0.015611673681012095,0.0,0.23366414834165072,0.0,0.019127058661381712,0.028033176990230786
216.1,1,0.014145056992181727,0.0,0.24235444820361512,0.0,0.018232486958389922,0.02882229178511259
216.2,1,0.012947084078692559,0.0,0.24990500029260912,0.0,0.017538542192274298,0.02940867783309853
216.3,1,0.0125116723915437,0.0,0.2594641603931667,0.0,0.017379630166301785,0.029952447338240117
216.4,1,0.012805906313361608,0.0,0.27346835984194473,0.0,0.017879480386008544,0.030461999248538204
216.5,1,0.01330526429518396,0.0,0.29260943901766623,0.0,0.018918957452809446,0.030885194655402317
216.6,1,0.01344922259260316,0.0,0.3149113002333639,0.0040612342609184044,0.020195476368651807,0.03115509651025122
216.7,1,0.01318671906315023,0.0,0.33658638144589026,0.008315674550015882,0.02136811626235074,0.031218269083481943
216.8,1,0.013137712194840022,0.0,0.3544321007170194,0.01081357377782542,0.022212713285585307,0.03109534817238657
216.9,1,0.0141653981689886,0.0007691157178753705,0.36750737101665754,0.012095715088479952,0.0226774473590132,0.030929636445072607
217.0,1,0.01668533287445577,0.003731536211627954,0.3767001529876428,0.01290436917785567,0.0228187462882487,0.03092453248795597
217.1,1,0.02030812081296025,0.008943394943992074,0.3832822819656019,0.013915796558524122,0.02270159646566693,0.031182889100081976
217.2,1,0.02410799192739449,0.016778738200689494,0.3881527021930331,0.015666244043204595,0.022342187581821757,0.03160250546376846
217.3,1,0.02723361633391997,0.0265426273275416,0.3919591969488328,0.018430781341423973,0.02171259134172287,0.03193468394605674
217.4,1,0.029328053560951497,0.03657322211789743,0.39525231407864714,0.022032378989159485,0.020796041852549525,0.031933329106474555
217.5,1,0.030510282624687513,0.045152505077454365,0.3982838486736964,0.025850054076032043,0.019644164635037452,0.031459900795539876
217.6,1,0.03109866820720199,0.051443446750311136,0.40076319531514004,0.02917467108558166,0.018354563268830386,0.030510467864183172
217.7,1,0.03137254051020236,0.05568096752740943,0.4018538127833214,0.031633123860371516,0.016961249947901238,0.029196888816072575
217.8,1,0.03148547699358155,0.058765122779648175,0.40035106959919675,0.033292106730612704,0.01537961912643739,0.027677922573709476
217.9,1,0.031476798939191974,0.06202098604273176,0.39506277308730336,0.034439159346443954,0.013548916636802306,0.026056134564245454
218.0,1,0.031322756314588425,0.06758926044920775,0.3856436942463343,0.035351609554383025,0.011688075360429217,0.02434791106676879
218.1,1,0.031018007998553355,0.07935930202465404,0.37357187271171316,0.03623510902254867,0.010384418268675331,0.022585833992877544
218.2,1,0.030656036957471614,0.10379458693784288,0.36201846107161767,0.03726519031334623,0.010337419237805028,0.020923493142317416
218.3,1,0.030417091968335582,0.14904019019434292,0.3539964610735817,0.0386202945955688,0.011895583278029418,0.019582586733761845
218.4,1,0.030421976998023185,0.22058187311432173,0.3503285611586622,0.04044853351554355,0.014740163478573574,0.018690436331842513
218.5,1,0.03057936861203659,0.31499543973694705,0.3494964541887713,0.04275233793687327,0.017989955875531868,0.01819414534951639
218.6,1,0.0305946650929235,0.41789075496291156,0.34909196392670155,0.045278626296419246,0.02067944369456124,0.01792242037569049
218.7,1,0.030108870094393017,0.5104359802525642,0.3467617244853622,0.04757979325076427,0.022250823332188734,0.017694359762630583
218.8,1,0.028821826383983656,0.5799084494329069,0.33988511286943146,0.04926347423716971,0.022700533141556067,0.017360897055935406
218.9,1,0.026629495422485307,0.6248112017603901,0.3255382201208683,0.050219768743517613,0.02236216723001551,0.016776935747071387
219.0,1,0.02386237900206201,0.6513843312280405,0.3021317965891598,0.050632275056119266,0.021614112240071204,0.015794575766369147
219.1,1,0.021379956992348372,0.6670645973896817,0.2715904555874902,0.05080277947178998,0.02074126086482366,0.014342958845099415
219.2,1,0.020142082041063422,0.6769320700020758,0.23939028587991207,0.05095890495557316,0.019925644517659543,0.012532959696865933
219.3,1,0.02046118438281359,0.6837387156556689,0.21163532355561884,0.05117783394166143,0.01925448729282036,0.010643747283968292
219.4,1,0.0217470156016765,0.6889785032948842,0.19168770175200303,0.05142998975890248,0.018726703189270114,0.008953415499869286
219.5,1,0.023153560923561547,0.6934747865091201,0.17931011417160123,0.05163526788760274,0.01828684736732888,0.007572437301447646
219.6,1,0.024468574356459404,0.6975781836546077,0.1723086492514652,0.05165559269518738,0.017876005181509218,0.006460474407560906
219.7,1,0.02626174539028369,0.7013520280531743,0.16842475976286567,0.05130939296801292,0.01746067575425669,0.005589345494659189
219.8,1,0.029165992842873963,0.7047628868315191,0.16607491601244187,0.050540739233394215,0.017013658384563347,0.005032770597810417
219.9,1,0.03312463603616405,0.7077768157640929,0.16430039276171793,0.04964388531503383,0.016466610514058386,0.00486946069915754
220.0,1,0.037398749625800635,0.7103720617238103,0.1626481979061069,0.04921349739690432,0.01570482423769979,0.005036864131859785
220.1,1,0.041218439655488465,0.7125430271985271,0.16108978020611364,0.04970755555330518,0.014649165654088485,0.005319369026286979
220.2,1,0.04429146611513871,0.7143163626899856,0.15977654798591687,0.05103464455044719,0.013363029571581708,0.00546123264228162
220.3,1,0.04671534933797524,0.7157260347947345,0.15863036946210912,0.05265462764519218,0.012070644477114662,0.00527041166746021
220.4,1,0.04861209589109492,0.716678552604223,0.15695084354567815,0.05407320832866977,0.011050007728471443,0.004667037676690645
220.5,1,0.049983972760341173,0.7166202366424098,0.15317302723134368,0.05515338400330511,0.010466044966399461,0.003723941116882194
220.6,1,0.050824670554801124,0.7138149128197646,0.14494602768572978,0.05599132580642046,0.010239689874446309,0.0026946653645294793
220.7,1,0.051190770836490936,0.7041170257318862,0.12995822339858937,0.056634284445581905,0.01003596387505808,0.001958957614221691
220.8,1,0.05112071545251786,0.6799825454692182,0.10761715235295777,0.05694366957324254,0.009425579568601442,0.0018721699216917606
220.9,1,0.05058691148249556,0.6318285167360634,0.08039381961803989,0.05664804510958553,0.008171407123432001,0.0025954475418728993
221.0,1,0.04962874717765682,0.5534513365605578,0.05308087743628372,0.05553084989585424,0.006441119761680056,0.004000947159680803
221.1,1,0.048533150442371456,0.44898331441670675,0.030107628624838664,0.05365563302930516,0.004756074956931832,0.005723883113826497
221.2,1,0.047828680435263074,0.3345159252603618,0.013367699697371699,0.0514253352576717,0.0037273693427697188,0.007368459316567345
221.3,1,0.04809746631602665,0.23055466223305804,0.002327900013760604,0.04936154481745732,0.003811262664015352,0.008732342190307772
221.4,1,0.04982088030836607,0.1510028557091275,0.0,0.04779622700519792,0.0051894209362105675,0.009848835353094328
221.5,1,0.053321193854795355,0.09832311539342545,0.0,0.046759097703127014,0.007693696394141864,0.010820791214842768
221.6,1,0.05863111749350062,0.06710287504698012,0.0,0.0460892789177008,0.010782636619128684,0.011647567157359127
221.7,1,0.06528833686723383,0.05000866279130422,0.0,0.04558905693154132,0.01371710057319003,0.012218246858991765
221.8,1,0.07237514262845605,0.04099812324906333,0.0,0.04509415805688149,0.015910263291244026,0.01242343991513776
221.9,1,0.07892587855302698,0.03595385515573214,0.0,0.04448262036093024,0.017171913814528938,0.012239384215826671
222.0,1,0.08429679756084253,0.032576561882491174,0.013307273240195192,0.04369945752427325,0.01765765804035486,0.011738286851547167
222.1,1,0.08816137249434351,0.030005736121995093,0.0363142404752924,0.04280217122773986,0.01764006123436476,0.011071251557337783
222.2,1,0.09037209240749448,0.02807957719001932,0.06532642622227398,0.04190455976187589,0.017332519911025978,0.010438531497228523
222.3,1,0.09100970285418472,0.02664743117866197,0.09491699869496482,0.040930642790258424,0.01686530693648265,0.010023245706649656
222.4,1,0.09047299285478946,0.025390027413796278,0.11961644858871247,0.039390656359365936,0.016350371460905178,0.009915576715462927
222.5,1,0.08931434490237546,0.02405678016125822,0.1367487137823003,0.03659294349276316,0.015914475851685088,0.010098516338557944
222.6,1,0.08791278163926781,0.0226966754380886,0.14676684187484976,0.03234756466724164,0.015650610090806014,0.010507747290958843
222.7,1,0.08635345030053086,0.021606866101284785,0.15159609570033725,0.02753340515583076,0.015550493374355833,0.01109539785351835
222.8,1,0.0846293294895986,0.021076023343666803,0.15309991987818877,0.023776426183410325,0.015494867254680442,0.011835182395742896
222.9,1,0.08287387564439894,0.02115851393294225,0.1526507842314137,0.022329186089250705,0.0153022014349919,0.012685712683512464
223.0,1,0.08133255860729685,0.021630303914854127,0.1512832204090764,0.023178874509681324,0.014808811058704893,0.013569408957774892
223.1,1,0.08014378661167489,0.0221150744197365,0.14978133248633568,0.02522805738348897,0.013970651807982343,0.014384558521202396
223.2,1,0.07922307458637794,0.022274248199648808,0.14862521913199583,0.027242617662802785,0.012931791295726816,0.015022464925133313
223.3,1,0.07838503264768054,0.021956430543154232,0.14797517143221398,0.028579824169106413,0.011959475968583752,0.015377874387526509
223.4,1,0.07755233687279542,0.021239886646668923,0.14777011138043836,0.029212656865718174,0.011252087833893708,0.015377150617216128
223.5,1,0.076817285769107,0.02034478804499857,0.1478730972600036,0.02937669158621677,0.010794756904492052,0.015026953933727232
223.6,1,0.07628410979856783,0.01946083639409241,0.14817068338745268,0.029301992596056283,0.010405600115904235,0.014428216389517532
223.7,1,0.07581948724144351,0.018610860660938477,0.14860044369962108,0.02913316042795297,0.009885787594107062,0.013710932471373116
223.8,1,0.0748518672821085,0.01766163008125252,0.14913949143030436,0.02892796236200273,0.009083716588855852,0.012942027167683267
223.9,1,0.07227232037776203,0.016466030260005655,0.1497748622708892,0.02867734528107919,0.007862879216781762,0.012112100432932791
224.0,1,0.06659695178921268,0.01499862175037073,0.1504519977296736,0.02835571119980395,0.006136695630078558,0.011223312730199199
224.1,1,0.05667419557255125,0.013372506966221324,0.15101605115393518,0.02798470402732885,0.004007210275132987,0.010378925421263105
224.2,1,0.042746203036824464,0.011760789536135649,0.15116919773186915,0.027655796729360575,0.0018193890759752797,0.009775411313005989
224.3,1,0.026875173460689197,0.010320753427126638,0.1504832928546252,0.027481062054351562,1.4610577410436122e-05,0.009609233739082965
224.4,1,0.011995711729405287,0.00916562144945744,0.148627444807584,0.02751213303770795,0.0,0.009977368954474703
224.5,1,0.00033743112014652274,0.008350059146058422,0.1462169888645245,0.027697498115173184,0.0,0.010816862021605316
224.6,1,0.0,0.00783800197673236,0.1463136596689619,0.02789864478828447,0.0,0.011892023971265361
224.7,1,0.0,0.00748030392868455,0.15498015932040762,0.02794387140548127,0.0007884278225867272,0.012854012549482707
224.8,1,0.0,0.007051681894619953,0.17842917583677181,0.027715695804307362,0.0024545759877635104,0.013394712011504812
224.9,1,0.0,0.006351842314034946,0.21747014835246073,0.027239932581163324,0.004064613566627261,0.013434058893093273
225.0,1,0.0,0.005316208683789694,0.26472756181515955,0.026659392298457943,0.005414308624391069,0.013187861324941107
225.1,1,0.0,0.004061844368092071,0.3087615015431932,0.026034465949868434,0.006477287614058097,0.013010259019465148
225.2,1,0.0,0.0028299840237267673,0.3415240714695828,0.025144400663125097,0.007311988944445081,0.013116147797235642
225.3,1,0.0006535857336007909,0.0018580821661976798,0.36190289147119503,0.023550826774490857,0.007982006853241642,0.013435908392520358
225.4,1,0.0025736461271418025,0.00126581105855903,0.3733629247317076,0.020946889309455624,0.008534519728118447,0.013720522705424213
225.5,1,0.0038439860128372935,0.0010218364695509798,0.3798563149933287,0.017496622316550553,0.009005128003099397,0.013757510454349668
225.6,1,0.004741020941556619,0.0009924498598228178,0.38388462241980326,0.013828105098989102,0.009424452337546017,0.013496997721765696
225.7,1,0.005558182184042753,0.0010246316954277527,0.38675648718948724,0.010679794519883278,0.00982001719515596,0.013029834049132095
225.8,1,0.006497796088525318,0.001012377041005158,0.38929482963432094,0.008577771715816895,0.010209982931860885,0.01248276224857985
225.9,1,0.007815304065202627,0.0009176636850422439,0.3920827187353956,0.00785637421529257,0.010603711061113455,0.011921513059942369
226.0,1,0.010317607107884746,0.0007486989853526919,0.3954197779612421,0.008898444287742308,0.011029280436333236,0.01133255516606064
226.1,1,0.016079449864154615,0.0005243238693286258,0.39935689099458804,0.012255086550267084,0.011563041202554795,0.01069000831263084
226.2,1,0.028776174070901214,0.0002527738248936784,0.4038077673786172,0.01849497650611258,0.012308517630749924,0.010029886742096395
226.3,1,0.05268737279696575,0.0,0.4085582977493373,0.02785050253675374,0.013328868253378312,0.009447816654269026
226.4,1,0.09010536235932222,0.0,0.41326092347699506,0.03981051302403781,0.014607911099346442,0.009027119382418448
226.5,1,0.13866438992006297,0.0,0.4176420440912991,0.05294690945442028,0.016100356895191348,0.008777311362684037
226.6,1,0.19114370424788918,0.0,0.4217522808367959,0.06531595740920135,0.017842375404870294,0.008636040983602003
226.7,1,0.23870775384311374,0.0,0.4258422567287503,0.07535132851467354,0.020003442585274502,0.008514171913387054
226.8,1,0.2754134068314183,0.0,0.42990898924495924,0.08255746381719659,0.02276144670868531,0.0083417004417024
226.9,1,0.30050050405125966,0.0,0.43334083957580855,0.08739906800456049,0.026045971175225703,0.008107434791431544
227.0,1,0.3170616479769258,0.0,0.43470486353264115,0.090618162220186,0.029399828204815893,0.007896377930968021
227.1,1,0.32891832974494273,0.0,0.4313856965037758,0.09272768408990315,0.03216599455518463,0.007885255268622235
227.2,1,0.338516163719164,0.0,0.41944968857133835,0.09402122853615656,0.03387606952195366,0.008254789809366492
227.3,1,0.34682715571692596,0.0,0.39497980981135733,0.09479325551871619,0.03448552458485964,0.009077586764575568
227.4,1,0.35418175343045155,0.0,0.35725138232948334,0.09539072707586287,0.034278029366643786,0.010306147740722577
227.5,1,0.3607754517495911,0.0,0.3114950661668288,0.09607965154447552,0.033611089500411216,0.011879213254674337
227.6,1,0.3666779052493238,0.0,0.268059171245588,0.09693465551549481,0.03275719662874188,0.013806741199165072
227.7,1,0.37180470587011266,0.0,0.23795831639849108,0.09787013027183175,0.03188813658633261,0.016108813430598366
227.8,1,0.3760607005608464,0.0,0.2284020112026007,0.09875558528265324,0.031100790717468425,0.018674077320565526
227.9,1,0.37948025729217283,0.0,0.24092995701955058,0.09950279749207142,0.030430847696365313,0.021226953376403818
228.0,1,0.3822026466506876,0.0,0.2714549741266086,0.10007900355314933,0.029867879391015217,0.023469674870009963
228.1,1,0.38435441536513115,0.0,0.3113372641181383,0.10048157161769618,0.029371430108257386,0.02525142241287875
228.2,1,0.3860012399195736,0.0,0.3502920784957961,0.10072307326286059,0.02888108174389193,0.026613412734386742
228.3,1,0.38720015290877763,0.0,0.3806555790155837,0.10082398847448491,0.028336603423185086,0.02773151100333364
228.4,1,0.38801276414740354,0.0,0.3999625741244097,0.10076375601621164,0.027701407564230066,0.028830826214676863
228.5,1,0.38829919553353603,0.0,0.40990456137724823,0.10035295785769374,0.02694220067983256,0.03007195245152082
228.6,1,0.38721270623210596,0.0,0.41339195551542146,0.09905329737148466,0.025963954317261746,0.03143694810860538
228.7,1,0.38252433782398687,0.0,0.4126267997473467,0.09587204025727247,0.024587660430150798,0.032730705809444836
228.8,1,0.3702440212117199,0.0,0.4090439087724766,0.08955086657451033,0.0226438464557828,0.033737195476417056
228.9,1,0.34531068179149615,0.0,0.40395256471827745,0.07920687489507626,0.020136053552271566,0.03439357439386081
229.0,1,0.3038671655417033,0.0,0.39867323624474843,0.06519847217435054,0.017336725338150696,0.0348220616071857
229.1,1,0.24640740711810963,0.0,0.3941453331653296,0.04950436576247507,0.014696340678978534,0.03521338540569957
229.2,1,0.17952588617028994,0.0,0.39070412471352217,0.03501919807480779,0.012579246122580209,0.035683007085518026
229.3,1,0.11402078382642576,0.0,0.38831855634356965,0.02412519367271719,0.011018720860140717,0.03620540130972928
229.4,1,0.059838451637440844,0.0,0.3869064828019991,0.01768034110496313,0.009729695866073374,0.036638161791211474
229.5,1,0.021565904077509055,0.0,0.3863865548148792,0.015110292639535694,0.008407284704769332,0.03678605534349289
229.6,1,0.0,0.0,0.38660396961612087,0.015219241716237886,0.007054059352917364,0.03646677852999369
229.7,1,0.0,0.0,0.3873566129641582,0.016986861852671068,0.006037834492578297,0.035573317884102985
229.8,1,0.0,3.007726780121188e-05,0.3884485005799624,0.01999776999592541,0.00582891739304639,0.03410819054620272
229.9,1,0.0,0.00012675339468971893,0.38962355739014004,0.024419733380864762,0.006634731896373419,0.03212906351686011
230.0,1,0.0,0.00029304749270636144,0.390435489108028,0.030536391666681283,0.008211967824764254,0.029611980094216537
230.1,1,0.0,0.0005952177683183589,0.39008219914424785,0.038115048985293595,0.009992941658895308,0.026389475464862318
230.2,1,0.0,0.001078039925494863,0.3870594196292502,0.046136155411615386,0.011429353222545062,0.0223392680707959
230.3,1,0.0,0.0018274699927223945,0.3788155725041037,0.0531790178818762,0.012287402557127075,0.017745688138000024
230.4,1,0.0,0.0030587588677462364,0.36229478053054937,0.05818100151020181,0.012685423656301247,0.013461385716426596
230.5,1,0.00917274699550224,0.0051825377571801876,0.33601265811684455,0.06096077595436333,0.012911050276381187,0.010576472178257437
230.6,1,0.020159788239114726,0.008892461842985408,0.3024202881520169,0.06212896562207989,0.013215402910013834,0.009780425752258966
230.7,1,0.02849921100774491,0.01538242919666425,0.2678179896171039,0.06253573496022155,0.013707663439561058,0.010941962910088534
230.8,1,0.034182241719984956,0.026718413905189482,0.2389244212794942,0.0627322528480884,0.014332882014277222,0.013220841255617679
230.9,1,0.037926887118870364,0.046014307539473394,0.21901584536801172,0.06281461927878003,0.01490362265626111,0.015557007034039814
231.0,1,0.04058912558260543,0.07653819761762137,0.20714408146160193,0.06265405763338759,0.015210274026035312,0.017175951562313545
231.1,1,0.04283741601240952,0.11920660523569888,0.20033551286742782,0.06224082886522775,0.015192678193724085,0.017857724877706132
231.2,1,0.0451939034868915,0.16998977453322098,0.1959564019229965,0.061845808634074045,0.015046925815219167,0.01789488124034509
231.3,1,0.0483662288805786,0.2204143331236858,0.1925497935793766,0.061878765299685,0.015136568701601016,0.017808254500528087
231.4,1,0.05382304158335435,0.26198709475082715,0.18960181002364193,0.06257834433315178,0.015731910118071058,0.01799813700013875
231.5,1,0.06429051247359095,0.29079336089050345,0.18710329277040819,0.06383008032363127,0.01677913609219204,0.01852957961300469
231.6,1,0.08318938760544099,0.3081723008121047,0.18517110377731383,0.065289421900465,0.01790650589035896,0.01915842362790388
231.7,1,0.11232325890292509,0.31790613600127177,0.1837639231121388,0.06666883241938383,0.018665973092737338,0.019555308104633875
231.8,1,0.14922585700089794,0.3233925773004604,0.1825712773543351,0.06789392447559389,0.018804939266998413,0.019556761068387073
231.9,1,0.18717887709106082,0.3267258419828872,0.18105459069711483,0.06902109496736142,0.018379636290671124,0.019256878262431523
232.0,1,0.2188429450959654,0.3290202186207576,0.17853096653886355,0.07007290800348735,0.01767339723096794,0.018894140557344938
232.1,1,0.24041013013744178,0.3308407757139491,0.17426585607928313,0.07095679927345973,0.016989608459305958,0.01866305841199885
232.2,1,0.2526237175642227,0.3324296531477444,0.167685943975055,0.07144341963602487,0.016456498559048228,0.018615323157149952
232.3,1,0.25868083365641037,0.3338534979816585,0.15880050453383418,0.07111659618809109,0.016010910409171426,0.018698890158524595
232.4,1,0.261767778231686,0.33512509799485146,0.14852646640359382,0.06937387471089132,0.015589036890094233,0.018853829543965698
232.5,1,0.26396636470509344,0.33625805989080926,0.13828771408124174,0.06567986462513964,0.015305035092720548,0.019059193940010325
232.6,1,0.2662174154910963,0.3372625890473443,0.12882618761144363,0.0600584115945577,0.015378800669960765,0.01930319989963173
232.7,1,0.2685984525877037,0.3381364564138754,0.1192403691849875,0.05340576345971999,0.01588529449040106,0.019531997434336118
232.8,1,0.2707184141597625,0.33887660389436003,0.10741262892814621,0.04717794169570125,0.016638825015879266,0.01963523690471852
232.9,1,0.2721712333772425,0.3394842182799527,0.09178513506677184,0.042585810853475244,0.017345897209684994,0.019464776476714716
233.0,1,0.27281783458485637,0.3399264980365811,0.07301973508487596,0.03999217380956713,0.0178221005642607,0.018852948676340995
233.1,1,0.27275020349299045,0.3400330612407755,0.0539086130359834,0.03900267446134056,0.018044123973180608,0.017643025107752997
233.2,1,0.27208367497049146,0.33928020796048985,0.03758506140322767,0.03902926601249191,0.018064925025600254,0.015772307906965103
233.3,1,0.2708461236397402,0.33635619392016053,0.026004984174883405,0.03975740399304442,0.017954951450811735,0.01337742914913245
233.4,1,0.2690728647762962,0.32855114672469204,0.02023772397348308,0.04120474238900497,0.017806548739931476,0.010816291505886805
233.5,1,0.26696110716617594,0.3116120892314868,0.021665000326811654,0.04344467601813642,0.017706011713340096,0.008548970490384855
233.6,1,0.26485007002443733,0.2812586841811651,0.03199625744560691,0.04627162843563932,0.017643269251296195,0.006942680320345913
233.7,1,0.2629578109609277,0.2365368376183712,0.051543966063300924,0.049116647427935346,0.017463432813168613,0.006115705186789958
233.8,1,0.2610011504960186,0.18248953224869055,0.07749067303336969,0.0513292449020089,0.016957767334673184,0.0058903685829945806
233.9,1,0.2577963587847807,0.1287359928343418,0.10430518146803122,0.05257917212939218,0.016058688337480694,0.0058833150619904935
234.0,1,0.25090311277194693,0.08426794969032411,0.12643716197394408,0.05299262506139073,0.014994898946069977,0.005722099252548035
234.1,1,0.23678033093551906,0.05312799186034014,0.1410453885419597,0.05293738470224977,0.014271754554731321,0.00526787583187149
234.2,1,0.2123799109756043,0.034483281786192546,0.14856865460383398,0.052733053421852256,0.014457813483173204,0.004653232429798348
234.3,1,0.17815788535844407,0.025655437345590962,0.15127427715905578,0.05255559599424984,0.015884055499058275,0.004097933606270276
234.4,1,0.1400915353824499,0.024609375081411807,0.15155262581219006,0.052523605579548,0.018416638031628286,0.0037096896380946955
234.5,1,0.10764214341147216,0.03035907961556396,0.1511168966326015,0.052766041680646775,0.021456232268761796,0.003472801718788146
234.6,1,0.08816751520047024,0.041899410331582385,0.1509328132405815,0.053350716718020115,0.024215518116868288,0.003379073490666054
234.7,1,0.08249005675157084,0.057046976540235064,0.15133136934192323,0.05417786743668017,0.02610496102554386,0.003503727283797709
234.8,1,0.08545101378194322,0.07248164013262699,0.15214918596449542,0.055023812751549966,0.026933301593263893,0.003933643017288521
234.9,1,0.09026712253304238,0.08514650486564844,0.1529671430205843,0.055710022252900074,0.026820916077380547,0.0046449628286045945
235.0,1,0.09257595483637891,0.09366845032334427,0.1534053091897491,0.056163879434376424,0.02601287620444037,0.0054788511842511715
235.1,1,0.09164983662249113,0.0984733993521909,0.15333075346308897,0.05629372414815901,0.024790809661346065,0.006242984059771
235.2,1,0.08919287965683627,0.10080473901110572,0.1528854268610344,0.05591273227854691,0.023463328214481605,0.006830302902753565
235.3,1,0.08737920512344483,0.1017793559220318,0.15234831648137084,0.05489861302696672,0.02231018459168248,0.007247092264819782
235.4,1,0.08742226689056237,0.1020830792495869,0.15194419268414816,0.05340737808903777,0.021473311632616333,0.007554975985505811
235.5,1,0.08919055769854102,0.10208178276972092,0.15174052591321108,0.05183072243736885,0.020911116520428104,0.007810597594560361
235.6,1,0.0917173962441377,0.1019699442151588,0.15168167320430642,0.05049835937566425,0.020486544570301277,0.008051070302697983
235.7,1,0.09401156938654243,0.10184023954017069,0.15167363228874395,0.049424853191260824,0.020113627017100767,0.008297542280432025
235.8,1,0.09557123260463973,0.10171553128277588,0.15158628436809377,0.048303714648342995,0.019825073424622367,0.008540142941860075
235.9,1,0.09640138087345666,0.10158017125034331,0.15109551014838,0.046694041119439325,0.01971975235869158,0.008715460920108942
236.0,1,0.09675311827061216,0.10141044107051361,0.14941699316471105,0.04428212715107245,0.01987329037270759,0.008707673971797156
236.1,1,0.0968894420958171,0.1011955478865422,0.1452287895707494,0.041126916725513434,0.020292245638635145,0.008375127067294902
236.2,1,0.09701058707665887,0.10094611731310266,0.13726407348248,0.03771712866064145,0.020912859852861995,0.00759211679268091
236.3,1,0.09729990547877007,0.10069077491798588,0.12563930729510384,0.03469884991615926,0.021623552829543997,0.006321266052889666
236.4,1,0.09798821701538628,0.1004615048017663,0.11296702874058188,0.03245592954453192,0.02230222013142057,0.004710399261127451
236.5,1,0.0993364107856212,0.10026971815023004,0.10404064912718784,0.030937715034512467,0.02283539841781541,0.003120595436128724
236.6,1,0.10147124121999196,0.10007170288133316,0.10421531546734468,0.029847554922941527,0.023089690660740007,0.00199047233350336
236.7,1,0.10409565001756674,0.09970454253020992,0.1176901222465378,0.02889655178384002,0.022882913015729055,0.0016112500647943277
236.8,1,0.10620799806620854,0.09876629809767602,0.14601404164777507,0.02784064007677299,0.02204691829148317,0.002020069737889345
236.9,1,0.10604557433981195,0.09648675259979114,0.1864969414923788,0.026362198035457817,0.020583163227040704,0.00308519411604225
237.0,1,0.10149877999672735,0.09182345982124057,0.23186098004052555,0.02406980167382433,0.01876177452785226,0.004620442101525196
237.1,1,0.0911196361576386,0.08415822025575348,0.27308972556462513,0.02075627375084625,0.017011683460405484,0.006383057631329304
237.2,1,0.07534472268605234,0.07459711626877479,0.30412500097859246,0.016704698618947446,0.01565709240608314,0.008044173943969498
237.3,1,0.056928306241231734,0.0670426837924382,0.3242330909012882,0.012658869381815959,0.014731790092712626,0.009283602112410225
237.4,1,0.039815704344192654,0.06777847867757075,0.33630126361971846,0.009401119434623352,0.014022016542927044,0.009952711727444517
237.5,1,0.027067112480546197,0.08296729853019055,0.34364919250810994,0.00736374644360366,0.013277899400209358,0.010120819978314164
237.6,1,0.01947541094229718,0.11490611860521804,0.34839221561769323,0.006646751201279259,0.01242987097141622,0.009965315868058247
237.7,1,0.0158186377465455,0.1594118856953717,0.35163335156837255,0.007274825185803714,0.011669762899665708,0.009640077034021645
237.8,1,0.014156653160760424,0.20699489684134545,0.3540731761535587,0.009260905041101613,0.011335358361004197,0.009240297779603383
237.9,1,0.013008570461920362,0.24784677891311852,0.35619461062905894,0.012375755389667563,0.011667401313995567,0.008859428664136571
238.0,1,0.011802966538702239,0.2768232376225677,0.3581855940084176,0.01597486395510509,0.012631748765427693,0.00866940444406936
238.1,1,0.010679520885679175,0.2944483241729532,0.3599878683325751,0.01921657529231281,0.013971691739911037,0.00897571481070813
238.2,1,0.010021416752573032,0.3041777549852226,0.36155389510253894,0.021527489621363877,0.015447330886657035,0.01024574409972687
238.3,1,0.010072875385945418,0.30932756436469305,0.3631340676452551,0.02285733646128973,0.01702931297731481,0.013220407118256202
238.4,1,0.010790324731592594,0.311923947285895,0.3653933022772334,0.023526444271861152,0.018874975376885574,0.01929142376163257
238.5,1,0.011889724949081004,0.3130502867853853,0.3692166704351468,0.023902900898941044,0.02116617504615755,0.031225396207077646
238.6,1,0.013011699505030706,0.3134109009975566,0.3751724279132203,0.024206101025298656,0.024032201679441624,0.053789278121673896
238.7,1,0.013919445442381008,0.3135642372457788,0.3829243716714074,0.024499686206576422,0.027701921052011746,0.09293170182045798
238.8,1,0.01458654019210691,0.31391310985668064,0.3911850916055737,0.024777787327712863,0.032831327794570084,0.1522252266203977
238.9,1,0.015062175496519444,0.3146412089385962,0.3984248872690163,0.025045260206161414,0.040842334884632486,0.2280677494698606
239.0,1,0.015216173817502643,0.31571298811241333,0.40365807101067286,0.025345550783333413,0.054056937554942536,0.30857857254692916
239.1,1,0.014691599886112586,0.31699115020156515,0.4064699032747004,0.025745609057920022,0.07516919478282559,0.3792243771343828
239.2,1,0.013279714640275844,0.318406488819811,0.406562417910836,0.026302961081277793,0.10555593775019782,0.430987635940991
239.3,1,0.011403419321909265,0.3200417023542016,0.40397785180360973,0.027016761809114727,0.14315398026861534,0.46369346599575517
239.4,1,0.010060424839781439,0.32208349848301904,0.40010290346634525,0.02778315795802402,0.1822499499637505,0.4827183527879514
239.5,1,0.010115937896426222,0.3247051785012576,0.39775897115703523,0.028415265646711017,0.21639713749747794,0.4938605350898869
239.6,1,0.011747220463305317,0.32789511110926023,0.3993244475468343,0.028736693666332126,0.2420453746289049,0.5008352296461762
239.7,1,0.014813385237538354,0.3312073825105819,0.4047606100544492,0.028667383941841575,0.25946048583142994,0.5054889068011269
239.8,1,0.01985752698613725,0.3335167877845311,0.4120529258309508,0.028235163178773743,0.27083466738784706,0.5087224883414522
239.9,1,0.02866070714609448,0.33289859863159726,0.4194016098335764,0.027524390655094492,0.2782428736600551,0.5110428595418716
240.0,1,0.0435041300358967,0.3267716773177373,0.4263809330082615,0.026590864127950684,0.28303488031298507,0.5127876377864171
240.1,1,0.06527863947602995,0.31273157705681764,0.4332942538682759,0.025355919316158815,0.286082054892188,0.5142296653023904
240.2,1,0.09185378605596958,0.2903098029356172,0.44035286735358,0.023536948713655387,0.2879678274219943,0.5155853004407467
240.3,1,0.11852927483485637,0.2624577733924649,0.44766953784113034,0.02074601669587239,0.28901995461490904,0.5169602700950771
240.4,1,0.14067384629573199,0.23473171162815698,0.45544087459761673,0.01681975351797567,0.2894048070323822,0.5183333006133262
240.5,1,0.15624696944377003,0.2122131992444572,0.4638211146350887,0.012164268267769238,0.2892915817259296,0.5196253423681575
240.6,1,0.16602086799908977,0.1969290920161209,0.4728411280466394,0.007717453526455101,0.2889420382166012,0.5207890722320958
240.7,1,0.17193342086953683,0.1879057671807003,0.4824619251094149,0.0044301513086704,0.2886603333240197,0.5218168206660828
240.8,1,0.175577803032971,0.18296374105058977,0.49232684405624433,0.002697072229245494,0.28866564371925824,0.5226118446637718
240.9,1,0.17784206209124923,0.1801812214296177,0.501345743348735,0.002235025654890804,0.28899254548591746,0.5226807774313383
241.0,1,0.17922292740772452,0.17832424428061144,0.5079039204879179,0.0024155248380770666,0.28948037510896335,0.5205253648877581
241.1,1,0.18011027344676775,0.17676384141993554,0.5108699389825667,0.002653931147894857,0.2898399766534538,0.5126994576751815
241.2,1,0.18085551246407316,0.17530860529979966,0.5104990541928188,0.002560888868229805,0.28971622665321134,0.4931944899302277
241.3,1,0.18172729124561876,0.17399897364416295,0.508287874238397,0.001912731953541865,0.2886195849109256,0.45482204253645736
241.4,1,0.18284784545433594,0.17290416246192258,0.5058542049197813,0.0006389814836911417,0.2856123142036645,0.3936590759338415
241.5,1,0.18416383125861885,0.17201358290951563,0.5038633523513028,0.0,0.27880558520948034,0.3140897624768736
241.6,1,0.18548067205871943,0.1712002735048405,0.5018289129625777,0.0,0.2651812734547149,0.22907182204935767
241.7,1,0.1865395938866849,0.1701464672249455,0.49848289932601947,0.0,0.24167511509912235,0.1536061054276717
241.8,1,0.18710319128065686,0.16815767673669627,0.49198114754580696,0.0,0.2076624001720861,0.09677377708264466
241.9,1,0.1870505055283777,0.16391325066584125,0.48023195762211957,0.0,0.16686526458756876,0.059312277944346826
242.0,1,0.18645252904081225,0.15544770347619025,0.46218825226349375,0.0,0.12611171587388723,0.03707461824125449
242.1,1,0.18549533708803864,0.14088327040286347,0.4394307708142466,0.0,0.0914670137416871,0.025282555459932087
242.2,1,0.18412481667229053,0.11994352144624029,0.4159723082268812,0.0,0.06545477365107555,0.02028849900069539
242.3,1,0.18147785544628967,0.09503326086161229,0.3957968593102915,0.0,0.04761221677153668,0.019540018851584
242.4,1,0.17542639624791853,0.07039989256775774,0.38042032422225036,0.0,0.036698286497201006,0.021230143606337886
242.5,1,0.16280862528461645,0.04977233817162337,0.36859788425538736,0.0003740632792862739,0.03200147208769043,0.024030371056695747
242.6,1,0.1409114293901403,0.034681352901623386,0.3575628269587533,0.004151841364379474,0.03323778937683093,0.026899748437601567
242.7,1,0.10983438621381499,0.024696680047606896,0.3440661564226603,0.0071957343522114445,0.039792622877096964,0.029078294555599807
242.8,1,0.07382069366853758,0.018576443602248697,0.32516710608407157,0.009233536345598075,0.05000800636732104,0.03022327309795242
242.9,1,0.039666115535955955,0.014993748999298591,0.29980757204460373,0.01033758229942088,0.06119775639413686,0.030450950232946323
243.0,1,0.013021619642977513,0.012761011353971556,0.27054290257951136,0.0108139396824268,0.07070533265095674,0.03014570271234127
243.1,1,0.0,0.0110116377371301,0.24310819296964437,0.011030535862944545,0.07721915752162554,0.029647786297338625
243.2,1,0.0,0.009370265623896359,0.22316655559482557,0.011243218350045067,0.08114555807998829,0.02903909985270612
243.3,1,0.0,0.007904277231326449,0.21290265577830497,0.011512437977499847,0.08395441770743618,0.028130128331792986
243.4,1,0.0,0.006863351120512788,0.21042778550124694,0.011755534103079992,0.08754072262405957,0.026613073692931057
243.5,1,0.0,0.006407262407359238,0.21188136550516956,0.011866772966013848,0.09440299778562769,0.024296934393381993
243.6,1,0.0,0.006507433409760385,0.21383230222434102,0.01180861804672051,0.10829407900453376,0.021306948290166675
243.7,1,0.0,0.007100424738631967,0.21432582796668742,0.011639689219035819,0.13398531220852009,0.018105455401807257
243.8,1,0.0,0.00843134633492209,0.21279337287772976,0.011486363347873705,0.1748404004830842,0.015283427611507625
243.9,1,0.0,0.011348127489654272,0.20977171144663356,0.011472841880634362,0.22907174394942637,0.01325847942290349
244.0,1,0.0,0.017164603202381633,0.20689574676485964,0.011649813132816671,0.2884367790690806,0.012096079956833145
244.1,1,0.0,0.02687931993063661,0.20708620494248048,0.01197623135121995,0.3420947791916848,0.011558393642531311
244.2,1,0.0,0.04020920024833954,0.21447688271671875,0.01236367027026832,0.38280137273340653,0.01133064135533893
244.3,1,0.0,0.05551648176214626,0.23310920183464107,0.01273302277089427,0.4097182882898461,0.011329003603030411
244.4,1,0.0,0.07119795384981432,0.2639667966733772,0.013035726026614548,0.4262348719016695,0.012016215279326788
244.5,1,0.0,0.08765363004997752,0.3025144054583671,0.013240988601059132,0.43636853122910996,0.014640177597720096
244.6,1,0.0,0.1081202729652795,0.34022225811939455,0.013308080334152633,0.44303965207299445,0.02117215239265935
244.7,1,0.0,0.1371998879212329,0.369813634400192,0.013149903174095805,0.44811196447778023,0.03356036701241937
244.8,1,0.0,0.17736547432980987,0.38925867776220163,0.012617098310603822,0.4527186047982226,0.05226076459861198
244.9,1,0.0,0.22574517651628268,0.40097892360477316,0.011556386915093387,0.457353031519406,0.07507257478384526
245.0,1,0.0,0.2744841469877749,0.40832047978487995,0.009930200766920473,0.46197967199902124,0.09777564512025146
245.1,1,0.0,0.31527387025086895,0.4132728044532735,0.007891396279916175,0.46628687384008716,0.11651324307322625
245.2,1,0.0,0.3441015056228306,0.41650962366955596,0.005737903503098142,0.4699571952847152,0.12980530840602958
245.3,1,0.0009786576604884551,0.36204401990413865,0.4182769856032766,0.0037898737814500735,0.47285088225766503,0.13846840450040115
245.4,1,0.002093101705394828,0.3725759089434082,0.41888709715843986,0.0022738266062612795,0.47506564828114184,0.14410515604736973
245.5,1,0.003071215973364653,0.3788831153403851,0.41871482608945054,0.0012592288780308683,0.4768501781664419,0.14792899171413645
245.6,1,0.003946607507060804,0.38301805181488313,0.4180237316738587,0.0006693554701467906,0.4784236057330698,0.15058534873833954
245.7,1,0.004828652815987015,0.38615106283341755,0.416887171648495,0.000367250384002135,0.47983827667772294,0.15242134701755924
245.8,1,0.0058916882958855435,0.3888633414942453,0.4153146542633072,0.0002646123946248628,0.4809306434007063,0.15366501730489446
245.9,1,0.007261029381718707,0.39131995246583123,0.41346249479339087,0.00038163645592251066,0.4811755197924396,0.1544734514496502
246.0,1,0.008877279531818385,0.39348406990054546,0.41166245480450325,0.0008440712398240473,0.4791416415894652,0.1549646368138953
246.1,1,0.010476501079426779,0.39532919853420145,0.4102098113643816,0.0018580607502242422,0.4715186990504702,0.1552537769431519
246.2,1,0.011749135527677331,0.39691369236178975,0.4091590711794993,0.0036589903220194744,0.452515610159517,0.15547518449467781
246.3,1,0.01255681230966086,0.39831695939138434,0.4082939111518371,0.006366346592723647,0.41532910983325017,0.15580624818828023
246.4,1,0.012989364884621548,0.39954539968129893,0.4070864542962297,0.009778430969597528,0.3565701263601584,0.15650555675521222
246.5,1,0.013191883614470422,0.4004948805527441,0.4043196528381553,0.01333469019647889,0.28105405916314113,0.15791536766054765
246.6,1,0.013145198732061212,0.4009900114390662,0.3972961389886494,0.016391683336847748,0.2017946842043768,0.16034150628773494
246.7,1,0.012645511620865248,0.4008642215258634,0.38122406271673615,0.01858462118913465,0.1334761425947203,0.1638054346302486
246.8,1,0.01151572391368166,0.39996345223952995,0.35020742159643253,0.019921361448466356,0.0846594775770799,0.16782188010794005
246.9,1,0.009829370495833713,0.3978904908825207,0.3008412371015491,0.02059179074721988,0.0553796366017369,0.17137380955304427
247.0,1,0.007908444440207362,0.39338082449794254,0.23651275024507978,0.020760922274566045,0.04056354548883107,0.173032120190179
247.1,1,0.006088490330795778,0.3835438612267861,0.16789081432627947,0.020510875588768917,0.034485745962094236,0.171029566197861
247.2,1,0.004479592969891702,0.3638306542974821,0.10761521918703076,0.019892499980758153,0.03286275381604193,0.16342677860104957
247.3,1,0.002928036680580689,0.3299375008716415,0.0634379365566061,0.01899978496279594,0.032964182211355345,0.14889087236873258
247.4,1,0.0011734842587134344,0.2814936637604069,0.035913756885874934,0.018002749500596864,0.033278948467744894,0.12806266868386335
247.5,1,0.0,0.22455847338895973,0.0215579119467237,0.0171023576951766,0.033313321952060715,0.10425151987908146
247.6,1,0.0,0.16951890618485393,0.017474549337961623,0.016446411485035874,0.0333749167627385,0.08217748620538189
247.7,1,0.0,0.12533184067349762,0.023985892141505878,0.016094795436254597,0.034209347913078975,0.06544032796556874
247.8,1,0.0,0.09527673644309648,0.04429214530787749,0.01605556973293065,0.03649531615182507,0.05494625856214152
247.9,1,0.0,0.07744410461649479,0.08128624138311598,0.01632294578024199,0.04035115032588848,0.049423810349435826
248.0,1,0.0,0.06794988488058237,0.1331281173984612,0.016864223238092228,0.04519120718860567,0.04697178641449575
248.1,1,0.0,0.06337335769519185,0.19141287913730426,0.017591062662770402,0.05010881357961613,0.04611116275224449
248.2,1,0.0,0.06142296844706644,0.24466037146878256,0.018383263978575582,0.05442403921119217,0.04596219869251948
248.3,1,0.0002139333528787228,0.06073485430111649,0.28458246843864093,0.01916829371253879,0.05788552920452758,0.046034388978125645
248.4,1,0.0024691183083492036,0.060547198269131304,0.3095112510928588,0.01999433679956443,0.06054723695627459,0.04606147739455273
248.5,1,0.004888761332114881,0.06042496903240608,0.3228071172048412,0.021043160202163704,0.06267250862252202,0.04596909390116833
248.6,1,0.008934626327834896,0.06007397591027153,0.3291934872727144,0.022547187250560246,0.06471412312478676,0.045882300545873424
248.7,1,0.0173533898936565,0.05927642393921226,0.3325230280731982,0.024595953700891193,0.06715549007837404,0.04605757246994423
248.8,1,0.03380435795354337,0.05792385394906003,0.33550208445948165,0.026951811069296717,0.07020939101494873,0.04667937172024878
248.9,1,0.06116266286205982,0.056080829193006596,0.3400343108843335,0.029108731559121723,0.07364547997241885,0.047568782689704596
249.0,1,0.09882007902427596,0.05398165094685168,0.3473619854716506,0.030615337094465803,0.07692984417650577,0.047983114672082466
249.1,1,0.14135526443885196,0.051918840529530365,0.3582228434395672,0.031348574239599206,0.07954787079204942,0.04676950594101586
249.2,1,0.18083629927681785,0.050095033725688,0.37323363301410445,0.031494260973958646,0.08124341785603814,0.04298821668595165
249.3,1,0.211406756249715,0.04854303462434775,0.39287310126921104,0.031349143137510416,0.0820569740882674,0.03667727604388013
249.4,1,0.23200594999699106,0.04713141998414495,0.41655738575908813,0.031158285993362813,0.08223482601666257,0.029082944044101104
249.5,1,0.24518513609523304,0.0456159953368657,0.44190207671744947,0.031040920319370762,0.08210465828513962,0.02200769049632553
249.6,1,0.25411317932076843,0.0437494523953344,0.46569283670422507,0.030992472094689694,0.08195495409189928,0.016771123244716787
249.7,1,0.26074838391632277,0.041456912930441965,0.48584538760197205,0.03096775547685863,0.08194575837409909,0.013658372994386566
249.8,1,0.2658449812149448,0.03895071049369552,0.5020635466861952,0.03098124756107304,0.0820784910659645,0.012166976139694861
249.9,1,0.269667120338133,0.03664041508823884,0.5147259459996628,0.031110561952944298,0.08220129489752763,0.011604149413569501
250.0,1,0.27246689474889346,0.03492900653548618,0.5238055324088146,0.03139634969072755,0.0819682852605877,0.011479522613233248
250.1,1,0.27460192586399784,0.03415151149953214,0.5289744169438294,0.03177134119831259,0.08071344294364803,0.01155958823212581
250.2,1,0.2765162812506972,0.03474475059319051,0.5301023256899574,0.03212506641765022,0.07740733939785187,0.011778967698538714
250.3,1,0.2787722626840794,0.037438240857621694,0.5271687510681624,0.0324335338544069,0.07104049101122059,0.01218067253937133
250.4,1,0.28223185814100565,0.04312569495998715,0.5199358834157046,0.03278605602096253,0.061468264792520565,0.012870831126384392
250.5,1,0.2883018578114261,0.05226785527299659,0.5083212304943519,0.0332702096681974,0.05002127952773996,0.013907692211994505
250.6,1,0.2987806955832496,0.06424182148872953,0.49337545974105124,0.03385660473928816,0.03903286616042041,0.01517115086774134
250.7,1,0.3148141281152863,0.07749583794169862,0.47757066085191724,0.03441689322116097,0.030477168599405226,0.016361930454530747
250.8,1,0.33544850728567294,0.09082098836669386,0.4636645994391095,0.03485123575127951,0.024974978037764155,0.017166451330476205
250.9,1,0.35736668075895117,0.10486845039651498,0.4531869787010826,0.03518541088418033,0.02199147589491808,0.017438957863562865
251.0,1,0.3765912032383998,0.12260735211905234,0.44602420550494415,0.03551543401772797,0.020690473697479592,0.017245477562536787
251.1,1,0.39063253313048446,0.14799680015742678,0.4411438458026109,0.03585168266510548,0.020442417013145812,0.016759493377948267
251.2,1,0.39893776631686456,0.1831142572191117,0.4374251223293181,0.03611181960092921,0.020768172627099846,0.01611292895391216
251.3,1,0.40162544930484656,0.22547146793476816,0.433969687403187,0.036377458478148175,0.021230057089516943,0.015318202241528907
251.4,1,0.39845385872666933,0.2682674791491358,0.4300271766932859,0.037078259751658925,0.021565456602615538,0.014315761670884771
251.5,1,0.3893553352370022,0.3042462114747848,0.4248467564196016,0.038709588884111815,0.02179477227633228,0.01310184861640656
251.6,1,0.3757575691333986,0.3298491435981796,0.4175743420649496,0.04132235188396106,0.02205213965309437,0.011820607760327619
251.7,1,0.3608462959743774,0.34595945252400795,0.4072776494054034,0.04442782827748893,0.02233414690331509,0.01073693996341142
251.8,1,0.3480891702377705,0.3555608605878629,0.3933656997315197,0.04742818395437123,0.022472735221845078,0.010117759626183064
251.9,1,0.3393731092700703,0.36138492000554867,0.37641142179658216,0.05002299458664806,0.02231768911677579,0.010116107381282803
252.0,1,0.3344942645157837,0.36519449395231995,0.35852349600876654,0.052212730459259046,0.02188621154424105,0.010708502957497427
252.1,1,0.33212841794179937,0.3680352529732216,0.3424079461632397,0.054093929337234024,0.02134128151148654,0.011680085556155984
252.2,1,0.33104410935734735,0.37049117804897624,0.3298026910565799,0.055762429269462836,0.0208599281076681,0.012675745831044128
252.3,1,0.33061270555073874,0.3727874799255315,0.32088222968488894,0.057351061178048855,0.02052198107462637,0.013345469439428395
252.4,1,0.33064881052371825,0.37490775990278363,0.3149385300591476,0.05903682564921106,0.020283637096281407,0.01352924497300835
252.5,1,0.3310528755580472,0.3767506717341056,0.3111816368993817,0.060937989610364514,0.020008658751639378,0.013377130393872678
252.6,1,0.3315881174301923,0.3782608828184739,0.3089225749951705,0.06301556318655516,0.01951421553752294,0.013349249693637738
252.7,1,0.3318228501109139,0.37950326024840136,0.30748911455650113,0.06512560689462071,0.018637652896070545,0.014085770786278531
252.8,1,0.3310139743336647,0.380674706349692,0.30627481482628255,0.06716244326497416,0.017338737761113013,0.016286062000828157
252.9,1,0.3276579544788358,0.38209167924461135,0.30484759411280504,0.0690946825141496,0.01577628190741928,0.020987500394911873
253.0,1,0.3188250830424349,0.38423575827774853,0.30301854098549297,0.07087036807565934,0.014255012528671783,0.030545593936650975
253.1,1,0.3001737287708465,0.38777515250016154,0.3009004401561671,0.07237222079456317,0.013040566221527094,0.04964524005656392
253.2,1,0.26786265516834484,0.3932159746904516,0.298868048303008,0.07350400904309305,0.012179252132928507,0.08446471122893898
253.3,1,0.22207325978134654,0.40009156899416476,0.29732526682755817,0.07427506218586093,0.01144803119150551,0.13872327190581696
253.4,1,0.1691716717909533,0.40633170902354504,0.2964361024869136,0.0747629816130491,0.010445545192550173,0.2088090410351347
253.5,1,0.11939245835154845,0.408536149701514,0.29605823439814555,0.07501217273398883,0.008789579720766084,0.2831275947529576
253.6,1,0.08113916197022844,0.40310737862158824,0.2958855387356052,0.07498846661190911,0.006374902910610575,0.3479487905752568
253.7,1,0.056871673857758244,0.3878350151076405,0.2956159926672673,0.07460925458627085,0.0035436746863505403,0.3950747167954574
253.8,1,0.04372881809806089,0.3635311163369167,0.29499870878172496,0.07379271361227402,0.0009640302700909081,0.4245494858943703
253.9,1,0.03705141472523756,0.3345845769194742,0.2936945688515773,0.07251603678791252,0.0,0.4413698757894548
254.0,1,0.033207666500619154,0.30715083011810274,0.2908834973564323,0.07090055713194003,0.0,0.45082298155217987
254.1,1,0.030307548989828733,0.28586871474634534,0.2846661157129378,0.06924504940257813,0.0,0.45630273530358606
254.2,1,0.027600976283836728,0.2719432264034402,0.2717962827472711,0.06789256211223439,0.0,0.45950529340160245
254.3,1,0.024726644283845054,0.26392174749751124,0.2488316330119249,0.06700356589234334,0.0,0.4612442831286123
254.4,1,0.021420483440058733,0.25963596368382563,0.2151229490516458,0.06646688420922396,0.0,0.46200226743947875
254.5,1,0.01763701135188537,0.25740932001680816,0.1756248544943249,0.06602555654329927,0.0,0.4622157502854814
254.6,1,0.013610265546078193,0.25624791641402045,0.13994616871398255,0.06543942827410848,0.0,0.46237491273839476
254.7,1,0.009540645141653235,0.25566650016099124,0.11688316757084272,0.06450954715728476,0.0,0.4629208165842481
254.8,1,0.005204846388983063,0.2555496503327631,0.10886603819807361,0.0630110850897174,0.0,0.46404517618002766
254.9,1,4.507929575013155e-05,0.2561245025900371,0.11147175033491524,0.060727228101894876,0.0,0.46562331716304894
255.0,1,0.0,0.2581777915369034,0.11781858114944384,0.05766530023699349,0.0,0.4673875461571169
255.1,1,0.0,0.2637077474004301,0.12307700169681719,0.05425953493025429,0.0,0.4691702931828749
255.2,1,0.0,0.2768157312770043,0.12568351329889518,0.051270816761537254,0.0,0.47095779855404046
255.3,1,0.0,0.30366731068571845,0.12599731059152,0.049383502795544786,0.0,0.47268466112079427
255.4,1,0.0,0.34980565215451237,0.12480685370975658,0.04883290008904244,0.0,0.4738585445312003
255.5,1,0.0,0.41508869044550567,0.12277070647578321,0.04934553000305937,0.0,0.4730073845090302
255.6,1,0.0,0.4905255592268407,0.12037186186704814,0.05036218682924726,0.0004683525066302059,0.46691915068853973
255.7,1,0.0,0.5616786564846926,0.11786802072402525,0.05132337296927863,0.003171888002732501,0.4502363925232181
255.8,1,0.0,0.6169044340729302,0.11528624293850688,0.05182774034447512,0.005624750880290479,0.4168600804977599
255.9,1,0.0,0.6529143086116529,0.11264744257745672,0.051630091719981744,0.007650272515017528,0.36396268839564677
256.0,1,0.0,0.6733755207331878,0.1103365652164495,0.050603905969357404,0.009157406166455637,0.2962154998813758
256.1,1,0.0,0.6839686881409691,0.10943496997535643,0.04879633600229422,0.010128734130341547,0.2255391106307677
256.2,1,0.0,0.689191942990252,0.1119323009969356,0.04652222391010776,0.010586127933548128,0.16500544177520163
256.3,1,0.0,0.6920177952715937,0.12058336149326805,0.044302097893208596,0.010534891000531111,0.12188237403280093
256.40000000000003,1,0.0,0.6944491433669171,0.13785779410705074,0.04257800576035106,0.009941287458583616,0.09574786469567113
256.5,1,0.0,0.6976598409685082,0.16393934269705085,0.041433907723993,0.008810428181961151,0.08172785241251626
256.6,1,0.013395003435732508,0.7019099354911194,0.1953234426299384,0.04061213350681521,0.007323288847457397,0.07441750371356183
256.7,1,0.04343334523887738,0.706753529562249,0.22603452881609495,0.039805207302859844,0.005861064832742815,0.06962608345280764
256.8,1,0.07951780152964627,0.7115508031941534,0.2510011246109899,0.038904707497981736,0.004809565999943543,0.06453953529181837
256.90000000000003,1,0.11590406952751957,0.7158905215996085,0.2684691190539127,0.03799537613678172,0.00429886609524961,0.05774320208442563
257.0,1,0.146312128648921,0.7196744512262997,0.27949037744557664,0.03719469371928468,0.004153022360815069,0.049363167827015456
257.1,1,0.1674070467423826,0.7229898402842948,0.28590040973165826,0.03653694133038517,0.004095477447779227,0.0407316381647592
257.2,1,0.17990732460682357,0.7259815099838699,0.2891190909411836,0.035967367529740835,0.00398205564559363,0.03340246362194889
257.3,1,0.18686813066538246,0.7287449505391614,0.29020050516339346,0.03539177506763999,0.0038626808599533644,0.028217254773466868
257.40000000000003,1,0.19136525408154673,0.7311600297934807,0.2901169768206419,0.03471936876481651,0.0038907985550108385,0.025121995836203517
257.5,1,0.1953222425124381,0.732618506429603,0.2896692725211921,0.033885932841644976,0.004213211084659418,0.023571210790804462
257.6,1,0.19943953610676424,0.7315354328495517,0.289286487527595,0.03287263511937638,0.004922257623338076,0.02292490770250771
257.7,1,0.20357170639190578,0.724539117635761,0.2890826369707626,0.03170811885953494,0.0060512369085123805,0.02262568026948329
257.8,1,0.20722829309118942,0.7058893730445025,0.2890959499281291,0.03043356649026814,0.007552644977047849,0.022294202558967188
257.90000000000003,1,0.2100441059307456,0.6688960815405903,0.28940773828270294,0.029078988177556844,0.009251312726254624,0.02179547582429973
258.0,1,0.21202626817595335,0.6106875497848998,0.2900656871049124,0.02770650878735599,0.010837560843928873,0.021181341924885296
258.1,1,0.2134890488957396,0.5376155488678384,0.2910085324499312,0.026451930134795732,0.01195481591162477,0.02049879747893612
258.2,1,0.2148020493077955,0.4648726766353299,0.2921146047870153,0.025460892597950136,0.012350364380963163,0.019617404410981663
258.3,1,0.21616175185648145,0.40793938398546475,0.29325555844817064,0.02477272843109811,0.011999538738421566,0.01823496674352549
258.40000000000003,1,0.21751958848687075,0.3729627173358453,0.29422844278974836,0.024293382354768557,0.011126696129637889,0.0160651275274604
258.5,1,0.21866889153098448,0.35519833385445243,0.29460164108893994,0.023877866740885968,0.010098051524942118,0.013061294456420802
258.6,1,0.21938231086691795,0.34552112610707975,0.29348644944625946,0.023419140785660306,0.009231790233095798,0.009516701027294884
258.7,1,0.2194526330482001,0.3373124000979882,0.2891238158099884,0.022867240027647964,0.00863819732877729,0.005973076945073106
258.8,1,0.21855125425322636,0.32847850464492234,0.27846233238864787,0.02220128650057627,0.008198793136004304,0.0029900684160899024
258.90000000000003,1,0.21590174579188393,0.3196458718096849,0.25763565600707566,0.021430899781517382,0.007694686428124611,0.0009164862977141366
259.0,1,0.20986102742571672,0.3118464585247035,0.2242312911827543,0.02065178750520044,0.006984798219481567,0.0
259.1,1,0.19780680372352905,0.3054932556077564,0.1803098534683813,0.02006650810793505,0.006102781584811514,0.0
259.2,1,0.17710031660060144,0.30048778695195033,0.13304920801878437,0.019877713512597317,0.0052019730781115246,0.0
259.3,1,0.14730347732407909,0.296573568384546,0.09133682924580984,0.020130571423653633,0.004399837247139415,0.0006785379572583887
259.40000000000003,1,0.11201487304514687,0.2934697422708302,0.061030727225670836,0.02069398841699418,0.0036674090761232084,0.001987160803125167
259.5,1,0.07793949705501356,0.290900163942758,0.0431499801163933,0.02141691705340212,0.002869110935289959,0.0036519697952594526
259.6,1,0.05122050146710404,0.28865528878720564,0.03568105810651845,0.02226683075759996,0.0019151907998724755,0.005422941769920355
259.7,1,0.03417230098138517,0.28662039770211845,0.03609296919909301,0.023302327471390254,0.0008920258115592151,0.006932632224967256
259.8,1,0.025097525128877866,0.2847381826121126,0.04220612461517549,0.024599900566043036,7.03945201857132e-05,0.007859056688863003
259.90000000000003,1,0.020541951586643743,0.2829811734621678,0.051706572709178666,0.026409322988437088,0.0,0.008097465564932358
260.0,1,0.017586612288848013,0.28135860470670226,0.06187257778112642,0.029750972918983938,0.00040814438561620427,0.007770326523368297
260.1,1,0.01493637623092569,0.27987868977891533,0.07028136365390417,0.03751005685860534,0.0020154072595414516,0.007071552168946349
260.2,1,0.01313076303248453,0.27840816163304805,0.07577240815483288,0.0555418138253395,0.004485401975727404,0.006128530287878535
260.3,1,0.014523640597504653,0.27646107909245904,0.07856186776979826,0.09224863017442436,0.007382281329848217,0.005017155183900131
260.40000000000003,1,0.023164677992619308,0.2729281110683522,0.07948228940297368,0.1549404042675581,0.010151709207933896,0.0038536482300883424
260.5,1,0.04395141857883159,0.2657479318728859,0.07927350340657163,0.2438849307565023,0.012407154900761391,0.0028066036929955953
260.6,1,0.08016533434970255,0.25188448696816185,0.07848949511854142,0.3486952689128869,0.014090516862126057,0.0020071014831314856
260.7,1,0.13006021481051555,0.22844574503256485,0.07774829615817577,0.45153638519630046,0.015372560198825741,0.0014741730968373928
260.8,1,0.18564616687768218,0.19506300621776346,0.0779175080521055,0.5359402423980147,0.01642274284542846,0.0011405069466120445
260.90000000000003,1,0.2361672894748458,0.15563058728270399,0.08015844955589113,0.5945598830929566,0.017278639303521418,0.0009371552159012145
261.0,1,0.2740560191798536,0.11701947630379561,0.08576332465221091,0.6302679969674567,0.01788676911406701,0.0008469636740283708
261.1,1,0.29814111410645294,0.08534903803325404,0.09554471734862072,0.651223926538492,0.018194777672748755,0.000898679871481851
261.2,1,0.31196304174406375,0.06329917717745095,0.10892034366548617,0.6650274408605021,0.018179769109801545,0.0011455070200471374
261.3,1,0.32000144025179506,0.05057193994002146,0.12359302784957134,0.6760270874272585,0.017863324109888078,0.0016586109726815644
261.40000000000003,1,0.325350752106665,0.04621693826823193,0.13655327167589376,0.6858611445499413,0.017448248301473197,0.002498472418970394
261.5,1,0.32952650751500573,0.050806539792808844,0.14575262825870564,0.6949818032570158,0.017532907933198477,0.003632152124424416
261.6,1,0.3331008844821943,0.06757644916932962,0.1509637743240029,0.7035377767853139,0.019079955410916404,0.0048697447049963405
261.7,1,0.3361886877813076,0.10155462298475136,0.15326023850793402,0.7115527651151841,0.022913115380119312,0.005928499091840082
261.8,1,0.33869982913256297,0.15570699838257981,0.15392395195355255,0.7189400806060317,0.029127637437330656,0.006589834400929527
261.90000000000003,1,0.3405222468207005,0.22604529683154825,0.15376246894112192,0.7255895476822488,0.03716506022820395,0.006785270626561795
262.0,1,0.34164380288345464,0.3007522658311596,0.15303732083315832,0.7314425628997334,0.04660291913591615,0.006544844089870061
262.1,1,0.34216911431200925,0.3658130765752176,0.1516485787274003,0.7364919109024176,0.057632810455686356,0.005926134279325531
262.2,1,0.34227088712162157,0.4127033610780425,0.14930582591972813,0.7407646921498121,0.0704203784699456,0.005032850390902593
262.3,1,0.34214913826203724,0.44133136814543167,0.14572983856460717,0.74433352160187,0.08407032373451205,0.004057156354841082
262.40000000000003,1,0.3420062851565667,0.4569072735594617,0.14094878238429487,0.7472921480960133,0.09661349529692997,0.0032274889326166204
262.5,1,0.34198954913678503,0.46517068285872215,0.13545608744806245,0.7495547259118363,0.1061872038509239,0.0026940629474697347
262.6,1,0.3420735097681548,0.4699528272638277,0.1299663976845812,0.7503153967218652,0.11214757153030447,0.0024836329053447826
262.7,1,0.34187464577922166,0.47322131221590474,0.12498463330049972,0.7470730370107593,0.11511361728659113,0.0025508981040190675
262.8,1,0.3403166236638371,0.47593498731187944,0.12066309478709762,0.7345165773721586,0.11622506073763747,0.002831876204645928
262.90000000000003,1,0.33504834358405056,0.4786725047472756,0.1169860524827515,0.7043980769930642,0.11645421618026433,0.0032447105527382055
263.0,1,0.3219342143613265,0.48182098302510695,0.11389852030413067,0.6479912255013807,0.1163670511993566,0.0036868945050970935
263.1,1,0.2957160805433846,0.4854729266877236,0.11121117964885925,0.5614119855943424,0.11620184067276934,0.004078137816903523
263.2,1,0.2528753946400369,0.48937197966200796,0.10848506036179759,0.45093359398150984,0.11603118938662774,0.004418436540546846
263.3,1,0.19553214987256015,0.4931226089997557,0.10502341898966351,0.3333866805926041,0.11588404314024266,0.004798463428398453
263.40000000000003,1,0.1326575667938829,0.4964709596251085,0.09982890099200911,0.2293450776692613,0.11579114407586812,0.0053424674189553965
263.5,1,0.07611246698497483,0.49936721788487565,0.09152236126702024,0.15310737479459285,0.11576954196007867,0.006116222435098887
263.6,1,0.03419984794844341,0.5018356533308037,0.07868878857207894,0.10706745991734062,0.11579562486371082,0.007051857864398392
263.7,1,0.008292976981149747,0.5038799361748881,0.06099504085286195,0.08416255644306575,0.11580026545218369,0.00793300136721011
263.8,1,0.0,0.5055060909356391,0.04032142635827434,0.074759235170946,0.11566773284056533,0.008465117663358897
263.90000000000003,1,0.0,0.5067474620062956,0.02047725888632858,0.07182262873846107,0.11519965625688408,0.008424304733803895
264.0,1,0.0,0.507522351437184,0.005346736400859718,0.07192587533531684,0.1140570819322345,0.007809294472015815
264.1,1,0.0,0.5071740343874401,0.0,0.07377587916320907,0.11178183308916856,0.006855456863753556
264.2,1,0.0,0.5038488710190928,0.0,0.07659753302544842,0.10799189779666393,0.005840889459486318
264.3,1,0.0,0.49464584387319616,0.005452588177877737,0.07938909819962467,0.10263022868705154,0.0048345462224183644
264.40000000000003,1,0.0,0.4775125954411535,0.02382862268329489,0.08102442338140217,0.095923049100032,0.003650503047841611
264.5,1,0.0,0.4538262954296994,0.05211862803699606,0.08077806327200279,0.08793285206312589,0.002082468393249099
264.6,1,0.0005927948775178713,0.4286362659682664,0.08697368656453024,0.07872475885031628,0.07824117165009523,0.00018478278278276494
264.7,1,0.002541900130185121,0.40748135975532973,0.12191781008364502,0.07564356875251364,0.06643755399913166,0.0
264.8,1,0.004327297199143463,0.392831064345191,0.15054760654910065,0.0724966750162116,0.053131782717167675,0.0
264.90000000000003,1,0.006374560256885793,0.383541167372025,0.16988062142247884,0.06989598108976294,0.040258285614356085,0.0
265.0,1,0.008734447233491722,0.3769230398344151,0.18088024576847675,0.06792013256336821,0.030047224246512037,0.0
265.1,1,0.011118550050061965,0.37080589289886046,0.18641652140271747,0.06631104851851996,0.02362236661901367,0.0
265.2,1,0.013198621042501494,0.36431700875131356,0.18912454021014735,0.06480879505288412,0.020590111527044392,0.0
265.3,1,0.014880017183560816,0.3577070794355375,0.19067441848521924,0.06335165197830339,0.01973666819505657,0.0
265.40000000000003,1,0.016289317367489713,0.3517065331544309,0.1920974542635502,0.06203203082308502,0.01989324854624079,0.0
265.5,1,0.017516536028162714,0.3468331395063261,0.19428368583558958,0.06092876673495966,0.020312703821981668,0.0
265.6,1,0.018410815023372298,0.3431235329381819,0.19828375385893704,0.06003729523276913,0.020639344514753577,0.0
265.7,1,0.018665570744032692,0.34033434317259725,0.20533480597838724,0.05936123785128412,0.020764480012190445,0.0
265.8,1,0.01813112696664416,0.3382057590929863,0.21639518593677465,0.05899746992820835,0.020698233052929945,0.0
265.90000000000003,1,0.017058353465325134,0.33654210532357676,0.2312590585947626,0.05906957799858996,0.020480293490494725,0.0
266.0,1,0.016007388238676354,0.335203580906028,0.24819623488820383,0.05959969031453628,0.02013422968716158,0.0
266.1,1,0.015449086653380378,0.3340969196862116,0.26507844628124966,0.06048678005335761,0.01966105999102537,0.0
266.2,1,0.015411165326332426,0.3330927936819496,0.2812403847437311,0.06159363828380936,0.019065761553084887,0.0005186070700115441
266.3,1,0.015515252201860235,0.3317774140080964,0.29791033309349874,0.06282876862555231,0.018395625271309213,0.0014752433882038072
266.40000000000003,1,0.015352929636630737,0.3290505390845966,0.31641508547222763,0.06416051507083533,0.01774896712288619,0.0021763073084141364
266.5,1,0.014803966688053036,0.322815927824738,0.3362024405144908,0.06555708100713543,0.017235820242540265,0.0029347054590733194
266.6,1,0.0140232374880505,0.31046822443236116,0.35510801634092515,0.06689108498581911,0.01692508920071809,0.003983841412309554
266.7,1,0.013223793511809837,0.29089625580309375,0.3713751914297281,0.06792847869324048,0.016827788527155857,0.005338170286860077
266.8,1,0.01254026975547998,0.26705467632424296,0.3847315210596609,0.06846660197516351,0.016918169151963376,0.006800109459572864
266.90000000000003,1,0.012042466902259257,0.24597184361471766,0.3954882423502357,0.06847243400253099,0.017146247276960843,0.008116148985172699
267.0,1,0.011765892203749618,0.23444907772501472,0.4034690939851028,0.06804798946546085,0.01741382737312611,0.009169344125414827
267.1,1,0.011695014913670875,0.23395094813463452,0.40835735501829556,0.06731075431384971,0.017537030985013375,0.010048202968483442
267.2,1,0.011766615107697423,0.2401551971884107,0.4106392688666097,0.06640563069668905,0.017241366613546773,0.010945364751198701
267.3,1,0.011921575184554074,0.24730550346031518,0.4116071876784005,0.06563839550704718,0.016244671345780767,0.011982585308594102
267.40000000000003,1,0.012140770446620416,0.25220150407259,0.4124772313890988,0.06548742989897037,0.014449236506376605,0.013099881843963997
267.5,1,0.012429530520099603,0.2545297964114513,0.4137957625821708,0.06636913334066577,0.012124557970254062,0.014096648276233909
267.6,1,0.012800625821446315,0.25511708611624423,0.4156012107480918,0.06836933194376583,0.009864184829748318,0.01479843160191464
267.7,1,0.013306565038792973,0.2547129088515184,0.41779565508593347,0.07125151964030403,0.008272005943598204,0.015205375735507419
267.8,1,0.014085376436317772,0.25380054668532376,0.4202368072070136,0.07470614660170877,0.0076269515123519715,0.015489171910922576
267.90000000000003,1,0.015324435145223402,0.25270893018365603,0.4226453461590741,0.07847028635617954,0.007796322861322424,0.015850498297799623
268.0,1,0.01711593726278657,0.2516448878672539,0.4245539136077858,0.08218196002871848,0.00840028186452739,0.016368560166377135
268.1,1,0.01933053548478744,0.25070281952634516,0.42526435480613345,0.08529855955766054,0.009034375476033836,0.01696782778638625
268.2,1,0.021667763169939205,0.24990840367562628,0.42377729365131434,0.08733209272394717,0.009400855651290757,0.017517023476380754
268.3,1,0.02384778078764346,0.24925855198087918,0.4189589435610383,0.08816754084490196,0.009337816251326389,0.017948007405115443
268.40000000000003,1,0.025728563112254046,0.2487286044135911,0.41008647597081477,0.08809879522260167,0.008816116541004467,0.018272859992869882
268.5,1,0.027256604617699874,0.2482751281290037,0.3970988434582962,0.08755908958427613,0.007950067018677502,0.018513124581815647
268.6,1,0.028421516794413022,0.2478581096963586,0.37960136769469954,0.08682356231714387,0.006980976038043075,0.01865208278800507
268.7,1,0.029365628148117506,0.24745904880598568,0.35514596537491216,0.0859183851933225,0.0061747537036760305,0.01865875256662519
268.8,1,0.0305011668284522,0.24705374915520975,0.31921099140789727,0.08472140499415387,0.005679665576517191,0.018538200927231328
268.90000000000003,1,0.03235343705769416,0.24652246977266593,0.26856276160855536,0.08308931047999873,0.005465134875142958,0.01835816757010843
269.0,1,0.03513645746272505,0.24548859327818426,0.20579076838919072,0.08094453103568483,0.005383433289996708,0.018235829936577023
269.1,1,0.03847923290868241,0.24303689617243726,0.1401189452672966,0.07837738404365488,0.005278513560639162,0.01828431106931656
269.2,1,0.0417149218194124,0.23733075317598723,0.08267535465763381,0.07571531569217946,0.0050532723743778474,0.018538748475480645
269.3,1,0.04468110674155349,0.22553789059796786,0.04059117423893672,0.07340306273364036,0.004668188651662455,0.018912564996660133
269.40000000000003,1,0.04859932037184476,0.20490511538847922,0.01549663190892909,0.07172544319276801,0.00409968127156096,0.019235393905598832
269.5,1,0.05675811689365938,0.17517150446287802,0.006393866926829281,0.07062985942576325,0.0033158398301633466,0.019361675051733064
269.6,1,0.07477448504532518,0.14056275380233615,0.012248027844692026,0.06977630751242188,0.0023166663790361894,0.01925753349573074
269.7,1,0.10944205331846263,0.10876697592459814,0.03141451948275141,0.06864942838366474,0.001216606697828665,0.01898698620306421
269.8,1,0.16501775489579776,0.08679953266513507,0.05962268821933744,0.06656420593747332,0.0002709486603247443,0.01864107793851117
269.90000000000003,1,0.2384562025285172,0.07710504344642882,0.08989746735212717,0.06269807572713779,0.0,0.018314178837346675
270.0,1,0.31831372330633534,0.07708247308458446,0.1153296671360458,0.056429340317664785,0.0,0.018127431217132582
270.1,1,0.39002274704511564,0.08173217379139736,0.1322391153698823,0.047896749478262154,0.0007676601880399293,0.018195933816803126
270.2,1,0.4436302364328587,0.08673684102171834,0.14092635761988598,0.03818846339362476,0.002087690211173813,0.018503274546066158
270.3,1,0.47749159948145936,0.08995083019618187,0.14393286022129356,0.02877881212804484,0.003661145268528568,0.01879365801387855
270.40000000000003,1,0.4962000470536483,0.09114929344449006,0.1438755634809555,0.02072425249600658,0.005281857198745254,0.018636130285891547
270.5,1,0.5062599182499659,0.09100741993261678,0.1424129240180496,0.014438992733589817,0.006843635256131688,0.017690735626858897
270.6,1,0.5129779607945474,0.09025463560867594,0.14033514715298928,0.010090202108381269,0.008313253478740214,0.015988993810561316
270.7,1,0.5193069260661272,0.0893408480063925,0.1380630260595104,0.007976598829314348,0.009674280318712127,0.013957500598630556
270.8,1,0.5260360141782268,0.08845816661231419,0.13599823510334103,0.008499407688928385,0.010918490496947517,0.012132029616113982
270.90000000000003,1,0.5327511088162653,0.08766002913136194,0.13453768589004847,0.011822678037184129,0.012063114788934067,0.010816942779028857
271.0,1,0.5389258145856192,0.08695121056470007,0.1338812430248452,0.017489041656744336,0.013130540444149975,0.009961384172058635
271.1,1,0.5445086112613897,0.08632954042321474,0.13389866101103765,0.0243199811992389,0.014121328810174673,0.009269302162046524
271.2,1,0.5498385577394194,0.08579941175058169,0.1342127979481054,0.030826327306399958,0.015080536131509472,0.008395365356292062
271.3,1,0.555269137599621,0.08537050026728031,0.13443036103975067,0.03589164133543266,0.016255936331558234,0.007125472489143237
271.40000000000003,1,0.5610108059473377,0.08504624657025978,0.13433674964645986,0.03916731911440774,0.018324145225513122,0.005497823439316058
271.5,1,0.5673131591082308,0.08481028959202991,0.13393358458107996,0.040930112504930456,0.022884177078028214,0.00379674665505793
271.6,1,0.5745481974820014,0.0846199569458017,0.1333263642205447,0.04167876491883403,0.0335296112247672,0.002384225428859042
271.7,1,0.5828072636855053,0.08440629958615951,0.13254496922095949,0.041841660515173185,0.056980929557358104,0.0014781245028849647
271.8,1,0.5914232568978944,0.08407126549715811,0.13136816883130137,0.04169222139826622,0.10218222929657356,0.0010607695137264932
271.90000000000003,1,0.599101911155977,0.0834736025376771,0.1291538816001314,0.04137594598790701,0.17536429357655803,0.000968340423967064
272.0,1,0.6043748528846337,0.08238666032860573,0.12466256972836617,0.04097663817427482,0.2731304281288421,0.0010317040403951068
272.1,1,0.6054442543311855,0.08039771034985303,0.11607996735381788,0.04059183621839233,0.38027792300644514,0.001139448972240568
272.2,1,0.5995657792204813,0.07679103692732671,0.10173229123176492,0.040357360487022875,0.4767005619601968,0.0012246321844550843
272.3,1,0.5834418156790554,0.07065068584553827,0.08155961972890993,0.04038501219065176,0.548469144243738,0.0012366885991971141
272.40000000000003,1,0.5553655910823788,0.06142908517036332,0.05816750498948241,0.0406959136204149,0.5934454061236498,0.0011179556760034708
272.5,1,0.5174835039053108,0.04971548063961881,0.03594658650076637,0.04128949413848668,0.6180637609636395,0.00077909896999841
272.6,1,0.4756194707237047,0.037380993748344235,0.01860405721591915,0.04241850277692178,0.6305913680931119,9.867635293457337e-05
272.7,1,0.43639366874321933,0.026670611564152957,0.007361342545690793,0.04504817574637797,0.6370167016394019,0.0
272.8,1,0.40420245421280043,0.018966379946090822,0.001261076007320599,0.05141074373540497,0.6406298964728308,0.0
272.90000000000003,1,0.3803361523759319,0.014323316908113795,0.0,0.06523515826575614,0.6430551836300618,0.0
273.0,1,0.36397444737308937,0.011945115867847621,0.0,0.09069046592690212,0.6450822470321443,0.0
273.1,1,0.3536191245246169,0.010878245027075406,0.0,0.12952381557384868,0.6470830337190201,0.0
273.2,1,0.3482268216204399,0.010375180501804233,0.0019680724316096794,0.17811407465616108,0.6492207377118943,0.0
273.3,1,0.34776253078961983,0.009966037654483431,0.004337209648696008,0.22778936819747084,0.6515173465433788,0.0
273.40000000000003,1,0.35273354592508666,0.009441678415590031,0.0060606429261516135,0.2693216833729876,0.6538543437725707,0.0
273.5,1,0.36280649256631614,0.008795070719823616,0.0067146592732622926,0.29794957473051153,0.6560395717388715,0.0
273.6,1,0.3757453942656258,0.008101095527583608,0.006366494200037286,0.3146502012136161,0.6579609882749601,0.0
273.7,1,0.38793176195956713,0.0073845843513265,0.0054872751286885015,0.32355142390867825,0.6596803227130469,0.0
273.8,1,0.3960502758187098,0.006579111430267346,0.004903881590870421,0.3286904230005185,0.6613301096557529,0.0
273.90000000000003,1,0.3981037053291279,0.0056416901093084915,0.006044877141673812,0.33247243545511984,0.662844452995191,0.0
274.0,1,0.39295337484424164,0.004777596513649719,0.011399181397256082,0.3357511793191549,0.6636005951951064,0.0010847189304999832
274.1,1,0.37986571666870683,0.004597848499088072,0.02450595220033181,0.33850617592515225,0.6618325516652909,0.0027098251230037685
274.2,1,0.35952263873420204,0.005979158537456778,0.04850886695786992,0.34049781019361947,0.6535711355516824,0.004081284693605341
274.3,1,0.33527384162666896,0.009555994775048812,0.08343059891027359,0.34169538026582874,0.6316268770817259,0.0050891620959285745
274.40000000000003,1,0.3122420454111489,0.015144800680626472,0.12446935258171958,0.3423832857479457,0.5865989922914747,0.0057369660040873585
274.5,1,0.2945034445459866,0.021635068393017074,0.16381538694434986,0.34296057243757994,0.5118712734712358,0.006137528510359565
274.6,1,0.2831696181452661,0.02756543044020825,0.19514451679579553,0.3436437164528664,0.41068683837879116,0.006426667753120667
274.7,1,0.27695362521344513,0.031937209483392244,0.21679856792689398,0.34434717803161075,0.2986672191614722,0.006705087872428922
274.8,1,0.2739243511421383,0.03458796095196796,0.2310995752292769,0.3448351641780916,0.1970538578786673,0.007040211119936824
274.90000000000003,1,0.27262087803913576,0.03594800697849849,0.24138730625584923,0.34497143342431175,0.1211794405423764,0.0074792368863117785
275.0,1,0.27219003353460614,0.03657439339093791,0.24992796727380284,0.3448118414669148,0.07414530377503255,0.008047133865397302
275.1,1,0.272154479910931,0.03687028066322671,0.25776249346615926,0.34443144956044763,0.049686012900756034,0.008744210759689583
275.2,1,0.27223998660581816,0.03704934288565512,0.26530665082928345,0.3435300151757006,0.0390235401957289,0.009556588447656248
275.3,1,0.27233354677921345,0.03719938856926004,0.27254987920155344,0.34086547770317455,0.035365353702650364,0.010480246694632855
275.40000000000003,1,0.27255133686337496,0.037341771818092936,0.2790101413734654,0.3336543817452614,0.03476024386252692,0.01153862168917109
275.5,1,0.2734406769397893,0.037469900517350614,0.2840489537153527,0.3175545028784367,0.03525654100896666,0.012751145991978468
275.6,1,0.276392591154995,0.03757280718437261,0.28743332106987923,0.28827419054832776,0.03592855126510818,0.014059223111657637
275.7,1,0.2841839230951643,0.03764467581541399,0.2895739850764075,0.2448893884554381,0.03625155328498829,0.015303440904266184
275.8,1,0.3009676705411859,0.03768462480552694,0.29130274626502756,0.19250257572664975,0.035887583599041095,0.01630368306492402
275.90000000000003,1,0.330592345840919,0.037694329347519304,0.2934844279922261,0.14097238301187928,0.03474538704304826,0.016950049575726822
276.0,1,0.3733099829383887,0.03767707372576038,0.296662362445115,0.09969710357068944,0.03300516515127706,0.017202636759586287
276.1,1,0.42351326111894344,0.03763748744657723,0.3008043475704941,0.07273679871938986,0.03093697811989878,0.017043635069185825
276.2,1,0.4716068768231526,0.037579666280432834,0.30529485249793226,0.05823284111683581,0.028665955271862685,0.016484030110003788
276.3,1,0.5093041945469099,0.03749952709192939,0.3092241792240828,0.05152497457300209,0.026164184884337503,0.01561276042436233
276.40000000000003,1,0.5337681195394189,0.03736375290169661,0.31168119325149374,0.04846778671755678,0.023464744362191082,0.014590374078825812
276.5,1,0.5473885438642125,0.03706326832392339,0.31166202815744193,0.04675422322124685,0.02079254519398849,0.013571566116835809
276.6,1,0.5546004182136348,0.03633956032694836,0.30766852851675003,0.04555480664223189,0.01840178540823947,0.012643125720833762
276.7,1,0.5590847803182217,0.03473834540470697,0.29772405205449004,0.044675096604533546,0.01628338065901563,0.011825952076343463
276.8,1,0.5629269291447115,0.03172388279223161,0.2805117775740692,0.04398174017748762,0.014094687276161736,0.011111497588407973
276.90000000000003,1,0.5671227384778521,0.027033375943611614,0.25710573549673915,0.04324202367652319,0.01144977963464083,0.010517445113727592
277.0,1,0.5721909674456723,0.021066928289564385,0.23144184696793796,0.042225857116583436,0.008325933211669266,0.010169750041001626
277.1,1,0.5782690167895477,0.014884723297803477,0.2084030186848726,0.04086281948567521,0.0051816736952915365,0.010350957961908819
277.2,1,0.5849712624684761,0.00965605040341509,0.19095478192476534,0.03928806605832011,0.002648616628351062,0.011406587861827626
277.3,1,0.5915139096215988,0.0059912402727109945,0.17888808412735263,0.03771200380965005,0.0011138183128585489,0.013503054002524256
277.40000000000003,1,0.5970999870041138,0.003733897411178827,0.16979115786965718,0.0362341174947152,0.0006066675334612874,0.01640536817741003
277.5,1,0.6012179754683886,0.002291446484466989,0.1606482459540639,0.03479925456180127,0.0010127041116873214,0.019488346530937464
277.6,1,0.60371699956282,0.0011085136347917658,0.1488222036320287,0.03331478023439897,0.0022816143168457384,0.022026211223328995
277.7,1,0.6047589959663383,0.0,0.132837171793377,0.03176279094275585,0.004391586457180945,0.0235636816552214
277.8,1,0.604701655003754,0.0,0.11337511367095,0.030210325466219635,0.007165152732523609,0.024094361405560545
277.90000000000003,1,0.6038787276147544,0.0,0.09342365195057858,0.028763344529810424,0.01018644664869853,0.023948930826655414
278.0,1,0.6022552218471758,0.0,0.07656319913273288,0.027514444384754005,0.012932844603231982,0.023544562347635106
278.1,1,0.5989002163557793,0.0,0.06459667279999562,0.026496797400859123,0.015008027830970348,0.023199542206980315
278.2,1,0.591234944948167,0.0,0.05678826190000647,0.02566439018809577,0.016288157354329515,0.023063212873475635
278.3,1,0.5745209656484481,0.0,0.05109127987068005,0.024916754354836493,0.01689724890103729,0.02310239198887788
278.40000000000003,1,0.5429546055512825,0.0,0.04572514661843889,0.024160442752524727,0.017061324553375074,0.023137754381678585
278.5,1,0.4933592766926249,0.0,0.039871194151646305,0.023364794906900306,0.01694375907618849,0.022968562103139283
278.6,1,0.4294757304189347,0.0,0.033654644391521445,0.022549178719071198,0.01655501614878703,0.022532323310749933
278.7,1,0.36217557801483063,0.0,0.02785311881982047,0.021689529533952458,0.01579755915060692,0.021952817918813945
278.8,1,0.303609730952957,0.0,0.02338594345731263,0.020634580389167597,0.014635486348505092,0.021421073457852654
278.90000000000003,1,0.25982645510812163,0.0,0.020737388850371588,0.019158923633057746,0.01326700829916635,0.021059144536271297
279.0,1,0.22845079665496787,0.0,0.01970545781654749,0.017170126668164525,0.012127395759401357,0.020966683990500425
279.1,1,0.20270380841004682,0.0,0.0196090223777302,0.014894895320336398,0.011675479052518803,0.02147221578394155
279.2,1,0.17721765440444062,0.0,0.019693054992441728,0.012810904587702454,0.012126942636271468,0.02340710754115419
279.3,1,0.15077026187253836,0.0,0.019437228517858382,0.011332076406121612,0.01334610703409058,0.028098462115920604
279.40000000000003,1,0.12489644919648524,0.0,0.018682420569471885,0.010578420393055813,0.014946406252616564,0.03677778718904452
279.5,1,0.1010387165428236,0.0,0.017617204359375926,0.010507464400380301,0.016492245625595855,0.049504328677397465
279.6,1,0.07935080942871157,0.0,0.01666157076011029,0.011227758908902095,0.017678363456188912,0.06445539695182131
279.7,1,0.059535758925254374,0.0,0.016283993807476114,0.013030232144960827,0.01841817402208206,0.07853506718577755
279.8,1,0.041848246784916984,0.0,0.016862221019591093,0.016004002150117522,0.018829349164331283,0.08906711234691028
279.90000000000003,1,0.027090776721374582,0.0,0.01877856080500998,0.019685279771930516,0.01915216557564723,0.09514508849157628
280.0,1,0.01608539526936933,0.0,0.022883363156963474,0.023220836295543355,0.01963998639579937,0.09760551985850582
280.1,1,0.009275624137213232,0.0,0.03108629933643126,0.02591084273358831,0.020436726671393395,0.09800343592371814
280.2,1,0.006491979217105048,0.0,0.04623386013881804,0.02756137250175263,0.021484264289249076,0.09763581147794438
280.3,1,0.006863577937407885,0.0,0.07046843666697712,0.02836919864120948,0.022546180050103636,0.09716964166772395
280.40000000000003,1,0.009046844526462875,0.0,0.10277443575216509,0.028591459662966327,0.02336223291079621,0.09675630982602003
280.5,1,0.011720973222656346,0.0,0.1381351043178783,0.02835402641743335,0.023808987336434315,0.09631104835911297
280.6,1,0.013998559175975167,0.0,0.16987514240712565,0.027679048062265756,0.023934093131798423,0.09575125546331144
280.7,1,0.01550350079108789,0.0,0.19344651564983928,0.026603279281808518,0.02387641497007945,0.09511690146769772
280.8,1,0.01620132382728198,0.0,0.20825923370050356,0.025260234173391266,0.023786096713985808,0.09456481975347852
280.90000000000003,1,0.016205605529604265,0.0,0.2164729704814042,0.023877830423812738,0.023804973580425947,0.09427322033152721
281.0,1,0.01566218776959577,0.0,0.22071777076678,0.022702350175749935,0.024065715758931492,0.09432863550983348
281.1,1,0.014681428738764496,0.0,0.22282486552004535,0.0218959679190269,0.024653163790037368,0.09467090352348134
281.2,1,0.013309245979291723,0.0,0.2237670572229196,0.02147478144501369,0.02553046419616497,0.0951263217802386
281.3,1,0.011586839327430475,0.0,0.22399441028749234,0.021333978527691796,0.0264780389257182,0.0954902051604221
281.40000000000003,1,0.00966660668618078,0.0,0.2237046677730964,0.02133982091251325,0.027101758824313357,0.09558647251013572
281.5,1,0.007818726726396498,0.0,0.22304348246084005,0.021409954291643767,0.026947641528865845,0.09526101943506354
281.6,1,0.006253134612176662,0.0,0.22222779390032182,0.02152221905456659,0.02568999874280761,0.09430167063684484
281.7,1,0.004944429772939341,0.0,0.2215102338682715,0.021668978179473882,0.023277796700988708,0.0922750959755676
281.8,1,0.0036849650330314375,0.0,0.22103739936560002,0.021814249940132237,0.019955144140972905,0.0883370903114514
281.90000000000003,1,0.002299424700235804,0.0,0.2208232883673069,0.02187716266501868,0.01620242043099126,0.08129620106781767
282.0,1,0.0007368622301526237,0.0005945953332468782,0.22101417610842072,0.021730278630194066,0.012681421686209447,0.07027420075556483
282.1,1,0.0,0.0024662504039184366,0.22239587796919938,0.021235324137984537,0.010159676079808335,0.05574292356861071
282.2,1,0.0,0.00661335720315781,0.22687508161551204,0.020369128985021717,0.00932666586032352,0.039941161323522927
282.3,1,0.0,0.01459676057951709,0.2374185000956066,0.019382459431943024,0.010507783900397671,0.02591757098506067
282.40000000000003,1,0.0,0.027452625889341012,0.2567790937077617,0.018773986846762916,0.013422410592595767,0.015841838130972702
282.5,1,0.0,0.0444989195041726,0.285079689144827,0.018981251134281202,0.01719166174160689,0.010064481013157973
282.6,1,0.0,0.0630175424512335,0.3180616267910194,0.020092604418350677,0.020699500063245353,0.007536323668342879
282.7,1,0.0,0.079526091821754,0.34831443233988507,0.022007666616058148,0.023138259832053008,0.006846603542867854
282.8,1,0.0,0.09171508799082623,0.36926167309963615,0.025070022626958132,0.024350462780003763,0.006927608073712702
282.90000000000003,1,0.0,0.09935325154000856,0.37867753284813865,0.0307957670275123,0.024720570815519663,0.007189410847847665
283.0,1,0.0,0.10364064026376904,0.3790103984958856,0.04245228872759551,0.024779348838909098,0.0073704319232681375
283.1,1,0.0,0.10601061241743136,0.3749846523441694,0.06525930165823929,0.024889857519959726,0.0073796411479301865
283.2,1,0.0,0.10745495028695314,0.3708591003941256,0.10519094005754892,0.025183066889286888,0.0072104256055154905
283.3,1,0.0,0.10849861724680185,0.36903164696154317,0.1652497959793269,0.025622533649712707,0.0068999614848321384
283.40000000000003,1,0.0,0.10938823675927684,0.37012001852542065,0.24091325009622078,0.02604688656640426,0.00651065009713982
283.5,1,0.0,0.11021564718335823,0.373748449669211,0.31969965555951413,0.026197563251890973,0.006127140357933351
283.6,1,0.0,0.11098053075846655,0.37923842226475035,0.3873050132311141,0.025807040108694713,0.005848370682123769
283.7,1,0.0,0.11165055110538083,0.3858674440925324,0.4355438799173702,0.024730819144807892,0.005757924642865682
283.8,1,0.0,0.11221055140728281,0.39290797931596544,0.4650144831644799,0.023031382004314968,0.005891380299387639
283.90000000000003,1,0.0,0.11267431720901834,0.3997784212659944,0.4814595881247074,0.020966110691918057,0.006222379637473971
284.0,1,0.0,0.11306621277650737,0.40620667419227074,0.49077248761215725,0.0188974059728887,0.006665990770659022
284.1,1,0.0,0.11340157459942686,0.4120876207821383,0.4967111397210546,0.017160100788296512,0.0071002441176184474
284.2,1,0.0,0.11368174120598064,0.4171741023838972,0.5011466570247158,0.015938607896527186,0.007412526909821561
284.3,1,0.0,0.11389677728499545,0.421050869753876,0.5049102642797154,0.015224856921296114,0.007551635550231655
284.40000000000003,1,0.0,0.11401722518081328,0.42340082573045745,0.5082961496357297,0.014876974738205323,0.007551035835675469
284.5,1,0.0,0.11394757296496544,0.42411891274679264,0.5113196522044975,0.01470823640095535,0.007511303110240575
284.6,1,0.0,0.11340010070535175,0.423008256353613,0.5139310215522912,0.014522272185736887,0.007550020188263127
284.7,1,0.0,0.1116745854141036,0.4192227840877517,0.5161550493219573,0.014095096365600548,0.007735001487460884
284.8,1,0.0,0.10748598688971032,0.4109228174689896,0.5181018130670761,0.013188109932367421,0.008035855693612523
284.90000000000003,1,0.0,0.09920835423847019,0.3958248800188214,0.5198960404934491,0.011656743596483379,0.00833626594151675
285.0,1,0.0,0.08581601210266088,0.37297472301938606,0.5216114529647051,0.009593618300638271,0.008508024899465005
285.1,1,0.0,0.0680774890081978,0.34466344407243876,0.5232411791691473,0.0073499337764226695,0.008490685182673841
285.2,1,0.0,0.048828930659098324,0.31634614222433666,0.5246737638437505,0.005369058818684045,0.008314244744164631
285.3,1,0.0,0.031665507003342974,0.2938812668377322,0.525614481899963,0.003968665065267667,0.008056939263545922
285.40000000000003,1,0.0,0.018998018676102096,0.28029231337664473,0.5253446131711871,0.0032580283272574274,0.007788345449800561
285.5,1,0.0,0.011138670842609215,0.2747646865540134,0.5221363740506375,0.0032165071555182445,0.00754287662026911
285.6,1,0.0,0.00689452397060718,0.2740809378964643,0.5123147249927502,0.003822607555677505,0.0073087363775197435
285.7,1,0.0,0.004710002642164181,0.2746705214526782,0.48976015153194186,0.005127862487205561,0.006997370308186874
285.8,1,0.0,0.003397465274463878,0.27388109974185293,0.44760075402572913,0.0072085265693093556,0.0064225669669774705
285.90000000000003,1,0.0,0.0023282233196598267,0.27030580535847454,0.3829161084215907,0.009998393570596913,0.005366408636164317
286.0,1,0.0,0.0013434616355275676,0.26350728550400215,0.3015472565756116,0.013163866364325639,0.003736604752200402
286.1,1,0.0,0.0005362623462169869,0.2536334265994744,0.21762240117374873,0.01623060028370538,0.001691311587336405
286.2,1,0.0,0.0,0.24139644899619614,0.14636166242493698,0.01891425091722238,0.0
286.3,1,0.0,0.0,0.22824362667924747,0.0959944777341481,0.021317954615241975,0.0
286.40000000000003,1,0.0,0.0,0.21602784758836094,0.06564672221955808,0.023772900098071804,0.0
286.5,1,0.0,0.0,0.20619140044733764,0.0493079414630686,0.026506314228704232,0.0
286.6,1,0.0,0.0,0.19936894088513415,0.04072093555389946,0.029473208761271786,0.0
286.7,1,0.0,0.0,0.19581110502562363,0.03568382214625266,0.0324269930541166,0.0
286.8,1,0.0,0.0,0.19594212368125735,0.032137501197451,0.03505940515255172,0.0
286.90000000000003,1,0.0,0.0,0.20028579170394972,0.029527284721850247,0.03710239358572116,0.0
287.0,1,0.0,0.0,0.20873149305187697,0.028084308654381555,0.03842398215148379,0.0
287.1,1,0.0,0.0,0.2197756691552458,0.028169799306777942,0.039114145087933934,0.0
287.2,1,0.0,0.0,0.23056520071974057,0.029866814778046893,0.03946925640503434,0.0
287.3,1,0.0,0.0,0.23795716149160337,0.03291516260824482,0.039847819181405585,0.0
287.40000000000003,1,0.0,0.0,0.2398407635880396,0.03683996622811877,0.04050363606850346,0.0
287.5,1,0.0,0.0,0.2358820453500621,0.04104610110059639,0.04150560477193528,0.0
287.6,1,0.0,0.0,0.2275628106666461,0.04483519195664869,0.04274962922404526,0.0
287.7,1,0.0,0.0,0.21768005852983124,0.04749901561049771,0.04402377765488167,0.0
287.8,1,0.0,0.0,0.2094848030413386,0.04857526638319831,0.045108260640749354,0.0
287.90000000000003,1,0.0,0.0,0.20603051735692662,0.04810665664737906,0.04586791565884053,0.0
288.0,1,0.0,0.0,0.21011911226612426,0.04664340233249981,0.04625884568785539,0.0
288.1,1,0.0,0.0,0.22401871686795274,0.04493593125153301,0.04623475158017151,0.0
288.2,1,0.0,0.0,0.24797952226819983,0.043561793742695594,0.04565696964559281,0.0
288.3,1,0.0,0.0,0.278655770789315,0.04277376573054845,0.044333720815220516,0.0
288.40000000000003,1,0.0,0.0,0.30987087051646134,0.04260625974056811,0.04219465947255383,0.0
288.5,1,0.0,0.0,0.3358843859948099,0.04303935251861437,0.039447474097721855,0.0
288.6,1,0.0,0.0,0.3541841745997762,0.04403830157024033,0.036527382556335745,0.0025717173467698596
288.7,1,0.0,0.0,0.36545360874617183,0.045477682863064764,0.03383009820726647,0.012060062464565948
288.8,1,0.0,0.0,0.3716980018619239,0.047086583151807054,0.031457914984693476,0.023440091251111447
288.90000000000003,1,0.0,0.0,0.37478799100728016,0.04850685157985225,0.029206666346483973,0.03454247190394293
289.0,1,0.0,0.0,0.376082298749158,0.04943181788290114,0.02676242527717177,0.04333931753252147
289.1,1,0.0,0.0,0.37643558145814,0.0497356938671528,0.02390140103916946,0.04898281447065684
289.2,1,0.0,0.0,0.3761350263403559,0.04953499110372321,0.020584652742130175,0.05188189260522428
289.3,1,0.0,0.0,0.37486814492322995,0.04915316057070406,0.016987219576161044,0.05301929125288492
289.40000000000003,1,0.0,0.0,0.37191321505029545,0.04897031467344335,0.013474699875163752,0.05328029564129713
289.5,1,0.0,0.0,0.3666510257367511,0.04920571487806799,0.01047035591912502,0.053212586818960184
289.6,1,0.0,0.0,0.3592267723867651,0.049776281565182684,0.008242997094297481,0.053096944840774436
289.7,1,0.0,0.0,0.3507861104988095,0.0503406327904774,0.006776348576872751,0.05307481426283435
289.8,1,0.0,0.0,0.3428914249671149,0.050460893886659176,0.005826247437778307,0.05322534948152964
289.90000000000003,1,0.0,0.0,0.3366121716122232,0.049737965392340905,0.005096239148103839,0.05359522308148536
290.0,1,0.0,0.0,0.33215124623396497,0.04791583534460103,0.0043903759467317244,0.05419273037345728
290.1,1,0.0,0.0012707759493616152,0.3291183434169597,0.04503607644983439,0.0036518919338948343,0.054956986950519655
290.2,1,0.0,0.0038049606436332266,0.32682321327034464,0.0415553452802465,0.002866535430899127,0.05574348120645904
290.3,1,0.0,0.00849647891420787,0.32410972511133085,0.03820787464837755,0.0019177142002377381,0.05636801090782707
290.40000000000003,1,0.00021380539406728595,0.017083895506422905,0.31874906288898314,0.03561277127319109,0.000585852130829454,0.05669373343833045
290.5,1,0.008223744893989186,0.03278136105519676,0.30683614015807964,0.03394119313317517,0.0,0.05669708261939506
290.6,1,0.018538471752006486,0.06091735099671211,0.2832182693051874,0.03292298577808937,0.0,0.056468455995307316
290.7,1,0.029914981016327283,0.10810172954049624,0.24404495060921477,0.03212950188186608,0.0,0.05616502454912504
290.8,1,0.040399641984141074,0.1783691596709784,0.19055999402305576,0.03124521694598621,0.0,0.055970519940907494
290.90000000000003,1,0.04837770542217797,0.26774840721778287,0.13055968770344503,0.030137240148037283,0.0,0.056101373100868865
291.0,1,0.05335612635003967,0.36275228601374715,0.07487904978504292,0.028772090816505797,0.0,0.056839492839211414
291.1,1,0.05587420576895984,0.4464974356758429,0.031407256898727,0.02715127028548038,0.0,0.058503383255229045
291.2,1,0.056855067868139805,0.5080810931096712,0.0020120048799415176,0.02534255645422507,0.0,0.06127831843402609
291.3,1,0.05703418643225195,0.546813557443383,0.0,0.023520625362128577,0.0,0.06499221096434675
291.40000000000003,1,0.05676719404324413,0.568826289879945,0.0,0.021924861138520612,0.0,0.06909521659604584
291.5,1,0.05617414114708152,0.5811620533477061,0.0,0.020778764220404065,0.0,0.0729570759602956
291.6,1,0.05546344623989469,0.5886051905152485,0.0,0.020259088003821077,0.0002899662445625861,0.07621178297964717
291.7,1,0.05522986887621707,0.5936941046136842,0.0,0.02048001417818555,0.0026794518457941502,0.07880725454272398
291.8,1,0.056557193624194424,0.5976952433719588,0.0,0.021389686675953555,0.005064657901898132,0.08080592736190328
291.90000000000003,1,0.0609177086400687,0.6012024126217143,0.0,0.02264032767233165,0.00747993530050518,0.08225198346058574
292.0,1,0.0698426736155083,0.6043997003242608,0.0,0.02366655877612633,0.010025512918838535,0.08322415305800417
292.1,1,0.08414227549257111,0.6072824895685133,0.0,0.02402234789114922,0.012704469898850193,0.08391246466093434
292.2,1,0.10282589073829897,0.6098352053565018,0.0,0.02365172045565073,0.015383529037560356,0.08457005553828177
292.3,1,0.12279541342605492,0.6120865781479062,0.0,0.022803868899854692,0.017857272119869035,0.08537196185682479
292.40000000000003,1,0.14019783172096237,0.6140791083038849,0.0,0.02176495111779727,0.01988950589643732,0.08631172023638041
292.5,1,0.1525244551761753,0.6158419149093979,0.0,0.02075977349801824,0.021214267311233048,0.08723114472543003
292.6,1,0.1595645209613556,0.6173897154825513,0.006952161447275248,0.020036354163457237,0.021604794447371962,0.08796351160976569
292.7,1,0.16269253506755904,0.6187000459096946,0.031370739044561606,0.019874714889744807,0.02104538097255295,0.08846536970261766
292.8,1,0.16361003693053394,0.6196089495287127,0.06875306694921127,0.02043006790096102,0.019849020401029066,0.0888234904569725
292.90000000000003,1,0.16356311901294365,0.6195417619931007,0.11643446817719753,0.021593939019519243,0.018544215571726516,0.08914956491801403
293.0,1,0.16314564048707939,0.6168996040732498,0.166083993127793,0.02305184163561111,0.01758873581714257,0.08947747357850495
293.1,1,0.16247000185373672,0.6079957627339786,0.20805448963697196,0.024490147211751852,0.017165014462789212,0.08974868223227715
293.2,1,0.16153517862966985,0.5862044253030674,0.23683926318713913,0.02574909503707414,0.017210262962261785,0.08985505553203676
293.3,1,0.16053083353202632,0.5431947108368315,0.25293764624436854,0.026801512783622496,0.017577142030164694,0.08962911557446093
293.40000000000003,1,0.1598382789927267,0.473737631898517,0.2604861010012995,0.027641094814644575,0.018129337318136863,0.08870606827074264
293.5,1,0.15979462502782457,0.3818039147089586,0.263818593555992,0.028233856853791685,0.018722315471946086,0.08633162612076775
293.6,1,0.16049627799940258,0.28187583935421784,0.2656529187040695,0.028560824666622103,0.019186737454405217,0.08138897854682352
293.7,1,0.1617951842330611,0.1921599564908863,0.26704879257351094,0.028657353768096416,0.01940764868055545,0.07294486313824498
293.8,1,0.16341974593123007,0.1247863609918999,0.26808651862793437,0.02858300806467634,0.019419788969608557,0.06116462176557759
293.90000000000003,1,0.16508925043825876,0.0815200771261396,0.2685654904363321,0.028356421730118226,0.019375816784166066,0.047774626688958606
294.0,1,0.1665608719212686,0.05700743592856639,0.26848403390970554,0.027919129535556118,0.01940489521700375,0.03534598453022751
294.1,1,0.16761111008502103,0.04428000850246896,0.26819540208975345,0.027142008079295465,0.01952614732487315,0.025845460611147612
294.2,1,0.1679495551252865,0.03781930619596762,0.2682367085855343,0.025865294368953597,0.019690839801604795,0.019753949576379933
294.3,1,0.1670235582940346,0.034107690582702514,0.2689966106905747,0.023994979033571708,0.019856752660366316,0.01636512418360489
294.40000000000003,1,0.1637253818736452,0.031322789094956865,0.2704758645639961,0.021638879804999584,0.019995563316691004,0.014632539290935442
294.5,1,0.15631469289966557,0.02883338148270215,0.27232512118383734,0.019139532277459695,0.020048313549370676,0.013735020710559664
294.6,1,0.14315927546834137,0.02656078641481707,0.2741257758043214,0.01689157431322135,0.019894397653063455,0.013199306145808106
294.7,1,0.12434243004727527,0.024481105522649513,0.2756604422608616,0.015093335476992473,0.019366674394595045,0.012830500348655606
294.8,1,0.10278817116056757,0.022500463285706044,0.2769203104460882,0.013696572189671519,0.018312712702755776,0.012613690038323877
294.90000000000003,1,0.08323198768296688,0.020565510899240812,0.2777841080668578,0.01255744480400637,0.01669195774153842,0.012613684166900814
295.0,1,0.06943292783106719,0.018732556098203918,0.27743464063831486,0.01154407608018374,0.014675734468056586,0.012901536997509476
295.1,1,0.06214048579282455,0.017093969484652614,0.27370834409829303,0.01048628346461778,0.012681280607941775,0.013578452258947302
295.2,1,0.059465258256631875,0.015674605209302802,0.26296591637732286,0.009122812801140205,0.01127883028153987,0.014986844593261503
295.3,1,0.05870967891686397,0.0144116002089581,0.24141358138611038,0.007214564343513362,0.010991243236046796,0.01815410562022426
295.40000000000003,1,0.057840005576851,0.013206905383214158,0.20799295217748975,0.0047563245986725,0.012086253560178445,0.025372195521451927
295.5,1,0.055972296897170315,0.011976492544921467,0.16688882527081922,0.002049058605712785,0.014457870303242143,0.04038796563591198
295.6,1,0.05327225959476308,0.010664587406860365,0.12686763026919323,0.0,0.01764406335412779,0.06718134970969891
295.7,1,0.050584365335034014,0.009262656399429326,0.09728942884491305,0.0,0.02099576007894802,0.10697589041648707
295.8,1,0.048821700104242874,0.007870672755822445,0.08403311158309326,0.0,0.02394570255109657,0.15551406921056724
295.90000000000003,1,0.048331487410780784,0.006756307288360203,0.08805256606257526,0.0,0.026216404863544457,0.20394115117123307
296.0,1,0.04867179252188036,0.0063015771931697615,0.10600548885850755,0.0,0.02781886124543099,0.24363434870732237
296.1,1,0.04897345127481093,0.006787374175917573,0.13154246624959762,0.0,0.028885199866163478,0.2708055144565834
296.2,1,0.04856281300587038,0.008146515489661887,0.15742627969906464,0.0,0.02951881000622822,0.28695147920800346
296.3,1,0.047397833710648526,0.009923655741017426,0.1784076925331378,0.0,0.02977495511026344,0.2959353692250635
296.40000000000003,1,0.0462295514106396,0.011527262797072403,0.19293062674884667,0.0,0.029744461619330694,0.30118882618668147
296.5,1,0.04662348108767573,0.012568605095574397,0.20224664431721512,0.0,0.029638185621521172,0.3047913787029923
296.6,1,0.0506600524917611,0.013008886246827263,0.20819486748316857,0.0,0.029753237544378856,0.3077298100459418
296.7,1,0.05992330492822972,0.013071546327002505,0.2118480500126066,0.0,0.03028798171044017,0.31031011075153203
296.8,1,0.07411997497605756,0.013108606817321117,0.21359762730537588,0.0,0.031159786891731964,0.31247633463595753
296.90000000000003,1,0.09065538458597713,0.013579897669270103,0.2137469644028402,0.0,0.03203806560986658,0.3141038108498619
297.0,1,0.1060024524304295,0.015089738497489553,0.21277537957331896,0.0,0.03259377001730871,0.31520208303145675
297.1,1,0.11783686304890756,0.01826298268794564,0.21121181838584827,0.0,0.032739037373520984,0.3159268999625303
297.2,1,0.12607497633089534,0.02334455233922254,0.20944141491825916,0.0,0.032677753287857485,0.3164551262584986
297.3,1,0.13229496091837287,0.029790928739394606,0.20765467997413198,0.0,0.032790215667599175,0.3168773349887922
297.40000000000003,1,0.13864324782796114,0.03635874666613338,0.2059159379100358,0.0,0.03344802358899929,0.3172014127318125
297.5,1,0.14738405453004388,0.041789284241285765,0.20426811912093615,0.0,0.034807045519338456,0.3174231572907061
297.6,1,0.1612297401038185,0.045501961550760264,0.2028290688405799,0.007191761268873296,0.03664989514587396,0.31754678848079493
297.7,1,0.18353725437399024,0.047690759254057344,0.20180849593279981,0.023545955883167897,0.0384146847158703,0.3174707605813618
297.8,1,0.21701849255756658,0.04890423250283953,0.20138806904372616,0.03891007003065341,0.03944776072041744,0.3167081342785577
297.90000000000003,1,0.2609298831815639,0.04963765340552176,0.20153697984047572,0.05087478842739376,0.039310524366543864,0.31391106606612645
298.0,1,0.30940223290567953,0.050244756919005276,0.20187965332648083,0.05876437683567433,0.03794343740579275,0.3063135604538326
298.1,1,0.3537637212164915,0.051099187537526444,0.20158136975011476,0.06333125446194907,0.03565413969390645,0.28973934502932414
298.2,1,0.38752005580110993,0.05286044346349907,0.1991111742956717,0.06575274960178706,0.032992546251332404,0.26025426725081585
298.3,1,0.4093295951061079,0.05678272024670954,0.19200221317087807,0.06693587385943801,0.030558160217529023,0.21743226846728048
298.40000000000003,1,0.42180832262216905,0.06504334774598702,0.17728775584796244,0.06741888602221116,0.02881204178455216,0.16666824140080883
298.5,1,0.42858915766728356,0.08085570277458666,0.15330617063628701,0.06753005448094884,0.028004738418249624,0.11742640882022626
298.6,1,0.4326135487819089,0.10762505527033182,0.12209646106168787,0.06749872996599124,0.02826321911079977,0.07805500102582695
298.7,1,0.4359309306736793,0.14655741007544312,0.08981526431328624,0.06748153598572278,0.02983542467172278,0.05170422597853888
298.8,1,0.4397993654565354,0.19406292663530203,0.06366330015255581,0.06756939497736084,0.033545591181498226,0.03647201301415979
298.90000000000003,1,0.44456645082018575,0.24207368898643933,0.047823900950168294,0.06780720237959745,0.04143785713146379,0.028295256063915357
299.0,1,0.44963569463795217,0.2822595578752928,0.04271973619661707,0.06821465810030111,0.057074812825684273,0.02349601360224937
299.1,1,0.45381119239408724,0.310583043126252,0.04814401323398416,0.06879195739841325,0.08439595733721894,0.019839208199281016
299.2,1,0.4559592426209797,0.32809022820012673,0.06602015134477204,0.06951795167755424,0.1247310847707336,0.016572449637995656
299.3,1,0.45566611957734243,0.33824690303647653,0.09892810687976732,0.070355906585348,0.17399740252878176,0.0139171673567392
299.40000000000003,1,0.45348585014168635,0.3442117838212554,0.14562385843005485,0.07126081511355976,0.22348475301470339,0.012303734883153413
299.5,1,0.450571730160528,0.3479518314180791,0.19868345181299493,0.072176810448788,0.26462822234469596,0.01179759235457333
299.6,1,0.44795971240392085,0.35053385411233867,0.24760286527790573,0.07302357311192581,0.2935594172085299,0.01203487489090031
299.7,1,0.44606290966967177,0.35249599930250053,0.2848539756827235,0.0736483525181256,0.31148224288953125,0.01252501398429598
299.8,1,0.44464021811027843,0.3540504242017711,0.3093045770344162,0.07370501590819424,0.3217762263377381,0.012950075245408805
299.90000000000003,1,0.44293737761977575,0.35525313322269325,0.32467331906806174,0.07251925731655445,0.3274134500222898,0.013240964796265686
300.0,1,0.4394726191633125,0.3561463792920153,0.3357508561881066,0.06916596384782664,0.33031395021048754,0.013468997106783256
300.1,1,0.43127974792467494,0.35680483698257054,0.3460622056156149,0.06295926459279014,0.3317192688399482,0.013698945367160304
300.2,1,0.41328830134729655,0.35730976218843263,0.35778795486425347,0.054147528715339587,0.33247584221013843,0.0139101430517623
300.3,1,0.3794534342344294,0.35772193108510075,0.3722903795945748,0.04414995918310592,0.3330769694791781,0.014007926869460187
300.40000000000003,1,0.3266201617092088,0.3580778531339303,0.3898267737362014,0.03489138772105292,0.3337039854606269,0.013889655158293537
300.5,1,0.25890988833999534,0.35838544285717205,0.40898912906059726,0.027714779337489993,0.33434725231193746,0.013518217315644105
300.6,1,0.18789257975758902,0.35858930974915887,0.4273130061574428,0.022841993841994042,0.33493467349600053,0.01295883475759245
300.7,1,0.12680200988686646,0.35847666752021906,0.44293242410871486,0.01969827664871821,0.33541803601365466,0.012340678452138872
300.8,1,0.0834505876191355,0.3574628337036039,0.4555094973669922,0.017554078813714766,0.33581668552684846,0.011751002980249572
300.90000000000003,1,0.05790230121954637,0.3541460075307903,0.4656498113464686,0.015922282156282476,0.33621400944977603,0.011138613498490846
301.0,1,0.04539392268368995,0.3456889264404539,0.473964450076319,0.014621724114606079,0.3366929315293206,0.010317417092008774
301.1,1,0.04029519742653688,0.32770378351813456,0.4808468569718135,0.013651494017616249,0.3372274795250834,0.009106813976858004
301.2,1,0.038135377332751255,0.2958646230743784,0.4866455448862698,0.013022678816793084,0.3375569353010523,0.007556006620139562
301.3,1,0.036007050516927416,0.24935747722460905,0.4916122019930723,0.012666540763364011,0.33698648090073385,0.0060880212217077935
301.40000000000003,1,0.0325339482332906,0.1934928090645213,0.49567197065467117,0.012452754455189126,0.3339667150237055,0.005366554141849754
301.5,1,0.02770371892465673,0.13805260449620158,0.49825765496543645,0.012251490441810982,0.3255216337069215,0.005880870558083341
301.6,1,0.022369162219280984,0.09192522184144267,0.4981456266246266,0.01197170873996077,0.30728791523869936,0.007550746604894417
301.7,1,0.017508621746367265,0.058868580458353754,0.4933426326622825,0.011565617927452525,0.2753620768953294,0.00970847822205356
301.8,1,0.013684608384480327,0.0376755732480789,0.4816074068513948,0.011015750974284982,0.22974809090116655,0.011496245684478075
301.90000000000003,1,0.011000863478921236,0.02497697143654254,0.46203356387584804,0.010318954715404248,0.17644995060860655,0.012371972991116495
302.0,1,0.009377887017543583,0.01744026484047843,0.43672461441011046,0.009479294486055776,0.12513748847484504,0.012391425925269891
302.1,1,0.008757732690906022,0.012569460466405807,0.41057879793591623,0.008529838143289432,0.0837340328202638,0.01215388066532103
302.2,1,0.00907965138850324,0.008914651980424505,0.3886554726280773,0.007589607257982013,0.05492053889327632,0.012485090140958522
302.3,1,0.01010833182435417,0.00600988294291136,0.3732763298570413,0.0068858103932647255,0.037027785361113105,0.014000740525147248
302.40000000000003,1,0.011281246539464478,0.003931837539808909,0.36329605884885047,0.006633701017848194,0.026888650501827146,0.01674826877229599
302.5,1,0.011803978806245768,0.002731034431892625,0.35537568931191593,0.006831600440006565,0.02162622018080131,0.020160585638959932
302.6,1,0.011088617993405575,0.0021772065148533905,0.34518747414452416,0.007221186018540633,0.019079867671754618,0.02340648070582554
302.7,1,0.009199000785577366,0.0019028302206452916,0.32759981542316763,0.007506123745387325,0.017831955080357547,0.025894389399522662
302.8,1,0.006804486933346144,0.0016621081637186984,0.29729768997787126,0.0075831132484197915,0.017142111160040045,0.02752107637583046
302.90000000000003,1,0.0046383928221819595,0.0014180389493395585,0.25153708665567076,0.007558361848337581,0.016708245932250093,0.028507115573254402
303.0,1,0.0029913502485217217,0.0012365106980683051,0.19366156872388762,0.007644797346478975,0.016404299292590293,0.029065159737462504
303.1,1,0.001661960425415519,0.001159745972458155,0.13328369016609024,0.008174012042855415,0.016174114123561137,0.029244792021468794
303.2,1,0.00029084024950898005,0.0011879773495019313,0.08148038007811247,0.009825101683340665,0.016020415818317923,0.02902732284284139
303.3,1,0.0,0.0013398313382625266,0.04493866267022107,0.014008194729116345,0.015955519858560745,0.028463112190383208
303.40000000000003,1,0.0,0.001679676362236058,0.02403081158701198,0.023068979885393952,0.015918660584170057,0.027663029812404424
303.5,1,0.0,0.0022612178785607496,0.014999205205817889,0.039630392387643994,0.01577616098915476,0.02669656331929315
303.6,1,0.0,0.003044179399897541,0.012953404401896466,0.06473073080596757,0.015430657160211924,0.02557552988155083
303.7,1,0.0,0.0038725303491981616,0.013711579419105776,0.0959488625380453,0.014922651261773345,0.024363453478825913
303.8,1,0.0,0.004541335262330145,0.014640158165547723,0.12774269736132102,0.01441290644924614,0.023263458663328896
303.90000000000003,1,0.0,0.004899846603249444,0.014779331473866425,0.15445655604874783,0.014063859944017479,0.02255214639537931
304.0,1,0.00019220113845647683,0.004914112882240825,0.01428951997779063,0.17338999611491987,0.013936379094965335,0.022400436672277858
304.1,1,0.004826423432644742,0.004654148384726859,0.013702374635865034,0.18522512958660126,0.013985049724789908,0.02273933200006229
304.2,1,0.009539238753948855,0.004232913344557132,0.013633829870120079,0.19219408881754388,0.014140963271103257,0.023283222138930457
304.3,1,0.013195000492788019,0.0037487502735655672,0.0150658434364413,0.19630570175237305,0.014506516847357915,0.023688922319573077
304.40000000000003,1,0.01519054550949692,0.0032569630046400087,0.019694472693482568,0.19882076662707512,0.01582223830606523,0.023732909096354626
304.5,1,0.015591786434022394,0.002766063649270572,0.029612889927319183,0.20046143741756628,0.02027930783570785,0.02338819965381851
304.6,1,0.014844963741975626,0.0022550497200965972,0.04597527652322515,0.20163002453314,0.032092458884199225,0.022749269649225863
304.7,1,0.013417614022430963,0.0017115102249675317,0.0674397527706416,0.20251087119937536,0.05647900219631998,0.021859222489911883
304.8,1,0.011623835523727996,0.001165853292600353,0.09009566549834971,0.2031746905542688,0.09633518585195255,0.02060112499845688
304.90000000000003,1,0.009670070646200632,0.0006812105872192628,0.10952333804680799,0.2036880128994089,0.1485751920820537,0.018795623176996453
305.0,1,0.007782620904784137,0.0002983375220554118,0.12328151745364875,0.20414784294882232,0.2039913546722204,0.01642941672851679
305.1,1,0.006221617634125614,0.0,0.13161493551856362,0.20463156011720268,0.2519561046950547,0.013751316239164873
305.2,1,0.005142662223966978,0.0,0.13631215846756264,0.20514238230149373,0.2862208196581524,0.011099695648029703
305.3,1,0.00447172053425351,0.0,0.13940656043664343,0.20562480187590443,0.3068963709619859,0.008644066717187478
305.40000000000003,1,0.003938538644339485,0.0,0.14284844112389225,0.2060283630563861,0.3179788692262429,0.006324960963894954
305.5,1,0.003232710089001617,0.0,0.14881395104760528,0.20632694008789318,0.32379304775079915,0.004035214425469346
305.6,1,0.0021619149919172923,0.0,0.15964591919551196,0.2064317438891062,0.3272010990363142,0.0018141367280900744
305.7,1,0.0007438551331323384,0.0,0.17677935897233188,0.20600674231023547,0.32962299491850566,0.0
305.8,1,0.0,0.0,0.1992251072361904,0.2042038025265128,0.3316117757648452,0.0
305.90000000000003,1,0.0,0.0004169031628581037,0.22332513005537702,0.19937616637861547,0.333271765249678,0.0
306.0,1,0.0,0.0017189570614837527,0.24466365485055275,0.18912170090201746,0.3345113364294281,0.0
306.1,1,0.0,0.003997412564289021,0.2605714047524884,0.17128228566729192,0.335242233992165,0.0
306.2,1,0.0,0.008001231935092912,0.2709282548916078,0.14584086678187713,0.3355008041125475,0.0
306.3,1,0.0,0.015064614572978119,0.2770812556865261,0.11612226849885209,0.3354449032932343,0.0
306.40000000000003,1,0.0,0.027672377467567705,0.2805173900030875,0.0875415504196138,0.3352655454501278,0.0
306.5,1,0.0023558873704181867,0.04969620458071207,0.2823391972324881,0.06457007044203956,0.3351053355435295,0.0
306.6,1,0.010589882040622622,0.08510121125899034,0.28327425622390184,0.04870341019434435,0.3350313448628788,0.0
306.7,1,0.0250539831041573,0.1347202014021696,0.28374049968275494,0.03891298647194398,0.335030830771765,0.0
306.8,1,0.04448906363051971,0.19336100492818722,0.28392096153150237,0.033309880588040734,0.33496481176781273,0.0
306.90000000000003,1,0.06493440193359602,0.25093968338096345,0.2839495152990107,0.03026446057350607,0.33441162811681446,0.0
307.0,1,0.08208779239419622,0.2979243676761681,0.28428326590407427,0.028671484994821837,0.3323021854681047,0.0
307.1,1,0.09378757797291389,0.3303404996945906,0.28625496218609636,0.02787356237849711,0.3263271119286293,0.0
307.20000000000005,1,0.10046962432616495,0.3500215076985734,0.2923030000670294,0.02752350589901528,0.3125750296842646,0.0
307.3,1,0.10387301004499784,0.36121087720898076,0.30495826726564806,0.02742267243330343,0.2865093824128857,0.0
307.40000000000003,1,0.10567048195596603,0.3675505613937008,0.3246826688987497,0.02739638789677555,0.24592613155100707,0.0
307.5,1,0.10693165378650049,0.37129760117162813,0.348575969688728,0.027261740035458015,0.1941966420441063,0.0
307.6,1,0.10822561430073196,0.37376037422461267,0.3718230863017567,0.026868060907272878,0.14028007787577268,0.0
307.70000000000005,1,0.109963510597538,0.37569635044187244,0.3907890600023965,0.026137944781618,0.09426082732221697,0.0
307.8,1,0.11277924619738028,0.3774572537244028,0.40466242863324847,0.025018976037470452,0.062017859761032475,0.0
307.90000000000003,1,0.11780433251636134,0.3791135429469676,0.41434364226343506,0.02335590135018486,0.04375528580595365,0.0
308.0,1,0.12682354636755472,0.3806220627500194,0.4203515282844397,0.02086896597635858,0.03669016659719986,0.0
308.1,1,0.14246316599119124,0.3819437792325495,0.42206123408255836,0.01739435239635201,0.038119643042272076,0.0
308.20000000000005,1,0.1680802454370979,0.3830714471696775,0.4186904545117152,0.013202838726703092,0.04606670333938098,0.0
308.3,1,0.20624270851806767,0.3840140133346812,0.41073274141164046,0.008997328553064746,0.05825765533065772,0.0
308.40000000000003,1,0.2557256193532238,0.38478784193507215,0.40035030768372565,0.005503001007963687,0.07170999917358299,0.0
308.5,1,0.30981634880859327,0.385409820760698,0.39031622993304305,0.0030421964033811736,0.08371200104810328,0.0
308.6,1,0.35896129140675587,0.38585976487454215,0.3825186351904796,0.0014772004148576408,0.09293686758754323,0.0
308.70000000000005,1,0.396231794006089,0.38598999781988086,0.3773932232014991,0.0004690757314994623,0.09943001826261542,0.0
308.8,1,0.420495610763959,0.38534026033659663,0.3744892980644901,0.0,0.10379050655142374,0.0
308.90000000000003,1,0.43489119959397854,0.38285055092286924,0.3732568484689339,0.0,0.10658321676526705,0.0
309.0,1,0.4432530371556459,0.3767488334180463,0.37337850112584553,0.0,0.10826142223143925,0.0
309.1,1,0.4480117473369356,0.36545070970017934,0.3747864247161495,0.0,0.10921524214725942,0.0
309.20000000000005,1,0.45028007259679803,0.3500388386052531,0.37773781171053983,0.0,0.10974006755618256,0.0
309.3,1,0.4507760399392876,0.33652880378550976,0.3830085614859888,0.0003591533658499741,0.11001565799946966,0.0
309.40000000000003,1,0.45036824650942275,0.33402554333244394,0.39182052085975055,0.003050348456340778,0.1101437883276824,0.0
309.5,1,0.44996186259083465,0.34808435372443547,0.4048986130826836,0.0071844042601794875,0.11018613822734363,0.0
309.6,1,0.4501086832862434,0.3753860811219349,0.42078032510934843,0.012535966876850477,0.11016793058549743,0.0
309.70000000000005,1,0.45083639228311795,0.4060711329497541,0.4350135547107421,0.019252426029175238,0.11007205084826155,0.0
309.8,1,0.4518351214550005,0.43133125462647987,0.44198532150450126,0.028708123830247467,0.10985673979361972,0.0
309.90000000000003,1,0.4527737047418762,0.4481814919382236,0.43856158850382815,0.04341081764785009,0.10949846815289573,0.0003999879434373703
310.0,1,0.4534855012507855,0.4582114681957561,0.42629741705908797,0.06533012695492278,0.10902361862729745,0.0008425388086661448
310.1,1,0.4539405191219427,0.46407271052529125,0.41013532252972384,0.0936136103543876,0.10848644073298881,0.0011803439288605526
310.20000000000005,1,0.45407869608271206,0.46762988354093826,0.395004942553352,0.12390135699781941,0.10788718484646939,0.0013738678045873234
310.3,1,0.45363901768652254,0.4699504101703889,0.3833999243195314,0.1504364105705688,0.10705497300743996,0.001473575246477877
310.40000000000003,1,0.4520291838602217,0.471677401935701,0.37540316050915107,0.1693779602467078,0.10550723090673933,0.001597642979585699
310.5,1,0.44805054671708505,0.4731713405914409,0.37013120042313613,0.18046469919724306,0.1023179937369648,0.0018656552721849169
310.6,1,0.43925603863846985,0.474574609972602,0.3668404607952519,0.18605078824933075,0.09619677173286216,0.002344181731040248
310.70000000000005,1,0.4213620463055411,0.47592376643019885,0.36509290135896827,0.1890047317179714,0.08608765024100033,0.0030169459732018837
310.8,1,0.38916571714937986,0.4772359563626454,0.3645536283625114,0.19128801281169178,0.072144236957106,0.003779766314716369
310.90000000000003,1,0.34000803574437,0.47851590335475974,0.36499175013203133,0.19370472627563687,0.05616190679911263,0.004479313364856258
311.0,1,0.2778037342864702,0.4797354865940076,0.36646813775877074,0.1962851565362869,0.040737231606395904,0.00498789233026456
311.1,1,0.21317976456609902,0.4808442435847341,0.36942175198211713,0.19873196216331868,0.027834126257481242,0.00526626600435339
311.20000000000005,1,0.1580610300910588,0.48179727907227715,0.37442854937679754,0.20073331310177686,0.018130827286519317,0.0053826243323731255
311.3,1,0.11910850101586293,0.4825385344659388,0.38161648127877573,0.20216013282033807,0.011405007288867855,0.00548888167944214
311.40000000000003,1,0.09576092969150507,0.4828702216064525,0.3901423686554763,0.2031417586881107,0.0070979491888661,0.005758026793862077
311.5,1,0.08333493698663139,0.4821132590504906,0.39835130779051225,0.20398829114798614,0.004553526163594136,0.006296569933535958
311.6,1,0.07702286274448812,0.4784371261863591,0.40457338842872487,0.20500700685819376,0.003132718102173301,0.00707916030530482
311.70000000000005,1,0.07367829200664733,0.4680190807284397,0.4075691221387013,0.20633709054451996,0.002350112621488293,0.007955797196227223
311.8,1,0.07162883110650439,0.4449892278452357,0.4059313678185834,0.20790115370549722,0.001919948469114453,0.00873457368664996
311.90000000000003,1,0.06999959130208759,0.4036556998331192,0.397290034820845,0.20947621359288532,0.0016905417662192166,0.009287116559194413
312.0,1,0.06831103237765357,0.34299339103557064,0.3790166855458385,0.21079419462874557,0.001576313157804437,0.00961053865148841
312.1,1,0.06633914968736733,0.270013714037487,0.350771949057124,0.2115326951939616,0.001529939908192838,0.009813020666481454
312.20000000000005,1,0.06398931344394944,0.19773069067256452,0.31669562878634216,0.211079890763918,0.0015287151362448502,0.010031275830912624
312.3,1,0.0610076567437352,0.13819262525762857,0.2844255336054525,0.20811121943238003,0.0015742630792463569,0.010325910761057261
312.40000000000003,1,0.05663686411359048,0.09657801134964317,0.2610279944625036,0.20034335446799784,0.0017120100997608737,0.01063866896986571
312.5,1,0.04965380946436205,0.07104821076064602,0.2492472867736451,0.1851164344612602,0.0020321891810945957,0.010868222172462702
312.6,1,0.03920743611804705,0.05666345351661865,0.24704581680746082,0.1610872683118983,0.0026057399660235334,0.010997071608320261
312.70000000000005,1,0.026209001887692547,0.04881551122451419,0.2500346651299877,0.13010400904364833,0.0033928225941443828,0.011122644685687027
312.8,1,0.01416581451774573,0.0443564577522579,0.2542994877052945,0.09751718710393943,0.004228586967474967,0.011343622335219131
312.90000000000003,1,0.008316133498710822,0.04145364610831251,0.25780007619000084,0.07026418255913897,0.004915297588221456,0.011620861579328406
313.0,1,0.013079076779939247,0.03923881690349472,0.26019659771068004,0.0541128313297079,0.005316048493902996,0.011764468084259558
313.1,1,0.029279893483384375,0.037442267929889785,0.2619670286740749,0.051851569091298934,0.005340963181323572,0.011569225119476842
313.20000000000005,1,0.0531552215475845,0.036038472949387244,0.2636609502192484,0.06273219562299437,0.004857681153372393,0.010986983507608595
313.3,1,0.07817213042737187,0.03511550513192024,0.26555756207065623,0.08267140360773081,0.0036756917631661145,0.010204658162834144
313.40000000000003,1,0.09853726223815945,0.03512302079321475,0.26759447912212475,0.10545419891032631,0.0017010822188082125,0.009565648379534525
313.5,1,0.11175079596097794,0.03736204070829189,0.26939834248688566,0.12519658962157088,0.0,0.009370316197244245
313.6,1,0.11855617522001567,0.04415206489181433,0.27028814536896134,0.13878147040381555,0.0,0.009685429467434616
313.70000000000005,1,0.12113353683613248,0.057924669394647445,0.26928882083379413,0.1464068200048313,0.0,0.01031008585607216
313.8,1,0.12146814988933644,0.07924655234207051,0.2655237753387391,0.15012014173372246,0.0,0.01092178494684261
313.90000000000003,1,0.12079825482838612,0.105344004768218,0.25911385748148213,0.15196688337015146,0.0,0.011268905788501597
314.0,1,0.11977574976364568,0.13112145169538209,0.2517192591643977,0.15309976830612007,0.0,0.011268108367703642
314.1,1,0.1187367129234439,0.15241702878556287,0.24571370470117299,0.15386293328270928,0.0,0.010986649531392617
314.20000000000005,1,0.1178512872790331,0.1685511199372867,0.24253657062604458,0.15422469729131824,0.0,0.010570942632615108
314.3,1,0.11718788650321184,0.18176727976667337,0.24192843836215228,0.15413184327008078,0.0,0.010184138453912864
314.40000000000003,1,0.11676175282003357,0.19447348340035556,0.2426587134296453,0.15366583056540772,0.0,0.010001888635291379
314.5,1,0.1165851267280491,0.20720900353436428,0.24365280877418513,0.1530249122603718,0.0,0.01026516095180603
314.6,1,0.11670686528171463,0.21892842451461383,0.24448978531361798,0.15242198339197563,0.0,0.011283598774553693
314.70000000000005,1,0.11722227672118762,0.22853754139869406,0.24540804278249345,0.15200156392349135,0.0,0.013268670050212473
314.8,1,0.11822422162587996,0.235771242948359,0.2472260675017286,0.15182342450527161,0.0,0.016073006696342436
314.90000000000003,1,0.11968552474472136,0.2409435313084714,0.2510393608011388,0.15189000002953046,0.0,0.019121890050462182
315.0,1,0.12134055467955565,0.244460921605572,0.2575562521529702,0.15216830634010617,0.0,0.021702073748903615
315.1,1,0.12267701057077621,0.24671970603559285,0.2664828845250079,0.1525793629390245,0.0,0.023380813210490257
315.20000000000005,1,0.12303092868445856,0.24816835298057383,0.2765311287212422,0.1529613189873795,0.0,0.02416764122083767
315.3,1,0.12159229194038243,0.24923270854748805,0.28619642517494737,0.15300462252701896,0.0,0.024328157074453863
315.40000000000003,1,0.11723808493354779,0.25018085028448733,0.2947605794317974,0.152103631614307,0.0,0.02410186607024531
315.5,1,0.10864717101087658,0.2511005492330893,0.3025604672130686,0.1491005853434303,0.0,0.023570154221970552
315.6,1,0.09545969818593633,0.2519806483916813,0.3101761794395543,0.1421765502167604,0.0,0.022708508580558603
315.70000000000005,1,0.08026147819542703,0.2527802029440726,0.31747300634286807,0.12945567532677854,0.0,0.021525339437136172
315.8,1,0.06931046948340151,0.25341500662487015,0.3236332492477695,0.11049303708453628,0.0,0.02016394377088728
315.90000000000003,1,0.0698298825143554,0.25367342343736077,0.32797916184947545,0.08757802902202841,0.0,0.018877617134158746
316.0,1,0.08497465480997426,0.25310329507779156,0.33044455518865096,0.06522698065868571,0.0,0.01790439849282134
316.1,1,0.11097105905941643,0.25093236719833245,0.33128239463950404,0.04776092599837926,0.0,0.01738230904796868
316.20000000000005,1,0.1395082129311755,0.24619765805156327,0.3306916630000409,0.03697816941340611,0.0,0.01739856771201485
316.3,1,0.16317732733494344,0.2382760892306954,0.32888712161335387,0.03183761789926021,0.002557437657102697,0.018092450192414525
316.40000000000003,1,0.17903392415180996,0.22755173730068273,0.32624390609726256,0.029934288124470756,0.005417666019438563,0.019643927017639368
316.5,1,0.18812636294630988,0.21534886006900192,0.3230807830314735,0.029152382939425497,0.008089148196200734,0.02209546782161384
316.6,1,0.19293052085939957,0.20264790387260567,0.31939440781788403,0.028405400692543558,0.010550564143035051,0.025165505125112043
316.70000000000005,1,0.1954413633121653,0.1886263623951254,0.31504264587415975,0.027494992336535556,0.013117726267802353,0.028278596076904874
316.8,1,0.1967430934949419,0.1708913835862032,0.3101844756896158,0.026615785495282422,0.016183925869956893,0.030833569442602106
316.90000000000003,1,0.1973343949286809,0.14779244350964388,0.3054017899253283,0.025941073642617617,0.01993781731563722,0.03246537098600633
317.0,1,0.19746271519321035,0.12070303034475424,0.3014061090792636,0.02546479690964939,0.02424078373194843,0.033064578765642325
317.1,1,0.1972569613226238,0.0937592840852868,0.2986510730239473,0.025056431034715596,0.028690054003601796,0.032606884522151415
317.20000000000005,1,0.19673986341885286,0.0712411408480062,0.2969810293220413,0.024585308982582824,0.032798771592427875,0.031067000758842934
317.3,1,0.19584983849342774,0.05541575624564931,0.29540967814012714,0.023996655352962293,0.03618459949417872,0.028570082836589773
317.40000000000003,1,0.19455958853629393,0.046803832797597165,0.2925103336585354,0.023300293459328086,0.0386731602892749,0.025586742237487987
317.5,1,0.19304467698442,0.04596428653873368,0.2876121422992031,0.022509856530336034,0.04029203961831748,0.02284043871172894
317.6,1,0.19172398656569123,0.05470118241715301,0.2817834435364544,0.021596672073111556,0.04119348479241528,0.02091301396013586
317.70000000000005,1,0.19104917600387206,0.07540313906477401,0.27722824105901434,0.020477622531277107,0.04156026298973984,0.019926258452934623
317.8,1,0.19116907558349203,0.10856266649661707,0.2753868060903714,0.01901989410494308,0.041544422589568676,0.019598706110005318
317.90000000000003,1,0.19176808767521902,0.15035606266830556,0.2757421656023531,0.01711162643700626,0.04126946971521881,0.019547838032691667
318.0,1,0.19221387222336797,0.1932884597359948,0.2765393898702895,0.014900249034816742,0.040874626448424115,0.019514185364597956
318.1,1,0.19176711191691975,0.23061024984022246,0.2763855444566569,0.013098883995257129,0.04053005096048466,0.01938122072184407
318.20000000000005,1,0.18949785162902608,0.26096111756608475,0.27505947708835493,0.012942178357155715,0.040371065589348665,0.019098315726564334
318.3,1,0.18402153966532542,0.28884969089385065,0.27316708404110795,0.015503771759143194,0.0403800811612854,0.018640750748518092
318.40000000000003,1,0.17388497576160508,0.3203894916937485,0.2714153418605065,0.020797257225626257,0.0403028997418748,0.018039453575571778
318.5,1,0.1592339321788817,0.3579280713061786,0.2701957711567923,0.027539651014896936,0.03967705663197207,0.017423214537956228
318.6,1,0.14354575976615683,0.39811252301129846,0.26957463658593234,0.03390764412117179,0.03800713236132019,0.01698781304623274
318.70000000000005,1,0.13272769664466874,0.4348431469161428,0.2694739962876817,0.038616122392040035,0.035054190766706274,0.016851108032500627
318.8,1,0.13105262390429523,0.46392104163554343,0.26986161982406837,0.041402769996225726,0.031085095931384397,0.016870291573655875
318.90000000000003,1,0.13768941007428198,0.48495182767001677,0.2708794527435578,0.04271784126660885,0.026846858406044935,0.016610945334473645
319.0,1,0.1476924623442327,0.49978717906965026,0.2728899027419739,0.043145531909383215,0.023187931520939585,0.01560023196145743
319.1,1,0.15620640424369484,0.5103644461129305,0.27641437008283065,0.043086865769076596,0.020581169489874186,0.01371898842305366
319.20000000000005,1,0.16138867702090595,0.5180189057474845,0.28190586885161073,0.04276710975702175,0.018917455357657435,0.011373029619195668
319.3,1,0.1640911434924423,0.5237613492057456,0.2893508227367396,0.04233435615236291,0.01767069728751134,0.009259476267384608
319.40000000000003,1,0.16605994316396716,0.5284199195164628,0.2979347885999638,0.04189194833412808,0.0162359657343648,0.00795023932616102
319.5,1,0.16876554646692038,0.5325161109911883,0.3061412091120089,0.04148684869527552,0.014220984889438765,0.007651791437890635
319.6,1,0.17318406312914322,0.5362087257922261,0.3123511009386498,0.04111773073850543,0.011594369116056656,0.008240715494840869
319.70000000000005,1,0.1797778234757708,0.5393798393254013,0.315564174947611,0.04076568514879792,0.008663405106055469,0.009410178540015725
319.8,1,0.18825771179688988,0.5417553647362038,0.3157621938860031,0.040418838147848385,0.005901368143127147,0.010794175714226749
319.90000000000003,1,0.1975194325618264,0.5430180690737764,0.3137017303868044,0.04008186023826425,0.003720161697121961,0.012101248425138607
320.0,1,0.20624947575795885,0.5428861103177332,0.31031718518323026,0.039776652294437075,0.0023215588790453834,0.013283141033334877
320.1,1,0.21384968594575895,0.5410693288895877,0.30621724691601665,0.03953281545026827,0.0017124123217707877,0.014599783393943591
320.20000000000005,1,0.22080926667623188,0.5371511892163147,0.3016633860030845,0.039363901462988266,0.0018612478860019644,0.016428015488663034
320.3,1,0.22834840531089406,0.530714435705076,0.2968833460524885,0.03923673601310258,0.0028485921481791053,0.0189192354113875
320.40000000000003,1,0.23797694802803762,0.5218313151397389,0.2922206985366524,0.039039222138526175,0.004823628527737824,0.021820196391924528
320.5,1,0.25123662898612603,0.5112611125486162,0.28796184291925153,0.03852844196381304,0.0077488712843269145,0.0246222958331137
320.6,1,0.2690583422449738,0.4994334868409584,0.28417339562868876,0.037251301797963564,0.01119074893841429,0.026883724431237314
320.70000000000005,1,0.29062985614615056,0.48447444387157995,0.2807829053903486,0.03452988942103593,0.014445099571441722,0.028456199104083136
320.8,1,0.3130765282296124,0.4611792289141463,0.27773737511134783,0.02970201325634054,0.016943586036758933,0.02948542189675514
320.90000000000003,1,0.3329639852528679,0.4230620438422144,0.275040164292357,0.022649162484557915,0.018562879712458923,0.030231897469946135
321.0,1,0.34827743787086246,0.36735850139820064,0.2726928147411167,0.014217698118021564,0.019568501846405045,0.03086003501424482
321.1,1,0.3587469861486726,0.29922864850881253,0.27063874261972803,0.006001711481713872,0.020316766046368683,0.031349521984494914
321.20000000000005,1,0.3647498675300612,0.2304624392447185,0.26875114863171734,0.0,0.021027940386145413,0.03158072707198009
321.3,1,0.36675837435046604,0.17277258605039592,0.26688375560293215,0.0,0.021768517315520375,0.031499383152307735
321.40000000000003,1,0.36581464021357324,0.1316493916980177,0.2649243758652303,0.0,0.022527742106711483,0.031206545838846553
321.5,1,0.36370389534970693,0.10580298894951655,0.26268630799385817,0.0,0.023244244130631343,0.030899338426311266
321.6,1,0.36217697843876656,0.09077024332817658,0.25964449838879644,0.002986840657774178,0.023799262358992195,0.030727279610425026
321.70000000000005,1,0.3620687293084391,0.08219274844816296,0.25492185346740603,0.01085977790321342,0.02408950703772281,0.030698150573132025
321.8,1,0.363131730651401,0.07693053708854244,0.24792305171926915,0.01943446848567986,0.024178234685997918,0.03069969657452526
321.90000000000003,1,0.36444881979922134,0.07300973140626271,0.23935776450826288,0.02693447348226332,0.02434038615054283,0.0305818870673657
322.0,1,0.364908281777077,0.06939603583817927,0.23191402918502282,0.03233238889255827,0.02485965299622466,0.030215991827628325
322.1,1,0.36352839664854697,0.06571080382406422,0.23015035925743918,0.0356542302830442,0.025735956105973457,0.029520572631581053
322.20000000000005,1,0.35975013549603346,0.06185860694125877,0.239469329520198,0.037544248257408624,0.026633748521837454,0.02849250997893297
322.3,1,0.35376784575199227,0.05771149283387384,0.26382295979857223,0.038656574606005814,0.027152357087764516,0.02723846516815934
322.40000000000003,1,0.34661199663213355,0.05302944982670344,0.30250540103820894,0.03937760676421633,0.02713158566794987,0.02594517379965974
322.5,1,0.3396351527574776,0.04768760569079837,0.34852008315576555,0.0398753854235734,0.02670009643237885,0.024756993096380027
322.6,1,0.3336252274112647,0.04197128728961655,0.3913085748973071,0.04022152218285866,0.026087302860625373,0.023634716383789587
322.70000000000005,1,0.3282214953261439,0.03651652539866435,0.42266834206446013,0.04045315755274998,0.02542600140317367,0.022327198964961992
322.8,1,0.32184691922611647,0.03186436900437726,0.44075029003184435,0.0405986727289818,0.024701372113919574,0.02051263917269719
322.90000000000003,1,0.31172910558224787,0.028134340184998795,0.44891706838983525,0.040697685875907816,0.023843585133270593,0.0180272190647651
323.0,1,0.2940259889062931,0.025149216236185958,0.4517358416848928,0.04080106276312246,0.02287595263055871,0.015028149948517986
323.1,1,0.26509183333260655,0.0227226999231473,0.4523104205701017,0.040952317464810824,0.021990580032377027,0.011978111794134137
323.20000000000005,1,0.22426596763728876,0.020735389539698525,0.452219233827424,0.04118420790020549,0.021442411714062515,0.009440875419774591
323.3,1,0.17597605642858405,0.019052561116706987,0.4524827508541753,0.04153358077972697,0.021318649549997258,0.007800093615345482
323.40000000000003,1,0.1281986652745975,0.01751016040120517,0.45406585897309226,0.042029960618661155,0.021419539277771918,0.007090336452050421
323.5,1,0.08795354743500906,0.015989036959455683,0.4576829428026388,0.04264531320911695,0.021394879489681596,0.0070552003975792345
323.6,1,0.05811622160787582,0.014463639957425146,0.4633282760571881,0.043262740807010695,0.020986422939036,0.007351683782278889
323.70000000000005,1,0.03797917946372995,0.012998565203484944,0.47011089209067675,0.04370515424398877,0.020125109215026707,0.007718479472968134
323.8,1,0.025524369217926737,0.011758792420154452,0.47677369519518065,0.0437709458399705,0.018839572958664008,0.00802099184940961
323.90000000000003,1,0.018652192778301917,0.011060030269276499,0.4825540575737126,0.043202263519395497,0.017146181862435213,0.00822161267375306
324.0,1,0.015224655797055255,0.011373908179391337,0.4875285195304993,0.04163457133156088,0.015069009917361542,0.0083493283618746
324.1,1,0.013111803532644583,0.013156173611938528,0.49215739627005206,0.038700965444435055,0.012760403830461812,0.008488301339427868
324.20000000000005,1,0.010654946155785088,0.016501923916084557,0.4966814135776714,0.0343545878334221,0.010565898869777015,0.008753340239356873
324.3,1,0.007179182329958527,0.020881383919538372,0.5009785087664368,0.02914854710111168,0.008918302183889774,0.009221172464429134
324.40000000000003,1,0.0031212171997209116,0.025268013838763953,0.5046892124628934,0.02409655494118859,0.008118456896641589,0.009852393016183097
324.5,1,0.0,0.02864846028821428,0.5070700116423769,0.020122072013057008,0.008186205836269732,0.010488497070483799
324.6,1,0.0,0.030516224324081524,0.5064192927366225,0.017578034274929735,0.008891864626063905,0.01094635109269443
324.70000000000005,1,0.0,0.03098068373839757,0.49957666070148155,0.01624531291136316,0.00990355450669147,0.011122551741027107
324.8,1,0.0,0.03051758730299346,0.48257442656747374,0.015691066190784413,0.010929818420980413,0.011010644584019213
324.90000000000003,1,0.0,0.029648983212018986,0.45314376448320987,0.01557335175920557,0.011807019671412415,0.010631307816522622
325.0,1,0.0,0.02875479172364946,0.41367431962945006,0.015692513575972608,0.012521909188856137,0.009953251566265474
325.1,1,0.0004981500910395611,0.028024746124706273,0.371425900824171,0.01591781999134317,0.013156393281257991,0.008878761525229586
325.20000000000005,1,0.0017389077784856195,0.02748568398483398,0.334750398243359,0.016154080274180884,0.013785592758326264,0.007317465958007098
325.3,1,0.0030712395002734597,0.027060377519144727,0.308471301208206,0.0163384116682847,0.01441668704613616,0.005302666970196892
325.40000000000003,1,0.004507808352309425,0.02663527657810806,0.2925023586371733,0.016406052384282978,0.015008649098086269,0.0030523859768954104
325.5,1,0.006094961034427106,0.026119107864471858,0.283898723148901,0.016275856194283983,0.015500563080263525,0.0009094992499992984
325.6,1,0.007927303931030947,0.025479415982319342,0.27932583114858217,0.015910831474936542,0.015787284368084162,0.0
325.70000000000005,1,0.010131162198894001,0.02474974533706113,0.27589582738273966,0.015372497786484501,0.015723934563083814,0.0
325.8,1,0.012855563613824887,0.024004876947238483,0.2707932419769579,0.01478307805227716,0.015246742975433655,0.0
325.90000000000003,1,0.01652936342702597,0.02331490858510828,0.2610513252093295,0.01426193981635221,0.0144947479144714,0.0
326.0,1,0.022696346147252557,0.02270594880585548,0.24440463932388856,0.01392435725912391,0.013748063908506936,0.0
326.1,1,0.035068317649566666,0.02215278485450862,0.22103783827935403,0.013884993407599792,0.013228479807373043,0.0
326.20000000000005,1,0.05933030831844433,0.021601540029564034,0.19458488535345017,0.014179322319056135,0.012990066147766818,0.0
326.3,1,0.1002820012409681,0.020991637047307842,0.17057108272204982,0.014668032104274724,0.012994424351272009,8.744992732656544e-05
326.40000000000003,1,0.15734768099999796,0.020240299252673864,0.1529791346875094,0.015060003448840403,0.013236774779288966,0.00154343841298393
326.5,1,0.22244584874384188,0.019190777873745887,0.14212614138115068,0.015062361214003414,0.013761591931944761,0.0031909108337564375
326.6,1,0.28335813692217177,0.017605427431689545,0.13571829304038543,0.01453600082566106,0.014561541042495485,0.004727163761453093
326.70000000000005,1,0.330490042715568,0.01533061361842739,0.13133675443563686,0.01355474331638045,0.015485792261517386,0.0058473777056500375
326.8,1,0.3612461786781137,0.012645817595652012,0.12771965900924054,0.012355398168514218,0.016262677563120134,0.006390814430831114
326.90000000000003,1,0.37895512955984295,0.010579433289340691,0.1245258401090645,0.011218017251311524,0.01661679629967572,0.0064104127568383835
327.0,1,0.38876218298670234,0.010924132463458943,0.12187668686865692,0.010337454292019125,0.016389986744011074,0.006123859534950129
327.1,1,0.3945710229113994,0.015852511758182933,0.12033054334312135,0.009746641137940116,0.015608889860534263,0.005788184961049253
327.20000000000005,1,0.39844361507626136,0.027098326714633192,0.12098413781944328,0.009312260159794975,0.014473265687714308,0.0056008169641826
327.3,1,0.40128780456662916,0.04477108103837274,0.1254286564755376,0.008797899096224446,0.013243778563796774,0.005691819219847788
327.40000000000003,1,0.4035322780794683,0.06651743016274039,0.13561094713005056,0.008012962862472618,0.012076318138341495,0.006166590219585095
327.5,1,0.4054481904843155,0.08818282426736257,0.15342065244241987,0.007024088780273721,0.010936349570780587,0.007106540924400619
327.6,1,0.4072501120535348,0.10596363428030693,0.1795563470582963,0.006250460937751202,0.009677960211093425,0.008496836717318887
327.70000000000005,1,0.4090777659071567,0.11826918257646926,0.21201212205890047,0.006241477956818859,0.00820787857555156,0.010158742563917321
327.8,1,0.41093591106401944,0.12574190317879108,0.24585563725957219,0.007241622246817771,0.006568152599272516,0.011791193073297134
327.90000000000003,1,0.41270254743659995,0.12993084992900128,0.2754847806793604,0.008959124769168355,0.004872311340665806,0.01311734735377599
328.0,1,0.4142362317574957,0.13216075511532013,0.29781298552387736,0.01078625368161338,0.00320509634829688,0.014005930914889617
328.1,1,0.41547942758450984,0.13325720878440073,0.31334081119631907,0.012227148464229893,0.0016249689616286227,0.014464419219230447
328.20000000000005,1,0.4164490040645982,0.1337235205845618,0.3243616069157059,0.0131227108286084,0.0002461317461473019,0.014551863927109682
328.3,1,0.41711795134221447,0.13389889590177298,0.3326566619175755,0.013571805192858997,0.0,0.014328672247792216
328.40000000000003,1,0.4172155789519333,0.13401220618912493,0.33886178564416936,0.01374107849087049,0.0,0.013873363099230401
328.5,1,0.4158325803199045,0.1342020246473985,0.34318225946493464,0.013740233989219868,0.0,0.01329599503022765
328.6,1,0.4106820636174629,0.13453291308178456,0.3459867330554172,0.013603825653307405,0.0,0.012693679805589973
328.70000000000005,1,0.3973598814291091,0.13500600986886893,0.34775481234150524,0.013341355302864039,0.0,0.012084530126540902
328.8,1,0.369816943874357,0.13557529760851397,0.34883577278915906,0.012987026667806684,0.0,0.011403388832250444
328.90000000000003,1,0.32329093680090026,0.13618162872712478,0.3493906252248473,0.012600648948811468,0.0,0.010588564648747039
329.0,1,0.2588056509429604,0.13679072258490743,0.3494688612244862,0.012236087237798787,0.0,0.009683288314369853
329.1,1,0.18540072065059116,0.13740090445435738,0.3491198458582167,0.011920697985423636,0.0,0.008836278002262209
329.20000000000005,1,0.11673162207753397,0.13800331509202482,0.34851352313299183,0.011653978306488007,0.0,0.008185779526683175
329.3,1,0.0638672802975915,0.138508912466696,0.3479574866818444,0.01140869934131312,0.0,0.007752841366188766
329.40000000000003,1,0.030323731077479016,0.13865045206731605,0.34770944443748003,0.011130314470014653,0.0,0.00746298240658684
329.5,1,0.012896137917780949,0.13782937441966236,0.3477197752846396,0.010745626190814112,0.0,0.007258330079366884
329.6,1,0.005910142931333292,0.1349273945672943,0.34753037820860627,0.010193903084809745,0.0,0.007168979091148647
329.70000000000005,1,0.004589242603301667,0.12833723133030608,0.3463134971764034,0.009471444271377156,0.0,0.007286240263284412
329.8,1,0.00612001002038586,0.11663448637280519,0.34278862167758267,0.008635454310815622,0.0,0.007682182372440508
329.90000000000003,1,0.009578987110990752,0.09981995899211087,0.334914331723548,0.007713339072928623,0.0,0.00833481065268741
330.0,1,0.015602359950816776,0.08006798527944312,0.3198362079836702,0.0065603657202095945,0.0,0.009099980759214166
330.1,1,0.025484526933111692,0.06087164279763563,0.2949716708894941,0.00482381083378005,0.0,0.009759543036990243
330.20000000000005,1,0.039579530571215354,0.04506778219671832,0.26027701418757626,0.0021631559326223955,0.0,0.010126085023358765
330.3,1,0.05619910353024207,0.03354189882219415,0.21985448666516622,0.0,0.0,0.010123496321394188
330.40000000000003,1,0.0724506700514808,0.02554881901227754,0.18062134376937955,0.0,0.0,0.009787468614017388
330.5,1,0.08651534661719963,0.01985284728218291,0.1484981923168373,0.0,0.0,0.009221775522883046
330.6,1,0.09892494450168843,0.015556739713014038,0.12554318383534951,0.0,0.0,0.008568851156906107
330.70000000000005,1,0.1114143848808033,0.01229821233963684,0.11040185508326379,0.0,0.0,0.007986873668292033
330.8,1,0.12483031068256414,0.010037380177922155,0.10069313027524866,0.0,0.0,0.007602233080054992
330.90000000000003,1,0.1384480138907897,0.008734783371184099,0.09461113816404008,0.0,0.0,0.0074634350591129845
331.0,1,0.1509259899171296,0.008171975798833256,0.09101166249140763,0.0,0.0,0.007542617799731671
331.1,1,0.16128047660434983,0.008001648330788317,0.08901793970589157,0.0,0.0,0.00777214136475574
331.20000000000005,1,0.16900176348743925,0.007906849616544422,0.08795602618724424,0.0,0.001538606522631852,0.008069531398803426
331.3,1,0.17390625971248513,0.007700642314614369,0.08763861602972489,0.0013998908948755755,0.0037913452041170165,0.008345151260924489
331.40000000000003,1,0.1762383492239331,0.007303727416098304,0.08882277447674422,0.004678800717966885,0.00625845318237716,0.008524164732134795
331.5,1,0.17672794186176033,0.006652270570514423,0.09365048231035233,0.010136419023742162,0.009146295563384744,0.008591807595054539
331.6,1,0.1763247674027558,0.0056427213513575766,0.10548154684898468,0.0177144049764007,0.01244759693825907,0.008628753654175154
331.70000000000005,1,0.17583774506154673,0.004182223502384638,0.12731756234692954,0.0263680575030195,0.015841022895563772,0.008787780835629005
331.8,1,0.1757921885596838,0.0023067257340512446,0.1591448189458255,0.03449896458346026,0.018890477383767156,0.009193882149269857
331.90000000000003,1,0.17652733510823554,0.00025092141504606065,0.19648739140686783,0.04087510376223653,0.021341896871624973,0.009828101449263233
332.0,1,0.17834875916464976,0.0,0.23231670890907805,0.045173831293860905,0.023224053591626312,0.010501749263121578
332.1,1,0.18155280572128618,0.0,0.26109098186599733,0.047757794764101955,0.024694546503031316,0.01094860115535718
332.20000000000005,1,0.18632868953261747,0.0,0.2811628698239066,0.049148383627914426,0.025843246299123306,0.01093947955398522
332.3,1,0.19274011247397174,0.0,0.2938641860403837,0.04975250584256434,0.026656181609462516,0.010330560821596044
332.40000000000003,1,0.200820897601823,0.0,0.30129977374528905,0.049873799261707596,0.02711622295672104,0.009070470770653274
332.5,1,0.21043594958332296,3.182947577262062e-05,0.3052413558750777,0.04975956828788551,0.02728554183836597,0.007228594984673531
332.6,1,0.22079022542268945,0.004300307145600098,0.3071908527977357,0.04958617382976763,0.027292037479098148,0.005029433767406882
332.70000000000005,1,0.23026980567149485,0.011441617661812448,0.30858744945907257,0.04945410545492832,0.027265019272469833,0.002823885962779327
332.8,1,0.23719336886953174,0.02167014068957912,0.3107978747774572,0.04943530201219021,0.02728887912349712,0.000981138249340031
332.90000000000003,1,0.24074170192812688,0.033844898270962445,0.3149206714883003,0.049618896131035484,0.027393636426077807,0.0
333.0,1,0.24094157512282505,0.04570694821410201,0.3213411200368927,0.05009348149714752,0.027566700625017128,0.0
333.1,1,0.23800987656019262,0.05509477981409779,0.329404139699128,0.050889412624425576,0.027773261140140674,0.0
333.20000000000005,1,0.2322654161433703,0.06110167648219623,0.3378323326555243,0.05196553669736285,0.02797401644182,0.00013325989893449397
333.3,1,0.22466623480464606,0.06420997878845622,0.3456218756421952,0.05326148085450464,0.02812006709471099,0.0009629085474188272
333.40000000000003,1,0.2168437027166014,0.06556095757888945,0.3524173188429655,0.05472175689213441,0.028129570025861254,0.0017183347156904333
333.5,1,0.2102584984291479,0.06619156256811864,0.35815722294496444,0.05622257379352885,0.027895962878965338,0.002286422798353203
333.6,1,0.2054559535338678,0.06671847963913854,0.36275148087608,0.057495979442373765,0.027349210577698953,0.0026964038492009747
333.70000000000005,1,0.20219140720671347,0.06737673585028911,0.3661669033177413,0.05817939426207033,0.02649615659568488,0.0030185469017187934
333.8,1,0.20000851164365185,0.06817055978745902,0.368476002832807,0.05792625718765889,0.02536483534075202,0.0032604279492162843
333.90000000000003,1,0.19856711703944363,0.06901281852222539,0.3694864081732771,0.05642454644706239,0.02392014820688826,0.003359657092202761
334.0,1,0.1976429501622634,0.0698139295245521,0.36815962627997373,0.053394058924464645,0.022096550800483762,0.003252262567123981
334.1,1,0.1970634368706965,0.07051190447348527,0.3623718601827146,0.04878186027449206,0.019946739126019998,0.0029179370315826907
334.20000000000005,1,0.19668168458180502,0.07106735796775332,0.34962016202688573,0.04306956571038239,0.017714622786564826,0.002366804621985664
334.3,1,0.19634701159035411,0.07146229801864994,0.32880519432884675,0.03725984914932987,0.01569752436686482,0.0016290173597722749
334.40000000000003,1,0.1958571994481857,0.07171296818267607,0.3019516352473186,0.03237842360783998,0.014027306992729294,0.0007869017477448746
334.5,1,0.19490424829524616,0.0718734490722643,0.27398932201751947,0.02893522833091938,0.012620670310543449,0.0
334.6,1,0.1929947474001395,0.07201021388262056,0.25031022200751885,0.026840456031321933,0.011350831991536926,0.0
334.70000000000005,1,0.18925764183074945,0.07215719752702737,0.23430921079433673,0.025715018218245844,0.010235211132422973,0.0
334.8,1,0.1820953096198025,0.07227319672479751,0.22691572289657766,0.02519491961832969,0.009440381685019374,0.0
334.90000000000003,1,0.1690503119076483,0.07219878139877087,0.22744000351784063,0.025029625657302827,0.009131299052403048,0.0
335.0,1,0.14773956036608912,0.07157727120302,0.23402123487725926,0.025052378288901028,0.009339173591848072,0.0
335.1,1,0.11803654664165139,0.06974175021491501,0.24368487397091132,0.025132419205092488,0.009956791607364998,0.0
335.20000000000005,1,0.08374881960635289,0.06572355165097545,0.2530788407884379,0.025137123394812923,0.010824581023415608,0.0
335.3,1,0.0514379159711165,0.05865131073826371,0.2598045326129907,0.02489912684155159,0.01180627111473192,0.0
335.40000000000003,1,0.026701379234480592,0.048530106106627,0.2633425383103001,0.024205173965349828,0.012794163046843322,0.0
335.5,1,0.011217552754372794,0.03678160193711286,0.26512379890016496,0.022850079075968876,0.013664430800710175,0.0
335.6,1,0.00294380888722309,0.025835121386216933,0.26765238478078796,0.020766435431749906,0.014246635776911046,0.0
335.70000000000005,1,0.0,0.01798922828277031,0.27268835159328236,0.018131423637414493,0.014350993759397848,0.0
335.8,1,0.0,0.014659885759286785,0.27972742452957183,0.015313901954399365,0.013851875680630395,0.0
335.90000000000003,1,0.0,0.016599052641529315,0.28653136997259326,0.012692781278472995,0.01279112057574595,0.0
336.0,1,0.0,0.024287697753328032,0.29122071861408694,0.010558451506517701,0.011428080434004236,0.0
336.1,1,0.0,0.03748275998290846,0.293531427992822,0.009204900541591182,0.010156573499659701,0.0
336.20000000000005,1,0.0,0.05431555440032234,0.29432808870990707,0.009048920488234403,0.00930594235926092,0.0
336.3,1,0.0,0.07141092846098471,0.2946544878546116,0.010547285911298295,0.008975841673336388,0.0
336.40000000000003,1,0.0,0.08547991281796039,0.29533748960570094,0.013883988639892271,0.009033794386008525,0.0
336.5,1,0.0,0.09498734786977871,0.2968841943084475,0.018658960637341793,0.009241499847603054,0.0
336.6,1,0.0,0.10039053880423691,0.299323947555079,0.023914303150853806,0.00939261877958986,0.0
336.70000000000005,1,0.0,0.10310368912975519,0.30219794074930684,0.02859392272692461,0.00939904613396048,0.0
336.8,1,0.0,0.10442744780043631,0.3048644110500143,0.03208593323558778,0.009309876643373759,0.0
336.90000000000003,1,0.0,0.10516420144316566,0.3068649258659089,0.03439085235701165,0.00926499286448306,0.0
337.0,1,0.0,0.10571757666285227,0.308010876839935,0.035872182493260595,0.009440114648288984,0.0
337.1,1,0.0,0.1062609606608026,0.30814850647621755,0.03692927210674601,0.010036859652565363,0.0
337.20000000000005,1,0.0029088441461676364,0.10684866840615491,0.3068342589325458,0.037840836331166035,0.011250740753425715,0.0
337.3,1,0.006865603896948766,0.10754166675728553,0.3032198297848727,0.03873897898366548,0.0131307495132062,0.0
337.40000000000003,1,0.010375533551179891,0.10861707338844798,0.2963972089158131,0.039620700181316436,0.015442307509700598,0.0
337.5,1,0.013837166522671928,0.11087447241239798,0.2861538041083681,0.04040999401305437,0.017744166636025387,0.0
337.6,1,0.018528218623058406,0.11603525267116337,0.27347890175021156,0.041058719028455495,0.019651013044740144,0.0
337.70000000000005,1,0.025775660275394126,0.12704399471147662,0.2600036606448335,0.04158435802961658,0.021008640959135287,0.0
337.8,1,0.03572006807787161,0.14755429565449044,0.24648677884046377,0.042014603090423895,0.021840215700872898,0.0
337.90000000000003,1,0.04679783592256469,0.17981667128208886,0.2315362356665918,0.04234296310849804,0.022214794004931395,0.0
338.0,1,0.05658400859997756,0.221826464497778,0.2117673792815122,0.042557759278513616,0.022209307702375305,0.0
338.1,1,0.06330485399297826,0.266673130960319,0.1838405705652837,0.042674498361339595,0.021929403638326718,0.0
338.20000000000005,1,0.06668685315363317,0.30588286040098106,0.1476191817204342,0.04271028164906065,0.021480493027202487,0.0
338.3,1,0.06770797881072713,0.33422331918194276,0.10810584008344988,0.0426567772440523,0.02090281555171039,0.0
338.40000000000003,1,0.06800475584517995,0.35160484137289333,0.07380349320696669,0.042528751629683934,0.020167614804454576,0.0
338.5,1,0.0697584734109823,0.3611224481614072,0.05219584635776594,0.04243169176783667,0.019260015753845235,0.0
338.6,1,0.07609167587717398,0.3661156671184345,0.04588770573632723,0.04248482423464413,0.018262510511310243,0.001201264851112019
338.70000000000005,1,0.09113432542691947,0.36879849654593744,0.05192737831131115,0.0425687466417917,0.017337861112111778,0.0026742122753894144
338.8,1,0.11856866295669548,0.3703941888579093,0.063939583636227,0.04216889693323872,0.016613814106260793,0.0036809794466069324
338.90000000000003,1,0.15863651744179755,0.3715684061740666,0.0753866987171199,0.04063889342148995,0.01609168982227847,0.004266211944141998
339.0,1,0.20607136693120132,0.3726295119101369,0.08229939245320633,0.037776486449922035,0.01568487617783435,0.004624623596147508
339.1,1,0.25191965241484215,0.37365032369325213,0.08417397661415067,0.03415557122212479,0.015337155088409554,0.004952099832035458
339.20000000000005,1,0.2885732213407479,0.37463089414111606,0.08286744994147326,0.03082736425706895,0.015076561259259038,0.005323193978076492
339.3,1,0.3135753861975464,0.37560192858362235,0.08072021430385683,0.02863943259274401,0.014950777159231383,0.005683719423459049
339.40000000000003,1,0.3291601836363097,0.3766089499716676,0.07934957627021962,0.027766345610854386,0.014914232605982259,0.005937965364272207
339.5,1,0.3391155258120841,0.37765936742818423,0.07954043228034442,0.027770349617720746,0.01473756735248498,0.006047170390229528
339.6,1,0.3463571156281663,0.3787154738730471,0.0816485598941054,0.028022138134407838,0.013978295665772387,0.006061531882893445
339.70000000000005,1,0.3524621733958879,0.3797202809291415,0.08575996416483829,0.028115322787067003,0.012100197499082999,0.00607504096628551
339.8,1,0.35818239842294325,0.3805958950472342,0.09143713967419655,0.028039966706830035,0.00880324357460155,0.006162432094494225
339.90000000000003,1,0.3638428311974428,0.3811649187487213,0.09759269383889761,0.02807303405270727,0.004374573048511077,0.006355856260716724
340.0,1,0.3694038012353195,0.38093485486296935,0.10297538760231867,0.028486562378745597,0.0,0.006658124400231149
340.1,1,0.37445347454260697,0.37863191799475066,0.10691289667294375,0.029299253197690334,0.0,0.007054050228906226
340.20000000000005,1,0.3783885154556649,0.37148786317296295,0.1095216916503638,0.03028476357388104,0.0,0.007501316647711025
340.3,1,0.3807961538173307,0.35487640771919965,0.11125453874468928,0.031205145669552424,0.0,0.007906932078546368
340.40000000000003,1,0.3817773337196241,0.32361147606349494,0.11240018776788904,0.03200923983876692,0.0,0.00810687568602654
340.5,1,0.3819314158063171,0.27552673349931944,0.11297565995252924,0.03280688142680223,0.0,0.007897040620442814
340.6,1,0.38204823704470076,0.21514155321070558,0.11287350872444872,0.033684693849707424,0.0,0.0071629173935116325
340.70000000000005,1,0.3827909524283633,0.15333337532061844,0.11198613759314896,0.03456522444565112,0.0,0.006040424701587119
340.8,1,0.38447721010830443,0.1019632185449353,0.11022266187901873,0.03523155348586194,0.0,0.004926870512948986
340.90000000000003,1,0.3868460524300464,0.0679864691044269,0.10742561413761473,0.03546654978834297,0.0,0.004264102997219278
341.0,1,0.3887767351762277,0.052318813901467004,0.1032533629742806,0.03516743684662712,0.0,0.004263752122668522
341.1,1,0.38801870332895594,0.05315846772486906,0.09727302697692505,0.03436746190620164,0.0,0.004812881689417307
341.20000000000005,1,0.38105982099965385,0.0688879194849645,0.08944208330386655,0.033208554244362934,0.0,0.005597706849902317
341.3,1,0.36374197827329996,0.09743973675493205,0.08060219467578317,0.03190854865445412,0.0,0.006289284060401743
341.40000000000003,1,0.33342919426834533,0.13400584838345417,0.07229663942585703,0.030707482331126804,0.0,0.006655357292830509
341.5,1,0.2919516188791371,0.1710150968051245,0.06588704554899216,0.02979568963346558,0.0,0.0065890468402724205
341.6,1,0.24640027669886924,0.2013540944777572,0.06179949813832817,0.02926287701463388,0.00015419280701082702,0.006105326498633805
341.70000000000005,1,0.20585429399533908,0.22175065607007916,0.05952505130739667,0.029070131824231075,0.00044127629717259566,0.005328415424794132
341.8,1,0.17636064406699076,0.23317227003142993,0.058106755274514706,0.02904002978237507,0.000716172533249612,0.004452536501146008
341.90000000000003,1,0.15857022214310337,0.23860549479599116,0.05650663054095773,0.02891634442258517,0.0008720217685567845,0.003669511547469896
342.0,1,0.1493780453399691,0.24080559035871474,0.05362417290320577,0.028500781513503208,0.0008217775521366366,0.003101683618098837
342.1,1,0.14497498356876162,0.241491180601006,0.048206747721010225,0.027745073818134482,0.0005844352201064263,0.0027833020575345918
342.20000000000005,1,0.14259048964932966,0.24155641096683086,0.039118827389307415,0.026698129538714775,0.00028020839574644223,0.002687461556145333
342.3,1,0.14063971785621282,0.24144247265698313,0.026150875280910337,0.02539233620856737,3.990136368132464e-05,0.0027646608540392937
342.40000000000003,1,0.1383824973424681,0.24135295809561189,0.010710420278380765,0.02382698580536138,0.0,0.0029689368143035913
342.5,1,0.13580816041362562,0.24136344098288273,0.0,0.02206256348049833,0.0,0.003265712991801952
342.6,1,0.1336991249845662,0.24148614102851568,0.0,0.020298445645110495,0.0,0.003627846641758365
342.70000000000005,1,0.13358988424224844,0.2416960829738297,0.0,0.01886448751016209,0.0,0.0040362033805808085
342.8,1,0.13757964425548144,0.24193725796333992,0.0,0.018222435200975776,0.0,0.004492709520538882
342.90000000000003,1,0.14814596791381726,0.24214032797441787,0.0,0.019133559718687937,0.0,0.005024262588141142
343.0,1,0.16767193881434939,0.24225622738120725,0.0,0.023026682752762824,0.0,0.0056467120951117266
343.1,1,0.19696919819587888,0.24227296570078896,0.0,0.03222420643353374,0.0,0.00630520171079635
343.20000000000005,1,0.23327450777711842,0.24218199711198526,0.0,0.04925992969339867,0.0,0.0068563315943659135
343.3,1,0.2701506266104711,0.24188340182959464,0.0,0.07495316830514716,0.0,0.00712132362350452
343.40000000000003,1,0.30069910582068066,0.24101266320082143,0.0,0.10658310717392604,0.0,0.006963778023875876
343.5,1,0.32150507074250095,0.23863036739871799,0.0,0.13844235667803834,0.0,0.006346298466174896
343.6,1,0.33350309828531,0.23281320770706967,0.0,0.1649911886973322,0.0,0.005363158077055311
343.70000000000005,1,0.33965590816712415,0.22059561902505667,0.0,0.18379524017248378,0.0,0.004233086531230921
343.8,1,0.3425169451733176,0.19908169097336254,0.0,0.1956879468177425,0.0,0.003219858615667984
343.90000000000003,1,0.3435508691689656,0.16779475939032718,0.0,0.2028231426731112,0.0013301464770504195,0.0025123096517240652
344.0,1,0.34354746641060724,0.1304491425457202,0.0,0.20700138931746695,0.0038125355596020463,0.002158920933147469
344.1,1,0.34301441836075514,0.093808493806131,0.029454734285034537,0.20931989955715274,0.006464574439039213,0.002104862677548865
344.20000000000005,1,0.3423075697407439,0.063979538930111,0.06705116239224591,0.2104990088241804,0.00904363819537529,0.0022748687483418015
344.3,1,0.3416647828191603,0.04343858573447116,0.10468546397137163,0.21111465938805485,0.01133497265805542,0.0026123509110380235
344.40000000000003,1,0.341211491811248,0.031119352721856043,0.13537191870430956,0.21161247204570519,0.013197753125378943,0.0030520055041143006
344.5,1,0.34095314482558364,0.024454414611624262,0.15597070893984702,0.21225887513730118,0.014540782309229039,0.003485756716434184
344.6,1,0.3408009738337649,0.021057232493450664,0.16758109731190182,0.2131159321567427,0.01532790980091603,0.003784275611332922
344.70000000000005,1,0.34064679222853056,0.019271554792482878,0.17326683057146777,0.21406466662264959,0.015621048680874824,0.0038564721899712025
344.8,1,0.34043145058216445,0.018101101507441358,0.17581137580970085,0.21489697043535047,0.015591635290683062,0.0036767278462718454
344.90000000000003,1,0.34013193626117944,0.016984485500286327,0.17699788518327106,0.21545174592257152,0.01547834633362408,0.0032609517210750003
345.0,1,0.3396526319880709,0.015582425410233955,0.17790487835559457,0.21571301983000657,0.015513643184156281,0.002644462442658221
345.1,1,0.3386781788467321,0.01369404756356643,0.17920179470013864,0.21579438371697016,0.01584307923189595,0.0018895064309583912
345.20000000000005,1,0.3365270942719018,0.011315392451646823,0.18111944801897764,0.21580954984546497,0.01646762399958694,0.0010760525552723703
345.3,1,0.33191900792852225,0.008681834846020833,0.18341189956847426,0.21569582978526866,0.01724684289022026,0.0002480822213676602
345.40000000000003,1,0.32257567077900107,0.006162495068633229,0.1856192280244354,0.21503485672010603,0.01797642663998913,0.0
345.5,1,0.30511255284908567,0.004060329554338062,0.18747759595150054,0.21282413528532898,0.018500316836847976,0.0
345.6,1,0.27633071303659995,0.0024828763745023876,0.1890753579513625,0.20721092348369322,0.018782000038520343,0.0
345.70000000000005,1,0.23608776112338403,0.0013633352318355662,0.19066632618924592,0.19559180746850488,0.018882326199845492,0.0
345.8,1,0.18934417445658397,0.0005673424879997429,0.19245059645403054,0.17575374647481992,0.01885530733250889,0.0
345.90000000000003,1,0.1444619583521193,0.0,0.19455137399019193,0.1478872288290822,0.018635496950984574,0.0
346.0,1,0.10865627115048018,0.0,0.19706081698946987,0.11569531350941872,0.01802279134900044,0.0
346.1,1,0.08502704409784867,0.0,0.199945218797734,0.08487596406482721,0.016819051318923986,0.0
346.20000000000005,1,0.07359248176508144,0.0,0.2028121934630425,0.059923752268976456,0.015016322054856094,0.0
346.3,1,0.07433770628538634,0.0,0.2046689684169797,0.04220311401652696,0.012841139977899428,0.0
346.40000000000003,1,0.08924824857726671,0.0,0.2037783080375365,0.030614003835843128,0.01059597118971334,0.0
346.5,1,0.12184631400241519,0.0,0.19786298803486893,0.023325097833956563,0.008451058510540425,0.0
346.6,1,0.1739281825259777,0.0,0.18508553119293475,0.018802104744075197,0.006349825837406185,0.0
346.70000000000005,1,0.24123429610897595,0.0,0.16565056505071327,0.01599042164269988,0.00407401379689804,0.0
346.8,1,0.3125030717548954,0.0,0.1426681661049212,0.01423108950659365,0.001455026500888335,0.0
346.90000000000003,1,0.37456077978924385,0.0007813470431908186,0.12090925637221091,0.013121262745734445,0.0,0.0
347.0,1,0.41947474642547883,0.0038389345003337198,0.1041342423251433,0.01236727316034655,0.0,0.0
347.1,1,0.4471680228235974,0.009712260344174864,0.0933456296339917,0.011775988028699893,0.0,0.0
347.20000000000005,1,0.4623534744809553,0.020736722449969467,0.08717709789445045,0.011362653227171665,0.0,0.0
347.3,1,0.4702566229158966,0.04023029090586521,0.08330427628735895,0.011381309875264848,0.0,0.0
347.40000000000003,1,0.474666327468936,0.07095976108285018,0.07931863669370497,0.01228964076078305,0.0,0.0
347.5,1,0.47796214312796864,0.11237048295651941,0.07292199219883552,0.014894361530491531,0.0,0.0
347.6,1,0.48146587896683724,0.1589624741191077,0.06236206551271662,0.020634928933887572,0.0,0.0
347.70000000000005,1,0.48557243208711387,0.20231813100212567,0.0476224320388998,0.03136548008972433,0.0,0.000871222356244842
347.8,1,0.48995613732047,0.2357565086762453,0.03159315057952169,0.04811158954509342,0.0,0.0019286119766403049
347.90000000000003,1,0.4940270673188674,0.25748129850649787,0.019654910278467278,0.06955614940333688,0.0,0.0030140573275847238
348.0,1,0.497400142322821,0.26983181026564823,0.017010834373667724,0.09199591027282104,0.0,0.004053724433462395
348.1,1,0.5000467778605125,0.27639998675519895,0.02532116410138869,0.1113361830011046,0.0,0.004837380547506619
348.20000000000005,1,0.5021333354703424,0.2799723469956918,0.041428811196633636,0.12536663213637503,0.0,0.005169972651969502
348.3,1,0.5038756620219922,0.282160281074741,0.059415039061391714,0.13426490683812564,0.0,0.005017222445878289
348.40000000000003,1,0.5055509081484753,0.2837910263492147,0.07425387898813461,0.13942138771737114,0.0,0.004530152497313477
348.5,1,0.507412147053112,0.2852405578654648,0.08413567696518601,0.14220030980179166,0.0,0.003969062307011155
348.6,1,0.5093453217753312,0.28660791701363947,0.09017397790125284,0.1435450098848372,0.0,0.003584384228372497
348.70000000000005,1,0.5104897987944966,0.28786047016098704,0.09452333095368562,0.1440913686261043,0.0,0.003500276243844267
348.8,1,0.5089489262791641,0.28895607407646523,0.0986731009748841,0.1442727946941903,0.0,0.0036622953030395543
348.90000000000003,1,0.5014082631404567,0.28989121236513754,0.1029220445446282,0.14434473263060416,0.0,0.0038926197963807087
349.0,1,0.48300498146512866,0.29068700776402384,0.1069219586584705,0.14443272656200298,0.0,0.004015379823932053
349.1,1,0.44886132908985155,0.2913678368156183,0.11043807302660777,0.14460140503819477,0.0,0.003961703197442473
349.20000000000005,1,0.39792132363622534,0.291957299222841,0.11358123962445045,0.14488415615772518,0.0,0.003796292593729316
349.3,1,0.33636565438214755,0.2924685894159118,0.11657663974416121,0.14527429038977507,0.0,0.0036685878083438273
349.40000000000003,1,0.27623264649634527,0.29285712081771154,0.11962308169278432,0.1457244136304769,0.0,0.0037231625188792875
349.5,1,0.22903960436869078,0.29290887108524516,0.12304808918325173,0.14617166018137842,0.0,0.004013302244116079
349.6,1,0.19983339398297445,0.2920028043183222,0.12751626118017104,0.14656226095812683,0.0,0.004461865108878231
349.70000000000005,1,0.1864362086454552,0.2886642423380772,0.13412262372824607,0.1468484129855298,0.0,0.004892878525737978
349.8,1,0.18293939316522786,0.2800785979836199,0.1443039900544983,0.1469455678208134,0.0,0.005116018466348401
349.90000000000003,1,0.18349467485784646,0.26232718714673187,0.15925185038347434,0.1466179724097115,0.0,0.0050109247364696725
350.0,1,0.18418098704802802,0.23227713052167426,0.17872842359141367,0.14523078700020312,0.0,0.004557848903943909
350.1,1,0.18315595537541582,0.19060907248402578,0.20027911673457863,0.14141607506506823,0.0,0.003798156901394034
350.20000000000005,1,0.18003656714281402,0.14326753372301856,0.22013275841762092,0.13302999290639353,0.001339921832411413,0.002764019725929441
350.3,1,0.17510837569465162,0.09900593263688912,0.23532968632398077,0.11800739645951067,0.004109183787792089,0.0014549726580887026
350.40000000000003,1,0.16857464439137804,0.06457971491819095,0.24501106088590544,0.09609952723532843,0.007654588758548887,0.0
350.5,1,0.1601271292953365,0.04184896351102166,0.24989127817030374,0.07011414061353265,0.011693411600134727,0.0
350.6,1,0.14926440167716104,0.028709912581827902,0.2511021744165499,0.04498336551092484,0.015572309965050065,0.0
350.70000000000005,1,0.13621666760125217,0.021765915060259215,0.2497374414680438,0.025000895010447992,0.018669629556743672,0.0
350.8,1,0.12243783166826777,0.01812129599747796,0.24694892124877146,0.011698168555488482,0.0207817047416715,0.0
350.90000000000003,1,0.10991058160215794,0.015857182945666362,0.24384893856046874,0.004050639901359484,0.02213627296005084,0.0
351.0,1,0.09995659883310784,0.013957621512835337,0.24115891277439017,0.00011994942854381237,0.023116458558446573,0.0
351.1,1,0.09281854818495879,0.012100812365691072,0.23905065056740366,0.0,0.02399639078631878,0.0
351.20000000000005,1,0.08819007355822513,0.010345409278155717,0.2373633988860147,0.0,0.024851167843787082,0.0
351.3,1,0.08585630757686812,0.008825812142649781,0.2359681633941798,0.0,0.02562004259248865,0.0
351.40000000000003,1,0.08593497931068024,0.007637480098794428,0.2349513954306795,0.0,0.026223201557688206,0.0
351.5,1,0.08888689352006886,0.006930911141515896,0.2345075438599265,0.0,0.02663479086300064,0.0
351.6,1,0.09536938108890415,0.007043229652234605,0.23473489674712897,0.0,0.02688400989648173,0.0
351.70000000000005,1,0.1056526406086231,0.008434024934941928,0.23554724100624305,0.0,0.027027052207863864,0.0
351.8,1,0.11872643521098533,0.011351920097874604,0.23667665175291785,0.0,0.02712516382216896,0.0
351.90000000000003,1,0.13202913797619575,0.015476619320111507,0.23768621794266445,0.0,0.0272239317013599,0.0
352.0,1,0.1424832505456754,0.019944964750056086,0.23801464730223715,0.0,0.027337253381077623,0.0010784619466314728
352.1,1,0.1481392876458795,0.023845614402833927,0.23697199094271212,0.0,0.02746099690184247,0.0026689605106329805
352.20000000000005,1,0.149040980555224,0.026743205527227858,0.23347048581327873,0.0,0.02760448098483103,0.00424539410120084
352.3,1,0.14678978776015617,0.028770709451537688,0.22562851082813887,0.0,0.02777810279000542,0.00596980977037927
352.40000000000003,1,0.1434081204204112,0.030326028018047,0.2110773858395422,0.0,0.027916794184244687,0.007847001871261753
352.5,1,0.14038349004175524,0.03173214157450583,0.1886315396942391,0.0,0.02782421917273293,0.009663524043445518
352.6,1,0.13839327390402004,0.03309104814129653,0.16029551034579376,0.0,0.027226636059047044,0.011153407030042476
352.70000000000005,1,0.1375953359818652,0.03433437875297555,0.13125878306872585,0.0,0.025894303252773164,0.012203316955844968
352.8,1,0.1379889893267492,0.03536976350389416,0.10712178162673583,0.0,0.023739897946005353,0.01290564540024133
352.90000000000003,1,0.13954689228202638,0.03619306552508675,0.09072913917836027,0.0,0.020909512364988902,0.013446852992691315
353.0,1,0.1422607385900569,0.0368892417035308,0.08140624390554442,0.0,0.017866417638627334,0.013953477409939295
353.1,1,0.1463626097443514,0.03756480851444399,0.07659337367670938,0.0,0.01529321317721897,0.014421887008731994
353.20000000000005,1,0.15267961873809882,0.038323519264780864,0.07380554688406772,0.0,0.013722786449606058,0.01477218937692085
353.3,1,0.16263373878008977,0.039351111503073855,0.0715353048712243,0.0,0.013186421777185448,0.014956538355088431
353.40000000000003,1,0.17735320224015022,0.04112557468353297,0.06917690887689142,0.0026589544735394137,0.013244100254946184,0.015010104368961656
353.5,1,0.19623130482185383,0.04475759999540947,0.06648807891640558,0.007922846794025721,0.013357436029218142,0.015011763612953552
353.6,1,0.21637408711060352,0.052467447631870445,0.06295884561760146,0.013659738515321462,0.013254799737685865,0.015022748249246086
353.70000000000005,1,0.23394482967284919,0.06805924094628923,0.05750451888016027,0.01889134498764022,0.013052626098774577,0.015067881824932005
353.8,1,0.24637030897231585,0.09665371678263353,0.04891814639787402,0.023106571433016435,0.013124789320275948,0.015146096031489949
353.90000000000003,1,0.25332314803607986,0.14242909456393046,0.03694763363992839,0.026346297928050672,0.0138148256352314,0.015221310449617949
354.0,1,0.25584817151816835,0.20455296688826594,0.02300683306282876,0.028868512686035082,0.01516275362813283,0.015184901888385019
354.1,1,0.2549600931912347,0.27476291892014987,0.009598016194626784,0.030864356774551807,0.01685032825333847,0.014838560058336142
354.20000000000005,1,0.25115648137799124,0.3404266384904776,0.0,0.03243414403684357,0.018408357406524568,0.013956085148939696
354.3,1,0.24493451045189457,0.39156739586341477,0.0,0.0336629893312112,0.019495409321358594,0.012421686438250723
354.40000000000003,1,0.23734615502613832,0.42552763462824367,0.0,0.0346373157772765,0.02002244577509887,0.01035147431316499
354.5,1,0.2298205975750131,0.4456962924384532,0.0,0.03542266967347273,0.02007167675166483,0.008077328328311399
354.6,1,0.22348976506775187,0.45716423796791095,0.0,0.036074643873123584,0.019722896338125823,0.005971783853644054
354.70000000000005,1,0.2187946819043914,0.4638201582196326,0.0,0.036688257443644644,0.018938668854707928,0.004251587572589203
354.8,1,0.2156346014363355,0.46798044110724263,0.0,0.03743080021220489,0.01760320578340935,0.0029356209917401296
354.90000000000003,1,0.21367494354211197,0.47098341431458685,0.0,0.038500680792844987,0.015694758087231392,0.0019703273015722975
355.0,1,0.21250915028944742,0.4735644008523266,0.0,0.040011669141802965,0.01344082402336299,0.0013539000948149182
355.1,1,0.21172009623442367,0.4760043929161202,0.0,0.041888872710953234,0.011284092638806413,0.0011169884330074283
355.20000000000005,1,0.21092420773905102,0.47830938266475875,0.0,0.04389191154336755,0.009655353763926415,0.0012046244772564835
355.3,1,0.20978666059351594,0.48040645302081636,0.0,0.045773987232769334,0.008751321918559091,0.0014125323406314926
355.40000000000003,1,0.2080060577120044,0.482243957313029,0.0,0.047428366987752955,0.008502985338330594,0.0014640194251833588
355.5,1,0.2052571380219483,0.48379878360330075,0.0,0.048873737019292374,0.008716746036503728,0.001176539827112739
355.6,1,0.20097255089704438,0.48506700411332,0.0,0.05011397206547346,0.009237458123823398,0.0005817821905056233
355.70000000000005,1,0.1938853703322974,0.4860685151672594,0.0,0.05103281238973687,0.010016157329544619,0.0
355.8,1,0.1817066178928358,0.4868293546675032,0.0,0.05140905429912769,0.011042518152854234,0.0
355.90000000000003,1,0.1618358944746897,0.4872963368616997,0.0,0.05103068456451314,0.012193965956498319,0.0
356.0,1,0.13345798048131774,0.4871419438453316,0.010286735390291825,0.04985970999480733,0.013178087331347342,0.0
356.1,1,0.09952166970955835,0.4853533122379592,0.029087621564474357,0.04814501520254422,0.013704859439015588,0.0
356.20000000000005,1,0.06619722967998817,0.47948291312764363,0.04542585580791639,0.046341776544282745,0.013734351643901082,0.0
356.3,1,0.039585348503516395,0.46489079276112016,0.0574341443224298,0.0448552369599886,0.013495397717645146,0.0
356.40000000000003,1,0.02257312574014298,0.4352818761957178,0.06526887766217437,0.04383295682273577,0.013246343211646736,0.0
356.5,1,0.014648854110974961,0.38598046381984963,0.0701690842520592,0.04316936456281044,0.013065969060146914,0.0
356.6,1,0.014401775286909248,0.31881136910201713,0.07333705975440089,0.04265577724257011,0.01288210120005161,0.0
356.70000000000005,1,0.022299400971364063,0.2439771438495795,0.07552120649641073,0.042127402404206094,0.012652713780693967,0.0
356.8,1,0.0415374417180157,0.17549491566198197,0.07711542225600079,0.041541573189160234,0.012500268742696358,0.0
356.90000000000003,1,0.07586990042553622,0.12337375911916236,0.07830816297350227,0.040985855347510924,0.012684264957197546,0.0
357.0,1,0.12528422949384968,0.08956149086274245,0.07916232444096155,0.04061872646077884,0.013420695147271199,0.0
357.1,1,0.18311915390018538,0.07013214515063589,0.07970270286855008,0.04055356838266297,0.01467903582673296,0.0
357.20000000000005,1,0.23828956229952494,0.05974976505324003,0.08001683177982216,0.0407288604890437,0.01614358250511599,3.355433935463529e-05
357.3,1,0.2815104570622883,0.05424541764859175,0.0803241241610918,0.04084179602015217,0.017399145200443118,0.0016517190110476164
357.40000000000003,1,0.30990247842034624,0.05098882130715561,0.08100319077285295,0.04042830106821772,0.01818379083471008,0.004265617277877709
357.5,1,0.326307967603344,0.048531478827976586,0.08255275820743309,0.03910492437147157,0.01849896357537074,0.00748180846375524
357.6,1,0.3353649755535291,0.046234571156098914,0.08542208864305031,0.03684036398672552,0.018524175434916253,0.010575477783415705
357.70000000000005,1,0.34051297577396766,0.04390196004532556,0.0898206236574621,0.03402405388082864,0.018443077013779223,0.012942225909542202
357.8,1,0.34347465250584336,0.041495243856707935,0.09593723715682909,0.031226803847860165,0.01831240154966797,0.014425613152456784
357.90000000000003,1,0.3450410128162792,0.03905068426624045,0.1049469032176053,0.028837843049127152,0.018044404919851768,0.015277160768767267
358.0,1,0.3457908460053278,0.03673389203739192,0.12040299529352072,0.02686642209489781,0.017500415402348108,0.015870278134735606
358.1,1,0.34633737541487575,0.034897186867835814,0.1484605831860471,0.024978048797820465,0.01661921439505142,0.016446341577315213
358.20000000000005,1,0.34724820531672834,0.03409247061415607,0.19512080515452931,0.02263477346345384,0.015470397283535595,0.017044858623741506
358.3,1,0.3488571783127114,0.035196781709853076,0.2609433238430434,0.019291263910763183,0.01420175273288793,0.017587331042616988
358.40000000000003,1,0.351143211836812,0.039938733488532524,0.33756418399488625,0.014694334986834163,0.012971766531901987,0.018000876408895347
358.5,1,0.3537861768183132,0.05205893642006347,0.4107101196914102,0.00915694711368502,0.011943559337498128,0.018280085962041264
358.6,1,0.35637580205762365,0.07880186974799441,0.4683502034233866,0.0035077856293831266,0.01128344916323185,0.018458933609639197
358.70000000000005,1,0.3586177227119045,0.13103373546447555,0.506801898276256,0.0,0.011082294549047458,0.018547404226596675
358.8,1,0.3603911558014472,0.2191714449763353,0.5300004789194077,0.0,0.01125066682942949,0.01850760680816804
358.90000000000003,1,0.3616522653957275,0.34467721779019667,0.5444427333068953,0.0,0.011523757904374437,0.01829053523296645
359.0,1,0.3622323328989275,0.49339268970201106,0.5552199653888159,0.0,0.011616482890522476,0.017892333918437038
359.1,1,0.36144712281779035,0.6392411389312916,0.5653228684549817,0.0,0.01140147209367858,0.017374885192282103
359.20000000000005,1,0.3573634645513728,0.7579412400924455,0.5765947346313007,0.0,0.010941396981276719,0.01683239970243565
359.3,1,0.34600493424734236,0.8392688368112997,0.590117362037072,0.0,0.010352701114660332,0.01633672688610054
359.40000000000003,1,0.32165929757599326,0.8879246266879856,0.6056756990857389,0.0,0.009651839811537477,0.01590659733874518
359.5,1,0.27961993999035667,0.9152473342835048,0.6216631489184165,0.0,0.008747625489912062,0.015503142541902656
359.6,1,0.22062045778802525,0.9311494142773631,0.6363022044768055,0.0,0.007586590355988959,0.015015820079455634
359.70000000000005,1,0.15312966594068236,0.9414865365867742,0.6490573850412883,0.0001621340076756165,0.0062930050983870875,0.014235934122361541
359.8,1,0.09006573156221177,0.9491638443732764,0.6606205407538511,0.00027841107241362496,0.005146682773844346,0.012890145648933631
359.90000000000003,1,0.04182995618054886,0.9556175082183388,0.6716775216049938,0.0004018778024995221,0.004416271891326304,0.010805750398990765
360.0,1,0.011712647189913702,0.9614901633384066,0.6820699484477392,0.0013815252182103209,0.0042062101081854235,0.008131653849156826
360.1,1,0.0,0.9669335154937987,0.6911106431777536,0.004034525630996408,0.004423343888308757,0.005384568509788476
360.20000000000005,1,0.0,0.9719046957422878,0.6982981500677081,0.008780739911479266,0.004837304945246051,0.0031867252782739365
360.3,1,0.0,0.9763796969484018,0.7034634762854108,0.015255973262958652,0.005176534452937085,0.0018770941958375605
360.4,1,0.0,0.9803926558243183,0.7061874054201107,0.022276305027635973,0.005240113713476074,0.0013286656519759384
360.5,1,0.001921084873031418,0.9839841894429044,0.70494318795251,0.028382091661359785,0.0049923510297322955,0.0010970531809917992
360.6,1,0.005451515353536517,0.9871708404465327,0.6966324459219169,0.032620881097472174,0.0045698397226246485,0.000730834949444844
360.7000000000001,1,0.007491823621551077,0.9899365078493929,0.6773858751168138,0.034930201571980284,0.004178406440809747,0.0
360.8,1,0.007977343321953708,0.992166754011542,0.6451421158395692,0.035884406913555274,0.00395882334075745,0.0
360.9,1,0.00722629102766809,0.9934186062585629,0.6026753195791997,0.03616658758354857,0.003919191195141204,0.0
361.0,1,0.00577791683099054,0.9923189483955649,0.5579712378663106,0.036240006547938866,0.003952075088556131,0.0
361.1,1,0.004187375363554158,0.9852744496122265,0.5204627468829714,0.03635039609318547,0.00389421107059076,0.0
361.2000000000001,1,0.002807031420685378,0.9647030105740813,0.49588990822168133,0.03665529522536847,0.0035996266756443364,0.0
361.3,1,0.0017081101940658908,0.9186477087196623,0.48403619521060726,0.03724759829933109,0.0030157944110379992,0.0
361.4,1,0.0007838014223715718,0.8348855978524448,0.4803301332681921,0.038071341691730494,0.0022312830574704803,0.0
361.5,1,0.0,0.7099599255855834,0.47879111473450986,0.03891195212315581,0.001453115099093796,0.0
361.6,1,0.0,0.5568626866506882,0.4738267017150321,0.03954216362062469,0.0009188905841863085,0.0
361.7000000000001,1,0.0,0.4023568632408995,0.46073886836610484,0.03988496563949336,0.0007981042342895234,0.0
361.8,1,0.0,0.27329833314799895,0.4365017526253704,0.04004193160850647,0.0011270183434021936,0.0
361.9,1,0.0,0.18312948641111274,0.4015990437245725,0.04020805173634984,0.0017991237085877912,0.0
362.0,1,0.0,0.1294928456934132,0.3611475928665611,0.04057743130649091,0.0026311653397366424,0.0
362.1,1,0.0,0.1017928556412361,0.322883944155552,0.0412778838026227,0.0034745321080430942,0.0
362.2000000000001,1,0.0,0.08975529015674809,0.29284209238355946,0.04232042003437103,0.004268528394099184,0.0
362.3,1,0.0,0.08780341729106772,0.2725827957167942,0.043564214784509794,0.004974502226358748,0.0
362.4,1,0.0,0.09597309214032824,0.26011207713798173,0.0447045760682299,0.0054686584569534425,0.0
362.5,1,0.0,0.11864461878406328,0.2526260423464087,0.04529080312738144,0.0055287205436341,0.0
362.6,1,0.0,0.1610850382347208,0.2482629190774427,0.04481751134370738,0.004962909006422661,0.0
362.7000000000001,1,0.0,0.22502245381118033,0.24632241380698144,0.0429485993232944,0.0037942952646071652,0.0
362.8,1,0.0,0.3061690624579814,0.24725741938868095,0.03981043174401038,0.002337477236763493,0.0
362.9,1,0.0,0.39526811172291304,0.25349131460289404,0.03609491305141887,0.0010606049186508385,0.0
363.0,1,0.0,0.48130982882185674,0.27070497045419917,0.03275057260571485,0.0003095993590277302,0.0
363.1,1,0.0,0.5548307896887046,0.3077228652714886,0.030428371204195902,0.00012007494478182613,0.0015531425167143126
363.2000000000001,1,0.0,0.6104700063146234,0.37283258528355145,0.02915486784372773,0.00026662483164345205,0.0033207092894262063
363.3,1,0.0,0.6482387355918061,0.4671052208266133,0.028485490991327765,0.000467947348344144,0.005332375383420772
363.4,1,0.0,0.6724917702443036,0.5798017154737642,0.027919814749955425,0.0005550654418246217,0.007631246099646176
363.5,1,0.0,0.68884664012633,0.6914928742192464,0.027207162951236975,0.0005081507915480123,0.009996354167192434
363.6,1,0.0,0.7013312244903239,0.7840546763787066,0.026376229770631133,0.0003941027467617401,0.012101775972119328
363.7000000000001,1,0.0,0.71170163074863,0.8495989526659824,0.025570296883685388,0.000270728806494555,0.01378678366940094
363.8,1,0.0,0.7204714822886276,0.8913975195595517,0.024881469771739627,0.00012131800372331839,0.01515264823024698
363.9,1,0.0,0.7279509130256986,0.9178453186652611,0.024311296165857515,0.0,0.01641436025266189
364.0,1,0.0022394739891589545,0.7344961465691472,0.9360401351572292,0.02382467442227322,0.0,0.01769335102995334
364.1,1,0.006161249166416988,0.740356130317952,0.9495530757299567,0.023417225869551427,0.0,0.018970560346737823
364.2000000000001,1,0.00912107275348761,0.7456239821701429,0.9597283155782779,0.023193905458653085,0.0,0.02025460590536245
364.3,1,0.011105681441143786,0.7503397477594911,0.967487576781457,0.02342889090290161,0.0,0.02185651588781408
364.4,1,0.012310475957491499,0.7545635925914798,0.9738990346952878,0.024459060732910133,0.0012468997343171092,0.02457294532291419
364.5,1,0.012996851294227292,0.758343539177202,0.9797757734775501,0.02637915081607376,0.003817936405319294,0.02951820518099349
364.6,1,0.013458879165462023,0.7616450494477841,0.9852793542125601,0.028830531254729157,0.007221812227152668,0.03745224052696937
364.7000000000001,1,0.014132207090169494,0.7643094378350753,0.9900459448360296,0.031187771377669486,0.010966130985894046,0.04794786451294295
364.8,1,0.015807015721411997,0.7659816563945376,0.9936691059263812,0.03299498443675897,0.014403251032773843,0.05922790787497178
364.9,1,0.019765277419714424,0.7658365769291263,0.9960942938477706,0.03419775108108981,0.0169982499649059,0.06909768952169507
365.0,1,0.027481071319068198,0.7620230464469033,0.9976551818837183,0.03499429299315196,0.01856087668376412,0.07624826601770662
365.1,1,0.039685541470209265,0.7510628928298287,0.9988001813939207,0.03555576344577782,0.019272066457128104,0.08076910009973634
365.2000000000001,1,0.05533572536367786,0.7277208903692234,0.9997222278079378,0.035887214118001304,0.019501068287396926,0.083607195566099
365.3,1,0.071600173062112,0.6858900962982266,0.9999999999999952,0.03586150954647298,0.019575663676016944,0.08571460576798531
365.4,1,0.08527063447674843,0.6208819410329232,0.9980484162134826,0.035346744985671114,0.019665421925100863,0.08759683798358503
365.5,1,0.09448168087389956,0.5329562181663806,0.9900225236134422,0.03435009448398215,0.01979654523991811,0.08932584125277082
365.6,1,0.09923256385964582,0.4302861722093167,0.9684347980038055,0.033068640711414535,0.019910333132456385,0.09073094574764796
365.7000000000001,1,0.10057065747847578,0.32799379950766105,0.9221723981802328,0.03177343835224735,0.01990056793812449,0.09158125244447758
365.8,1,0.09960136285577398,0.2418143406636261,0.8402264758405389,0.030627622229357096,0.01963646427562252,0.0917341981275526
365.9,1,0.09720716004004488,0.18039415923775023,0.7191323732710031,0.029629469551768484,0.018990859042444765,0.09123910948158356
366.0,1,0.09424876481808322,0.1426549901576104,0.5694510008668054,0.028717324639567228,0.01787080236616837,0.09034355544325331
366.1,1,0.09160742191506586,0.12170689656680041,0.41454500007883777,0.02788488633312332,0.016253123032112186,0.08938420304018897
366.2000000000001,1,0.08992479945987336,0.11048897914454675,0.2800271870695762,0.027181708507499434,0.014233013456135186,0.08863443294847048
366.3,1,0.0893975748954721,0.10444935717141919,0.181232037619534,0.026634379512447674,0.012056783627502354,0.08821482622259257
366.4,1,0.08988418846777398,0.10116476840996956,0.11861049685024933,0.026194151190741463,0.010081121043211624,0.08810528468407673
366.5,1,0.09117937141512159,0.09919348109311704,0.0829849321266456,0.025751133421130376,0.008644271356549717,0.08820741905035405
366.6,1,0.09317748173635053,0.09747710207901895,0.06364892203349665,0.025164779380139807,0.00791452645288328,0.08838268142969137
366.7000000000001,1,0.09584362970304347,0.09525907674522859,0.05262051062799824,0.024247510559061613,0.007810243728562484,0.08842616616070287
366.8,1,0.09909746588638901,0.09216618536660244,0.0448379565514559,0.02272865212378571,0.00803637039602115,0.08796317611318388
366.9,1,0.10271849593653092,0.08822963630686499,0.03739587218995056,0.020325817281307158,0.008209328803157235,0.08629492031221521
367.0,1,0.10632374523833181,0.08376133083578143,0.029293076936398817,0.016975662594509968,0.008007074352297496,0.0823583278522389
367.1,1,0.1094270420977545,0.07914499501300314,0.021151225822997177,0.013024881291003211,0.007290085840761179,0.0750982064638844
367.2000000000001,1,0.11150833158405263,0.07466097253351163,0.014436111422204415,0.00910414584298798,0.00615444485006285,0.06429784120907993
367.3,1,0.11193789182206378,0.0704228642111837,0.010698175974505945,0.005734505974110578,0.0048865822069900896,0.05125240096542693
367.4,1,0.10971054066154395,0.06641241399649003,0.01164193309286146,0.0030494068628351056,0.0038262473117740606,0.0384335830963822
367.5,1,0.10330603807031784,0.06254336708161956,0.020048907442926416,0.0008552387497851107,0.003217214272458302,0.028162274371543786
367.6,1,0.09123068495065324,0.058700722933130015,0.04024801394604713,0.0,0.003148252353113452,0.02140301628693835
367.7000000000001,1,0.07333360788948086,0.05476038126269142,0.07636045099837963,0.0,0.003591749159087846,0.01765364499737017
367.8,1,0.051930177886300555,0.05063513750271098,0.1283885570479801,0.0,0.004440662880762912,0.015728638790775264
367.9,1,0.031351094764698884,0.04636377181536422,0.18943532718398987,0.0,0.005489437560373774,0.014572007384287811
368.0,1,0.015791340587131147,0.042174767662562625,0.24776197545607695,0.0,0.006439225513704619,0.013618784532464748
368.1,1,0.007144264867484082,0.03842023481969391,0.29293856861083817,0.0,0.007002960441857289,0.01278677568026782
368.2000000000001,1,0.004599657889482187,0.035382648400761954,0.3208995631587651,0.0,0.0070298269107602835,0.012294485632125075
368.3,1,0.00596369940950649,0.033112916442356706,0.3340677024215414,0.0,0.0065195322383096,0.012400727423436973
368.4,1,0.009259002645813346,0.03144302648083848,0.33782715793816437,0.0,0.005546063084284731,0.013160283679143719
368.5,1,0.013666871782144378,0.030123405218084966,0.33709883576111,0.0,0.004216673140819597,0.014335413461537414
368.6,1,0.02009351961153225,0.028925248781341416,0.33499823718653166,0.0,0.0026984356067098155,0.015531246919269073
368.7000000000001,1,0.03174913436602796,0.027643154043592466,0.33306104123948094,0.0,0.0012268535795385202,0.01644067310242346
368.8,1,0.05395583215422026,0.026067255999284823,0.33185582181240253,0.0,4.680602209907375e-05,0.01698421787584485
368.9,1,0.09170498164627726,0.024027775456559472,0.33140468180861177,0.0,0.0,0.01725148493420065
369.0,1,0.1452672627702039,0.021535894362594104,0.33141698244336304,0.0,0.0,0.017340597554637346
369.1,1,0.20747216217930517,0.018885738324382482,0.3314912876772252,0.0,0.0,0.017230289719366854
369.2000000000001,1,0.2664427039122431,0.016535113039789166,0.33132407959016597,0.0,0.0017543480608175183,0.016742678239242283
369.3,1,0.3124441410177169,0.01481375829937962,0.33083922317212683,0.0,0.004661598205716915,0.015618245643148487
369.4,1,0.3428682787268413,0.01373742795397493,0.33016657304540536,0.0,0.008453679165056634,0.013704475758775467
369.5,1,0.36166275783369345,0.013072455490273497,0.32951724669716953,0.0,0.01248978564265164,0.01115381629766376
369.6,1,0.3756138690759882,0.012511780410895271,0.32906728335895735,0.0,0.016085448325465816,0.008437791681725254
369.7000000000001,1,0.3917166447031576,0.011800884025426821,0.328907962877487,0.0,0.01887994672495566,0.006113813418184297
369.8,1,0.41621145981694513,0.010809578710482123,0.329051337556195,0.0,0.02087918707264528,0.004546247870359698
369.9,1,0.4529280685173224,0.009579857616008745,0.32948329801468196,0.0,0.022231070596105747,0.003842988844449803
370.0,1,0.5005541317043639,0.008307389835691008,0.3302672442817168,0.0,0.023061698568060014,0.004020666094699767
370.1,1,0.5520416076996695,0.007224596150237852,0.33161921760654606,0.0,0.023504836219894954,0.005163132178142149
370.2000000000001,1,0.5984809282887844,0.0064533940835431874,0.3338009738381586,0.0,0.023771925255039378,0.00737464125407189
370.3,1,0.6345832897139986,0.005943657133350517,0.3368347373562214,0.0,0.02411632079945947,0.010576313803122121
370.4,1,0.6606321912184641,0.0055404053045594185,0.3403435474879555,0.0,0.02471678238642349,0.01436876523006554
370.5,1,0.6799217058914949,0.005108817896183478,0.34379210187811615,0.0,0.025585533907155282,0.018114973474852518
370.6,1,0.6953946944478551,0.004617037606805959,0.3469207876314784,0.0,0.026575841800263875,0.021184813330069267
370.7000000000001,1,0.7085381185573841,0.00415096291208551,0.34985860634958355,0.0,0.02748938070124984,0.02318139004457314
370.8,1,0.7200221044521817,0.003909904192573751,0.3527746065005698,0.0,0.028200563537245246,0.02403145100765874
370.9,1,0.730265721986127,0.004205634821296175,0.3555058770710354,0.0,0.028701215528936053,0.02394721777966615
371.0,1,0.7393790357337464,0.005389510849447402,0.3575894206422255,0.0,0.029057580879518864,0.023314368379657762
371.1,1,0.746975244897582,0.007635451798627103,0.3585977169191343,0.0,0.029348559001015434,0.022540940531291288
371.2000000000001,1,0.7521550079108011,0.010702813384471878,0.3583885627078468,0.0,0.02962940032938315,0.0219109484452061
371.3,1,0.7535815156014756,0.013976667808545683,0.3571123612925615,0.0,0.02991151826982058,0.02151661798845915
371.4,1,0.7497682713133981,0.016893972656225636,0.3551227596349134,0.0,0.030145512659924083,0.02130340524333214
371.5,1,0.7399287505063432,0.01946569908542665,0.3529280079817855,0.0,0.030203198040881753,0.021172307908355566
371.6,1,0.7250946779777693,0.022570716209863603,0.3511419273519735,0.0,0.02985226359648127,0.02105343343999939
371.7000000000001,1,0.7082830035850755,0.02806085936404299,0.35033835606270286,0.0,0.028768111104765567,0.020914411410676848
371.8,1,0.6930041411847006,0.03891842248178001,0.3508297240604449,0.0,0.02669597911503665,0.020730712597800686
371.9,1,0.6812028614870794,0.05924849249195211,0.35252202141820416,0.0,0.02376548333010704,0.02046884419251615
372.0,1,0.672243198815188,0.09310634794386113,0.3549743498160506,0.0,0.020679732222817663,0.020102588168764892
372.1,1,0.6628911014092662,0.14152760870062844,0.35759704329275616,0.0,0.018460820823349065,0.019635731150084237
372.2000000000001,1,0.6471050988755973,0.19961292267138062,0.3597920131487595,0.0,0.01785503140872286,0.019103725360911844
372.3,1,0.6159346226327272,0.25734521707608016,0.3609546628218329,0.0,0.018904607006392564,0.018559564228953357
372.4,1,0.5599076683664362,0.30487401260681546,0.3603506297778273,0.0,0.02102058379728219,0.018055105971497818
372.5,1,0.4750459671871327,0.33777132845338725,0.3567269888887608,0.0,0.023379070025617243,0.01761191860565036
372.6,1,0.36873262028618137,0.35763739496754793,0.3476726995504752,0.0,0.025262572339243842,0.01718565528763604
372.7000000000001,1,0.25887634622127753,0.3687748656420449,0.32961935391807895,0.0,0.02619009312754698,0.016661648755305604
372.8,1,0.164872099338956,0.3749888498202414,0.29970953706518927,0.0,0.025927891436153927,0.01591682728488926
372.9,1,0.09752786541102722,0.37862704484467335,0.2589485923559823,0.0,0.024505403611978567,0.01491799957722784
373.0,1,0.056306900026195976,0.3809923712437395,0.21357845453366742,0.0,0.02224426468599887,0.013765742788632499
373.1,1,0.03410375064114052,0.382808254584128,0.172369241520277,0.0,0.019701572411354378,0.012626216132067238
373.2000000000001,1,0.023219088802515758,0.3844228624581069,0.14179649003271702,0.0,0.01746735518351775,0.011604416925039487
373.3,1,0.018124751890552085,0.38594321663897063,0.12354415384258648,0.004068561305880648,0.015922725821903207,0.010680041716551928
373.4,1,0.01557034227318214,0.38737572195773234,0.11596332021840039,0.013497119690783332,0.015145192232391785,0.009768256127545038
373.5,1,0.01405240469341729,0.3887103333608127,0.1168573820392085,0.023541693074733392,0.015009384793128555,0.008842293444408721
373.6,1,0.013344895875681863,0.3899334007100488,0.12453017175216462,0.03238475543084119,0.015342401399302949,0.007999527648941155
373.7000000000001,1,0.013878190258739187,0.39102243754839533,0.13696824132986116,0.038929363777260334,0.01598216665756144,0.007417691322069029
373.8,1,0.015976024307888415,0.3919595512534599,0.15118701113582428,0.04315028416828331,0.01674123865268682,0.007247597502232642
373.9,1,0.01936368000232558,0.3927399793693861,0.16401634908730786,0.045665983232306424,0.017395182648740765,0.00753030683515964
374.0,1,0.023285660772497486,0.393331404481187,0.17347842415652892,0.04714475345683664,0.017768142535087017,0.00819813309344071
374.1,1,0.02706988033593265,0.39355031747047253,0.17923139088866302,0.04805664631935485,0.017855325876388398,0.009139062119023468
374.2000000000001,1,0.030577342612296103,0.3927967518178098,0.18186964396122213,0.048731584481698724,0.017853377488344584,0.010234596038464742
374.3,1,0.03413702208662463,0.3895355864410296,0.18206518339591649,0.049441027600001,0.018023906837009027,0.011331079042017784
374.4,1,0.03807574897125386,0.38060451679505997,0.18021172162766383,0.05036746281550988,0.018457772059037682,0.012231290599551298
374.5,1,0.04228137096748687,0.36111068138969943,0.1764367317779332,0.05153508903266315,0.01892960256382308,0.012788632029660456
374.6,1,0.04613281098252299,0.3262577244087927,0.17078061367308078,0.05283675808250282,0.01898614059141812,0.013032677121098837
374.7000000000001,1,0.0487980833267088,0.27519661493607334,0.16356850198875672,0.054175443708726526,0.018211479212902625,0.013182638849841038
374.8,1,0.04965852540701226,0.21393520763219773,0.15575361188865708,0.0555882084402137,0.016475641382838666,0.013512990809315313
374.9,1,0.04858725252933572,0.15351866427501817,0.1487529048083671,0.05724300100798039,0.014018808634018868,0.01417195647329069
375.0,1,0.04593545982481839,0.10405000549356234,0.14376335406432628,0.059359659488270225,0.011340603166264415,0.01508391093384858
375.1,1,0.042312949329696065,0.0698606171113663,0.14116863394857518,0.06214336877183151,0.008955982632325443,0.016000215593409358
375.2000000000001,1,0.038489625235122754,0.04953436129163598,0.14048985140942374,0.06568845923927272,0.00715754013802308,0.016657434057308986
375.3,1,0.03576414670205564,0.03900863464588833,0.14075912207958952,0.06981387170911373,0.005939758608633872,0.016925784798079355
375.4,1,0.03662476169095987,0.0341878746361102,0.140990487420894,0.07400017338592771,0.005118956982412305,0.016851437477740126
375.5,1,0.044655791393902675,0.03197518480085503,0.1405100226428178,0.07758470217254915,0.0045172787159581266,0.016592178762534514
375.6,1,0.06265404024588533,0.030466247894795236,0.13900465474338655,0.08001616412543497,0.004056742604084167,0.016316422354783634
375.7000000000001,1,0.08980379339574271,0.02881275342019269,0.1363323717031835,0.08088709503967692,0.003742208177340002,0.016133366694528434
375.8,1,0.12076800184122266,0.02685475470584176,0.13227961646242806,0.07988655534957938,0.003617441910954707,0.016087202671409933
375.9,1,0.14838405551587044,0.024724570899290522,0.1263565591630812,0.07699374310483632,0.0037449429557717077,0.016208730741674834
376.0,1,0.16784206459044476,0.02262379604443672,0.11770783681557609,0.07276615174815913,0.004187751583613739,0.0165617702668374
376.1,1,0.17864037049167525,0.020744518452696738,0.10546768195763029,0.06824048994315549,0.004976134674246252,0.017198250903973946
376.2000000000001,1,0.18328093137691623,0.019213049277897788,0.08969239547148704,0.0643855736577678,0.006073080208485359,0.018040009686702108
376.3,1,0.1847897251732141,0.018021348860408605,0.07207130121186867,0.061615566593652145,0.007345146442397031,0.01884805013089269
376.4,1,0.18525058368402797,0.017013164957725407,0.055354585669018394,0.059774133466910746,0.008556642829028517,0.01937044359041454
376.5,1,0.18573063289581251,0.01596913715717092,0.041814545550375434,0.05846427148521402,0.009429294777805686,0.019519593019287157
376.6,1,0.18678568012608643,0.014740538821285544,0.03227008552083518,0.057360311689816854,0.009753067420095744,0.019390849193126527
376.7000000000001,1,0.18876640543304982,0.013334617181401887,0.026392792218989772,0.05631960539915799,0.009463994226623747,0.01915582333018509
376.8,1,0.19172020051645622,0.011889630803860393,0.02356714207435806,0.05533485118718493,0.00864984673729745,0.018972047539750476
376.9,1,0.19522150592464324,0.010572107430367605,0.02350792717218103,0.054442375324972994,0.007514142246990736,0.018936027737058055
377.0,1,0.19852611115468624,0.009505662625672212,0.02647911134492484,0.053665628992515854,0.006308483905843758,0.01904740274809681
377.1,1,0.20099864804364312,0.008815827320293812,0.033024798232392114,0.05299130150107826,0.005234803186552613,0.019212387112290702
377.2000000000001,1,0.20240719958375078,0.008748329290148514,0.043139323108108585,0.05233991706283907,0.0043812180898298025,0.01930483037250131
377.3,1,0.202873038281742,0.009695039365973688,0.05546328878906307,0.05153144699624688,0.0037474887361922224,0.01923087850160228
377.4,1,0.20265340376584473,0.011986778710294466,0.0674696225666354,0.05025898001188397,0.0033130415059567826,0.018953599322305125
377.5,1,0.2019939693686628,0.015543504053228687,0.07671912452016444,0.048050991620813215,0.003072259976031645,0.018494032387012124
377.6,1,0.20106932449219025,0.01971959200737883,0.08208365415453044,0.044272251115489755,0.0030344374754396196,0.017928514390936973
377.7000000000001,1,0.1998833909583359,0.0235882914486838,0.08394664039247104,0.038359207790922854,0.0032128581476320553,0.01737157758837254
377.8,1,0.1980127752310337,0.026468446097415492,0.08352347969724536,0.03033581042140228,0.0035959510084912346,0.016934285265657913
377.9,1,0.19419741591251277,0.028237208640722558,0.08208347948831833,0.02115637709582328,0.004110211775193356,0.016671054831621263
378.0,1,0.18613048515643962,0.029236682841395963,0.08055423780310232,0.012328534461166068,0.004625085704822386,0.0165427053513233
378.1,1,0.17121298275041952,0.02998838532591061,0.0794811415911379,0.0050371181142359325,0.005012039768510477,0.016424988939386934
378.2000000000001,1,0.1485944140441843,0.030970730194399398,0.07911867538858576,0.0,0.005197517924745688,0.016174387219225553
378.3,1,0.1211702499953505,0.03248296024486761,0.07952405968893025,0.0,0.005166194170688087,0.015716047331836
378.4,1,0.09522039907905115,0.03453608369621531,0.08066846782794494,0.0,0.004950549139090164,0.015076103214998204
378.5,1,0.07713960725513698,0.03684324539672614,0.0825437699062883,0.0,0.004650980371071009,0.014317137186326625
378.6,1,0.06972855092372993,0.03899849459987729,0.08512556637476286,0.0,0.004466230649609124,0.013441841526422438
378.7000000000001,1,0.0710657454975606,0.04072270057299891,0.08817928915503609,0.0,0.004692279982893706,0.012365161454087647
378.8,1,0.07647203656722751,0.041954582841243024,0.091184313316565,0.0,0.005662611640545498,0.010967592000593064
378.9,1,0.08155652904770416,0.042763093847005204,0.09360902547558482,0.0,0.007593223166963094,0.009180023851108885
379.0,1,0.08406800734867385,0.04324666841368885,0.095313047904757,0.0,0.010373651593080825,0.007069798752133942
379.1,1,0.08381985732537953,0.04351115695283084,0.09661277110191975,0.0,0.013514686939505171,0.004874693672440895
379.2000000000001,1,0.08160637578767137,0.04367135966411862,0.09792924327531093,0.0,0.016399961049787096,0.0029078722325623528
379.3,1,0.07840038275640916,0.04382314533963094,0.09941977975543716,0.0,0.018641287772806214,0.0013809135521080228
379.4,1,0.0752024807319844,0.04401068082659116,0.10089454001111055,0.0,0.020202913781644825,0.00031324592061946117
379.5,1,0.07302241157236783,0.0442231789283125,0.10187255608544933,0.0,0.021254180192030254,0.0
379.6,1,0.07257976878332312,0.04440889408578415,0.10163996524867173,0.0,0.021984677980850825,0.0
379.7000000000001,1,0.07392823813182442,0.0444764854138514,0.09957145898040176,0.0,0.02253800451514702,0.0
379.8,1,0.07642383667762968,0.04429263200411723,0.09581873784219931,0.0,0.023020660723881526,0.0
379.9,1,0.079141218983927,0.04372416854773133,0.09179094009937834,0.0,0.023501102175687554,0.0
380.0,1,0.08140868173237056,0.04273814539530081,0.08989729133549028,0.0,0.02398911079671159,0.0
380.1,1,0.08302721980397193,0.041480668386943725,0.09285472568108871,0.0,0.024436894641619186,0.0
380.2000000000001,1,0.08409691196972828,0.040230766247075854,0.10299746495686633,0.0,0.02478374715687685,0.0
380.3,1,0.08477175536889764,0.03923428720113413,0.1213350351231253,0.0,0.025008707496087915,0.0
380.4,1,0.0852067911257826,0.03854560048675307,0.1463347381763134,0.0,0.02513773972605581,0.0005656490031205098
380.5,1,0.08560603480264292,0.03798832918932189,0.17365318562247017,0.0,0.02520310673030153,0.0014711811245024015
380.6,1,0.08615059801396042,0.037221912599284875,0.19793212003439348,0.0,0.025205001212555464,0.0021356638248794316
380.7000000000001,1,0.08679673456977598,0.0358473171869076,0.21563925021778704,0.0,0.02511586083261429,0.002579249445310749
380.8,1,0.08712979790406468,0.033557274246063425,0.2265450168360538,0.0,0.024920806176775247,0.00284294676763049
380.9,1,0.08640658228493035,0.03034481831634735,0.2327967234774495,0.0,0.024652834926504774,0.002958719663573803
381.0,1,0.08380139013653472,0.02662428501449261,0.23688880278899863,0.0,0.02437727297367196,0.0029696669759273573
381.1,1,0.07885190820498264,0.023064243668854543,0.24036792611492025,0.0,0.024118051404171306,0.002951198653534251
381.2000000000001,1,0.07195306206246595,0.020208861335003558,0.2437935187103433,0.0,0.023783778387630142,0.002990447025494194
381.3,1,0.06444607155576566,0.018230187847700207,0.24724017904352336,0.0,0.023177985333433307,0.0031308582801746333
381.4,1,0.05798846866291407,0.01699064715706159,0.250614138286006,0.0,0.022119243880256705,0.003341030465009299
381.5,1,0.0536341878028266,0.016248871875759744,0.25372599213787217,0.0,0.020589453916971232,0.0035482232634267484
381.6,1,0.05143616278767276,0.01579492308363591,0.25639152242623936,0.0,0.01877343191267294,0.0037040570754664883
381.7000000000001,1,0.050773292661044966,0.015494387017104054,0.25857604862927125,0.0,0.016940000003928726,0.003817284612752357
381.8,1,0.0508533756047221,0.015310199421509208,0.2603721747899453,0.0,0.015282536273048616,0.003929999625902116
381.9,1,0.05090898314984803,0.015308972025793836,0.26182536244425586,0.0,0.013872133399935312,0.00407786033492695
382.0,1,0.05016483685445877,0.015611227556321274,0.2628672687796561,0.0,0.012714261100239927,0.004294912365711009
382.1,1,0.04792180072702526,0.0162791891921117,0.26342357205421624,0.0,0.011777184565854965,0.004665578984830209
382.2000000000001,1,0.04389386795805098,0.017206094227385463,0.26348785737944985,0.0,0.010955557722682406,0.00534033993083097
382.3,1,0.03854464224847609,0.01810808115434063,0.26306252533013097,0.0,0.010075681381071164,0.006439625332528459
382.4,1,0.032994482311248206,0.018660524894837084,0.2620570668538532,0.0,0.009012882082258694,0.007902346131045927
382.5,1,0.02840742584403373,0.01868886008298279,0.26010293059248635,0.0,0.007827417410002166,0.009435769341106825
382.6,1,0.02533481988876147,0.0182575091339825,0.2561523436859766,0.0,0.006757898025249902,0.010647752955446042
382.7000000000001,1,0.023543934660097306,0.017589120426809133,0.2481493148127084,0.0,0.006052042263052315,0.01126455974515034
382.8,1,0.022319093067641283,0.01690561196369109,0.2335593942760997,0.0016040833201532412,0.005807051727606592,0.011254953792742788
382.9,1,0.020862031352432583,0.01633637438283152,0.21109845234158423,0.007551710990976639,0.0059726414908994035,0.010782126381317154
383.0,1,0.01859241579570638,0.015930509155068696,0.182550109338196,0.014486090397457177,0.006452539238956572,0.01007188149455028
383.1,1,0.015365506306275473,0.015695122436913317,0.15275668401469805,0.02114276818909645,0.007134641644778584,0.009324541415539418
383.2000000000001,1,0.01153109785442354,0.015605953417367213,0.12722771658289467,0.02636060102557142,0.007823597698070719,0.008693351507248837
383.3,1,0.007688031305565105,0.015614363168090265,0.10920288937365333,0.029818652828407,0.008209731312727548,0.008280066875898235
383.4,1,0.004259125484341116,0.01567107611395517,0.09856890927111785,0.03225920578301957,0.007971447131912186,0.00812994351351791
383.5,1,0.0012788372628272419,0.01574530891747618,0.09305294965912202,0.03534992560221127,0.006962939825441661,0.008234091037012108
383.6,1,0.0,0.0158276289840485,0.09009895202970426,0.041507064872427175,0.005352178488320483,0.008532271555408229
383.7000000000001,1,0.0,0.01593507232622376,0.08790500354630765,0.05354184083475916,0.003586999910071722,0.00892317639809947
383.8,1,0.0,0.01612489573343457,0.08543945468338296,0.07377259503567322,0.0021768708628569036,0.009305798128035834
383.9,1,0.0,0.01648950073959471,0.08200355253594908,0.10277918911073897,0.0014334614715385977,0.009633305171304389
384.0,1,0.0,0.01713049079361329,0.07677397592956696,0.1386059265914662,0.0013584262089454439,0.009925595646415578
384.1,1,0.007106354127909569,0.01817024179520239,0.0686369889084661,0.17710864865750492,0.001736851448094671,0.010228120747440998
384.2000000000001,1,0.024321448165607072,0.01988296775147697,0.05670694471738958,0.21346181567750208,0.002335114380653009,0.010558135442969012
384.3,1,0.04757911737353787,0.02300006680652508,0.041415230387259507,0.24416825816005863,0.003049879590908736,0.010878069555073533
384.4,1,0.0722385160926931,0.029198848716143807,0.02505015511358982,0.2683898168810624,0.003908836713989833,0.011111648921425625
384.5,1,0.09314077938633224,0.04167981316351657,0.010733614165017205,0.2875189908724735,0.004941437599157811,0.011195999764040367
384.6,1,0.10754838159031005,0.06525340221656108,0.0005393099314708784,0.3033109655334268,0.006055375810826666,0.011127873380730116
384.7000000000001,1,0.1159140459747422,0.10471126395256856,0.0,0.31640789344942993,0.007053893768989471,0.01095459141606697
384.8,1,0.12043901446166148,0.16105788275586364,0.0,0.32653727662171234,0.007776180856765302,0.010719109181162399
384.9,1,0.12327914190770554,0.22821821028736183,0.0,0.3336458223027468,0.008207389439089167,0.010424775525486244
385.0,1,0.12569646884106975,0.29446501712035267,0.0,0.33851399329811716,0.008459881446454032,0.010062701459086007
385.1,1,0.12808904396768117,0.3488001157778978,0.0,0.3424693155220449,0.008687781313402934,0.009673319363398955
385.2000000000001,1,0.1303579788278632,0.3867254066775042,0.0,0.346733155538448,0.009039119433572421,0.009369289542114323
385.3,1,0.13229345991184074,0.41044351630977643,0.0,0.35192211403110046,0.00963667497894932,0.009277114649758793
385.4,1,0.13384597303304796,0.42484997772971034,0.0,0.35797190069077073,0.01050057905342147,0.00944243516632206
385.5,1,0.13519612351652144,0.43404037735975676,0.0,0.3644725588742643,0.011431488049547087,0.009793373816365202
385.6,1,0.13661684477698302,0.44043528769766094,0.0,0.3710621739076386,0.012029210911270186,0.010197611038611897
385.7000000000001,1,0.13825403313968695,0.4453086730225901,0.0,0.37753331456026107,0.011941594886976999,0.010547354004331273
385.8,1,0.14001060310859476,0.4493218599686737,0.0,0.38370099862859686,0.011141081564998996,0.010786357745223567
385.9,1,0.14162714124522863,0.45285075208727643,0.0,0.3892824970116592,0.009929401839868129,0.010878770070435945
386.0,1,0.14287384903271602,0.45619421227052004,0.0,0.3938399440310117,0.008671420027348303,0.010802134117758539
386.1,1,0.14367193904022907,0.4595783884134561,0.0,0.39664791827274964,0.007558600807655458,0.01061120058194841
386.2000000000001,1,0.14403273997203522,0.4630408956883583,0.0,0.3964567775136904,0.006606014572400137,0.01049736896613549
386.3,1,0.1438338272324509,0.4664443063042081,0.0,0.39135957922397424,0.005787582810303457,0.010723465085190273
386.4,1,0.14250371986063481,0.46964217335818675,0.0,0.3790732856643514,0.00512129227950193,0.011429823735703233
386.5,1,0.13873460795300954,0.4725980925850558,0.0,0.3578352431689754,0.004655931416059123,0.012467322788755246
386.6,1,0.13056293062763225,0.4753492466413985,0.0,0.32775375365378645,0.0044218858416108925,0.013427834931010343
386.7000000000001,1,0.11632267288367608,0.4778816890071559,0.0,0.29179572793272085,0.00439036996428894,0.013875833589018352
386.8,1,0.09643234083062946,0.4799887012746282,0.0,0.2552055385865023,0.004455998922411226,0.013608091348433644
386.9,1,0.07481310830349655,0.48105595126036793,0.0,0.22307431650477874,0.0044702318932702285,0.012759999507928771
387.0,1,0.058487324795306286,0.47963939671275385,0.0,0.1976366107335885,0.004329472825523428,0.011711581552076456
387.1,1,0.05526603812702032,0.47292469505180007,0.0,0.17737211159272256,0.004047330636472407,0.010877067185635553
387.2000000000001,1,0.07062897721986244,0.4568161425222011,0.0,0.15832511787610898,0.003724270722184778,0.010509302643155295
387.3,1,0.10482592152563339,0.42775919708157356,0.0,0.13655066041030195,0.003428933783250254,0.010618855967882455
387.4,1,0.151532270151225,0.3859953764387852,0.0,0.11056326909349565,0.0031139806531692554,0.01102845617922201
387.5,1,0.19999000483082205,0.3373885471065964,0.0,0.08263082111948797,0.0026559058755294775,0.011499841555741
387.6,1,0.24040278533221546,0.29100822267774074,0.0,0.057663044570166716,0.001957489565150484,0.011838049561871766
387.7000000000001,1,0.26854644586922394,0.2538297039034424,0.0,0.04007624717335517,0.0009700577544835208,0.011928966784363868
387.8,1,0.2858509442952371,0.22719577886690973,0.0,0.031153030354414798,0.0,0.011741707900145587
387.9,1,0.2959793492127256,0.20744530905098482,0.0,0.028898594515381387,0.0,0.011332586302851938
388.0,1,0.3017979452537132,0.18888942646270276,0.0,0.02984747818965201,0.0,0.010832355833317412
388.1,1,0.3047156696471315,0.16673625861198188,0.00767299920485037,0.031009147099838503,0.0,0.010385863198626081
388.2000000000001,1,0.3054522493811677,0.13930543420555042,0.018481960664120726,0.030866748298878522,0.0,0.010073321889469402
388.3,1,0.3047277969763573,0.1089815923806344,0.03286487922348914,0.029352569977135493,0.0,0.009883411478467934
388.4,1,0.30338313295094815,0.08087143316515767,0.05025936565966188,0.027176454274033614,0.0,0.009754238977694316
388.5,1,0.3021903593451237,0.05975803709173398,0.06822754380224992,0.02503872599401642,0.0,0.00961079640356225
388.6,1,0.30168746895107623,0.047848075562423036,0.08430903451635957,0.023201685143379336,0.0,0.009334854670442858
388.7000000000001,1,0.3021727825691353,0.04474146365772424,0.09785097951118653,0.021546049477573978,0.0,0.008711479594456666
388.8,1,0.3038161331563653,0.04850161620917529,0.10989878257803253,0.01985501641102456,0.0,0.0074699776532946025
388.9,1,0.30672448143474307,0.05636225020735751,0.1214804595421109,0.01801509398385203,0.0,0.005467351421210975
389.0,1,0.3108271099834391,0.06519205782168964,0.132377678551918,0.01604693497685575,0.0,0.002890085166719247
389.1,1,0.31568988151536487,0.07235006490395142,0.14163832418478,0.014054486782391165,0.0,0.00025549281795979377
389.2000000000001,1,0.32055613512379927,0.076558620974961,0.1489370306765248,0.012157940839639145,0.0,0.0
389.3,1,0.324655638064819,0.07798282994404637,0.15513024442389062,0.010423071426023925,0.0,0.0
389.4,1,0.32735055097857235,0.0775285271477268,0.16151268830651763,0.008827065091898787,0.0,0.0
389.5,1,0.3276798914598732,0.07609586692182702,0.16866449985209706,0.007306752262983055,0.0,0.0
389.6,1,0.32352141488647124,0.07428375452897416,0.17603633427187396,0.005846945868220481,0.002435855007768713,0.0
389.7000000000001,1,0.31141815588717175,0.07244901605463472,0.18257468052220424,0.00450295334337617,0.005156985473536932,0.0
389.8,1,0.28819798230960164,0.07082280770361936,0.18766062482968826,0.003327975956239058,0.007267070758861424,0.0
389.9,1,0.25395979938003305,0.0695617247589746,0.19153104694564785,0.0022978166781461354,0.008758828526799073,0.0
390.0,1,0.21374098851725046,0.06878370760804609,0.1951523762491791,0.0013208770879283647,0.009850135645034973,0.0
390.1,1,0.17542472443717086,0.06867992843228805,0.19997394264210946,0.0003065054984317106,0.01081975113913262,0.0
390.2000000000001,1,0.1452180978956056,0.0697579143256256,0.20764093488718202,0.0,0.01184533934419957,0.0
390.3,1,0.12484257109882758,0.07319320250677541,0.2194197504165935,0.0,0.012910850973020605,0.0
390.4,1,0.11241952041774793,0.08103330865005844,0.23536616213741127,0.0,0.013832111144140931,0.0
390.5,1,0.10502690683790576,0.09565679261374782,0.25386011727297236,0.0,0.014400685851754216,0.0
390.6,1,0.10027321338709909,0.11811836728713096,0.27218232312902746,0.0,0.014543624772831656,0.0
390.7000000000001,1,0.09647688414315872,0.14635891138545037,0.2878832752668288,0.0,0.014371583022695724,0.0
390.8,1,0.09238014055894521,0.1753375989980334,0.299854955755663,0.0,0.014090789939472726,0.0
390.9,1,0.08690884173653235,0.19970252044788972,0.308400132137656,0.0,0.013872877589205202,0.000255813897696357
391.0,1,0.07904403062470873,0.21673623732427594,0.31453305935628784,0.003788478615901292,0.013788952650697394,0.0016297383860815748
391.1,1,0.06804352341396397,0.22694732967664472,0.3191346838224234,0.009205138766896276,0.013825906907312167,0.0028489693218857136
391.2000000000001,1,0.05408385183003014,0.23243046925190078,0.32255643985730403,0.015433108943339172,0.013925582415775281,0.0037474659992837722
391.3,1,0.038637175102734414,0.235128671004263,0.32502329139712505,0.02138091949802873,0.013996889583331786,0.004316463737577378
391.4,1,0.023838118680920103,0.23627291542690362,0.3273800379031911,0.026137793530865594,0.013910523367601279,0.004643915574453122
391.5,1,0.011286067499683281,0.23659861522778636,0.3310234765902546,0.02940331395797169,0.013520441621202748,0.0048271333225064885
391.6,1,0.0014962213178079935,0.2365750758303274,0.3366720727579347,0.03137530027925069,0.012729214540625523,0.004925355769245591
391.7000000000001,1,0.0,0.2364620101985954,0.34327754260246107,0.03238094809972831,0.011544982386148834,0.004946912731071455
391.8,1,0.0,0.23635237155107397,0.34843679751489653,0.03268328969994756,0.010056927308869635,0.004857808379357235
391.9,1,0.0,0.2362619495287321,0.3499489742024194,0.03250790276600767,0.008356153670169977,0.004622774810006774
392.0,1,0.0,0.23619240602096442,0.34713214217881855,0.03208122579700907,0.006521039436323733,0.004261219649416967
392.1,1,0.0,0.236138328603501,0.3410445030742102,0.03159092753492446,0.004685560008092182,0.0038550080235312985
392.2000000000001,1,0.0,0.2360848733160186,0.33356000313262113,0.031143050176684815,0.0030498711028265186,0.003484655602449392
392.3,1,0.0,0.23602230950712225,0.32587341996668323,0.03077332622465158,0.0017580345779715668,0.003165229294488046
392.4,1,0.0,0.23594953701212087,0.31760757768046943,0.030481945831572956,0.0007678275507915329,0.0028663013927243035
392.5,1,0.0,0.23583817322572292,0.30744907727747844,0.03024791522464257,0.0,0.00260313952254804
392.6,1,0.0,0.23555275737786155,0.2948023423687378,0.030027379004908684,0.0,0.0024981076758300975
392.7000000000001,1,0.0,0.23470241984711762,0.28077269027259677,0.02977016474389497,0.0,0.0027376617928955233
392.8,1,0.0,0.232348249959886,0.2674596127905799,0.029468980547706487,0.0,0.0034583900711336628
392.9,1,0.0,0.22659833867284712,0.25644417982858825,0.0292001894492987,0.0,0.004653590415521004
393.0,1,0.0,0.21454842474096356,0.2480880675810158,0.029083579411957203,0.0,0.006146751945110799
393.1,1,0.0,0.19340266646364715,0.2419862498572231,0.02915349489338401,0.0,0.007629663528530322
393.2000000000001,1,0.0,0.16286479871275178,0.2376307821597554,0.029236771365487992,0.002976681110153386,0.008775103755933695
393.3,1,0.0,0.12703346685472772,0.2346110841001416,0.028922486543083138,0.006515734647855432,0.009408815651274008
393.4,1,0.0,0.09346745668354006,0.23250721481352746,0.027621690103115992,0.009666147086288504,0.009619909618032753
393.5,1,0.0,0.0695184877435581,0.23076080870287935,0.02473925067633497,0.012335755903778216,0.00967635675925323
393.6,1,0.0,0.058796352096818445,0.2284776615611509,0.02002538403022699,0.014654439245330612,0.009798667197880336
393.7000000000001,1,0.0,0.0601563666983731,0.22402166353159475,0.01396893608458025,0.016677621858491833,0.010011365510894083
393.8,1,0.008691403147497572,0.06909957751002294,0.2145905258405747,0.0078272703161645,0.018333600000673637,0.010197469761396107
393.9,1,0.03076640980335305,0.08024308490543659,0.19655318452358045,0.0030995590307758853,0.019567343241784024,0.010253039995801811
394.0,1,0.053941314003773444,0.08960314484580746,0.1673571751007243,0.0008261542439164415,0.020441558107926062,0.010174352656039979
394.1,1,0.07406453318814364,0.09563947913858928,0.12824071850413105,0.0012326699803967619,0.021097228010518027,0.010039995742616041
394.2000000000001,1,0.08898962751169233,0.09874205380091673,0.08506304883362639,0.0037916013023159487,0.02165850100335218,0.009959036075814044
394.3,1,0.09890240821568633,0.09999651844894111,0.04555038994182767,0.007500519478672375,0.022176519843017616,0.010031738774229576
394.4,1,0.10505995031732764,0.10031698620662025,0.015076937556370806,0.011297696170938775,0.0226398245798387,0.01031342652334914
394.5,1,0.10866613147413544,0.10024624719125493,0.0,0.014509082939021235,0.023040934618646074,0.010788575225840709
394.6,1,0.11061176237677665,0.10006989343222414,0.0,0.017022376062002947,0.023439944966706348,0.011391364045776429
394.7000000000001,1,0.11159596351001946,0.09992777548418867,0.0,0.019047190516596,0.023937839823082844,0.01206215226661789
394.8,1,0.11217384470335527,0.09986481844027793,0.0,0.02075180491811291,0.02456856568439797,0.012772533018257084
394.9,1,0.11274877971192429,0.09986808751978839,0.0,0.0221369606501637,0.025242219852751165,0.013490285843425287
395.0,1,0.11358897663263134,0.09990435550713614,0.0,0.02315304433519223,0.02581826047861799,0.014135994961475214
395.1,1,0.11482148496457661,0.09994139700152373,0.0,0.02381934038292959,0.02621511052433252,0.014586895021756445
395.2000000000001,1,0.11639433539605838,0.09995159373793044,0.0,0.02420727717833028,0.02641664308814014,0.014722303036660524
395.3,1,0.11809974316691742,0.09991420257643796,0.0,0.024357752177123503,0.026371327771962123,0.014471508610897214
395.4,1,0.1196995399585911,0.09982265020338418,0.0,0.024260709715375372,0.025921890204812854,0.013845040536226443
395.5,1,0.12105394896014907,0.09968219893979041,0.0,0.023929305426563772,0.02489074941082788,0.012952770691334067
395.6,1,0.12213790061747126,0.0994824561611139,0.0,0.023481628108599353,0.02327413251982086,0.011993683648236225
395.7000000000001,1,0.12295671243048278,0.09914252616118109,0.004973101986064728,0.02312076505650978,0.0213343553829376,0.011178809734209627
395.8,1,0.12344993970633832,0.09842005707218997,0.023872741276948436,0.02301112832210363,0.019444244554900063,0.01060306009529871
395.9,1,0.1233881636626098,0.09677002451905993,0.058935698307659636,0.023172990089428386,0.017817200191342922,0.010182647440066611
396.0,1,0.12216508634932291,0.09323723747572817,0.11479089202146042,0.023500587855198565,0.0164176713414832,0.009754361753465153
396.1,1,0.11850522609902328,0.08666497170300629,0.18864289584266247,0.023866567987082896,0.015141531084979554,0.009253554049880998
396.2000000000001,1,0.1104700726831533,0.07646743201498873,0.26884234147558883,0.024189219850856782,0.014025577655198015,0.008780336678302896
396.3,1,0.09633729748650124,0.06360922379524965,0.3404033007201542,0.024396320608073195,0.013228832425492009,0.008498156311125417
396.4,1,0.07627564835928985,0.0508112940472568,0.393355591524077,0.024321986778511766,0.012829933371867962,0.008504680302532522
396.5,1,0.053518365761515946,0.04159360435605982,0.42664876130049845,0.02363563848921294,0.012685750791524066,0.008807928449670384
396.6,1,0.03361766810423329,0.039260558676159005,0.445388065332621,0.02192525386195239,0.012485032865514688,0.009372427293762664
396.7000000000001,1,0.022044872562990595,0.047294431468496885,0.45566749221092917,0.018974844296428327,0.011940419450125632,0.010125575326558825
396.8,1,0.021828626983786542,0.07078639925471913,0.4616521309274102,0.015047575793185379,0.011009612991654632,0.010922124407364562
396.9,1,0.032405268055348754,0.11628900467871758,0.4655223914990043,0.010856315744448487,0.010031277722819936,0.011567348353513543
397.0,1,0.04987504145698205,0.18780950609221098,0.46837581668366046,0.007166715221437678,0.009633093275931365,0.01192397109173782
397.1,1,0.06868971473144259,0.2808487288582616,0.47078302243926007,0.0043989869435785665,0.010377790191422312,0.0119897740756534
397.2000000000001,1,0.08419645851546811,0.38074560732289814,0.47296552358683386,0.002585304217997752,0.012377167455860635,0.011863479787622217
397.3,1,0.09439121733224197,0.4692254411589351,0.474906513160039,0.0015849988548915614,0.015200911144070878,0.011679533783789164
397.4,1,0.0997244250730332,0.5344036443961354,0.476483437397096,0.0012182232203364917,0.018144301882447412,0.011619874681828677
397.5,1,0.10168115978356583,0.5753595703811656,0.4775833376932637,0.0012428388882655822,0.02059599818704162,0.01194212147426439
397.6,1,0.10164252315769699,0.5985902675313761,0.4781829948809261,0.0013801844834398717,0.022237987737243135,0.012873714265894997
397.7000000000001,1,0.10060043568921437,0.611656587633216,0.4783914497697369,0.0014865858608217831,0.02304558090597793,0.014399084435561406
397.8,1,0.09930324927936111,0.6196738440312723,0.478431685151207,0.0017218648754238433,0.02320378923158825,0.016176687450167728
397.9,1,0.09834798040361176,0.6252766991055219,0.47853381704732567,0.002542366392506465,0.02301210959689724,0.017722545141908665
398.0,1,0.09811655762099102,0.6297143609643548,0.47874005299726274,0.004494393732149579,0.022778080849901915,0.01869319811691816
398.1,1,0.09869269436847943,0.6335521461011837,0.4786136998367474,0.007923454884882651,0.022711850886976376,0.01902059905984451
398.2000000000001,1,0.09988751080830653,0.6369657398376486,0.4767423880115853,0.012806707990749571,0.0228634584782698,0.01886881973684662
398.3,1,0.10137330880705508,0.639967074519134,0.4699510314717433,0.01886372391274345,0.02312658858356608,0.01853929868661189
398.4,1,0.10283041442768075,0.6425858849868641,0.4527464364682923,0.02582067498688802,0.023297971143723128,0.018372715451033434
398.5,1,0.10403205730327128,0.6449110781983133,0.41848218124522885,0.03362154414031963,0.023163379954527503,0.018609884289240257
398.6,1,0.10486883707856598,0.6470199675892957,0.36339927948832934,0.042768774002565506,0.022575280944068937,0.01925835375678539
398.7000000000001,1,0.10534009028128602,0.6489175799790342,0.2917142533350329,0.055230888997098326,0.02149727698452016,0.020100549560313093
398.8,1,0.10551301457844192,0.6505541807529732,0.21696883796821065,0.0755998551707182,0.020010343053138865,0.020872501225785225
398.9,1,0.10543260884626106,0.6518698260930775,0.15684699563354887,0.11075815855534012,0.01827590449368578,0.02145637870935383
399.0,1,0.10496612606133948,0.6527402011691941,0.1247553093904399,0.16623450256182049,0.01644908680417173,0.02192234230535995
399.1,1,0.10358644360919492,0.6526781572409299,0.12421547848561068,0.24052246523595144,0.01458668491331289,0.022423498321417486
399.2000000000001,1,0.10020579398747813,0.6501342659395165,0.14868161888111484,0.32266436310620616,0.012650395074074491,0.02306203698203147
399.3,1,0.0933703200594979,0.6413914552504936,0.18547516101879344,0.3971738554795288,0.01063435311334594,0.023815420022681267
399.4,1,0.08209493174905434,0.6197772564476501,0.22164218943443112,0.4529352604377249,0.008681371264407057,0.024549599498256535
399.5,1,0.0669808894330613,0.57700169542633,0.2491187653779487,0.4881096445787578,0.00703062125373938,0.025103738545280176
399.6,1,0.050525521804357945,0.5079800510808903,0.266365652295248,0.5078010835847073,0.005838396263620204,0.025380713141721186
399.7000000000001,1,0.03594359405102511,0.41682939952432246,0.2760661460846313,0.5186557002296615,0.005071915973301411,0.025368577290444314
399.8,1,0.02534643492935942,0.3180689443497245,0.28166995708821313,0.5255081997681799,0.00457376548865928,0.025086092636542212
399.9,1,0.018869546421240002,0.22980396599766997,0.2855238789443201,0.5309484424889681,0.004194121716229821,0.02451228214945811
400.0,1,0.015288688629316845,0.16395132095514894,0.28878892222364005,0.5359863177203826,0.003859120879790735,0.023569538026736746
400.1,1,0.013373127524989838,0.12199494464513748,0.29190209946930723,0.5406366441612767,0.0035605086069732607,0.022198173426708545
400.2000000000001,1,0.013171552860426646,0.09834815130390447,0.2948634410139251,0.5444311003780217,0.0033205411734517063,0.020483785177936097
400.3,1,0.01701533958169116,0.08602440529894964,0.2974123539000433,0.5469821300926917,0.0031690766389275904,0.01871401357758583
400.4,1,0.029965803646621363,0.07972336886227227,0.2992571503041239,0.54838740735152,0.0031436494602228456,0.017274667704537828
400.5,1,0.058650931710849404,0.07617178465914318,0.3002901573634952,0.5492601827818503,0.0033010710869198355,0.01645189539413515
400.6,1,0.10751355398803773,0.07360273350451141,0.30065031073526777,0.5504377679270802,0.003705269241223153,0.016292525203707584
400.7000000000001,1,0.17404258827595098,0.0712716204707873,0.3006154498675879,0.5525873223967679,0.00438137411948257,0.016596507553422922
400.8,1,0.24751989450860692,0.0689984750784452,0.30043910961918746,0.5559090232932945,0.0052961215113931,0.01701499783666366
400.9,1,0.3140510319245755,0.06676597205761528,0.30025964764316143,0.5600591273221758,0.006418868975013507,0.017204480147360875
401.0,1,0.36423479910712075,0.0645353486274489,0.30010506593818,0.564289173659518,0.007794356623948865,0.01697873145051666
401.1,1,0.39673431452633245,0.06228946081940603,0.2999009754360595,0.5675614563119067,0.009492467699107627,0.01637983257252714
401.2000000000001,1,0.41573384177169503,0.060124491294881115,0.29933912753169056,0.5682075088263381,0.011438374389885698,0.015618698733069558
401.3,1,0.42636278676589173,0.05820733731211169,0.29748395406299605,0.5629195762672488,0.01331013590900898,0.014919556380734281
401.4,1,0.4322890708033683,0.056607393351419066,0.2921717902260542,0.5457897244438646,0.014654770010765945,0.014365263344877578
401.5,1,0.4357372074819009,0.055174754570784225,0.27972826773089327,0.5092858867054568,0.015147108745496409,0.013828001327923996
401.6,1,0.4380875398353837,0.05360375892831665,0.2560000251580833,0.44863741348315384,0.01477810319412493,0.013017526831728686
401.7000000000001,1,0.4401007510181978,0.05162972500080647,0.219096946223459,0.36755937723258436,0.013841124249765795,0.011645069165277671
401.8,1,0.44200479494634365,0.049197835530758946,0.17214149118731054,0.2796223586421737,0.012753527358296352,0.009648157322450054
401.9,1,0.44376615835896716,0.04655841026891602,0.12298759621941283,0.20197857504993713,0.011850466025504753,0.007322941928678127
402.0,1,0.4454148106216839,0.04447507089874062,0.08018492894284827,0.14598146221062167,0.011277016925050476,0.005226608312312528
402.1,1,0.4471262401620944,0.04472978911767966,0.048659634430944405,0.11280126533257535,0.01101531652740517,0.003934916713885939
402.2000000000001,1,0.44903041698199775,0.0508737535300662,0.029092067852709177,0.09643527741262725,0.010988012493001124,0.0038807360884140006
402.3,1,0.4510326064837593,0.06873343707915945,0.02086921979134287,0.089403706079386,0.011145084277590159,0.005312824765267036
402.4,1,0.452890916450182,0.10540726407390213,0.025142409149187077,0.08621338741718818,0.01148075342514206,0.008201724846684669
402.5,1,0.4544558373977241,0.16543427772740632,0.045104503956217665,0.08387094577361656,0.012003262606260674,0.012078622764068304
402.6,1,0.45574836657851725,0.24553562090753017,0.08302357045637894,0.0810561816008141,0.012719445114670769,0.016082580493153087
402.7000000000001,1,0.4566384567312558,0.33304178488445085,0.13610948421236788,0.07715762670147192,0.01365338846621578,0.019360316953993206
402.8,1,0.4560985527938706,0.41155116428478883,0.19519910513563843,0.07167354330217975,0.014859868713975339,0.02150944019464145
402.9,1,0.4512414576759623,0.4699218375880365,0.24867893558655368,0.06426193563931583,0.016400422267422998,0.022654721532972766
403.0,1,0.43683282911949867,0.5067066933652756,0.2888075539460297,0.055255663400984284,0.018305586498625667,0.023160026438392014
403.1,1,0.4065860606546192,0.527324265783499,0.31483013328456133,0.045896446242804284,0.020600425472438216,0.02332131748146352
403.2000000000001,1,0.35697813573438747,0.5384586086142832,0.3309867384479337,0.037808981327024246,0.023422344454144636,0.02327835699702675
403.3,1,0.2915279234324051,0.544787246312344,0.3426671365643338,0.03215432158004677,0.027047208200944726,0.02309254436943358
403.4,1,0.22111208147836545,0.5488022968634834,0.354237561438885,0.029199152681337368,0.0315882304244968,0.02282654046630718
403.5,1,0.15848412785645208,0.5517324616599492,0.36862688279986205,0.028403808626073185,0.036584398349197425,0.022550237916696848
403.6,1,0.11126721935748901,0.5541692788652038,0.38695597539611803,0.028711307007709973,0.04107039548330396,0.02230946396486166
403.7000000000001,1,0.07948523985445234,0.5563281420838826,0.40801177083115814,0.02893615356480982,0.04422487493561637,0.022110239588138177
403.8,1,0.05857670245798772,0.5582393371353063,0.4289227707721142,0.02823587817514452,0.045926099695911396,0.021923804482693154
403.9,1,0.04382568253981768,0.5599130720783023,0.4471894505034755,0.02640866016872387,0.04666965822344812,0.021697514812611313
404.0,1,0.032637442760191995,0.561400057803403,0.4621457769615215,0.02379808727287274,0.04707341448057172,0.021376356676900056
404.1,1,0.024297201714240987,0.5627585852441358,0.47447983643752506,0.020945337577805274,0.04750268637811841,0.02094154630857811
404.2000000000001,1,0.01868165493029789,0.564020289479726,0.48486667415529633,0.018291117776730537,0.04802199989391459,0.020438192669410955
404.3,1,0.015335165513703822,0.5652058155853324,0.49343546431338836,0.016068855651969593,0.04854496301618235,0.019950813898028653
404.4,1,0.01338263744743192,0.5663431945738994,0.5001951081713871,0.01434124184752219,0.0489935784208188,0.019533475477389487
404.5,1,0.011916946105375593,0.5673956903740218,0.5053916902048455,0.01307829477313676,0.049354689659540464,0.01915118391157908
404.6,1,0.010383833541105935,0.5680289386339372,0.5093054343515533,0.012210136889286419,0.04963352003853131,0.018667786382462692
404.7000000000001,1,0.008772445503979927,0.5671531156843111,0.5118832233439734,0.011642325046935314,0.04979676186399496,0.017862339155537935
404.8,1,0.007518444651956938,0.5622108373277968,0.5126271198074246,0.011256629842814779,0.049785045546202174,0.01647080427492353
404.9,1,0.0070715630416287156,0.5486146983140177,0.5106325377224411,0.01092767894588433,0.04957828340884364,0.014309985366614502
405.0,1,0.007376729539693416,0.5206247490612258,0.5045771330773916,0.010580750761330034,0.04923408757349573,0.011483771224004256
405.1,1,0.007728106275774093,0.4747886123991018,0.4930330962371413,0.010290024219293922,0.04884715399694269,0.00849041357774424
405.2000000000001,1,0.007193021829973569,0.41426873035500394,0.4755910004101503,0.010340108943471508,0.04845015627447965,0.006030536241792905
405.3,1,0.005334236434100092,0.34952213951271177,0.4541101021661133,0.011111214452114125,0.04792637446140422,0.004603809491056486
405.4,1,0.002802101747629496,0.29308502547107057,0.4324571929466359,0.012764031981932964,0.047010267231768293,0.0042337346454440474
405.5,1,0.0016256810891230123,0.25257706048220946,0.41437567614498055,0.014973990420532825,0.04540355897139718,0.004535155547465816
405.6,1,0.005261729672762404,0.2281399021311636,0.40132561319868293,0.017035530045769014,0.042916483620399196,0.005019520497312825
405.7000000000001,1,0.018122963691540636,0.21530371239673754,0.3920410840678809,0.018296148867744288,0.03948359696637312,0.005375323660521806
405.8,1,0.04381590100028144,0.20910805274565405,0.38334597873335585,0.01850121489577558,0.035090096967168125,0.005541876671055452
405.9,1,0.08219415401215703,0.20609982604792645,0.3708797935567666,0.01777670252608479,0.029852365739244987,0.0055931123868507605
406.0,1,0.1275830289546261,0.20435388687263864,0.3499274932884505,0.016417101016568826,0.02426119483536994,0.005595015982396584
406.1,1,0.17085612507793543,0.202970356201147,0.3175603652606465,0.014739200333946429,0.01918325222286786,0.005564774879214056
406.2000000000001,1,0.20444791413964675,0.2016799515460947,0.2754192091179436,0.01302180592445919,0.015416771458620243,0.005517657195759886
406.3,1,0.22596599744587814,0.2005087147068244,0.2301232378086735,0.011460802628543447,0.013229176885243598,0.005518363504194592
406.4,1,0.23766852341948244,0.1995148366421407,0.18974755125892295,0.010160604322496922,0.012350723079058408,0.00567745689986681
406.5,1,0.24344483016102872,0.1987401881916469,0.1592039513056666,0.009172177011566413,0.012305399788678284,0.006080908776766397
406.6,1,0.2464207202689373,0.19843077719698962,0.13869726568050716,0.008516391594997825,0.012668736364572284,0.006706553841289911
406.7000000000001,1,0.2483147118550298,0.19948107119590064,0.12571270519153666,0.008174927642463565,0.013127307731504095,0.007422054410779111
406.8,1,0.2497977110440859,0.2040812537386935,0.11753908679742969,0.008103705638036758,0.013477023660336766,0.008086077462821225
406.9,1,0.2510074162887758,0.21635432625578144,0.11219203760695456,0.00829908664992037,0.013633725171431972,0.008656160701013039
407.0,1,0.2519165398905537,0.24198802520817944,0.1081512350877314,0.008867562618675,0.013614073419929158,0.009203529926845871
407.1,1,0.25253895486568567,0.2854871455734171,0.10397675798969085,0.010000352815561924,0.013470627148472199,0.009837349639374084
407.2000000000001,1,0.2530227728321873,0.34568782380673535,0.09807334681088625,0.011805244545566015,0.013224557114219234,0.010617570253813798
407.3,1,0.25365188980295555,0.41360465174859506,0.08863175408566862,0.014117015910277135,0.012841419477014266,0.011532128708728889
407.4,1,0.25476960277340893,0.47624816041330365,0.07417616648530131,0.01650638738317664,0.01227053572970106,0.012540128823069608
407.5,1,0.2567097059376156,0.5240198499161429,0.05479117441457519,0.01851738132059116,0.011525148852028554,0.013595019415828228
407.6,1,0.2598048724332745,0.5549713357717108,0.03288486313636808,0.019880777806416526,0.01072849801528211,0.014584357956289635
407.7000000000001,1,0.26436089522140754,0.5729048259762662,0.012212514844388688,0.02049962751582816,0.010064730575804745,0.015267910002141165
407.8,1,0.2704267606759304,0.582850728060684,0.0,0.020328070116493846,0.009669358888972631,0.015360765523699476
407.9,1,0.2774475203794136,0.5884499518491776,0.0,0.019378880487096625,0.00955382967844016,0.014749105932359211
408.0,1,0.2840976858304102,0.5918797365191028,0.0,0.017850437745491905,0.009612044183584897,0.013627261198889783
408.1,1,0.2883814836227094,0.5944729090977429,0.0,0.016146536033803692,0.009683630896769567,0.012393646432126416
408.2000000000001,1,0.287854892360857,0.5969556062518658,0.0,0.014686813653369513,0.009623369878056953,0.01140054699498741
408.3,1,0.28012850516387283,0.599511606699656,0.0,0.01368556141742818,0.009333635330309141,0.010790170958758285
408.4,1,0.2640612492596778,0.6019859714810561,0.0,0.013115688601962413,0.008748328888453632,0.010517653705247015
408.5,1,0.24123050290990838,0.6041478763636045,0.0,0.012841279938775202,0.007811434693334838,0.010466612242200697
408.6,1,0.21610010124931625,0.6058469044900227,0.0,0.012743554359752999,0.0065068252700425985,0.01052741298315884
408.7000000000001,1,0.19396383691391805,0.6070528363634211,0.0,0.012752225831035685,0.004917234441709326,0.010602099243648183
408.8,1,0.17814779460703847,0.6078449260490939,0.0,0.012833191158794164,0.0032130595058231255,0.010582243133577855
408.9,1,0.16890256647331509,0.608368396097011,0.0,0.01299678825409932,0.0015393418104891375,0.010359417496927193
409.0,1,0.1644470265398789,0.6087354778860772,0.0,0.013322788462654401,0.0,0.009878889007690803
409.1,1,0.16254906006891717,0.608860904177606,0.0,0.013947602279842975,0.0,0.009178958241554172
409.2000000000001,1,0.16131465650272556,0.6081893651533825,0.0,0.014969324500743578,0.0,0.00836105420274576
409.3,1,0.15930036338967557,0.6051409919733991,0.0,0.016305729662355127,0.0,0.007521794817538923
409.4,1,0.15561244544318048,0.5961531556779202,0.0,0.017623546646371432,0.0,0.006719117662087692
409.5,1,0.15015509667869906,0.5749394333797392,0.0,0.01842672136840978,0.0,0.005978902545503776
409.6,1,0.1435971072332906,0.5337384619437079,0.0,0.01826511537702202,0.0,0.005295312004704905
409.7000000000001,1,0.13672375990137323,0.46788874642934053,0.0,0.0169524731156696,0.0,0.004610365861088603
409.8,1,0.1296443047193749,0.3814316959002341,0.0,0.014688840175751897,0.0,0.003794643885551742
409.9,1,0.12177802722525082,0.28800621977152785,0.0,0.01199419411170908,0.0,0.0026537035252010696
410.0,1,0.11273079952302162,0.20424446722911066,0.00016602470353429923,0.009448315527315431,0.0,0.0010001116002154586
410.1,1,0.10300616961287545,0.1408272811957575,0.01654552158167484,0.007418811277802195,0.0,0.0
410.2000000000001,1,0.09366973598568173,0.0990397295422901,0.030772614881263656,0.005988334931886331,0.0,0.0
410.3,1,0.08545214130558511,0.07408778649586467,0.04104543651133303,0.005071480315265153,0.0,0.0
410.4,1,0.07836479688229879,0.05994592085655946,0.04755950394524633,0.004555517315713391,0.0,0.0
410.5,1,0.07196110131523985,0.051764081924301736,0.05147346120153943,0.004378787095372468,0.0,0.0
410.6,1,0.0655226160174819,0.04630628005184269,0.053850930140323404,0.004573615429488144,0.0,0.0
410.7000000000001,1,0.057932601095614836,0.04201730717691775,0.05534125133858412,0.005284968969003089,0.00021981649861273323,0.0
410.8,1,0.04787215626579407,0.03893579623562511,0.05632722112654162,0.006702489732894469,0.0015222383696659803,0.0
410.9,1,0.034779183643255406,0.03806783122928124,0.057060559332498303,0.008866725708990357,0.0029649196700965563,0.0
411.0,1,0.019851215863603534,0.04032400226323829,0.05767726863443495,0.011483065487941944,0.0042734388320209045,0.0
411.1,1,0.005842747590328809,0.04557831019888472,0.058207055571451435,0.01398130901419394,0.005242612311014491,0.0011341470419770827
411.2000000000001,1,0.0,0.05243536946856826,0.058633299856589174,0.015845512828016647,0.005849470299096652,0.0022910012969268216
411.3,1,0.0,0.05889217868095099,0.05895841175716871,0.016924651308031557,0.0062352085100710174,0.0033865731341093347
411.4,1,0.0,0.06339764498108891,0.05922670794643898,0.017459910662850894,0.0066107583729681976,0.004328011315022595
411.5,1,0.0,0.065496189857751,0.059510359535378615,0.017867502172749745,0.007165561605021234,0.005152540724278718
411.6,1,0.0,0.06568894794625472,0.05988520765458428,0.018479570563358784,0.008004677143659884,0.006120083063651095
411.7000000000001,1,0.0,0.06485378197076054,0.06039932239190565,0.019391462347865193,0.009119358900160728,0.007754558927550427
411.8,1,0.0,0.06376640467011371,0.061029326101958194,0.020484464307189955,0.010414982116269428,0.010848785841251209
411.9,1,0.0012917769559080386,0.06294723184140348,0.061640808363214665,0.02159770379501409,0.011783081703573532,0.016281699025871677
412.0,1,0.003600770878457091,0.06278700677803993,0.0619544478691545,0.02268122420770444,0.013132878560188925,0.024471065072153488
412.1,1,0.00621243590097414,0.06390513470902245,0.06146300927315331,0.02377090078278619,0.014344117289757184,0.03473376066109204
412.2000000000001,1,0.008969228071774457,0.06774531728513934,0.059280876052545665,0.02485450975807068,0.015240031398790786,0.04530491870724559
412.3,1,0.011423288415044447,0.07717797931853816,0.05412996594105883,0.02583057732642738,0.015672070818207578,0.054337092617595555
412.4,1,0.01304750206180525,0.09628170859626746,0.044836261284842256,0.026602128284936268,0.01563684672449398,0.06107193766065507
412.5,1,0.013530142736748251,0.1283122473840074,0.03133527721284521,0.02716111854196107,0.015280346129169868,0.06605813929620152
412.6,1,0.012998780165579184,0.1724222132399257,0.015360316928930756,0.027563264529913714,0.014787569938251277,0.07032866722905523
412.7000000000001,1,0.012013191963842904,0.22211201346304002,0.0,0.0278448021976203,0.014288572481392139,0.0745198685988237
412.8,1,0.01139183321920971,0.26797832098354374,0.0,0.027978010234203456,0.013867072940102,0.07874785949327202
412.9,1,0.012229090623912836,0.30303211671266944,0.0,0.027894814795842295,0.01362633625696007,0.0830274587427741
413.0,1,0.016366742815845478,0.3258323629919293,0.0,0.027535358169339913,0.013699395049913318,0.08747246509246585
413.1,1,0.026837523770573562,0.33921591779050886,0.0,0.02686061665226305,0.014141527645678746,0.09205475980141195
413.2000000000001,1,0.04706474298861138,0.34699192455593336,0.0,0.025815912814468243,0.014793934502846554,0.09642040892141376
413.3,1,0.07831228187940249,0.35185915100020615,0.0,0.024322141303425235,0.015312134701003387,0.10011979074320547
413.4,1,0.11726606372306629,0.3552409022751741,0.0,0.022395443111411197,0.015406919687674393,0.1029706464320462
413.5,1,0.15679116424717804,0.35783711814122776,0.0,0.020352861456503415,0.01506754120868366,0.10516884722326582
413.6,1,0.19002195893915222,0.35998732611552414,0.0,0.018884176710733343,0.014531497233613097,0.10723637585706464
413.7000000000001,1,0.2140019849844427,0.36181251867353625,0.0,0.018835482573796556,0.014070748882829543,0.1101653934290942
413.8,1,0.22974155671572777,0.3633276748708137,0.0,0.020829012200379405,0.013838476410036321,0.11576667147277915
413.9,1,0.23982448953643384,0.36453807288280043,0.0,0.024980410524138484,0.013861729608718709,0.12660298600431572
414.0,1,0.24651129483800738,0.3654727124499187,0.0,0.030839598612796965,0.014085935575774719,0.14478958625097668
414.1,1,0.2513476051928119,0.3661864764107584,0.0,0.037519669745995014,0.0144358024848977,0.16999243281591167
414.2000000000001,1,0.25542545253994675,0.36678846463781967,0.0,0.04394748162794882,0.014948901945926085,0.19839229802089758
414.3,1,0.2595249581169263,0.3675022038417813,0.0,0.049167108413061884,0.015892371784455756,0.22415760093615322
414.4,1,0.26407945117365145,0.3687268415811299,0.0,0.05259199970232883,0.01761745289856011,0.24261249962873685
414.5,1,0.26918412849720086,0.3710958226532922,0.0,0.05411737328424803,0.02016516327553912,0.25251066636898684
414.6,1,0.27473783008390773,0.3755001440579664,0.0,0.05408303929158869,0.023059014075475868,0.2558829326751039
414.7000000000001,1,0.28056476811448683,0.38279673527566244,0.0,0.05312613759539228,0.025591345292089625,0.25619696325058333
414.8,1,0.28637794313706727,0.3928203222473594,0.0,0.05197794336817454,0.027309475939552852,0.2563717004432776
414.9,1,0.2917107706635401,0.40312778923760667,0.0,0.05128568346755199,0.028206679559891368,0.2575925882988155
415.0,1,0.29602984883877026,0.4091365486680248,0.0,0.051518397612208965,0.028544327341805578,0.25928127770913634
415.1,1,0.2989905432131486,0.406733693594926,0.0,0.05292306167176099,0.028596022082021645,0.26011679932128373
415.2000000000001,1,0.30057958803597384,0.39554868637366,0.0,0.055479143651366344,0.028524353617840288,0.2593401152639559
415.3,1,0.3009757282045239,0.3795183521222019,0.0,0.058898272095145615,0.028376547893016964,0.25731807031765824
415.4,1,0.30016626495380366,0.363991606726682,0.0,0.06274165393426011,0.02811753230746382,0.25506992750499735
415.5,1,0.29744890844968846,0.35234870340212326,0.0,0.0666074330002867,0.02767195981955925,0.2534356588697628
415.6,1,0.29103429456678487,0.3451000339448712,0.0,0.07025585117227814,0.026986956862012083,0.2526812265578088
415.7000000000001,1,0.27826492731101127,0.341280343555908,0.011062006055437982,0.07360641173266198,0.0261046712923724,0.2526569041132766
415.8,1,0.2570416587510003,0.34011142041250375,0.03355184136346704,0.07665213558061204,0.025187790086135177,0.2531076673424092
415.9,1,0.22797651009326436,0.34186166121637296,0.05966792236867048,0.07937749344780051,0.024458305223941514,0.253821862220859
416.0,1,0.1952222082134828,0.34814589248455174,0.08465383897639793,0.08173871253744079,0.024093255414874986,0.25460160413904775
416.1,1,0.16443509354794747,0.3616898064406456,0.10486274480782137,0.08373036451304677,0.02416015700616887,0.2551275747047927
416.2000000000001,1,0.13932496627733112,0.3848744574069203,0.11964246980130434,0.08557081487472312,0.02461390063959263,0.2547033870189683
416.3,1,0.11996791343359987,0.4172352177292733,0.13084504734235874,0.08807604003612575,0.02532008672505549,0.25187299333999624
416.4,1,0.10407605648172437,0.4541296985935593,0.14096531849438676,0.09314612445266653,0.02611437708729084,0.24419779824584129
416.5,1,0.08953566053713856,0.48870740337304713,0.1515402988914039,0.10377661178866576,0.02694381114779167,0.22886484492866555
416.6,1,0.07595315814595728,0.5158996712887813,0.16258815827761036,0.1227334286558255,0.028144255122505984,0.20450777249580632
416.7000000000001,1,0.06431391853782104,0.5346551418861392,0.1730769075842802,0.15013079453913125,0.030936733480144273,0.17322129419599314
416.8,1,0.055518934258298965,0.5468112837065076,0.18194113541429216,0.18205445199890227,0.03826286027886265,0.14061928738656704
416.9,1,0.04933585109443421,0.5546920865340205,0.18895910324783502,0.21223595379836172,0.05562432180387837,0.11304690240645286
417.0,1,0.0445616436300219,0.5598165029430723,0.19501727435198543,0.23571495054932926,0.09042591779320938,0.09397261613130453
417.1,1,0.03991721636112766,0.5628257128058531,0.20163095442655873,0.2511519415541528,0.14809558681335422,0.08254829721367299
417.2000000000001,1,0.03491014456760476,0.5637877680037157,0.20992568719700178,0.2601383704638259,0.2263167961407458,0.07507006446993485
417.3,1,0.030324415597172014,0.5627589870968431,0.2197844515755296,0.26504430356289665,0.31288817199986513,0.0676419078945886
417.4,1,0.02802035626939184,0.5605069005802776,0.22996094349468912,0.2676030338496436,0.39123710810376194,0.058196579501389775
417.5,1,0.029762753349837193,0.5585565771692917,0.2390751884170382,0.26874701875484636,0.4497537464024666,0.047093265984026376
417.6,1,0.03571904277956903,0.5582321741609806,0.24647915422965308,0.26896694283163586,0.4866657789676628,0.03628799288834804
417.7000000000001,1,0.04407242832398823,0.559799430763794,0.2522609200431708,0.2685983435761801,0.5073780726717074,0.027737063993932373
417.8,1,0.05226270605450023,0.5626817638552224,0.2566814374950265,0.2679274592012064,0.5187604381611159,0.022212158455019754
417.9,1,0.05858450555140599,0.5661797290935017,0.25974681385488474,0.26718098102380916,0.5256742470982992,0.019255940269584458
418.0,1,0.06267769495180356,0.5697600226785773,0.2611581372864754,0.26647158973965274,0.5306448102004347,0.01789125191740706
418.1,1,0.06493637295760514,0.5729751755847142,0.26042718020692485,0.2657808350521161,0.5347476608398944,0.017247371714897736
418.2000000000001,1,0.06583480459093911,0.575444196777342,0.2570787998943834,0.2650300187203103,0.5383261985391068,0.01675157058453422
418.3,1,0.06572237107584364,0.5768055400280582,0.25109599262860177,0.2642033273413474,0.541410122210898,0.016064965926438274
418.4,1,0.06491974422724596,0.576335784299023,0.2434054897687467,0.2634268869160193,0.5440106567182529,0.015005123552199576
418.5,1,0.06380961126625855,0.5722872696471452,0.2357040711593288,0.2629254044230396,0.5462665004538697,0.01352597059377078
418.6,1,0.06282044365832687,0.561541555178761,0.2293985624457769,0.26284547875007913,0.5484075086440545,0.011715431812146933
418.7000000000001,1,0.06243543944276348,0.5405741349213247,0.22453909250147988,0.26298558169414965,0.5506441521354677,0.009758464024627005
418.8,1,0.06349315501992767,0.5080680151487872,0.2197423033468593,0.2624527746463243,0.5531081885077642,0.007845177852945836
418.9,1,0.06791942410556917,0.46740021195640447,0.21306486239034264,0.25926897516484365,0.5558478100284796,0.0060643364080544835
419.0,1,0.07948289992674828,0.42606744253452794,0.20309037401392738,0.2502378697239551,0.5587983672372502,0.004373123579938726
419.1,1,0.10335585877530262,0.3916465196298093,0.18965153472811383,0.23186286388705335,0.56168120142567,0.0026883215560457702
419.2000000000001,1,0.1433077614157721,0.3677524363951886,0.17399564829694011,0.20288678346126116,0.5637870255506126,0.001000879684691081
419.3,1,0.19762195358705692,0.3533916911735624,0.15850419969209564,0.1673583358086852,0.5634721446327849,0.0
419.4,1,0.2576786430752323,0.34519843697545893,0.14607468483145108,0.13562267626719987,0.5572078489427064,0.0
419.5,1,0.3119583552988869,0.33965146193942036,0.1390132624200629,0.12168570376643806,0.5387332425626068,0.0
419.6,1,0.3526134548543744,0.3336522504209389,0.13769933901646245,0.13799041573925244,0.5000498465826505,0.0
419.7000000000001,1,0.37870735784075676,0.3239377778542201,0.1402543388369612,0.18964638243354395,0.4358097929110837,0.0
419.8,1,0.3941217733162011,0.30665018098496516,0.14396952352758333,0.27027766823689,0.3492888283240105,0.0
419.9,1,0.40352448091573573,0.278381280590017,0.14717799703971013,0.36280570637276716,0.25429346215646276,0.0
420.0,1,0.4100848554720273,0.23881620036729384,0.14967308635289686,0.44703310526617024,0.16920285852663178,0.0
420.1,1,0.4153464546094806,0.1926568080199654,0.15176295818432872,0.5096159772130922,0.1071179638368179,0.0
420.2000000000001,1,0.4198549615900915,0.14794286189025063,0.15353076732271523,0.5485413730726516,0.07048999019413846,0.0
420.3,1,0.42373502702931537,0.11150037874448417,0.15495218721817586,0.5697035949753291,0.05352078566804944,0.0
420.4,1,0.4271832076115663,0.08575496909525462,0.1561949863058475,0.5806344342882579,0.04804348205012537,0.0
420.5,1,0.43079085999142486,0.06931827718987682,0.1575316954405988,0.5868217106099969,0.04760929150695074,0.0011122747090101582
420.6,1,0.43548390223624855,0.059416284015244424,0.15904174874689253,0.5913041606862466,0.04856721812211336,0.00304670616833653
420.7000000000001,1,0.44220365603664874,0.05346865378207668,0.16043573856587962,0.5954432617810611,0.04952590127782732,0.004782178454520949
420.8,1,0.45166255498393115,0.049488587150412336,0.1610628218819014,0.599542447329471,0.050369536238964965,0.006243738027591531
420.9,1,0.4641343612311599,0.046168847246900055,0.16009172310162306,0.6032990478198405,0.05131463721708063,0.007308835559038617
421.0,1,0.47907304979496934,0.042911331706977585,0.1569351879552578,0.6062824150245921,0.052313525639878455,0.007906344912229522
421.1,1,0.4949504274211915,0.03963389193221639,0.15178387555937561,0.6083103447821517,0.05295204674080334,0.008095629338387384
421.2000000000001,1,0.5098431364299786,0.03644293443946254,0.1457507704707642,0.6095493380748512,0.05268045605101677,0.008041002461654788
421.3,1,0.5222226047798791,0.03341981201789682,0.1402979002339597,0.6103649984031179,0.05106780570134574,0.007928950720723084
421.4,1,0.530840001758196,0.030590338827168502,0.13637341227820915,0.6110930150929456,0.047910643556686575,0.007902072458397729
421.5,1,0.5337664946293385,0.027973108014403284,0.1340099789870299,0.6118830074406147,0.0432768142803011,0.008022552398809106
421.6,1,0.5279147152709931,0.025602735872061133,0.13251988205175821,0.6126583904322267,0.03756540631076631,0.008262990748130982
421.7000000000001,1,0.5101826547162582,0.023528972463459034,0.13075323377522258,0.6131157734499579,0.031484525435501357,0.008549467020252065
421.8,1,0.4800192904718904,0.02184259136061174,0.12704204920098186,0.6125811903937018,0.025844858007490607,0.008847549035887832
421.9,1,0.44148689455981116,0.020741445888513642,0.1191969790165743,0.6094487908553345,0.02127142037838397,0.009205971022208565
422.0,1,0.4023487618273142,0.02057197594552958,0.1053985445226323,0.6000587727752272,0.01803257320930327,0.009696452765646547
422.1,1,0.37009143157732916,0.021725836471509337,0.08615052320990697,0.5777107812897896,0.016057707492808163,0.010320245514924203
422.2000000000001,1,0.3481526216765836,0.024350990998274362,0.06574455140382324,0.5338189270267961,0.015072668568866281,0.010998817435578685
422.3,1,0.3354587028510745,0.028084053007675178,0.05097609505132471,0.4628762409605351,0.014766542692385013,0.011643651181723504
422.4,1,0.3287522997196182,0.03215985893480514,0.04710757441173379,0.3689370189592607,0.014934978200392184,0.012199124497542811
422.5,1,0.32499517694217267,0.035967529658027145,0.05434333859214913,0.2671887249489376,0.01554157757997971,0.012619591708673555
422.6,1,0.3223392396085761,0.03958126481397202,0.06805130874006957,0.17689359147386718,0.016643691983480563,0.012848404453298152
422.7000000000001,1,0.31999721143130583,0.043670801761654256,0.08227275751814936,0.11085682682357868,0.01821287981247923,0.012853339732922978
422.8,1,0.3177233010087243,0.04877913266758299,0.09314252824547836,0.07056995765557021,0.02000417809152078,0.012681553019515252
422.9,1,0.3152548329708182,0.054655740596149804,0.09976243215980983,0.049628691885726474,0.021626164661232912,0.01245741766519723
423.0,1,0.3119008522539446,0.06032585353424185,0.10297884026000975,0.04003430100178666,0.022764347096454505,0.012303940365346754
423.1,1,0.3063177961625781,0.06480581173532506,0.10393886456636124,0.0360019531908686,0.02333743818977783,0.012258032586491106
423.2000000000001,1,0.29629763032821116,0.06772704686945179,0.10347967084923812,0.034871961698060325,0.02345638144626493,0.012264851722278943
423.3,1,0.2787030795966237,0.06936000812766188,0.10215233203053102,0.03723946804161015,0.023280504314426072,0.012249648169484543
423.4,1,0.2504580225988573,0.07024594462664097,0.10036214810427967,0.047431163439848746,0.02293579441461572,0.01218354803957898
423.5,1,0.211019749297456,0.07093747665891205,0.09842626967927529,0.07359624808585956,0.022541446100451296,0.01208498337085631
423.6,1,0.164414493893475,0.07205196330988269,0.09658846030483939,0.1254051325810423,0.022262129196334787,0.01198124439493001
423.7000000000001,1,0.11808529184140978,0.0745129576502249,0.09503253766285358,0.20806454511229525,0.022290521346797078,0.011879291929068945
423.8,1,0.0790935247483669,0.07972638326073017,0.093897348871019,0.3155419989954315,0.02275075981653733,0.011760766327981169
423.9,1,0.05135955966020999,0.08930318809452358,0.09328262951144775,0.42989400128201033,0.023598807965015522,0.011602417511811491
424.0,1,0.03567511797573296,0.10403868090057758,0.09322545999745378,0.5299355026129241,0.024604370577399594,0.011424043233288694
424.1,1,0.030662587134786423,0.12270906153415288,0.09364648283243036,0.6027434533339985,0.02544433531249454,0.01132145646092379
424.2000000000001,1,0.033238241436288084,0.14207895290041664,0.09433104051499622,0.6480468677634573,0.025867296328059515,0.01140651581883609
424.3,1,0.0393434395043221,0.1586513267385913,0.09501492646388472,0.6735020394842965,0.025839841113376318,0.01166808159056658
424.4,1,0.04541844414682823,0.17066316709829002,0.09550657911115201,0.6874900746742355,0.025592065677260564,0.01191644731242509
424.5,1,0.04957876399342043,0.17847513518632002,0.09567304131023524,0.6955441633238555,0.02553284268489351,0.011933870238377884
424.6,1,0.051618306399449795,0.18343273961743276,0.0952354708896734,0.7005899389616843,0.026060360182825412,0.011703666298234168
424.7000000000001,1,0.052203542439314014,0.18671280368900942,0.09353753406647,0.704191906341379,0.027341780104308388,0.01146260664683315
424.8,1,0.05208712513960364,0.18900717744314827,0.08956974888680003,0.7072196830894969,0.029187131354920584,0.011515317803685565
424.9,1,0.05173866050752753,0.1906941868583324,0.08246494208037632,0.7100510493659006,0.03113283618353078,0.012004499409597058
425.0,1,0.05132497828374955,0.19196925156675587,0.07227991999576444,0.7127407460946994,0.03269979685649941,0.012833458345290696
425.1,1,0.05083831075500236,0.19286322749491883,0.06034192481959458,0.715213066832703,0.03362161917950321,0.01375215173509369
425.2000000000001,1,0.050242149238512925,0.19329624959191546,0.04860342134694944,0.7173903766616582,0.03388723389652081,0.014493846572088421
425.3,1,0.049567605721349536,0.19321048736445381,0.038519072735759934,0.7192460078883605,0.03364831568226728,0.014866374706336767
425.4,1,0.04891572744245295,0.19268586425616457,0.030546414517160565,0.7208158717587889,0.033112939170600535,0.014774585803054581
425.5,1,0.04840429912835373,0.19193197392882946,0.02452178566794468,0.7221689615649788,0.03246096860838919,0.0142012072867638
425.6,1,0.04821046156837601,0.19116716882909296,0.020163386475610945,0.7233171554003409,0.03178197786259443,0.01318548355973556
425.7000000000001,1,0.04883708883697046,0.19051093582148534,0.017181835319386222,0.7240511155032747,0.03106711767066045,0.011821101725178895
425.8,1,0.05143562186622228,0.18997653330891381,0.015215176573501056,0.7236187399133481,0.030261198143821846,0.010260040624844351
425.9,1,0.05762283893791879,0.18951632810698554,0.013878346395443204,0.7199993465222442,0.029323944694869358,0.008686039252315517
426.0,1,0.068386803412637,0.18903652337253296,0.012861696676990553,0.7086508069251949,0.028243049019256766,0.0072474509191077265
426.1,1,0.08276275083602204,0.1883616232447105,0.011937174175744627,0.6816051905601351,0.026986022815375085,0.005998948457951797
426.2000000000001,1,0.09780301490335966,0.18721820787530646,0.010899445439742668,0.6291869289338643,0.025452971201373353,0.004912761707907841
426.3,1,0.11031255475480717,0.18543568161761653,0.009517338507873351,0.5459043378690849,0.02353748281929275,0.003950199507788066
426.4,1,0.11878159953446467,0.18378466111826727,0.007511866081944761,0.43743782581699076,0.021301178000672813,0.0031193334229511617
426.5,1,0.12375441741338108,0.18554246218570558,0.004609860662183374,0.32154617113237327,0.019077738737460406,0.00246962492698761
426.6,1,0.12677455292342052,0.19724911046023721,0.0007490634503286376,0.21959550202859382,0.01732527820656124,0.0020562682836244104
426.7000000000001,1,0.12929523988567682,0.22596186107099994,0.0,0.1452156117554941,0.016313415091052202,0.0019433878137319499
426.8,1,0.13226874001749891,0.27323192751587555,0.0,0.0998074696082689,0.015921479353461207,0.0022517593024034767
426.9,1,0.13609496428760684,0.331375838190678,0.0,0.07674137920329616,0.015682471507605728,0.0031631251417491455
427.0,1,0.14059055728030379,0.38721780077264784,0.0,0.06823591197811237,0.014961717087849408,0.004809656760854962
427.1,1,0.14511932740246908,0.43045457115219604,0.0,0.06981568715286936,0.01314568526544352,0.007114785932769691
427.2000000000001,1,0.1490101016998027,0.4585793815164777,0.0,0.08153462028806793,0.009869154278109844,0.00973154133997394
427.3,1,0.15198499510369184,0.4750269164673232,0.0,0.10622619556525018,0.0052829776243105584,0.012142763242098283
427.4,1,0.15425268758530686,0.48452979828949905,0.0,0.14518165100148897,0.00013151441486885756,0.013864969991914545
427.5,1,0.1562749535416573,0.4904183436593162,0.0,0.19407029087019198,0.0,0.014647058018238228
427.6,1,0.1584693386210493,0.4944943566852277,0.0,0.24326919698092858,0.0,0.014556087237429773
427.7000000000001,1,0.161030505074078,0.4976983877848087,0.0,0.2830515599492361,0.0,0.01389413880769901
427.8,1,0.16388164857078924,0.5004932157767126,0.0,0.30887570385280855,0.0,0.013009767181550865
427.9,1,0.16671770547229853,0.5030274829780649,0.0,0.3222197692635049,0.0,0.012157972177714768
428.0,1,0.1691022678048829,0.5053119605306601,0.0,0.32751314414739124,0.0,0.011503206638272775
428.1,1,0.1705227978955813,0.5073674769960477,0.0,0.32888830829521226,0.0,0.011197728245278137
428.2000000000001,1,0.1702769498039614,0.5092517375472473,0.0,0.32891294707184277,0.0,0.011388556226455484
428.3,1,0.167239723628197,0.5110049310627957,0.0,0.32880448826786424,0.0,0.012114446826096144
428.4,1,0.15993565644727914,0.512612528129964,0.0,0.32898743994144547,0.0,0.013225923771716093
428.5,1,0.14739286423751605,0.5140174700370117,0.0,0.32953416520774187,0.0,0.01446395462364259
428.6,1,0.13046888561903922,0.5151357374372004,0.0,0.33046989698479046,0.0,0.015638999512027674
428.7000000000001,1,0.11239014767453252,0.515802627689081,0.0,0.3319534920501924,0.0,0.01671965013878932
428.8,1,0.09771297752331526,0.5155494249797242,0.0,0.33436245962589173,0.0,0.017751822518635708
428.9,1,0.09066460114905928,0.5130479081404925,0.0,0.33830428773714316,0.0,0.018727083913598376
429.0,1,0.09426107873521719,0.5051832053193762,0.0,0.34440897719107305,0.0,0.019547579144234724
429.1,1,0.10985563951203084,0.48640461723339695,0.007172414999402837,0.35278626985215833,0.0,0.020091778126797917
429.2000000000001,1,0.13600146877967836,0.4499323370642103,0.024798534718231183,0.3625292677651867,0.0,0.02027619693877569
429.3,1,0.16761023771400066,0.3918630778639789,0.04738621018744937,0.3719266023018774,0.0014007027019704047,0.02005283331173448
429.4,1,0.19774446029843754,0.31602537982684686,0.07194527526303064,0.3793520523434713,0.0028926052359518222,0.01938581673728423
429.5,1,0.2216899344524957,0.23461903636561904,0.09491129740402336,0.38389725032142663,0.004167685473973017,0.018275345675449205
429.6,1,0.23962603421427717,0.1623495385386344,0.11410974571464617,0.3850380715732677,0.005152641001622948,0.01684402895019421
429.7000000000001,1,0.2552762851581571,0.10857065196104576,0.12928839552987478,0.381746002342478,0.005873210271457167,0.015448921135332706
429.8,1,0.27201365749004136,0.07421978982485627,0.14106784329450006,0.3721835300082737,0.006381773526798778,0.01477935801570874
429.9,1,0.29002386624536264,0.05473317939938016,0.14990725035070593,0.3548140304700683,0.006715702204241609,0.015890769182367176
430.0,1,0.30664167230838774,0.04447077808682074,0.1561037098725674,0.3304369340883784,0.00689865201295941,0.020015983542623357
430.1,1,0.31893026710660966,0.03903192155457675,0.16019263581336846,0.3031708186939145,0.006949396835254156,0.027949352071653655
430.2000000000001,1,0.3259063379932768,0.035611627981366446,0.16288826190447755,0.27876726435957083,0.00688300689700656,0.039208861178394463
430.3,1,0.32889788613017434,0.03276117837561137,0.164713945377185,0.2613563471325627,0.006712938040797159,0.05180136391789053
430.4,1,0.33060362273012855,0.030013225770677807,0.1659189144483053,0.25157938995118834,0.0064562344758733676,0.06316435463128713
430.5,1,0.3339039512355265,0.027377233485471733,0.16676136177964326,0.24741464574775168,0.006130991299590391,0.07160666539648235
430.6,1,0.3406907252585273,0.024919478945031583,0.1677522000990827,0.24621354753957983,0.005740395068232577,0.07694858491655068
430.7000000000001,1,0.3509706267668974,0.02262398188106521,0.1695610984946245,0.24604669199140322,0.005256056617097882,0.08000791046353346
430.8,1,0.3630048953225743,0.02045224053616337,0.17265016724468285,0.2459469785764891,0.004620146734735658,0.08174130031483491
430.9,1,0.37461500619712784,0.018410813634336297,0.17693190888443094,0.24560635986370113,0.0037775950476491298,0.0828086242635324
431.0,1,0.38452678223591336,0.016545757998329153,0.18175829914718405,0.24497521775166345,0.0027347378719237074,0.08357353078377437
431.1,1,0.3926443406284155,0.014912112191161918,0.18630912202393293,0.24390630932374185,0.0016059261190038126,0.08421103932368477
431.2000000000001,1,0.3993786285717299,0.013561478813306348,0.19011002420896816,0.24185988774381065,0.0005800065723983198,0.08477289142548489
431.3,1,0.40491240908869575,0.01253849771189871,0.19335337615070317,0.23762984052781916,0.0,0.08524395089595448
431.4,1,0.40891743836798666,0.011886516602357554,0.19701739652216615,0.22920345848883814,0.0,0.08561279485223215
431.5,1,0.41065565514226104,0.011704454689814929,0.20300431179655062,0.21427766514383179,0.0,0.08591873473465446
431.6,1,0.40936100851979224,0.012261301357086219,0.2141093627162012,0.1918592481657548,0.0,0.08624216256112976
431.7000000000001,1,0.40488250984646845,0.014028774585419129,0.23302471971825947,0.16423083446768894,0.0,0.08665476319177114
431.8,1,0.39814507811922445,0.017491540903571953,0.2601750163988647,0.13761346011662465,0.0,0.08718095107830823
431.9,1,0.390645971465847,0.022984313386499654,0.29209004757136087,0.12094010320181964,0.0,0.0878123593776337
432.0,1,0.38298358627517654,0.031186611387465812,0.32257837129379,0.1239543294227861,0.0,0.08856404586734345
432.1,1,0.37370103412645506,0.04440481314909612,0.3463164447271482,0.1551553035189946,0.0,0.08949547819340613
432.2000000000001,1,0.35978718024028566,0.06730677428727147,0.3616308531592247,0.21817253211427254,0.0,0.09060581103871566
432.3,1,0.3387025381419496,0.10504822456236182,0.37021519169069333,0.30705808128884704,0.0,0.0915937948106538
432.4,1,0.3102203497148538,0.1587739479055448,0.3748690251885994,0.40555408369116785,0.0,0.09161717984060132
432.5,1,0.27630402968990597,0.22223072306796518,0.37768864297046917,0.49408855335001356,0.0,0.08931316609964891
432.6,1,0.2392256751401267,0.2838009759480123,0.3796981778439831,0.5598898530316413,0.0,0.08333046680030809
432.7000000000001,1,0.20027797228157193,0.3331553183086674,0.3813055545575994,0.6014250010239099,0.0,0.07328859018871024
432.8,1,0.1606393120966847,0.3665462696241994,0.38274452586035634,0.6247088957602098,0.0,0.060490426744718766
432.9,1,0.12281054701041325,0.3865043317024903,0.38420849272298463,0.6370050474017457,0.0,0.0475621279889232
433.0,1,0.09015492714292586,0.39786725084070146,0.38579720622128844,0.6434378081636025,0.0,0.03706229008968506
433.1,1,0.06493217089095628,0.40458646309614044,0.3874612691278742,0.6469014678405914,0.0,0.030200602971781856
433.2000000000001,1,0.04732901173130399,0.4089993011520072,0.38901386383386555,0.6489532593280017,0.00040365682346734803,0.026688474359315515
433.3,1,0.03625925614940725,0.41234929069011794,0.39020540175142043,0.6503842508533425,0.0010049801768879166,0.025524745574609913
433.4,1,0.03037745498940543,0.41525782188904753,0.39084428769783847,0.6515349454730952,0.0019532198965576523,0.025780569149628334
433.5,1,0.02825797415093039,0.4179410019065379,0.3908986872778785,0.6525824632272811,0.0034737202680305353,0.02685972849384144
433.6,1,0.02831959243060599,0.42037140370786175,0.3904787926141396,0.6537213427078635,0.00561264143017707,0.028399162708360133
433.7000000000001,1,0.029124389397657664,0.4224350760578396,0.38966697646472226,0.6551499738758555,0.008171710007022598,0.030138547786369825
433.8,1,0.029762847346041784,0.42404608513263714,0.38822931682277884,0.6569567124804397,0.010791963875627784,0.03187255402894247
433.9,1,0.029846879620016503,0.42521678261989815,0.3851633031291544,0.6590654866943021,0.013168069432200074,0.03344618005450923
434.0,1,0.029156693800810343,0.42608468827253027,0.3780139523566577,0.6612879039805412,0.015189880060147513,0.034763695919316516
434.1,1,0.02733073181715189,0.42688380318562075,0.36237370736963237,0.6633911933212973,0.016883287960679828,0.035805033050961464
434.2000000000001,1,0.023897129516673343,0.42785492449513396,0.3328151787305884,0.6650502336452484,0.018270697471686536,0.036616883225824605
434.3,1,0.018649763278901922,0.42909826739689266,0.28620341695422774,0.6655492043680126,0.019341411657292723,0.03724514563347901
434.4,1,0.012049601596052301,0.43037627468793005,0.22571417157673,0.6630435668284361,0.02014296066471868,0.03763531354567855
434.5,1,0.005242206900008671,0.43083671990516775,0.16145146614790495,0.6533511505286151,0.020841555082459058,0.03756703697618304
434.6,1,0.0,0.4285493897471924,0.10578276699120288,0.6291261435471237,0.021647312811469786,0.03667651085037379
434.7000000000001,1,0.0,0.419958710355204,0.06726843772515947,0.5814986647327658,0.022660354756187606,0.0346086396854079
434.8,1,0.0,0.4001018100914779,0.048778404442867754,0.50554435490769,0.02376905434217476,0.03128671258575412
434.9,1,0.009395206939671955,0.36483521132382457,0.050081818222478494,0.40663508016323324,0.024671848513124324,0.027123059448168264
435.0,1,0.030485370495112227,0.31464927266196774,0.07007779255280853,0.3009868393370426,0.02500018825623326,0.022914474030852002
435.1,1,0.06285381213508355,0.25673677773286446,0.1056749038198537,0.20758344147364094,0.024479985373040074,0.01942407533542005
435.2000000000001,1,0.1024202223938863,0.20213085318966525,0.1498301815950178,0.13792921580596026,0.023067820972968556,0.017007246909136322
435.3,1,0.14167679248960574,0.15957726052559051,0.19276649624855088,0.09265363437890775,0.020994231416489623,0.015587386655822546
435.4,1,0.17348390388203389,0.13160131672059125,0.22634870132376436,0.06588943983186436,0.018658784726151942,0.014892158789851246
435.5,1,0.1945471411960145,0.11555435497599408,0.24763800361410296,0.050990719396904534,0.016402550522073026,0.014679776019710336
435.6,1,0.20592066043081925,0.10715628600261573,0.2586443015094521,0.04303449964066568,0.014313052782399584,0.014854932987411994
435.7000000000001,1,0.21093477802364144,0.10306522651832797,0.2633659344175205,0.03883162005367724,0.012251052489059456,0.015506190414447871
435.8,1,0.21285282283425036,0.10179988307468649,0.2651825009307525,0.036476547208325535,0.010103061636295147,0.016829311836895334
435.9,1,0.21376052975469353,0.10409834043985992,0.26611336572859234,0.03497976006508488,0.008002009209100651,0.01889766479649847
436.0,1,0.2145688873106269,0.1131094083981484,0.2672376487019824,0.033850789371275544,0.006265069354310414,0.021429737951778462
436.1,1,0.2154304817264699,0.13351843526957985,0.269133293762291,0.03277325314103599,0.005132172679201465,0.023812828503586046
436.2000000000001,1,0.2161557404770954,0.16868107955330128,0.2720337789184576,0.03152862043405423,0.004623961880379006,0.02543107795277069
436.3,1,0.21650573937283768,0.21689574095349115,0.2759243979171008,0.030046438474825073,0.004650705596937511,0.026025902942290367
436.4,1,0.21632216564405854,0.270287934878019,0.2806091616513044,0.028376716138307587,0.005186430573592101,0.02577896875502896
436.5,1,0.21552664886290843,0.318497790810245,0.28565892179000635,0.026567061945027573,0.006297522544984743,0.02508415667253244
436.6,1,0.2140991120247015,0.35446598069846824,0.29041362687769673,0.024612157739715024,0.008019819942474162,0.024244213401266076
436.7000000000001,1,0.21210770128741566,0.3772076109892798,0.29425038576693596,0.022547638427564593,0.01021754772732771,0.02334770574053374
436.8,1,0.20974300978494562,0.3899744108009735,0.29694760238511203,0.02053832470941443,0.012548201767008311,0.022377946233488325
436.9,1,0.20726618009469838,0.3967861546411251,0.29878536220322327,0.01879686548662102,0.014565649788208132,0.02138032804565901
437.0,1,0.20486964465294247,0.4004960286992958,0.30030828523032277,0.017400113726613722,0.015884060155897273,0.020494512153594442
437.1,1,0.20253761240007728,0.4027427866495201,0.30198538885946363,0.01625164189701523,0.01628947150851996,0.0198529383979754
437.2000000000001,1,0.1999343228945357,0.4045713307305499,0.303974283050467,0.015334176070793843,0.015766316165706937,0.019496615766249267
437.3,1,0.19620365385045238,0.4069868766771532,0.30604751098500405,0.015089115520586834,0.014489520197662809,0.01938909649904083
437.4,1,0.1896370644188221,0.4114740876049235,0.30782117923863683,0.01654072409671516,0.012803808143094883,0.01946921526094238
437.5,1,0.17762631698505948,0.4205547650697245,0.3094679224557834,0.020900934355397603,0.011142384616053278,0.01966918561625672
437.6,1,0.15766606852696652,0.43783764338184916,0.31244535584491967,0.028809005879405075,0.009862468179608496,0.01990312273675644
437.7000000000001,1,0.1294241618741185,0.46653520547015864,0.31901074582195377,0.03970592862394917,0.009073526222575198,0.020067026567739673
437.8,1,0.09625011164260865,0.5065449665731697,0.3302141335969274,0.05181118407772356,0.008569461877955266,0.020061352969559448
437.9,1,0.06413959995402528,0.5526678137273031,0.3442973480191976,0.06280767814392434,0.007914433193967075,0.01981658509441805
438.0,1,0.03847727906308557,0.5967318191577898,0.35758439193785546,0.07086396000131166,0.006664354344376567,0.019296815510494326
438.1,1,0.02135062551020827,0.6323858384097732,0.36707960770524917,0.07533656021164727,0.0046511421517051585,0.01845637613271025
438.2000000000001,1,0.01150150809166238,0.6579759217520199,0.37207440814519904,0.07672752258605614,0.0021626617020438525,0.017153477965358647
438.3,1,0.00614817213084869,0.6752858005456203,0.37365103395776045,0.07609302384322547,0.0,0.0151211523834042
438.4,1,0.00274154419999808,0.6865934647826378,0.37331649329326905,0.07447000520537853,0.0,0.01215420740962314
438.5,1,0.0,0.6930869697969856,0.3721798120367665,0.07266043495933872,0.0,0.0084867796883504
438.6,1,0.0,0.6948946998358525,0.37088061086269203,0.07126096960409774,0.0,0.004993845683365905
438.7000000000001,1,0.0,0.6916954504712294,0.3697570551764279,0.07067091927857058,0.0,0.00283379321513467
438.8,1,0.0,0.6836485142059504,0.36889946199804974,0.07100259298630907,0.0,0.002686777656185241
438.9,1,0.0,0.6723827728418477,0.36816698564812395,0.07203436927218815,0.0,0.004266660390133752
439.0,1,0.0,0.6609285496203713,0.3673511232746362,0.07333688632452523,0.0,0.0065753840490311065
439.1,1,0.0,0.6521615611483698,0.36639454735266697,0.07451534703124968,0.0,0.008623355003478092
439.2000000000001,1,0.0,0.6472317844218464,0.3654326798319774,0.07538333593055592,0.0,0.00995027920027601
439.3,1,0.0,0.6455665341976746,0.3646617769608893,0.0759530342021785,0.0,0.010621197062361847
439.4,1,0.0,0.6460246477025356,0.3642236068068424,0.07630010331524004,0.0,0.01091351339942784
439.5,1,0.0,0.6476909270700794,0.36416271445051546,0.07645289300797327,0.0,0.011056066676157054
439.6,1,0.0,0.6498562995650473,0.36438548677465626,0.07638783617071483,0.0008507133941253413,0.011154412214132903
439.7000000000001,1,0.0,0.651797901940859,0.36466901996121764,0.07607566725512031,0.0014564752280208516,0.011227278725142299
439.8,1,0.0,0.6526564964809477,0.36483562204426606,0.07546579303621216,0.0016091802319277576,0.011269689790531614
439.9,1,0.0,0.6510456119189073,0.3649857974393805,0.0743750463723441,0.0013511474284871963,0.011316062744448139
440.0,1,0.0,0.6441708992759426,0.3655004918073774,0.07238094438896062,0.0007783206153827571,0.011468631023628034
440.1,1,0.0,0.6271631449658812,0.36673538427347624,0.06888246590439473,0.0,0.011841855919474443
440.2000000000001,1,0.0,0.5942521444664474,0.36869401913005706,0.06341864202891905,0.0,0.01245143373012668
440.3,1,0.0,0.5426537670091222,0.37103141466460504,0.056130076826312256,0.0,0.013167524003949663
440.4,1,0.0,0.47678381119398827,0.3734189181290747,0.04803293348978851,0.0,0.013798629592682484
440.5,1,0.0,0.408081306849724,0.3758976809733356,0.04079545616122226,0.0,0.014220593789610051
440.6,1,0.0,0.3490549608293787,0.3788171134779627,0.03610265558385739,0.0,0.014422506473165697
440.7000000000001,1,0.0,0.30654023186535034,0.38240539035468035,0.03523651657795418,0.0,0.014455036133611678
440.8,1,0.0,0.2800191271604463,0.38642551894708593,0.03955996615014802,0.0,0.014365302496184052
440.9,1,0.0,0.26491499898280263,0.39023526662965746,0.051950093915147814,0.0,0.014170456219887969
441.0,1,0.0,0.2563709145651816,0.3931305050644802,0.0780793108757334,0.0,0.013841913196589522
441.1,1,0.0,0.2507435507593965,0.39466753442706043,0.12537186908043854,0.0,0.013274138732817346
441.2000000000001,1,0.0,0.24539279982389917,0.3948179584540185,0.19814050207215633,0.0,0.012291785929627446
441.3,1,0.0,0.23805721399072735,0.39397590387579384,0.29140250049644284,0.0006477571235666921,0.010764723813551761
441.4,1,0.0,0.22645214329115312,0.39285854485673843,0.38981048945287244,0.0014438889249241303,0.00877174482676827
441.5,1,0.0,0.20866754041681346,0.3923500717044777,0.4750095497441337,0.00219683552051015,0.006634859638997853
441.6,1,0.0,0.18454552496385854,0.3934120313462222,0.5357809211777311,0.0029333856373077393,0.0047469948036165
441.7000000000001,1,0.0,0.15672920227235704,0.39715839414553766,0.5720446188594243,0.003761892521398936,0.0033481821049905075
441.8,1,0.0,0.1296618320056943,0.40487174859347674,0.590874199038336,0.004748443111089869,0.002457916748858432
441.9,1,0.0,0.1070390439514578,0.41745208587786686,0.6002841190947359,0.005810402106267822,0.001979816191835539
442.0,1,0.0,0.09026214408132337,0.43433076387050784,0.605958115130655,0.006752200159158065,0.0018280668392794508
442.1,1,0.0,0.07917074042141381,0.4529665848898015,0.6110358656777378,0.007400391807217727,0.0019591215352061002
442.2000000000001,1,0.0,0.0737485361409178,0.469870474142742,0.6167982143762902,0.007696987778830885,0.0023176081409141368
442.3,1,0.0,0.07504274544518723,0.48226061181692964,0.6232216666580697,0.007697635118749425,0.002778534498891407
442.4,1,0.0,0.08465935460512128,0.4885090917839697,0.6295527772961628,0.00752808558480938,0.003162654531738666
442.5,1,0.0,0.10306219499017806,0.48720555793064874,0.6349936597203063,0.007335942079296961,0.0033342832210913444
442.6,1,0.0,0.127835440467033,0.47669332588714275,0.6391989322363028,0.007231767268260982,0.003301786083054606
442.7000000000001,1,0.0,0.15380511348035392,0.45642841831390085,0.6423578726032385,0.00724054176480014,0.0032128255001600873
442.8,1,0.0,0.1755677115971374,0.42895117061759835,0.644958253609812,0.007307740679492513,0.0032182400529194707
442.9,1,0.0,0.190307254380986,0.3998449956021458,0.6474787372304263,0.007360935082754717,0.0033133801966664235
443.0,1,0.0,0.19842253180753774,0.37494783534267545,0.6501724160780891,0.0073802928688922785,0.003309397709465623
443.1,1,0.0,0.2020154051900238,0.357263057008854,0.6529702461948746,0.00743307459822818,0.0029663827355954123
443.2000000000001,1,0.0,0.20316826489309303,0.34633095980517414,0.6554384399050425,0.007646045728672018,0.002169868312713679
443.3,1,0.0,0.20324338166951167,0.3399523873385092,0.6566105944954534,0.008113551680617781,0.0010174038095452761
443.4,1,0.0,0.20297256859010607,0.3360840192572441,0.654382441363801,0.008801056999512474,0.0
443.5,1,0.0,0.20271082793300155,0.333548321628035,0.6443474227628839,0.009547231323922647,0.0
443.6,1,0.0,0.20260216350145768,0.3318588175206822,0.6189684823470243,0.010179040585332588,0.0
443.7000000000001,1,0.0,0.2026688544334267,0.3308693657534267,0.5693172207241116,0.010615437813073832,0.0
443.8,1,0.0,0.20286328007983254,0.33048993769636414,0.4908144633527722,0.010859965845285745,0.0
443.9,1,0.0,0.20310378559491218,0.33043384972018686,0.38987696059214677,0.010931355935846428,0.0
444.0,1,0.0021473017800540425,0.20330738559678307,0.3299778815885506,0.28448984905033464,0.010818198765958619,0.0
444.1,1,0.006515430304847182,0.20341403244064818,0.3276533468948175,0.1955600243291616,0.010470097382410571,0.0
444.2000000000001,1,0.011070532059549122,0.20339403697107056,0.32079046133488914,0.13544385586894192,0.00982663676287958,0.0
444.3,1,0.015269597867182167,0.20324098305028282,0.3053851843313036,0.10340212136081949,0.008912063954046411,0.0006261274405732114
444.4,1,0.01868750139413178,0.2029478213429359,0.27744857321266897,0.09016599657505343,0.007957220190942693,0.0014752938406423872
444.5,1,0.021232689284541226,0.20244811218308326,0.23612656244414754,0.08543078000732987,0.00741312016082476,0.0021137145873242917
444.6,1,0.02337307849661428,0.2014967560156641,0.18621213013856738,0.08228004536734616,0.007765807616447082,0.00247819095028044
444.7000000000001,1,0.02627776688064847,0.19945785501750626,0.13674706266582423,0.07778271563958665,0.009241674914305824,0.00269602371654738
444.8,1,0.031727637896459424,0.19503262528682358,0.09603536361545313,0.0718258088270633,0.01161782123719334,0.003048450360567473
444.9,1,0.041545032320112855,0.18623825817876294,0.06756495851144004,0.06565209340918735,0.01429894344748696,0.003782397829912741
445.0,1,0.05645152372580371,0.17120458015763432,0.05009244718834868,0.06057901916412522,0.016629019744778442,0.004874508350218847
445.1,1,0.07506923913230994,0.14979058978283322,0.040382890651189086,0.057205296785262066,0.018218987031547843,0.005975488927323429
445.2000000000001,1,0.0942942363107142,0.12468626514893556,0.03540974114700491,0.055288937559431754,0.019059123175922014,0.006647622261248668
445.3,1,0.11108388821938504,0.10044264022623389,0.033008000674794265,0.05409165883607858,0.0193739171761618,0.006713481285998729
445.4,1,0.12398148269933965,0.0809067487865304,0.031846136175604424,0.05281051079945352,0.019382480152561297,0.006410526503834285
445.5,1,0.13307595816619452,0.06742547353719583,0.03152474570950099,0.05089650792367634,0.019148728759303835,0.006237452682673155
445.6,1,0.13904770702928337,0.059162660369969484,0.03296103774341321,0.04823447659775573,0.018566693479274626,0.006639601026041081
445.7000000000001,1,0.14258850762634206,0.054494622288363374,0.03860604370656954,0.04513341830999618,0.01743130539006271,0.007758935867582419
445.8,1,0.14442167341068884,0.0519598374493836,0.0515665170051495,0.04209939439158114,0.015577231619818234,0.009382740170660205
445.9,1,0.1453958802616212,0.050485598928410806,0.07331897067688593,0.03951503088736325,0.013066805468543654,0.011092364355570625
446.0,1,0.1463685846412046,0.04936773486275349,0.10159274996173162,0.03743542416291193,0.010286857425648228,0.012497117235584007
446.1,1,0.1479541319364481,0.048247874337769905,0.13082339957456243,0.035616988742340434,0.00779851703677465,0.013392489326918252
446.2000000000001,1,0.15028851869635085,0.04704648226510216,0.1553960216703699,0.03372882435547924,0.006024522594681282,0.013771801218752626
446.3,1,0.15298077961549222,0.04583481893928773,0.17295527710613368,0.03157580749473669,0.005062009768614208,0.01376049333246587
446.4,1,0.1553546024885856,0.04470803999541689,0.18525488220403824,0.029146488012425652,0.004769623317648311,0.013562559358974439
446.5,1,0.15685191740885165,0.04371355046102383,0.19687928894128165,0.026447850571488997,0.0049849228680395345,0.013423874908951708
446.6,1,0.15730608152869924,0.04284581940487481,0.21349093414116635,0.023341267312540447,0.005643254953535729,0.013576470079833286
446.7000000000001,1,0.1569189579758325,0.04207766338214791,0.23984289089170285,0.019647278333628126,0.006724595572422537,0.01415860847745977
446.8,1,0.15603843758310565,0.04138502350550536,0.2771175309883762,0.015458581935013732,0.00812941920522801,0.01514201744763658
446.9,1,0.15493436722934087,0.04073782513325453,0.32113328653860895,0.0112622535084714,0.009609142953282553,0.01631873219221987
447.0,1,0.15366784212798973,0.040061403134753024,0.36405351999033175,0.0076510626821975035,0.010778816759490294,0.017380443172944914
447.1,1,0.1520035504531943,0.039188746904191205,0.39912414085779707,0.004937810110309002,0.011189054961476165,0.01804115062672389
447.2000000000001,1,0.1492486055125768,0.037818868611649875,0.4242324975393841,0.0031354440758299376,0.010479319439220883,0.018107622532157218
447.3,1,0.14402064449310337,0.03553032780767154,0.44132325167207137,0.0022884539016575084,0.008606149286339739,0.01748572143435099
447.4,1,0.13434142145672867,0.03195266370831498,0.45334564362454316,0.0026872284541258114,0.005989128556816613,0.016204667465461915
447.5,1,0.11864179323757622,0.027098021999712573,0.46217615936061185,0.004671185078421443,0.0033918089734922136,0.014481452110791803
447.6,1,0.09739456370033331,0.02160195953126027,0.4685932918956135,0.008248898105800881,0.0015825270785827282,0.01272092629596752
447.7000000000001,1,0.07377152064573649,0.01661316684886821,0.47304221434973903,0.012933351381565332,0.0010249155222483996,0.011372600876740453
447.8,1,0.05214772593841668,0.013422998408664871,0.47602244111367475,0.017889748818247158,0.0017689658200846935,0.010736835573720242
447.9,1,0.03563709608228721,0.013072892915496822,0.4780159744748905,0.02222717405449453,0.0035048225051333877,0.010880843654434166
448.0,1,0.02497290064230326,0.015941087163348647,0.4793069842305076,0.025295010824127294,0.005684031150024991,0.01168033277508824
448.1,1,0.019285389002413198,0.02138852299758895,0.47987658739843725,0.026905390107159588,0.00769215054857039,0.012873928615350413
448.2000000000001,1,0.017337027893294162,0.027955053378209128,0.4793810343191527,0.027355960304380245,0.00907199717303572,0.014100738614292905
448.3,1,0.018000036373764395,0.0343218613964976,0.4772579151121216,0.02719884377816351,0.009707231203389398,0.015003055541220433
448.4,1,0.020109300431762664,0.04029775489060647,0.4730690494180953,0.02692069802084499,0.009824296730218524,0.015384166993066134
448.5,1,0.02240979207839104,0.04681733447847621,0.4669767448559804,0.02676931831121665,0.009767064747932437,0.015279769876591775
448.6,1,0.024026060740108667,0.05486614871053928,0.4598898384022479,0.026799980986996284,0.009695003922089326,0.014885383219762323
448.7000000000001,1,0.02543437778640891,0.06432739197255773,0.4529448322376289,0.02704932187543129,0.009465983116237945,0.014440383038589938
448.8,1,0.029715143679920696,0.0738476633644641,0.44665226699290567,0.027693952858388507,0.008823319055704684,0.014148796665025026
448.9,1,0.04362277905525223,0.08181397722203489,0.4402483161179353,0.029058036416873777,0.007707359060502188,0.014110918722621156
449.0,1,0.07719158487563141,0.0874290655857455,0.43121077729994645,0.031414527114957916,0.00638398112226869,0.014252961926144473
449.1,1,0.14001295846345974,0.09092042308376155,0.4148274249679554,0.03471004874897049,0.0052854281003436214,0.014324257260292175
449.2000000000001,1,0.23438676727194774,0.09298552192020203,0.38483256893389944,0.03847824991192787,0.004746845790909293,0.014023414403656282
449.3,1,0.35008931179609887,0.09424610840204872,0.3365348637837205,0.04208329545963253,0.00487442660451251,0.013200985456186727
449.4,1,0.4667995766869704,0.09511666202671523,0.27135643814201266,0.04511564377947609,0.005606548637218369,0.011983459314666453
449.5,1,0.5641408845924566,0.09589094483772667,0.19845088842402578,0.047586664857927556,0.006858237811709643,0.010698439038083771
449.6,1,0.6316696563469782,0.09677832867498164,0.13039898412927206,0.049765851656072155,0.008598333750159804,0.009657367263822457
449.7000000000001,1,0.6712949875280039,0.09788443568195206,0.07613497891625265,0.05186306495124498,0.010793113042993917,0.008984895091961148
449.8,1,0.6921119023844491,0.09922666588040664,0.03756558744681566,0.05385923851289595,0.013297312579296665,0.008608168674978052
449.9,1,0.7034878949728479,0.100762451562743,0.011968607065845262,0.05556680006213183,0.01583007390325982,0.008346390518839633
450.0,1,0.7113489781265245,0.10237517539617828,0.0,0.05679045237887558,0.018058223545205532,0.007994324278759946
450.1,1,0.7182291299644064,0.10388885471204348,0.0,0.05745753922250819,0.019690214374789843,0.007379539601633195
450.2000000000001,1,0.7249219265179816,0.10519373566366294,0.0,0.05766208421020853,0.02052304917210756,0.006425373154924709
450.3,1,0.7317857041163008,0.10636885701994722,0.006550250727190802,0.05760775102981719,0.020475974535642018,0.005198089053217094
450.4,1,0.739160230133716,0.1076275599802096,0.030521481889183986,0.05749111641553316,0.019632835687544373,0.003864430019409407
450.5,1,0.7472640271734524,0.10913813325365924,0.06031705498187841,0.05741964118748577,0.018248695290940753,0.0025633907658007007
450.6,1,0.7560315628448794,0.11090864820950352,0.08949688001823476,0.05741641955750541,0.01668034519465538,0.001331063006268791
450.7000000000001,1,0.765087628929514,0.11276108584977347,0.11276723064789917,0.05747165372711216,0.015269385388205485,0.0001753919142737722
450.8,1,0.7738528302680875,0.11430221825547994,0.1285374419775847,0.05758268829348995,0.0142432138450708,0.0
450.9,1,0.7817144913572701,0.11493774814972821,0.13853506491094084,0.05777546436628024,0.013672959967263589,0.0
451.0,1,0.7881898981047774,0.1140655656816232,0.1454361224570457,0.05812270682014419,0.013493061613121882,0.0
451.1,1,0.7929959421978575,0.11142995684781352,0.15091785710202923,0.05873062925556434,0.013566824523153578,0.0
451.2000000000001,1,0.7959153656411158,0.10741188801064037,0.15533416234768946,0.05963144462332059,0.013753993471266364,0.0
451.3,1,0.7963003748337003,0.10296690982143766,0.1584619020142793,0.06060881507759687,0.013932222079949591,0.0
451.4,1,0.7920449805839662,0.09913905612099398,0.16022418062401686,0.061143590794961296,0.013973787932861281,0.0
451.5,1,0.7782200763016991,0.09650785360672585,0.1608918498578038,0.0606406301742724,0.013716443320287984,0.0
451.6,1,0.7465733791550107,0.0950449989503068,0.16093839102468255,0.05881931601552928,0.012965160849263246,0.0
451.7000000000001,1,0.687884476659838,0.09440513731157459,0.16082640774003829,0.05594136233186859,0.011576995379276107,0.0
451.8,1,0.597755019785782,0.09424599319427543,0.16082683331891368,0.052669641751867675,0.009648012613621632,0.0
451.9,1,0.48254896779670503,0.09431006349992901,0.1609395876556286,0.04966206605978683,0.007646549924158708,0.0
452.0,1,0.35977883688083556,0.09436610359757645,0.16099449760770468,0.047215708533510994,0.00624526314749861,0.0
452.1,1,0.25064636541843377,0.09417450379077366,0.1608825111378622,0.045221975548985,0.005881025739165226,0.0
452.2000000000001,1,0.16962721758248628,0.09348215419994672,0.1607202779221151,0.043408961174801294,0.006446653182054079,0.0
452.3,1,0.11908624597942734,0.09201717265104895,0.16076731892675694,0.04160815398358528,0.007428028849097157,0.0
452.4,1,0.09204807725897192,0.08953835710085212,0.16111974478863422,0.03984162900364863,0.008314201053556501,0.0
452.5,1,0.0790164703519513,0.08593547454365547,0.1614231375267928,0.038247796330404565,0.00887685575706304,0.0
452.6,1,0.07286542435323265,0.08120610263723346,0.16079262325581978,0.03695367735893368,0.009158167691306724,0.0
452.7000000000001,1,0.06966579658396259,0.07524323532917906,0.15789555482630618,0.03596723242329202,0.00929936740002644,0.0
452.8,1,0.0672679201886316,0.06776802834309271,0.15123601254948105,0.035158344817648214,0.009383392280826118,0.0
452.9,1,0.06404257193445322,0.05873429583420682,0.13991019916566066,0.034356177234586414,0.009372380304124158,0.0
453.0,1,0.05863133323760892,0.0488483657242559,0.12462220075338067,0.03345554401780986,0.009147639819669586,0.0
453.1,1,0.05028315877507785,0.039447091410927275,0.10784435588939949,0.03241172681163499,0.008606465503872271,0.0
453.2000000000001,1,0.03915016737323859,0.031661851166747634,0.09236269902313564,0.031185354503493343,0.00773984180116154,0.0
453.3,1,0.02627679557066489,0.0257171479647305,0.07929696349342517,0.029763327164164865,0.006646956559100802,0.0
453.4,1,0.01331656474988069,0.0210614230916661,0.06762329404557287,0.02820609637800136,0.005503223162215348,0.0
453.5,1,0.002060344005456438,0.017073198246828347,0.05571544184943654,0.026586102280838016,0.004515492017530664,0.0
453.6,1,0.0,0.013583643694517204,0.04326012557220556,0.02486187358636238,0.0038720821031305473,0.0
453.7000000000001,1,0.0,0.01081455334935053,0.03163876086691327,0.02289901898486373,0.0036860080283331403,0.0
453.8,1,0.0,0.008973069999331963,0.02263904124142368,0.020725293875599942,0.003950310118138451,0.0
453.9,1,0.0,0.007993999836258656,0.01703641619745454,0.018805321280548133,0.004545162993554291,0.0
454.0,1,0.0,0.0076093303347981285,0.014346621328239282,0.018050686960765353,0.005331237971833265,0.0
454.1,1,0.0,0.007540931979518098,0.013551363892591635,0.019603229611062954,0.0062858080268212565,0.00025282252735174093
454.2000000000001,1,0.0,0.007613946224747872,0.013815863035056164,0.024758635981692128,0.007529903437044852,0.0008035687690658519
454.3,1,0.006415831384461841,0.007785121489654389,0.01467540722703655,0.0351527691888999,0.009157995703886437,0.0013756496966526735
454.4,1,0.018075353079641292,0.008121441417795732,0.01585298567213504,0.05259326177286054,0.011034789547675757,0.0018921177176555008
454.5,1,0.03093602895905357,0.008708648342950298,0.01704714133454408,0.07778285888249685,0.012819467790341061,0.0022929309264603528
454.6,1,0.04257765904076634,0.009521058236079741,0.017849852866923914,0.10857415325656015,0.014219143685959057,0.002587591526312866
454.7000000000001,1,0.05122985390715609,0.010370362138005098,0.01781183792959339,0.13988247241178503,0.015189943732225675,0.002850070942316487
454.8,1,0.05644680282932776,0.010998257211255946,0.01666574836303602,0.16621465721879877,0.015879506958894077,0.0031679111916308547
454.9,1,0.05883856336128939,0.011225397631318244,0.014609915910419194,0.18470689075457242,0.016418944445311247,0.003596119222154995
455.0,1,0.059426359890662535,0.01101564527806752,0.012331748979173173,0.1958779696993854,0.016808516024304474,0.004146786159815923
455.1,1,0.05919272765716142,0.010427248722616628,0.010589785292190164,0.20201910946922363,0.016975607878557866,0.004799633801749119
455.2000000000001,1,0.05887088410214383,0.009543925382673596,0.009701646754062938,0.20534332002391176,0.016888566605132865,0.005496737893165968
455.3,1,0.058834002247517336,0.008460136910044108,0.009433362303226722,0.20728827170061107,0.016609712773766532,0.006122546046094069
455.4,1,0.05910107176423153,0.007294348427703976,0.009311089802869202,0.20867042958807197,0.01627675348307029,0.0065170587758237
455.5,1,0.05949177343007458,0.006169564140748495,0.008986383563166278,0.20994018331234807,0.01605482919328244,0.006542365304897044
455.6,1,0.05982553972710701,0.005163198910558412,0.008421030161065672,0.2112943348513936,0.016092651890979904,0.006159557309683462
455.7000000000001,1,0.06004196932564343,0.0042859616144011025,0.007929324953590298,0.2127438762921174,0.016487449984777552,0.005465064657468711
455.8,1,0.060260527267506823,0.0035192427826473403,0.008112862057017532,0.21420356911205227,0.01723992255175796,0.004664035599071653
455.9,1,0.0609185223569307,0.0028672305271863867,0.009598073977835108,0.2155740036874928,0.018210273345503663,0.003980606101687336
456.0,1,0.06307241046588545,0.002364274547745544,0.012584874181507208,0.21678529710855546,0.019145252627185534,0.003543355084969283
456.1,1,0.06861908452757712,0.0020365208969741182,0.016529683737272934,0.2178063520452299,0.019808761113612378,0.0033238409391244004
456.2000000000001,1,0.07979776956862093,0.0018685697188813679,0.020369384445155535,0.2186350255214288,0.02012032098843306,0.0031787522373092794
456.3,1,0.09763341618470929,0.0018104188601829718,0.02323488328153231,0.21927068465033867,0.020169290025132874,0.002955801272625702
456.4,1,0.12033117498290528,0.001810273869967118,0.025066206063697923,0.21966363854519566,0.02008559005669192,0.002566493078347892
456.5,1,0.14350645810042423,0.001838194196072605,0.026648755594062823,0.21964318357156978,0.019868883995968548,0.0019767312206717775
456.6,1,0.16263612751963094,0.0018827893340675043,0.029220229903738282,0.21879943258934004,0.019316757175540968,0.0011724171243368007
456.7000000000001,1,0.17559100339393965,0.001925577468753204,0.034077039598482156,0.21622012890973158,0.01814623610267056,0.00018764847600351338
456.8,1,0.18303890107495524,0.001910377306205502,0.042212428576292434,0.21006654351187526,0.016261321045678304,0.0
456.9,1,0.18697627337977443,0.0017366696039915939,0.05373679829035281,0.19743084766397825,0.013964298330908708,0.0
457.0,1,0.1891816398568374,0.001305818798103596,0.06736197312029166,0.17536850338562196,0.011918935545638866,0.0
457.1,1,0.19058349522380225,0.0006070873123477503,0.08074108998470088,0.1432936768032205,0.01087989748822398,0.0
457.2000000000001,1,0.19136156064964047,0.0,0.09171460291871004,0.10497772172615333,0.0113846154670337,0.0
457.3,1,0.1913848329649399,0.0,0.09933853922547789,0.06766440534114707,0.013559267661416262,0.000709950446183379
457.4,1,0.19068947004170025,0.0,0.10382611043579887,0.0383498845202079,0.017054349248482214,0.0017348414664052276
457.5,1,0.18966534812985011,0.0,0.1058659968247895,0.0204279333869196,0.021135537753084674,0.002415122147812526
457.6,1,0.18883690770918143,0.0,0.10620322263448283,0.013313621359855749,0.024983106001329154,0.00275229173338377
457.7000000000001,1,0.18852861164452067,0.0,0.105605547359822,0.014242277168734769,0.028078641487447573,0.002884666075068064
457.8,1,0.18876167822584106,0.0,0.10481621567583732,0.019961839019888638,0.03039559259885317,0.0029680645366539603
457.9,1,0.18940105251957037,0.0,0.10436487755187177,0.027532535566141852,0.03225266135896873,0.0031155782197469723
458.0,1,0.19032664331715496,0.0,0.10444730705733786,0.034775993865456746,0.03397454955742207,0.0033900456277785726
458.1,1,0.19146781859595766,0.0,0.1049972987269775,0.04058234734394308,0.03561898412837302,0.0038032086796125648
458.2000000000001,1,0.19271968080563365,0.0,0.10582549084309724,0.04477402475791725,0.03694594316296324,0.004322603380427867
458.3,1,0.19381985354032863,0.0,0.10666735264229925,0.047564414046915506,0.037639227805075864,0.004899128598646072
458.4,1,0.19418019525737584,0.0,0.10717830647591364,0.04910574229121317,0.037602149529912525,0.005490228171459339
458.5,1,0.19258008844790256,0.0,0.10703924011508968,0.04943756235677392,0.03706468490794266,0.0060546371129020565
458.6,1,0.1867828086370691,0.0,0.1061761925085631,0.04866566336016427,0.03640333853001539,0.006540699099697348
458.7000000000001,1,0.1736278895105301,0.0,0.10486026305335185,0.047057805148189864,0.03586598593473694,0.006896341881383761
458.8,1,0.15042615177176444,0.0,0.10351994896508875,0.04499218096297687,0.035491089043156294,0.0070879677007382605
458.9,1,0.11747879573789481,0.0,0.1024006334103674,0.04290953499583712,0.03528695468819007,0.007107470365025921
459.0,1,0.07964214074624149,0.0,0.10128850885809103,0.04137298413319265,0.035419459305419995,0.006977463474092824
459.1,1,0.04473318316015219,0.0,0.09931343460294326,0.04125442157047243,0.03611403450095544,0.006763357955755252
459.2000000000001,1,0.01957117927184673,0.0,0.09482884208187749,0.04410279924574034,0.03732587954090945,0.006565911054678267
459.3,1,0.007208990155827858,0.0,0.08572415861857206,0.052813498713460125,0.03857412995027161,0.006473599320809176
459.4,1,0.007429172663827572,0.0,0.07059039596426948,0.07244866378655167,0.039190312811934705,0.006504160269478386
459.5,1,0.018696741301565425,0.0,0.05025175678517865,0.11005080883819839,0.03876321629417266,0.006581545465045987
459.6,1,0.038755998599911745,0.0,0.028156504321955916,0.1715249257875746,0.03736450709358305,0.0065639082796852015
459.7000000000001,1,0.06389339211010826,0.0,0.008793176781852628,0.25585081656406766,0.035397123838162584,0.006315695624375711
459.8,1,0.08914471953486992,0.0,0.0,0.35163149385127285,0.03327867900211717,0.005801673996874317
459.9,1,0.11024737029323332,0.0,0.0,0.4413954335810378,0.03126914681719807,0.00513928740286181
460.0,1,0.12544718078403125,0.0,0.0,0.5114146371965653,0.02951095410925813,0.004535974410510804
460.1,1,0.13542445686692703,0.0,0.0,0.5581094624104818,0.028094966585384292,0.004134541325452917
460.2000000000001,1,0.1420180438293927,0.0,0.004526279676602958,0.5861407917056781,0.027020487872970782,0.0039000948739715395
460.3,1,0.147433633839259,3.3589925931944677e-05,0.014915400146521833,0.6023551995228693,0.026134370533070606,0.003646727715140268
460.4,1,0.15447595699786046,4.52473358984227e-05,0.02390426315325459,0.6119057954269512,0.025170962506170635,0.0031673904066155684
460.5,1,0.1671024319566063,0.0,0.030125441132415873,0.6179168835054193,0.02388292282500626,0.0023739403335739147
460.6,1,0.19009865154974645,0.0,0.03351003958726378,0.6223492520073377,0.02217879711370341,0.0013884187081584442
460.7000000000001,1,0.22683415883221483,0.0,0.03473579878875781,0.6264043398025441,0.020192122830421374,0.0005436431539111303
460.8,1,0.2758294126877281,0.0,0.034616604050089664,0.6305595891363202,0.018216482681821668,0.0002610554900729116
460.9,1,0.3294960821727073,0.0002830008716048686,0.03385495924948563,0.6347262424655897,0.01649657798150513,0.0008391971796219893
461.0,1,0.377709414596875,0.0011271457233521026,0.033004004825151964,0.6385900155514896,0.015005123149612862,0.0022631573757996796
461.1,1,0.4137878941373265,0.0028647454866011415,0.032414097710684174,0.6419249032541917,0.013418733406310213,0.004162150709803916
461.2000000000001,1,0.4373808774511824,0.006048067501827422,0.03217953322424695,0.6447241322094537,0.01137351395145803,0.005977517799973691
461.3,1,0.4523607086018765,0.011048544280952536,0.032178389396457424,0.6471430882916719,0.008799702674500746,0.007263337553385503
461.4,1,0.46305989631444056,0.017601555278048943,0.03218831567006983,0.6493520455850521,0.0060009582114165915,0.007917205698743041
461.5,1,0.47239424931164853,0.024672479865575563,0.03199839388669688,0.6514053839630656,0.0033878546691147875,0.008174828292878807
461.6,1,0.48191329900659224,0.03094322206202319,0.031490137609525834,0.6531519537770177,0.0011727927677854934,0.008395554202293185
461.7000000000001,1,0.49210112872834283,0.03555963734039752,0.03069089182467524,0.654062950014319,0.0,0.008832914784033048
461.8,1,0.5024380367004038,0.03846288419825568,0.029759778524215137,0.6527071559006311,0.0,0.009565020230420667
461.9,1,0.5117827571500589,0.040115389754265714,0.028877259678223955,0.6456807392816014,0.0,0.010576652062609548
462.0,1,0.5191431337092569,0.04103641925843963,0.028109247595077557,0.6265353955746795,0.0,0.01183432895677756
462.1,1,0.5242699442767434,0.04155912466999248,0.027351512530302706,0.5865480506826132,0.0,0.013254262651417714
462.2000000000001,1,0.5277146466200249,0.04183962626413342,0.026362278752413152,0.5192222450486629,0.0,0.014644112757444922
462.3,1,0.5304905240005219,0.041949436147956445,0.024791795592985805,0.42688498664099706,0.0,0.01574426612020825
462.4,1,0.533625035263392,0.04194511279558922,0.02214593411483293,0.32319327126578146,0.0,0.016357595084242612
462.5,1,0.5377304324137663,0.041897377031364466,0.017806203200781773,0.22706464561257445,0.0,0.016454652800053086
462.6,1,0.5426500130764416,0.04188317691887957,0.011370388699915664,0.15228987998682064,0.0,0.016184932762199553
462.7000000000001,1,0.5473995334845778,0.04195290462358121,0.003255582538454095,0.10204453733290655,0.0,0.015800828326022587
462.8,1,0.5505895149812994,0.04210588444754023,0.0,0.07156782993965304,0.0,0.015532454785827493
462.9,1,0.550988597193418,0.04230290713730693,0.0,0.053985319225956806,0.0002723733651801068,0.015478746968848408
463.0,1,0.5475278317475729,0.04250568473980485,0.0,0.04384734348313198,0.0015312060940867011,0.015585262251029486
463.1,1,0.5387251620991126,0.04271346874419722,0.0,0.03769617010344414,0.0024817177944014596,0.015707452232862074
463.2000000000001,1,0.5227602576604626,0.04299218781159579,0.0,0.033496882180675314,0.0032554820545368434,0.015682003410383616
463.3,1,0.499251909257295,0.043522299091056454,0.0,0.03015112160172454,0.004016102639874004,0.015358293008356136
463.4,1,0.4713169341667703,0.04472088507383056,0.0,0.027243705199522888,0.004778633447309149,0.014629069956564138
463.5,1,0.44479890795876714,0.04749436034503827,0.0,0.024802874551957114,0.0054542529119700365,0.013501715676570294
463.6,1,0.42430351194899246,0.05361843378592191,0.0,0.022977753960642205,0.0060016468790102286,0.012154560403398197
463.7000000000001,1,0.41005110723656457,0.06594894975185628,0.008631053982598237,0.021765237532488872,0.006465556911785721,0.010877013412722188
463.8,1,0.3989559676443748,0.08768679570422562,0.021819855800549487,0.02096317145165187,0.006876276860421908,0.009894643732742259
463.9,1,0.38817911285632506,0.12016622030417516,0.03724577075821875,0.02033975393451602,0.007165011035732019,0.00921688444638738
464.0,1,0.37703778560866963,0.16044709238814134,0.05258320336794249,0.019858980329127356,0.007210639567198926,0.008649267176423494
464.1,1,0.3662211952301962,0.2015183098133897,0.0656356055127542,0.019778520380834618,0.006964405440779901,0.007972979718721173
464.2000000000001,1,0.3564554569585715,0.235977377002484,0.07601335876271581,0.02052743527712778,0.006510919402995209,0.007133395493280598
464.3,1,0.3481265235610478,0.2600799452710085,0.08519170072569802,0.022410516957566778,0.006006112872617029,0.0062514887142679585
464.4,1,0.3413303189460833,0.27455881189743836,0.09491348098470645,0.025308782894632884,0.005570583398530914,0.00545456451587845
464.5,1,0.33565023880395733,0.28239257367030807,0.10558108020952409,0.02860430163902861,0.00524238230619686,0.004736931879639072
464.6,1,0.3300490308315498,0.2864107721893795,0.11612164792615405,0.03145413305735479,0.005002846128735426,0.004012763580422781
464.7000000000001,1,0.32343156339254364,0.28844492027063506,0.12518593937915518,0.03325606100423546,0.004818801532743772,0.003266202187762823
464.8,1,0.3154599161760512,0.2895424803036447,0.1322438327442463,0.033934713261151876,0.00465775894638497,0.0026041688507105636
464.9,1,0.30670518109269584,0.29029788921888117,0.13758930245904114,0.033818622530599064,0.004472915466083883,0.002178590179814291
465.0,1,0.29807900174290963,0.29101600257896415,0.14170175422491255,0.033269473857307746,0.004179335379773699,0.002092764372936121
465.1,1,0.2903472294097315,0.2918074194344172,0.1448938515675931,0.0324310908942457,0.0036604657698424644,0.002365815240867952
465.2000000000001,1,0.28407176958848573,0.2926877261402459,0.1474288463299022,0.031273824617456286,0.0028334266799691097,0.0029352767770201003
465.3,1,0.2795540613582326,0.29367548587380493,0.14967869077799162,0.029779185569030454,0.0017311981464696307,0.003679530011047606
465.4,1,0.27658544325056483,0.2948854543265383,0.15206728971276448,0.028023740177719955,0.0005019247914895594,0.004471710885603487
465.5,1,0.27434962240116234,0.296629799704077,0.15490572291238788,0.026119811596837766,0.0,0.005236020055646431
465.6,1,0.2716439403226432,0.29954768556456546,0.15827967211888974,0.024149782186787195,0.0,0.0059440375555154055
465.7000000000001,1,0.26709447191883023,0.3047070425481486,0.16202484943727227,0.0221843073504451,0.0,0.006556167396124183
465.8,1,0.25901670087129286,0.31339000163423353,0.16575993767796737,0.02033874642929551,0.0,0.006989985000234828
465.9,1,0.2451484042263449,0.32624054628837995,0.16897064253488606,0.018814383420539118,0.0,0.007160935510957856
466.0,1,0.22307163920435166,0.34214539669490385,0.17113573417170716,0.01795423080304467,0.0,0.007050312864273406
466.1,1,0.1917192574523482,0.35800277359818306,0.17183207785255325,0.018302291212438117,0.0,0.006731417682617171
466.2000000000001,1,0.1529345950498611,0.3699251834784784,0.1708217180221283,0.020493188693831207,0.0009190218379576829,0.006330268965713162
466.3,1,0.11145777534619278,0.37489050811519903,0.16828978275260947,0.024838104557156515,0.0018828089530200732,0.0059571454385883025
466.4,1,0.07306099638692139,0.37171052471664673,0.1652546654310328,0.03085699850877331,0.0023315853680973084,0.005673281923556621
466.5,1,0.04220918060432258,0.36137262536720094,0.16361207286419902,0.03727831616520628,0.002477659101629756,0.005508128212815999
466.6,1,0.02069453236381736,0.3469376820935933,0.16513547121380892,0.04266649261589223,0.0025695812751912266,0.00546832695315499
466.7000000000001,1,0.007654704618689634,0.3324600507054773,0.1698111255664877,0.04617509232912708,0.0027575587550206296,0.005511091779753427
466.8,1,0.0005836502582859535,0.32110070574838695,0.1751947495269157,0.047815727228424344,0.003100803186186379,0.005549246284025062
466.9,1,0.0,0.3139174161281985,0.17799783503837238,0.048182308036598856,0.0036112010718816795,0.005523245453374831
467.0,1,0.0,0.31023523803987174,0.17675288212253695,0.04801260979892314,0.004258644461228589,0.005454507599126698
467.1,1,0.0,0.3088005553637709,0.1730021679516731,0.04788344558389962,0.004953522190268517,0.005410444520708212
467.2000000000001,1,0.0,0.3085634804654798,0.17001877383850225,0.04807936532954051,0.005559554313788179,0.0054406294662666015
467.3,1,0.0,0.30885070929706326,0.1705625954059718,0.048591267428368334,0.005958047784633588,0.005560759605443876
467.4,1,0.0,0.30928002634292034,0.17551948612712417,0.04921147049084862,0.006119293869001906,0.005763875911467384
467.5,1,0.0,0.30966233247718045,0.1838644757760686,0.04967958429489274,0.006110042054146412,0.0060059838088433815
467.6,1,0.0,0.30992897651218293,0.1935086300419989,0.04982878445455295,0.00602283967770954,0.006183365365381812
467.7000000000001,1,0.0,0.3100680083383231,0.20248534910261878,0.049699197408392175,0.0058969326478093345,0.0061685639250128235
467.8,1,0.0,0.3100534057904914,0.20977848885387085,0.04958464726858568,0.005705154563402572,0.005905498363906317
467.9,1,0.018425783757930535,0.3097384695748567,0.21530026826594403,0.04995077648742708,0.00539839427700754,0.005457615539290432
468.0,1,0.052758089965131816,0.3086426719470917,0.21934375627852915,0.05118459951845566,0.004944314514718047,0.004939845216534855
468.1,1,0.0966103242454957,0.3055262131970578,0.2222000645734282,0.05328809554543881,0.004340263604967436,0.0044238587100369235
468.2000000000001,1,0.14222024701880784,0.297842008330499,0.2241199528631348,0.05578570615980363,0.0036268555054812805,0.003932123556879299
468.3,1,0.1810100818021174,0.28172611644519335,0.2253539723915947,0.058003536362173945,0.002887595543227405,0.003486519257337047
468.4,1,0.20805236364025056,0.2535616589905467,0.22612379667088642,0.05950506447994197,0.002193489535121786,0.0031100815380840367
468.5,1,0.22352962128932072,0.21300360027660514,0.22657200575108352,0.06025862300278591,0.0015357834505500757,0.002785500258583754
468.6,1,0.23076942958575936,0.16499707028268085,0.22672050228177817,0.060376851059266046,0.0008385856297251513,0.0024503884609574935
468.7000000000001,1,0.23340150982276786,0.11804967956305416,0.2264392396273585,0.059748691235839285,4.1628683839384684e-05,0.002047691761745261
468.8,1,0.23384355016696484,0.07965482725945836,0.22542689691506218,0.058032828463308976,0.0,0.001567609822553734
468.9,1,0.23328653037617983,0.053099776053485016,0.2231495336446281,0.05508616246661788,0.0,0.0010323138350010188
469.0,1,0.2322575159817136,0.03806622599192449,0.2187715799547989,0.05136991323360523,0.0,0.0004613128535958035
469.1,1,0.2310522613613491,0.0331072966041349,0.21139786123231455,0.047844290309657596,0.0,0.0
469.2000000000001,1,0.22986881100154427,0.03716113897105486,0.2008356283070981,0.045405244645298354,0.0,0.0
469.3,1,0.2287809033161205,0.04954031991809009,0.18828923774660966,0.04438495262588779,0.0,0.0
469.4,1,0.22773524638019513,0.06921851555949397,0.17599284414665986,0.04451693806988943,0.0,0.0
469.5,1,0.22663798294851503,0.09402558121070717,0.1657779223337855,0.0452991739880046,0.0007018141401366909,0.0
469.6,1,0.22545220866274462,0.12035464660401213,0.15781613575483036,0.04638514424125137,0.0010896339027959931,0.00020043629417897167
469.7000000000001,1,0.22420927143399785,0.14405454158324604,0.15057305373914395,0.04768333122720659,0.001155024092556308,0.00036897854988164917
469.8,1,0.2229372838357254,0.16218920398998513,0.14195453315264478,0.04915917103787457,0.0011854101402127399,0.00022115570455840286
469.9,1,0.22159396653381416,0.1741772742593137,0.13121019172746304,0.05063438974403237,0.0014513534949986125,0.0
470.0,1,0.22005386489027004,0.18132240563854107,0.12080376697169358,0.05183007980522763,0.002073854896458079,0.0
470.1,1,0.21806313546719075,0.18541957561290218,0.11643444715842076,0.05256433879005196,0.0030397104132351446,0.0
470.2000000000001,1,0.214961347299288,0.18778732569722373,0.1237445833777582,0.05285095554227482,0.004260302073749669,0.0
470.3,1,0.20910440178445325,0.1891653748173276,0.1435817199732637,0.05281806990504681,0.005601083822531416,0.0
470.4,1,0.1974732406580068,0.18998396159598102,0.1704241000088933,0.05257275226006741,0.006918871172251218,0.0
470.5,1,0.17651171999710422,0.19054952230272837,0.19604552786262788,0.0521518177418961,0.008105720223454465,0.0
470.6,1,0.1446723746952839,0.19111341723451492,0.21501646284187761,0.05158163697100378,0.009072333069287631,0.0
470.7000000000001,1,0.10516510107879184,0.19191431855782262,0.22710994645227683,0.050948425901474165,0.00969365936579153,0.0
470.8,1,0.06617641125077972,0.19320821361087614,0.23546578099023635,0.05037342606143618,0.009832364862480845,0.000124423498488155
470.9,1,0.0377566206027816,0.19527477419719416,0.2432354339649904,0.049926910448169916,0.00946490050332816,0.001238653919441141
471.0,1,0.027765654361539643,0.1983925048932518,0.2516725275086173,0.04961879548895726,0.008782057342170845,0.0021933780619459845
471.1,1,0.03937300171786329,0.20281316698571816,0.2604174011083837,0.0494999603152922,0.008129845410616359,0.0029766042422420163
471.2000000000001,1,0.07012097255448045,0.20891154490937175,0.2687409806418391,0.04973481485888082,0.007807551315074059,0.003616251821204082
471.3,1,0.11217515754058655,0.217623235713467,0.27630077681224646,0.05050946105464484,0.007887187195404575,0.004131611630460165
471.4,1,0.1549515034597518,0.2306455548896639,0.28316325941834125,0.05183206342566397,0.008202097095093615,0.004507586226269992
471.5,1,0.19005552126014583,0.24949843874886576,0.2897327408126123,0.05343609812690781,0.008486421985264647,0.004725287388999662
471.6,1,0.21503881208634854,0.27371287820112383,0.296893305881941,0.05490723350774175,0.008525080650481048,0.004794464570363413
471.7000000000001,1,0.23272312557172387,0.30008106752207026,0.3059818864849437,0.055909356718839155,0.008221009480579423,0.0047370823894180665
471.8,1,0.2472593626703642,0.32424708104795863,0.31813684388665137,0.056294870936818654,0.007597954840529655,0.0045613466251880124
471.9,1,0.26090731530290556,0.3431812979473807,0.3332508223622369,0.05604404697460161,0.006782498360555035,0.004288534017398854
472.0,1,0.27373782249612133,0.3561595183998223,0.34958283973834364,0.05514653164812936,0.005965287038761737,0.004002536760640653
472.1,1,0.2850800813607118,0.36400863623974744,0.36476846539419916,0.05355487077829606,0.00533560651884603,0.0038340326256625906
472.2000000000001,1,0.2945546732541154,0.3681006359393936,0.377332689576958,0.05128449906336155,0.005020571941472211,0.0038729503297100796
472.3,1,0.30212550922484677,0.3698570934850393,0.38707547288618877,0.04861361829584753,0.005058388728786665,0.0041014173698961705
472.4,1,0.3079144706085111,0.3704776447704579,0.3941801988761375,0.04614143736778637,0.00539603708324323,0.004409631409873598
472.5,1,0.3121753139775235,0.37074306241376853,0.39837592343929623,0.044495277212444256,0.005907239729415533,0.004658554154103627
472.6,1,0.31521539860641123,0.3710364510130408,0.3989972433192386,0.04389425200518248,0.006461929553258959,0.004722137231433422
472.7000000000001,1,0.3172483228554072,0.37151170613332196,0.3956655827353221,0.044043537174179595,0.007041016098817786,0.00449398316130503
472.8,1,0.3184246718741363,0.3722088202069385,0.3890362569948897,0.044478338282266584,0.007797540407196029,0.0039007174842755994
472.9,1,0.3190246267504784,0.37308486871630714,0.38106945892279215,0.04497180259853467,0.008968382865718052,0.0029546037299655013
473.0,1,0.3195116330062533,0.37403059105270287,0.374352296833321,0.04564914491245618,0.010692056498033493,0.0018009756687481337
473.1,1,0.32030871216066575,0.3748984616821069,0.370735315964492,0.04684473586168254,0.012919917182325697,0.0006776486869751139
473.2000000000001,1,0.3214776942700208,0.37553274653166085,0.370346067374736,0.04889322690377774,0.015506154482829252,0.0
473.3,1,0.32252782286552134,0.3757803557886904,0.3717721802235313,0.051905005652707295,0.01831351252711309,0.0
473.4,1,0.3223591242139245,0.3754550180271824,0.37322322431754384,0.055564178003384763,0.021168042449445743,0.0
473.5,1,0.3192487833154071,0.3742577343223794,0.37375202300458044,0.05914456483053892,0.02378271906474462,0.0
473.6,1,0.31111577147038383,0.37164467222124264,0.3735711081935865,0.0618421270275616,0.02584971779835633,0.0
473.7000000000001,1,0.2965325474698259,0.36649231560923773,0.373338283750032,0.06317325754772651,0.027225312923218413,0.0
473.8,1,0.27614320716567653,0.356479458803632,0.37332876765280776,0.06312788901715943,0.027988483236476135,0.0
473.9,1,0.2528527158829468,0.3378120913800318,0.3733154808808232,0.06207211225678313,0.028344689894630907,0.0
474.0,1,0.22967443682750685,0.3066178955622177,0.37293133632619396,0.06056146325277948,0.028510524127139312,0.0
474.1,1,0.20690606148573804,0.26221695220461566,0.37183255503560525,0.05913211384188398,0.028663234241278025,0.0019642479671926607
474.2000000000001,1,0.1819025002567954,0.2096381147213063,0.3695670400787347,0.05811881679490973,0.028942241632696035,0.004718940808753383
474.3,1,0.15224596370802843,0.15802142665022065,0.36568484720673267,0.05761616569443849,0.029457836003806425,0.007226009367051583
474.4,1,0.11910040008477368,0.11548928120435305,0.3603485152004424,0.05759152240431332,0.030268351128506163,0.009112736549906925
474.5,1,0.0871020323825046,0.08522479422217405,0.3547205274254532,0.057978149265429504,0.03132724918811393,0.010347169440875301
474.6,1,0.06109487324214341,0.06585903935114613,0.3502767889234405,0.0586452969037684,0.03245299100231969,0.011098210509903688
474.7000000000001,1,0.04331334112061572,0.05428588384137385,0.34765560005706764,0.059361549621662776,0.033373212130908644,0.01155044089309288
474.8,1,0.03330439947952192,0.04766995268191237,0.34654970128701845,0.05987333027416681,0.03383852570119323,0.011821224906013957
474.9,1,0.029679059686642008,0.043974761383299636,0.34666070991061204,0.06003081647495796,0.03374218370183855,0.01198056037825822
475.0,1,0.031994411186673455,0.04199416114284484,0.3481660331645302,0.05983572012476624,0.03316285929547585,0.012089323031096595
475.1,1,0.04193296852765039,0.041324212498287854,0.351126953325757,0.059397297088985834,0.03230236092641603,0.012205941453673421
475.2000000000001,1,0.06292180956087322,0.04210275568013517,0.35496360579178465,0.058846710287784834,0.03138628649779582,0.012377688511441227
475.3,1,0.09738023757506167,0.04451935967531072,0.35877165267074573,0.05824994960643655,0.03061372033227848,0.012634658551076643
475.4,1,0.142979108404225,0.04835703557664346,0.3618727907987816,0.057564472829615,0.030147451818794708,0.012976764093195607
475.5,1,0.1916911507159161,0.05283084864267517,0.36390402679932093,0.05664552296056986,0.0300654557773119,0.013359269432223216
475.6,1,0.23365895513269408,0.056857621772093137,0.3646694409866618,0.05523816345167058,0.030253833744582535,0.013707033746649725
475.7000000000001,1,0.2627698382141052,0.05960074098272223,0.364233510131806,0.05298100239816122,0.030354385112911247,0.013957861952645575
475.8,1,0.27891960194290777,0.06088990571519869,0.3631440786746839,0.049601425445217506,0.029923908741698754,0.014089907772543053
475.9,1,0.2858877132111531,0.061214877863644414,0.3622939327388983,0.045303431142255705,0.028771497823941665,0.014105684420840911
476.0,1,0.28796979645140347,0.061341968857225745,0.36232535108159275,0.040940780156402415,0.027167108017750987,0.014003673277223133
476.1,1,0.28818497888534667,0.06183123904776576,0.36314206836390445,0.0376135102480935,0.025683238328669953,0.013775231621846405
476.2000000000001,1,0.28815280968375795,0.06274289832460185,0.3640820855962104,0.03595109303610078,0.024836882932247596,0.013407636195288637
476.3,1,0.2885100772506389,0.06372353283073057,0.36453686474884356,0.035743712737761495,0.02486686429515823,0.01285368867264013
476.4,1,0.28927829332965294,0.06442983918088964,0.36429797810790815,0.03621781913986275,0.025720757479925756,0.012001779574286813
476.5,1,0.29017740774184514,0.06499364174776184,0.36328308079586213,0.03661818773563257,0.027117409023077643,0.01073276367443574
476.6,1,0.2909054135091692,0.06628739357606428,0.36096167238762644,0.03657901365643035,0.028639835061553456,0.009053983615228287
476.7000000000001,1,0.2912905479486569,0.07003399417172808,0.35608514466143415,0.036090804366986196,0.02988801398468448,0.007169406991404962
476.8,1,0.2912920441900229,0.07895705483819651,0.34712715578759595,0.03524351139873498,0.030622681283638507,0.005389014591880194
476.9,1,0.2909472179759176,0.09683385216494375,0.33333672956277927,0.034036876480655016,0.030794565057371125,0.0039559202094162004
477.0,1,0.29034930160711325,0.1275660775845077,0.3158444655671582,0.03242962031519168,0.030478791143170703,0.00295035290386404
477.1,1,0.2896275574648166,0.17249002356939805,0.2981252816986593,0.030579762589762294,0.02981603991398245,0.002339620636912949
477.2000000000001,1,0.28885852731694606,0.22742953102642355,0.2852023046339698,0.029021055020458923,0.028991392047299534,0.002091692427908528
477.3,1,0.2879076156369006,0.2831021386093729,0.2813874238263276,0.028508505437868054,0.028203636166773443,0.002208616157597043
477.4,1,0.28624619800130974,0.32999079079366933,0.28756123007499684,0.02955173702957438,0.027605033127499595,0.0026469885752214675
477.5,1,0.2826899406235571,0.3635216724042876,0.30015836230980353,0.03200361231426346,0.027250773414498185,0.0032552556085882842
477.6,1,0.2749654090544304,0.38485488123189227,0.3130945998336799,0.03509042836382448,0.027092718314497218,0.0038364074951717096
477.7000000000001,1,0.25944490925100466,0.3977835484681397,0.3211423875301666,0.037885883397177314,0.027006127666423543,0.004260156537585238
477.8,1,0.23214107178650945,0.40570644878132855,0.3220976318593495,0.03982288882504772,0.026823026211401417,0.004496182938696094
477.9,1,0.19160311289583812,0.4107549200419901,0.3168773373299741,0.04084024440395613,0.026370068616182823,0.004593421850552271
478.0,1,0.14185394755104563,0.4141751603953517,0.30859131228560266,0.04116033659081425,0.025524959643544315,0.004703131118836248
478.1,1,0.091835241485511,0.4166937651853774,0.30143427914874654,0.04101631824398635,0.0242862270834197,0.005105060294267247
478.2000000000001,1,0.05066374200232339,0.41865875488790694,0.29936315066560726,0.040558966094394806,0.02281588095912033,0.006103662715693599
478.3,1,0.02278034402020044,0.4201853645380756,0.3045836554679949,0.03989071873757694,0.021401373105314005,0.007804547117749109
478.4,1,0.007183131757921353,0.42132826847593824,0.3164442967032414,0.03907969990779014,0.020323450166236087,0.009971825465663718
478.5,1,0.00022645210311032614,0.42216221807992965,0.3316160767029704,0.038125771624110946,0.01969767210246713,0.012131047207622096
478.6,1,0.0,0.4227663969760662,0.34590953408135267,0.036957890146389775,0.01939574169705878,0.013845963837054808
478.7000000000001,1,0.0,0.42320603069642193,0.35661876965839323,0.03551721928196527,0.019090511608169998,0.014941284807953857
478.8,1,0.0023457962115916477,0.42354827882434837,0.3634653887787224,0.03386814434313144,0.0183891597513311,0.015526308170728517
478.9,1,0.00550169994661315,0.4238565170264202,0.367626161272855,0.03221042145047577,0.017012244962148475,0.015859910816060304
479.0,1,0.008531285259409457,0.42411707685980693,0.37028818821050985,0.030758019768000862,0.014966368865389258,0.01619381050615789
479.1,1,0.011219188566576884,0.42411860672580876,0.37207461343427184,0.02961207377240977,0.012592123028764567,0.016700173688704897
479.2000000000001,1,0.013550825043889181,0.4232847795715054,0.3732050719202499,0.028751918620029755,0.010398069307823136,0.017483455241522075
479.3,1,0.015532224557044765,0.4204415103059295,0.37368619166181494,0.028104413169892345,0.008783996068907451,0.018583843453024183
479.4,1,0.017187178440648637,0.4137390780123881,0.3733551601104952,0.02757831013023174,0.007878911132585032,0.01991704604204386
479.5,1,0.018620503057726303,0.401590233865879,0.3719155022782371,0.027033869015391492,0.007592300708397091,0.0212279834354674
479.6,1,0.019994250660251518,0.3854058083295782,0.36888028636763154,0.02622419696578642,0.007781476470917645,0.022156859999272662
479.7000000000001,1,0.021420814373447134,0.3723549152233069,0.3633518307041467,0.024748206816671198,0.008399990400364479,0.022386952135067088
479.8,1,0.022868530922827417,0.3735155914726789,0.3540926979235802,0.02211919189332204,0.009551048845611077,0.021773537061817613
479.9,1,0.024173515819366834,0.39595324985937347,0.3404373141985832,0.018118546921176138,0.011397496281417173,0.020412067126845252
480.0,1,0.02516214196644921,0.4357695715455043,0.3235263995696986,0.013339373243109368,0.013946345522515289,0.018633276270177343
480.1,1,0.025767693533103722,0.48071319527931766,0.30637582351970966,0.009309485164507697,0.016874897163595852,0.016887811606244404
480.2000000000001,1,0.026042933448146455,0.520381769453863,0.2922336530926841,0.007662648181610458,0.019593865960105775,0.015547988865918402
480.3,1,0.02610504112434388,0.5532401789189072,0.2826352806261058,0.008886442874446145,0.021523113300898365,0.014774143278291562
480.4,1,0.026082420778191368,0.584398020062873,0.2768370287243293,0.011934628309279811,0.02234454992125494,0.014557116068625553
480.5,1,0.026059429449737975,0.6184096871302319,0.27262461398529375,0.01513297352305728,0.02207109168386238,0.014853656522271238
480.6,1,0.026015972408414457,0.6547693499233662,0.26725906451615,0.017361777079337046,0.02097728978070513,0.015631620732296247
480.7000000000001,1,0.025826668713581167,0.689289600676682,0.25790833709866223,0.018431342086679105,0.019479739449058814,0.016780994886172497
480.8,1,0.025346884640137617,0.7184210578463498,0.24219810660601895,0.018693847457694614,0.017984941519558737,0.01804780345658273
480.9,1,0.024478531151486734,0.7415853390399788,0.2195657361531445,0.018569647390536466,0.016745357495909573,0.019131451523370525
481.0,1,0.023105197261052098,0.7600681174454011,0.19251558833844865,0.018344253120902758,0.015817639349883755,0.019862431130157114
481.1,1,0.02100301418242596,0.7750738381514679,0.16589043472882034,0.018158362326779767,0.015143164282620027,0.020263187792434065
481.2000000000001,1,0.017974047571027545,0.7872277253507926,0.14409789536198794,0.0180521836650598,0.014662541796611597,0.020446206195449144
481.3,1,0.014196873728747035,0.7970582686117672,0.12881147819750158,0.018017033088920505,0.014386832584286613,0.02048693090268751
481.4,1,0.010419800961599005,0.8051924153082444,0.11910142248173336,0.018037797423515658,0.014414586814307778,0.0203866047013225
481.5,1,0.007706323839691416,0.812138131798093,0.11308530113046013,0.01811091712718012,0.014889935661539698,0.02009480087799333
481.6,1,0.006913584105559028,0.8181546944518895,0.10916762824000516,0.018235313010574447,0.015888359122074428,0.019509337653011192
481.7000000000001,1,0.008322194279946979,0.8233238949833672,0.1063306426818422,0.018392146400488186,0.017280910427251807,0.01846541290390374
481.8,1,0.011631490813183728,0.8275924177158993,0.10402241990395057,0.01853731181163752,0.01870927468005241,0.016816929568768
481.9,1,0.016206354604240105,0.8306448064498003,0.10199165425609416,0.018622198934192178,0.019751232590745668,0.014626890003857576
482.0,1,0.021301712634308526,0.8316159295364076,0.10008705942394279,0.01862681957969507,0.020163614411627707,0.012281838056270172
482.1,1,0.026162269863335978,0.8287167156807382,0.0981139940514742,0.01856369804547639,0.01998452971205071,0.010329058022273751
482.2000000000001,1,0.030217293857681182,0.8191671826514062,0.09587880508839863,0.018437507801857284,0.01941307046284627,0.009118814148573686
482.3,1,0.033546967278208696,0.800255042147309,0.09335375526298759,0.018195426182236685,0.01860264279208126,0.008585518824027156
482.4,1,0.03740501996215972,0.7716097017796765,0.09074642571517644,0.017702585239195694,0.0175655075708595,0.008378528992357963
482.5,1,0.04455992543105879,0.7366808364570303,0.08835847953565787,0.016753232489510134,0.01626372335938707,0.008201601543529028
482.6,1,0.05938834883940409,0.7007205869981994,0.08635137025553628,0.01515131328737481,0.014783234503602732,0.008049247464700855
482.7000000000001,1,0.08711477121500376,0.6656723146115399,0.0846278507582776,0.012880538201454898,0.013397633123711943,0.008167020622841957
482.8,1,0.13114789672394164,0.6264231445779118,0.08291490714078127,0.010239928848031009,0.012423877377598114,0.00880306664805748
482.9,1,0.18930158422451276,0.5729441346924409,0.08094723775038377,0.007744992722501213,0.011992747882080327,0.009951975925775163
483.0,1,0.25264911050332545,0.4981592561619864,0.07855165626936143,0.005820781812564273,0.011968344132178232,0.011277992782291267
483.1,1,0.30970230727029113,0.40559050421679077,0.07550427903322995,0.004583324474230429,0.012102566250094477,0.012279663531836864
483.2000000000001,1,0.3528850993132573,0.30938938388894166,0.07129774392143237,0.0038959727662533326,0.012261918434388735,0.012581132596773292
483.3,1,0.38137549972705076,0.22577782743073624,0.06522424088624466,0.0035596064945092537,0.012513580585322967,0.012129822541498867
483.4,1,0.39872859025716195,0.1637419608760374,0.05698810528712994,0.003424014813699467,0.013040713227964013,0.011163815276594175
483.5,1,0.40904777839566697,0.12293992456866434,0.0473324612268751,0.003391151687340495,0.01400471505032965,0.01002007911673707
483.6,1,0.41518919317225417,0.09803008980851909,0.037816677135259484,0.003390130992659912,0.015434894053186562,0.008964196208578124
483.7000000000001,1,0.41891093217116165,0.08320992364939195,0.02974624470821761,0.0033657106467631414,0.017160020011061775,0.008135564153318772
483.8,1,0.4213564681094369,0.07393335091399807,0.023378614240720144,0.003278175003928865,0.018820313362154364,0.007567328062941762
483.9,1,0.42321218958729817,0.06711122027951147,0.018209683190723813,0.003107759342352268,0.019996687371471582,0.00721557696792786
484.0,1,0.42475557555539384,0.06115524447369108,0.01377062066095612,0.0028530704996532533,0.020400154245814966,0.006987959366226031
484.1,1,0.425978701270933,0.0557448346044545,0.009945221181325369,0.002517309391994745,0.020008452895679898,0.006786603150398718
484.2000000000001,1,0.4267395482409174,0.05115514834404597,0.00672917976009827,0.0020997808847860984,0.019086934573406992,0.006553269252783462
484.3,1,0.426881873094721,0.047595768358119045,0.004022099174872379,0.0016114611723388283,0.018094005054888746,0.006286696286926427
484.4,1,0.42633379594957926,0.04496120442578175,0.001706614026820209,0.0010951789049333015,0.017504307075941646,0.006023238928444437
484.5,1,0.425198559851134,0.04294543840464622,0.0,0.0006151278425903842,0.017617176576378634,0.0058060560224201365
484.6,1,0.42378176097972164,0.041248661271949136,0.0,0.0002257280811184496,0.018438764151385657,0.005675527786548772
484.7000000000001,1,0.4224585640390128,0.03969929951571424,0.0,0.0,0.01970902855035043,0.005675690489081542
484.8,1,0.42137817735011746,0.038268312755567475,0.0,0.0,0.021079006030505786,0.005836867437986663
484.9,1,0.4201125316219863,0.03700596391663489,0.0,5.234108958461755e-05,0.022322124036054575,0.006133810107108384
485.0,1,0.4172425564786385,0.035942544215468226,0.0,0.0005228471138936432,0.023407929961544133,0.006479152757352108
485.1,1,0.4097791369981158,0.03501055094391986,0.0,0.0012317823286510938,0.02441417951405811,0.006772303266407821
485.2000000000001,1,0.3928470098961343,0.03404706533499601,0.0,0.002016462473552095,0.025465824269889473,0.006934661074511994
485.3,1,0.3610082873661543,0.03289423319280981,0.0,0.002853801889722867,0.026966532681967383,0.006896117041344788
485.4,1,0.3120024811859786,0.031547373137804376,0.0,0.004275694136602928,0.03025002680229653,0.006609642643037305
485.5,1,0.25048674067594556,0.03024599955294135,0.0,0.007730791632067063,0.03850863227320405,0.006140005892054332
485.6,1,0.18728206837704348,0.029446010414693063,0.0,0.015646863470496267,0.05729042639278343,0.005724791528164789
485.7000000000001,1,0.13336637260922055,0.029803065117712312,0.0,0.030851471975460135,0.0931269516163691,0.005690997538398201
485.8,1,0.09400192047687239,0.03243976092986752,0.0,0.05498887428923816,0.14941000661687162,0.006264309873644648
485.9,1,0.06819975551204464,0.03955577572165885,0.0,0.08652139099977148,0.2217523945490821,0.0074225751746298755
486.0,1,0.052285426428348054,0.05475310103829698,0.0,0.1203092547268637,0.2977950550186228,0.008910930063797087
486.1,1,0.04289908780148468,0.08188030342554946,0.0,0.1500479428097656,0.36344982461887015,0.01040882553610459
486.2000000000001,1,0.037619737176054255,0.12203245987124145,0.0,0.17178183258911336,0.4106338555917788,0.011709682718480647
486.3,1,0.034623031129686295,0.17081695089338486,0.0,0.18533194432523664,0.43974154863920445,0.012764424311929534
486.4,1,0.032615680509067164,0.2192365705034649,0.0,0.19291265096332313,0.45610520528391607,0.01359435714879169
486.5,1,0.03096530102951234,0.2585221535591565,0.0,0.19700563276071476,0.46526041269465745,0.014212252948593353
486.6,1,0.029643790745681547,0.28479042667169646,0.014524624485388351,0.19933157401376472,0.47080026747799397,0.014628839756655094
486.7000000000001,1,0.0289325026084234,0.29958043888276503,0.04542992001126132,0.20088283675216895,0.47458055748733013,0.01488492997385628
486.8,1,0.029049040154895022,0.3069276811646419,0.09330310799829966,0.2021899954337389,0.47747001567581504,0.01503715222014631
486.9,1,0.029916178162702294,0.310439129408568,0.15640131045506028,0.20346618355517615,0.47980822624579184,0.015110373660880009
487.0,1,0.031204786954298923,0.3122781705151718,0.22547399400846396,0.20471731599049006,0.4816616768563429,0.015067018394162144
487.1,1,0.03257267459716079,0.3134758137576107,0.28800821776056973,0.2058852858481622,0.48303244272582463,0.014813540328170477
487.2000000000001,1,0.03386722254255978,0.3144498656382943,0.3353493304241739,0.20695280431432447,0.4839797224413124,0.014244458076248395
487.3,1,0.035110198271270515,0.3153278540954113,0.36616916588485315,0.20794817608160343,0.484619273206022,0.013321216048174671
487.4,1,0.036292243680630366,0.3161279334497241,0.3842072744321246,0.20888360915356596,0.4850660343377233,0.012146138183278437
487.5,1,0.037184919285084245,0.3168615095386559,0.39415091210648107,0.2097094808971354,0.48540813359975865,0.010952323764614616
487.6,1,0.037370895504435,0.3175580014402455,0.39952753574000743,0.21032914080604473,0.48572369189991194,0.009982584296216073
487.7000000000001,1,0.03647375799423206,0.318237786888661,0.40268168321994563,0.21064426671850203,0.48607288320389314,0.009350530837742524
487.8,1,0.03434047438786175,0.31889042546251867,0.40513588764582964,0.2105560702675907,0.48637951018861897,0.009005328157226792
487.9,1,0.03100635995550945,0.3194935487204351,0.40763665866237675,0.20985423432532857,0.48611313205167206,0.008803781237840369
488.0,1,0.026622622976310427,0.3200516984760699,0.4102151239513526,0.2079469674142592,0.48364439152771943,0.008584950026014906
488.1,1,0.021616429114672917,0.3206048446267234,0.4125286333571548,0.20345840861612913,0.475311728931776,0.008179524438735276
488.2000000000001,1,0.01691065561864674,0.32117819048586294,0.41430365830328303,0.19399901909081765,0.45497888984416723,0.00740129530659105
488.3,1,0.013709464556470574,0.32165277321933305,0.41557694780777515,0.1768123959907836,0.41573504712207454,0.006105587525243476
488.4,1,0.012819520528327523,0.3214622336685398,0.416640256433418,0.15068169519108096,0.35447858457102555,0.004303180129454159
488.5,1,0.014161813812294166,0.3190702274835398,0.41781858494171575,0.11792969801322618,0.2765731430580013,0.0021988066160507588
488.6,1,0.01701990546103734,0.3117242753941594,0.41926661611577326,0.08425932301309115,0.19543261082496466,6.840843263745642e-05
488.7000000000001,1,0.020759700515961967,0.2965219227798356,0.4209012157846508,0.055878048357163194,0.1257052440079952,0.0
488.8,1,0.02524458199324315,0.27287602680926265,0.42246968809682933,0.03640887039858579,0.07562831169832242,0.0
488.9,1,0.030567429396494386,0.24424790704428753,0.4236003318158932,0.02633123032868641,0.04497875764375956,0.0
489.0,1,0.03662155055749494,0.21675542124650826,0.42361531661461965,0.024689805444067205,0.02861920937585117,0.0
489.1,1,0.04339358027218509,0.1954704510350604,0.4210851038898021,0.03063413177637495,0.020864841354033496,0.0
489.2000000000001,1,0.05210322972336205,0.1819101786677495,0.4135602425817194,0.04328792421496099,0.0175826222173851,0.0
489.3,1,0.06604064120073133,0.17458465500529674,0.3982744749307473,0.06077081138098267,0.016375374270993125,0.0
489.4,1,0.08951346571720394,0.17107906593633188,0.37411502985868667,0.08033430011869612,0.016077735793829005,0.0
489.5,1,0.12468345646297799,0.16948178283271817,0.343574419346084,0.10039881970863325,0.016173038581510795,0.0
489.6,1,0.16859412183201963,0.1686744392004057,0.31243992279803234,0.12279773562460623,0.01638943503675374,0.0
489.7000000000001,1,0.21359942742755686,0.16812553550751996,0.2867420688313445,0.15246226253355244,0.016564707494212145,0.0
489.8,1,0.25158866714803535,0.16765152135073363,0.2695057912955191,0.19370978422025475,0.016645157012063934,0.0
489.9,1,0.27844752441579107,0.16722491920768265,0.2600745741596281,0.24580363634500715,0.01666108986161934,0.0
490.0,1,0.2950438265633967,0.1668395059853743,0.2558555531267849,0.30204317404143405,0.016661101957467034,0.0
490.1,1,0.3048330817338404,0.16646122383072942,0.25429543847324576,0.35371827748232404,0.016655996502638024,0.0
490.2000000000001,1,0.31103272254466235,0.16605108992021206,0.2537261000965465,0.3952760296888841,0.01660043732466491,0.0
490.3,1,0.31545787859063545,0.1655988733918258,0.2533058558211828,0.4261691361622485,0.016408207519266107,0.0
490.4,1,0.31881147040742863,0.16510919224824455,0.25272757634755094,0.4490892141514896,0.01600187712731339,0.0
490.5,1,0.3213127987580001,0.16452616407277765,0.252000827480224,0.46753091683885645,0.01539590317893358,0.0
490.6,1,0.3230599574203974,0.16360113285963496,0.25129227376641045,0.48439797083299463,0.014768588577887471,0.0
490.7000000000001,1,0.3241343275128376,0.16168408962331435,0.2507697748790839,0.501236825693566,0.014435790745140642,0.0
490.8,1,0.32462136634533056,0.1574739178691735,0.25048600359618256,0.5178921905533918,0.01468998361720452,0.00044235651578620555
490.9,1,0.32464250191332056,0.1490296172779618,0.2503613730564159,0.5330912812239643,0.015603601279593591,0.0016095162720097108
491.0,1,0.32439989148618575,0.1345666156353043,0.25025265404233366,0.5456809370505399,0.01696048213819966,0.0028897837427096992
491.1,1,0.32418329901004256,0.11400251936014665,0.2500375333684881,0.5554261310052027,0.018374059682478263,0.004043117933654124
491.2000000000001,1,0.32429770899175137,0.08997443682771389,0.24964606225723318,0.56287475473307,0.01948469133973482,0.00489496056155325
491.3,1,0.3249363040548752,0.0668761155372934,0.248990919705716,0.5687938648114463,0.020087822994862763,0.005413301072078094
491.4,1,0.32606845804544826,0.04838170957794383,0.2477748368071616,0.5737880809349541,0.02015211745740563,0.005683236100723941
491.5,1,0.32735452950030614,0.03570450549510971,0.2451565165768096,0.5781942377503396,0.01977040325003208,0.005836994323565845
491.6,1,0.32797379510711966,0.0278970109046653,0.23931488854071248,0.5820718430354196,0.019061921227295796,0.005992416055142875
491.7000000000001,1,0.32621164857283313,0.02323435697910736,0.2272880199611528,0.5852355357951776,0.01805967791733203,0.006210862686252798
491.8,1,0.31890920420974067,0.020209681528170056,0.20591307054680913,0.5873810610863216,0.016707218649668235,0.006483157478057232
491.9,1,0.30147918081861713,0.017826730434089614,0.17414387826614208,0.5881901095784623,0.015025097474375743,0.006748757566338701
492.0,1,0.2695481700941774,0.015593299424517084,0.13507254080892755,0.587120855512611,0.013271133732518535,0.006928685705019521
492.1,1,0.2222558000825671,0.01342222526864038,0.09507558685246179,0.5828116995701607,0.01186501509479596,0.00694648046353459
492.2000000000001,1,0.16492041815333652,0.01143584128900624,0.06013194237640722,0.5726333006171916,0.011114626761205119,0.00673279073281943
492.3,1,0.10790193785191689,0.009751537933900914,0.032783571813364165,0.5532568446207107,0.011017400435826202,0.006237787563867804
492.4,1,0.06143318082514101,0.008382461098884643,0.012379533532482513,0.5223144457504096,0.011312938426032051,0.005474620295336457
492.5,1,0.03041104360545596,0.0072985961712541845,0.0,0.4797218221194383,0.011692127280987064,0.004560624918691092
492.6,1,0.013344024650160454,0.006593601306245761,0.0,0.42721546146607525,0.011952795842163366,0.0036859051353780575
492.7000000000001,1,0.005394547065685977,0.0066430029759789525,0.0,0.3670333848413119,0.012008987266271677,0.0030098573357235925
492.8,1,0.002043834626217019,0.008097907580040638,0.0,0.3020651894649788,0.011825733901889223,0.0025791998363711693
492.9,1,0.0007185123321148118,0.011573856041094892,0.0,0.23726884427032593,0.011390180609524478,0.002334779048557347
493.0,1,0.00043770077436955433,0.017114846242617703,0.0,0.17931138711155362,0.01074408306065609,0.0021717602877690456
493.1,1,0.0008602289885690529,0.02386713001869211,0.0,0.1334334817797154,0.01000734417713658,0.0019810507260250056
493.2000000000001,1,0.0017009156192387678,0.030399242156851233,0.0,0.10078423072072107,0.00931943598461847,0.0016551936003242292
493.3,1,0.002651906398210337,0.03550466204010374,0.0,0.0790933080162641,0.008723972723886968,0.0011024887774129298
493.4,1,0.0035016050400255394,0.03878197302734994,0.0,0.0652519624190827,0.008107631895209653,0.00029858830783678473
493.5,1,0.004166320428100407,0.040556113510626705,0.0,0.05682974575348148,0.007255802636583996,0.0
493.6,1,0.004596349130548397,0.041408240445842376,0.0,0.05198328088647325,0.005972598691920219,0.0
493.7000000000001,1,0.004677513416650402,0.0418107833486416,0.0,0.049068358617887664,0.00419978985468584,0.0
493.8,1,0.00422621500956232,0.04203465488531203,0.0,0.04668975216038028,0.002109143576123521,0.0
493.9,1,0.003090883151846891,0.04219855144085936,0.0,0.043950192486014145,9.290734311431497e-05,0.0
494.0,1,0.001290418325929907,0.042330849942375355,0.0,0.0405756680691782,0.0,0.0
494.1,1,0.0,0.042414753311347676,0.0,0.036835139881347345,0.0,0.0
494.2000000000001,1,0.0,0.04242326949539534,0.0,0.03325977153893351,0.0,0.0
494.3,1,0.0,0.04234467629502453,0.002748380488360715,0.030263107676088433,0.0,0.0
494.4,1,0.0,0.04219481517780711,0.034027788657636296,0.02786818477892197,0.0,0.0
494.5,1,0.0,0.04201469364225541,0.08200933109737872,0.025692080498004855,0.0,0.0
494.6,1,0.0,0.041857742754714156,0.14251675195877384,0.023160339396081336,0.0,0.0
494.7000000000001,1,0.0,0.04177781236682966,0.20522275239430535,0.019841337251820138,0.0,0.0
494.8,1,0.0,0.041825768776288345,0.2589277648215649,0.015773079012947226,0.0,0.0
494.9,1,0.0,0.042043389937051284,0.297486534965207,0.011568551065055504,8.529035563014407e-05,0.0
495.0,1,0.0,0.04244520887195474,0.3214226427909638,0.008126762726139783,0.0002228586789934328,0.0
495.1,1,0.0,0.043015352589653395,0.3350005069312558,0.0061091423385477624,0.0003064349005213294,0.0
495.2000000000001,1,0.0,0.043790755451856365,0.34253992823883184,0.0056058093014487685,0.00026930877192038525,0.0
495.3,1,0.0,0.045153212287217324,0.34684204513802097,0.006224006368422795,1.1102956242310857e-05,0.0
495.4,1,0.0,0.04846348569816678,0.3494552509706652,0.007415766060316574,0.0,0.0
495.5,1,0.0,0.05697764037934833,0.35127430025076595,0.008729753571088008,0.0,0.0
495.6,1,0.0006242056077694338,0.07623068091088328,0.35280097563229024,0.009883655171055194,0.0,0.0
495.7000000000001,1,0.0020759646151220627,0.11225476221432237,0.3542364617321377,0.010751755358369893,0.0,0.0
495.8,1,0.003014363927474173,0.16711352320284303,0.35560186411804656,0.01134185716119376,0.0,0.0
495.9,1,0.0034928315781485456,0.2348799050776099,0.3568457217039582,0.011749059623184377,0.0,0.0
496.0,1,0.003729797766906963,0.3029586851523171,0.35788310895681613,0.012092567821161627,0.0,0.0
496.1,1,0.003968252281051026,0.35906431209340783,0.3586193854582839,0.012502629362912158,0.0,0.0
496.2000000000001,1,0.0043504936300879,0.397737878792626,0.3590144204322427,0.013193373641442487,0.0,0.0
496.3,1,0.004863647392801472,0.42089934956609565,0.3591406186787725,0.014529292468352729,0.0,0.0
496.4,1,0.005378208093648994,0.43371252997518717,0.3591426150529303,0.01690920113171604,0.0,0.0
496.5,1,0.005747870391670265,0.440743548005635,0.35906370797594855,0.02042187885492599,0.0,0.0
496.6,1,0.005891969112368944,0.4448186344022963,0.35853079929494447,0.024537904484255028,0.0,0.0
496.7000000000001,1,0.005817943010018962,0.44749251315696015,0.3562275385376925,0.028225782602375418,0.0,0.0
496.8,1,0.005607381561274137,0.44959358608982664,0.34920419351778126,0.030520342174507605,0.0,0.0
496.9,1,0.005386818242635492,0.4514869084087046,0.33265873828557097,0.03107187237200644,0.0,0.0
497.0,1,0.0052707645109281625,0.453257067534513,0.30145294148211565,0.030212651884030856,0.0,0.0
497.1,1,0.005282746000459072,0.4548820466563751,0.25388729263586907,0.028588072022979978,0.0001965499461696666,0.0
497.2000000000001,1,0.005300810896407105,0.4563306173726978,0.19560783589079223,0.02676593353683757,0.00038360162679538303,0.0
497.3,1,0.00506661047266287,0.4575788800013841,0.13962770245935252,0.025107051654240507,0.00043259967091553774,0.0
497.4,1,0.004268941002252803,0.45860887783254967,0.10077712369428413,0.023837095831653717,0.0005007258298785568,0.0
497.5,1,0.0027071968964125135,0.4594254549180509,0.08799212191439071,0.023111560768345456,0.000733555043942988,0.0
497.6,1,0.00047224314182274263,0.46006195937807687,0.10001310382831512,0.022987242034335456,0.0011789049495455962,0.0
497.7000000000001,1,0.0,0.46052471380102156,0.12712950099186945,0.023379900433201328,0.0017915420589599044,0.0
497.8,1,0.0,0.46063605799106805,0.1571450885458126,0.024098560563952202,0.00249653016574888,0.0
497.9,1,0.0,0.45970479760281874,0.18136289405477168,0.02494270548529044,0.003221331178751489,0.0
498.0,1,0.0,0.4559027824430114,0.19704204449093293,0.02578644708088462,0.0038806346452616653,0.0
498.1,1,0.0,0.44547622003916876,0.20582223151776152,0.026596215245266158,0.004379149188903217,0.0
498.2000000000001,1,0.0,0.42271454626321286,0.2105794325106239,0.02738553306649575,0.004660210354536826,0.0
498.3,1,0.0,0.38218112651960195,0.21338343797222467,0.028162405168997574,0.0047410941535844,0.0
498.4,1,0.0,0.32314506450453356,0.21519366549809024,0.02892582595374739,0.004683879809711889,0.0
498.5,1,0.0,0.25269632522200924,0.2163712180360489,0.02970704916242277,0.0045375725716327465,0.0
498.6,1,0.0,0.18337840524179744,0.21712903924050608,0.030611465963948575,0.0043226240060889555,0.0
498.7000000000001,1,0.0,0.12633476703601382,0.21769006281448453,0.03185527565081147,0.004069777476479997,0.0
498.8,1,0.0,0.08611957026980642,0.21826389620123324,0.03381506020443016,0.0038529099159984033,0.0
498.9,1,0.0,0.0610810980840011,0.21897666340026886,0.03700865522649643,0.0037630734354605335,0.0
499.0,1,0.0,0.0469467924413661,0.21982808210012095,0.04183850650924834,0.003844093023174881,0.0
499.1,1,0.0,0.039545991147461206,0.22070973179971612,0.048138625956131956,0.004050572389608211,0.0
499.2000000000001,1,0.0,0.03570725885843635,0.22147997929333466,0.05495458286364469,0.004263157091751191,0.0
499.3,1,0.0,0.03342430260720518,0.22204468989790016,0.060941555636801814,0.004356511580743007,0.0
499.4,1,0.0,0.031837518412459125,0.2223766855912419,0.06513007952886476,0.0042980485610061145,0.0
499.5,1,0.0,0.030892962304580142,0.22245063069006152,0.0673771976982776,0.004249397620932302,0.0
499.6,1,0.0,0.0307482703577841,0.22211702798349536,0.06819353204889943,0.004640875463864914,0.0
499.7000000000001,1,0.0,0.03130461718609289,0.22094902934351632,0.0682666759033605,0.0061720735768331925,0.0
499.8,1,0.0,0.0321330464328282,0.21815067401492721,0.06811448578146416,0.00963444880527612,0.0
499.9,1,0.0,0.032731397633657996,0.21282849048194843,0.06799165575981186,0.015467926902284037,0.0
500.0,1,0.0,0.032800141189282477,0.20499138348799495,0.06794957298004115,0.023247826383002376,0.0009536309746620937
500.1,1,0.0,0.0323026999942129,0.19680022774894104,0.06793993511034266,0.031627886646794376,0.005501692483661232
500.2000000000001,1,0.0,0.031345670017454,0.19233454895509905,0.0679012715074622,0.03901083363357896,0.014917531063981146
500.3,1,0.0,0.030059720896433068,0.1948896181588349,0.06780133429189807,0.04443698627466832,0.03209842047266855
500.4,1,0.0,0.028578074808473266,0.20398891852864684,0.06763129044261303,0.04790240533127323,0.05881825816019572
500.5,1,0.0,0.027059275206642384,0.2155563783432188,0.06736638501882707,0.049973988772860585,0.09352909845538918
500.6,1,0.0,0.02566731217884227,0.22521218680237443,0.06694019740434468,0.05124223328722712,0.13077112876849312
500.7000000000001,1,0.0,0.024504702274610064,0.23106501883585262,0.06628481814353675,0.052066076922868264,0.16369637145866353
500.8,1,0.0,0.02356772517245094,0.23369566359576704,0.06540636904241275,0.0526052565463167,0.18788638816209038
500.9,1,0.0,0.022767423527270653,0.2345586061748311,0.06438899477860725,0.052935767926940165,0.2030209453117727
501.0,1,0.0,0.02198746039835955,0.2348164424244371,0.06329442491327344,0.053124560635415284,0.21147320450710708
501.1,1,0.0,0.02113881017685319,0.23506103653003788,0.0620533139717316,0.05324521572969078,0.2159809072593387
501.2000000000001,1,0.0,0.020204598621883764,0.2354260751326167,0.06041538856411843,0.053361863812702214,0.21844147796546556
501.3,1,0.0,0.019260612018867324,0.2357878149509822,0.05790658745050184,0.053512762185154064,0.21990041992727952
501.4,1,0.0,0.018438008756382903,0.23599099136757387,0.053817889037973576,0.05370380322337882,0.22087963097725474
501.5,1,0.0,0.01783758693668226,0.2360072778347226,0.04746732849895817,0.05390818522430248,0.22161781230026953
501.6,1,0.0,0.017460954348576172,0.23594681831760617,0.03882663008319183,0.05407755396652709,0.2222390905481739
501.7000000000001,1,0.0,0.017204611600053304,0.2359580544601332,0.02900567004863029,0.054168079688687316,0.22287100606729648
501.8,1,0.0,0.016890532933555812,0.23612592722710668,0.019902879797578706,0.054160474025137746,0.22365257370960598
501.9,1,0.0,0.01628084558614522,0.236438569325303,0.013135670410202617,0.05404794713938399,0.22464550366482725
502.0,1,0.0,0.015093229730048032,0.23680983215080914,0.009211833418608786,0.05378412117148841,0.2257644022128298
502.1,1,0.0,0.01310653885837584,0.23710437050177052,0.0075932194320968505,0.05318089074599467,0.22682156325342945
502.2000000000001,1,0.0,0.01036115448798415,0.2371009381217174,0.007325399959476395,0.05176644215086769,0.22765200109181977
502.3,1,0.0,0.00726049628779066,0.23629799297173545,0.007571690158593247,0.04874376244707842,0.22819030523306372
502.4,1,0.0,0.004387262676179086,0.23347018628562102,0.0078094082867323136,0.04330339311073734,0.2284095390184888
502.5,1,0.0,0.0021610213280167344,0.22613822862309105,0.007822677288342293,0.035301289539072925,0.2281292829062065
502.6,1,0.0,0.0006652952999188351,0.21067072974931425,0.007655906858534643,0.02576253341300099,0.22671314707460619
502.7000000000001,1,0.0,0.0,0.18394129168788365,0.007598049879387689,0.016553408672760787,0.22266801192677627
502.8,1,0.0,0.0,0.14618598961339674,0.00819716445649149,0.009332643875630927,0.21339565020591794
502.9,1,0.0,0.0,0.10258382213794721,0.010279562493505921,0.004704805987636492,0.19580657867277468
503.0,1,0.0,0.0,0.06122220551190153,0.015011028739241402,0.0022475796051995307,0.16829783957549319
503.1,1,0.0,0.00028962284036166704,0.028667952230498492,0.023981871154904483,0.0011370186435400453,0.1330143621908722
503.2000000000001,1,0.0018868498147273309,0.0023639924260748543,0.00709070659922116,0.03891496988901337,0.0006889671150651479,0.09596078315432499
503.3,1,0.022704432751835747,0.006682424312696095,0.0,0.060502994666382655,0.0005180162696841793,0.06403090169502597
503.4,1,0.06557328562637313,0.015213896380486442,0.0,0.08695054601664545,0.00045551524654845416,0.04135050398236868
503.5,1,0.13910941173468055,0.030888104247739374,0.0,0.11397874517884961,0.0004370272527630155,0.02805175111730384
503.6,1,0.24353719188454287,0.056577634881464826,0.0,0.13700795064890367,0.00044001253651856074,0.021733456695783263
503.7000000000001,1,0.3657680820053374,0.09275592446285723,0.0,0.15365448174484214,0.00045934666071867103,0.01952096733886823
503.8,1,0.48375015704876656,0.13547594177602176,0.0,0.16424775666815414,0.0004915983647920844,0.01923087568261359
503.9,1,0.5784089971798303,0.17728903805084206,0.0,0.17047048771826034,0.0005165513133259912,0.01964744025615004
504.0,1,0.6429918891808932,0.21123156448247735,0.0,0.17393159207707304,0.000491927279674759,0.020401751763632316
504.1,1,0.6824523766413466,0.23443417509263623,0.0,0.17569256887183352,0.000383818405413146,0.021797441763709735
504.2000000000001,1,0.7059929879721615,0.2482861957839087,0.0,0.17642273372150194,0.00021614683896413857,0.024740041525144623
504.3,1,0.7208331771160389,0.2559677556080855,0.0,0.17661603708709914,7.593517762063742e-05,0.030600041670110715
504.4,1,0.7308942781799788,0.26023351145810447,0.0,0.1766737147928664,4.671692435488149e-05,0.04058864500697229
504.5,1,0.7382857073363014,0.26278446027476615,0.0,0.1768855961763757,0.00013906264063918877,0.05467243992685528
504.6,1,0.7445502908305288,0.26454918689961826,0.0,0.17740358830837516,0.0003032543762989057,0.07097033389131448
504.7000000000001,1,0.7509075573062415,0.2659946303934774,0.0,0.17826540612984235,0.000520996124464769,0.08657653534822941
504.8,1,0.7582146754721147,0.2672906188124015,0.0,0.17943984179582717,0.0009027956355461014,0.09928709571614255
504.9,1,0.767010785414716,0.2684503736042633,0.0,0.1808425973747434,0.001706116347726825,0.1085809443742963
505.0,1,0.7774098457604077,0.26945962203893997,0.0,0.18233351134451461,0.003207808406722453,0.11512530824311114
505.1,1,0.7889323045986375,0.2703314109706866,0.0,0.1837332600026646,0.005473382752386434,0.11973199573286686
505.2000000000001,1,0.8007818616429092,0.27109053636484415,0.0,0.1848517647243628,0.008235351524544389,0.1228751148767208
505.3,1,0.8124540892720523,0.2717477190108554,0.0,0.18547940384470865,0.011048493915461597,0.12483138395634663
505.4,1,0.8238503067390502,0.27230009564109814,0.0,0.1852934852449386,0.013574350599191041,0.12589734824692572
505.5,1,0.8347073381080985,0.2727418795172429,0.0,0.18364220007493937,0.01570229447725991,0.1264061845310774
505.6,1,0.8441273675970431,0.2730498862380139,0.0021779551104866663,0.17924771349227342,0.017478018503148816,0.12664350958865422
505.7000000000001,1,0.8505453566095328,0.273110600648634,0.012477469652974516,0.17016483089567308,0.019052571473747625,0.12680281016691378
505.8,1,0.8514112173506676,0.2725339818720899,0.0254860907273397,0.15458846314957664,0.02072058056064173,0.126997140987568
505.9,1,0.842258352331396,0.27028490786725945,0.04150223173710373,0.13249539293804147,0.02287627273376014,0.12727801551895765
506.0,1,0.8166437251706645,0.264237547994143,0.05910835646083232,0.10672425842265419,0.0257911192894735,0.12764049686760923
506.1,1,0.7691170546433003,0.2512241236660552,0.07651853941529202,0.08190605900832344,0.02940653398589334,0.12803694956818806
506.2000000000001,1,0.7005916409264696,0.22840347802523628,0.09369195248417579,0.061760969279124465,0.03339669773301573,0.12841596215383766
506.3,1,0.6212867468077793,0.19576185137512658,0.11301873593239084,0.04719658692483677,0.03743388815150234,0.12876057282212666
506.4,1,0.5468621988918692,0.1576447460376088,0.1375959359204531,0.03668163312373186,0.04132143149495704,0.1290764525037199
506.5,1,0.4901243191680437,0.12112511736960069,0.16822210539492224,0.02802607713893565,0.04488425021486282,0.12929148675159474
506.6,1,0.45574282258537924,0.092071915818425,0.20173972429578624,0.019923059933691947,0.047880321044598925,0.1290507062290437
506.7000000000001,1,0.4415742955898113,0.07243947632353692,0.23265916484623753,0.01240033656119289,0.050116653817731185,0.1274540690968056
506.8,1,0.4427885625342799,0.06075545229444721,0.25677256275049654,0.006239228650458558,0.051597506460824435,0.12295001994141623
506.9,1,0.4539550304817428,0.05431030406737768,0.2732392423562745,0.0020288821286018168,0.052490689222176756,0.1137775544071558
507.0,1,0.46910429155997657,0.05075367221391829,0.28366332693101387,0.0,0.052968918921244945,0.09912554346120425
507.1,1,0.4823335387374276,0.048545224261934354,0.29011224036617783,0.0,0.05311910225275515,0.0803102356877419
507.2000000000001,1,0.4892126802200164,0.04687086335391016,0.2942247160639983,0.0,0.05297935925708785,0.06066488913072928
507.3,1,0.48726519347284447,0.045433744621432834,0.2973428021403279,0.0,0.05260475851096909,0.04380435242267159
507.4,1,0.4754318565628203,0.04419353027018321,0.30058136376280425,0.0,0.05206446897105674,0.03173664210874719
507.5,1,0.4542249972435802,0.04314663246620222,0.3045160014572474,0.0,0.051396731223978184,0.024461762874341406
507.6,1,0.4266934956868268,0.042249919529157465,0.3089497316204068,0.0,0.05062679946169709,0.020914489108272365
507.7000000000001,1,0.39804626783469393,0.04145920908201102,0.31314759737285286,0.0,0.04986896826752389,0.01993894296095515
507.8,1,0.37313201812711116,0.040776618883867154,0.31642316948528737,0.0,0.04938868532953496,0.020640207127932866
507.9,1,0.35412153874276175,0.040242540604930196,0.31863093552788896,0.0,0.04950446169484441,0.022365377843790477
508.0,1,0.340599458137927,0.0398911508700584,0.32024185155205404,0.0,0.05036778997008845,0.02461010108479208
508.1,1,0.3312232125271976,0.03971564709049009,0.3220234650535561,0.0,0.051786557210978926,0.02693501615233771
508.2000000000001,1,0.324857380476194,0.03967940615797045,0.32456172220019364,0.003740764305887785,0.05324123529978009,0.028957787976212006
508.3,1,0.3206540654694902,0.03979629748772453,0.3279380633578943,0.008645498822903434,0.05410886530378401,0.030422717255722466
508.4,1,0.31787626243965655,0.040267123701241046,0.33181219405709,0.012403383657579007,0.05396140087399967,0.031246951447645725
508.5,1,0.3159431221298748,0.041577839760658604,0.33575157280362256,0.014871582343844031,0.05275869003493736,0.03149626066076147
508.6,1,0.3145175176904056,0.04438682846984336,0.33920346645774013,0.016538786839736544,0.05081749238633516,0.03133236659912565
508.7000000000001,1,0.3134270951534506,0.04910425985412908,0.3408455037449365,0.01808698756351257,0.048558508556933805,0.030950269347537668
508.8,1,0.3124542218521143,0.05539058751771129,0.3380630350331134,0.01996708291763414,0.04621945242824039,0.03050096606660818
508.9,1,0.31106220758927966,0.06208152851856658,0.32772159404852935,0.022192909177747844,0.043811684290485826,0.030050182691785127
509.0,1,0.30796834527125905,0.06777521565994181,0.3083821432369821,0.02442094203345743,0.041343612338177446,0.02962577168661503
509.1,1,0.3005292229314779,0.07162838620933652,0.2822930714657595,0.026259394978148352,0.03898923559978656,0.029294012227107705
509.2000000000001,1,0.2845097586985667,0.07367117658168357,0.25490697720044336,0.0275732856513049,0.03697633203962422,0.029149108352737513
509.3,1,0.25546312634114365,0.07449458759707872,0.23180297330006025,0.028549323988173697,0.03538119678652536,0.02921928144329745
509.4,1,0.21207253591917588,0.07474541357917498,0.21572110893583124,0.029531713531498742,0.034115741657870784,0.02941657948620135
509.5,1,0.15910848150280132,0.07483980285688706,0.20616272037521113,0.030810831720555407,0.03308314865648467,0.029593165245962047
509.6,1,0.1064259966416362,0.07494580169400346,0.20105602716219315,0.03249351844684657,0.032271239952777135,0.029623572978626757
509.7000000000001,1,0.06376413021329562,0.0750889173657498,0.198397606903076,0.03453302299600592,0.03169120901158397,0.02941813354081295
509.8,1,0.03572974277976656,0.07526144150206855,0.1968988818114741,0.03699882146416527,0.03126487747840847,0.02887106052658644
509.9,1,0.021005791535523965,0.07548245749891644,0.1961149379589421,0.04058070645375873,0.03077373111962141,0.02782621362440475
510.0,1,0.015152153424789597,0.07579376687360578,0.19670043572996523,0.04719500146453366,0.029909669867397664,0.026145326159234657
510.1,1,0.013754922386395661,0.07621364746304549,0.20081328015018218,0.060629098499332,0.028426775272344117,0.023861239281453322
510.2000000000001,1,0.014095386626096653,0.07670031783558827,0.21200108073036256,0.08694446496424184,0.026316610706602322,0.02125357634091673
510.3,1,0.015388692354378236,0.07716539941200265,0.23373236645795475,0.1333225091047037,0.02383666730208822,0.018712293885388316
510.4,1,0.018055142523268303,0.07752592092748858,0.26673786144538264,0.20383652314269984,0.02132236601017785,0.016507264680445288
510.5,1,0.022689877217819412,0.07774486635161981,0.3070532159902886,0.293912228175148,0.018977861373283222,0.014720985304397173
510.6,1,0.02984713809279088,0.07782457533524104,0.3469877443838265,0.38931412463905907,0.016877063112007908,0.013388723341574019
510.7000000000001,1,0.041409784392733594,0.07775616011416242,0.3789520068609081,0.47298841164081784,0.015107839574865547,0.012623666187497743
510.8,1,0.06260899935467204,0.07743957620974642,0.39926702162002237,0.5345542993461968,0.013810096625381641,0.0125533475544451
510.9,1,0.10184984751638185,0.0765697006463321,0.40903115879465624,0.5739116527035523,0.013047974225849236,0.013151745983193235
511.0,1,0.16598478529491656,0.07451085216367803,0.41196508191112147,0.5972555783786326,0.01268553427387747,0.014174090937465987
511.1,1,0.25316796093927935,0.07031437685410877,0.41168272655014476,0.6112131422631759,0.012417615688892936,0.015273095688596468
511.2000000000001,1,0.35013822613983286,0.06315849970964287,0.4105166829553163,0.6201305834227411,0.011953161698237251,0.01617271303110174
511.3,1,0.43843931009798703,0.053224262880702713,0.409819396793795,0.626386622101011,0.011209279255632445,0.01673573763917678
511.4,1,0.5050133261537033,0.042366150982252285,0.41043540512988835,0.6313039673731282,0.010339435030429058,0.016910012070142273
511.5,1,0.5477634316675748,0.033849592758934795,0.4127839853841114,0.6355217998550696,0.009575312947769202,0.0166679896168351
511.6,1,0.5725758026965675,0.031476531117852244,0.4169394368572721,0.6391399455128138,0.009063313315612612,0.016024033420488814
511.7000000000001,1,0.5868517042349498,0.039378299915945464,0.4228379976199624,0.6420324006076852,0.008852948165501175,0.015096193394015541
511.8,1,0.5956517675959221,0.06276762920868023,0.4302440977371473,0.6442217635013825,0.008994997883828244,0.014108938618109012
511.9,1,0.6015409564582038,0.10763172174647374,0.43854678440850636,0.6460211059132629,0.009602115990405979,0.013284154921592784
512.0,1,0.6057824548372978,0.1770955918305573,0.4469226107589064,0.6478642856603132,0.010783911010992095,0.012701310949595907
512.1,1,0.6091074148166534,0.2661199827837839,0.45479273227830097,0.650022028084093,0.012491613390768585,0.012265500171820085
512.2,1,0.6119310311005404,0.3604260068239668,0.46190505591447933,0.652450194189339,0.014417111361611059,0.011815960544138965
512.3000000000001,1,0.6144347618159983,0.4430059903892899,0.46797600257220057,0.6548330194930522,0.01608473693626187,0.011267175503622894
512.4,1,0.6166833382884329,0.5033401180827601,0.47250696274878623,0.6566589516042752,0.01709466763230565,0.010659395868469784
512.5,1,0.6187247950530452,0.5411190370080453,0.474905537506521,0.6570432624727668,0.017305603015506394,0.010095490176960549
512.6,1,0.6206150585252185,0.5625549107188422,0.47433759196255204,0.6540068430594396,0.016806277256448832,0.009641283255947217
512.7,1,0.6223848897073018,0.5745487413058328,0.46913486396897247,0.6432309138459561,0.015752903741095083,0.009278702331791441
512.8000000000001,1,0.6240162181150464,0.5817211335288324,0.45662148305315436,0.6172953457407705,0.014274682549424874,0.00893154179237817
512.9,1,0.6254635225645346,0.5865266924734942,0.43437382803652025,0.5675359446859568,0.012529583943929093,0.008518565910951128
513.0,1,0.6266538190858264,0.5902227460841645,0.402538193812891,0.4896330490163351,0.010776415332522424,0.007982934459040912
513.1,1,0.6272937823818445,0.5934306049883126,0.3651919923097301,0.3896573537549886,0.009306747713734674,0.007278947818967988
513.2,1,0.626294002391117,0.5963673300069722,0.32901388640621043,0.28407412128401693,0.008285952150660532,0.006343556464376868
513.3000000000001,1,0.6208301692639266,0.5990447022452239,0.2999459108535406,0.19152974642862602,0.0076827976792997995,0.0051154965464172185
513.4,1,0.6056929914745616,0.6014380453845443,0.2804878401746215,0.12305026101338307,0.007350221816231572,0.0036216309171602412
513.5,1,0.5744207935003756,0.6035530464199199,0.2695079309757802,0.07905709927402305,0.007161611205158345,0.0020382391378240754
513.6,1,0.5232679390581002,0.6054176879210407,0.26402033409883957,0.053651636667808915,0.007104792611937214,0.0006227506115647507
513.7,1,0.4559860307709236,0.6070668479122346,0.26103505701998186,0.040026143896420986,0.0073032992655215605,0.0
513.8000000000001,1,0.38442617574740345,0.6085328033221665,0.2582870325088811,0.032898857604648515,0.0079507474446783,0.0
513.9,1,0.3225482889792764,0.609805828425194,0.25393660688392183,0.028741405656618504,0.009162604676933025,0.0
514.0,1,0.2785043586378576,0.6107216951396538,0.24585192397948497,0.0256444878684772,0.01083707597574485,0.0
514.1,1,0.2519022557991973,0.610693095760075,0.23116330404324287,0.023209327200358263,0.012679841420007188,0.0
514.2,1,0.2373862263424929,0.6080954590898173,0.2070049425204481,0.022175525378474944,0.014424276689385156,0.0
514.3000000000001,1,0.22953197388990648,0.599218164323492,0.17274361568418514,0.0237710491386872,0.016028345855094245,0.0
514.4,1,0.22496653732862187,0.5774855771568566,0.13193564660075222,0.028912836068370234,0.0175916568282329,0.0
514.5,1,0.22202082721279182,0.534798277060226,0.09136780292149452,0.037415940827872404,0.01907431193986217,0.0
514.6,1,0.21994014133756934,0.4663180985415225,0.05734436217819839,0.047659504761298196,0.020205623851193868,0.0
514.7,1,0.21856812164172965,0.37627277737691583,0.03270041189066806,0.05720436242766733,0.020752763464629686,0.0
514.8000000000001,1,0.2183557446773225,0.2788860818974744,0.01691664194910699,0.06411079922443898,0.02082125458093024,0.00018088566095217403
514.9,1,0.22047019613418278,0.19157124809886805,0.007973127826367618,0.06791482491732397,0.02080587530140503,0.0007367618182977406
515.0,1,0.22685894413423693,0.12563912623106696,0.0036402717904762613,0.06953709983333266,0.021081086925790294,0.001140858454508605
515.1,1,0.23982428822105137,0.08259691868036184,0.0018565961779909575,0.07041487763138278,0.02180556956772581,0.001266342456504753
515.2,1,0.2606073463848643,0.05748605577084343,0.0009591066463023215,0.07161743827369199,0.022964460192049563,0.001142757731379471
515.3000000000001,1,0.28759437043171376,0.043973118231650475,0.0,0.07343434139454769,0.024486827113883357,0.0009139435814802769
515.4,1,0.31607651298996053,0.036980459085379135,0.0,0.07551270003585184,0.026368880452294376,0.000728172334058579
515.5,1,0.34054252544898217,0.03312548732259894,0.0,0.07731348398867294,0.02890035451704082,0.0006415066324810785
515.6,1,0.35763379377355536,0.0305865500132197,0.0,0.07850645219600443,0.032908956063961284,0.0006119583510717573
515.7,1,0.36702283271424646,0.028943498890768426,0.0,0.0790803400342006,0.039607665057804074,0.0005740775151425368
515.8000000000001,1,0.3699750535222381,0.029095012687554163,0.0,0.07924294953986985,0.04976353826541568,0.0005100069352256195
515.9,1,0.36772172218702515,0.033521367998724794,0.0,0.0792699053078128,0.06269915751694065,0.00046762823977365285
516.0,1,0.3612107044932409,0.04666621557581143,0.0,0.0793683097676964,0.07624073762844774,0.0005349226337969965
516.1,1,0.35174452684878676,0.07429621332594237,0.0,0.079590808544283,0.08798424326477666,0.0007800122089002808
516.2,1,0.3411423258927653,0.12085762231109794,0.0,0.07984662929154543,0.096725345145243,0.001180182742377932
516.3000000000001,1,0.33104140747434363,0.18579815067791902,0.0,0.07999335713859279,0.1027023672725411,0.0016132330470037472
516.4,1,0.32224850965189744,0.26181007391814726,0.0,0.07992262452052755,0.10678002925040189,0.0019472781949415895
516.5,1,0.31491712294520596,0.33714687837404284,0.0,0.07957503677182227,0.10970177486822676,0.0021408632695487173
516.6,1,0.30912744435626194,0.4008447103802142,0.0,0.07888785150134323,0.11194178791578696,0.0022540494223252947
516.7,1,0.30504653873717685,0.44730069309127773,0.0,0.07770404799702743,0.11381289721421822,0.0024070942521253217
516.8000000000001,1,0.3026416520575323,0.4773814982686742,0.0,0.07568769366643839,0.1154810964767377,0.002768330764213009
516.9,1,0.3015064823382694,0.4959729018725972,0.0,0.07238514447565576,0.11693899851529249,0.003531752235245201
517.0,1,0.30103860431097995,0.5082898281028718,0.0,0.06760463484950698,0.11807554098066217,0.004800563101049394
517.1,1,0.30070692821609135,0.517591112464453,0.0,0.06197005154334129,0.11880596583219494,0.0064451561884786915
517.2,1,0.3001105471208233,0.5251449770948474,0.0,0.05704344841824279,0.11914128176778833,0.008114692008556624
517.3000000000001,1,0.29875951018839453,0.5313168431417697,0.0,0.054562053666049055,0.1191625501381159,0.009438027784895386
517.4,1,0.29565121513436793,0.5363672482767919,0.0,0.055237749369150685,0.11896438488209857,0.010228722293333874
517.5,1,0.2888551246201816,0.5405991988402632,0.0,0.058177461216274026,0.11862341795793241,0.010521275992099295
517.6,1,0.2757308153741129,0.5442658734138432,0.0,0.06147252947440391,0.11818608559514271,0.01047243771724359
517.7,1,0.2545167133051518,0.547555054711739,0.0,0.06344531444339212,0.11765734900810654,0.010260735240278913
517.8000000000001,1,0.22666017516442857,0.5506079260234485,0.0,0.06353781532500809,0.11698604910803381,0.010037284077194546
517.9,1,0.19736987467711647,0.5534733098573241,0.0,0.06225430930668099,0.1160147727981736,0.009905894913161252
518.0,1,0.1728047316356558,0.5560690321508656,0.0,0.060440811836465026,0.11433554367732791,0.009919449179815706
518.1,1,0.15619589979809836,0.5582777875444057,0.0,0.05865841969756908,0.11108598003905983,0.010101661962085902
518.2,1,0.14673329777166047,0.5601446742645179,0.0,0.057073533938366804,0.10495194747994468,0.010500491849174889
518.3000000000001,1,0.1416680169788906,0.5619806665051423,0.0,0.05566568577229249,0.09475133800366839,0.011246162562168009
518.4,1,0.13873173532148883,0.5641707641294743,0.0,0.05439079646814939,0.08050760876563703,0.012546830499379125
518.5,1,0.13685434575524538,0.566580093732204,0.0,0.05321313931270954,0.06407565275678179,0.014589525477150578
518.6,1,0.13569079432120593,0.5677283056194256,0.0,0.05211084577418381,0.04839608521896904,0.01745546110756479
518.7,1,0.13509178541191486,0.5644615431298288,0.0,0.05109968477509852,0.03585362671705092,0.021273051240873236
518.8000000000001,1,0.13486491343058246,0.5530486114315715,0.0,0.0502325198185616,0.027270073312973146,0.02671238683270409
518.9,1,0.13472352187707604,0.5315891190983353,0.0,0.049555865104605246,0.022193706156247543,0.035622292927747504
519.0,1,0.1343523206320504,0.5020053616617163,0.0,0.04906554361753044,0.01968629836925397,0.051236239906309766
519.1,1,0.13352989632120363,0.4696886945047094,0.0,0.048703436883438124,0.018755336890021346,0.07709295411533368
519.2,1,0.13222937163140477,0.44074641722829705,0.0,0.048388080583102636,0.01846791757119461,0.11438249615360975
519.3000000000001,1,0.13064886345744,0.41894079884347635,0.0,0.048042419744133265,0.018096937108348966,0.1594090426339778
519.4,1,0.1291442386869175,0.4046027082875798,0.0,0.047588606336621084,0.017300787315561304,0.20417850857711733
519.5,1,0.1280578128146883,0.39586051005443024,0.0,0.04688424679077896,0.016126079150627193,0.24068424214728443
519.6,1,0.12751198869531985,0.39055861510622103,0.0024953757887676356,0.04558820405284027,0.014787950251142028,0.26526467008619825
519.7,1,0.12730471223449666,0.3872539636592151,0.015262942567654628,0.04303625172776093,0.013404822220827912,0.2792430145087372
519.8000000000001,1,0.1269737494130529,0.38515358105430897,0.03983992632933662,0.038342266198003815,0.011901203604462781,0.28628195454222666
519.9,1,0.12593184770629323,0.3837658821697563,0.07947021377527669,0.030902862716162806,0.010146916242057567,0.2896711303079604
520.0,1,0.12348726408462898,0.3827320213044061,0.1321779294952923,0.0211086513748602,0.008190820234766092,0.2913936907403832
520.1,1,0.11867145939296161,0.3817836061443918,0.18965086598967817,0.010631772100499101,0.006343183630506572,0.2924394341804752
520.2,1,0.11013458949003099,0.3807305183846438,0.24108973503310166,0.0017810296123938298,0.0049927906714135285,0.2932916135665529
520.3000000000001,1,0.09666721970851246,0.37952254206154323,0.2792585479636908,0.0,0.00432594862361349,0.29419221325461464
520.4,1,0.07845065415168818,0.3783806489377303,0.3033551554709205,0.0,0.004225771663867428,0.29524819976446265
520.5,1,0.0579492775720301,0.3778694933679033,0.31699769864662763,0.0,0.00441952129023372,0.29647714506823686
520.6,1,0.03908165183671511,0.3787888455482012,0.324495276633784,0.0,0.0046845316360345675,0.29783136401924465
520.7,1,0.02499434803782696,0.38179309730870364,0.32879740647109135,0.0,0.0049318519352260165,0.29922453986727837
520.8000000000001,1,0.016435378897901583,0.38665208569383747,0.33148200781542986,0.0,0.005174380390458385,0.3005645989565745
520.9,1,0.012004162230376115,0.39146856389554463,0.33337019120005723,0.0,0.005472565017552618,0.30177257869672214
521.0,1,0.0095475639440666,0.3929161622900283,0.3348774513380906,0.0,0.005889414940833806,0.30277179870896026
521.1,1,0.007340254323516126,0.38819237549010316,0.33613031422787115,0.0,0.00643608698279557,0.30345258657863455
521.2,1,0.004561617777377352,0.37732766260158107,0.33708365712774485,0.0,0.007017210456726205,0.3036004399631928
521.3000000000001,1,0.0012730779024536266,0.3633877201668774,0.33766522229391555,0.0,0.00741752932911736,0.3027099340951096
521.4,1,0.0,0.3501889544483356,0.33786293635278825,0.0,0.007357174035764792,0.29956081039445664
521.5,1,0.0,0.33991498788631386,0.3377305766572589,0.0,0.006608755528043398,0.2916243307552812
521.6,1,0.0,0.3327140185941488,0.3373590414135478,0.0,0.005134830257736477,0.2749539751156637
521.7,1,0.0,0.3277989333065539,0.3368455759578806,0.0,0.0031640046611923706,0.2456893672788431
521.8000000000001,1,0.0,0.32440201005607444,0.3362432038128861,0.0001512313726705702,0.001121906135250408,0.20325258867015197
521.9,1,0.0,0.32197235714698264,0.3354666192643685,0.0031890124800253937,0.0,0.15277378514707313
522.0,1,0.0,0.32008467270142676,0.334134864327454,0.007357906551547455,0.0,0.10357154454647735
522.1,1,0.0,0.3184474890763614,0.3312583839990935,0.012475581596388723,0.0,0.06408591641168417
522.2,1,0.0,0.31694041929854744,0.32468883959687334,0.018708792596149108,0.0,0.037686327184946106
522.3000000000001,1,0.0,0.31555546513393035,0.31072276369801716,0.026532725843970165,0.0,0.022670656069372436
522.4,1,0.0,0.31430454817307046,0.28502463227231944,0.03601474998448393,0.0,0.015174909635438728
522.5,1,0.0,0.31319138145127423,0.2456368754855164,0.04620447628202696,0.0,0.01175693738817628
522.6,1,0.0,0.31222578586144856,0.19627417118966176,0.055507916744878524,0.0,0.010250559793212023
522.7,1,0.0,0.3113954854711095,0.1460667274415915,0.06275558329337831,0.0,0.009492603705489025
522.8000000000001,1,0.0,0.3105730211307489,0.10456446668698506,0.06782144992802161,0.0,0.008832493529107225
522.9,1,0.0008950507075066662,0.30937492421014123,0.0762330589295658,0.07129835027952387,0.0,0.007843629615195235
523.0,1,0.003273662839160594,0.3070108848126889,0.05948985530336055,0.07383607107655424,0.0,0.006276907664653998
523.1,1,0.005646804518617914,0.30236117187565886,0.05004300109372921,0.07582999469389032,0.0,0.004130533017144926
523.2,1,0.00745921830962184,0.2949760773412255,0.04427195749846517,0.0774847193000222,0.0,0.0016651720127287704
523.3000000000001,1,0.008496492262364952,0.28746845115288033,0.04015623254571406,0.07893860132117457,0.0,0.0
523.4,1,0.008978641147369995,0.287564833282098,0.036713991702559394,0.080300161257641,0.0,0.0
523.5,1,0.00956625575698115,0.30580707195222,0.03353456204379953,0.08163897900754184,0.0,0.0
523.6,1,0.011453880786678007,0.3478234444889526,0.030678699534653568,0.08299316943510045,0.0,0.0
523.7,1,0.0165955621080654,0.40767696857928093,0.02851833132409292,0.08441635534292727,0.0,0.0
523.8000000000001,1,0.027923579505141866,0.47036597801298835,0.027383954722223044,0.08604087853020294,0.0,0.0
523.9,1,0.049050048582126,0.5219324688727897,0.027265886398665708,0.08807348632791787,0.0005214513525425402,0.0
524.0,1,0.08262815234958183,0.5570593861909355,0.02779136093201819,0.09065226435945227,0.0021018400162707276,0.0
524.1,1,0.1275587182945805,0.5782681464958225,0.02843399349535526,0.09365928547466662,0.0037782963227641353,0.0
524.2,1,0.17752259135072407,0.590607699728469,0.028761071315306336,0.09672454912036478,0.0053112509079746946,0.0
524.3000000000001,1,0.22344435249708625,0.5980184021305942,0.028584652797414623,0.09948907690187814,0.006468517022899619,0.0
524.4,1,0.25853472583847337,0.6028065190008649,0.027979819846651988,0.10184783165272038,0.0071742620027594114,0.0
524.5,1,0.2813200483983795,0.6063214086940155,0.027175498421434033,0.10385301306779511,0.007529697457427596,0.0
524.6,1,0.2944224725512499,0.6094457582796429,0.026373306402385416,0.10532986927681849,0.00770302937466039,0.0
524.7,1,0.3014362518371217,0.6127176635945052,0.025609391023127252,0.1056083395345868,0.007818337662135388,5.7897238766858815e-05
524.8000000000001,1,0.30503671243811414,0.6162685656735503,0.024732364063204133,0.10375887313361117,0.007932368143997446,0.00037008294705191165
524.9,1,0.306862463339804,0.6198387140110354,0.023424419136884873,0.09932654522556565,0.008070675032158265,0.0006462404626027445
525.0,1,0.3079795939402303,0.6230378448684573,0.02114111842941917,0.0929983753872819,0.008244470640239915,0.0008499694880923209
525.1,1,0.30912402923882754,0.6256781888147968,0.017048646580786482,0.08646272918963215,0.008417508223071496,0.0009050026539652744
525.2,1,0.31072679546256177,0.6278733019388782,0.010290794075916083,0.08140025385423885,0.008477392473195915,0.0008211676682026369
525.3000000000001,1,0.31292281945714734,0.6298659339662835,0.0007101880146288472,0.07849107350215835,0.00828753957748437,0.0007299526075533516
525.4,1,0.31560606868537777,0.6317912403107269,0.0,0.07730484690151254,0.0078014417079371665,0.0007697214228887528
525.5,1,0.3185114824764401,0.6335204591586948,0.0,0.07695478348654963,0.00711806257862121,0.0009671163110309294
525.6,1,0.3213113426207958,0.6345201799286948,0.0,0.07675096100025443,0.00640759825197381,0.0012557671577054926
525.7,1,0.32371817110845663,0.6335032002645024,0.0,0.07640215890289462,0.005787601843149258,0.0015895468913635555
525.8000000000001,1,0.32556560874669804,0.6277319726532465,0.0,0.07588784964031055,0.005273619562924297,0.0020146745765950032
525.9,1,0.3268228266340672,0.61245951804712,0.0,0.0752804127761249,0.004825387619210265,0.002635555090852304
526.0,1,0.32750320999478927,0.5819212129605255,0.0,0.074646457500547,0.004411740943694107,0.0035087613306635035
526.1,1,0.3274327962264205,0.5328886728896718,0.0,0.07401580171049332,0.004031910444481642,0.004549349493778745
526.2,1,0.3258175005487401,0.468846064180631,0.0,0.07334868334759694,0.0037113001118760547,0.005539029304681136
526.3000000000001,1,0.3205946696719437,0.4002676634087806,0.0,0.07245062928122108,0.0035213987145092346,0.006258822619413347
526.4,1,0.30795349096621316,0.33912398473105604,0.0,0.07092776439740242,0.003616097702396691,0.0066567954250888045
526.5,1,0.2831107259022765,0.2919442205754374,0.0,0.06839312906865827,0.004212818816599995,0.006926199785377989
526.6,1,0.24322905410446866,0.25738685094043023,0.0,0.06489936563282475,0.005472247055568462,0.007493786414855049
526.7,1,0.19112391667472495,0.22918840133244212,0.0,0.06113084817493694,0.007337944128458399,0.009106144962539366
526.8000000000001,1,0.13613289742440976,0.20093762420636105,0.0,0.05797187089732168,0.00948185080852657,0.013235177187376566
526.9,1,0.09025093065767874,0.16962570573390426,0.0,0.05580543657902619,0.011446004585442269,0.022758238322980223
527.0,1,0.0625286290318863,0.13669349663667768,0.0,0.05429122827193495,0.012887338982554864,0.042188253796835655
527.1,1,0.05623112661200522,0.10621296784177076,0.0,0.05280586118947808,0.013721829913706162,0.07613930127148394
527.2,1,0.06929750274329717,0.08164168048816751,0.0,0.051008896310315036,0.014073087073016091,0.12571381734272766
527.3000000000001,1,0.09566954949646994,0.06396923703417749,0.0,0.04902521417264106,0.014118554321401227,0.18541356354617147
527.4,1,0.1268702863837984,0.05228674623871386,0.0,0.04723113628128308,0.013973852116630598,0.2444675337384976
527.5,1,0.15487958755527728,0.04511520887607463,0.0,0.04592199409603944,0.013670181198451701,0.2926638344819751
527.6,1,0.17531811021424631,0.04096175926943201,0.0,0.04514166856737328,0.013204677820844125,0.32562788105528545
527.7,1,0.18830787775836466,0.03836231451921507,0.0,0.04482514030309128,0.012613872132847606,0.3451337814624391
527.8000000000001,1,0.19646868000571574,0.03610071009266308,0.0,0.045114059975698104,0.012001337043118539,0.3556202975853609
527.9,1,0.20224439655317125,0.03352261940744186,0.0,0.046435181070052206,0.011483412893400755,0.36102576108574574
528.0,1,0.20668365151506035,0.030567261842334388,0.0,0.0491228471812423,0.011111033212733728,0.3638543905026261
528.1,1,0.20986376887520314,0.027514705674000075,0.0,0.052945669128580924,0.01085622236246858,0.36553418855284453
528.2,1,0.21179209959224846,0.024708555434286492,0.0,0.05711406189446153,0.01066096344948847,0.36683354954746306
528.3000000000001,1,0.21277633924749537,0.02240660100523734,0.0,0.060826599264233255,0.010463224915268944,0.3680838269448836
528.4,1,0.2132329657984712,0.020736745144407688,0.0,0.0638055696236171,0.010153950950950971,0.3693670601417767
528.5,1,0.21345238230561203,0.01969972525430338,0.0,0.06642675591434975,0.009527343243131321,0.37068332098223095
528.6,1,0.21357301937445572,0.019206945250268576,0.0,0.06976976397085954,0.008332424773881533,0.37201835687617074
528.7,1,0.21364640706186702,0.019135168958269947,0.0,0.07623143248535683,0.0064414399660205615,0.3733277876305919
528.8000000000001,1,0.2136948373042295,0.019347061191542666,0.025143594118145714,0.09055066009057862,0.0039915338474482455,0.3745281547640494
528.9,1,0.21379002912310927,0.019665207535068376,0.07139029686617872,0.11958867575526734,0.001325287046655731,0.3755408254731227
529.0,1,0.2141482480019869,0.01986676760843778,0.1324899195509748,0.1689520973195711,0.0,0.37634193909060565
529.1,1,0.21519821577648318,0.019762086158195268,0.197850094322225,0.23751957350592268,0.0,0.3769372038590336
529.2,1,0.2176296948029495,0.01931010169737524,0.2551662600895995,0.31499076131648684,0.0,0.37720818199382566
529.3000000000001,1,0.22235566760517209,0.018646513759707786,0.29722758261834725,0.3865275509557352,0.0,0.37658470699272434
529.4,1,0.23010020646325263,0.017976221592534265,0.32411171067789785,0.44135197116136804,0.0,0.3734717806274674
529.5,1,0.24050078860439314,0.01742840746317847,0.3400696586970262,0.47752317472574,0.0,0.36457032664366723
529.6,1,0.2514693849427889,0.017010141416835472,0.3494549977039982,0.499589685062551,0.0,0.3449000421711732
529.7,1,0.25997349796351343,0.016681575172855623,0.35510230553450467,0.5132586549143016,0.0,0.30980392698922093
529.8000000000001,1,0.26408801505853474,0.016448684703542868,0.3587311989692933,0.5223532309928333,0.0,0.25883641338061236
529.9,1,0.264371646594158,0.01636210448077562,0.36152360207811984,0.5288942493259137,0.0,0.1984752898412281
530.0,1,0.2630495663241331,0.016425545644816984,0.36419552377099995,0.5340883647289874,0.0,0.14010746415961586
530.1,1,0.26193235953373245,0.01653274190913825,0.36695437312533347,0.5387276830030254,0.0,0.09415598575061448
530.2,1,0.2612214278682738,0.016545124632317294,0.3696758074194313,0.5431550540853026,0.0,0.06544754829782212
530.3000000000001,1,0.26000772087143686,0.01648992630484758,0.37218237877629007,0.5473502167747246,0.0,0.05296515137585569
530.4,1,0.25752093430647155,0.016732455312738793,0.37438889834967354,0.5512223552693791,0.0,0.05227452005225046
530.5,1,0.25389388673223284,0.018091614684902464,0.37628197781301587,0.5548567617111893,0.0,0.0579474825551398
530.6,1,0.24998693841598724,0.02212397411951349,0.3778714452505163,0.558527054143056,0.0,0.06534760767479726
530.7,1,0.24668049411475024,0.031827891976271054,0.3791975345607782,0.5625058441110925,0.0,0.07176631176834625
530.8000000000001,1,0.24436336096040634,0.052363548224684774,0.3803453865322518,0.5668441634102753,0.0,0.07649660314259019
530.9,1,0.242934467603514,0.09027609867487756,0.38138501418569853,0.5712722061109642,0.0,0.08003458192006628
531.0,1,0.24207566689520627,0.14978625902832823,0.3821474626874016,0.5752375231873621,0.0,0.08325558626083221
531.1,1,0.24148218292694584,0.2276899551232234,0.38168885162957594,0.5778986102372697,0.0,0.0869655202767776
531.2,1,0.24097445727569514,0.31194550579707564,0.37746305153691057,0.577735131315685,0.0008267679894217204,0.09160050703494005
531.3000000000001,1,0.2405108709090741,0.387203779877216,0.36489591623965384,0.5715816033272806,0.002986754510370746,0.09697699869106224
531.4,1,0.2400870480235738,0.44331340335687514,0.33870974437557133,0.5536936118048694,0.004957471947125641,0.10233403810588829
531.5,1,0.23952391128989198,0.4792662119952931,0.2964810416944919,0.5165895435474785,0.006540718037929483,0.10677452148276387
531.6,1,0.23816141090351373,0.5002672699726771,0.24212549164341393,0.4551707087268274,0.007741065534312401,0.1097848449159162
531.7,1,0.23447800619154935,0.5124400474281128,0.18541494194051697,0.37239564063111175,0.008659659907545891,0.11141882185298599
531.8000000000001,1,0.22588194889263952,0.5199480913854077,0.13678176802357703,0.28111044972929644,0.009376129066382653,0.11209352761728893
531.9,1,0.20935318441414963,0.52500250197479,0.1018160413491302,0.19840227086720041,0.009919014471715601,0.11227133699865835
532.0,1,0.18337554199635678,0.5287436079426511,0.08010244129460635,0.13632691564738444,0.010304251204260479,0.11227263899880108
532.1,1,0.1500344648493752,0.5317668490657139,0.06801446116354681,0.09706494357113518,0.010572667099967683,0.11225130765668788
532.2,1,0.1149064181551143,0.5343363661863323,0.06177568467910262,0.0754816261798622,0.010778747059320255,0.11224246121118674
532.3000000000001,1,0.0839918982692532,0.5365610466097638,0.058698044048350426,0.0646597953744747,0.01094877346327373,0.11219393482957479
532.4,1,0.060273972624738194,0.5385268631756197,0.05713828293685914,0.05931847632391027,0.011072583070927216,0.11192424613171907
532.5,1,0.04302463831365863,0.5403173797331581,0.056205738822522534,0.056350866556509255,0.011142285427460472,0.11098289400494941
532.6,1,0.029834609897356795,0.5419736670359151,0.0555421762922705,0.054232477694367884,0.011178728486819615,0.1084870956427212
532.7,1,0.0188504319399335,0.5434870463304152,0.055099340475990154,0.05243890604353739,0.011212117981582274,0.10319249949916331
532.8000000000001,1,0.009527112646406813,0.5448364448578601,0.05488925557415313,0.05099109653023012,0.011249107142208302,0.09409648446632997
532.9,1,0.0021575605589556303,0.5460019976773172,0.05481701206604728,0.05008329924694297,0.011260260680907838,0.08141566008143078
533.0,1,0.0,0.546881337464966,0.05475923920605292,0.04985467846019286,0.011192058595865842,0.06707569802003505
533.1,1,0.0,0.5470365242942999,0.05501619925269447,0.050276259779561065,0.011001256312477363,0.05393244000938252
533.2,1,0.0,0.5451359781510215,0.05698495066741649,0.051065287293886125,0.01069768285960785,0.0441587707240729
533.3000000000001,1,0.0,0.5380187845063514,0.06324233387074484,0.05167778988477986,0.010349117838288499,0.03818138172888891
533.4,1,0.0,0.5199431110035804,0.07606401201031747,0.051536001979847874,0.010008816902704524,0.03490662751584371
533.5,1,0.0,0.4836039147910497,0.09500870710854264,0.05040734960060199,0.00961479420196301,0.03263743828356977
533.6,1,0.0,0.42423407555441606,0.11616617044520329,0.04856345314233539,0.008989133307689424,0.02980255998951933
533.7,1,0.0,0.34493874704204086,0.13456009477480943,0.04652727467782031,0.007986969681149187,0.025375821684933283
533.8000000000001,1,0.0,0.25805413936090593,0.14753759526760565,0.044690803820179835,0.006654195942643087,0.019257866791411067
533.9,1,0.0,0.17948007751479952,0.1557821400581493,0.04317599457247299,0.0052105387197348895,0.012448003736136751
534.0,1,0.0,0.12015666972419109,0.16149916525162414,0.04194473122117856,0.0038754379589003266,0.006542385943156917
534.1,1,0.0,0.08207977250478203,0.16618314238788218,0.04094630531536859,0.002730608872566879,0.002713259342372664
534.2,1,0.0,0.06082979907543062,0.16998138564205173,0.04020807961610725,0.0017311989397742421,0.0010482830430637768
534.3000000000001,1,0.0,0.05024263210501525,0.17249198066094365,0.03984660533169863,0.0007960365985248266,0.0008028554084651999
534.4,1,0.0,0.04520941897291602,0.17364731267313663,0.039943882029833275,0.0,0.001139691712841778
534.5,1,0.0,0.04241664819039713,0.17386228973530582,0.04034556281645295,0.0,0.0016016823092597189
534.6,1,0.0,0.04023194807773829,0.17368754750308996,0.04060187629337565,0.0,0.002091368360982458
534.7,1,0.0,0.03820086016441667,0.17356231866790114,0.04019291952255795,0.0,0.002635210091378887
534.8000000000001,1,0.0,0.03634049560125308,0.17382155960226733,0.0388860771492491,0.0,0.003223113311415898
534.9,1,0.0,0.03464332744131885,0.17471225219177025,0.036905900417565425,0.0,0.0037943513492085597
535.0,1,0.0,0.03301155623995178,0.17629184052974536,0.03476497744009564,0.0,0.004293599875087737
535.1,1,0.0,0.031406767661215196,0.17836953978533357,0.03291643769678936,0.0,0.004704185785459462
535.2,1,0.0,0.029906944579406156,0.18061747221581226,0.03151112293661262,0.0,0.0050280673250806245
535.3000000000001,1,0.0,0.028595950886796603,0.18271581040212212,0.030397189878189262,0.0,0.005248502620773315
535.4,1,0.0,0.027443605507577608,0.18438982214280122,0.0292771239813109,0.0,0.005321777036696347
535.5,1,0.0015204332804595576,0.026325508027030833,0.18550250443974078,0.027844756649626316,0.0,0.0052102737218178066
535.6,1,0.0036126505405375074,0.025169046565228722,0.18637078720099612,0.025827829990341288,0.0,0.004929498164162875
535.7,1,0.005186687884414297,0.02409361997399987,0.18794042949443188,0.023040308532084296,0.0,0.0045603722684715185
535.8000000000001,1,0.005957404845152829,0.023426272388840565,0.19128407054235083,0.019550258687493334,0.002064632623666142,0.004190766338388348
535.9,1,0.0060708814124096995,0.023577850845238855,0.19675394998761694,0.015839644517007458,0.004212645490538628,0.0038089866053312178
536.0,1,0.0058773644484336075,0.02485657923385926,0.20386625701794833,0.012720211933330637,0.006011381683442246,0.003249508293199456
536.1,1,0.005686136422082427,0.02734303380652085,0.21208451251274865,0.01099697085939885,0.00738571984893023,0.0022950837119065553
536.2,1,0.005692614536923444,0.031023755267882133,0.22122623619316759,0.011102887846502894,0.008311700188939748,0.0008944001222386767
536.3000000000001,1,0.005994620763881144,0.03635892416702861,0.2307862597183232,0.012882613364780726,0.008846348566664722,0.0
536.4,1,0.006599076869000069,0.04514947386278726,0.23936630233736572,0.015611517868733419,0.009108092388891187,0.0
536.5,1,0.0074382141126134544,0.060956522700245395,0.24541898282560262,0.018308153324472037,0.00920937200120524,0.0
536.6,1,0.008409748577814059,0.08792712710007423,0.24855178500147806,0.02020694966161889,0.009221817437907119,0.0
536.7,1,0.009397369443573056,0.12771937843375747,0.24980889662179767,0.021048635644893447,0.009194448435436703,0.0
536.8000000000001,1,0.010266845426612747,0.17657730699406807,0.25072253166278685,0.0210037280902755,0.009181986958187845,0.0
536.9,1,0.010885011826146054,0.22594527881567852,0.2523045537197996,0.020398904154588792,0.009243941157918163,0.0
537.0,1,0.011168846387938525,0.26716342759797573,0.25482105677562383,0.01950880320457068,0.009412108564376666,0.0
537.1,1,0.011127406395258357,0.29616937426233153,0.25806060582172274,0.01849617902224637,0.009664929407849722,0.0
537.2,1,0.010878472726279731,0.3141053501926736,0.261515753674356,0.01743773643254173,0.009949065566597401,0.0
537.3000000000001,1,0.010631123806676575,0.32448616998827545,0.264477492415989,0.01637715725315567,0.010230105321271226,0.0
537.4,1,0.010617472851801512,0.33049706208555385,0.26630842234840923,0.015374217826554298,0.010508619697388862,0.0009455039120211423
537.5,1,0.010996018541766989,0.3341947673073549,0.26679053004825787,0.014506252626778255,0.010778466770507642,0.0024896917933537183
537.6,1,0.01177156533411647,0.3367761455309921,0.26624403786101014,0.013813040319207947,0.010973799813468634,0.004068342846698489
537.7,1,0.012732231999918214,0.3388406923723832,0.2654202070012339,0.01325581860146825,0.010951100708629556,0.005574865983376066
537.8000000000001,1,0.01344238027416038,0.3405525397074602,0.26540858816206997,0.012753353284210515,0.010508833011524034,0.006912087412192172
537.9,1,0.013445281283707769,0.341921534606623,0.2675074712355929,0.012257312158869764,0.009451829534824804,0.00796677617567447
538.0,1,0.012682369070740192,0.3431409534109645,0.2726157451391697,0.011781559774230179,0.0077289315593217,0.008659446344776679
538.1,1,0.011733108797750724,0.344803916097858,0.28012770445161106,0.011362057235572405,0.005588039502034335,0.008994521777812257
538.2,1,0.011466543014497227,0.347981129168627,0.287417366840677,0.01099942743437378,0.0035598182604589285,0.009029248697935132
538.3000000000001,1,0.012341887962248232,0.35413510299194784,0.2910524922891209,0.010632990668241858,0.0021636746736729655,0.008811008949992842
538.4,1,0.014088704000891378,0.36463135723204565,0.28905990552684313,0.010132267582527648,0.0015548696068312454,0.00838324550535755
538.5,1,0.016073009249051078,0.3797635881182518,0.28207976170908033,0.009265205562542808,0.0014712057389068296,0.007864958956677676
538.6,1,0.0178636691248399,0.3979414600567176,0.27241753325771934,0.0076798433675030735,0.0015250190931610215,0.007496766556673847
538.7,1,0.019402355549713667,0.41602472999077983,0.2623657940867261,0.005028494754019349,0.0015306511738388618,0.007552726248286339
538.8000000000001,1,0.02075796200092257,0.4308644318288251,0.25349140114567037,0.0012589396971275407,0.0016095824253932467,0.008156011332586104
538.9,1,0.02187486589252522,0.44081061535305216,0.24681439858974702,0.0,0.0020776866497194133,0.009167959076440831
539.0,1,0.022589133430195786,0.445872794231924,0.24283095978111255,0.0,0.0032278331112953872,0.010272532493604315
539.1,1,0.022818455991548373,0.4465970682726694,0.24124559811163848,0.0,0.00511665798563582,0.011182066554171855
539.2,1,0.022673072446523067,0.4431270818737598,0.24110155807916253,0.0,0.007483953393136351,0.011780981857517392
539.3000000000001,1,0.022377852326300088,0.43563788307330736,0.24140593863743162,0.0,0.009897091508041838,0.012121265233949982
539.4,1,0.02211843845476111,0.42542985489879864,0.24156293602121912,0.0,0.012042437352049969,0.012324687750785377
539.5,1,0.021971739705868933,0.41495239849195403,0.24126102253793008,0.0,0.01391683986281798,0.012469056866540732
539.6,1,0.021943057548278255,0.4065301060763101,0.24026171747359962,0.0,0.015727592825299598,0.012509564153625441
539.7,1,0.022026777990653973,0.40132453498135373,0.23851732713212212,0.0,0.017594073060145227,0.012297145749510166
539.8000000000001,1,0.02224223397156345,0.3994583645722568,0.23635649192455918,0.0,0.019359074212438564,0.011712334713713938
539.9,1,0.022637866897932,0.4006540932107523,0.23433421967316212,0.0,0.020696833145128414,0.010803346236783454
540.0,1,0.02323355835437301,0.4046511330290189,0.2329190271901287,0.0,0.021385337414425606,0.009782137826957473
540.1,1,0.023918070868749832,0.41137630501446815,0.23238243919860918,0.0,0.021467502121654578,0.008884836397352592
540.2,1,0.02443232372671315,0.4208169439620214,0.23270025348897494,0.0,0.02118454190062603,0.008248281973593065
540.3000000000001,1,0.024500106260377363,0.4324687868131311,0.23302548117598454,0.0,0.020795253966781054,0.00790263346808956
540.4,1,0.02393222532565991,0.4449078548194692,0.23111107231870126,0.0,0.02045245301168897,0.007829537131208994
540.5,1,0.022540079331685246,0.4562036754123151,0.22392630287385623,0.0,0.020194887625146433,0.007991861172200082
540.6,1,0.02003270371296496,0.46476293490845527,0.2098448730601861,0.0,0.019998809526862473,0.008320151721769625
540.7,1,0.01619788210021804,0.4695062934668359,0.19057670930410286,0.0,0.019826257651231274,0.008707154247134499
540.8000000000001,1,0.011277835623748938,0.46929582391709235,0.1705336423517666,0.0,0.019659195500266614,0.009040175229873458
540.9,1,0.006073148295049487,0.46271043866502626,0.15396693818427518,0.0,0.019521745163649254,0.009241120843711145
541.0,1,0.0015441759373241448,0.4488904708611772,0.14268091704604585,0.0,0.019468261044325832,0.009269972231786636
541.1,1,0.0,0.4287999365375804,0.1360706439183811,0.0,0.019532839274102903,0.009095635993802234
541.2,1,0.0,0.40557661879319346,0.13253760104372495,0.0,0.01969142660967637,0.008686649364466273
541.3000000000001,1,0.0,0.38339298241131337,0.13063547616484475,0.0,0.019883631698619123,0.008060132946386042
541.4,1,0.0,0.36558776580257013,0.12952060734151585,0.0,0.02006699549939108,0.0073542842775433295
541.5,1,0.0,0.35338745792054904,0.12916989363285794,0.0,0.02023752364791345,0.0068361145703272124
541.6,1,0.0,0.34595438089679137,0.1306617304273601,0.0,0.020398597640996396,0.006796057459243258
541.7,1,0.0,0.34147533615708353,0.13626359171901015,0.003758554054772417,0.020523201513446686,0.007379823095404655
541.8000000000001,1,0.0,0.3383626509499969,0.14869482325722497,0.006680872590106094,0.02054503737606938,0.00846980490789099
541.9,1,0.0,0.33578956620369876,0.1692710166694678,0.008611315019239714,0.020355848014023317,0.009718589707587754
542.0,1,0.0,0.3335013136664547,0.1960267999416354,0.009844600666771128,0.01979252312488557,0.010748681747958651
542.1,1,0.0,0.33137992096678553,0.22393016593002132,0.010757270889727244,0.018679442814801554,0.01137748520684527
542.2,1,0.0024708857928882233,0.32915419637529897,0.24772994683269398,0.01170449443071186,0.016978137346586496,0.011664953828968802
542.3000000000001,1,0.013170397933822988,0.3262648880079866,0.2649947677815775,0.013015373627668107,0.014928885602373933,0.011760624245375795
542.4,1,0.025528646867913823,0.32167394389595666,0.27660574645925,0.01490371969160741,0.012995030914739199,0.011747583764505293
542.5,1,0.03820111436634343,0.3135150327602117,0.2849355629520392,0.01729931049561659,0.011610053231993815,0.01163810685548422
542.6,1,0.05140525758296465,0.29901239258859796,0.2920799710677773,0.019803705247395935,0.010945632044785398,0.011465384627278351
542.7,1,0.06655507644121213,0.27560026835251766,0.2995392131046874,0.02189810651432812,0.01088371756602235,0.011343461128119552
542.8000000000001,1,0.0844035164494001,0.24332790885632855,0.3087138447339713,0.023272486276070162,0.011163610374717131,0.011444479905799445
542.9,1,0.10373620652552103,0.2064990124077989,0.32086152399635276,0.024009353370652176,0.011545873283315829,0.011904339163073081
543.0,1,0.12208649494123064,0.1721158009545807,0.3361576231209745,0.02448427273871498,0.01188280484828398,0.01271100736605203
543.1,1,0.13754471511440217,0.14586342157021248,0.3530302755775049,0.02509687676673602,0.012106928018242478,0.013675336389799795
543.2,1,0.14964234772361296,0.12928116441454401,0.3689614203327139,0.026065818502541513,0.012209940989423185,0.014535307616885675
543.3000000000001,1,0.15883013144012872,0.12023110538296554,0.38208641836039137,0.027407648600319214,0.012251014281817688,0.015111320485435084
543.4,1,0.16571681441401237,0.1151703194606241,0.3918861711656337,0.029023686274084953,0.012377229065311513,0.015382338414844429
543.5,1,0.1708642891790663,0.11090525645113844,0.39864818507572203,0.030775316722854437,0.012816834626514995,0.015446129535490998
543.6,1,0.1748453488340903,0.10531270825552229,0.4028348593141303,0.032555815960625664,0.013804297786495709,0.015431538243629117
543.7,1,0.17818168669242612,0.09761824233533851,0.4050063975864295,0.034463998656197335,0.01542383706909454,0.015441418824643201
543.8000000000001,1,0.1812429036560446,0.08834731534487435,0.40587980926825284,0.037150005769984965,0.017445285089378208,0.015544497953690731
543.9,1,0.18423600705981463,0.0786955889845002,0.4061065190039569,0.04229287896002127,0.019305314748132126,0.015777471503367342
544.0,1,0.18721321437877966,0.06965975713483744,0.4058986523381895,0.05310852489641842,0.02033462512652611,0.016116279726709423
544.1,1,0.19004948450393708,0.06169362594145275,0.40474843252921594,0.07446831826399115,0.02013782336465885,0.016434059986363877
544.2,1,0.19247688387893114,0.05499578153274955,0.4013179326307247,0.11151506263103382,0.018855740904869002,0.01652221239162913
544.3000000000001,1,0.19422141752679487,0.04978286764110465,0.3936993510591588,0.1660339581111195,0.01708444448508659,0.016210832422997087
544.4,1,0.1951227038107854,0.046172786660977676,0.38041706215857046,0.23272488695207835,0.015507314251230558,0.015494236439208482
544.5,1,0.19510489835088077,0.04398157974138296,0.3619278542967153,0.29986707320362443,0.014537071626384498,0.014525600276707056
544.6,1,0.19407354209658473,0.04276437623340873,0.34127274978818833,0.3555101630617913,0.014198523858565232,0.013492951549951712
544.7,1,0.19194051078181995,0.042015275732512104,0.32277757564388876,0.39393772389473003,0.01423201643098416,0.012528395210964499
544.8000000000001,1,0.18874999275684046,0.041302720558158944,0.3097387010802169,0.4167182175599263,0.014268602703473951,0.01172083608358264
544.9,1,0.18451744281885848,0.04031251915887772,0.3032104578329893,0.42895044112975544,0.013973463705797157,0.011140272958499058
545.0,1,0.17855181735533393,0.03889572779464741,0.30245856590965253,0.43542454696306016,0.01313608274545476,0.010793792803253136
545.1,1,0.16887552827555102,0.037133659639383865,0.30563918356489733,0.4392698243007356,0.011730262864884718,0.010565632654729722
545.2,1,0.15291337062697505,0.03533787072922701,0.3097111063330768,0.44221225219923993,0.00994658588394097,0.010227640001734083
545.3000000000001,1,0.1296666617840604,0.03396899425311464,0.31055905486242624,0.44502091932333687,0.008140093306222397,0.009531295634746629
545.4,1,0.1016185933776926,0.03362438396816437,0.30467631713907434,0.447821759422127,0.006660419951002282,0.00833735181608921
545.5,1,0.0741080529255427,0.035310837093230234,0.2917376003182011,0.45043539453084247,0.005664471927426457,0.00672135254446477
545.6,1,0.052277648403821035,0.041037854489062824,0.2755678374103152,0.4526918167712136,0.005071793190730928,0.004977247270077339
545.7,1,0.03836281417601352,0.054181400312509384,0.2620216834670817,0.45455158717257743,0.0046922963369331015,0.003481166780418914
545.8000000000001,1,0.0314904483498665,0.07846318957870377,0.2553131444334147,0.45604530847753694,0.004382316007506897,0.0024912797334923076
545.9,1,0.029318172137710364,0.115093246481543,0.25586141281691765,0.45720218076845554,0.00407508733572723,0.002029195293635273
546.0,1,0.029610587010426924,0.16006793738424244,0.26106195893058637,0.4580662769258132,0.0036861248018244756,0.0019234854162089108
546.1,1,0.03090406370230506,0.2049195554568842,0.2676891640957753,0.4587268585053716,0.0030342997416529746,0.001958885268262331
546.2,1,0.03250855347975666,0.24129469410967813,0.27372155627458805,0.45924522564368786,0.0019011461927905618,0.0020018869072791464
546.3000000000001,1,0.03421384093282974,0.26541523532821626,0.27862624699537725,0.4594452802768065,0.00020153759818009086,0.0020295119065375676
546.4,1,0.035914923226798116,0.27864857767408613,0.28278843466867465,0.4585635738388354,0.0,0.002095854214452541
546.5,1,0.0373707351009317,0.28479212060358455,0.2871582280714972,0.454657452757924,0.0,0.002303093512170161
546.6,1,0.038227929216061586,0.2873154658182323,0.2933094000961493,0.44382416955554727,0.0,0.0027806935261489615
546.7,1,0.03822182276501472,0.288355654325374,0.30319114001931663,0.42010397235194846,0.0,0.003626829094126338
546.8000000000001,1,0.037362253174566866,0.28895137298757423,0.3179840935909216,0.37772204698116557,0.0,0.004821875726261783
546.9,1,0.035968702899894324,0.2895026141181306,0.3367107484574727,0.3158145513214874,0.0,0.006209529751763846
547.0,1,0.03451819929872628,0.29008592394828725,0.3561835542572693,0.24196164910610865,0.0,0.0075901182670603685
547.1,1,0.03344827193209558,0.290659369035351,0.37283778286259217,0.16979296473700112,0.0006277484857952449,0.008818827743204754
547.2,1,0.03329025621945395,0.2911883814154235,0.3848423666989054,0.11136114451758428,0.002672132087685571,0.009796421361513607
547.3000000000001,1,0.03533292040463395,0.2916771210673204,0.3925058626382894,0.07102583180026024,0.0041236346117442145,0.010416546002274799
547.4,1,0.04220972445495429,0.2921381135804362,0.39697712099522153,0.045797107772954496,0.005177710370157076,0.010601201210720784
547.5,1,0.05723027405426081,0.2925650515408587,0.39890289840378196,0.030014060278937,0.006070392856132963,0.01039746960449892
547.6,1,0.08211054333494068,0.2929369652021258,0.3982599434349672,0.01923596719431401,0.006849099308809267,0.009990093104267005
547.7,1,0.11469122001224491,0.2932272936971823,0.395085280761734,0.011187315626753479,0.007425377072711316,0.009588869303479075
547.8000000000001,1,0.14905885910946184,0.29337916539979625,0.39001683100379514,0.004976543058687818,0.007748392517179669,0.00930496665740115
547.9,1,0.17854723336687692,0.29322192152173066,0.38402787288292245,0.0002511518716829259,0.00787966454584659,0.00913348151370223
548.0,1,0.19917990418430329,0.2922856234046275,0.37777171610702504,0.0,0.00793560380032282,0.009049031968292622
548.1,1,0.2107731200784113,0.2894230038719863,0.3712685996569734,0.0,0.00800203062275863,0.009122475656623583
548.2,1,0.2155276283784268,0.2822881779178439,0.3640940813017882,0.0,0.008102337874265926,0.009535732327256316
548.3000000000001,1,0.2161254240797358,0.2672517680861333,0.35583820743114586,0.0,0.00821899394422626,0.010447490934434658
548.4,1,0.21485942081437023,0.24078481312732203,0.3466512449371606,0.0,0.008330581338091926,0.011821750339271716
548.5,1,0.21360320907371777,0.20238051825134262,0.33751248372189385,0.0,0.008436717057060807,0.0133991581457895
548.6,1,0.21377883587176363,0.1567464580824743,0.3298195322085091,0.0,0.008561370897816242,0.01484996770699131
548.7,1,0.21611520040677648,0.1123727354144687,0.324629710042324,0.0,0.008735056065946113,0.0159545594001056
548.8000000000001,1,0.22058715506454632,0.07688533788277957,0.32241762448046024,0.0,0.008966473704267728,0.016647856379863553
548.9,1,0.22670693601198522,0.053253032622668485,0.3235017849437881,0.0,0.009223700252921326,0.016929543179663206
549.0,1,0.23386911067198485,0.03983256609463276,0.3282155015354706,0.0023080395049311004,0.009437195177852744,0.01677269547767011
549.1,1,0.2415283044633671,0.033017047260295855,0.3360051980824347,0.007714432394377036,0.00950794956296802,0.016132707424120173
549.2,1,0.24929528967255152,0.029561688725322117,0.3441858957811407,0.014795738018267621,0.009290559195157663,0.015035337380019106
549.3000000000001,1,0.25693141751909804,0.027418864930936173,0.3483789311677623,0.02228756497196396,0.008568040786662727,0.013641375281968154
549.4,1,0.2641367486395175,0.025640268024502,0.34533779872198855,0.028768682691359425,0.007108441243480079,0.012210788560803253
549.5,1,0.2703820920964961,0.024000377145289062,0.33566276984995097,0.03334886018907375,0.004854489774454555,0.010991055283865833
549.6,1,0.27508888108687407,0.022583060899532218,0.3233021726003806,0.03588884279857588,0.002098354895606786,0.010129850857502036
549.7,1,0.2778924892491472,0.021462331396347196,0.31234486137734185,0.036770995491837315,0.0,0.009669619920968688
549.8000000000001,1,0.27847441341845175,0.020581373633679335,0.30456545186223016,0.036553469492498145,0.0,0.009575078128892467
549.9,1,0.2760021850697441,0.01980091109515467,0.29959109825635466,0.03576342356662158,0.0,0.00973531555764284
550.0,1,0.2688738657371252,0.019002951520519906,0.2963789894102136,0.0348402108837794,0.0,0.009976944650177092
550.1,1,0.2554617148053869,0.018153557816879082,0.29415677947336755,0.03410753336111479,0.0,0.010142484962340676
550.2,1,0.23569091706750098,0.017296282544681258,0.29251477274532767,0.033709861363393566,0.0,0.010183344215558427
550.3000000000001,1,0.2121368941361703,0.01649057379820803,0.29124080126613444,0.03357560956059384,0.0,0.010168303516568352
550.4,1,0.18925368711154977,0.015736730385250405,0.29022482096101687,0.033492278487028626,0.0,0.010196822348335141
550.5,1,0.17102083336590196,0.014947370971354984,0.2893940653107697,0.03326432254021984,0.0,0.010293424472728083
550.6,1,0.15899684260769112,0.013997559294950689,0.2886452910580646,0.0328332490940356,0.0,0.010353239921114452
550.7,1,0.15227872744546964,0.012810927082622523,0.2878376256993312,0.032286195705054324,0.0,0.01017248390068892
550.8000000000001,1,0.14884268970875916,0.011398614316166315,0.28687331292866847,0.03177860778073559,0.0,0.009565675892243851
550.9,1,0.1467643629257672,0.009840333547518084,0.28579656934683745,0.031434923378316555,0.0,0.008506186109496706
551.0,1,0.14460803546331832,0.008283412411241045,0.2848262384365615,0.03128264672569735,0.0,0.0071715846640825216
551.1,1,0.14126874712388637,0.007001611318648174,0.2843260128451984,0.031260799025216564,0.0,0.005840366257970164
551.2,1,0.13568369693033708,0.006495073762703682,0.28475200719164206,0.031290804711899295,0.0,0.004737812827960975
551.3000000000001,1,0.12665726956496784,0.007670397763169634,0.2864216969753498,0.031338645529814954,0.0,0.003972759624698406
551.4,1,0.11314926190291902,0.012136111207881533,0.28880853619916763,0.031437412517703184,0.0,0.003574686517380161
551.5,1,0.09514085301627231,0.02228515823234963,0.28971165489781264,0.031824137051999435,0.0,0.003519411731508767
551.6,1,0.07425230227700512,0.04045868348546085,0.28568073174166103,0.03343349253771944,0.0,0.003694840571078267
551.7,1,0.053098284713966125,0.06703539454060843,0.2744055298642897,0.03876460416013093,0.0,0.003897774437776557
551.8000000000001,1,0.03388011708810175,0.09884699762244183,0.2571316684109568,0.0527283914973611,0.0,0.003936931357038453
551.9,1,0.017762403175206255,0.12994958170657128,0.2382430448485772,0.08248239170592453,0.0,0.0037522295831122995
552.0,1,0.0053156349916797145,0.15476895847755973,0.22219297218573553,0.1347615760381375,0.0,0.003400151343765099
552.1,1,0.0,0.17097609269462535,0.2109906030611784,0.21057088437224644,0.0007804391012064532,0.0029114336425286563
552.2,1,0.0,0.1797371635478093,0.20423296163335883,0.3009778344025421,0.0017787290263527478,0.0021928272726179534
552.3000000000001,1,0.0,0.18382308308135553,0.2005422104757869,0.3893864830934348,0.0029561996952346984,0.001104508442059037
552.4,1,0.0,0.1857085248066029,0.1985998380528183,0.4602614435087897,0.004432124512771189,0.0
552.5,1,0.0,0.1868551591453835,0.19745225786636636,0.5070856038948365,0.006134907754860576,0.0
552.6,1,0.003465618107060761,0.18788276282257654,0.19658417932385253,0.533124538402527,0.007737143396299452,0.0
552.7,1,0.007967679719052568,0.1889510239455762,0.19591154053798907,0.5462282733234409,0.008858240686264503,0.0
552.8000000000001,1,0.011210585343363307,0.19003705292066558,0.19557787785378528,0.5534448190610778,0.009353131496989535,0.0
552.9,1,0.013158881404338258,0.1910811476336459,0.19565200878748132,0.5588770876643832,0.009403864098744217,0.0
553.0,1,0.014264619952695385,0.19204069422914335,0.19598832964241186,0.5641494002122726,0.009348138613416261,0.002313586846008339
553.1,1,0.015130059807598826,0.19289386286051352,0.1963324468525244,0.5695789553706363,0.009443512665527617,0.004565618243739006
553.2,1,0.016291514146847975,0.19363353383037007,0.19649453588629776,0.5750245210257251,0.009780809818139653,0.006314346496595067
553.3000000000001,1,0.018082367019021606,0.19426761270892864,0.196386352402161,0.5802847802150555,0.01035635137172375,0.007501946293256295
553.4,1,0.020502782456753292,0.19481582937619205,0.19589515016071948,0.5852080714055223,0.011161038893521363,0.00830072971144741
553.5,1,0.023180610595275576,0.19529155260450337,0.194679177616998,0.5896725000875083,0.012189875058321637,0.008946178802735646
553.6,1,0.025539307600240466,0.19566997732416908,0.19190992004257074,0.5935615743384264,0.013401868906915084,0.009605510437460406
553.7,1,0.027109926258156773,0.19583759532688788,0.18597405912836387,0.5967943559523542,0.014702192969192054,0.01030926395657235
553.8000000000001,1,0.02775789496845717,0.19547980322355527,0.17447009776029757,0.5993781800600607,0.015964537546715257,0.010935335853094592
553.9,1,0.027670142272253104,0.19383655937480967,0.15519397623496886,0.6013998735696133,0.01706688228513358,0.011268777535380069
554.0,1,0.0271851403757838,0.18937715929531035,0.12812857715128015,0.6029009887985064,0.017931148755655057,0.011131829401551744
554.1,1,0.026651682009442453,0.1797997805878001,0.09676242289279412,0.6036308447859153,0.018567477011050472,0.010495744727782997
554.2,1,0.02636858856626881,0.16298970858880973,0.06680094124940864,0.6026190247848829,0.01907790939475891,0.009488469988950067
554.3000000000001,1,0.026522364000787488,0.13888031969238146,0.042941466622531586,0.5973960354858623,0.019569420652110044,0.008311038277782347
554.4,1,0.027100813802666233,0.11072299665738132,0.026703861867200338,0.5829801002373796,0.020036208142520853,0.007150380358268499
554.5,1,0.027866653502552238,0.08401857780539713,0.0169187405072526,0.5518134543582276,0.02034217262547722,0.006160378876528311
554.6,1,0.028411303221083584,0.06349118591094689,0.011554698773262663,0.4965921545231627,0.020314834558753526,0.005504260868518661
554.7,1,0.028198940662780055,0.05070435183661124,0.009101595224371619,0.41603497973377473,0.01982037131695986,0.005377226580382704
554.8000000000001,1,0.026614601823867292,0.04419916916077371,0.009200041812989942,0.3193838994808421,0.018756388862841453,0.005935042910883166
554.9,1,0.023216779690839736,0.04136496145407169,0.012785987782391426,0.22414764789526848,0.01705385873854216,0.007159454385770715
555.0,1,0.018222649374573453,0.04007618452072545,0.021469415533521594,0.14717301155499452,0.014766069772219635,0.008786215664371795
555.1,1,0.012840426687598657,0.039198493663536935,0.035944934827200875,0.09616396509656178,0.01217157849592772,0.010380245422927209
555.2,1,0.009129429826164704,0.03833937724623149,0.05444889378423393,0.06831727532830113,0.009755468968164047,0.011507405476608721
555.3000000000001,1,0.00973744395136041,0.037451683008848755,0.07295864185314235,0.05538965309166894,0.008041638084072858,0.011887832384656226
555.4,1,0.018106669128966173,0.03657425013947469,0.08740988573493563,0.04950321994261264,0.007394464572349144,0.011472216055707647
555.5,1,0.03868675734259541,0.035740078421709204,0.09601203432513472,0.04580921050087298,0.00791726241258911,0.010446985522448448
555.6,1,0.07548934448705905,0.03498042282376147,0.0996471552928328,0.04228565572712413,0.009451347085075673,0.009168871439574634
555.7,1,0.128467963000775,0.03433868028957698,0.1004911418632532,0.038582184934303834,0.011609488224677007,0.008019898889319152
555.8000000000001,1,0.19070534198278014,0.033863116250394294,0.10051674943438857,0.03508181505182682,0.013847486612619168,0.0072311420106189505
555.9,1,0.25050238357654525,0.033594340399263636,0.10091266578464923,0.03235685464756955,0.015626859490348994,0.00678408144545981
556.0,1,0.29780929979209175,0.03355460245294631,0.10216239238949745,0.03083137131195588,0.016622264602713308,0.0064611541484885324
556.1,1,0.32923804841299054,0.033722389955707685,0.104219100963816,0.03053604540757436,0.01682250867627603,0.006010398444181578
556.2,1,0.3475334926470006,0.03400153470547535,0.10667440488359806,0.031032771535311417,0.01644810719030221,0.0053215968076090496
556.3000000000001,1,0.3575322502186005,0.0342239571437243,0.10905090840990928,0.031619792031219264,0.015781359800586564,0.0045148561667095275
556.4,1,0.3630463495499294,0.034187979037959004,0.11113749948914688,0.03174043778269717,0.015051439994467857,0.003888879946801237
556.5,1,0.3662433546223848,0.03368590120190349,0.11313698702669579,0.03133524205783981,0.014405008954104077,0.003755898555371397
556.6,1,0.3682287889659079,0.03252951776965007,0.11558398619021937,0.030908170613369448,0.013910634089219992,0.004265304547747371
556.7,1,0.3695576185301959,0.03066331559747444,0.11918184261902379,0.03127385060087563,0.013590664163895746,0.005321746934157812
556.8000000000001,1,0.3705097723470073,0.02834232829892645,0.12457813392280115,0.03314666861536963,0.01350384739744569,0.006636371744564064
556.9,1,0.3713057722847873,0.02612864534466536,0.13196491269884178,0.03681656754237825,0.013803881328970048,0.00786864342199932
557.0,1,0.3722170971574678,0.024557968131139318,0.14070060629767647,0.04205792738877318,0.014643254410690148,0.008763113961103056
557.1,1,0.3734738710806993,0.023767519187391648,0.14946035002712188,0.0482075199120703,0.0159607904208213,0.009196660760101383
557.2,1,0.37508443941399366,0.02349760329380217,0.15692824945418837,0.054286390698978074,0.01739249434648531,0.009137493754903712
557.3000000000001,1,0.37679378489567317,0.023411598811708914,0.16226733579786712,0.05919626498815855,0.018454112015067928,0.00859828302210864
557.4,1,0.3782455325294737,0.023324046154015062,0.1648644575581762,0.0620806444574372,0.01884665486548558,0.007641649421033091
557.5,1,0.3791794096322364,0.023170982951064508,0.1639239577929952,0.0627215772275242,0.018621910557240114,0.006402069195530367
557.6,1,0.37946712382734216,0.02291104391190997,0.15877301466289673,0.061656467832937906,0.018115832685963718,0.005061004293765307
557.7,1,0.3789314029385851,0.02251593827204524,0.1497773116023956,0.05987986317872444,0.017744743309687495,0.0037811501431381195
557.8000000000001,1,0.37695733144645,0.022005920651125367,0.13881972730448128,0.05836138808202102,0.017787033743305557,0.0026582678830695647
557.9,1,0.3718543207567832,0.021444562589190856,0.12860102503188453,0.05771471565522787,0.01824170160871261,0.001722976076711442
558.0,1,0.36015619251828296,0.020894153861742322,0.12131303340812444,0.05812271235602753,0.01885006554570084,0.000979396410973796
558.1,1,0.3368156845486568,0.020382539952969743,0.11800487963606142,0.05942224733482321,0.019296910676710872,0.00045066714604215463
558.2,1,0.2975980220683037,0.019908495279027365,0.11930951229239227,0.06126808945364928,0.019441906696580937,0.0002007008489384053
558.3000000000001,1,0.243123906645232,0.01946689627589537,0.12692868258125004,0.0633253587711101,0.019369111819653676,0.00031357713870606654
558.4,1,0.18095053150480275,0.019059341428511425,0.1444549250004125,0.06538734653193373,0.01922208633389854,0.0008394076693382485
558.5,1,0.12246801832035394,0.01868464557552908,0.17605996920687708,0.06735777600114702,0.01901832845443583,0.001740577833775315
558.6,1,0.0766268534229209,0.01833450172237178,0.22291128975865093,0.06917589206720191,0.01862971610713874,0.002884069026064115
558.7,1,0.046153784079584134,0.018005542193989244,0.27995344917523707,0.07078417534778,0.017908626084516904,0.004107303439428516
558.8000000000001,1,0.028701602486217653,0.0177039323844051,0.3368747628118199,0.07213869586909066,0.016803827441394994,0.005312048273044157
558.9,1,0.02013228694399841,0.017424462886510648,0.3835897320418131,0.07322921536924301,0.015377383303697168,0.006478792059048222
559.0,1,0.016684463282481573,0.017120885483001305,0.41561970674498266,0.07411342408292275,0.01376445750830708,0.007568787173946717
559.1,1,0.015630770884512996,0.016683485284834532,0.43482714963678554,0.07493596524888103,0.012136996672742241,0.008441434922419366
559.2,1,0.015321320182270334,0.01591945484929178,0.445977906019459,0.07584175172740738,0.010660151352138084,0.008922295300685643
559.3000000000001,1,0.014956169889208133,0.014565375386870109,0.4530836623815832,0.07677977389220149,0.00941686313540287,0.00896002962554941
559.4,1,0.014157694784317023,0.012405560589045036,0.45814081887783736,0.07738191595459379,0.00835999383946558,0.00868427974186171
559.5,1,0.012654548128409032,0.009480398545984078,0.46180818613794855,0.07711451650334353,0.007382853896129948,0.008306297616247772
559.6,1,0.010307173392264215,0.006191225472914448,0.46436792684045586,0.07564150513578938,0.006469876637700989,0.007989559071019364
559.7,1,0.00729468996248189,0.0031312088563314223,0.4661193075328428,0.07308961744000081,0.005756465968790774,0.007805209550158399
559.8000000000001,1,0.004113014878606883,0.0007637574428048025,0.46738310488245194,0.06996955219381283,0.005414858710297963,0.007752130771850268
559.9,1,0.0012873493344303156,0.0,0.46847811213224344,0.06681545486749299,0.005494888672840989,0.007784386103789986
560.0,1,0.0,0.0,0.4696923317783572,0.06385494808421857,0.00587880529949947,0.007850278405788204
560.1,1,0.0,0.0,0.4711757087100007,0.06099318216877881,0.0063423185193750495,0.007952196262191041
560.2,1,0.0,0.0,0.47286850548062204,0.05809305000073788,0.006632811639392095,0.008180444484247047
560.3000000000001,1,0.0,0.0,0.4745956936934248,0.05523287215536428,0.006555963102872702,0.008678218010700033
560.4,1,0.005192693016031754,0.0,0.4762491760695746,0.05267101276044575,0.006085821545227963,0.009554227172196724
560.5,1,0.02361132408909494,0.0,0.47787435401024736,0.050606801697778626,0.005419423821542771,0.010788778998225015
560.6,1,0.05982625218917019,1.853422639295585e-05,0.47958005575492313,0.04903392610207545,0.004896508563508932,0.012189736238738364
560.7,1,0.11647813225583521,0.0016053606446193953,0.481331546351154,0.047800172070397516,0.004847393412042641,0.013453972750558681
560.8000000000001,1,0.18826919854644344,0.004913429531249252,0.4827523105333397,0.04674024543091214,0.0054779238925933265,0.014316697650860235
560.9,1,0.26263215474674867,0.011113933033668238,0.4830593878914544,0.04574818125772711,0.006796080419384946,0.014677266761597177
561.0,1,0.3262461390895728,0.02111909880419964,0.48122435240336714,0.04477959116294018,0.008575154783948819,0.014607369638671881
561.1,1,0.3721636644575799,0.034659000954004815,0.47641096502981295,0.0438236936471498,0.010439484293864331,0.014251773377078458
561.2,1,0.4015344930569458,0.04982256323327361,0.4686054876064764,0.04287935309114803,0.012083672326669488,0.013700365189638455
561.3000000000001,1,0.4198727498720759,0.06380590069402496,0.4590444347281632,0.04196377348534469,0.01344822476970757,0.012920767800224298
561.4,1,0.43275155336570686,0.07443339838098455,0.4498922916292469,0.041154154274400404,0.01469848209632743,0.011814637695618281
561.5,1,0.4443982235939173,0.08114559562616004,0.44314212818495213,0.04061377052682736,0.016067549229925163,0.010370662668564297
561.6,1,0.45829014328248624,0.08475350511124083,0.4395634873039714,0.04054279250670478,0.017712144788653027,0.008776627520373559
561.7,1,0.47709832381272554,0.08650053097091544,0.438608136418107,0.041052394854140986,0.01963982940278753,0.007366779777615639
561.8000000000001,1,0.5012438724374342,0.08734858499212435,0.43930881203796224,0.04204637100048504,0.02170456997920178,0.0064437365400155065
561.9,1,0.5279696248307626,0.0878170701261483,0.4414731297924479,0.04321837992839123,0.023688157186438526,0.006134268366961172
562.0,1,0.552829080107088,0.08812865772214201,0.4465281517861535,0.044192351431862384,0.025456988506210462,0.006370390017860701
562.1,1,0.5726414399382822,0.08836904559222533,0.4575430570158774,0.04471745004884429,0.027087407255593783,0.006952272271367175
562.2,1,0.5870465466601635,0.08857192420917895,0.4778721321180436,0.04478309828020735,0.028832763546283054,0.007627310826869735
562.3000000000001,1,0.5975550508388314,0.0887565344027967,0.5085035448669063,0.04457658095978294,0.03093218930971458,0.008171844958735564
562.4,1,0.6058103360148916,0.08894175335470508,0.5459562638737036,0.044321063827222396,0.033409298953805885,0.008459603720070322
562.5,1,0.6128757621327792,0.08914288237959021,0.583230378103749,0.044123171607363544,0.03601974802020892,0.008473855583009542
562.6,1,0.6194549717309056,0.08936096604382447,0.6137744383074689,0.04394591836667881,0.03837753289885519,0.008259365937253342
562.7,1,0.6260482540366159,0.0895775808699467,0.635048193666985,0.04370732767545887,0.040153131624572916,0.00786456063804136
562.8000000000001,1,0.632665617675254,0.08975941077325574,0.6485984639049889,0.04339611697012482,0.04120688808197546,0.007311561404868717
562.9,1,0.6383633735658759,0.0898668888475427,0.6574116042855909,0.04309705338415745,0.04160196780560612,0.006600822303377057
563.0,1,0.6409353031250652,0.08985748560115003,0.663630153652301,0.04292198950291108,0.04153594257543365,0.0057561849339286455
563.1,1,0.6371410476017902,0.08966784186560911,0.6681759303118564,0.042932515338714214,0.04124451250207823,0.004889096070455882
563.2,1,0.6239937015011847,0.08913980901911207,0.671345771881068,0.04311633707893424,0.04090113347814989,0.004206702812378221
563.3000000000001,1,0.6009756586719408,0.08785150083587596,0.6730084054864244,0.04339855168152524,0.04056070386093249,0.003913487023808591
563.4,1,0.5715319015434264,0.08491573757213164,0.6722221764777175,0.04366090859688744,0.040213584053307466,0.004078316848475428
563.5,1,0.5418744253168104,0.07902017696837388,0.6671787228649697,0.043787526016366735,0.03990199875002006,0.00461277542348133
563.6,1,0.5175181191366817,0.06903556984216981,0.6563201220873431,0.043733755715958625,0.039736503969965385,0.005403289021308802
563.7,1,0.5005037677474361,0.05505628395110114,0.6401265537425556,0.04355859465094125,0.03976720006312619,0.006445151912125241
563.8000000000001,1,0.48932769663013487,0.03901766724123606,0.6217405789624687,0.04341275193268011,0.039878002124429116,0.007797956153699541
563.9,1,0.4803720418175961,0.024049215122947373,0.6053475735187951,0.04356586803513361,0.03984889074205593,0.00941227032680352
564.0,1,0.4685542170671454,0.01286839495480861,0.5936858513714456,0.04464219783421197,0.03950872301266698,0.01107368643706402
564.1,1,0.4471280539998851,0.006605019877998575,0.5870149730481099,0.04828941566312161,0.03881298327713179,0.012562397028299092
564.2,1,0.4088998712959822,0.005145917020015952,0.5840181482356027,0.058508932328266185,0.037811717871265575,0.01382356366854018
564.3000000000001,1,0.3503117750805493,0.008914036804554134,0.5831122926034249,0.08324540387290225,0.03660207233175033,0.014931229093889668
564.4,1,0.27596472171010944,0.02125517263421803,0.5827738100225445,0.1341113875053873,0.03533191900446249,0.015916610865152912
564.5,1,0.19855421292496003,0.05007050225765385,0.5807626375338869,0.22127955839506108,0.034203398948702925,0.016696314306117805
564.6,1,0.13247885874653298,0.10646574226586283,0.5730517887160487,0.3443810707191475,0.03338568005507349,0.01717537253646337
564.7,1,0.08606086986752837,0.19880022118468316,0.5539239486016144,0.487045392830528,0.03286674796147344,0.017373951838753954
564.8000000000001,1,0.05894196870126628,0.32457555159303253,0.5186242730698776,0.6228083619968846,0.03241273002525408,0.017423589643324005
564.9,1,0.04547281160503279,0.46701548248194213,0.467686857061726,0.7294982386287102,0.03173361943205534,0.017454999308098226
565.0,1,0.03952139672355035,0.6013894601117519,0.4089835519374162,0.7998925085504381,0.03072042398838458,0.0175127529709913
565.1,1,0.03694986843033149,0.7075753746805576,0.35431691001382776,0.84068323574266,0.0295268336808788,0.017569528585501887
565.2,1,0.035791763572937924,0.7789925020171341,0.3127706546429206,0.8636868480730723,0.028439596027065542,0.017589908119644455
565.3000000000001,1,0.035859108324910384,0.821631729890414,0.2866388200895624,0.8782945239281472,0.02768609107188932,0.017564807771402284
565.4,1,0.03883188962902232,0.8463224922172875,0.27269550712572105,0.8893729274552449,0.027333781882524458,0.017504680080994258
565.5,1,0.048679188161047944,0.8619068169025431,0.2660967826017105,0.8987112151669434,0.0272984463646833,0.01743360627665701
565.6,1,0.07128086686107012,0.8732584960478579,0.2630610303318252,0.9068326448024203,0.02739866596317509,0.017400172968404178
565.7,1,0.11193925257390006,0.8825406605501847,0.2613753154170337,0.9139093790588607,0.027424614389986352,0.017466553077567993
565.8000000000001,1,0.17115314702229878,0.8907178202291436,0.2599732692932279,0.9200519966204904,0.02720733783221394,0.01765503998451538
565.9,1,0.24180632491604281,0.8982154968966815,0.2586010280495484,0.9253923299830434,0.026646251758302528,0.01790888576848005
566.0,1,0.31125258919487564,0.9051287923361623,0.2576798189307449,0.9300855957802985,0.02568618506849671,0.01812751101502114
566.1,1,0.36772514547849194,0.9113990260930355,0.2582341237744713,0.9342649820388239,0.024315199292132317,0.018237004051981847
566.2,1,0.4060136429244593,0.9169714021250186,0.26183160199666194,0.9380107369660557,0.022620330403096085,0.018212678347640225
566.3000000000001,1,0.42807104189268,0.9218616371072488,0.2702461278149219,0.9413608584451545,0.0208096913206128,0.018052893001873866
566.4,1,0.4393255127347957,0.9261565267153654,0.28441168301042263,0.9443113024669268,0.019100051864094723,0.017760752260448192
566.5,1,0.444754318289848,0.9299888676710554,0.3030393627953677,0.9467248431583466,0.0175261474936709,0.0173338748746957
566.6,1,0.44732021766951735,0.9334770547908192,0.3223847219143156,0.9480515319577935,0.0158534456865778,0.016732158233728204
566.7,1,0.4483562221246424,0.9366081380871228,0.3380264159784356,0.9466508138397243,0.01372120761477953,0.015867324628462836
566.8000000000001,1,0.44841904874782806,0.939010234354854,0.3472075895207814,0.9384447523213976,0.010947204209591563,0.014679327632968267
566.9,1,0.4478370368942065,0.9394074934651191,0.3494849653930324,0.9153047524583883,0.007745366730711548,0.013246795759425238
567.0,1,0.4469105522111936,0.9345357902046474,0.34562309987448253,0.8652506289082825,0.004648662740917792,0.011798264900057871
567.1,1,0.44590236563912194,0.9180152749741044,0.3368230103088313,0.7773229284947046,0.0022297720789830745,0.010589894532511494
567.2,1,0.444951500937573,0.8810247075502647,0.3255055619933049,0.6507004906072744,0.0009254983769742046,0.009762668004656489
567.3000000000001,1,0.44405041893052577,0.8167062700791898,0.31645929053518923,0.501294496799292,0.0010720531481035159,0.009301172356732723
567.4,1,0.44314553927618344,0.7268805049476894,0.3164002131687307,0.3575341005623708,0.002935439649753987,0.009102106221285041
567.5,1,0.44227137383581455,0.6251246753785377,0.3313342104268093,0.2457830931667656,0.0065698686602582625,0.009068437516392658
567.6,1,0.4415706918095296,0.5312734666411499,0.36291256682766343,0.17678656441255322,0.011633986632211296,0.009152174732197033
567.7,1,0.4411555636789944,0.460565461676486,0.40627719864645623,0.14398101544148928,0.017370462023213656,0.009334379271923548
567.8000000000001,1,0.44087315830996,0.41671856226596443,0.4517869569535525,0.13255525852263103,0.02278826367945826,0.00958026743042583
567.9,1,0.4399660967003572,0.3938595617613933,0.4901961800883607,0.12949508349364947,0.026969971677829413,0.00981163167001117
568.0,1,0.43646410899542376,0.38322998407546216,0.517278326127849,0.12777812215224632,0.029396054945860093,0.009914467786411406
568.1,1,0.42639028660885164,0.3780961275859088,0.5342501739623796,0.12532039477612952,0.03012648574914155,0.00977194765700953
568.2,1,0.4037143706608226,0.3747995708916465,0.5447305934026463,0.12233724743428892,0.029699763359068397,0.00930671447198108
568.3000000000001,1,0.36253388454505353,0.3718183198837475,0.5517910005983045,0.11939754256872473,0.028802776111495235,0.008523798850728875
568.4,1,0.30155212618503663,0.3687418218746055,0.5570893626309513,0.11661315364383718,0.027948813389464196,0.007523994979673037
568.5,1,0.2277266314968462,0.36565147848595053,0.5613412143800978,0.11367693113442111,0.02735075916903491,0.006439303723284029
568.6,1,0.154767035635479,0.3627617252406723,0.5647861192465761,0.11026397426360922,0.026977788213399613,0.005321213838082839
568.7,1,0.09619914133703897,0.3602189633850082,0.5673046363657637,0.10631993492976019,0.026679465227567457,0.004117676636939013
568.8000000000001,1,0.058419749243179185,0.35803597735990034,0.5685264389513608,0.10204196644778332,0.026303150459531136,0.002798113026089467
568.9,1,0.03927006503888508,0.35612502256468104,0.5681528247001159,0.09769382985626603,0.025785517665093356,0.001478272532602464
569.0,1,0.03187857907289625,0.35436839057615105,0.5663338015147101,0.09347809784461243,0.025193195165165078,0.00037953662664660703
569.1,1,0.029356363432908428,0.3526826823530236,0.563770794489986,0.08952183687858084,0.02468403332704556,0.0
569.2,1,0.027299743380853867,0.3510374397360339,0.5613998010761704,0.08589644310617034,0.02440812785487827,0.0
569.3000000000001,1,0.024139122531566828,0.3493901308351641,0.5598935532081916,0.08260890952076187,0.024412378818616208,0.0
569.4,1,0.02037812483939156,0.34753834648631027,0.5594043917852398,0.07958375447970228,0.024608316213311884,0.0003987243990683582
569.5,1,0.017399564921994307,0.3449114410577806,0.5597038325524425,0.0766851153620293,0.024830493765671147,0.0016115360275784953
569.6,1,0.016335728663456242,0.34025119311976365,0.5604673149991949,0.07377527861743043,0.024950950822773762,0.0033917827354984016
569.7,1,0.017421820336031613,0.3311643635906849,0.5613926758402272,0.07072680645824109,0.02494108564870103,0.005739677914049156
569.8000000000001,1,0.019953618560721472,0.31402908739300955,0.5621163330401868,0.06731446049168957,0.024801057814627495,0.008465252945028132
569.9,1,0.022722433947140568,0.2853133548481636,0.5621060048011823,0.06308322949367684,0.024436237577919948,0.011174927589936453
570.0,1,0.02467217942479341,0.2444550133706798,0.5607047274844886,0.057468173519164764,0.023654347600408868,0.013455170617886683
570.1,1,0.025406880939203853,0.19598123719781244,0.5574045386144135,0.05027668890606464,0.022340961629433085,0.015103161309116434
570.2,1,0.02522120028118432,0.14799139099655811,0.552252941620635,0.04212932917041922,0.02067420234166406,0.016191346418611436
570.3000000000001,1,0.02464988676140967,0.1077774019072989,0.5460398923283609,0.034271043716554095,0.019165944643746272,0.016944905909613672
570.4,1,0.02390984173992016,0.07877066965135308,0.539936235312329,0.02777843392266305,0.018430363134658866,0.017586422939219793
570.5,1,0.02268697065979053,0.060968941070711415,0.5347922372871096,0.022889012246928585,0.018813567862908918,0.018264335261306188
570.6,1,0.020428159301022247,0.05272100169529359,0.5307473921415087,0.019015428097344494,0.02018306863976948,0.019046912095713703
570.7,1,0.01688714614648299,0.05152872415759288,0.5274520165714394,0.015294520413366743,0.022062889195191865,0.01992510127085662
570.8000000000001,1,0.012466803331677415,0.05425540965929665,0.5245030885810186,0.011187739367708362,0.023976041086506052,0.020828206347858997
570.9,1,0.00807349486265983,0.0578427989316678,0.5216100867589646,0.0067821730928991535,0.025682775132664013,0.021682599728578375
571.0,1,0.004635604497125084,0.060242698089120424,0.5185112375953652,0.0026459443251013255,0.027162835626887604,0.02248648968178571
571.1,1,0.0027283360603963455,0.060738336692351735,0.5149295321109896,0.0,0.028447010022933858,0.023321000142866182
571.2,1,0.002567722135102268,0.059589509818541574,0.5106143331407574,0.0,0.029484845482296174,0.024258953239692405
571.3000000000001,1,0.004208287935364161,0.057477904867170374,0.5053436040464832,0.0,0.030153989784673114,0.025245589542106997
571.4,1,0.007619800233891195,0.055081337322478975,0.49899311243727473,0.0,0.03041147502193576,0.026086466950698266
571.5,1,0.0125570717890618,0.052846832688568754,0.49184080541850433,0.0,0.03050364221658452,0.026584529618302113
571.6,1,0.018413356482443115,0.05094160084225806,0.4847939159877158,0.0,0.031074298578011056,0.02669754814842439
571.7,1,0.02426572757478022,0.04933748588253883,0.479024130061928,0.0,0.0329906842232101,0.026552025718692703
571.8000000000001,1,0.029145702619407406,0.04794194532906666,0.4752028911226783,0.0,0.03685693780071081,0.026308456833762782
571.9,1,0.03238435830049747,0.046686629744622364,0.47312260230641795,0.0,0.04249366725426768,0.026019368584358542
572.0,1,0.03380173410800707,0.04554476075174399,0.4719691935591554,0.0,0.048840860963484806,0.025589310592101285
572.1,1,0.03362714001450454,0.04450507385276488,0.470697415084758,0.0,0.05447484009674549,0.02483441840876751
572.2,1,0.03228968983549291,0.043543865732748044,0.46791683941127493,0.005636820957521397,0.05837904372359334,0.02359754393761
572.3000000000001,1,0.030295940066113986,0.04262043897312468,0.4611548196490823,0.016794398753688246,0.06037157348559692,0.0218738438035511
572.4,1,0.02818732334845748,0.04169520720081877,0.4459581285378744,0.02866429030983766,0.06094694535153796,0.01987551289514896
572.5,1,0.026408753521623664,0.040749455182084726,0.41614618166228834,0.03884218888356161,0.06079541649941317,0.01797175422732657
572.6,1,0.02510839270112767,0.03978388245266407,0.3667114536349474,0.045884566491858604,0.060397779323116706,0.016530367134602424
572.7,1,0.02412170598733377,0.038785051808564834,0.298600699499471,0.04978919104353567,0.05988641606301299,0.01577743917370658
572.8000000000001,1,0.0232612354764063,0.03766054201776644,0.22117310579343624,0.051492509277599866,0.05914002590397341,0.015779042712991725
572.9,1,0.022669133427076733,0.03616961393538144,0.14854809227114682,0.05205407985058558,0.05798392784548392,0.016531842693036557
573.0,1,0.02286233789918195,0.033936759192115584,0.09192378920535862,0.0521892537698093,0.05636059726367122,0.018029063074430352
573.1,1,0.024381620869109652,0.030650472230520948,0.05456594296327069,0.052225740195352324,0.054376753433527415,0.02019048491296508
573.2,1,0.02734055265324673,0.02638359770647889,0.03310758416143698,0.052231375322290885,0.05221894801227071,0.022733511477350928
573.3000000000001,1,0.0312645659270567,0.02173162782604259,0.022160130949372418,0.05215234167458529,0.050027338974205235,0.02518833715978518
573.4,1,0.03533752451438959,0.017524720794477183,0.0174892489643854,0.05193427179091853,0.04784979851460269,0.027111828003702793
573.5,1,0.03881442870358431,0.014301746456473786,0.016512579537316403,0.05159593419758025,0.045720180495342454,0.02830978876030039
573.6,1,0.04125438694075075,0.012023365299928592,0.017673967257136408,0.051219320138339235,0.04378018553050264,0.028874022042045464
573.7,1,0.04244129721571302,0.010245850924832331,0.01993600448090231,0.050889343028957715,0.04231620413165694,0.02904924878191504
573.8000000000001,1,0.04215647500241784,0.008524531126330137,0.022479557969729662,0.05066239685078796,0.041651275440048735,0.029063762660131547
573.9,1,0.04007849693366719,0.006700806272392402,0.024460884740589557,0.050600542112759384,0.0419357841707222,0.02901266953824797
574.0,1,0.03593285243610864,0.004931207950695117,0.024986425178826533,0.05083484989284044,0.04293225447703751,0.02883173949830255
574.1,1,0.029768153939755525,0.0035154005201284986,0.023577341401957108,0.05157553865766843,0.043904860103414836,0.028380148322364806
574.2,1,0.02215219431260338,0.002665655390745466,0.021141681761360352,0.052995920976520464,0.04374559829917533,0.027585524911586827
574.3000000000001,1,0.014194131049009618,0.002373164148819726,0.020944017691772916,0.0550265467266732,0.04143406447176221,0.026540690919364892
574.4,1,0.00739441157225203,0.002446219766619021,0.02858435624079737,0.0572393984901285,0.03670527861553372,0.025479145298699865
574.5,1,0.0033035879630915516,0.002654089210445634,0.05012673091631192,0.05896157447782861,0.030463340305542274,0.024658112885390018
574.6,1,0.002999283624521911,0.0028459046426755896,0.08867623760563921,0.059529570442293296,0.024442270165977772,0.024235367829135566
574.7,1,0.006564583195683737,0.002978648506390475,0.14139684254634777,0.05851541196861477,0.020184752365991605,0.02420943606919317
574.8000000000001,1,0.012915413086643531,0.0030823375949538957,0.1996023569437616,0.0559009833002912,0.0181296451977042,0.024438036618848517
574.9,1,0.020239026126235595,0.0032180133550514943,0.25277976700119154,0.05217977517450298,0.01757715029198964,0.02469904646001183
575.0,1,0.026880693269849112,0.003470112940665782,0.29410348452642193,0.048209008388786175,0.017452143202421916,0.024751442848647123
575.1,1,0.03206392731893709,0.0040151076593824215,0.32328494380251466,0.04477844096592755,0.01708877416458724,0.024393283591923578
575.2,1,0.03591711265235333,0.005303412943482828,0.344668864782349,0.04223757829322171,0.016441181538836547,0.02353421454784167
575.3000000000001,1,0.038942025646331535,0.008281015662751847,0.3626437725273766,0.04050055686067636,0.01579825338391705,0.02225089928363901
575.4,1,0.04153514391373226,0.014350564400433502,0.37853339855835805,0.03930854312611884,0.015437209477708352,0.020750767705791852
575.5,1,0.043900732720202715,0.024722248432516993,0.3911410458198367,0.03842927285688809,0.01546986057539849,0.019243331414084998
575.6,1,0.0461443308552428,0.039317843237312834,0.39937046307921775,0.037701758591753246,0.015833936957250206,0.017839344292339306
575.7,1,0.048267988800865504,0.05616433291139519,0.40393874899210197,0.03703482156839311,0.01633346333991507,0.01657284280503945
575.8000000000001,1,0.05013916354911648,0.07214576451122622,0.4071318180959234,0.03640981875510019,0.01673566673267935,0.015479491928893231
575.9,1,0.05163483645553498,0.0847149656470794,0.41177168036847567,0.03585154583490208,0.016915311064389097,0.014603834618672425
576.0,1,0.05297824737669437,0.09311039014231966,0.42048167753528376,0.03537344125268396,0.016932096082584513,0.013925511897804685
576.1,1,0.055254677390247565,0.09816568288427124,0.4350117332187538,0.034951229619259665,0.016969344754753913,0.01329903398531727
576.2,1,0.06129785823986729,0.10122995700538545,0.4552676904116424,0.03453352191757995,0.01721283951080719,0.012479815155884819
576.3000000000001,1,0.07677699529931865,0.10330163488845862,0.4788900050634094,0.03403543800223962,0.017781845362010048,0.011244394765638576
576.4,1,0.10996535944807882,0.10485261164818102,0.5024015639987949,0.0332640446961489,0.01876131148860478,0.009549888856088429
576.5,1,0.16812781851707323,0.1060535531441796,0.5232209337339483,0.031791196312609044,0.020357748655735305,0.0076100341944520655
576.6,1,0.25126884316218323,0.10698718685717677,0.5406601375976443,0.02890074747632782,0.023308962310364244,0.005788894688956262
576.7,1,0.3484473403170951,0.10772180111262603,0.5551861133754881,0.023820305033396744,0.029777123260479186,0.004378027110114408
576.8000000000001,1,0.4416737829005474,0.10831749792770073,0.5670234932433189,0.01628510902025465,0.044846127698617816,0.0034463085214541046
576.9,1,0.5154846726440633,0.10883130423071184,0.575405190690795,0.007034045128562625,0.0777808685064398,0.002863337527479231
577.0,1,0.564282649653905,0.10932247329449621,0.5787849055085909,0.0,0.14046352256715797,0.0024215770584642207
577.1,1,0.5920770886929551,0.1098413371704382,0.5756744948319461,0.0,0.24067168164756034,0.0019429911667088234
577.2,1,0.6068859718207801,0.1104059048646872,0.5657183008455315,0.0,0.37310173084262055,0.0013478912041075643
577.3000000000001,1,0.6156021582126815,0.11098844010562635,0.5503908941385118,0.0,0.5169581714940976,0.0007158400958625421
577.4,1,0.6222578281263036,0.11152658005075469,0.5324129929822519,0.0,0.6455234419992437,0.0003191613632897206
577.5,1,0.6286226580235911,0.11194591564119094,0.5137288953854559,0.0,0.7408679320656741,0.0005596213080409177
577.6,1,0.6351516857742276,0.11215413098876129,0.493652030614642,0.0,0.8009323792592394,0.0017812621915980712
577.7,1,0.6415548099024247,0.11195686446325466,0.46942178419838476,0.0,0.8348364543578034,0.004043918152619328
577.8000000000001,1,0.647200399709297,0.11086914309851577,0.43925375806168504,0.0,0.8537340633217357,0.007020053460478489
577.9,1,0.6515085442460897,0.10790607647211999,0.40483504407615517,0.0,0.865437511385526,0.010124641588724679
578.0,1,0.6542149338711963,0.10163104529713887,0.3701054675991021,0.0,0.8740708852917703,0.012810344360952434
578.1,1,0.6554204379752641,0.09078543730735295,0.3371521309708456,0.0,0.8815412442737413,0.014810658785543024
578.2,1,0.6555028395134584,0.07537202751019796,0.3038279697666004,0.0,0.8885579687285241,0.01615593076529431
578.3000000000001,1,0.6549874599831791,0.057321535297558956,0.2662189634143759,0.0,0.8951013244302012,0.01699835795754634
578.4,1,0.6543888371416186,0.03983296669267641,0.2234726837259493,0.0,0.9008228209453134,0.017446734096575437
578.5,1,0.6539996404482897,0.025656082008525972,0.17955001754441893,0.0,0.905416603168511,0.017554631804070523
578.6,1,0.6535972847737648,0.0157702066194814,0.1401396097470794,0.0,0.9087990661617796,0.01740931973723911
578.7,1,0.6519485420531301,0.009509585220030562,0.10863528782785871,0.0,0.9110972925704827,0.017178255370022853
578.8000000000001,1,0.6459502322194091,0.0056523628802073135,0.08524952398181594,0.0,0.9125806162061674,0.01706918298356021
578.9,1,0.6297352978470694,0.0032850223863650036,0.06863810041977343,0.008115501295740743,0.9136032634987256,0.01727554201106798
579.0,1,0.5952269367695403,0.0019498286325388965,0.05723661532439168,0.01692335224019332,0.914500710727434,0.01795951369056191
579.1,1,0.536082511421062,0.0014147516377549165,0.049858440412039746,0.023094878635729028,0.9153486667450914,0.019243024362927044
579.2,1,0.45464582796163283,0.0014772213132663412,0.04688252357816508,0.02685664593722191,0.9154897978692307,0.021167353065573435
579.3000000000001,1,0.36702205349666855,0.0019011866938592396,0.05189462619584629,0.029011037508808457,0.9126296350445224,0.02363876338570339
579.4,1,0.29971108341636993,0.002430468985547547,0.07160064081521517,0.030292406470781512,0.9013647517201224,0.026410752312901617
579.5,1,0.2767221846994398,0.0028324296378343643,0.11220689260324204,0.031117002126864735,0.8719966918304929,0.029133433788278852
579.6,1,0.3052570515759829,0.0029480021284721742,0.17366714237112738,0.03165838552961467,0.8121859429973391,0.03145930057212119
579.7,1,0.37124256112713966,0.0027309640846910946,0.24671456008113438,0.03198672402346792,0.7136957824135625,0.03315639153499738
579.8000000000001,1,0.4484617621159109,0.002258089648433176,0.3167682002843622,0.0321488275320777,0.5814050495673565,0.03416065520787299
579.9,1,0.5137320854029439,0.0016906792290933756,0.37243426635552196,0.0321985455384877,0.4360048459069206,0.034528135394610075
580.0,1,0.5567827445082846,0.0011942371112264789,0.4111845622922637,0.03220224349998722,0.30476482174299213,0.03432440757224537
580.1,1,0.5798760188629014,0.0008649853958227733,0.4376971461689959,0.03222781873270836,0.20669123529746702,0.03354952600765243
580.2,1,0.590973719748578,0.0007109866088005144,0.4578881808014738,0.032325192896921005,0.14488891896013523,0.03217931235486366
580.3000000000001,1,0.5972189522832506,0.0006846116078867399,0.4748667000497045,0.0325076275584373,0.11071890911616517,0.03031942015876824
580.4,1,0.6023294303977786,0.0007268916765859792,0.48930190130489354,0.032746270103287116,0.09264218021930963,0.02836399595777707
580.5,1,0.607249797721784,0.000795207405309414,0.5016354912228024,0.03298860387536168,0.08173114161298035,0.0269817934749015
580.6,1,0.6117834755030266,0.0008701743909713489,0.5129164058857085,0.0331898790984082,0.07270780496944784,0.026824979552468743
580.7,1,0.6156986980799733,0.0009493895984491499,0.524058819730882,0.03332504950684264,0.06323099415178474,0.028111344173803846
580.8000000000001,1,0.6190683425363626,0.001040058597995768,0.535264599081785,0.0333584702815899,0.05307093456892444,0.030438488204435423
580.9,1,0.6222013609370703,0.0011583271619262584,0.5463270339337699,0.033182748942879134,0.0432638159495472,0.03303666416009478
581.0,1,0.6254893288990417,0.0013279665605828769,0.5570715341664592,0.032576141812145014,0.03523151494189802,0.035256322198963935
581.1,1,0.6292738308804927,0.0015650608413309939,0.5673646712700132,0.03126069268024169,0.030085342840765555,0.03688310476427642
581.2,1,0.6337252402503691,0.0018543179397221186,0.5769706234176929,0.029108670472071836,0.02822398228120847,0.03807881555076641
581.3000000000001,1,0.6387370387621445,0.002146478258535889,0.5856218883274242,0.026373046103088358,0.029210595043310646,0.03908488640438182
581.4,1,0.6438875237998136,0.002397703329154922,0.5931973666229301,0.02366760103210603,0.031907257953214724,0.039968787207216944
581.5,1,0.6485003945569421,0.0026477043546177122,0.5997140834070193,0.021603137643607627,0.034853298344392054,0.04058485294584645
581.6,1,0.6516951317420375,0.0031408016372544657,0.6050766439040968,0.02039601109144771,0.03678059961021374,0.040709350435473315
581.7,1,0.6521248107807116,0.0045202448419248194,0.6087391397919615,0.01983411267606144,0.03706115262488842,0.040195909216948114
581.8000000000001,1,0.6471077552552943,0.008027675726397671,0.6093710128948793,0.01956424244322948,0.035864906416345155,0.039059128159972
581.9,1,0.6314623723252167,0.015375187405101414,0.6046245213689702,0.019351238276145676,0.03392462534464717,0.037506273092760424
582.0,1,0.597505027059293,0.027913522796500435,0.5915072489507124,0.01912708319298178,0.032053610103213816,0.03594266529087752
582.1,1,0.5380411343296795,0.04536206423491483,0.5679256864629789,0.018924760812840113,0.03074376186513683,0.034899197671463066
582.2,1,0.4520104250662612,0.06522808444701972,0.5346184094702977,0.01881158959312711,0.030078815434612275,0.034827905062936156
582.3000000000001,1,0.34868084361243057,0.08381843240807688,0.49511761868982956,0.018837663939396797,0.029917453828894266,0.03584539804895395
582.4,1,0.24550376485427083,0.0982331799377878,0.4526128038076065,0.019002487381220942,0.030116313810937847,0.03761993187848366
582.5,1,0.15971527499946658,0.1076719061339377,0.40650206693678703,0.019265643654362584,0.03061133704193443,0.039514804856069896
582.6,1,0.09999455101757183,0.11315459155525102,0.3530505104482639,0.01959771440181575,0.03135669475685073,0.04089305312714715
582.7,1,0.06459272297274206,0.11633621379023482,0.2905934476866531,0.02003135307748067,0.032249871951740235,0.04138976961886615
582.8000000000001,1,0.04599811249388009,0.1186119107429641,0.2241018023801937,0.02067071208570262,0.03313807414676523,0.04102011561182941
582.9,1,0.036878965585841826,0.12095252317303579,0.16376193937180392,0.021628056324855486,0.03386284410816302,0.040090256109318184
583.0,1,0.03295232384190768,0.12415106329416019,0.11851411710967798,0.022900852369738028,0.03424588601349492,0.03897338239059329
583.1,1,0.03265784540897983,0.12922849532391315,0.09084768771509719,0.02429199062443071,0.0340324289110012,0.037906239541461474
583.2,1,0.03572632336656054,0.13813201944480236,0.07706593029826327,0.02548499324010207,0.032925593293712675,0.03694703607401165
583.3000000000001,1,0.04198663707310626,0.1548356013758046,0.07114875452823553,0.026234620511973304,0.03077874910922728,0.03606961435051601
583.4,1,0.05057822203605069,0.18616456962586328,0.06807373301558546,0.02649343925105833,0.027816570929401485,0.0352416584749523
583.5,1,0.0596446186281545,0.24042197517910663,0.06504979516316568,0.0263527823777794,0.024657282380348134,0.03441155011796357
583.6,1,0.06680268577354072,0.3222121443136455,0.06173437603767294,0.02585572500843667,0.02204630399962805,0.033482099642470266
583.7,1,0.07022877105047491,0.4259733035854956,0.0606251792383655,0.024863259456254626,0.02047284340593489,0.03236642110092246
583.8000000000001,1,0.06954723952690303,0.5350811434509309,0.06753592751268092,0.023139507110530044,0.01995663623956461,0.031102987238164792
583.9,1,0.06584520288952701,0.6300207644664088,0.09070640615262317,0.02063577669527461,0.0201361772338974,0.02991364077223923
584.0,1,0.06093242370850272,0.6993456616422274,0.13696831781236835,0.017704167049052134,0.020537518958421305,0.029121625673261275
584.1,1,0.05645440157560352,0.743648958354803,0.2059994030520503,0.014973827277096393,0.020801183884674973,0.02896708118586691
584.2,1,0.05334981734039362,0.7707031645904742,0.28742995539501054,0.012979145762855951,0.020737349573486198,0.02944954986823019
584.3000000000001,1,0.051810914945996,0.7884251171987879,0.36496912896716655,0.011911609646532668,0.020244485407051413,0.03031545497283277
584.4,1,0.0515982823427474,0.8016068484256066,0.42526789260252357,0.011687166921423802,0.01923637553618276,0.031201491691465293
584.5,1,0.05236729413624335,0.8124025671740216,0.4641224013274041,0.012145556941824773,0.01769520066757755,0.03181366728704922
584.6,1,0.053755887318029015,0.821704124293695,0.4855646593642349,0.013124871320898901,0.01581224234116561,0.03199351737548424
584.7,1,0.05531326802670854,0.8298739180143944,0.4965276263537066,0.014402218546874446,0.014036061565790939,0.03166402653527779
584.8000000000001,1,0.056531394256534466,0.8370034753990225,0.5025115323269184,0.015690311264522385,0.012892981852559132,0.030794616836471545
584.9,1,0.057056402052979224,0.8431034702555142,0.5065217954304323,0.016803093482744173,0.01267318564664612,0.029462116175973434
585.0,1,0.05687609452745663,0.8482486496041135,0.5099039628678961,0.0178867284467957,0.013255707987479203,0.027905254878949598
585.1,1,0.05628109470162141,0.8526039630074607,0.5132014518347207,0.019505171672608693,0.01424029399758194,0.026452790191912847
585.2,1,0.05564748961288767,0.8563629017295793,0.516504774447207,0.022424587837189758,0.015240446883833865,0.02536698844699147
585.3000000000001,1,0.055237436841638045,0.8596703606691712,0.5196110401446267,0.027111772097886663,0.016045478211500354,0.024736364357512523
585.4,1,0.05512021704878686,0.8625686299594256,0.5222243751393608,0.03325881336332572,0.01657063991799263,0.024469089420147475
585.5,1,0.055174487922020794,0.8649604936828628,0.5241440925937269,0.039820974056171014,0.016777006158846898,0.024341629856586625
585.6,1,0.0551029380428816,0.8665114262631488,0.5253437148056527,0.045667902185650686,0.016694029143765613,0.024075765043019233
585.7,1,0.0544469225909542,0.866283129908579,0.5259437695755385,0.0502635577750084,0.01645525997319534,0.023460130618233103
585.8000000000001,1,0.05268040862299356,0.861784043569262,0.5261427567936263,0.05374071674639687,0.016236675235771183,0.02247788596601097
585.9,1,0.049465461152439695,0.8474336131733591,0.5261450871337782,0.056456797730693495,0.016170291102295283,0.021327833037489446
586.0,1,0.044927512807354034,0.8136777450878455,0.5260610666199755,0.058615730830557405,0.01637773402927775,0.020290212796932924
586.1,1,0.03961762971371692,0.7493756091819691,0.5256927470216937,0.06025335957433465,0.01717787363062713,0.019545410088681856
586.2,1,0.034115725104969276,0.6488282266222749,0.5240577428509262,0.061396122090780374,0.01948178828227467,0.019095467700375495
586.3000000000001,1,0.0287129674866276,0.5195535221082621,0.51852974764419,0.06213528126320078,0.02546398188962187,0.018811583533236444
586.4,1,0.023510026471267043,0.3828469576792108,0.5039536236589344,0.06258173005296622,0.03946956791174321,0.01851176009858416
586.5,1,0.018686122289359064,0.2638409754281311,0.4730714692560677,0.06280346703034348,0.06828788791382749,0.018000350294776868
586.6,1,0.01453917163665561,0.1784506310634298,0.4198192632163193,0.06281976462248424,0.1189812412859644,0.017104197658684005
586.7,1,0.011307064106234232,0.128082212363723,0.3447067186318322,0.0626459614817253,0.19369508109388459,0.015757413809220213
586.8000000000001,1,0.009030321006100833,0.10428235203294921,0.2578244538877044,0.06233731738846872,0.2849525438964778,0.014084896697507463
586.9,1,0.007553067192772726,0.09632933626736662,0.1751610547636746,0.06199054286402103,0.37701521526897963,0.012368552912436178
587.0,1,0.006592559612705774,0.09560678292077977,0.10998988286337451,0.06170540233355592,0.45400934568551404,0.010884050799043685
587.1,1,0.005836265758783257,0.09657931759854943,0.06658598816283588,0.061543187411052844,0.508166287806537,0.00975224745641946
587.2,1,0.005054973333666858,0.09650682731190438,0.04102355307320102,0.061513223582641004,0.541329385408305,0.008933763536461603
587.3000000000001,1,0.004174202943968973,0.09474824443863217,0.02644876085511197,0.06157927959074324,0.5601809205149609,0.008323930270254956
587.4,1,0.0032683343460493093,0.09173418649921065,0.017319763299271016,0.061642888264030984,0.5709507227593292,0.00782177820399991
587.5,1,0.002527176081617276,0.08804650505625976,0.010467397091011663,0.061464194707964145,0.5774366049361613,0.007345328470334011
587.6,1,0.0022269398612112133,0.08404765883308116,0.004422458916336401,0.06054497725219089,0.5816160799801174,0.006853018848452803
587.7,1,0.002646891688267222,0.079967676315719,0.0,0.05812742315500402,0.5846170825573533,0.006364779023585416
587.8000000000001,1,0.00391547798527613,0.0760587793921427,0.0,0.05352006811736437,0.5871236593209002,0.0059167324214666065
587.9,1,0.005905813184260094,0.07257796214624071,0.0,0.04669289420975069,0.5894789316146014,0.005484995784670171
588.0,1,0.008279152961888685,0.06965823437974765,0.0,0.038618183801042885,0.5917910621977027,0.004998854921806699
588.1,1,0.010624959049749909,0.06723304023007945,0.0,0.030856897722763336,0.5940405309781988,0.004443369724098589
588.2,1,0.012606490502439695,0.06508480374920712,0.0,0.024646316828666692,0.596137869241301,0.00390897102687419
588.3000000000001,1,0.01406669917046642,0.06296856557454854,0.0,0.020328499052561018,0.5979643160345659,0.003518465480757718
588.4,1,0.015036530788909675,0.06072598169387108,0.0,0.01753678876850263,0.5994257285027375,0.0033268295154456995
588.5,1,0.015615841782345256,0.05833904794017134,0.0009120964730908162,0.015728154070710536,0.6004815348884434,0.003303237216049958
588.6,1,0.015834436955107847,0.055913533464772736,0.0008142992120545993,0.014498602229947932,0.6010951794778281,0.0033902599217119187
588.7,1,0.015640953281995912,0.053608065345743944,0.0,0.013597508126409925,0.601079398093931,0.003563560826678775
588.8000000000001,1,0.01501012594882201,0.05154552812469545,0.0,0.012864045674878755,0.5997526324528126,0.0038401264719229926
588.9,1,0.014017807089652917,0.04974485573561332,0.0,0.012203194794516913,0.5951955721128522,0.004249613373244766
589.0,1,0.012791925272513556,0.04807801191551491,0.0,0.011562594090759104,0.5831313378706906,0.0048327453181602606
589.1,1,0.011416802367073865,0.046238318537189675,0.0,0.010890007284811118,0.5564530581507238,0.00571748226023127
589.2,1,0.00992825270071111,0.04376929218520343,0.0,0.010129573288810582,0.5073646784192339,0.007220805599715074
589.3000000000001,1,0.008407025391853605,0.04026437558656057,0.0014174941738184425,0.009296880189063623,0.43274610511499767,0.00980339700516237
589.4,1,0.0070316789134964655,0.03570075950079123,0.017425878849398987,0.008574715481026372,0.3392413223148681,0.01375715227214014
589.5,1,0.005991478946411851,0.030597706084245745,0.03824491276012537,0.008324578954409289,0.24235451032907,0.01880855883501238
589.6,1,0.0053260764593217585,0.025749288203171693,0.05961361614184408,0.008967069981657628,0.15852084912165315,0.024061546177840284
589.7,1,0.004845556194872167,0.021780810576886373,0.07721218295652031,0.010765849733515668,0.09671838209869253,0.028459607999816713
589.8000000000001,1,0.004226460557964481,0.01903737628642854,0.08893534473252802,0.013607211367869979,0.056668987634576035,0.031400962786931816
589.9,1,0.003233393106772198,0.017847559160860362,0.09528459306657938,0.016921720987721243,0.0331092721881165,0.03298849727248519
590.0,1,0.0018680178267925138,0.018802965987830326,0.09807569126890857,0.019875749016933543,0.020383618483707087,0.033811409941844575
590.1,1,0.00026601340270070937,0.023073391152656494,0.09903965940342184,0.0217764406319132,0.014162924003778275,0.03454716207924548
590.2,1,0.0,0.03326719632648566,0.09926215570984763,0.02241827889463581,0.01137984768289499,0.03565294034255072
590.3000000000001,1,0.0,0.05468216345552141,0.09927504301144562,0.022112187788485765,0.009989460355982591,0.03722862661765448
590.4,1,0.0,0.09515515503100484,0.09931242984757979,0.021402507387968873,0.008782732376195436,0.03905159166680321
590.5,1,0.0,0.161327279827898,0.0994948788445811,0.020726450399259515,0.007121729090996342,0.0407563683369127
590.6,1,0.0,0.25224007791034936,0.09990210393558084,0.020261392436204985,0.004777408197500066,0.04206272272205073
590.7,1,0.0,0.3557985216312431,0.10055869839008985,0.019987486028238577,0.0019440779188329138,0.0429084930238323
590.8000000000001,1,0.0,0.45322995098085045,0.10138469038292344,0.019823314716770377,0.0,0.043412295042239854
590.9,1,0.0,0.5291721539901073,0.10217860497497509,0.019712425798086585,0.0,0.04373540798579713
591.0,1,0.0,0.5788719334078837,0.10268832218727557,0.019649777061601786,0.0,0.04397880019717571
591.1,1,0.0,0.6072214721060795,0.10275915189608043,0.019687010653526425,0.0,0.04417264914683659
591.2,1,0.0,0.6225976847266342,0.10245315280163925,0.01991990736313193,0.0001764547436842054,0.04431047553616083
591.3000000000001,1,0.0,0.6317629053692263,0.10201503650129658,0.020430103150386774,0.0031768572200252575,0.04437273610472207
591.4,1,0.0,0.6386473008934528,0.10166499741878963,0.021201684113456735,0.006053985341067884,0.044331925919194264
591.5,1,0.0,0.6456684419687295,0.1013186364229868,0.02210358793863687,0.00814869192117302,0.04413510010832727
591.6,1,0.0,0.6552806296890678,0.10034684738846933,0.022982311602966883,0.009178783081871075,0.04364093050463961
591.7,1,0.0,0.6703104581629137,0.09745847634964822,0.023766906167323475,0.009288331933068106,0.042534684243985016
591.8000000000001,1,0.001365805975218877,0.6926498619689114,0.0909093517849717,0.024459586291335392,0.008883784449800198,0.04034634435263128
591.9,1,0.006660553951091479,0.7213315601638753,0.07936296505696167,0.025027790560153907,0.008381507761930772,0.03670144276396376
592.0,1,0.011686996636578389,0.7522834484406109,0.06325811382385967,0.02531535748755761,0.008029090454799633,0.03171741851828502
592.1,1,0.01642621951201672,0.7808045848262163,0.04561300945314799,0.0250409690676331,0.007883495033791064,0.02619151522573324
592.2,1,0.020993332962181418,0.8045683569010182,0.03125938710058245,0.02389088114550794,0.007897482643991578,0.0212952859143726
592.3000000000001,1,0.02534741853790562,0.8241261749124391,0.02504059654007979,0.02169884609977319,0.008007773722102277,0.01794500450636568
592.4,1,0.02921480069251815,0.8409410866860794,0.030369930471493507,0.018631674982310664,0.008177679366476858,0.016345047124551294
592.5,1,0.03229990021607912,0.8555858473127826,0.04837344728914578,0.01521646193014491,0.008423018302597108,0.01600805379907163
592.6,1,0.034533171638346676,0.8676254520242096,0.07699394825515926,0.01215335129847855,0.008851495643240745,0.016127662943473918
592.7,1,0.03609312323279379,0.8762763519783948,0.11071774335429711,0.010092331249817208,0.009692324555130343,0.01599537823684811
592.8000000000001,1,0.03721585051224103,0.8804897538859823,0.1423874842054966,0.009593682835423067,0.011245684771994344,0.01525468938744174
592.9,1,0.03802122508472041,0.8784006407158496,0.1665387855371163,0.011226132270238203,0.013697252123079737,0.01394003062836296
593.0,1,0.03851080360259058,0.8672763753078382,0.18154097134276195,0.015488976531181997,0.01686919576351308,0.012342816120811107
593.1,1,0.038688677257329274,0.8450695739316885,0.1889496537773886,0.02238237107085437,0.02013513931462075,0.010804899510469748
593.2,1,0.038664428116738654,0.8130175537258039,0.19135800468314523,0.03097481080193674,0.02268187191304487,0.00956593739801058
593.3000000000001,1,0.03862793198962945,0.7767245005429196,0.19088809934143564,0.03957944135667838,0.023990148041707873,0.008747313828219746
593.4,1,0.03868172032250571,0.7437855367619004,0.1889454981737869,0.046607778789060035,0.024148592150999324,0.008448370056445114
593.5,1,0.03866355075453683,0.719575147255395,0.18651408695803773,0.051370915296002205,0.023746388164770007,0.008838283827935714
593.6,1,0.03815628131967879,0.7049604455276854,0.18434974003096113,0.05412454848857041,0.0234766353906595,0.01012292297633559
593.7,1,0.0367373178434629,0.6974270700846681,0.18303231703637055,0.055495471197037356,0.02377717207662237,0.012367734185937087
593.8000000000001,1,0.03430128637309256,0.6935558902396431,0.1830087930537216,0.055973738179699244,0.024697466742507734,0.015316623579122193
593.9,1,0.031209473000943247,0.6902130784886019,0.18460246710350184,0.05584108855883539,0.025980971394365615,0.018417255997018322
594.0,1,0.028128788072719835,0.683769766921704,0.18791403387052744,0.05533366761984778,0.027280113889620924,0.02109990412885157
594.1,1,0.025665824913358205,0.6684880834810442,0.1926967701689601,0.054713078330242,0.028381802143850353,0.02308206750501095
594.2,1,0.024081472021581937,0.6361356372283995,0.19841439451585696,0.05419258239203559,0.02928555484078039,0.024424347140332217
594.3000000000001,1,0.023253572616314347,0.578887694657377,0.20460085300491876,0.05386526385787051,0.03008162854339748,0.025327952720462937
594.4,1,0.022784400245833534,0.4952613261868805,0.21144636851367432,0.05372050745545836,0.030782068241029473,0.025916097194973235
594.5,1,0.02211689941261568,0.3945613041231059,0.22045857130318006,0.05370439777549192,0.03129817772634655,0.026198147533585757
594.6,1,0.02070102261434414,0.29425318795919986,0.23489098347676637,0.05376067139036868,0.03156189561752878,0.026179055009117984
594.7,1,0.018257360915567053,0.21073743724411234,0.25909011356474165,0.0538429946710719,0.0316214570574289,0.025939544217737646
594.8000000000001,1,0.014993153273514385,0.15131488204470128,0.29589115493007695,0.053917880113695416,0.03161284014261472,0.02560009475867411
594.9,1,0.011571010017197297,0.11384125851653619,0.343138626305251,0.05396809126925177,0.0316825082736185,0.025245730300873345
595.0,1,0.008946729702994736,0.09208137927315642,0.3928376554738422,0.05398938318164142,0.03196693646363464,0.02491357733223806
595.1,1,0.008611027762052565,0.08040301547609949,0.4351388679222854,0.05396460358317938,0.03261015261195306,0.02463211948865389
595.2,1,0.01371357189556401,0.07504958379134122,0.4642587141018124,0.05380220837009762,0.03372113495832667,0.02444015498096648
595.3000000000001,1,0.030481744377954607,0.07363894730894008,0.48094201301951534,0.05324022537982075,0.035257875013818066,0.02437221726167999
595.4,1,0.06774169900283553,0.0747563019376244,0.4899154140406567,0.05176042887449881,0.036965917839883566,0.024447594297065264
595.5,1,0.13243908643751445,0.07785231682001634,0.4958204875740582,0.04865098438394362,0.038492604213737534,0.02466923513533356
595.6,1,0.22282218228857245,0.08299876439870187,0.5012300932251165,0.043373805843197145,0.03960957427199948,0.02500774316218972
595.7,1,0.3255277498508856,0.09031774769240526,0.5069517881793765,0.03611614496379951,0.04033354618715968,0.025376913121919233
595.8000000000001,1,0.42131358728140295,0.09931751148839092,0.5129261391243993,0.02801005633344751,0.04085074813812741,0.025639868916803917
595.9,1,0.4958010278849359,0.10871919900062013,0.5187660867436211,0.02062167230654704,0.04138463284252083,0.025648575856579835
596.0,1,0.5459768367699103,0.11720461023840816,0.524029145159811,0.015058045193348467,0.04216426943162812,0.025270340067430824
596.1,1,0.577823862130866,0.1247040921255956,0.5284033079201457,0.011497680898917466,0.04342866424619929,0.024392068678155337
596.2,1,0.5993202752285014,0.13312927958119758,0.5317574108534493,0.009454712606749188,0.04530589500021179,0.022964295808419702
596.3000000000001,1,0.6156066156696474,0.14561628563411064,0.5340567340964147,0.008322911271633088,0.047621689135433465,0.021106622792558014
596.4,1,0.6285438353299766,0.16435059211868855,0.5352838138250947,0.007675946184220648,0.049880890302521276,0.01917121014940663
596.5,1,0.638424646202267,0.18839690712737633,0.5354588719694306,0.007267658488363959,0.05149091298419834,0.01764631800468588
596.6,1,0.6453770269654526,0.21358755059472467,0.5347078539312954,0.006946304947537582,0.052012489436944115,0.016930123894871276
596.7,1,0.6498514527347055,0.23501800936578887,0.5332655446795238,0.006609986593298279,0.051262806813924394,0.017133772240222212
596.8000000000001,1,0.6526145571374863,0.2499911389423903,0.5313313676722745,0.006201601078838112,0.04933659698205371,0.018040783679228987
596.9,1,0.6545751476002934,0.25880332756052316,0.5286870825856225,0.0057125625704966525,0.046630984775154406,0.019230581398758956
597.0,1,0.6565197707329253,0.26333091237239,0.523925978069888,0.005171242119627594,0.0437933523644037,0.020286951732025094
597.1,1,0.6588475256085239,0.2653984571822225,0.5133766622229513,0.004611029167042141,0.04151867252833695,0.020976292562444498
597.2,1,0.661479000393077,0.2661898580016603,0.49067508341923005,0.004039109469490101,0.04031075947297727,0.021296716465840297
597.3000000000001,1,0.6640390779887142,0.2663919695823383,0.44873842216375875,0.003418264545682565,0.04036866851362362,0.02139026419314852
597.4,1,0.666183741245406,0.26640374418834656,0.3846631410304897,0.002643449708536694,0.041597164503019236,0.021415902522217894
597.5,1,0.6677734531229929,0.2664270517590987,0.3044178533473728,0.0015097269182342288,0.043636605350865124,0.021487498164406392
597.6,1,0.6686229675872356,0.26652449173513254,0.2221834328955956,0.0,0.045899147212629096,0.021687197911621256
597.7,1,0.6676826613246502,0.2666800551793666,0.15320821516252708,0.0,0.04770091705000868,0.02208505593566825
597.8000000000001,1,0.661717562438483,0.26683964113703035,0.1059039738444769,0.0,0.048507724312160716,0.02271358036954896
597.9,1,0.6442067472852565,0.2669224549498902,0.07995892179752534,0.0,0.04814933060819258,0.023531689246940764
598.0,1,0.6062168182431571,0.266809026745356,0.07080833917850407,0.0,0.04682725471573402,0.024453471783153918
598.1,1,0.5408583640194274,0.26632144070478153,0.07498016245730078,0.0,0.044909750375394006,0.02543524236590521
598.2,1,0.4497694925482038,0.26524655927052776,0.09158703225412808,0.0,0.042698653543592306,0.02650662389749154
598.3000000000001,1,0.34595900077876063,0.26344275633257286,0.11984744576469629,0.0,0.040350832646495916,0.027683002184546036
598.4,1,0.2484175480889626,0.2609301153955477,0.15596702770751078,0.0,0.03794481388163935,0.028868488860161686
598.5,1,0.17169401962269434,0.25773905581351003,0.19287502359099495,0.0,0.0355364999563221,0.029884173021838677
598.6,1,0.1194263020996143,0.2534207125001936,0.223376153831103,0.0,0.033132865846006145,0.03058438861386729
598.7,1,0.08651789079641284,0.246473641564393,0.2438000425482041,0.0,0.03069205731704723,0.03092628744492145
598.8000000000001,1,0.0657377695262616,0.234296839314104,0.2549120306670353,0.0,0.02823702799878778,0.030953136787292435
598.9,1,0.05213936911476005,0.21434673318106,0.25993027745360936,0.0,0.025971437479247416,0.030740313572193815
599.0,1,0.04345127414447872,0.18632305433903135,0.26206799483747545,0.0,0.024251875119132613,0.030335526470137538
599.1,1,0.038643365008174356,0.15360093279849918,0.26353088840847405,0.0,0.023453853196135317,0.029723530801137175
599.2,1,0.03676561881099045,0.12195824283393766,0.26597687836577255,0.0,0.023837440390107892,0.028874589032737995
599.3000000000001,1,0.03656853786742509,0.09627147563760921,0.2714773544116998,0.0,0.025416987328779304,0.027871339288112744
599.4,1,0.03665408508657564,0.07823386998667187,0.2830280770508263,0.0,0.027864887859647487,0.02698479201588629
599.5,1,0.03586942091804104,0.06679216528283564,0.3037350473701791,0.0,0.030590704796402062,0.02657575135038979
599.6,1,0.03371642825830178,0.059934912312436375,0.33448054872866684,0.0,0.03301293576950785,0.026873028066490622
599.7,1,0.0305315284162817,0.05587812228055804,0.3717753247175259,0.0,0.034792499839221315,0.02782632908983724
599.8000000000001,1,0.02722657770264776,0.05332595441971221,0.4085358859255329,0.014878590266161675,0.03582698834063078,0.029166648271840175
599.9,1,0.02468754517530114,0.05142899177227724,0.4380816342157575,0.030390682903405287,0.03608973520135745,0.030600475871588883
600.0,1,0.023237153364786926,0.049737902546888216,0.4579123027484518,0.043746178798583404,0.035543853497388145,0.031949412792877954
600.1,1,0.022482423032768848,0.04810303334310368,0.4699096123372686,0.053547993931789634,0.034216773596971256,0.03313430187055632
600.2,1,0.021559364311526663,0.04652895283082787,0.47757906228206265,0.05966085429259935,0.03231593180145121,0.034079475064468075
600.3000000000001,1,0.01963797140594458,0.045065535925014735,0.48350725981066034,0.0629697739076889,0.030236891836614908,0.034689499316017725
600.4,1,0.01647020624407473,0.043752937565845466,0.48876980554585436,0.0647333585318932,0.02843983827011275,0.03494554141046768
600.5,1,0.012614061155415319,0.04258798639520316,0.4935087312070415,0.06598945337550521,0.02727877900479027,0.035009414046580506
600.6,1,0.00908852770219059,0.04150018048802997,0.4973671979203002,0.06729911020951262,0.026876347402676044,0.035237061395626657
600.7,1,0.0067332719975049275,0.04035672953285895,0.4995548118943677,0.06880709295650675,0.027099334278794424,0.03617140146708376
600.8000000000001,1,0.005848450929118516,0.03898273849470933,0.49913288717736903,0.07043431575242867,0.02765387802836025,0.038568786401472654
600.9,1,0.0063208640709836,0.03714681396873782,0.4957692434925265,0.07204300210670511,0.028257384163737874,0.043245165295873925
601.0,1,0.007899453376984571,0.03453897704939979,0.4903248873398983,0.07351239908249438,0.028767361882871365,0.050536128314537826
601.1,1,0.01027345912410323,0.030887760160071998,0.48450649063420903,0.0747453250656041,0.029163356245682066,0.059730095899250275
601.2,1,0.013020899981206256,0.02626389781640158,0.4798075574463339,0.07566468541173348,0.02942711647386955,0.06921766269082524
601.3000000000001,1,0.015671849726181165,0.021293343007542636,0.47677408853828024,0.07623930445316326,0.0294827268997387,0.07751410233629373
601.4,1,0.017877757676874204,0.016931730261110566,0.4751407070134357,0.07652277159662302,0.029269105046443936,0.08437174054525656
601.5,1,0.019481206789123556,0.013904458847026282,0.4743588256511164,0.07666063192369611,0.028828452444223083,0.09116885320263811
601.6,1,0.020448456777891727,0.01233521621499481,0.4737997552362197,0.07684363328071475,0.028276196996049476,0.10066559184350372
601.7,1,0.02082021825327751,0.011861505606002324,0.4723703006483387,0.07721602090821442,0.027696542894137907,0.11661924052510007
601.8000000000001,1,0.02074414256865941,0.01199982036515883,0.4676219363678279,0.07775944369837447,0.02710767304497555,0.14289721193420848
601.9,1,0.020495758867766032,0.012389570224780337,0.4547789215088256,0.0781787575246417,0.026515422554039703,0.18121555968863676
602.0,1,0.02041452038315598,0.012827194534280188,0.4269023477521448,0.07782672806615942,0.02593407727435859,0.22844079387772365
602.1,1,0.020772004340382268,0.013212601648124576,0.37772006620732623,0.07572867923069697,0.02531418968576388,0.2766141997136659
602.2,1,0.021639334060774378,0.013496612040718,0.3067023919365248,0.07080175986630004,0.024477677710872742,0.31707776924843745
602.3000000000001,1,0.022852917684328577,0.01363246775524288,0.22251341127311722,0.06232396002985349,0.023192985819983795,0.34531709603498045
602.4,1,0.024124571593087275,0.013528061556941471,0.14048264094576707,0.05050273886201645,0.021385953982993127,0.36211209260900173
602.5,1,0.025187298145108773,0.013028175340820566,0.07475686375556227,0.03674258196495378,0.019318093857619147,0.37095580376029985
602.6,1,0.02584615939263607,0.011961264047972871,0.031394552613208684,0.023250111890693835,0.017539215915924014,0.3751847736130029
602.7,1,0.02598506506529864,0.01024599994880018,0.007752519028573988,0.012085804933822381,0.016594296713628876,0.37699252108834025
602.8000000000001,1,0.025626761394275836,0.007991760351739622,0.0,0.004283608005611202,0.016700420998645698,0.3777379347352614
602.9,1,0.02495613603193906,0.005502338723100264,0.0,0.0,0.01766347287057487,0.3783110157214192
603.0,1,0.02419467848183778,0.0031526486997363085,0.0,0.0,0.01909183822267805,0.37921050950266644
603.1,1,0.023446363284445593,0.0012214125361991628,0.0,0.0,0.02069153232639976,0.38055951309076225
603.2,1,0.0226958763838812,0.0,0.0,0.0,0.022375831785968598,0.38220945525249844
603.3000000000001,1,0.021927795480280565,0.0,0.0,0.0,0.024144191819719253,0.38388330427656187
603.4,1,0.02121866288342015,0.0,0.0011694708278446328,0.0,0.025931899928931676,0.38528946348650256
603.5,1,0.02075046154680069,0.0,0.001145925338646468,0.0,0.02761992041301891,0.3862156663065669
603.6,1,0.02076027000462611,0.001598449315275801,0.00042070913607167597,0.0,0.029158321909285585,0.38661481570541895
603.7,1,0.021407614344308046,0.005827892479212425,0.0,0.0,0.0306202970915869,0.3866123553727701
603.8000000000001,1,0.022604107013177017,0.012277815734828864,0.00042688669712203487,0.0,0.03212582587551543,0.3863611799612439
603.9,1,0.023990705403550937,0.020286293946549246,0.0023938960221077457,0.0,0.03373492448422798,0.3857857324539848
604.0,1,0.02515838520878105,0.028442229225395223,0.005774563348054706,0.0005233217064898193,0.035392354927123656,0.3842891326973207
604.1,1,0.02590604087421898,0.03527848362751948,0.010043008384794683,0.00253112138357602,0.03691811494305942,0.3803278105521093
604.2,1,0.02626555237172175,0.0400275888075099,0.014249557714886627,0.0037856266024225934,0.0380527682169732,0.37078474596010685
604.3000000000001,1,0.02630369965186396,0.042808606229943355,0.017283924162150147,0.004248091765790682,0.03859075694877297,0.35076937252741314
604.4,1,0.025916654748881978,0.04423073449701963,0.018286894311243824,0.004117039186272747,0.03852941431532114,0.3152723723726503
604.5,1,0.02477846771789899,0.0449018417910996,0.016977579451290914,0.0036722774085876614,0.038075190444338484,0.26303421523901716
604.6,1,0.022506868166528134,0.04520892058471289,0.013710067101345447,0.0031412548770436413,0.037484463031297995,0.19977340861188972
604.7,1,0.019009992537168032,0.04534929920701911,0.009272146924661872,0.0026488699906569483,0.03691736946563599,0.1366906621898839
604.8000000000001,1,0.014767890792257762,0.04542779522346493,0.0045648699859115105,0.0022383441686423425,0.03644821586901159,0.08439377293390055
604.9,1,0.01072035732589641,0.04551504736166605,0.00030575331656683245,0.0019096932920282697,0.036165446402241355,0.04760361607427599
605.0,1,0.007774770024889222,0.04566256251726469,0.0,0.0016400071699345686,0.036216077851924065,0.024909736628847823
605.1,1,0.006367280440338289,0.04589659077039336,0.0,0.001390729662291161,0.036760011845290416,0.012127523449321338
605.2,1,0.006401080814819884,0.046208566119067346,0.0,0.0011210850455793003,0.0378981514433719,0.005318149177670364
605.3000000000001,1,0.007440153873294146,0.04656125664485764,0.0,0.0008093554461240302,0.039655333975001365,0.0018407507410653952
605.4,1,0.008935363123922273,0.04691859002132149,0.0,0.00046658175424164845,0.04211152630979515,0.00019800293275984928
605.5,1,0.010439547253514361,0.047273452217498686,0.0,0.00013086861725310079,0.045730227720927184,0.0
605.6,1,0.011744526963073418,0.04763419812248558,0.0,0.0,0.05167692945652611,0.0
605.7,1,0.012815965146199445,0.04797821277948898,0.0,0.0,0.061611181619104206,0.0003713783459166593
605.8000000000001,1,0.013618787429872766,0.04823722563015571,0.0,0.0,0.07665894692983052,0.0012566145480120818
605.9,1,0.014061847800786361,0.04834167132679262,0.0,0.0,0.09626381378692443,0.0021588830880303997
606.0,1,0.014073835645791148,0.04824125515341213,0.005033601554158221,0.0,0.11827901702283927,0.002860133305122683
606.1,1,0.013656183377089782,0.047811561435958536,0.019013063603245683,0.0,0.14055311200992096,0.0033128205541039383
606.2,1,0.012905199610790815,0.04673877669244635,0.04420010544667745,0.0,0.16229223121031752,0.0037680130745419405
606.3000000000001,1,0.012092934631973161,0.0446241384846341,0.08151864474403125,0.0,0.18355499842483014,0.004830895672777102
606.4,1,0.011721810432254117,0.041356675757862525,0.1269395459043513,0.0,0.20369465056135655,0.007352778249460626
606.5,1,0.012358644122883395,0.037402239608048324,0.1725740949072267,0.0,0.2209325409445212,0.012079960374046505
606.6,1,0.014266333742545826,0.03362116181168369,0.2109056176492814,0.0,0.23357134952147093,0.019143171894991685
606.7,1,0.01713601043129803,0.03073134917058971,0.23863533475907844,0.0,0.24126373980580898,0.027734403272949182
606.8000000000001,1,0.020210318124263122,0.028938155836359128,0.25703718559064254,0.0,0.2450314518135366,0.036338956083655304
606.9,1,0.02275147064418416,0.028013078407291826,0.2695485004819063,0.0,0.24638596152985393,0.043465584593374566
607.0,1,0.024477851131011023,0.0276041334792074,0.2795987195382463,0.0,0.24657492450065108,0.048341056616613066
607.1,1,0.025622477510064412,0.027448163256387593,0.29001570755189116,0.0,0.24637740919196802,0.05107672838109966
607.2,1,0.026622843905771788,0.02740201862956521,0.30283969532097693,0.0,0.24621095658323652,0.05231807809117995
607.3000000000001,1,0.027741302788091265,0.027391782692721807,0.3185366761219474,0.0,0.24624929262448872,0.05276898567564253
607.4,1,0.028876837452190433,0.027365706643282268,0.3355532585677665,0.0,0.2464843473129024,0.052918980827343316
607.5,1,0.029603310088755462,0.027274459431948447,0.3514556934857653,0.0,0.24678762114455063,0.05301372998629042
607.6,1,0.02933826423398188,0.027077523984104145,0.36486565987430364,0.0,0.24698757329509105,0.05313394913410917
607.7,1,0.027591902739687365,0.026760561658932935,0.376173197510613,0.0,0.2469335955773819,0.05326459858121076
607.8000000000001,1,0.02427972716140447,0.026332739088076887,0.38654494843114345,0.0,0.24650980890242957,0.053320901518101003
607.9,1,0.019941385336154745,0.025790080127693477,0.3967115002352154,0.0,0.24554044878925801,0.05314772368578636
608.0,1,0.015611060289859108,0.025090144877542304,0.40672553488307944,0.0,0.24353443222511933,0.052523586826573224
608.1,1,0.012342223195640769,0.02420370301612928,0.41635083927391103,0.0,0.23937710360832712,0.051203910141802
608.2,1,0.010765936202448888,0.023210878015842634,0.42530491310690344,0.0,0.23135479339766632,0.04901779303468146
608.3000000000001,1,0.01102578375330248,0.02230170698775085,0.4332419749886321,0.0,0.2179242345676582,0.04598338137987149
608.4,1,0.013016699919284896,0.02162630041753134,0.43973021478949037,0.0,0.1989791363347615,0.04236855534560361
608.5,1,0.01659384497624992,0.021150655656425352,0.4442457319892421,0.0,0.1764154480963199,0.03864078974154845
608.6,1,0.021544973311373082,0.020690147260015296,0.4461277405294915,0.0,0.15300274354149263,0.03531490966400866
608.7,1,0.027409902376984697,0.02006042891725883,0.44476633558100875,0.0,0.13044563583256563,0.03276778776726679
608.8000000000001,1,0.033404092054340306,0.01915656539997124,0.44027996872985864,0.0,0.10882097461142738,0.03110535807768895
608.9,1,0.03862204042714074,0.0179302275704065,0.4341306492276836,0.0,0.08801075964868318,0.03014345388282158
609.0,1,0.04243140707179324,0.01639541682748893,0.4286275291553628,0.0,0.06914956798301067,0.029519409057596688
609.1,1,0.04477704341147986,0.014694236740291671,0.4253704132556373,0.0,0.05421335245032663,0.02889636570225618
609.2,1,0.046161050306502416,0.013090927783587175,0.42419892659350855,0.0,0.044418913518328766,0.02817077973523519
609.3000000000001,1,0.047280346169155954,0.011833276160332681,0.4237115308573758,0.001383611422047472,0.039360124278698456,0.027566032652412642
609.4,1,0.048541198719478075,0.011014176171808056,0.4224003489241273,0.0034082487105531706,0.03751432781718926,0.02751678213355766
609.5,1,0.04978790284619214,0.010570691583859307,0.41889784838681676,0.004452290488612286,0.03724138769624207,0.02836234475249417
609.6,1,0.050444224152696816,0.01039423799166817,0.4114545197582276,0.005038074170813586,0.037392954928304536,0.030053637298506006
609.7,1,0.04993467023309803,0.010458828396983545,0.39811470525254355,0.005481154119228739,0.03740851456261795,0.03214380885780811
609.8000000000001,1,0.0480400157949511,0.010953126116194567,0.37824056057483774,0.005953948945683324,0.037162184264234635,0.03410561802998102
609.9,1,0.04495541181913426,0.012435267974333305,0.3540093047981299,0.006548965267724145,0.03678083607697236,0.03569760499857692
610.0,1,0.04110930866486296,0.015891997190563747,0.32989703841686535,0.007287611981815334,0.03652678868575167,0.037066094500864566
610.1,1,0.036960526966728205,0.022426176686406136,0.31014291693227836,0.008124782538337658,0.03672661183889181,0.038568745859751986
610.2,1,0.0329010440458954,0.03247779890199644,0.29648583060025546,0.009006661760284989,0.037657087685770245,0.04065188003615978
610.3000000000001,1,0.02922193179783786,0.04508202100104485,0.2880505167045901,0.009963239644105466,0.03937645092281849,0.04421222215296012
610.4,1,0.02607410450904358,0.058000888222221034,0.28283070616443967,0.011179076632598662,0.041652206144454876,0.051520585040646896
610.5,1,0.023462429336721637,0.06889062247518002,0.2790552770847823,0.013022378287036082,0.04411783908286945,0.06689382633317703
610.6,1,0.021332578571881578,0.07655537435197324,0.27567923808000366,0.015985935095684304,0.046529786018723505,0.09556072687715796
610.7,1,0.019673902469563468,0.08122616095026577,0.2723282333123431,0.020429930987359755,0.04884806615738065,0.1401144313145953
610.8000000000001,1,0.018498870984994288,0.08386952604839855,0.26907326700096407,0.02618973187271807,0.05108837766005716,0.19685371883316868
610.9,1,0.017725909771815967,0.08538222859207058,0.2660871731934409,0.032439066425503905,0.0531880914766655,0.25601535668679193
611.0,1,0.017154211804641564,0.08628185133728102,0.26317042693127457,0.038102422608666635,0.05506974263387332,0.3069084831105866
611.1,1,0.016602854230752483,0.08680899323538048,0.2591704603200081,0.04249607031970873,0.05681077675297985,0.34375444038957453
611.2,1,0.016045773319333715,0.08709956592461836,0.25141773248850185,0.04556639372630832,0.05876000939416873,0.3672441952117853
611.3000000000001,1,0.015572045419836814,0.0872631892771223,0.23576561431842158,0.04759167870884962,0.06153157191870823,0.38157990963517213
611.4,1,0.01523501336988346,0.08738687945213083,0.2082381340506853,0.0488192350741638,0.0657677560079095,0.3908208240973435
611.5,1,0.014971629850349949,0.08752069256407259,0.16823989535328607,0.04941638905903752,0.0716238942604111,0.39741338960200484
611.6,1,0.014647192649087818,0.08767574579919811,0.12085491226147776,0.049603202829256204,0.0783609327975325,0.40259458386901503
611.7,1,0.014145253395787382,0.08783928682388993,0.07521283897310989,0.04967019569351041,0.08460911407440054,0.40708682309851696
611.8000000000001,1,0.01343072134809386,0.08799566187073299,0.039438103260193945,0.0498544816828311,0.08920572733914024,0.4113501413049906
611.9,1,0.012567564448283945,0.08813968305238015,0.01655777000441215,0.05025486565141764,0.09181546786846125,0.4155726859157634
612.0,1,0.01168573825781435,0.08827580856319502,0.004748740944401278,0.05087773788792932,0.09283139998440593,0.4196939179783901
612.1,1,0.010905792476065554,0.0884033832073793,0.0009571956223466208,0.05173747268058413,0.09286167871915461,0.42351315853843025
612.2,1,0.010269452240601586,0.0884872370342042,0.0047951131918945915,0.052887582603569475,0.09236210751832452,0.42681509733572237
612.3000000000001,1,0.009737736464640651,0.08839820329549462,0.02049871326658218,0.054334223278445115,0.09159727109981691,0.42946384442027263
612.4,1,0.009264616951758575,0.08779103596780527,0.05554841289202171,0.05592165494907696,0.09074425096977103,0.431452230425485
612.5,1,0.008876226581533633,0.08592989440608671,0.11541631930275646,0.05734635048567448,0.08993135801311058,0.43289254206332
612.6,1,0.00867183635181715,0.0816279039035264,0.19714726166957292,0.05832248022381537,0.0891909130843533,0.4339335363097276
612.7,1,0.008750005664608245,0.0736063730961099,0.28761548153264244,0.05873263747279725,0.08844827234793791,0.4345944141909003
612.8000000000001,1,0.009159415082791158,0.06136484574754296,0.3695476516457417,0.058621024479408305,0.08763409837513401,0.4344650195871603
612.9,1,0.00995826308790707,0.04601235862011678,0.43086830285910843,0.05805625465309144,0.0868389769883385,0.4321558290171421
613.0,1,0.011353510448635272,0.03014831024944996,0.4695481567300118,0.05696095958558981,0.08632598086105463,0.42455290457148276
613.1,1,0.01383284190746874,0.016583736480922644,0.4910999478530922,0.05500851094331532,0.08633723141252313,0.4065703127088585
613.2,1,0.01825359286187432,0.006906844475026715,0.5027179672242309,0.051741354083538554,0.08686893013725024,0.37267884922749717
613.3000000000001,1,0.025789162530285823,0.0010709297847619637,0.5093324170759319,0.04697582271847729,0.08764589553162662,0.3206291449774314
613.4,1,0.037435678336780756,0.0,0.5131492433547603,0.041197326175689726,0.08830839012281566,0.2550864919479472
613.5,1,0.05312552105746096,0.0,0.5149562851782099,0.035468402223469905,0.08859543381935016,0.18723722245322003
613.6,1,0.07150329335031683,0.0,0.5152660190809829,0.03081707932035387,0.08832312024677073,0.12929505433304564
613.7,1,0.09155649924238832,0.0,0.5147281893551116,0.027671686268293444,0.08716608798099547,0.08813818594382894
613.8000000000001,1,0.11543839146354162,0.0,0.5141021444212174,0.025829727910405546,0.08448216847000956,0.06334967925835902
613.9,1,0.149625961668869,0.0,0.5140706131409231,0.024825973988323626,0.07952119357457912,0.05012843263498957
614.0,1,0.20179936659665498,0.0,0.5150287015121762,0.024257330185778993,0.07209635139766739,0.04326286942360076
614.1,1,0.27432071500184696,0.0,0.516981971339914,0.023871392621816808,0.06318681378327867,0.039194623400916465
614.2,1,0.3595549796977689,0.0,0.5196358711473128,0.023521224830979567,0.05470511836098039,0.036199252674081285
614.3000000000001,1,0.44241971052938855,0.0,0.5225961854131734,0.023109491558645567,0.04841371378072818,0.033815675634317414
614.4000000000001,1,0.5091023259076357,0.0,0.5255098381154077,0.022542899333072214,0.04494526720274385,0.03212728838737555
614.5,1,0.5543467888154073,0.0,0.5280396777551601,0.021679908593024894,0.04377116518506205,0.031166263352763325
614.6,1,0.5815239599062353,0.0,0.5296477399360604,0.020299596796629068,0.04392615824256569,0.030720978555690497
614.7,1,0.5974373165200719,0.0,0.5291117666175512,0.018177786722072143,0.04467463728181019,0.030540796387823352
614.8000000000001,1,0.6076780470786317,0.0,0.5236889515007696,0.01529936040461124,0.045653326658967354,0.030556856282030018
614.9000000000001,1,0.6153690679058791,0.0,0.5083630513863413,0.012032901641340469,0.04666492633296444,0.030826045640734122
615.0,1,0.6220269561498373,8.75653370425031e-05,0.47657597368507704,0.009012474043683705,0.047508561117730594,0.03132357866357324
615.1,1,0.6284883127368888,0.0003159114017628325,0.4237133645393583,0.0067517080502536965,0.04800569983226596,0.03188107847929614
615.2,1,0.6352256074929511,0.0003870773194405077,0.35195106605385906,0.005358688769775531,0.04810538491086894,0.03232370719277935
615.3000000000001,1,0.6423522565700502,0.00029941794019889537,0.2720231968294718,0.004637428945417147,0.047895057526224784,0.0326136201744397
615.4000000000001,1,0.649644324451726,9.436734434275132e-05,0.19883296076840623,0.004462385356696807,0.04747503604878506,0.03285372825356271
615.5,1,0.6566732834119342,0.0,0.14385171919967932,0.005103736210661821,0.046811349275972,0.03318577868063362
615.6,1,0.6630289842639641,0.0,0.11093249600671379,0.007267520589288133,0.0457281305824949,0.03367724826972857
615.7,1,0.6685199959251702,0.0,0.09824979137530283,0.011753413925663037,0.04408295058045604,0.03424549475260171
615.8000000000001,1,0.6731915120706408,0.0,0.10241836380260641,0.01881746494162378,0.04196831357306517,0.03464934783217709
615.9000000000001,1,0.6771422606675226,0.0,0.11988764760045323,0.02766422032167043,0.039714422665770785,0.03457760665634907
616.0,1,0.6803094853070767,0.0,0.1456829307175696,0.03663054211196168,0.037654509007375644,0.03380319894170991
616.1,1,0.682276181341511,0.0,0.17312986913712097,0.044088869506122626,0.03587745458665721,0.03229991971673871
616.2,1,0.6817944741215503,0.0,0.19614547017231232,0.049317104223236166,0.03421847739507794,0.030240276651024037
616.3000000000001,1,0.6756916579154036,0.0,0.21179109561001083,0.05258813204389358,0.032482709999655045,0.027894025432445436
616.4000000000001,1,0.6576264925665644,0.0,0.22049374800795554,0.0545822317251436,0.03065517008470775,0.025521006697178814
616.5,1,0.6184551530604802,0.0,0.2242670146135723,0.05582025654719637,0.028887259443630926,0.023332655938067652
616.6,1,0.5501684698351982,8.45627897379143e-05,0.22500752106642016,0.05653459533562574,0.02731041710796899,0.02150765238608786
616.7,1,0.4526218950968284,0.00036879740911008335,0.22394683470222557,0.056829218488854964,0.02592730410020509,0.020187477382687655
616.8000000000001,1,0.3378958027918377,0.0004836280418640165,0.22184190531507858,0.05682739285110926,0.024752392376059754,0.01943571090628685
616.9000000000001,1,0.22672124895655146,0.0003793408020271747,0.2192252472324764,0.05670516503040828,0.024069193534265045,0.01924362703108937
617.0,1,0.1380185106565393,0.00013626645653628627,0.21649704976121278,0.05666281095203032,0.024442503940954964,0.01961692646450855
617.1,1,0.07979307976669417,0.0,0.2139316882084988,0.05687304245176989,0.02629539434058718,0.020617681035201594
617.2,1,0.0483344903787917,0.0,0.21167935492787912,0.05740956742086997,0.02939395043184109,0.02224606811975984
617.3000000000001,1,0.03431150708166846,0.00037363317309488533,0.2097812428219261,0.05819989476298628,0.032853099845503546,0.024282787960194945
617.4000000000001,1,0.029179553689636793,0.0011318840438699254,0.20819682076407772,0.05906938217774112,0.0357543622499011,0.02632257837592534
617.5,1,0.027795434150421267,0.002117354194624966,0.20684865253513973,0.059857316856105215,0.03773171682500907,0.02800569506342721
617.6,1,0.027905820517589306,0.0031087925851046487,0.2056728271337835,0.060495448716315445,0.03897581291449049,0.02920732361230769
617.7,1,0.028834534755178963,0.0038907911221349994,0.20463145865250942,0.060985897384292144,0.039846264218684244,0.03001818083664266
617.8000000000001,1,0.03062363022651872,0.004348521058197793,0.2036605143416919,0.06132213823260439,0.04058352092116167,0.030602858292625414
617.9000000000001,1,0.03362367331162375,0.004494592533530679,0.20257656303238492,0.06140092693992983,0.04126636128499683,0.03110626522739477
618.0,1,0.038126746633893725,0.004419813006464065,0.20096257650468843,0.06090757574432965,0.041863908502797795,0.03164919179303707
618.1,1,0.043892568991831374,0.004222181762031324,0.19801780472671682,0.05919330622897277,0.04228071756332002,0.03233346419487962
618.2,1,0.04985713317996812,0.003966162787524646,0.1924620012243773,0.05532060646178809,0.04240608960570222,0.03319817558744748
618.3000000000001,1,0.054403115626212084,0.0036812153222774554,0.18290463650742228,0.04849626073667888,0.04217736899756102,0.03416541120471449
618.4000000000001,1,0.05615295258509284,0.0033797737065255767,0.16901852592667774,0.038785849233667145,0.04162901181978451,0.03505559373458388
618.5,1,0.05475672423442497,0.0030747187430114607,0.15274586157238235,0.027507229151692767,0.04089141751357034,0.03568607131695767
618.6,1,0.051094560973030334,0.002787191821002578,0.13781098397029767,0.01673353705081005,0.040141168457962964,0.03597071838463006
618.7,1,0.04674902933631841,0.002543307185551397,0.12724496617160166,0.008163776831955577,0.039564440472854887,0.035933214997631004
618.8000000000001,1,0.043139910640493,0.002363150121407104,0.12133902057350318,0.002330532441811908,0.03938524190894716,0.03563887974107953
618.9000000000001,1,0.04091864803303521,0.0022504550873511052,0.11824861786796702,0.0,0.039898345716913405,0.035123367049320155
619.0,1,0.03994811536055271,0.002191824653593846,0.11617352676128109,0.0,0.04138354558035407,0.03437265869118607
619.1,1,0.039713275715584855,0.0021660907446744084,0.11450463975534471,0.0,0.04389235001245115,0.03334591884876225
619.2,1,0.03975030242979249,0.002155990256726987,0.11332934270522421,0.0,0.04706091348809044,0.03201785783948395
619.3000000000001,1,0.03979769596741497,0.0021556566606114654,0.1126277674874303,0.0,0.05009546313936042,0.03042768098078789
619.4000000000001,1,0.039653801997913546,0.0021724167985237284,0.11209093377172859,0.0,0.051939177264170876,0.02869760076936863
619.5,1,0.03893731427463528,0.002218836242166957,0.11135044483198633,0.0,0.05159292310244746,0.02697613683438437
619.6,1,0.037015423682602654,0.002287619474019658,0.11016148000397463,0.0,0.048588897532481704,0.025343657268106258
619.7,1,0.03324951882377375,0.002317178301174171,0.10842903281448157,0.0,0.04342482822234309,0.023792325627020234
619.8000000000001,1,0.02742880342234727,0.0021867947711778136,0.10617123017355869,0.0,0.03750853244221179,0.022309536749974997
619.9000000000001,1,0.020047660042974903,0.0017830848499794355,0.1034847071179386,0.0,0.03243257017599849,0.020944376210980428
620.0,1,0.01219138297112027,0.001113771089766443,0.10051556227265686,0.0,0.02912218537512682,0.01975457298569437
620.1,1,0.005130701033946067,0.000361159569537087,0.09745337201807797,0.0,0.02759860838100757,0.018704375097290626
620.2,1,0.0,0.0,0.09456904053817072,0.0,0.027414162930542562,0.017659166009272687
620.3000000000001,1,0.0,0.0,0.09223411086558271,0.0,0.028174379704567255,0.01649643183317753
620.4000000000001,1,0.0,0.0,0.09081151577334436,0.0,0.029723577270401112,0.015203221481633509
620.5,1,0.0,0.0,0.09042280121332563,0.0,0.032088033951365495,0.013865186284704383
620.6,1,0.0,0.000128649909164842,0.0907428470963474,0.0,0.03538777854514858,0.012624817041520348
620.7,1,0.0,0.00027880393673932575,0.09091287035743804,0.01233072077717578,0.039680024874037184,0.011719181347484458
620.8000000000001,1,0.0,0.0003493913244436542,0.08950009822651074,0.024372700710042994,0.04467636936460419,0.011513057223307924
620.9000000000001,1,0.0,0.00037076223897596604,0.0845638409706205,0.03397719501323716,0.04959036026255943,0.012349332156328503
621.0,1,0.0,0.0003666296405514917,0.07425787675396905,0.04083565233564482,0.05342435425734823,0.014269773064046582
621.1,1,0.0,0.0003457511283042244,0.058162568243082094,0.046052671159521365,0.05554464303102974,0.016888209066493996
621.2,1,0.0005960768015650914,0.0003089453192680236,0.03840398032303016,0.050996991592753275,0.05604916899787015,0.01955909760821637
621.3000000000001,1,0.0035642305380089927,0.0002590599264021447,0.019073247714663857,0.05626546776630951,0.055682220283582794,0.02167833927374881
621.4000000000001,1,0.00689328580363689,0.00020362588815155824,0.003931995832824261,0.061544034558829855,0.05548067401855301,0.02288627415957229
621.5,1,0.009847603119758033,0.00014891267905311733,0.0,0.06625702744119769,0.05641248712706784,0.023112805986900627
621.6,1,0.011982265167433582,9.476148710029453e-05,0.0,0.07021650671925282,0.05908024601896519,0.022531301159387885
621.7,1,0.013356370878949536,3.611524864601917e-05,0.0,0.07366605570370369,0.06348059291222868,0.02147427938874661
621.8000000000001,1,0.014373492922184131,0.0,0.0,0.07689440625906988,0.06892635568265658,0.02032641585996707
621.9000000000001,1,0.015406924660457733,0.0,0.0,0.07997716630417377,0.07430004040040422,0.01941653860609064
622.0,1,0.016561456496263983,0.0,0.0,0.08283770527268554,0.07859096102492165,0.01893552567485397
622.1,1,0.017748498147363814,0.0,0.0,0.08538712157026368,0.08136587903123534,0.018892783672495847
622.2,1,0.018897617300250247,0.0,0.0,0.08755071017785834,0.08284280931869432,0.01912852948943638
622.3000000000001,1,0.02004698699306815,0.0,0.0,0.08924615429127028,0.083594969577494,0.019406801109843014
622.4000000000001,1,0.02130438228488694,0.0,0.0,0.0904234810377095,0.08418614293655524,0.019559451035286033
622.5,1,0.022812541242841818,0.0,0.007399043059280415,0.09113709852049137,0.08497246135898906,0.01957192493198275
622.6,1,0.02471082763542302,0.0,0.04313193877700616,0.09154751372095381,0.08607943638070979,0.019534202944262842
622.7,1,0.027006467920870445,0.0,0.1034016313363034,0.09181604463742687,0.08744144942484118,0.019528384206930295
622.8000000000001,1,0.029442106553492036,0.0,0.18701185755293093,0.0919467721585055,0.08881072838808078,0.019598590001543383
622.9000000000001,1,0.03156549794814164,0.0,0.2826505213166539,0.0916756682418614,0.08971242328398925,0.0198359953019445
623.0,1,0.03302263164569498,0.0,0.3732449368611791,0.090527644000287,0.08940090645514245,0.020444893695989123
623.1,1,0.033832303439309756,0.0,0.4449580820871325,0.0881060906789463,0.08695717858237631,0.021639361161739774
623.2,1,0.034397467916385836,0.0,0.49345001848936904,0.08445125096269271,0.08167045629180399,0.023397967772810623
623.3000000000001,1,0.03524020449120981,0.0,0.5228921337519944,0.08007610091961408,0.07361437668852674,0.025307423280131473
623.4000000000001,1,0.036638136648874074,4.3989722898448826e-05,0.5403865700968576,0.0754589270804908,0.06396664492727785,0.02671082048670745
623.5,1,0.03838368733309497,0.001044171655820936,0.5514534634030624,0.07034456861349216,0.05462805893369317,0.027096394893699825
623.6,1,0.03984642354866996,0.0017325517655952915,0.5590556925282325,0.06357273661262766,0.04730083892613465,0.02640468716984856
623.7,1,0.04036768563115705,0.002066862973857666,0.5646291751069124,0.053824349404696825,0.0427517151093031,0.025009791781925948
623.8000000000001,1,0.0397521544835502,0.002133417423334538,0.5689990460004363,0.04085152648172201,0.040763915677551554,0.023460055839907318
623.9000000000001,1,0.03847768129830524,0.002069916046289595,0.5726444214459526,0.026135038857856455,0.040555469660566015,0.02224673894905029
624.0,1,0.037432974716726616,0.0019984853086807415,0.5757564139843401,0.012223903764626544,0.04114439205710566,0.021726807759141837
624.1,1,0.03736378058797644,0.0019997212696465966,0.5783662400443846,0.0012257333925241817,0.041524881225558224,0.02210673037058233
624.2,1,0.03843303694849036,0.0021098841132887987,0.5804731636996463,0.0,0.04089947911532517,0.02337994763577799
624.3000000000001,1,0.04020894594191281,0.002324134349721622,0.5820866147713588,0.0,0.039036836895775154,0.025263156167121006
624.4000000000001,1,0.04205321333731524,0.0026109805861058,0.5832219142194817,0.0,0.03642907857775185,0.02725821529548606
624.5,1,0.043557585003079026,0.002938062652774433,0.583916809375058,0.0,0.03397419452079619,0.028861387867218223
624.6,1,0.04468129098504135,0.003288080667988238,0.5842636739190481,0.0,0.032396631678248945,0.029783493205248538
624.7,1,0.04557300295396364,0.003655759243039184,0.584383440892102,0.0,0.03188939048505984,0.030027948732552642
624.8000000000001,1,0.04634128110002758,0.004058434976904853,0.5842367436064457,0.0,0.03219268832549864,0.029800774863610043
624.9000000000001,1,0.046991332098891225,0.004598828411809623,0.5831565865421475,0.0,0.03290807827187704,0.02934816574833253
625.0,1,0.04751083451889469,0.005550217345352097,0.5790803409707815,0.0,0.033730590521533085,0.028840467837261345
625.1,1,0.04794061724309284,0.0073430849719206565,0.5678726615530376,0.0058642763531831085,0.034460613096153614,0.028355608274832973
625.2,1,0.04831675696414028,0.010342508187151647,0.5437937618793626,0.018964295923587126,0.03489817272525254,0.027918412186642046
625.3000000000001,1,0.048555191258884856,0.014499164445668976,0.5021935433308741,0.031570519102585584,0.0348294625981093,0.027512106408697463
625.4000000000001,1,0.04846290043655245,0.01918713216124928,0.4436911652198485,0.04139194883559464,0.03417871934228423,0.027037369489921487
625.5,1,0.047915271485919925,0.02346996191585786,0.37636466066870006,0.04761430231390323,0.033147732167869405,0.02627874968490145
625.6,1,0.046994551563241165,0.026617739691025235,0.312675659988025,0.05084384099062879,0.03213467888323404,0.02495297065537206
625.7,1,0.0459037453932728,0.028426562306861542,0.2626830995479204,0.05223930356026673,0.031483631560097085,0.022858426909292087
625.8000000000001,1,0.04476157205619326,0.02913689973361831,0.22936763183226336,0.05274847652375635,0.03131227596698114,0.02005741073772448
625.9000000000001,1,0.043543871990818626,0.029157514303894863,0.20960991067407841,0.052894157245022666,0.031541691103596246,0.016942387118905358
626.0,1,0.042236270839764965,0.028866763793005804,0.1983895586932915,0.05292052256012557,0.032012544097063673,0.01407318498637171
626.1,1,0.04098220453288493,0.028548132395872398,0.19181435806504168,0.05297543456158006,0.032542614539531736,0.011872908862797705
626.2,1,0.04003586839859548,0.028382124439123115,0.1876504729256037,0.05320854718607131,0.03294778386351665,0.010430095235383933
626.3000000000001,1,0.039606681906717914,0.028445183225708565,0.18475106701660415,0.053829299636615924,0.033126498679009866,0.009542889360766865
626.4000000000001,1,0.0398340209565288,0.02871956619712778,0.18259126610022003,0.05515113540455008,0.03317339499304686,0.008894554478306588
626.5,1,0.04098654867119229,0.029125887578872942,0.1810101155665819,0.05753242952554975,0.03335511924573956,0.008183662701083875
626.6,1,0.04379233019536143,0.02956953489910085,0.17997883185458408,0.061125036540787665,0.03388480038355685,0.007173342500364385
626.7,1,0.049706680168495485,0.02997640076668873,0.17942676720404765,0.06558017268823815,0.03467468333996999,0.005744192788108853
626.8000000000001,1,0.060707546236648084,0.030304705838455903,0.17920261112372088,0.07006585465306388,0.035311383326613606,0.00399161950147997
626.9000000000001,1,0.07814487957229123,0.030542089712668925,0.179138146416854,0.07371343473426625,0.035281765264435466,0.0022718524048880866
627.0,1,0.10108557939929154,0.03069997849513158,0.1791132031060853,0.07613025655847673,0.0342451488396183,0.001070173446587061
627.1,1,0.12588380545792777,0.030805405023136192,0.1790552102438918,0.07754834652708405,0.0321673635496734,0.0007280422209740752
627.2,1,0.14803811792775506,0.030886177803971238,0.1788661928739057,0.07858912575227073,0.02931531074341828,0.0012415821829926572
627.3000000000001,1,0.1647766224256718,0.030946320898519578,0.1782795610219056,0.07989442624581262,0.026183302181975298,0.002304718565780225
627.4000000000001,1,0.17588674726810205,0.03092462800451717,0.1766145943986434,0.08178381401639119,0.02334805500294397,0.003552053975371773
627.5,1,0.1825522888719175,0.030635427276933972,0.17245836968083048,0.08404891646006774,0.021247344864104685,0.004802285433413815
627.6,1,0.18600289458272112,0.02973319483890016,0.16362468150109113,0.08608423073379765,0.020012067273910535,0.006159028567227484
627.7,1,0.187142452541851,0.027800334214151165,0.1481019376657166,0.08737855281226124,0.01950552094910739,0.0080416103314043
627.8000000000001,1,0.18676926148265593,0.024614821631955393,0.12623988916667736,0.08795741799381374,0.01951075534363155,0.011385899071432403
627.9000000000001,1,0.18567788671497712,0.020441314363248968,0.10283824892545092,0.08831024746013014,0.019849558629454044,0.018227753957478363
628.0,1,0.18451958508949573,0.016027307975349084,0.08678889322263088,0.08888313447532356,0.020360807980488213,0.03247007727684115
628.1,1,0.1836635586840678,0.012199934880807376,0.08743777305990555,0.0896885588895827,0.020868166372273993,0.05975555122833705
628.2,1,0.18321608328940453,0.009391971776112423,0.10969243809294893,0.09038128923029627,0.021221660851574013,0.10497822446666846
628.3000000000001,1,0.18313896924366366,0.007510204371670894,0.15100687459649628,0.09061275185612613,0.021339984475760267,0.16784019566572642
628.4000000000001,1,0.1833342531040021,0.006180100878476954,0.20210437920885366,0.09027524526598614,0.021186074497177375,0.2401906325797802
628.5,1,0.18366336111853773,0.005071386932116658,0.251216567352665,0.08948514259629588,0.020732001874414208,0.3090272067993821
628.6,1,0.18396920387217985,0.004053062847262744,0.289517338973009,0.08844168226071239,0.019983987081461322,0.36399687821045856
628.7,1,0.18412578058068707,0.003148122041925339,0.3143021128142535,0.08733844890652409,0.019022167437548164,0.40359578951330694
628.8000000000001,1,0.18404596874117116,0.002409677510111357,0.32807821631669004,0.08634282393147699,0.017961849422037005,0.4358362986286453
628.9000000000001,1,0.18359439461624066,0.001851187982722092,0.33517626096185726,0.08554974667080388,0.016858823248533873,0.47406033841863654
629.0,1,0.18244863827874253,0.0014588653475966606,0.33902376335542356,0.0849185001530677,0.01568816066567923,0.530548028707666
629.1,1,0.1799987312453795,0.0012222182703063038,0.34150043405297675,0.08432722330546744,0.01444341661507154,0.6099304562893946
629.2,1,0.17538560383570664,0.0011485280450136358,0.3435159724412225,0.08374925202210869,0.013236444885154405,0.7052821360857382
629.3000000000001,1,0.16793896546960013,0.0013068029492220817,0.34555566524149306,0.08333090696181238,0.012266260809159166,0.800596976158785
629.4000000000001,1,0.15834762756186702,0.0019294217611079058,0.3478582794191416,0.08323875302950942,0.011678151983044801,0.8794254471477922
629.5,1,0.1499897226024815,0.003467183619500436,0.35050302162305336,0.08344543665131551,0.01143908414707754,0.9334085911296468
629.6,1,0.14838889368485814,0.006408493385395022,0.35352521269834386,0.08366107342141672,0.01131038423483872,0.9642916790455657
629.7,1,0.15762039200299013,0.010854179833596796,0.35691507519163,0.08339202481833065,0.0109150438338078,0.9795003843921785
629.8000000000001,1,0.17643653621157576,0.016211417394311794,0.36052978042630157,0.0820449871077281,0.009875745616107065,0.9865143150518279
629.9000000000001,1,0.1986331437554389,0.021419155738074205,0.3642036069391183,0.07912843667210528,0.007998619489139573,0.9901141163599544
630.0,1,0.21776560326464303,0.025588722876355666,0.36805602543661325,0.07458233139723135,0.005428050510383505,0.9925421744759114
630.1,1,0.23125369786452238,0.028461069145241328,0.3725277342442763,0.06905876691644745,0.0026459304226711376,0.9946465369633185
630.2,1,0.24027941300640254,0.030316104750825582,0.37789878608473926,0.06402185172822959,0.00026066914740767173,0.9966953701959886
630.3000000000001,1,0.24704466235395361,0.0315713448749628,0.38371417439291655,0.0619937376983914,0.0,0.9986387843082631
630.4000000000001,1,0.2527752421519915,0.03249756159963969,0.38858760103799933,0.06755969355185319,0.0,0.999999999999996
630.5,1,0.2575772806295237,0.033191254598624736,0.39027118361473034,0.08882805062182554,0.0,0.9995730810594204
630.6,1,0.26113824089792154,0.033672125349471366,0.3857535307159877,0.13702206907753092,0.0006599554460016093,0.995225463894799
630.7,1,0.2632664750556566,0.033961400332516996,0.3717838948800247,0.22144649291171417,0.003450632390098618,0.9843603343063695
630.8000000000001,1,0.2640615919981026,0.03410185085777929,0.3464736757065206,0.3411304853016175,0.006840523144731086,0.9654040106157471
630.9000000000001,1,0.26388187727166684,0.03414737413445464,0.31146291879659516,0.4802614072188157,0.010151025457021633,0.9396134659444273
631.0,1,0.26323358535652563,0.03415531981361926,0.2725980476873893,0.6139182697607505,0.012758378062060914,0.9114371648952592
631.1,1,0.2626108662480456,0.03418841527204426,0.23763576059213184,0.721242475558673,0.014395490601813265,0.886302333561693
631.2,1,0.26233480146406263,0.034317524775857956,0.21243927637720078,0.7951626180027901,0.015184847698084553,0.8669076637941945
631.3000000000001,1,0.26249259172531497,0.03464164206733313,0.19896434703249916,0.8413995559438472,0.015433460435656044,0.8503369864345655
631.4000000000001,1,0.2630287148819929,0.03536257822004358,0.19630013038170835,0.8702858175149996,0.015410113608986399,0.8273845356649128
631.5,1,0.2639007155135027,0.03698093116786754,0.20265045329855344,0.8899327686627158,0.015256923319232703,0.7845138355129017
631.6,1,0.2651282801996193,0.040708460813774903,0.2158408544711427,0.9046763088086858,0.015024744642739075,0.7090555112933191
631.7,1,0.2666022625006916,0.049192956034111696,0.2326973363409217,0.9165808251361289,0.01474575162800051,0.5970627450240839
631.8000000000001,1,0.2676366240727075,0.06732252979572396,0.24935714742242113,0.9267868763565928,0.014500132544849817,0.45932419000752694
631.9000000000001,1,0.26642237825088966,0.10194155647014572,0.2629844348517192,0.9358910683595175,0.014544638410201207,0.3191893349611123
632.0,1,0.25991987252429455,0.15880586568812438,0.27302243747384924,0.9440538178071408,0.015624756056643641,0.2013548804456855
632.1,1,0.24518999953805307,0.23724196221394878,0.2806001520688624,0.951241183623308,0.019429701825651614,0.11955824739035743
632.2,1,0.22285538400048527,0.32698636915853874,0.2873568908892828,0.957431316258805,0.02870730616052567,0.07267758575246779
632.3000000000001,1,0.2011285854382894,0.41183920618130515,0.2958540380599082,0.9626189502068847,0.04625939675439981,0.05046288404750889
632.4000000000001,1,0.1958552366501334,0.47840190023028445,0.3113614176208155,0.9667334935580301,0.07276821012605893,0.04191015696409617
632.5,1,0.2229396091605055,0.5224553760534236,0.3419659400909222,0.9696662010124283,0.10510555721449634,0.03975740934727886
632.6,1,0.28669436297943435,0.5481626848535235,0.3944665688551187,0.9714093906275885,0.137273059338486,0.04042244751815101
632.7,1,0.37431964342172064,0.5626566445032698,0.4679956409655644,0.9721038252848313,0.16374056980945356,0.04219968449278951
632.8000000000001,1,0.4629609864968359,0.5715801877823122,0.5515438779182767,0.9717413636763621,0.18220754647306225,0.043955519369595394
632.9000000000001,1,0.5336710927947058,0.5779907735232862,0.6294865029774653,0.9693006813421929,0.19354612094147275,0.04482226167216327
633.0,1,0.5802262857604414,0.5832595419969558,0.6910509115527974,0.9612216615712587,0.19987351115134128,0.044443528387253205
633.1,1,0.6073424442070834,0.5880086550285081,0.7350093840244112,0.9398324211102863,0.20302320265723475,0.04320248320822004
633.2,1,0.6232308916043586,0.5924818287451596,0.7663717223949068,0.8937241760571683,0.20422325282345036,0.04212155795249817
633.3000000000001,1,0.6340029520142598,0.5966722090027335,0.7903207191293706,0.8124930678932735,0.20432904243467828,0.042420574111260455
633.4000000000001,1,0.6424841738294735,0.6004795326557751,0.8094482094676849,0.6951140767916009,0.20401101967397656,0.04488250806274461
633.5,1,0.6494485382585419,0.6038517301068305,0.8246383160736167,0.5556123076038104,0.203930820826488,0.04932994820161752
633.6,1,0.6549566553105337,0.6068077809948569,0.8364284074690588,0.4188237727545169,0.20520410247789675,0.05460003188906398
633.7,1,0.6590810541577027,0.6093870335088173,0.8452394557213372,0.3074490654355119,0.2103484952700023,0.0591421885807594
633.8000000000001,1,0.6621726389698943,0.6116358153639162,0.8512532813757142,0.231042496424885,0.22447528017238852,0.06184498888089995
633.9000000000001,1,0.6648092711989282,0.6136220604269219,0.8547632388708031,0.1855097611422902,0.25542540305342937,0.06251381256905199
634.0,1,0.6675245488602528,0.6153716247863742,0.8566754625924576,0.16051869909592506,0.31076916663121595,0.061783672913417784
634.1,1,0.6705301716166818,0.6166744745184723,0.858509386357578,0.1464703382189577,0.3916297126853066,0.06066891631326508
634.2,1,0.6736590703921845,0.6166944799585019,0.8618100454135239,0.137045146939642,0.48808230330645214,0.060042665277188226
634.3000000000001,1,0.6765616746982892,0.6132059201789987,0.8673625926409737,0.12892985084460717,0.5821870817801974,0.0602686055823663
634.4000000000001,1,0.678950848191636,0.6016888313596906,0.8747069422016731,0.12094576000532162,0.6579066959957944,0.06114339617660643
634.5,1,0.6806377938630364,0.5756217414547049,0.8823329952240146,0.11313536570844807,0.7093618708571423,0.06214910476180499
634.6,1,0.6812255063578627,0.5295658664439482,0.8884526159805598,0.10585524723815534,0.7406975444731474,0.06279937653652023
634.7,1,0.6793984724066274,0.46418302068771394,0.8915357533731322,0.09921774635224667,0.7598457249020961,0.06284361658685739
634.8000000000001,1,0.6717701433922915,0.38883383852176645,0.8896227514438801,0.09302941590413957,0.7730219852432899,0.06228747831367786
634.9000000000001,1,0.651790908558134,0.3179263481321918,0.8783624310907124,0.08689301311900774,0.7832935585321815,0.06132291569398654
635.0,1,0.6104156685683026,0.2630691924682698,0.8494937097864868,0.08015117044418811,0.7917240027557229,0.060225234350089855
635.1,1,0.5404358242136911,0.2277176323004129,0.7926976234938233,0.07191221988689442,0.7986419442813136,0.05923230514770454
635.2,1,0.4433143082411177,0.2081786908706347,0.7021586603030162,0.06162184813772869,0.8041825879673555,0.058458396631283556
635.3000000000001,1,0.33279021374898127,0.1983250054570376,0.5841147927731202,0.049939812012906655,0.8084512505458492,0.05789682976961349
635.4000000000001,1,0.22992634390137626,0.19323813131521606,0.4578233739825195,0.038932082853995735,0.8116605985158893,0.05748498344887285
635.5,1,0.15201815997674875,0.19009607909134585,0.34653876211390294,0.031070659614270402,0.8141788370896078,0.057151042418339904
635.6,1,0.10451154151032094,0.187583182873537,0.26517358267795027,0.027980355824560158,0.8163856054071574,0.056786262981041176
635.7,1,0.08184516321305851,0.18521624067462822,0.21508946002014973,0.03047637666653608,0.8184907991407994,0.05614750692708621
635.8000000000001,1,0.07414323290639636,0.18291863810421766,0.18849640077319574,0.04036209791423816,0.8205145044614305,0.05479121514494441
635.9000000000001,1,0.07305839983127359,0.18069831097696196,0.17581810526235983,0.06257497468748047,0.8223833267787933,0.052215538845931164
636.0,1,0.07377369542164075,0.1783659364571504,0.16973886357490278,0.10492873614096096,0.8239379292172286,0.04824589666345179
636.1,1,0.07435878420116139,0.17529099669029163,0.16562604417672372,0.17346661349181905,0.8246802878739875,0.04335956827257516
636.2,1,0.07442006548587554,0.17019055343051795,0.1607824634635703,0.26552411730794157,0.8230943599532428,0.038549783295322104
636.3000000000001,1,0.0739970622420227,0.16115222698778403,0.1538027344101739,0.3670481947108778,0.8153786973517382,0.034740670613319626
636.4000000000001,1,0.07295703547382525,0.1463751058974339,0.1441964818198539,0.4587069038864709,0.7940601105244313,0.032225476786273646
636.5,1,0.07089967998649478,0.1256437605575034,0.13230812947658246,0.526555198392935,0.748399968694698,0.030553670177955624
636.6,1,0.06744118110644239,0.10131793085107484,0.11918962388127527,0.5679622969268614,0.6689903991759137,0.02888133159693471
636.7,1,0.06260232602698305,0.07742827402218115,0.10596241811892018,0.5889881059819018,0.5557320543195181,0.026511696418426368
636.8000000000001,1,0.05696212588718235,0.05738355715054939,0.09310247718139401,0.5979009275422111,0.4229142933411603,0.023306132784255723
636.9000000000001,1,0.05145243393052155,0.042476575079896106,0.08053927248436527,0.6009341085098866,0.2946775885250443,0.019722850287191413
637.0,1,0.04698516681118786,0.032273636116280695,0.06840770324489756,0.6016861699039512,0.19252029901833573,0.016459284737481702
637.1,1,0.04415175079394972,0.02577067319440769,0.0573908378112774,0.6020712396177252,0.12510326736718105,0.01398126784550821
637.2,1,0.04305345348530424,0.021993977087572947,0.04827511679247681,0.603046643388637,0.08809759811071853,0.012319084172531249
637.3000000000001,1,0.04324854760525952,0.020041958650017105,0.04134075361244275,0.6048774633693208,0.07137475099487824,0.01124289003161483
637.4000000000001,1,0.043863639659250546,0.019106563014793437,0.03613576596432415,0.6073171024257958,0.0657900506738552,0.01057412644532901
637.5,1,0.043878660157492845,0.018578834298189417,0.03160854750900759,0.6098652233017302,0.0659085040933019,0.010316687251358437
637.6,1,0.04248281233908258,0.018085398876131187,0.026436727229022697,0.6120188118937107,0.0698920992003429,0.010531360869553537
637.7,1,0.03938084462259149,0.017450376069354477,0.019542991509346103,0.6134385846492992,0.07808438021732075,0.011141497183191944
637.8000000000001,1,0.03492688039810642,0.016663489652559673,0.010701361296221758,0.6140409885394884,0.09081170742190443,0.01188486535581641
637.9000000000001,1,0.02992860997644322,0.015852211518618216,0.0008327259944689568,0.6140163372977777,0.10661801732228317,0.012431722858334212
638.0,1,0.025146871761540165,0.015213538516222477,0.0,0.6137139468314808,0.1225067640842663,0.012518044439940396
638.1,1,0.020881988216757543,0.014913176105648842,0.0,0.6133555173975418,0.13582909999551515,0.011986715602736408
638.2,1,0.017046737314866847,0.015012270103084835,0.0,0.612607233106285,0.14567497375552274,0.010792613737368775
638.3000000000001,1,0.013629528380278979,0.015460318882543542,0.0,0.6099984286896318,0.15259399129354614,0.009057506289928163
638.4000000000001,1,0.011061893850322597,0.016138438779072315,0.0,0.6020961059092393,0.15754929368133627,0.0071138994603998406
638.5,1,0.010143553828760966,0.016910058177991134,0.0,0.5827957029570694,0.16132743472571373,0.005396410117565022
638.6,1,0.01156749870420559,0.01764495885376472,0.0,0.5442372206915798,0.16449763472646386,0.004191827730410843
638.7,1,0.015367238242327717,0.01821217855022906,0.0,0.4809825915817135,0.16743349841532607,0.003460486723704386
638.8000000000001,1,0.020697499922178626,0.018467611580231535,0.0,0.3959119791772929,0.17024854136652992,0.002908582009294696
638.9000000000001,1,0.02618092109310046,0.018267594639737556,0.0,0.3022113437222753,0.17281334624120517,0.0022531178003733976
639.0,1,0.03060762929785248,0.01750924912235939,0.0,0.2174954684754078,0.17492025251213267,0.0014587922277769633
639.1,1,0.033451467979563325,0.016161837549143455,0.0,0.1540762666496632,0.1764746914976167,0.0007767095359391702
639.2,1,0.03486116625280923,0.014259450425534404,0.0,0.11388080552882313,0.17758759795324205,0.0005739850089686459
639.3000000000001,1,0.03526521414068452,0.011874414029365095,0.0,0.09119234199727057,0.17854834625245336,0.0010796146273397654
639.4000000000001,1,0.03494380520561432,0.009117715299033206,0.0,0.07861953276557267,0.17971457756959872,0.0022239844695715557
639.5,1,0.03379775512292049,0.006171307974104184,0.0,0.07083406080913078,0.18135465136555592,0.0036840995283956347
639.6,1,0.03141040190962185,0.003297395040299406,0.0,0.06500200674791903,0.1834964060847761,0.005088844852985121
639.7,1,0.027419383716171114,0.0007780656463847526,0.0,0.05981029276179613,0.1858600126285477,0.006207952151226248
639.8000000000001,1,0.022009910889025198,0.0,0.0006703062572749682,0.05473386907916024,0.187884813770878,0.006972954629799426
639.9000000000001,1,0.01611286897066651,0.0,0.02911777019697586,0.049843870152914846,0.18870117370406508,0.007351794781579417
640.0,1,0.011024694591417286,0.0,0.07876041291793122,0.04573556552929724,0.18688001999548765,0.0072512350100931355
640.1,1,0.007704126251439328,0.0,0.1490034330513318,0.04324964753179748,0.18016811455238993,0.006580360562334505
640.2,1,0.006347042660626438,0.0,0.22984061941874062,0.04301578653465299,0.16594122000369746,0.005406635871060605
640.3000000000001,1,0.006514780307299041,0.0,0.3057676875614446,0.04504869404525659,0.1428723371244442,0.004006995539327125
640.4000000000001,1,0.007534238714659049,0.0,0.3641451439287541,0.04862480047370124,0.11287759598371291,0.0027285299257243044
640.5,1,0.008805492933930157,0.0,0.40104207952512716,0.05254371543115678,0.08124899889654043,0.0017967864669043265
640.6,1,0.009936816118239496,0.0,0.4204549118565343,0.05564873319908114,0.05409538775691623,0.0012604203288287832
640.7,1,0.010757436208743951,0.0,0.4293355238130478,0.05731358795916712,0.035019512169821854,0.0010819702604631758
640.8000000000001,1,0.011224801958663148,0.0,0.4333652381850981,0.05761570039312921,0.023871513460952384,0.0012229946149069745
640.9000000000001,1,0.01128481368770899,0.0,0.4357006375019685,0.05709238513429207,0.018169686308520918,0.0016275924824393998
641.0,1,0.010794720486650427,0.0,0.43768110615119243,0.05626757445017428,0.015312857788863153,0.002173906153856194
641.1,1,0.009571911879247065,0.0,0.439818222241413,0.05533358622023136,0.01374185904333996,0.0027012592398432678
641.2,1,0.0075591455183288275,0.0,0.44233372765892215,0.05421714438829428,0.012843865915777405,0.0030989703446437735
641.3000000000001,1,0.0050148531887248314,0.0016746240089604144,0.44530356360681606,0.052883089527482836,0.012420952129228762,0.0033589798689766005
641.4000000000001,1,0.002560916426620527,0.00978717060937913,0.44864425656115303,0.05155512579121515,0.012383620733740516,0.0035602764794108225
641.5,1,0.000997152156292847,0.02274947286849888,0.4521133340717938,0.050696864267856044,0.012740054471846595,0.003833418035557826
641.6,1,0.0009937515599057986,0.03981141089655747,0.45540204324699946,0.05082241628567987,0.01361038543164517,0.004320568286601492
641.7,1,0.002838734197374239,0.05837561288099389,0.4582895977284748,0.05224627789346286,0.015066881733125339,0.0050984731975716215
641.8000000000001,1,0.006325610345990436,0.0751549291887165,0.46074666895755884,0.05484263628380039,0.01690323260435397,0.006090572071755884
641.9000000000001,1,0.010825890168604517,0.08788558810940054,0.4628937453705125,0.05796077113310296,0.01860382677645482,0.007065012612022938
642.0,1,0.015552346757176419,0.0962133260484332,0.46481726289074826,0.0606849027574176,0.019609314492369145,0.007750245209045259
642.1,1,0.019854217890956156,0.10121777822715582,0.4662860635285222,0.062365960718544715,0.01967205907151432,0.007970375555975153
642.2,1,0.023319740766007624,0.10429592527301527,0.466301384237383,0.06300563339533236,0.01900414036748116,0.007694059754455659
642.3000000000001,1,0.025681168672459505,0.10640889753582794,0.46232320997613696,0.06314471942071384,0.018103899123434717,0.007009272801959582
642.4000000000001,1,0.02674796584112872,0.10800013254723623,0.44940617433532,0.06339504218855593,0.017405767659037397,0.006107893844061579
642.5,1,0.026515216762908772,0.1092371995961993,0.420447530688136,0.06408276669744661,0.01703306893339302,0.005293469210315866
642.6,1,0.025318989185846387,0.11019765888641668,0.3691237058561527,0.06525954157290645,0.01684014512090141,0.004923807289473538
642.7,1,0.023812371450797964,0.11091960457324997,0.29512363144094866,0.06688014224349771,0.01666053191058616,0.005237376749180767
642.8000000000001,1,0.022747936268564625,0.11141364165398508,0.20776183390953953,0.06884131759899717,0.01648646743331401,0.00617882205590788
642.9000000000001,1,0.0227691113579501,0.11169786585483449,0.12344785388115645,0.07091377518760926,0.016414514613995342,0.007410063078711569
643.0,1,0.024319261923709364,0.1118337500650578,0.05750814026248219,0.07280637505686123,0.016476181286201118,0.00852655495469209
643.1,1,0.02761872101805019,0.11192343121683734,0.016727265669264926,0.07436646570998227,0.01658247705797821,0.00928404195136717
643.2,1,0.03288458123536043,0.11206823179658508,0.0,0.07567302920859134,0.016634333879285996,0.009656816460084405
643.3000000000001,1,0.041284899810996624,0.11232332705829738,0.0,0.07690864150541472,0.016634835172137933,0.009747191269775949
643.4000000000001,1,0.056618877378643,0.11267928890064723,0.0,0.078170449628824,0.016649043846584766,0.00967705794492016
643.5,1,0.08618107946410844,0.11306725626509818,0.0037876404005039587,0.07942110642594892,0.016660649537456454,0.00953333215865815
643.6,1,0.1383219748305807,0.11334774128217616,0.009019417234999542,0.08058212312987921,0.016511423648002635,0.009358046480247307
643.7,1,0.21630309704877007,0.11322697805405964,0.012580782890985163,0.08161622341841103,0.016015940505461717,0.00916407139821831
643.8000000000001,1,0.31273595808695526,0.11207916254745952,0.01409087263099193,0.08251470283135004,0.015135683339810895,0.00896330585930075
643.9000000000001,1,0.4107661353441386,0.10878454412076852,0.013682001635413615,0.08325357819994175,0.014013834984631037,0.008777021755749969
644.0,1,0.49276501711522247,0.10187437839525804,0.011830168029403523,0.08377662522450505,0.012822212209907483,0.008608459257653068
644.1,1,0.5495233874129177,0.0902458856508874,0.009199670253582936,0.0839768351724618,0.011610547388831178,0.008410156179006692
644.2,1,0.5824974891099666,0.07420815039170359,0.00641827105942641,0.08369900922361392,0.01037191300892429,0.008097855876678344
644.3000000000001,1,0.5991190524619027,0.05596812470696799,0.0038241870216040403,0.08288090569922006,0.00924901974533692,0.007610611888206975
644.4000000000001,1,0.6070083044647735,0.038794993628157304,0.0013558412315994722,0.08179827436672388,0.008568687517787103,0.006961825914687751
644.5,1,0.6113458744018857,0.02529746085062934,0.0,0.08108499848287712,0.00858893733413529,0.0062379627805781365
644.6,1,0.615019627787067,0.016245163770639948,0.0,0.08128156335745615,0.009235985760870157,0.005554817824020768
644.7,1,0.6194023088546413,0.010808717684817138,0.0,0.08224117730251247,0.01013572433905986,0.005007866073473369
644.8000000000001,1,0.6248151299492337,0.007642329496591431,0.0,0.08308694667063339,0.010886729177970766,0.004638138785912386
644.9000000000001,1,0.6308962995688275,0.005700787878289626,0.0,0.08292506752600792,0.0112886392917187,0.0044159804986621
645.0,1,0.6370658842431304,0.004402240545858201,0.0,0.08165545710492267,0.011367012620693746,0.004248404021872873
645.1,1,0.6428943977162612,0.003470960359834545,0.0,0.080066464696769,0.011257449012979353,0.0040247241719537615
645.2,1,0.6481890665713459,0.0027924613057407686,0.0,0.07916313126455025,0.011076576340799862,0.003694917679108745
645.3000000000001,1,0.6528707387858006,0.0023260085828972683,0.0,0.0794247085064253,0.010860813009517285,0.003326195449805779
645.4000000000001,1,0.6568443126831921,0.002035890451324324,0.0,0.08062430673590784,0.01060184136908878,0.0030688562985144996
645.5,1,0.6599769092716603,0.0018577499019879538,0.0,0.08220942877314583,0.01034026770006349,0.003039263079911624
645.6,1,0.6621413560303367,0.0017084264429599726,0.0,0.08376641181117339,0.010207200321732465,0.003226863514289524
645.7,1,0.663162295834182,0.0015068383602032257,0.0,0.08515351415274983,0.010345332887797534,0.003514001984588603
645.8000000000001,1,0.662422757909225,0.0011875116753185836,0.003076203445674202,0.08631586705675412,0.010798252807106326,0.003771811687944745
645.9000000000001,1,0.6579212438456027,0.0007196750898708004,0.03293696504016017,0.08710424039461107,0.01150360972338334,0.003929284910907244
646.0,1,0.6450154899623474,0.00013102095513929117,0.08326892935166044,0.08730046423976577,0.012370449629520911,0.003972521137237602
646.1,1,0.6161072330264321,0.0,0.1542249894821127,0.08675737260230454,0.013318073057696332,0.0039091001730087215
646.2,1,0.563229212247728,0.0,0.23649668613516833,0.08549443860466746,0.014257473761779287,0.003748398243001776
646.3000000000001,1,0.48386042734431006,0.0,0.31476717946857663,0.08370368087458033,0.015088890419274298,0.0035299590660598434
646.4000000000001,1,0.38611958539798624,0.0,0.37621736257740257,0.08166963217578055,0.01572918097624372,0.0033879689457570633
646.5,1,0.2874489445631304,0.0,0.41672385676174367,0.07963039595401007,0.01613338681344939,0.0035690870158364705
646.6,1,0.20582773367039767,0.0,0.4400853404602425,0.07768634186912432,0.016308555981055902,0.004324727376868452
646.7,1,0.15041029635940098,0.0,0.452827094764941,0.07584735068739161,0.016316172445430925,0.005739207540351357
646.8000000000001,1,0.11925810042735263,0.0,0.4599938759435215,0.07413510760466294,0.016241653132149342,0.0076602880521251925
646.9000000000001,1,0.10422980057387964,0.0,0.4642108288862616,0.07256662774570748,0.016171222670632833,0.009795057261148604
647.0,1,0.09704689846435613,0.0,0.46664561267606197,0.07102780562197906,0.016237782025747514,0.01185684554964052
647.1,1,0.09222252241753548,0.0,0.4679867853461736,0.06927133175441957,0.016665791633118845,0.013636773209195744
647.2,1,0.0871440367301105,0.0,0.46883030261656344,0.0671520303252862,0.01767072477966351,0.015002828013685621
647.3000000000001,1,0.0811990423464216,0.0,0.4697064335009246,0.06482911382747203,0.019247577596961815,0.015899890065224506
647.4000000000001,1,0.0748070480489526,0.0,0.4710017914261575,0.0625894831492399,0.021085168074934105,0.016372673958951877
647.5,1,0.06847886403976651,0.0,0.47287676307818693,0.06037477340035548,0.022738874106028106,0.016568668813025846
647.6,1,0.06222349883980744,0.0,0.4752435188763937,0.05748267217904768,0.023901274418757078,0.016686812639631902
647.7,1,0.05565674181408763,0.0,0.4778431035878672,0.05280664017858422,0.02452984945527887,0.016889401364628055
647.8000000000001,1,0.04860857394362269,0.0,0.48037806698135166,0.045556029828751204,0.024795898811344867,0.017224631498796873
647.9000000000001,1,0.04154404573475374,0.0,0.4826026704455915,0.035983566385802905,0.024978495491448635,0.01760593826015967
648.0,1,0.035340847563848345,0.0018374398664625267,0.48430364204356247,0.025486435567226594,0.025360501648200418,0.017874451187227483
648.1,1,0.0306615821027273,0.004836672900756794,0.4851337352143828,0.01585729944488878,0.026095716691779656,0.017916698376968656
648.2,1,0.027542846361878235,0.008926083202437839,0.4841894391033783,0.008275890545313178,0.02707960834342316,0.017745502524424847
648.3000000000001,1,0.025548393094794786,0.013690188434241682,0.47918719725431275,0.002908694303254362,0.02793867751785698,0.01747086651242217
648.4000000000001,1,0.024266110706345743,0.018398776781833506,0.4655292355806176,0.0,0.028203548561259346,0.017198481514522652
648.5,1,0.023656491896620776,0.022363490775353143,0.4365268144598371,0.0,0.027591831282098703,0.016965017498272138
648.6,1,0.023967188833104894,0.025285160202766208,0.38636340795631446,0.0,0.02621172297880869,0.016769407214733918
648.7,1,0.025344511359420528,0.02729721294666688,0.3152145111608619,0.0,0.024512274588341813,0.016654948941282714
648.8000000000001,1,0.027545508135755233,0.028727787761459095,0.23233109761392748,0.005210025169873687,0.022998802454471216,0.016738752770027156
648.9000000000001,1,0.030077686907668127,0.029854507329534187,0.152810493996747,0.024872846493492345,0.021944284444642324,0.01712525006591852
649.0,1,0.03268989214062291,0.030832170918381377,0.08953762387010306,0.06714963324208997,0.021320412671696452,0.017766760929736464
649.1,1,0.03578601092411283,0.03174918967783687,0.047158433993265025,0.14246750721299628,0.020958314855398202,0.01842162074566311
649.2,1,0.04041595716239217,0.0326989711886764,0.02262548575200917,0.2535369585714567,0.02076037615318826,0.018776500997970822
649.3000000000001,1,0.047808270353396375,0.033802357884699215,0.009907044882190616,0.3887088831896749,0.02076716758993344,0.018637219497705356
649.4000000000001,1,0.05857057721684514,0.03515598957096188,0.0038198752888906743,0.5244417243835616,0.021028147547837512,0.018066193758599088
649.5,1,0.07194981501222995,0.03673603096825522,0.0010918132154295389,0.6374101035617319,0.021426670842323938,0.017428349060728956
649.6,1,0.08593229263719905,0.03836380575474052,0.0,0.7164476718660308,0.021671331353925655,0.017311254328223336
649.7,1,0.09847764135936553,0.03980391547680438,0.0,0.7645768814958727,0.021485786439397365,0.018262833558707423
649.8000000000001,1,0.10880979508516993,0.04090804092461021,0.0,0.7919208498090596,0.02080701866936208,0.020439338468169397
649.9000000000001,1,0.11742100470037453,0.04166281220882879,0.0,0.8078686290204771,0.019801431453112833,0.023446243171663602
650.0,1,0.1249912506851738,0.042133222929243604,0.0,0.8180887286285978,0.01870797214797133,0.02654854367566362
650.1,1,0.13158728576006115,0.042400974677946394,0.0,0.825394504571983,0.017677949123502023,0.029084675750286514
650.2,1,0.13680511080405033,0.04254155550948087,0.0,0.8312109667645426,0.016741838414925846,0.03075823878434124
650.3000000000001,1,0.14034029887206076,0.042599341954251406,0.0,0.8362522146997526,0.01586699303439461,0.03165259403857331
650.4000000000001,1,0.14232335002562221,0.04253627409586163,0.0,0.8407655691701983,0.01499138303674299,0.03205935679997531
650.5,1,0.14328020054740492,0.04219219778642467,0.0,0.8447760238066293,0.014013665946947087,0.03229613205761082
650.6,1,0.14389752668506534,0.041316984221097204,0.0,0.8483004909674174,0.012828580404612586,0.032614615633945056
650.7,1,0.14478665385019154,0.039704504944464585,0.0,0.8514092728154217,0.011453527533344922,0.033200736976400295
650.8000000000001,1,0.14636746382782978,0.03737820728005636,0.0,0.8541665034552128,0.010167015413663402,0.03426257574887399
650.9000000000001,1,0.14887764813575016,0.034682665358407964,0.003393383798595923,0.856561491962451,0.00954063701735383,0.036268615733035345
651.0,1,0.15239483052290842,0.032155847208948464,0.006917549412364839,0.8584929930623204,0.01030180265912021,0.040359420966033524
651.1,1,0.15680153891208296,0.030249448991504873,0.009288825887050206,0.8597831406027798,0.013021919514008185,0.048630883743938876
651.2,1,0.16180277265096035,0.029124212486721687,0.010657845965857306,0.8601067747238212,0.017715859073341684,0.06360768906295673
651.3000000000001,1,0.16707415054651395,0.028655924980260667,0.011265543352664734,0.8586026327643256,0.023614812241563848,0.08656164678679078
651.4000000000001,1,0.17232800714450092,0.028573836704856508,0.011426546136171816,0.8528728303530637,0.029411007081203953,0.11568594639501084
651.5,1,0.17709887402945312,0.02858841722587448,0.011534687076476563,0.8374991247024103,0.033920311067674576,0.1460749009603264
651.6,1,0.18047950968767698,0.028455824533858677,0.01199087573507605,0.8034650969775364,0.036676768355426284,0.17215797834475163
651.7,1,0.18116167062787333,0.028009661824430074,0.01302017261056346,0.7410043214167551,0.038067710572774055,0.19069159594398521
651.8000000000001,1,0.17781172812731166,0.027227415449180385,0.014497395127570634,0.6465953567589717,0.039186221218083066,0.2018162744711662
651.9000000000001,1,0.1696891708707964,0.026364630541311915,0.015989876603971775,0.5294673126194672,0.04186527070538707,0.20780579831717702
652.0,1,0.15738999618752517,0.026018825934105497,0.017069616488405097,0.4101673212430102,0.04892491064193429,0.21117270714804862
652.1,1,0.14314315000667324,0.026873037177893598,0.017638229326905654,0.3100054468664332,0.06394734722986639,0.2136189597952896
652.2,1,0.12995726597711607,0.029161610937704453,0.01794057536595213,0.24006154998777646,0.08980555056276265,0.21596523665031775
652.3000000000001,1,0.11999877743128606,0.03236500251009663,0.0182764857551611,0.1988425916618391,0.12628609738841573,0.2185046664681826
652.4000000000001,1,0.11363574945733239,0.03553260329185513,0.018746545306189164,0.17793619774428973,0.16873637997906119,0.2214145947400486
652.5,1,0.10990294762807616,0.03793808015045699,0.019263039426212176,0.16844253129426676,0.20965773021057657,0.22510254387815423
652.6,1,0.10761508023623459,0.03942862724900603,0.019707715206747318,0.16393256927514943,0.24262942394024592,0.23031816050435283
652.7,1,0.10601789403880635,0.04026460692157839,0.020006779566372576,0.16075466003925082,0.2653971303926046,0.2378359014838352
652.8000000000001,1,0.10475873527322103,0.04077378889561797,0.02009521841534011,0.15744514847719118,0.2796993020477855,0.24779965426151263
652.9000000000001,1,0.10364343368539666,0.04115404141597074,0.01991327408985602,0.15384802775978737,0.28870471883816234,0.2592438680893616
653.0,1,0.10253613575381129,0.04146779755975449,0.019498820793247697,0.1502249226104821,0.29478828300308935,0.2703404216586806
653.1,1,0.1013565717785719,0.04171172012487507,0.019061830651879448,0.14673757690796285,0.2990800600379505,0.27932181179716153
653.2,1,0.09996093065447544,0.04187332237039877,0.018907047647074317,0.14337766035077767,0.3021213423725612,0.2853493735355268
653.3000000000001,1,0.09786809674179764,0.041952036313998,0.019236498813211017,0.140088062078007,0.30445136315867566,0.28863157532574313
653.4000000000001,1,0.09412581377367071,0.04195576301998465,0.0200073330418995,0.13680131729773246,0.30670785811130236,0.2897977677930667
653.5,1,0.08770492131512207,0.04189786895436578,0.020973278915093634,0.13329099581001896,0.309441181203264,0.28905528014895104
653.6,1,0.07832615990325602,0.041833642328710216,0.02186277083012142,0.12896792414314515,0.3129052646664227,0.2856187479909145
653.7,1,0.0669275306259329,0.041976972705157226,0.022536728151833534,0.12295722155246269,0.3169752156016668,0.27774520011019804
653.8000000000001,1,0.05513745986631738,0.042883610028942226,0.023016143404299614,0.11467782545060308,0.3212513494294515,0.2636593225533461
653.9000000000001,1,0.044288040872646685,0.04553264704465363,0.023391066251469875,0.1045593105062059,0.3252935903068661,0.24318693571351255
654.0,1,0.03505384161006984,0.051007321329730286,0.02369562156868799,0.09410129473089267,0.32883298226955404,0.21894079762932653
654.1,1,0.02779927653802096,0.05970906083949703,0.023838486589005798,0.08501076641902758,0.3318314467872134,0.19566288381279429
654.2,1,0.022781260882039238,0.07066794087585201,0.02365047723525257,0.07818468066504666,0.33436792246072855,0.17780184913196162
654.3000000000001,1,0.019896970283753253,0.08176899852194545,0.02302904608621816,0.07345884815490461,0.3363843364231845,0.16723220794655347
654.4000000000001,1,0.018524986964817025,0.09092269343286465,0.022045387140574867,0.07009382870926369,0.3372943508767827,0.1628988743629497
654.5,1,0.017803445831623153,0.09716505808241675,0.02089860336084251,0.06723648435522157,0.33545704819222066,0.16223347840208463
654.6,1,0.0170439202393177,0.10078399362238029,0.01982474107168563,0.0639379453543673,0.3277327251083044,0.16282778957542537
654.7,1,0.015926388726745736,0.10266114714899621,0.01925703859890734,0.05906653831208394,0.3097661913864349,0.16325459434830455
654.8000000000001,1,0.014454281763247466,0.10362225061258827,0.02041427781988695,0.05164644284373961,0.27776477236340663,0.16298762287941507
654.9000000000001,1,0.01279966149784819,0.10419663615204572,0.02613633379847738,0.04158997294885432,0.2315351095933499,0.16184970302151672
655.0,1,0.011154111206043541,0.10464738726869564,0.04124611717271757,0.030096402236639123,0.17664934373938437,0.1593474081813192
655.1,1,0.009669992603993883,0.10506001074737095,0.0712021669257586,0.01907789542689421,0.1230764625401766,0.15419947936932304
655.2,1,0.008484554901002127,0.10542815360060222,0.11849811561698438,0.009995487267289301,0.08030191883239877,0.14446182404748775
655.3000000000001,1,0.007737397303670131,0.10572888146378774,0.1789610217786484,0.003218111361095333,0.05263025079522818,0.12853454996198888
655.4000000000001,1,0.007546098090048447,0.10596584192716724,0.2420193601151157,0.0,0.038391684356992584,0.10667030143323075
655.5,1,0.007979165176093126,0.10617080048426264,0.29611909961625343,0.0,0.032827857937351955,0.08177084828290387
655.6,1,0.009023285770799836,0.10638130320265181,0.33492748669442507,0.0,0.031447129424151926,0.05839184000806831
655.7,1,0.010524082638879878,0.10661895207704392,0.3590264452493899,0.0,0.03158057576872593,0.04040127186381705
655.8000000000001,1,0.01219881694128393,0.10688064902926664,0.3728556296878964,0.0,0.03229363738025512,0.029155487373913817
655.9000000000001,1,0.013841940979662144,0.10714058584494991,0.3809075684566515,0.0,0.0337230320816305,0.023550681833172875
656.0,1,0.015581656926913117,0.10735384183841554,0.3860937828994879,0.0,0.03642383301733597,0.02145081818889784
656.1,1,0.017837343392660764,0.10744542237547282,0.3899420326225356,0.0,0.0408295616010882,0.021031036121691604
656.2,1,0.020909458758927114,0.10724932551440283,0.393146370092091,0.0,0.046951187188921016,0.021245039905167528
656.3000000000001,1,0.02462138025852798,0.10636187329960116,0.3958815202921336,0.0,0.05449695275678949,0.021640953108207857
656.4000000000001,1,0.028414106122614306,0.10397266381419532,0.3980540051365114,0.0,0.06321313679617256,0.022043090293357628
656.5,1,0.031753377287529104,0.09892655189781703,0.3996185219249767,0.0,0.07287535966036017,0.022355402528303744
656.6,1,0.03439219817013099,0.09029268885260898,0.4008639735020991,0.0,0.0828480400856712,0.022484212531019933
656.7,1,0.036305071125788166,0.07826785668538393,0.4026233548985848,0.0005742842307683932,0.0919487647696576,0.02232992807317738
656.8000000000001,1,0.03750690650604523,0.06461858465052962,0.40648962539565897,0.011157325505230827,0.09905307620495736,0.021829414058752977
656.9000000000001,1,0.03800570173595882,0.051980913544425855,0.414899786096835,0.022359983301256898,0.10379232687830431,0.020998758820335497
657.0,1,0.037907459218521365,0.04242096888526191,0.4304555282430952,0.0319159777724743,0.10657804748681297,0.019889553945597063
657.1,1,0.03751260405447579,0.03648538182598009,0.45408835159269,0.038487017376800915,0.10810429706602953,0.018479704868993915
657.2,1,0.037247490037352476,0.033421628216798296,0.4832319846804175,0.04207901998000455,0.10893955018447443,0.016667191928091282
657.3000000000001,1,0.037450336537043175,0.03205933399637566,0.5121917908780201,0.043537921071812355,0.10943134152707078,0.014450998935869434
657.4000000000001,1,0.03823010095167905,0.031482365881940644,0.5350314003539394,0.043804902916994855,0.10976604502308285,0.012115757464617722
657.5,1,0.039662031190936614,0.031190983382225746,0.5482825024477844,0.043530308079041166,0.11003340288127982,0.010168418586291708
657.6,1,0.042453417183349995,0.030981449918850237,0.551094238317712,0.04307226144647667,0.11025430022035468,0.009042554476197331
657.7,1,0.049056931411898014,0.03079971289801825,0.5439460933520545,0.04261400711505258,0.11038774176251835,0.00884970521658443
657.8000000000001,1,0.06477469090553055,0.030651466792943834,0.5284761321776634,0.042238429848789304,0.110365039327269,0.009400647335539363
657.9000000000001,1,0.09736529722640631,0.030563495581490838,0.5083250670254741,0.041961182811661696,0.11016027637058119,0.01044052782520451
658.0,1,0.1533592075029258,0.030588560336378103,0.4886698810051751,0.04176111919709392,0.10983003107449565,0.011845460407790267
658.1,1,0.2320317304384813,0.030846609004299853,0.47387705148836645,0.04161211811008887,0.10946783109066907,0.013590634370532565
658.2,1,0.32229889202451495,0.031569949729071456,0.4655068313648196,0.04150045255443025,0.10910813989759692,0.015557849171089615
658.3000000000001,1,0.40729872269105116,0.03307269891234194,0.46249259698832873,0.041422320788650165,0.10864699265861004,0.017437944317971937
658.4000000000001,1,0.47400549136408726,0.03556305989110167,0.46274889156223503,0.041377250952526264,0.10780592654100751,0.018873119755954234
658.5,1,0.5193911186333395,0.03886076634891531,0.46447587003633045,0.04138303747688665,0.10615672515541567,0.01969976671069562
658.6,1,0.5484619723850034,0.042290944568610926,0.46655245556660546,0.04154267752986569,0.10323049671233135,0.02005112525217592
658.7,1,0.5680030375987977,0.04497632228487125,0.4684440953266562,0.04222870776527917,0.09863665321500752,0.02025704654168534
658.8000000000001,1,0.5824650434542841,0.04635333651315886,0.47002361662464814,0.04449081524884511,0.09204033611040885,0.020659272836313743
658.9000000000001,1,0.5938996775985629,0.04645809909023473,0.47136964842031565,0.05068444680791052,0.0831072729099797,0.021453151320959884
659.0,1,0.603482701815607,0.04575932007808962,0.4725297060276926,0.06480719182484142,0.07182918836516854,0.022602630545232552
659.1,1,0.6122385458140023,0.04476339140808889,0.47324090103025657,0.09141709175954238,0.059189746643122786,0.02387078846823558
659.2,1,0.6207818780874044,0.04375393728590098,0.4724891535678709,0.13259427959227377,0.0472721160244866,0.02496571134458198
659.3000000000001,1,0.629015543820303,0.042796682175829166,0.46773270077542783,0.1847952984607358,0.03821751552084712,0.025696640262522826
659.4000000000001,1,0.6363402647348629,0.041880273723782946,0.45407347067722087,0.23906593857846967,0.03290298643101653,0.026025062675039123
659.5,1,0.6421915273464041,0.04102719270868247,0.42464700687112505,0.2856028461916592,0.030654873995526934,0.02602081894969359
659.6,1,0.646435802150425,0.0403433700089497,0.37374604648986837,0.31901968243834605,0.03005960995567977,0.025835382684915323
659.7,1,0.6493778443257116,0.040077698813259933,0.30195803403143623,0.3398445119472975,0.029898518641959207,0.02579144027062716
659.8000000000001,1,0.6514894990900142,0.04072400711384526,0.2190930892714197,0.3519388577668969,0.029561459127907374,0.026628859948841184
659.9000000000001,1,0.6531189362936985,0.04305204343724107,0.14075701384613917,0.35917638862665524,0.028987419447371647,0.029842618656442825
660.0,1,0.6543203558122227,0.04784899269076534,0.08011061382649758,0.3639770407500827,0.028378792245499242,0.037763909499149644
660.1,1,0.6547004778098356,0.05532738671101707,0.04163163314929671,0.367525764828577,0.027893992414640908,0.05278175542643374
660.2,1,0.6529696495708128,0.06462625234599315,0.02160682889443532,0.3703668410721501,0.027489066516713605,0.07560173374776505
660.3000000000001,1,0.6459511009441872,0.07402921472540128,0.013237847778668451,0.37273614060024823,0.02695863332956981,0.10376957628524403
660.4000000000001,1,0.6275406324836761,0.08190934287893185,0.011043746815314724,0.37471530730807806,0.026075923878174232,0.1322324410912858
660.5,1,0.5893352529379764,0.08757977544794911,0.012030097399774961,0.37635467246797905,0.024711958374663813,0.15602515658643784
660.6,1,0.5247229565073797,0.09131704453705539,0.015008743190791794,0.3777437357737412,0.022887648484868364,0.1728517726209683
660.7,1,0.4352001774972811,0.093740626029941,0.020435037715734156,0.3789950466732089,0.02078889302048825,0.18343323203964887
660.8000000000001,1,0.33344856738447254,0.09527033153186504,0.03130482934600157,0.3801881404325172,0.018818847958594783,0.18992928834215145
660.9000000000001,1,0.23839801895921847,0.09604573612069661,0.0532602953175479,0.38134145181990897,0.01772062041786568,0.1943373568253071
661.0,1,0.16502976777349584,0.09613998398386071,0.09171767365447324,0.382424764628652,0.01877412165200002,0.1979617373375719
661.1,1,0.11764540089174914,0.09573767283965336,0.1468391073908154,0.3833683658017246,0.024105829084390885,0.20156403376845775
661.2,1,0.09144685797939932,0.09512008947183322,0.21090879244736455,0.38400087161517865,0.03721851230041525,0.20549632394904557
661.3000000000001,1,0.07858517625715476,0.09453146608220006,0.2718576225106845,0.3838173143413267,0.0636945470995897,0.20970117596658633
661.4000000000001,1,0.07241628665541898,0.0940915121980182,0.32063570440829664,0.3814510336468473,0.11112204613463073,0.21380991381173894
661.5,1,0.06832399106094611,0.09381892535000812,0.35575746302131994,0.3739236933978328,0.18620199510787985,0.21739942088116862
661.6,1,0.06329353392172925,0.09369435533936896,0.3813575853918418,0.35638432605238146,0.2886157785703079,0.22022955004314854
661.7,1,0.055916826454361974,0.09368900263246356,0.40178033147565606,0.3235973822982145,0.40635819748256913,0.2223061753591107
661.8000000000001,1,0.046583960989009784,0.09376434620378103,0.4182809715647385,0.2735308190693256,0.5191317968353708,0.22379366201285456
661.9000000000001,1,0.03705586322299901,0.09387342760141053,0.42996850694582966,0.21074140391232926,0.6091900318498483,0.22490052661454712
662.0,1,0.029388518256737852,0.0939622565289885,0.43651982903886694,0.14579574542099297,0.6703498801807554,0.225815446325945
662.1,1,0.02498246127626619,0.09394780004066026,0.43935118692030545,0.08995861759374754,0.707757161776355,0.2266745876859759
662.2,1,0.02450363648423571,0.09364472948013616,0.44066348234292374,0.04941369079971373,0.7308489766742714,0.22748636402330444
662.3000000000001,1,0.028782074157646935,0.0926186575952387,0.44219737486059874,0.023825884860966644,0.7470681200473962,0.22793474049615406
662.4000000000001,1,0.04039430112890744,0.09002158240467374,0.44512001540267987,0.009176128396085172,0.7601517281561819,0.22702553829805164
662.5,1,0.06524993175407878,0.08463791166261284,0.45052317427300703,0.001110351776390299,0.7714032372244259,0.22271632358079133
662.6,1,0.11235939045333707,0.07542430861499004,0.4593367706705418,0.0,0.7811696586532221,0.21200473689396304
662.7,1,0.18951297274392326,0.06242982568203637,0.471692168165148,0.0,0.7895101032255201,0.19209565281895774
662.8000000000001,1,0.2958540564272766,0.04732866048030822,0.48678581838520574,0.0,0.7964105744553073,0.16257229143882856
662.9000000000001,1,0.4176300728353966,0.0327999981888849,0.503514455591149,0.0,0.8019374980609545,0.12706671457041402
663.0,1,0.533152846169754,0.021061221984591504,0.5209424875618792,0.0,0.8063415321170151,0.09243603377383065
663.1,1,0.6244982331809887,0.012837296890148883,0.537971067627692,0.0,0.8100224359799143,0.06534784102448296
663.2,1,0.6860963090997666,0.007567588370453173,0.5528428840170364,0.0,0.8133797847936612,0.048858911239190006
663.3000000000001,1,0.7237035659290993,0.004313049336397188,0.5633691033495554,0.0,0.8166557285875868,0.04168134984033813
663.4000000000001,1,0.746999578238991,0.00237292228384509,0.5677744946231661,0.0,0.8198489379810864,0.04011287080841469
663.5,1,0.7633763515257217,0.0013278447329789984,0.5654558928415988,0.0,0.8226912380970802,0.040475999866114366
663.6,1,0.7763787506520352,0.000873253725445302,0.557372589290298,0.0,0.8245491097054218,0.04042965922073251
663.7,1,0.7870125635805959,0.0007472224442594882,0.5459722423933976,0.0,0.8239537319177703,0.03911843365015157
663.8000000000001,1,0.7952947048751814,0.0007519929068800312,0.5341153435557925,0.0024808875763467518,0.8174585575378058,0.036800783632259707
663.9000000000001,1,0.8011938324189816,0.0007753254915848243,0.5230253120173392,0.0070293651207375555,0.7981965819913954,0.03434183321722431
664.0,1,0.8051117254413578,0.000781876912849156,0.511017597854628,0.009834415057970803,0.7559876358682385,0.03267404813614795
664.1,1,0.8079472191822623,0.0007880955556228934,0.49486671695896145,0.011032075996204396,0.6814784330866424,0.03233984744711876
664.2,1,0.8107363109300637,0.0008325510489230326,0.47296191968006085,0.011156546042208653,0.5738671217597655,0.03328169819090676
664.3000000000001,1,0.8141160483736204,0.0009460235560377257,0.44700367852629536,0.010740762043425712,0.4463036402433032,0.03494938474013843
664.4000000000001,1,0.8180057650677743,0.001130497810043865,0.420242766192513,0.010124488094793193,0.3220528798794395,0.03661887300620303
664.5,1,0.8217414685833482,0.001358032387523452,0.39408461985894744,0.009464304122582558,0.22232598937065848,0.03771276108896228
664.6,1,0.8245340680773755,0.0015861173306930831,0.3668720851938998,0.008818819544164781,0.15567284954515434,0.03794711432881034
664.7,1,0.8258492585747995,0.0017689391540781092,0.33632061949479214,0.008216445150412924,0.1173412511731405,0.03728182538517495
664.8000000000001,1,0.8253359024018206,0.0018472221899576066,0.3029540100260883,0.007685168098797731,0.0966545904963683,0.03581580066757881
664.9000000000001,1,0.8220952021820982,0.0017259240609130196,0.27072627583428344,0.0072627995544605455,0.0843099560129526,0.03376897410649545
665.0,1,0.8132657506073585,0.0012759982048836899,0.24420515619285066,0.007005232899789709,0.0750251164055295,0.0315139004556146
665.1,1,0.792557503667217,0.00039192208695222185,0.22540364357043033,0.006985472470014948,0.06680438011738422,0.029508084577855365
665.2,1,0.7506092543751564,0.0,0.21317457669780956,0.007257976391685518,0.05952553977938189,0.02810742014915697
665.3000000000001,1,0.6792679668512754,0.0,0.20484446102844395,0.0077949469954058425,0.0539445581216946,0.027415874727154177
665.4000000000001,1,0.5787926392947665,0.0,0.1979052400277912,0.00846893992470335,0.05110064743985106,0.02729152703210571
665.5,1,0.4621324868795646,0.0,0.19062347518778341,0.009153318692036227,0.05199945189458324,0.027468113783173195
665.6,1,0.35040805851465057,0.0,0.18187405370042836,0.009892167453921503,0.05738299312375015,0.02769128941708647
665.7,1,0.261594148402809,0.0,0.17066389949249694,0.010973166576802562,0.06731872179014067,0.027821272822336388
665.8000000000001,1,0.20192244673804657,0.0,0.15571606322270995,0.012787511296662833,0.0806822605650037,0.027898249444023245
665.9000000000001,1,0.1665739521173186,0.0,0.13583765662301112,0.015624182226187253,0.09508729426277865,0.02816586277654585
666.0,1,0.14652433173952556,0.0,0.11128847178380973,0.01976705038438187,0.10766653656883939,0.029023666669724817
666.1,1,0.13428151459700713,0.0,0.08470942571765604,0.026089933839751167,0.11630242805663386,0.030864838203536176
666.2,1,0.12540530559090654,0.0,0.05997451356524965,0.036675250363880064,0.12040614235552233,0.03381429908222385
666.3000000000001,1,0.1174793984767381,0.0,0.03982017987292113,0.05437483014373093,0.1207761712267193,0.03752440231000736
666.4000000000001,1,0.10902228729662775,0.0,0.024788712994059377,0.08073024805005845,0.11887310462329753,0.04124709643012989
666.5,1,0.09935624883218099,0.0,0.014153608146193061,0.11357094824134327,0.11612373702652266,0.044202345326731174
666.6,1,0.08896275135290213,0.0,0.007108908492084909,0.14695359163373628,0.11354825872610741,0.045959682162881106
666.7,1,0.07947967387552199,0.0,0.003019433610834263,0.17432243280039417,0.11166967664859691,0.04654074998534155
666.8000000000001,1,0.073528255939063,0.0,0.001254932176816676,0.19225126935937933,0.11060135539839615,0.046262282780785896
666.9000000000001,1,0.07544047182859265,0.0,0.0012842045351591825,0.20151055806493445,0.11023053060927723,0.04553664569912072
667.0,1,0.09273094548793918,0.0,0.0028377257564389247,0.20528201533064105,0.11038232224673498,0.04473490689963805
667.1,1,0.13579911196157265,0.0,0.005745698683637811,0.20682333853995508,0.11086192789230803,0.04408861684479407
667.2,1,0.21319610950883627,0.0,0.009561386168723587,0.20826097120123277,0.11140414822235321,0.043646680502266694
667.3000000000001,1,0.3238452641457571,0.0,0.013398323311364736,0.2104763391290805,0.11167661321651158,0.043330668855956586
667.4000000000001,1,0.452837720647894,0.0,0.016180513027571987,0.21346813197497536,0.11141602214114774,0.0430423259265169
667.5,1,0.5767377913492598,0.0,0.01709121288384654,0.21684388786231337,0.1105807278888522,0.04272965476172195
667.6,1,0.6757656983226564,0.0,0.015901920041793003,0.22023671788751534,0.10934048470573184,0.04238908469096105
667.7,1,0.7428765839054357,0.0,0.013050607107188986,0.22345916268685934,0.10790289052777002,0.042043564116443735
667.8000000000001,1,0.78301824670218,0.0,0.00944773044604442,0.22639804108479125,0.1063473587755207,0.041721861701791575
667.9000000000001,1,0.8057052068562237,0.0,0.006019063654947891,0.2288860103644488,0.10454940740055385,0.041443394583478864
668.0,1,0.8186402271274605,0.00010093478117579993,0.00318340362126077,0.23074171545607652,0.10209462375670672,0.04121595754639446
668.1,1,0.8260638584735513,0.0003864561387432449,0.0006572476320853878,0.23191750434455732,0.09816237950410697,0.04104311061449484
668.2,1,0.830035349703495,0.0006620955064140805,0.0,0.23256546194110048,0.09165347873622631,0.04091651637286275
668.3000000000001,1,0.8318145814000515,0.0008852130850605993,0.0,0.23294456093987997,0.08182764080061075,0.04077892304468835
668.4000000000001,1,0.8324243796742659,0.0010436188454659415,0.0,0.23322844338575396,0.069153399960934,0.04048342187709727
668.5,1,0.8327596710910016,0.0011451811318881537,0.0,0.2332584964304727,0.055545755494460496,0.039884786202398055
668.6,1,0.8335553936956869,0.0012004795390099438,0.0,0.23221326000693435,0.04351530666799954,0.03931416150469436
668.7,1,0.8352560535851598,0.0012170246651233428,0.0,0.2282536049914041,0.03481596657333385,0.04060467084779635
668.8000000000001,1,0.8378664962572001,0.0012016647369975512,0.0,0.21855944312634973,0.02972415526000386,0.04822644098173137
668.9000000000001,1,0.8409429641457262,0.0011589150879882065,0.0,0.20044454950009485,0.027411797974976025,0.06906693960244567
669.0,1,0.843795710532204,0.0010804342787529696,0.0,0.1735285248202117,0.026833559842325168,0.10929745458575446
669.1,1,0.8457955990800954,0.0009328926125372088,0.0,0.14129208360029827,0.027298895753102924,0.16920609982592083
669.2,1,0.846560677067063,0.0006620970658651064,0.0,0.10993064671490486,0.02845246345228381,0.24032593632187843
669.3000000000001,1,0.8457794729316226,0.00022854146083136788,0.0,0.08486434582876604,0.02996457638800571,0.30872786861748697
669.4000000000001,1,0.8424414895852103,0.0,0.0,0.0679653864563786,0.03134926580157685,0.36264565883254574
669.5,1,0.8333732330517561,0.0,0.0,0.05775862230964823,0.032061665272517664,0.3980301181865476
669.6,1,0.8116857924022103,0.0,0.0,0.05160607703954984,0.03173360944206892,0.4180418042885492
669.7,1,0.767066679054112,0.0,0.0,0.04747572244628393,0.030339671510108395,0.4285875073962905
669.8000000000001,1,0.6902073419820489,0.0,0.0,0.04433122744736646,0.028193205591465015,0.43449284276407113
669.9000000000001,1,0.580561671670907,0.0,0.0,0.041774203681209925,0.025792802818462218,0.43841300066745287
670.0,1,0.45133735281502685,0.0,0.015119226972200694,0.039661969050160555,0.02362521553701987,0.44149441212917073
670.1,1,0.3251255413349441,0.0,0.05150276238357071,0.037874730236510015,0.022040149747987563,0.4441988402426633
670.2,1,0.221862433479294,0.0,0.114203720695598,0.036190946062287004,0.0212037981738253,0.44670324618970514
670.3000000000001,1,0.14937283438379992,0.0,0.20273375526201945,0.03423014432850459,0.02106067051742721,0.44904893064215945
670.4000000000001,1,0.10386945020257336,0.0,0.30542526766400174,0.031412900398739015,0.0213281435229954,0.451241219422562
670.5,1,0.07700947816337844,0.0,0.40378841867458704,0.0270061668554946,0.021629878176471582,0.45330931393003415
670.6,1,0.061614425995180334,0.0,0.4823141750735372,0.02046087586021505,0.021728242114162674,0.45529409939112947
670.7,1,0.05311711989969824,0.0,0.5356949370888517,0.01199969664107875,0.021640158826787163,0.4572019425365333
670.8000000000001,1,0.04882698042750482,0.0,0.5681948640305505,0.002893145237087532,0.02153118875477917,0.45898877592728765
670.9000000000001,1,0.047068349670346385,0.0,0.5876911076907982,0.0,0.021553913331018453,0.46057918907368045
671.0,1,0.04655056959866572,0.0,0.600518526031254,0.0,0.021838822912677556,0.46185864750934646
671.1,1,0.04595874178839097,0.0,0.6100868658707155,0.0,0.022610857272241804,0.46255257607995814
671.2,1,0.043986756577036684,0.0,0.6178748123064182,0.0,0.024228201676974256,0.46187650360217963
671.3000000000001,1,0.039839747737846314,0.0,0.6245368279638814,0.0,0.027035802753496308,0.45782984935823606
671.4000000000001,1,0.03385627103655565,0.0,0.6304002245936337,0.0,0.031138892839619594,0.4463308006302984
671.5,1,0.027825766439954734,0.0,0.6356731196115525,0.0,0.03627786719198362,0.4212319798639088
671.6,1,0.024931936427722855,0.0,0.6405786944804105,0.009496051284525039,0.041888165209206615,0.3766885489282366
671.7,1,0.02976452374667277,0.0,0.645364436404001,0.02500785406894874,0.04729671777478536,0.3117653080996631
671.8000000000001,1,0.04868896362578243,0.0,0.6501908855337627,0.04110992270337001,0.051938107716771216,0.234031097875397
671.9000000000001,1,0.08946756398353654,0.0,0.6550290818099136,0.054839543759728764,0.055484065452083335,0.1580739317975418
672.0,1,0.15794200027568847,2.182382538461553e-05,0.6596632260397415,0.06445765903836607,0.05785952102367976,0.09895002954490491
672.1,1,0.2520633740110858,0.0003643020101357516,0.663775835554147,0.06997022897850784,0.05919689701430273,0.06556066406128293
672.2,1,0.35861062942377286,0.0006989946011979402,0.667018581241894,0.0725480388781686,0.059771008765201784,0.05853512453231053
672.3000000000001,1,0.458054013209655,0.001137885337871146,0.6689251704128882,0.0735564189890164,0.059905928923861616,0.07223513637991495
672.4000000000001,1,0.5350713932769332,0.001697515886146995,0.6684367970516518,0.07393460912016804,0.05986648637325336,0.09782488708315888
672.5,1,0.5855947412428604,0.0022867764618444294,0.6628338097551936,0.07411543156249628,0.05980779234931393,0.12604238838340334
672.6,1,0.6151003335531614,0.002769629791086553,0.646444684947012,0.07423279565328929,0.05982159321111273,0.14981844412569212
672.7,1,0.631871847380755,0.0030583667981810055,0.6106744598893611,0.07432173492569016,0.06000056470975631,0.16602046375551205
672.8000000000001,1,0.6420038979712,0.003159546355073511,0.5473529144952741,0.07439988574431254,0.060411003076791654,0.17518033024239263
672.9000000000001,1,0.6486393514801653,0.003143271719240404,0.4551407480167035,0.07447009042106663,0.060987683834169325,0.17959424440814953
673.0,1,0.6534474098064768,0.0030819305486780007,0.3443831156110434,0.07451469107812035,0.06148947582373311,0.18146540280306725
673.1,1,0.6578700351416898,0.0030172374539255524,0.23458169563285136,0.0745134434471452,0.06161470704619929,0.18216507321260583
673.2,1,0.66342817247463,0.0029687429494491577,0.1445547519536297,0.07447052291114607,0.06120929160323635,0.1823766011714187
673.3000000000001,1,0.6716718793706509,0.002960999815347627,0.08310765509004174,0.07442122393291704,0.060389975189286384,0.1824244026057984
673.4000000000001,1,0.6842818779964297,0.003047003536184398,0.047699126216760375,0.07441246619815413,0.059465785386527095,0.18244994001501116
673.5,1,0.7029032253027605,0.0033303134892548897,0.030146842005350744,0.07447501085472519,0.058716774154625166,0.18248220467342097
673.6,1,0.727972196514053,0.004012114410614933,0.022717801808657317,0.0745945644208796,0.058209082155460265,0.18249834728508074
673.7,1,0.7571964122888423,0.005491605896245544,0.020618814065309653,0.07466513129960976,0.057772946203220446,0.18247564532650368
673.8000000000001,1,0.785801671503054,0.008501255590767354,0.02197987909856448,0.07440677913599293,0.05711947414426419,0.1824087153017874
673.9000000000001,1,0.8092508500665396,0.014116448813844624,0.027680572927818555,0.07327024810866122,0.05599030953934847,0.1823033207650844
674.0,1,0.8260003269221269,0.023346951901346027,0.04152123170825694,0.07045089720939104,0.05426492382893323,0.1821718479253192
674.1,1,0.8375299607656008,0.036270246495150885,0.06942738173872004,0.06520891560806374,0.05200452862124083,0.1820286766915496
674.2,1,0.846076523005616,0.05136486796398103,0.11632169898565264,0.05749091191414308,0.049435494067177364,0.18186875760758361
674.3000000000001,1,0.852740979377314,0.0659423444932355,0.18152899748734833,0.04837518559782034,0.046885139104216565,0.18162000346086665
674.4000000000001,1,0.8572899010382349,0.07760075553202647,0.25643553137824454,0.039732796247693464,0.044689413231254436,0.18103859490593965
674.5,1,0.8587948178094938,0.08545239716202319,0.32766086880704903,0.03317908016430438,0.04309667528557567,0.17947763310442305
674.6,1,0.8563618134246,0.09011969342209923,0.38414348272449594,0.0292058858665159,0.04219968860829494,0.1755671479177797
674.7,1,0.8501498809818459,0.09281879873074378,0.4224464308041513,0.027224800432220166,0.04192335032092806,0.1671814423673507
674.8000000000001,1,0.8421140708228911,0.09453833999597544,0.4464644816961907,0.026280903227514037,0.04206584653439962,0.15227231505781155
674.9000000000001,1,0.8351552958132235,0.09581660342207221,0.4632142663036716,0.02566827898024157,0.04235717604410378,0.13054266534785988
675.0,1,0.8310705590207995,0.0968967273475753,0.478793636919747,0.025070743540683154,0.042486740510888084,0.10469155009279275
675.1,1,0.8294954544055846,0.09789136307204825,0.49637605533908125,0.024413948821728027,0.04208578773140514,0.07966211911516254
675.2,1,0.8288177898705554,0.09883776854782385,0.5158625939999647,0.023713990920100552,0.04073788917058951,0.06003574468100499
675.3000000000001,1,0.8277263431892213,0.09971141659661484,0.5349943137291808,0.023011752303243344,0.038128039063488314,0.04772832563950238
675.4000000000001,1,0.8258895691768968,0.10046018299149927,0.551690990106825,0.022350765242481533,0.03430711347041475,0.041801322002103916
675.5,1,0.8236702463591776,0.10104927606029207,0.5659077027299177,0.021752676164485358,0.029858976086605205,0.039942310103198764
675.6,1,0.8215192765684115,0.10148375882193542,0.5792585106170965,0.021187224987385646,0.025762274969582083,0.03994399408489826
675.7,1,0.8193904393661622,0.10179995409360328,0.5930797344030869,0.020573740470189304,0.02296031969844006,0.04032317328397406
675.8000000000001,1,0.8161372157998151,0.10204179023927168,0.6072033618045356,0.019840080101501848,0.021889304687645817,0.04034057469945576
675.9000000000001,1,0.8090363973702838,0.10223907627930655,0.6204339954374032,0.01899251283250002,0.022291934282997427,0.039841653686517424
676.0,1,0.7942142677790621,0.10239088762721575,0.631744754701482,0.018114813689277923,0.023469845096088317,0.0390260425148141
676.1,1,0.7686813089760304,0.10244004360889615,0.6409357135120568,0.017297488901614286,0.024772648580203515,0.03817487866377756
676.2,1,0.7328529618586725,0.10220460338784258,0.6484810857789615,0.01659599701868355,0.02592015310909775,0.03745724573158929
676.3000000000001,1,0.6905676396309521,0.10122623645030236,0.6549676221068272,0.016089109339531976,0.026968897353878397,0.03688851293551387
676.4000000000001,1,0.6453018544970229,0.09857719746315564,0.6604660781597269,0.01600996410046231,0.028096318188923792,0.036373595129934364
676.5,1,0.5960243244636968,0.09286994184647432,0.6639319149176889,0.016874707558840643,0.02943373960470612,0.03576150009453297
676.6,1,0.5379089944514112,0.08281339304431096,0.662837630974436,0.019495684510118683,0.0309859661203509,0.03494835391158463
676.7,1,0.4683235042028276,0.0682676570005397,0.6536502874786735,0.02471055774994138,0.03260368669620817,0.03407430768053746
676.8000000000001,1,0.3920540328908555,0.05099893990834877,0.6336972170536227,0.0327930458830825,0.034044821152357053,0.03375188512407261
676.9000000000001,1,0.3197105955460177,0.034193023897505594,0.6036848625954377,0.04292483218334439,0.03512009199489983,0.03516420425854897
677.0,1,0.26056963534062244,0.020834163499688335,0.5686234437248955,0.053326816053312805,0.035794974234791874,0.039781995139371404
677.1,1,0.21717027423308016,0.012248021430167023,0.535503014313708,0.062147627234720275,0.03615488316630363,0.04853123061460674
677.2,1,0.186299293272448,0.00791743159263877,0.508988153337599,0.0684070151796582,0.03630718722585935,0.06081766083130461
677.3000000000001,1,0.1636392810828512,0.006364404770694539,0.4883349267119625,0.0722165154645559,0.03633384462909272,0.07439863023219175
677.4000000000001,1,0.14680765538839316,0.006117751188328397,0.46740418625693225,0.07427890892172524,0.036278321499224095,0.08656268304283064
677.5,1,0.1351700271793783,0.0061824923337462446,0.4374275792548868,0.0752944252907603,0.03609691968557966,0.09568375079869053
677.6,1,0.12835585748874734,0.006085551697207998,0.3917764766071584,0.07572171575365877,0.035632253072238246,0.10177253299695417
677.7,1,0.12537109628092868,0.005747692937763437,0.33163999853000004,0.07583226735100305,0.03472261068504873,0.10578744289788825
677.8000000000001,1,0.12468175663992348,0.005306966374783763,0.269257818814717,0.07581493493146808,0.03338285562850697,0.1086471727714686
677.9000000000001,1,0.12483838859877068,0.004946388694837499,0.22438829086827078,0.07581863751809195,0.031852690358216106,0.11079864019465528
678.0,1,0.12502509594577496,0.004778875411352077,0.21398523390325574,0.07594435619317245,0.030448899246012746,0.11236437300352138
678.1,1,0.12500711612931611,0.004816915928856399,0.24171814836086328,0.0762239822879257,0.029365018179775125,0.11342901038150636
678.2,1,0.12459074032163343,0.0050040496308418145,0.29554939228781313,0.07662015958883504,0.02857365372684803,0.11415974651150833
678.3000000000001,1,0.1233630113604811,0.00525939104332284,0.355390501674339,0.07706140940792212,0.027878374670265316,0.11475117906201847
678.4000000000001,1,0.12107691314232077,0.005502127414861766,0.4045753760711053,0.07748967619728898,0.027062176254498138,0.1153242171815232
678.5,1,0.11805319891126047,0.005654030549396759,0.43654081154174496,0.07788343113090718,0.026006461659807724,0.11588636942733321
678.6,1,0.11496286717743129,0.00563649447819524,0.4535216567368223,0.07824493483766282,0.02469285574999229,0.11637807900880376
678.7,1,0.11228689702518918,0.00538238574710661,0.461027869234041,0.078568309302725,0.023152756862853893,0.11675147806033997
678.8000000000001,1,0.11010234567091147,0.004871693279038908,0.46354767658053153,0.07879954928769209,0.021468929549722862,0.1170039728025699
678.9000000000001,1,0.10826086383515203,0.004169181861290966,0.4634874417765666,0.07876626729485141,0.019796494324847664,0.11714017354474858
679.0,1,0.10655693475679061,0.003414971840454913,0.4619750144568179,0.07804225640983205,0.018320083801549304,0.11710829353596483
679.1,1,0.10467652797069985,0.002744293440760524,0.45972320967351,0.07579588319012351,0.01717997022899685,0.11677258692274163
679.2,1,0.10208217685351864,0.0021914833915110937,0.45734730607784024,0.07085266781470376,0.016435386942821956,0.11592034957708269
679.3000000000001,1,0.09803956526646355,0.0016757715531387199,0.4553357305186663,0.062269875122577194,0.016043245143462066,0.11421373746305657
679.4000000000001,1,0.09181946268195111,0.0010940382507059819,0.45394092018138565,0.05034555468785482,0.0158385087727328,0.11101815644157007
679.5,1,0.08299575843452717,0.00042623645628363563,0.453117428692997,0.0372812094163362,0.01558663350530643,0.10528051721000047
679.6,1,0.07174661597040384,0.0,0.4525748796985345,0.026546391732873677,0.015119239531482285,0.09587294895887497
679.7,1,0.05902654673930935,0.0,0.4519644239353652,0.021007346009984013,0.014426515190968343,0.08253063950756566
679.8000000000001,1,0.04642305490380875,0.0,0.451099033117786,0.02123083626816582,0.01360733175612089,0.06668781099144361
679.9000000000001,1,0.03562064688382416,0.0,0.4500230876029603,0.025395442581419937,0.01275200195753934,0.05117804442643174
680.0,1,0.027707164787234263,0.0,0.44884507770903337,0.03074857062234912,0.011899748891845011,0.03872502271600199
680.1,1,0.02276963050663102,0.0,0.44743232495168095,0.035236819066294556,0.011076843001231806,0.030474183197284184
680.2,1,0.020024324614239686,0.0,0.4450736352543542,0.03813652777477494,0.010304954883053472,0.025808206966618296
680.3000000000001,1,0.018304094990868464,0.0,0.4401219868915114,0.03966736504051844,0.009564127654673436,0.023333636390363937
680.4000000000001,1,0.016585729863523593,0.0,0.42989655786872366,0.04032870698496571,0.008809578936761826,0.021925631757206555
680.5,1,0.014402799563057745,0.0,0.4117495034887102,0.04054177805772343,0.00804717636446036,0.021059307118776918
680.6,1,0.0120221723626263,0.0,0.3857393713310459,0.04063098889428117,0.007354394507125989,0.020556546899130546
680.7,1,0.010175935881760674,0.0,0.3568767114262056,0.04088037395733928,0.006820920121647833,0.02026346039783369
680.8000000000001,1,0.009415193448172068,0.0,0.3334531276600863,0.04148742759931859,0.006502526270149009,0.019956141898126344
680.9000000000001,1,0.009636895434153284,0.0,0.3215218594261777,0.04246756655741063,0.006435915051313514,0.019443161081617102
681.0,1,0.010229964831145853,0.0,0.32084385302248253,0.043668459260574645,0.006669100767728038,0.01868689478154799
681.1,1,0.01059775503953897,0.0,0.32647847395046353,0.04493090243474805,0.007250459848394386,0.01780511904790956
681.2,1,0.01050212061263097,0.0,0.3334875073177347,0.046236770163367476,0.008163316830640706,0.01695586462801194
681.3000000000001,1,0.010058436301213607,0.0,0.33955432402938224,0.047699914669818565,0.009260988579127716,0.016222639002362673
681.4000000000001,1,0.009580707672452652,0.0,0.3443669219929065,0.04946836881047574,0.010287436321522165,0.015591443532083766
681.5,1,0.009411039525982486,0.0,0.3482088910949523,0.05166288820033132,0.010982525453597927,0.014992936818329057
681.6,1,0.009736665582969838,0.0,0.3513711010047573,0.054313396666807456,0.011175011146062657,0.014332807098030474
681.7,1,0.010491822090272683,0.0,0.35406381201522574,0.057249197517109274,0.010820360761997463,0.013507621990217171
681.8000000000001,1,0.011513054077891204,0.0,0.3563165257491085,0.060100788916731374,0.010029149779320368,0.01247400016602936
681.9000000000001,1,0.012900486544567706,0.0,0.3579455537107513,0.06251640846267574,0.009071473370524033,0.011362745948038225
682.0,1,0.015221357421295129,0.0,0.35872463697539636,0.06435217253701331,0.00827333556296511,0.010485368417119218
682.1,1,0.01920871923232511,0.0,0.3586231533892779,0.06557680431282001,0.007830785135768724,0.010127040931829125
682.2,1,0.025090937317322686,0.0,0.35789287746514004,0.06607158027184556,0.0076996816166894355,0.010290671930859831
682.3000000000001,1,0.03217020876195695,0.0,0.3569487629662052,0.06569228982300666,0.007663641887603146,0.010681254921573173
682.4000000000001,1,0.03912695511619588,0.0,0.35617230052591825,0.0645477820162483,0.007515194447849406,0.010959979985766474
682.5,1,0.04481757161513785,0.0,0.3557939928867927,0.06308387134614268,0.007189547429095763,0.010998340213764455
682.6,1,0.048905479052445806,0.0,0.35590337829027735,0.06181591336601579,0.006750177300209417,0.01092068237240731
682.7,1,0.05211184761712212,0.0,0.35650582940984865,0.061018158615914954,0.006283550015019453,0.010969262312419363
682.8000000000001,1,0.056608755465481955,0.0,0.35744315732220083,0.06067439771804466,0.005837213537836281,0.011318852981598014
682.9000000000001,1,0.0669194587567286,0.0,0.35796855972128394,0.06062487789009538,0.005443142896414523,0.011947350773560255
683.0,1,0.09027797378573958,0.0,0.35604583148324426,0.06068198274852775,0.0051561672255372604,0.012660536277217239
683.1,1,0.13429951683681654,0.0,0.34811874236503776,0.06065538667905857,0.005046161504033446,0.01327044352361864
683.2,1,0.20156005806005944,0.0,0.33043902709820017,0.06040053656807489,0.005150359818134175,0.013748568006571975
683.3000000000001,1,0.2849801252598278,0.0,0.30187057726499744,0.05998161161064438,0.005424888696992643,0.01418766077852057
683.4000000000001,1,0.3694851801399838,0.0,0.26591766397819205,0.05985535115735686,0.0057336879352413534,0.014648205378959686
683.5,1,0.44016040193055583,0.0,0.22944904824332402,0.060794063105636065,0.005892220875124088,0.015093119098831029
683.6,1,0.49009273211970517,0.0,0.19869515843990482,0.06337640273649503,0.005749362113548902,0.015460224243759375
683.7,1,0.5214212252757329,0.0,0.17615187629993231,0.06737366274653422,0.005270828467115015,0.015747923458991037
683.8000000000001,1,0.5405234820554605,0.0,0.1608148222807868,0.07166736956500944,0.004586622865005056,0.016020243240960054
683.9000000000001,1,0.5532290899522604,0.0,0.15039937348812435,0.07486256778282085,0.003972145752890591,0.01636115999441055
684.0,1,0.56359292894809,0.0,0.14295170739616417,0.07603225749196368,0.0037585942147850813,0.016841441542094302
684.1,1,0.5748892721667701,0.0,0.1371616271994311,0.07502933998789406,0.004201980344296305,0.017504243132875963
684.2,1,0.5899050166911288,0.0,0.13223966533420387,0.07237611197799508,0.005359687396581641,0.018340290846191015
684.3000000000001,1,0.6097216797760268,0.0,0.12789812442870305,0.06897528712781799,0.007051912521334322,0.019260570739410208
684.4000000000001,1,0.6328094016494655,0.0,0.12427067456442263,0.0657282924181204,0.008983526850168382,0.020113162907506872
684.5,1,0.6562323079359417,0.0,0.12163001265818216,0.0631701388458158,0.010969414837658247,0.02075467495726863
684.6,1,0.6779872644987636,0.0,0.12008710206696131,0.06135900639791592,0.013051684778866183,0.02112332028159433
684.7,1,0.6978452522769147,0.0,0.1194805067809014,0.060075068981579584,0.01537500637793466,0.02125746842597591
684.8000000000001,1,0.7161210226316869,0.0,0.11945335127357923,0.05908605399469153,0.01795174122274707,0.021250927504265122
684.9000000000001,1,0.7324393874722945,0.0,0.11957548875689304,0.05825730933507334,0.02056724095130803,0.02118175508741283
685.0,1,0.7459826524969222,0.0,0.11938594819504217,0.05752253503317928,0.022910199251458072,0.021069062289378743
685.1,1,0.7564065523537096,0.0,0.11829114469132809,0.05684004758261316,0.024778428967637097,0.02088272729122097
685.2,1,0.7640661743844421,0.0011977217501010309,0.11535083642625732,0.05619235789349962,0.026163957108881433,0.020578760077017155
685.3000000000001,1,0.7693689548779857,0.004552619778807369,0.10921170158801902,0.05561463316567386,0.0271786214038148,0.02012248416761115
685.4000000000001,1,0.7718545209958432,0.010782763963242523,0.09861990852218384,0.055236025147659275,0.027936864703183673,0.019486259494521523
685.5,1,0.7695314963416114,0.020842968492723993,0.08351737831371316,0.05533208062971365,0.028493405984765987,0.018620858912843555
685.6,1,0.7590535027042378,0.03464490209218306,0.0657773639678433,0.05634534849987259,0.02881736657802441,0.017427893365580656
685.7,1,0.737436923985204,0.0504623816274241,0.0484921825203677,0.058750854386397315,0.02877624177863608,0.015806520271318222
685.8000000000001,1,0.7049334978319018,0.06550274596940986,0.034165071319887816,0.06268312279325317,0.028190169778548903,0.013791615400138998
685.9000000000001,1,0.66665676317408,0.07740933649946681,0.023472660699461346,0.06752885626859545,0.02698083676580743,0.011645868441853183
686.0,1,0.6305973111605938,0.0854021405337236,0.015538871160460961,0.07196446277249728,0.025281460313747662,0.009761823305061533
686.1,1,0.6030967041137822,0.09016952294189182,0.009020027169377826,0.07466389653811488,0.023375407402223276,0.008457496204406327
686.2,1,0.5857248088382669,0.09292456264532399,0.0029636351555916616,0.07517211041882012,0.021544411202133764,0.007894890020117465
686.3000000000001,1,0.5756957929329343,0.09461345847751505,0.0,0.07411825975880969,0.02000679604212156,0.008170603154911448
686.4000000000001,1,0.5679083968626569,0.09572740156487977,0.0,0.07258625383807814,0.018951309333233215,0.009370492715087757
686.5,1,0.5558369693506977,0.09647997084433893,0.0,0.07132459377750096,0.018515470375284438,0.011430601146018115
686.6,1,0.5313972988338228,0.0969868818509546,0.0,0.07049377872527884,0.01868144614515673,0.013956947939501287
686.7,1,0.4864996948674156,0.09733088837769081,0.0,0.06993764630823521,0.019263482800112895,0.016293062394338177
686.8000000000001,1,0.4177904014099786,0.09757203205090668,0.0,0.06951061411316467,0.02009354369195155,0.017859306555125336
686.9000000000001,1,0.3315006082473516,0.09775711185430967,0.0,0.06918241743466778,0.021241579996786657,0.018453949577544863
687.0,1,0.24262870394521635,0.09792709125901006,0.0,0.06898703467935649,0.023007989651729385,0.01825289048002499
687.1,1,0.16709055226217215,0.09811177692157702,0.0,0.0689588244739939,0.025635127558515783,0.017590654653741822
687.2,1,0.11325770838823657,0.09831961202487118,0.0,0.06910126210631692,0.028973832741898298,0.016777623243102367
687.3000000000001,1,0.0801855519343892,0.09853507144210391,0.0,0.06937921657957082,0.03242222590567798,0.016049457085982516
687.4000000000001,1,0.062332272617645124,0.09872321011341599,0.0,0.06973204995427995,0.03522368383396234,0.015561250705719
687.5,1,0.05497200925180706,0.09883087831062011,0.0,0.07010170950989558,0.03687111826820428,0.01537055531434834
687.6,1,0.05663257631673855,0.0987701350312838,0.0,0.07045310305322373,0.037289393907613856,0.015467219520215077
687.7,1,0.06890855114815395,0.09835559424531663,0.00053908932019314,0.07076491200562698,0.036732676520559525,0.015886743332389236
687.8000000000001,1,0.09447998905283662,0.0971587030930242,0.0025630089614633784,0.07098429426626408,0.035585856667091555,0.016811910839897175
687.9000000000001,1,0.13365740471220802,0.09432320937493957,0.004621126806847125,0.07093921610667507,0.03422913610390305,0.01852157432582281
688.0,1,0.18149491426745362,0.08858342259535924,0.006987454710987252,0.07020170030577903,0.03296127463873056,0.021177818168947378
688.1,1,0.2286905408482932,0.07880212995176782,0.010805805705727412,0.06797978953862581,0.03192986135003492,0.024620693496450203
688.2,1,0.26638721606016136,0.06493974108823525,0.01885862439010797,0.06328731454747995,0.031083902979509654,0.028360087958108175
688.3000000000001,1,0.29063647230581385,0.04867169367613196,0.03618382531460513,0.0556530406498283,0.030203762019154732,0.031786963303889505
688.4000000000001,1,0.3027680500305303,0.03283324468189331,0.06931765257133385,0.046104901936206436,0.029032860497931537,0.034449092941696416
688.5,1,0.30653899547667757,0.019944780043964102,0.12284338639524135,0.0373890980853272,0.027465401701584877,0.03620976070850197
688.6,1,0.30544605929759827,0.011175396857808675,0.1945041207219722,0.0325851007138676,0.025667725744147964,0.03721044482487525
688.7,1,0.30186330841527675,0.006826247888647465,0.2734762547326023,0.03294523635294204,0.024018517240301344,0.03768541273342483
688.8000000000001,1,0.2973206440087537,0.008132924683479242,0.34511057439157505,0.03703909380006561,0.022905160220930997,0.03776549604491907
688.9000000000001,1,0.2928679904436345,0.0193400044345897,0.399088679711691,0.04207392634150475,0.02254462385651674,0.03741830264183853
689.0,1,0.28919346928509493,0.048662642709581407,0.4340753620880434,0.04592749513715552,0.022956388249977634,0.036567710058385786
689.1,1,0.2866149461099136,0.10631560215902815,0.45570644094138213,0.04802043749667333,0.024141628976994903,0.03527376478989052
689.2,1,0.2851037212105947,0.19865604750275734,0.47121271068496046,0.048812180109516476,0.026536014195689777,0.033790889926470224
689.3000000000001,1,0.2844022373207626,0.3212273897785062,0.48576601271440845,0.04895523307864647,0.031643435186960805,0.03244298094849067
689.4000000000001,1,0.2841967026360724,0.4568918586539903,0.5022868838115871,0.04886610862423403,0.04222169407066036,0.03143622600137201
689.5,1,0.2842486830329897,0.5825791606021358,0.5226866111325207,0.04870835473211326,0.061110600413093005,0.030771501486969593
689.6,1,0.2844162295313667,0.6804334738532065,0.5479172061960351,0.048510325077698674,0.08880948481399348,0.030294702830891626
689.7,1,0.28457652839228564,0.7449030224446901,0.5767444006719995,0.0482653220841677,0.12177477441288984,0.02980812570019972
689.8000000000001,1,0.2845248303325006,0.7815912909630383,0.6056339770148118,0.047986888048580076,0.1536100710780391,0.029168895320269738
689.9000000000001,1,0.28390641013508083,0.8011039960265639,0.6310363499854821,0.047723361755226956,0.17864209225326505,0.02834739276026804
690.0,1,0.2821343512221921,0.8135358439728265,0.6518895813133407,0.04753782033224928,0.19476235953507845,0.027427449187488722
690.1,1,0.2782061374732301,0.8259267330678712,0.6694679789153264,0.04747956189972217,0.20332774217563032,0.02653558975700867
690.2,1,0.2705700170844674,0.8416610409984341,0.6850337724573724,0.04757881563887854,0.2070621878894746,0.025730199635700834
690.3000000000001,1,0.2577349854688097,0.8607624168544854,0.6982894695529833,0.04785935187475606,0.20828230399568293,0.024921913768832706
690.4000000000001,1,0.2402076456071155,0.8811618895612533,0.7081109528464472,0.048324722600609354,0.20844664751086658,0.023887157405897738
690.5,1,0.22244946848485952,0.9006177544742395,0.7141892895660601,0.048909783861704914,0.20842921040815415,0.022386563061506354
690.6,1,0.211740414781507,0.9180393013357481,0.7176748227331479,0.04946998330323271,0.20873471834317825,0.020332430429700506
690.7,1,0.21324114115756548,0.9334705983657082,0.7203618244313297,0.04986228486127419,0.20950910145430232,0.01789211883177769
690.8000000000001,1,0.22587708271683604,0.9473145313108589,0.7231228661342796,0.05003214832039666,0.2105730727419166,0.015427585582244335
690.9000000000001,1,0.2439338094631163,0.9597795693256942,0.7246783926081953,0.04996733822882171,0.21160608420756402,0.013286340418815115
691.0,1,0.26264358777003427,0.970862813022787,0.7219166070610916,0.049563405996440164,0.21238166195011474,0.011590371609254975
691.1,1,0.2818914513574799,0.9805468541000263,0.7123358151848387,0.04867184050237094,0.21289269372087988,0.01018332792400366
691.2,1,0.3055810409581502,0.988854860240122,0.6971509238356789,0.04749673750136324,0.21331388178878996,0.008771991503705329
691.3000000000001,1,0.33844271307136986,0.9956337869247981,0.6819362036287814,0.0471298804228203,0.21386847448362495,0.007151695240602377
691.4000000000001,1,0.38224464978046646,0.9999999999999954,0.6732343079356463,0.04988084313323248,0.21468590929416884,0.005353833432425238
691.5,1,0.4331640851128673,0.9993995887370088,0.6737173421220848,0.05947631661559682,0.21569875724887577,0.0036201496628524205
691.6,1,0.48284786359753257,0.9887009807618629,0.6804214126722974,0.08133361477783911,0.21659014162282475,0.0022389956719389616
691.7,1,0.5233607752645723,0.9606166142332982,0.6874795842056912,0.12198796595067107,0.21673656084476964,0.0013765493084089968
691.8000000000001,1,0.5517878869014117,0.908699633193135,0.6902173090807712,0.18584506480091917,0.215021626669829,0.0010170314735067794
691.9000000000001,1,0.5703816682761621,0.8318453203226048,0.6867734760272068,0.26990146449656033,0.20955769326785895,0.001017238239131099
692.0,1,0.5832060094646461,0.7364138393519293,0.6768710270957505,0.36153348105130345,0.19785430741407023,0.0012019601190443447
692.1,1,0.5932723662552556,0.6330865590971744,0.6605230768165135,0.4437170844762049,0.17819626046189235,0.0014302436899741168
692.2,1,0.6020874567954482,0.5309474947348075,0.638693621427456,0.5043893916158192,0.1520836960696576,0.0016015948169546762
692.3000000000001,1,0.6104376432224692,0.43468571812651496,0.6145442108076757,0.5416876277880642,0.1259981509308393,0.0016227479253698052
692.4000000000001,1,0.618833759203391,0.3469263392988823,0.5926528531826332,0.5615228547142749,0.11080629434665483,0.0014082924740854185
692.5,1,0.6273893499397001,0.2712452394623385,0.5763598864509651,0.5716685954713557,0.11936997312805248,0.0009607598068087171
692.6,1,0.635698403298095,0.21140149528194468,0.5660816434604948,0.5778422055384653,0.16380168938620362,0.0004467380398462788
692.7,1,0.6430179422952761,0.16836644046651908,0.560118223361564,0.583049876034961,0.25144250850855043,0.0001293051320760222
692.8000000000001,1,0.6485435825193416,0.13955999674179856,0.5564718582421898,0.588407976164378,0.37856293850218037,0.00017176579217844358
692.9000000000001,1,0.6514744581312832,0.12091007403667732,0.5537803900111542,0.593970770434238,0.5265156780310588,0.000509656841596834
693.0,1,0.6509477944353492,0.10882372616036556,0.5512802086796945,0.5993298447974306,0.6675826417222739,0.0009236669997991019
693.1,1,0.6462757533614464,0.10057561835971653,0.548601103984499,0.6041067822602624,0.7789310989740545,0.0012179998169828436
693.2,1,0.637603839439545,0.09413664583499524,0.5456408822416132,0.6082477266316204,0.8531016527023637,0.0013321624784988625
693.3000000000001,1,0.6262990547707813,0.08829909222029937,0.5424578423102836,0.6120032380839407,0.8967777834838953,0.001338420055589677
693.4000000000001,1,0.6142351743059007,0.08273558277764209,0.5393787937977512,0.6156850042603935,0.9217365557725141,0.0013761122149931447
693.5,1,0.6021449891922233,0.07763205989963602,0.537376724799211,0.6194293516442604,0.9372719135022086,0.001565083525280096
693.6,1,0.5880520627908193,0.07320312951652784,0.5381396082837959,0.6231274074758919,0.9482817815612374,0.001938217866295169
693.7,1,0.5666305269409027,0.0694804375159633,0.5430701142080736,0.6264978362360228,0.9568137734130377,0.0024451397636760692
693.8000000000001,1,0.5302878912507123,0.0663658561476934,0.5514431553375826,0.6291412830439584,0.9637630081825952,0.003013978999858474
693.9000000000001,1,0.47294738418737853,0.06372449392800335,0.5594992955628451,0.6303744594994108,0.9696076282742946,0.003589628981505678
694.0,1,0.395560087106133,0.061412239488944774,0.5622283160530858,0.6286241856487882,0.9746181620663056,0.00412969553590632
694.1,1,0.30877851381249566,0.059288694037235336,0.5569365632549476,0.620274431049618,0.9789830611575667,0.004625457170421072
694.2,1,0.22862237166583427,0.057248827011298,0.5452532051791004,0.5986126359606389,0.9828903310605769,0.005153995074321573
694.3000000000001,1,0.16756007711339924,0.05523309952987129,0.5315906894038788,0.5547964588863359,0.9865146472771819,0.0058677584787869795
694.4000000000001,1,0.12866278781584475,0.053194415616485594,0.5197965083959063,0.4826423878334164,0.9899592894447186,0.006880464381220764
694.5,1,0.10704044624687953,0.051069166281058835,0.5111533459234378,0.385473076155754,0.9932291221416765,0.008146035153861475
694.6,1,0.09525135738340008,0.04879723259148418,0.5048400106657411,0.27884347888151567,0.9962298661326999,0.009455434113656321
694.7,1,0.08727126924479445,0.046359218565773984,0.4995362787852247,0.18433045883132373,0.9987093456459005,0.01056155956288562
694.8000000000001,1,0.07944610738274677,0.043765481096718045,0.49448831046711106,0.11788588541881798,0.9999999999999949,0.011318645386358534
694.9000000000001,1,0.0700791054244855,0.04099904073769779,0.4895422989862626,0.08234191128518362,0.9983097426701961,0.011717557029556368
695.0,1,0.05902414136843161,0.03799310493339211,0.4847125028073358,0.06946474312521597,0.9892740664550926,0.011812005299654654
695.1,1,0.0472696234424644,0.03469824171732304,0.4799306935623444,0.06772539912328371,0.9642276458145361,0.011642734658532038
695.2,1,0.036194071870995805,0.03118332654037127,0.47509899286891255,0.06861238317391846,0.9104396128150632,0.011254072402106538
695.3000000000001,1,0.026707749075068555,0.027654858300797582,0.4702145471409878,0.0683674075488992,0.8163202253508597,0.010769580134225324
695.4000000000001,1,0.018828911993026463,0.024355168239975224,0.46540335305518715,0.06659965461471898,0.6809466450620055,0.010402524075319445
695.5,1,0.011979230093528942,0.02143122429349553,0.4608752376534454,0.06422341143028687,0.5205722781642882,0.010345916376657296
695.6,1,0.0056798710497850255,0.018896025877378177,0.4568357797190268,0.062037270161628605,0.3637744403430461,0.010640231406914263
695.7,1,0.0,0.016696051423662046,0.4533457047664279,0.06021063097037659,0.23664309658964633,0.011155128010987636
695.8000000000001,1,0.0,0.01478581782022398,0.45011314527508456,0.05843552081980014,0.15015149976129546,0.01169070086223284
695.9000000000001,1,0.0,0.013129914549015577,0.44615469988280987,0.05632210730981459,0.09955431651295313,0.012083369443797762
696.0,1,0.0,0.011665192658423102,0.4391783425576485,0.05369602545593359,0.07304585799003191,0.01224334464426128
696.1,1,0.0,0.010308835763632042,0.4248621526747254,0.050653734575006854,0.06002848606432275,0.012154711815584711
696.2,1,0.0,0.009029733644601275,0.3971221016521618,0.04743208090244346,0.05397583359815017,0.011874081650019413
696.3000000000001,1,0.0,0.007907247344480596,0.35082143282205924,0.04424496847591891,0.051599147976161816,0.011513745697890345
696.4000000000001,1,0.0,0.007109416344397793,0.2863565668901808,0.041211948015919,0.05133116742551226,0.011201625432701454
696.5,1,0.0,0.006834992599523145,0.2122311668232172,0.03839106871432073,0.05225849838453781,0.011032332655114163
696.6,1,0.0,0.007343706212311748,0.14184230150948696,0.03583512204931981,0.05352111138079276,0.011009786524715584
696.7,1,0.0015269266783810834,0.009106279878413278,0.0861375807716529,0.03359616833742407,0.05415541704897747,0.010996981358848442
696.8000000000001,1,0.004166199164829943,0.012875751870202096,0.04849600631866265,0.03167861849716217,0.05331858132755763,0.01074034644705207
696.9000000000001,1,0.006265307277037013,0.01938538100333394,0.025654426297144338,0.029986845935994207,0.0506434867533422,0.010012103088565342
697.0,1,0.00774838833347882,0.028683560506166814,0.012112274352626434,0.028280672244105163,0.04639354612448707,0.008788444384264698
697.1,1,0.008673130819342494,0.03964515007148472,0.0034187632964168256,0.026125036114909853,0.041247068902204136,0.0073045054781981445
697.2,1,0.00910075695920492,0.05028378867009463,0.0,0.02290762673041249,0.03586676074457555,0.0059226598858078934
697.3000000000001,1,0.008975580724063193,0.05878940288988184,0.0,0.018091322852566934,0.0306076447186597,0.004922968166959981
697.4000000000001,1,0.008115179441348893,0.06443666575173607,0.0,0.011680416401189478,0.02557737066509044,0.004378563166815395
697.5,1,0.006373902932647271,0.06763939459662434,0.0,0.004482591042380926,0.020916571361193452,0.004179520393127647
697.6,1,0.003881955319047462,0.06931195240740597,0.0,0.0,0.01697536496406243,0.004146771692961285
697.7,1,0.0010975844680460674,0.07024095727119327,0.0,0.0,0.014200001049737886,0.0041336668861519064
697.8000000000001,1,0.0,0.07087632164317093,0.0,0.0,0.012832998468222645,0.004052021662991866
697.9000000000001,1,0.0,0.07142088227414876,0.0,0.0,0.012681836929434843,0.003844137269241499
698.0,1,0.0,0.07195653088219527,0.0,0.0,0.013133483598794501,0.00347569785539286
698.1,1,0.0,0.07251002683037668,0.0,0.0,0.013416983686915572,0.0029748434766055814
698.2,1,0.0,0.07308377912779973,0.0,0.0,0.012974509125316645,0.0024467570776550837
698.3000000000001,1,0.0,0.07367101149270755,0.0,0.0,0.011725325716317198,0.0020006749304396117
698.4000000000001,1,0.0,0.07425226038490633,0.0,0.0,0.010047583633852821,0.001651179686494995
698.5,1,0.0,0.07478522803308123,0.0,0.0,0.008498279896987428,0.001316555308694362
698.6,1,0.0,0.0752130415133389,0.0,0.0,0.007498741618813703,0.0009264732121991893
698.7,1,0.0,0.07549503798608687,0.0,0.0,0.007206916006774113,0.0005155793872564653
698.8000000000001,1,0.0,0.07563275526015287,0.0030739851253048225,0.0,0.007581900911835164,0.00020049572098104724
698.9000000000001,1,0.0,0.0756617250231528,0.03757972990827741,0.0,0.008477804360078856,7.694632988163373e-05
699.0,1,0.0,0.07560317682263364,0.08667081041041158,0.0,0.009666010627743749,0.00015491695773513014
699.1,1,0.0,0.07538027107112531,0.14424759954063424,0.0,0.010847211268604997,0.00038972342774089286
699.2,1,0.0,0.0746979266625671,0.20014748419927694,0.0,0.011729007400338965,0.0007491387502652858
699.3000000000001,1,0.0,0.07292599207972263,0.24534761893148868,0.0,0.01211661295568521,0.0012231617844397794
699.4000000000001,1,0.0,0.06913815887925678,0.2762235765378768,0.0,0.011926803075224802,0.0017711348250386261
699.5,1,0.0,0.06250652050100715,0.294654370122823,0.0,0.011153271159679134,0.0022915344237819817
699.6,1,0.0,0.05299565091621215,0.30493644685811405,0.0,0.009877016153915194,0.0026659176458972513
699.7,1,0.0,0.04182346294652004,0.3108454236243123,0.0,0.008312132255097205,0.0028227462268555865
699.8000000000001,1,0.0,0.031079423754276088,0.3147051117154021,0.0,0.006779118766874648,0.002750044845723749
699.9000000000001,1,0.0,0.022615756051448437,0.3178242551646647,0.0,0.005572742105097051,0.0024723977407127605
700.0,1,0.0,0.01713201622060892,0.3210641491056696,0.0,0.004828183358987912,0.002049356576056859
700.1,1,0.0,0.014175159991460755,0.32514310242316713,0.0,0.004489955616385418,0.001591628128023261
700.2,1,0.0,0.012808815451486346,0.33073710003611084,0.0,0.004375435298359029,0.0012456974062168443
700.3000000000001,1,0.0,0.012219982050212555,0.33825930983296854,0.00044221875425156716,0.004265842511211798,0.0011410054053685589
700.4000000000001,1,0.0,0.011910872341509322,0.34739119243356614,0.019061474820346376,0.003992168616569434,0.001336551112598821
700.5,1,0.0,0.01161092810606001,0.35699521007316115,0.03964043267270389,0.0035118389523906717,0.001778476294679581
700.6,1,0.0,0.011130888354564796,0.3658176537405622,0.0586661095477168,0.0029434362183234897,0.002268326667671491
700.7,1,0.0,0.010272686072755182,0.37335038429009565,0.07346603890437124,0.0025057464560685277,0.002488471350853577
700.8000000000001,1,0.0002423862883570636,0.008845906860885176,0.3799146692022543,0.0832534849968686,0.0023694959446690866,0.0021316978960895265
700.9000000000001,1,0.0016874043902877596,0.006787502190976794,0.3860064501545209,0.08893194779929744,0.0025445159548146247,0.0010828217066235985
701.0,1,0.0036993024724042436,0.0042858665162288515,0.39171626838541723,0.09208213310414781,0.002946399867445576,0.0
701.1,1,0.006278520343791224,0.0017663886203019403,0.39658878920859714,0.09402989503638053,0.0036166936114111954,0.0
701.2,1,0.009136520869020323,0.0,0.39955017564850065,0.09551978452333314,0.004851832705486952,0.0
701.3000000000001,1,0.011883588777359603,0.0,0.39866363258902743,0.09686465970420641,0.007019264632240258,0.0
701.4000000000001,1,0.014275721713330618,0.0,0.3912327957996771,0.09817764652282027,0.010164838226154193,0.0
701.5,1,0.016286489600299287,0.0,0.37500815377163566,0.09948316096941831,0.013803565589568054,0.0
701.6,1,0.017968079122313036,0.0,0.3502222153469096,0.10074902879626407,0.017156177745549995,0.0
701.7,1,0.019267899189709285,0.0,0.3206958206841694,0.1019223919655069,0.01964254474281184,0.0013534425757575715
701.8000000000001,1,0.019981693990977382,0.0,0.2924111943447032,0.1029704578481078,0.021190441107199167,0.00312469400093897
701.9000000000001,1,0.01988305104182014,0.0,0.2703729426675533,0.10388792084173278,0.022140490916594688,0.004487221247451455
702.0,1,0.01893241751678548,0.0,0.2566072878559407,0.10466977319154681,0.02291316770938847,0.005553240542706185
702.1,1,0.017414424010372253,0.0,0.2510434149465043,0.1052891935685877,0.023734851048013855,0.006646974185551098
702.2,1,0.015867005435234668,0.0,0.25407685919790124,0.10570795411892911,0.02457693947016793,0.008063812193000987
702.3000000000001,1,0.014792363121067948,0.0,0.26813306218344857,0.10589922023954698,0.025269304675834842,0.00986572434293394
702.4000000000001,1,0.014367193655405654,0.0,0.29644591947690446,0.1058337795884665,0.025647768447633078,0.011854028400004591
702.5,1,0.014431525688909411,0.0,0.3394913439583344,0.10538695255271914,0.025615012607348237,0.013716817564445226
702.6,1,0.014740767079518699,0.0,0.3919646996151063,0.10415554677912421,0.025102676301071093,0.015224902584334676
702.7,1,0.015149252247024177,0.0,0.4437501856197386,0.10127278081140953,0.024017138040649356,0.016329084379463604
702.8000000000001,1,0.015518684947203286,0.0,0.48508538094403797,0.09548141220087795,0.02225611236991142,0.01710433455179774
702.9000000000001,1,0.015554175545750759,0.0,0.5116909343684947,0.08575764665426358,0.019822250416519013,0.017628853514811926
703.0,1,0.014885339782639997,0.0,0.5255014803303378,0.07238538131525313,0.016986020360441834,0.01794003266070041
703.1,1,0.013387531914188006,4.9370576655853456e-05,0.5312687819605919,0.05768994014115098,0.014384981314335016,0.018093291999067992
703.2,1,0.01142846489466423,0.00043416055321589844,0.5329359864779137,0.045424049244527545,0.01292124113087566,0.01820432890507178
703.3000000000001,1,0.009799125406630452,0.0007064311904286684,0.5325018449702263,0.03875127554848154,0.013398715884793485,0.01839264659368406
703.4000000000001,1,0.009397235148739282,0.00088942291199647,0.530807808443648,0.03829142749394471,0.016046872826189402,0.01870212222601027
703.5,1,0.010893483881753405,0.0010280018518909967,0.5284322094559744,0.04197412990757328,0.020273236836696084,0.019097906185000835
703.6,1,0.014508091567614938,0.0011706238807768453,0.5259278530861785,0.04676989998013621,0.02491908923517939,0.019512252830810036
703.7,1,0.01988945452888287,0.001356261991225717,0.5237391753307369,0.05058976121472009,0.02889488353216456,0.019860907018574903
703.8000000000001,1,0.02611735135781065,0.0016022695102005918,0.5221801555784596,0.05286558552104679,0.03171182206606908,0.020032288514699955
703.9000000000001,1,0.031934748339477584,0.0018937564227999237,0.5214630086188274,0.05394548666968286,0.03353178077730212,0.019902858025523863
704.0,1,0.03622276838718718,0.0021903438582638684,0.5216659926137298,0.0543355682032272,0.03481067363422704,0.019393389702455594
704.1,1,0.03850020380564985,0.0024541307914517953,0.5226820392626362,0.05438114318206049,0.035902604117465244,0.01853477088357876
704.2,1,0.03911700606174929,0.0026731626819587176,0.524252339975516,0.05427894372436706,0.03690195224899821,0.01749433429635809
704.3000000000001,1,0.038990280196887044,0.002856502793084954,0.5260765216676873,0.054146898560550424,0.037734782457409945,0.016517584879885003
704.4000000000001,1,0.03906053419830882,0.0030115220138557776,0.527872963274844,0.05405904073582133,0.038333526022443665,0.015792236929608534
704.5,1,0.03982927250135505,0.0031298069761698734,0.5292342903922961,0.054073098360584035,0.03873812541786585,0.015325610951342753
704.6,1,0.04124098316145602,0.003188825948798296,0.5291231253681411,0.05426275953871751,0.039093820553146516,0.014944646788612915
704.7,1,0.04291152644763866,0.0031589149290382115,0.5249285475646577,0.05472058899946399,0.03959832609752885,0.014436759463104016
704.8000000000001,1,0.04448781527926933,0.0030133589799321223,0.5115022873723735,0.05550373230028077,0.04042209139576831,0.013737379091131135
704.9000000000001,1,0.045880096480106505,0.0027699958252521985,0.4815078235874024,0.05655777030812721,0.041602749474918134,0.013033508543955288
705.0,1,0.04724291232604381,0.0026190616612940805,0.4286060453042334,0.0577057964744091,0.042981022711015525,0.01270017990711621
705.1,1,0.048786592029481136,0.0031600860553593936,0.35283271970801605,0.05873794737496941,0.04427405881297395,0.013089533807324857
705.2,1,0.050612694876704244,0.0056171563519653205,0.2639426840912112,0.05951804743142087,0.04525888809021811,0.014309193218107783
705.3000000000001,1,0.05268603590923028,0.011694060663444495,0.1782869512517765,0.05999734210198159,0.04590332968297069,0.016156817688578233
705.4000000000001,1,0.05488226700303973,0.022777330185647936,0.11057739024383068,0.06012395253818034,0.046328923061226046,0.018247626808382055
705.5,1,0.05700459606346311,0.03876328292936803,0.06776752334179967,0.05971209092340115,0.046656624391244204,0.020200817885540623
705.6,1,0.05878760151172116,0.05747887429455118,0.05001523909818359,0.05833739754301216,0.04686663790693686,0.02174448701533523
705.7,1,0.05997572780710963,0.07550483573914492,0.055550347199271974,0.05537305452185342,0.04675917292828067,0.022738393094202263
705.8000000000001,1,0.06044348947932775,0.08996905630549683,0.08276855528347332,0.05031856031377473,0.04603931132850981,0.023180932758787794
705.9000000000001,1,0.06021197402147553,0.09986077827578735,0.12777900873675507,0.043331438046421845,0.04450710102816462,0.023200669137725182
706.0,1,0.05932765349669928,0.1059095571952334,0.18192141145951063,0.03547195918726071,0.04226110279661549,0.0229974878395569
706.1,1,0.057768156407331725,0.10949384249181479,0.23381768399123581,0.028248735867331218,0.03973603770742503,0.022762115618046266
706.2,1,0.05552800835988796,0.11171440800817888,0.27479804222046617,0.022761914504884097,0.03745010321394625,0.02263590200494438
706.3000000000001,1,0.05280233854616101,0.11317659757481217,0.30242445137602364,0.01921429879213325,0.0356112448026419,0.022710425088946818
706.4000000000001,1,0.05002827376905093,0.11419839458887987,0.31930596566040537,0.01713037790196019,0.03396227853864885,0.023015064997737783
706.5,1,0.04767697138082303,0.11499790486491343,0.329510117500422,0.015891564157182504,0.03206803421804568,0.023476562026633153
706.6,1,0.045960349678228735,0.11572899654031359,0.33608551041476065,0.015073136065220722,0.029769842253230736,0.02389829958883394
706.7,1,0.04470825040952395,0.11646419427266219,0.3405830736088132,0.014478946110857935,0.027332014127165127,0.024017929955934325
706.8000000000001,1,0.043523274015981536,0.11720810932008163,0.343542278163995,0.01406167529063157,0.02516572401580268,0.02364387720930669
706.9000000000001,1,0.04221026675781994,0.11793696864985084,0.34512490009954055,0.013861962557777231,0.0234868558345472,0.02278561206337989
707.0,1,0.0415582062175442,0.11863132020183374,0.3455925730972841,0.013935092696211687,0.022268874092351423,0.021663805906071656
707.1,1,0.04456206743323896,0.11928966948082122,0.3454224117054214,0.014203215064952156,0.02145911716432982,0.020575110428396114
707.2,1,0.057607951810102,0.11992942675066924,0.3451021399737274,0.014325445637096713,0.021166011667323886,0.019721416027612116
707.3000000000001,1,0.09001280454165034,0.12057902206284725,0.34493053405577123,0.013808906183037224,0.021628559904229558,0.01913721182154608
707.4000000000001,1,0.15008461792976366,0.12125388207037167,0.3450481379380058,0.012390422720334426,0.023015314379062804,0.018733072357623868
707.5,1,0.23855134328043548,0.12189953443700587,0.3456833207105784,0.01034045418102817,0.025226166902808298,0.018378793646387184
707.6,1,0.3444755300692609,0.12227686420199967,0.3475724731901349,0.008354800291198424,0.02786080443065387,0.01797732885013981
707.7,1,0.4489213497924382,0.12177393375486163,0.35249345212135735,0.007188708835664936,0.030402303749496203,0.01752167213618973
707.8000000000001,1,0.5349635827590241,0.11921775668961726,0.36348409129237896,0.007437728308330119,0.032488177234623085,0.017093080312757046
707.9000000000001,1,0.5958899610444441,0.11293987977816243,0.38389093661164947,0.00950761562956557,0.03405281164464527,0.01676403952949661
708.0,1,0.63525724510739,0.10141777440486276,0.41495387462642047,0.013480655052316657,0.03524527686567923,0.016486704648207767
708.1,1,0.660758003689728,0.08442629750504406,0.45348985876239567,0.018861714106173547,0.03624137622437099,0.01610622484232934
708.2,1,0.6785556117232369,0.0638821609537189,0.49231985560716485,0.024607940421850445,0.03713742245814904,0.01550222441212132
708.3000000000001,1,0.6917408045771454,0.04336122575521509,0.5240141229106233,0.029645805459654246,0.037973854601665795,0.01470198060035407
708.4000000000001,1,0.701537058150485,0.02632548254530122,0.5449800106063,0.033459686390087624,0.0387795200034049,0.013849109437958368
708.5,1,0.7085924874256728,0.014466230059830297,0.5563989296377423,0.03620450642973633,0.039541813309735364,0.013084139290958226
708.6,1,0.713418924346819,0.007472933463637708,0.5618489276958778,0.03835059563894403,0.040149863292354246,0.012468097783306943
708.7,1,0.7164222505201058,0.0040158654541177065,0.5644380071793199,0.040305285381594586,0.040425703413921474,0.011997003585967047
708.8000000000001,1,0.7179626213238246,0.0027582031799960357,0.565777488721968,0.0422668882345991,0.04026135600668775,0.0116533896762204
708.9000000000001,1,0.7184528033082089,0.0027336885299192202,0.5666136397819821,0.044231555377933364,0.039746391514834806,0.011435655275710879
709.0,1,0.7183683723429124,0.003301488943224999,0.567590329830769,0.04606882737578864,0.03916428808653954,0.011362339870888525
709.1,1,0.7181525791374793,0.004055217572558332,0.5694246005950936,0.0476640916829819,0.0388497706669438,0.011472481927983691
709.2,1,0.7181168925996261,0.004780332223896688,0.5729947583445558,0.04903488158117004,0.03900090284280365,0.01181947141412729
709.3000000000001,1,0.7184375451062541,0.005403511397650131,0.5796291773829163,0.05029587546511086,0.039555068930508516,0.01244623350604531
709.4000000000001,1,0.7192332118357333,0.005919643454249614,0.5908703543912961,0.05151952091270699,0.040200761559052355,0.013360914430014938
709.5,1,0.7205904531251489,0.0063284138167207645,0.6072188737162416,0.05265818227908356,0.040541705008633466,0.014551045261554969
709.6,1,0.72239934003099,0.006602461588006914,0.6269500463004047,0.05359748499783043,0.040336525371568045,0.016035015301440615
709.7,1,0.7239555845497795,0.006682563269547923,0.6466784414836393,0.0542638735065475,0.03963976537113134,0.01789457064019404
709.8000000000001,1,0.7234133175950277,0.00648678225192265,0.6635526324810436,0.054677313448034816,0.03871520068154151,0.020238076638162208
709.9000000000001,1,0.7175030380199684,0.005934072902309894,0.6769075854946701,0.054914462031624166,0.0378136898976934,0.023112630317147383
710.0,1,0.7024584867794967,0.004990670655798886,0.6877420719337489,0.0550360839333434,0.037044831983996544,0.02642959733250237
710.1,1,0.6766698327700847,0.003726551467098332,0.6967992122026024,0.05503658937975326,0.03641539673998089,0.02994166101421
710.2,1,0.6433297296280865,0.0023331291739796746,0.7030911932042213,0.05479952821739146,0.03588600672591088,0.03326731581689737
710.3000000000001,1,0.6097954232802285,0.0010599136112102745,0.7036737606101948,0.05403272001448047,0.035340160389123236,0.03596436673884993
710.4000000000001,1,0.5831246935210364,9.788350534024313e-05,0.6945823401530568,0.052268578157260964,0.03456512917010621,0.03766019860212574
710.5,1,0.565852553601922,0.0,0.6729377002013069,0.049073373361334494,0.03336885925972355,0.03818957660319352
710.6,1,0.5559774839702293,0.0,0.639592801178831,0.04442470983063998,0.03175614726356775,0.037638202904733575
710.7,1,0.5501876850627093,0.0,0.6001345660384841,0.0389274301644825,0.029956100027671174,0.03624934515384554
710.8000000000001,1,0.5464794376253302,0.0,0.5624507301718763,0.03355559105491438,0.028239984764593697,0.034275655211142605
710.9000000000001,1,0.5443966109378093,0.0,0.5324126995237455,0.029047575322805195,0.02672214327357056,0.03189755222042766
711.0,1,0.5440099332850068,0.0,0.5114859587627733,0.02544038234201857,0.025351148377587607,0.029241384684690938
711.1,1,0.5451234556672421,0.0,0.49789625539435245,0.022060499390132438,0.024048819693295788,0.026428752468361173
711.2,1,0.5471357193801486,0.0,0.4893204623228197,0.01790431348578942,0.022802223247912295,0.023584160440180357
711.3000000000001,1,0.5493191215811531,0.0,0.4846254964888025,0.012262748756905658,0.021644514175623193,0.02080907461496385
711.4000000000001,1,0.5511868134823406,0.0,0.4843825888678691,0.00550086538931817,0.020607309880079652,0.018193689465230367
711.5,1,0.552693942875489,0.0,0.49090594105224783,0.0,0.01967750177637554,0.015906532632181267
711.6,1,0.5541675803964544,0.0,0.5074434086217054,0.0,0.01873371214379537,0.014301708065832124
711.7,1,0.5560246066537219,0.0,0.535567896856474,0.009103099719340502,0.017527371721459992,0.013908991516755433
711.8000000000001,1,0.5584357299578971,0.0,0.5718604390107648,0.03443477240218041,0.015813439653005072,0.015209015662618655
711.9000000000001,1,0.5610672245782351,0.0,0.6074718051044367,0.07624570204027316,0.013576928723758116,0.01826829560807828
712.0,1,0.5628526175059181,0.0002972150578209538,0.6326375262852652,0.12968327331578108,0.011149181310780703,0.02251055046776383
712.1,1,0.561513316251506,0.0020998858682982928,0.6428960365163161,0.18513663138890185,0.009084129072789297,0.026886844553456996
712.2,1,0.5527145463370603,0.0058708056828034065,0.6411845580414477,0.2331430178263945,0.00787986405908562,0.030376180438162044
712.3000000000001,1,0.5297073000833353,0.013426634140896359,0.634187027629164,0.2693785118933459,0.007750159714456812,0.03242429515482859
712.4000000000001,1,0.48530549319726846,0.028139203565528802,0.6271761569010201,0.2958328938559991,0.00857988685232088,0.03301445662721417
712.5,1,0.4168568714616741,0.055778712340883406,0.6219875449464217,0.31796941210151386,0.010038340527798716,0.03244530961030861
712.6,1,0.33092549882051897,0.10412687080398136,0.6183444234183667,0.34064607539966,0.011740866117851554,0.031093278251876823
712.7,1,0.24226034656678427,0.17935790815016037,0.6157277243017254,0.3654168653925874,0.013384336250040376,0.029306255060807522
712.8000000000001,1,0.16620619383552382,0.27973863735631876,0.613993736592199,0.3904333738727205,0.014821280427001433,0.027384580820880414
712.9000000000001,1,0.11095232669507034,0.39209672806767865,0.6131112396627728,0.4126334605476875,0.016026586106780673,0.025571472188870365
713.0,1,0.07612742603455125,0.49658378305304607,0.6129347454593369,0.4301913618444865,0.016961083456607403,0.024034511418071378
713.1,1,0.0568804596982209,0.5773529591887984,0.613248466637407,0.443168124979084,0.017467811561145043,0.02285246362876359
713.2,1,0.04796461143918624,0.6300130019459568,0.6138674116434996,0.4525606863331423,0.01734648545558096,0.022018846803163315
713.3000000000001,1,0.04509212421851722,0.6602838762968158,0.6146725531392416,0.45941992242637303,0.01655701636455224,0.02146704387071798
713.4000000000001,1,0.04487044471110144,0.6772389204857603,0.615604949309035,0.46469239516141403,0.01534592277789266,0.021111731215708588
713.5,1,0.044945534111835536,0.6878806930261588,0.6166314409865192,0.4692005462161485,0.014169116510047125,0.020886114604674565
713.6,1,0.04434641408600698,0.695849327267122,0.6176479435119994,0.4734299832943501,0.01347253303087904,0.02075178308203845
713.7,1,0.043358155379497755,0.702580207327498,0.6182803171215313,0.477427771241501,0.013486674459916099,0.020675369642054138
713.8000000000001,1,0.04278152152201107,0.708568519428763,0.6174911789172891,0.4809955784062422,0.014159880456532738,0.020590296848752836
713.9000000000001,1,0.04308390038513469,0.7139599897151357,0.6128122848273173,0.48393881950961054,0.015248388398610495,0.02037968788740065
714.0,1,0.04400194701603502,0.7187622605401119,0.59930433888425,0.4860811064204821,0.016468914440577895,0.01990924492381703
714.1,1,0.04469190072126152,0.7229720914570132,0.5693575136275938,0.48700657152086974,0.0176003685171357,0.019086723201654943
714.2,1,0.04417211403749567,0.7266489313326465,0.5152320154051164,0.485730762554269,0.018506243536482316,0.017878161480274626
714.3000000000001,1,0.041839048821237394,0.7299058008458321,0.43464018807417304,0.4806599513575365,0.019119864592124974,0.016270316199938076
714.4000000000001,1,0.03788082381415073,0.732850108839777,0.33564713803652757,0.4702384096044028,0.019421636615857975,0.014279095963329911
714.5,1,0.03331869363725509,0.7355290380743567,0.23535786098709263,0.4542197328034926,0.01940754203420208,0.012051918416936633
714.6,1,0.029526897776761114,0.7379017079297129,0.15155068142625325,0.4345172752613664,0.01906145693450824,0.009912985529754326
714.7,1,0.027491829500084483,0.7398131094518361,0.09368088068545484,0.41431374623477946,0.01836152781000288,0.00819476986861406
714.8000000000001,1,0.02732015190897491,0.7408646080593009,0.060501853851564084,0.3955459694951938,0.017327097337803247,0.0069887483702519414
714.9000000000001,1,0.02828974684429066,0.7399598849191642,0.04459082254054356,0.3766962767496303,0.016071715222529554,0.006116050411841043
715.0,1,0.029295903295711377,0.7343683056071304,0.03815287780871106,0.3529320311845704,0.014811401141368512,0.00536564336857126
715.1,1,0.029310793258805055,0.7188032428548607,0.03577050166131947,0.3191143863623198,0.013793703218548989,0.0047190863199815395
715.2,1,0.027624668960741394,0.6860899708607752,0.034321949621018887,0.27410689779330516,0.013164856742028712,0.004338874212471331
715.3000000000001,1,0.02395857040940259,0.6308960797199973,0.032155001533012435,0.2230170486317243,0.012871287600292524,0.004407498321419677
715.4000000000001,1,0.01862514670360438,0.5551352914433514,0.02858169805504396,0.17475511761425616,0.01270886377385153,0.005007118160253628
715.5,1,0.012665311878692267,0.470177423006184,0.023636841243253975,0.1366266313158822,0.012499144653994643,0.00607901547103278
715.6,1,0.0076830647109277055,0.3921755558823236,0.01785538899455861,0.110855612359583,0.01221258640300066,0.007420638642512948
715.7,1,0.0052616694563453375,0.3333564985185892,0.011984744483598452,0.09536694354352403,0.011916820429570409,0.00874069800009165
715.8000000000001,1,0.006199759477532305,0.29659348785433987,0.0066467608195951485,0.0865728822362981,0.011652015725372162,0.00978600583207435
715.9000000000001,1,0.010011020301956945,0.2770187743547605,0.002038353065358166,0.08130923535199772,0.011400461726510049,0.010450222901186806
716.0,1,0.01508172897602418,0.26746322971061215,0.0,0.07746046568709405,0.011152658074945301,0.010766297867740955
716.1,1,0.01953236824570006,0.2624959486024112,0.0,0.07400909258621581,0.01095313937401854,0.010807897438297945
716.2,1,0.022243491922939427,0.25928142813516797,0.0,0.07080607143678441,0.01087150879745871,0.010613638027239598
716.3000000000001,1,0.023271014348655052,0.2567093799812016,0.0,0.06808861344523455,0.010938891962886624,0.010205534959711238
716.4000000000001,1,0.023450689805678458,0.2544529811121562,0.0,0.06601228922388568,0.011113523641626735,0.00966737293055443
716.5,1,0.023721803936917096,0.2524569552597429,0.0,0.06448980616913984,0.011315970696432963,0.009182551881913649
716.6,1,0.02470237980755351,0.2507181765513077,0.0,0.06330809079710774,0.011511943086416463,0.008961737753240238
716.7,1,0.026562074955722836,0.2492038263006698,0.0,0.06228139124595018,0.01176207536800758,0.009103168039494952
716.8000000000001,1,0.02903863974946341,0.24784652056130235,0.0,0.06129020827726402,0.012196745430676822,0.009513534244876765
716.9000000000001,1,0.0315881821655862,0.2465814483801335,0.015236204945470344,0.06024525577415275,0.012962427987639415,0.009968586534787712
717.0,1,0.033675526752382,0.2453823194153553,0.05038494920217195,0.05905584380250012,0.014176518961909194,0.010256909039824787
717.1,1,0.03504138650374928,0.2442576728548886,0.09153914412735176,0.05764073337713009,0.015855780959650796,0.010284599672978317
717.2,1,0.03576772016208933,0.24318976411509502,0.13116262041535273,0.05599818503017722,0.017817939364504223,0.010082992072178934
717.3000000000001,1,0.036144702371859835,0.2420269340343798,0.16257911651623555,0.05430604885656391,0.019668319280967784,0.009751165929565575
717.4000000000001,1,0.03646293625202419,0.24033810247014545,0.18324455403956647,0.05298485508836782,0.02097716602718569,0.00938021233534378
717.5,1,0.03685283598795352,0.23718117724463797,0.19477336214771912,0.05271374517812286,0.021587186204769526,0.008991546112198347
717.6,1,0.0372714215775158,0.23078486761649972,0.20061897873030582,0.054392817568996284,0.021827406056753512,0.008533980830946988
717.7,1,0.037638438462108535,0.2185194075809627,0.20409586183662864,0.058879037975540914,0.02241270286570114,0.007955300772866863
717.8000000000001,1,0.03795468226592721,0.1979094784936538,0.2080732431994053,0.06636316355045556,0.024023371173608393,0.0072745163798237705
717.9000000000001,1,0.038250715824878524,0.16872595110245298,0.21560004491536358,0.07578824909347773,0.02685286325924537,0.006575036165099447
718.0,1,0.03844784230666765,0.1344285718466811,0.22991184997131664,0.08505603146823738,0.030493316900597985,0.005950368726604499
718.1,1,0.03832789490882855,0.10092364456524781,0.25294347334648454,0.09212507088625622,0.034242880670277386,0.005481060858000542
718.2,1,0.03767773739891779,0.07326475695009925,0.28328819406797606,0.09610254575296596,0.037535318005540726,0.005242652609515421
718.3000000000001,1,0.03652281638255087,0.05336522635333059,0.31597352261019385,0.09742580774520875,0.04013481945431573,0.005297787822019793
718.4000000000001,1,0.03529329803999142,0.04038834105640041,0.3451244045232154,0.09721300380050188,0.042033358847787534,0.005672933064380964
718.5,1,0.034722183297256105,0.03241714751071952,0.3673207704031329,0.09653081897927542,0.043258119856439875,0.006347064568881445
718.6,1,0.03541221477298587,0.02756371810671502,0.382542111101033,0.09605754181388522,0.043788504996395194,0.0072472680269966405
718.7,1,0.03740878139905911,0.024347944015036316,0.3924951706889662,0.09607024744634036,0.04361080950989379,0.008241483710789184
718.8000000000001,1,0.04025202710110777,0.021886569675121734,0.3987364596159311,0.09654006584293236,0.04281754085026715,0.009159989866018767
718.9000000000001,1,0.04343812913616279,0.019920036524986764,0.4021792277791146,0.09726697629022099,0.04164625607283156,0.009878630120614717
719.0,1,0.046693395548621654,0.018522266147403665,0.4034579244158957,0.09803978138363742,0.04040840074080635,0.01042774468188873
719.1,1,0.049801125820810456,0.017703168516861885,0.40315676035131365,0.09874487232849415,0.03934274817498462,0.01103224650743124
719.2,1,0.05240958925910717,0.017241516060829232,0.40169802361323836,0.09936223033567462,0.038484760845128405,0.012018781125447488
719.3000000000001,1,0.05420597715865998,0.01680371928453979,0.39913394177274253,0.09989231562818388,0.03762266093067095,0.013628655595328837
719.4000000000001,1,0.055201339677721756,0.016153035928124,0.39508768470633515,0.10030683753252877,0.036356440326821046,0.015858489378440817
719.5,1,0.0556987763775555,0.015257443863934336,0.3890858785222407,0.10056214782454695,0.03426792888120569,0.018434955087403688
719.6,1,0.05601212244973904,0.01425364208727951,0.38124181422905584,0.10064082780010068,0.03121498017284345,0.02093211632814771
719.7,1,0.0563039148489289,0.013332290155027729,0.37266177168413317,0.10056158323045922,0.0276604481899822,0.022954429043789727
719.8000000000001,1,0.056632905153751384,0.012630007719106202,0.3649850991786188,0.10030955696025103,0.024760457142541163,0.024292487642311664
719.9000000000001,1,0.057016981426132936,0.012179224016567567,0.35942762714397525,0.09967235666158741,0.02393616936948724,0.02498758133207152
720.0,1,0.05741882577477825,0.011912503177549036,0.3562869098611184,0.09804348761983399,0.026049272679680623,0.025282436161676306
720.1,1,0.057731189080375764,0.011685837966016821,0.3552206043476054,0.09437012387841914,0.030792597528713377,0.025483731684135147
720.2,1,0.05781189107900516,0.011299527158953545,0.35576954178757786,0.08745929320655078,0.036848174109191306,0.02580418230362737
720.3000000000001,1,0.05754959836170782,0.01053304430037561,0.3576750301030897,0.07665294050344681,0.04267089516709192,0.02626764737059753
720.4000000000001,1,0.05693586902441027,0.009219097873983714,0.3610173833138385,0.06248363965982074,0.04721119746603914,0.026735643469405105
720.5,1,0.05610365636131655,0.00733595127989392,0.3662008641552466,0.04672463202079693,0.05011042024955644,0.027036152825507684
720.6,1,0.05528373690081172,0.005045087403214299,0.3735983448324906,0.03163161243729696,0.05149702999799045,0.027085903887896154
720.7,1,0.054694051922423235,0.0026262143759197307,0.3829370949526774,0.01890170850152909,0.05174478752122187,0.026901188588136896
720.8000000000001,1,0.054445934681199064,0.0003572668631385067,0.393017238595749,0.009147522002457189,0.05133414377812779,0.026512551689562073
720.9000000000001,1,0.05452533491147542,0.0,0.40223400448792845,0.0021244134285328627,0.050735619674693255,0.025893236594035866
721.0,1,0.05482394370920559,0.0,0.4095396463282043,0.0,0.0502694910839301,0.024970594046419912
721.1,1,0.055166649715652834,0.0,0.4149442223711887,0.0,0.05002551440549311,0.023699688752968975
721.2,1,0.055321020901867766,0.0,0.4191513453059528,0.0,0.0499198556442701,0.022154294518747043
721.3000000000001,1,0.055011425468555725,0.0,0.4228393572873111,0.0,0.049835547409421144,0.020593925370917913
721.4000000000001,1,0.0539809471307589,0.0,0.42630971969022785,0.0,0.049720280443324244,0.019435771513451394
721.5,1,0.0521440446984905,0.0,0.42963113609511616,0.0,0.04959114910188993,0.01907145078511917
721.6,1,0.049774367951464116,0.0,0.43288959847263037,0.0,0.04950064952469684,0.019609146887329426
721.7,1,0.04752262745456657,0.0,0.43623910631400775,0.0,0.04950614115937378,0.020795299327665467
721.8000000000001,1,0.04611967476055469,0.0,0.43979387273235215,0.0,0.049617148677344375,0.022315109394184688
721.9000000000001,1,0.04593890358077569,0.0,0.4435364433306014,0.0,0.04973151801359064,0.024424182360907525
722.0,1,0.04677404370727722,0.0,0.4473155384003409,0.0012306327733604778,0.049658589248185114,0.028694154797731946
722.1,1,0.047970370805091055,0.0,0.4508983299338048,0.006255170601233345,0.04925879348999143,0.03877142569545441
722.2,1,0.0487425303853475,0.0002455749132536892,0.45403222180521613,0.010575195830603889,0.04854919362581352,0.06095775187698897
722.3000000000001,1,0.048479080222438256,0.0005581196469326045,0.4565053689420103,0.015006570380649823,0.04763135148314831,0.10346955207013372
722.4000000000001,1,0.04695374794916161,0.0008512536145186987,0.45819701924774897,0.02063901472087282,0.046535801979641814,0.17259674147356363
722.5,1,0.044400787955489546,0.0011381921267001108,0.4590767189734218,0.027863106198565517,0.045194567095409616,0.26652706078895333
722.6,1,0.041412516716768266,0.0014532374370667392,0.45907875374625606,0.03590006930324475,0.04356283572478194,0.37232594731509544
722.7,1,0.0386853977033474,0.0018191681246285227,0.45773865380358025,0.04327312179571334,0.041721545860826804,0.47120590603593854
722.8000000000001,1,0.036727865189031476,0.0022110752934697483,0.4534704385945481,0.04881820393298431,0.03987852900320475,0.548991670024199
722.9000000000001,1,0.035691953533101256,0.002545056363824163,0.44266398702796894,0.05232169075210077,0.03832717816666179,0.6024131872975941
723.0,1,0.035556051295975825,0.0027035065016737195,0.41955575801244643,0.054335534142949025,0.03736402874813663,0.6366068415270559
723.1,1,0.03691405998218548,0.0025911528717154084,0.37830892770981334,0.0555749175630231,0.037109116252759505,0.658526518543347
723.2,1,0.04239251488418938,0.002193681636398849,0.3173644613972002,0.056519330285775576,0.03733385477831172,0.6729746195202658
723.3000000000001,1,0.05795135412827984,0.0015910195565280727,0.24301691211678444,0.05738292000676944,0.03752422257675837,0.6826007799057439
723.4000000000001,1,0.09228387252846715,0.0008988715903264849,0.16803245866600455,0.058234700835288894,0.03720075247521035,0.6891240792126883
723.5,1,0.15269347928059276,0.000184579278348486,0.1051428922103104,0.05907827985568391,0.036219567582471426,0.6938145788494572
723.6,1,0.2387703487246787,0.0,0.060773914555501955,0.05987801436832184,0.03479937888590131,0.69741352382935
723.7,1,0.33910070335119163,0.0,0.034125431940533385,0.06057983776164926,0.03330803081719246,0.7001945754530343
723.8000000000001,1,0.4356141240821416,0.0,0.020755469480539888,0.06113768503729964,0.032033073122332806,0.7022479730548341
723.9000000000001,1,0.513315028132269,0.0,0.016065372128777972,0.06152741892782774,0.031096064695144896,0.703710532920413
724.0,1,0.5673270848655109,0.0,0.01633559041745146,0.06173647164466272,0.030487888802993367,0.7048100874778019
724.1,1,0.6019869605048913,0.0,0.018499102007887486,0.061734235608288626,0.030108130025691942,0.7057974737648258
724.2,1,0.6248272883534186,0.0,0.02023258706304754,0.061451403001779925,0.0297722841922156,0.7068625682543975
724.3000000000001,1,0.6419492980427798,0.0,0.02040351524827812,0.06081185128288263,0.029266323594379095,0.708058492439828
724.4000000000001,1,0.6575800274142001,0.0,0.019159510490376206,0.05981239276329391,0.02847213714968006,0.7092111230267879
724.5,1,0.6754342765978474,8.608921713919181e-05,0.017395551048929325,0.05854368441515129,0.027439251213728574,0.7097307609944691
724.6,1,0.6985298149629967,0.0002610259373475688,0.01596976549277395,0.057031066805649545,0.026315857734637203,0.7081072047563265
724.7,1,0.7272075183830424,0.0004179988584193648,0.015212043674612877,0.05493266534036502,0.025253336735439426,0.700885057095923
724.8000000000001,1,0.7581826343362172,0.0005514615962882642,0.014955575126682165,0.05134121313324746,0.02442977276314631,0.6816274206895373
724.9000000000001,1,0.7866710572879013,0.0006501691953886432,0.0148649768857949,0.04500632171157494,0.024119632609646634,0.6416797562671194
725.0,1,0.8098041644361951,0.0007129095093603865,0.014682720110046316,0.03509320042662237,0.02461143027936806,0.5745571965147181
725.1,1,0.8278517922704444,0.0007485583156916185,0.014264275328478439,0.02208111235062646,0.025970416997961588,0.4823055692637909
725.2,1,0.8425970851894108,0.00076763540008718,0.013552559777966405,0.00797305315741175,0.027889456700950988,0.3778134949061384
725.3000000000001,1,0.855396968573646,0.000777264943697081,0.012612055880067552,0.0,0.02980276696123455,0.27884333504767983
725.4000000000001,1,0.8669293623113002,0.0007839376558295573,0.011645880577331577,0.0,0.031160180580011066,0.1981818095765445
725.5,1,0.8780089970770313,0.0007984011810003248,0.010888286209539253,0.0,0.03165380880464385,0.13898956658135944
725.6,1,0.8898089095939228,0.0008365374775008243,0.010415613719752567,0.0,0.031302450504480675,0.09797762715632961
725.7,1,0.9030540451085617,0.0009177987833067189,0.010015476725533302,0.0,0.03039374262128004,0.07059811168677814
725.8000000000001,1,0.9172411131894997,0.0010649954852461603,0.009213474477966957,0.0,0.02931826123473084,0.053117563793798145
725.9000000000001,1,0.9307580270057869,0.0012993255148633816,0.007478335772943774,0.0,0.0284052854525005,0.04236912735454707
726.0,1,0.9414756148405238,0.0016184012909292592,0.004540656816597969,0.0,0.027886217727755225,0.03573680822945231
726.1,1,0.9472576195735669,0.001963193872344161,0.000651962934704891,0.0,0.027947259567997654,0.031572814886358117
726.2,1,0.9467986913072559,0.002207672700863022,0.0,0.008661392460743744,0.028692921802381866,0.029107331366673588
726.3000000000001,1,0.9407389732410592,0.002200906367451132,0.0,0.021578349666504775,0.02998342560580644,0.02788321747245036
726.4000000000001,1,0.93164492649262,0.0018486662656185967,0.0,0.0323591075692967,0.03136308873436291,0.02739325599553489
726.5,1,0.9223279940243777,0.0011812457063826378,0.0,0.03989867379213483,0.032272370868023856,0.027130560050041032
726.6,1,0.9141969658832488,0.000353056768983599,0.0,0.044513327145246716,0.03241973368836924,0.026769148458797114
726.7,1,0.9070946769795802,0.0,0.0,0.04726637536464692,0.0319814634447406,0.026236321151320668
726.8000000000001,1,0.8997962065228038,0.0,0.0,0.049215390857542646,0.03145099397735004,0.02566673886729171
726.9000000000001,1,0.8898374181978657,0.0,0.0,0.05107044132033457,0.03127642374447982,0.025269945158677566
727.0,1,0.873248895641497,0.0,0.0,0.05314371035200327,0.03157571208422049,0.02513911895960919
727.1,1,0.8460231601457175,0.0,0.00052608201272139,0.055382471225550164,0.032116165466560466,0.025129149024985708
727.2,1,0.8074702030501368,0.0,0.0023415408297424462,0.05751391467011161,0.032519791969131434,0.024949212122474758
727.3000000000001,1,0.7625537113741856,0.0,0.00392024603523171,0.0593084038788409,0.03248734656635519,0.024416500640958023
727.4000000000001,1,0.7200367646321852,0.0,0.005194127878828939,0.060754399478946446,0.03186264507226533,0.023627713732370343
727.5,1,0.6873052449639873,0.0,0.006236617979538502,0.061991588409732484,0.0305633134722129,0.02288308347803104
727.6,1,0.6664156880843858,0.0,0.007041274327005497,0.06313404029371286,0.028547572220278095,0.022446758287014104
727.7,1,0.6542348938023459,0.0,0.007465355823139467,0.06419912709857149,0.025892634150238243,0.022348240027610225
727.8000000000001,1,0.6449207597295775,0.0,0.007412456923249838,0.06516509939497293,0.022878019512461358,0.022346915537206104
727.9000000000001,1,0.6317832800797845,0.0,0.007032176640029583,0.06603209295072782,0.019947480463052482,0.0220644959694271
728.0,1,0.6087081312155638,0.0007331454528656171,0.006698997998595367,0.06681528816684194,0.017552519334659372,0.02122834849531436
728.1,1,0.5737402117544564,0.0013688583945348379,0.006773396774486329,0.06750265634597066,0.01597126641246333,0.019904474379032172
728.2,1,0.534426865701821,0.0017963485054280888,0.007386997678948086,0.06801820396449591,0.015197736090162638,0.018547291229724323
728.3000000000001,1,0.5085264150570314,0.0020358698056292357,0.008455008292638386,0.06817860865747204,0.014968609433427402,0.01777095216216303
728.4000000000001,1,0.514260635301234,0.002142297981587844,0.00983550509798329,0.0676284088751269,0.014925697580144915,0.01796350179699389
728.5,1,0.5557098136492755,0.0021443587796182934,0.011408343837025213,0.065833167457607,0.014800100085087576,0.019034162800119873
728.6,1,0.6180536733906222,0.002046853020463136,0.013029116422445171,0.06228618913207882,0.014480734494928413,0.020495886159116405
728.7,1,0.6786823525123686,0.00187201773917433,0.014507101558239007,0.05692996376512343,0.013963595413347652,0.021785744582109367
728.8000000000001,1,0.7227872239315553,0.0016724763617551222,0.015666921484738677,0.05045184770804058,0.013293970178857764,0.02253495358434602
728.9000000000001,1,0.7489655235878109,0.0015026431788160292,0.016394169914507987,0.04404781546453985,0.012554837440507722,0.022626040199989095
729.0,1,0.7635871750054442,0.0013910006845479698,0.01662149028385659,0.03873134040892913,0.011850452535319371,0.022126622198274496
729.1,1,0.7730069439354373,0.0013392979540813,0.01633340951622245,0.03475698252442976,0.011257648516675565,0.021251696169933876
729.2,1,0.7802841586410085,0.0013359971498586663,0.015606205356297803,0.031554525168117076,0.01078859225725925,0.02036016748855358
729.3000000000001,1,0.7859976161932125,0.0013672288416434883,0.01459254781725684,0.02803039023191584,0.010396086583150723,0.019880794746177054
729.4000000000001,1,0.7899914075554302,0.0014223550724706021,0.013459600915706778,0.022984434459406133,0.010009816502876617,0.020134858056244667
729.5,1,0.7923123433199485,0.001495105661837667,0.012437234003229287,0.015658652762714595,0.009584750544608332,0.02116370079325369
729.6,1,0.7933276644738059,0.0015806023330780302,0.011983084406209401,0.0063614647049883895,0.009131188035024359,0.022698698931611586
729.7,1,0.7935258881390268,0.0016709287419614722,0.012761126775521853,0.0,0.008694948565781124,0.024312899396970466
729.8000000000001,1,0.7933064740452844,0.0017513737248738837,0.015227302962648657,0.0,0.008310026582442351,0.025669273698642383
729.9000000000001,1,0.7928797055396052,0.0017948634992671735,0.01918318653989432,0.0,0.007976315386018281,0.026700206845239747
730.0,1,0.7923022579592545,0.0017510719829987784,0.02393025361577142,0.0,0.007667569122764987,0.027574284911572194
730.1,1,0.7915848567982577,0.0015344190063255922,0.029140235620131048,0.0,0.007344204792558944,0.028476151808894134
730.2,1,0.790744524835183,0.0010280156893129168,0.03593020094314523,0.006900382388080868,0.006971204285843199,0.029412254252505182
730.3000000000001,1,0.789707473704088,0.00012452634047423352,0.04757694302179857,0.018774352389109728,0.006539640087589776,0.030218984048804458
730.4000000000001,1,0.7880503993071324,0.0,0.06926590593552036,0.028930801726523164,0.0060621711878139275,0.030717763831537792
730.5,1,0.7845207010715878,0.0,0.1059951744690032,0.03614766447878065,0.005542429308207095,0.03083751181941661
730.6,1,0.7761258662568606,0.0,0.15874697174040592,0.04066811193102194,0.004972757526711862,0.030620936910568268
730.7,1,0.756933063164639,0.0,0.22166927161831104,0.04355792991033665,0.004389695286134305,0.03015825598313309
730.8000000000001,1,0.7180197961948217,0.0,0.2837881927627942,0.045951910134965177,0.003932855878182741,0.02952744090286723
730.9000000000001,1,0.6508921674154,0.0,0.3349274701942155,0.048654720140305044,0.0038222525305483973,0.028799842531343864
731.0,1,0.5543125811179158,0.0,0.3708885072972866,0.051985376247347774,0.004228795026716142,0.02810038956145638
731.1,1,0.4393670561926294,0.0,0.39367727005089165,0.055705763545400584,0.005116535471908128,0.027624227096044132
731.2,1,0.32627928114547367,0.0,0.407841939604213,0.05915834609175017,0.006203299494720604,0.027537182505864146
731.3000000000001,1,0.23350994734403796,0.0,0.41710234014988723,0.06167759366834275,0.007117434030144409,0.02783507463331058
731.4000000000001,1,0.16819401202926543,0.0,0.42350018136575884,0.0629868720722482,0.007636378611231287,0.028313499790148067
731.5,1,0.12582497382262264,0.0,0.4280999013836704,0.06325670487879576,0.007792338173608985,0.02868918150289059
731.6,1,0.0974098663433211,0.0,0.43163975946672906,0.06286205745058138,0.007771515173984929,0.028748053547434163
731.7,1,0.07630015199094106,0.0,0.4347206352805587,0.062125931456624706,0.00774733512856336,0.028375373905393773
731.8000000000001,1,0.06009811149715883,0.0,0.4378089266951228,0.06122962280425905,0.0078116856688184005,0.027472307388715835
731.9000000000001,1,0.048875158635596085,0.0,0.4412067362144645,0.06025602659642223,0.008009454934428822,0.025902070900421913
732.0,1,0.042804296863048236,0.0,0.44505085959453833,0.05925905073095948,0.00837083682610791,0.023573998883643782
732.1,1,0.040886435396329246,0.0,0.4493875622817195,0.05830078659391352,0.008889225966880243,0.020610321949852458
732.2,1,0.040951982889610855,0.0,0.45417837235486036,0.057447662074462454,0.009492661859775788,0.017422403067460488
732.3000000000001,1,0.04053736571585469,0.0,0.4591296538415323,0.056719110984534214,0.01006240444603049,0.01456689981409014
732.4000000000001,1,0.038029767353683006,0.0,0.46360909280162005,0.05598784734823357,0.01048746367999086,0.012444586526355005
732.5,1,0.03337654500502478,0.0,0.46691194470483316,0.05490936606851472,0.010714247943327862,0.011087733396992313
732.6,1,0.027864681853184473,0.0,0.46861873504756146,0.0530388464047812,0.010769546449415341,0.0102287144045804
732.7,1,0.02311928022374881,0.0,0.4684996957068364,0.05017003052207303,0.01074594777885984,0.009554157087650141
732.8000000000001,1,0.020113548940243666,0.0,0.46574646405347586,0.04662074202091092,0.01074305141262129,0.00888090991621995
732.9000000000001,1,0.01894927673640807,0.0,0.45798285564511354,0.04311289972060704,0.010794661970328896,0.008168432043211264
733.0,1,0.019489769263857877,0.0,0.44119070556047313,0.040294747080825775,0.01084691834063434,0.007500220229023329
733.1,1,0.02239253655227829,0.0,0.4116683354762349,0.038348323419814374,0.010812754067842958,0.007087912528578969
733.2,1,0.030143496385913023,0.0,0.36945814598767085,0.0369530061905924,0.01064192813427026,0.007187857763299913
733.3000000000001,1,0.04784431492655379,0.0,0.3203359518210626,0.03544319615091032,0.010328776054383234,0.007905675873864256
733.4000000000001,1,0.08316973570068993,0.0,0.2737954931344727,0.03299192446949561,0.009867071660416655,0.009055389028963488
733.5,1,0.14450940677997598,0.0,0.23847214872603814,0.028942923400502883,0.009240890498275648,0.010220972015128124
733.6,1,0.23695506734315008,0.0,0.21943480100442572,0.023315274156777362,0.008493246003692606,0.01097736327885983
733.7,1,0.3577291002739728,0.0,0.2191477128123785,0.017078842218142855,0.007783576879132718,0.011112879525169346
733.8000000000001,1,0.49428339838066065,0.0,0.23891511132126644,0.011836102889504959,0.007315195463286443,0.01072899224182683
733.9000000000001,1,0.6275182544029049,0.0,0.2774510487826556,0.009137570007369583,0.007168054461865303,0.010171403985355987
734.0,1,0.7392257210259163,0.0,0.32822912896878836,0.009932374510335297,0.00722176520578486,0.009818151382834364
734.1,1,0.8194726831991677,0.0,0.38018687342140284,0.014289507186334672,0.007275539034694684,0.009849741188093657
734.2,1,0.8693011442584444,0.0,0.42278076169149803,0.02129075979797547,0.007250344846961556,0.010177336979678323
734.3000000000001,1,0.8974887529392235,0.0,0.4510889920057122,0.029251552912185508,0.007264391946239009,0.01057630536181049
734.4000000000001,1,0.9143779134559168,0.0,0.46662254447469875,0.036427077809936675,0.00750002750369162,0.010873889131240847
734.5,1,0.9271881158523535,0.0,0.4741694896276905,0.04179883162452134,0.00799353509106883,0.011026533864395971
734.6,1,0.9389409365883019,0.0,0.4781871047095787,0.045298265869150214,0.008570174472135069,0.011083946072908973
734.7,1,0.9499397587314118,0.0,0.4812247872398252,0.04740575360179328,0.008993071411719077,0.011130278668437557
734.8000000000001,1,0.9596076088000076,0.0003000629873183243,0.4842439759277431,0.04864945723962382,0.009150845370173775,0.01123935567743864
734.9000000000001,1,0.9674854385202734,0.0013365203842169815,0.48747755027991624,0.04939682953924582,0.009087918202465902,0.011426224999556256
735.0,1,0.9734762166647185,0.0023945176926093276,0.490933042148028,0.049881446801075216,0.008896488225838214,0.011609834033679258
735.1,1,0.9778108903992213,0.0032911885837964496,0.4945178682246866,0.0502593775396748,0.00863028457523131,0.011640006921890489
735.2,1,0.9809726020509938,0.003916864724293078,0.4980791879337657,0.05061872634835356,0.008324736074109544,0.011404731588732335
735.3000000000001,1,0.9835885731585843,0.004279793125045196,0.5014596482891417,0.050973748366916635,0.008071675060597965,0.010956129752392874
735.4000000000001,1,0.9862762782990987,0.004474209535049022,0.5045286032896079,0.05127778186950613,0.00804087257678045,0.01054659360089077
735.5,1,0.9894735050175493,0.004626130761620538,0.507202131928791,0.05145889573815301,0.008386120660757515,0.010499892517655433
735.6,1,0.9932789519295129,0.0048631307989118544,0.5094825585517121,0.05147107099106252,0.009100321513359924,0.010978928422378763
735.7,1,0.997253621150871,0.005304836142194032,0.5114689057284441,0.051354541949826964,0.009978494444901606,0.011847851806833974
735.8000000000001,1,0.9999999999999882,0.006045688308053154,0.5132588346362607,0.05130071179557397,0.010755642321772884,0.012768962891090961
735.9000000000001,1,0.9983122436767251,0.007117894446078616,0.5146927146334781,0.05172501470818716,0.01128544425765551,0.013444610004599353
736.0,1,0.986087166348267,0.008454234945267229,0.5148650752560101,0.053366979021359694,0.011585608509090033,0.013779673100863407
736.1,1,0.9540198020938059,0.009887730835845203,0.5113101819307855,0.057368084739794184,0.011745087169602835,0.013844931958137689
736.2,1,0.8916245775662615,0.011209703971348978,0.4991320078396953,0.06505610260668432,0.011823938872726378,0.013715339396079726
736.3000000000001,1,0.7921736690452102,0.012261538135923703,0.4712188861198847,0.07713154315526212,0.011830632274011365,0.013344858459148894
736.4000000000001,1,0.6586296625228061,0.012996100400907443,0.4210304872813399,0.0926120358433422,0.011747098597090408,0.012589576481469649
736.5,1,0.506377506676277,0.01346284111318208,0.34766144012928873,0.108692471097581,0.011541729845443058,0.011367053181000102
736.6,1,0.35922609452541615,0.013740746016659013,0.25956830782202667,0.12215147986326444,0.011168388573415436,0.009813219191282373
736.7,1,0.23959528280610592,0.013887246630330701,0.17253543336548408,0.13122154830728225,0.01058476016891326,0.008273584591302546
736.8000000000001,1,0.1589047431912736,0.013935290188122158,0.10192946154113491,0.13623006163701792,0.00978522728861121,0.007113666085566704
736.9000000000001,1,0.11469708675705885,0.013907498169826915,0.055085912791579324,0.13871795787461935,0.008816416191051654,0.006520440737687847
737.0,1,0.09558389531959234,0.013808740551000282,0.029743583046954482,0.14017369463948098,0.007776215839431449,0.0064600304750686765
737.1,1,0.08906712537911635,0.013603445902655444,0.018452744391676098,0.1413920326791493,0.006810851697709682,0.006769823595939928
737.2,1,0.08661928673281331,0.01321569003588215,0.01404979412908601,0.1425439495291832,0.006103905211382437,0.007252633389598267
737.3000000000001,1,0.08441020101311217,0.012574713303493794,0.012300870186083633,0.14353331076122242,0.005862345794398289,0.007718626238835356
737.4000000000001,1,0.08159813273669064,0.011683250787112907,0.011606532554280362,0.1442622220729704,0.006302321178972542,0.008020398720217608
737.5,1,0.07849802350535472,0.01065088496166779,0.011581823638110746,0.14468404790853565,0.007581275598776867,0.008099032423305046
737.6,1,0.07556676219736737,0.009651512151428449,0.011900981027118005,0.1447526603745359,0.009648184180238346,0.007987390896287671
737.7,1,0.07306862051736507,0.008831871769464763,0.011876820469560715,0.1444193679242225,0.012132141271778852,0.007741588459944888
737.8000000000001,1,0.07106618653222214,0.008246484834724677,0.010702747096962725,0.14369774658824214,0.01443956992548911,0.007356597804879061
737.9000000000001,1,0.06955022284554395,0.007862830422189292,0.007969543922741327,0.14271059980834916,0.016054988283538952,0.0067399130290452585
738.0,1,0.06867583864081964,0.007607748066892777,0.003948677647555494,0.14166319445875378,0.01683900813361292,0.005759815140550426
738.1,1,0.06914950204574384,0.007398208455378817,0.0,0.1407538396570027,0.017110367980630623,0.004332330898593453
738.2,1,0.0728752987009232,0.007137096068300763,0.0,0.14005013755779003,0.017454235167434638,0.0024977386280481957
738.3000000000001,1,0.0838419944950195,0.006703240914886849,0.0,0.13938469876699325,0.01837200447416389,0.00045198998191438663
738.4000000000001,1,0.10846473109764052,0.005974426862182262,0.0,0.13837821540377493,0.01999206321584795,0.0
738.5,1,0.153637358814967,0.00488981109440491,0.0,0.1366285056177363,0.022033114637689404,0.0
738.6,1,0.22180037473292136,0.0035118419749819983,0.0,0.1338795984850041,0.02402895122314124,0.0
738.7,1,0.3062433999343451,0.002024690623533098,0.0,0.12997472924522985,0.02561964598529098,0.0
738.8000000000001,1,0.39210628467122366,0.0006422162305092867,0.0,0.12478831321461528,0.02669389642612682,0.0
738.9000000000001,1,0.46403753336700043,0.0,0.0,0.11847731008875179,0.027341610543210233,0.0
739.0,1,0.5142476822201387,0.0,0.0,0.11180229921205503,0.027732615554087323,0.0
739.1,1,0.5442479675650029,0.0,0.0004644833067484823,0.10587227069985403,0.028027311107398516,0.0
739.2,1,0.5604968016673999,0.0,0.009394525106326157,0.10138302802358223,0.02833171869861319,0.0009957855498942511
739.3000000000001,1,0.5693008519109245,0.0,0.019226422009582394,0.09819609515236873,0.028677508429962056,0.0019276901633173272
739.4000000000001,1,0.5746138946079021,0.0,0.028890945292728037,0.09565859005667013,0.02903271365125067,0.0026513909844729936
739.5,1,0.5782970340175473,0.0,0.036907707211422655,0.09319781940493833,0.02934009313082786,0.0032256869640238496
739.6,1,0.581029507110355,0.0,0.04224156488845788,0.09066994073606077,0.029541353623846897,0.003683291730876489
739.7,1,0.5830039021739557,0.0005986511918440655,0.0448919567754545,0.08836675796873228,0.029552860577176238,0.004004180541214486
739.8000000000001,1,0.5843456594786093,0.0014848543722806322,0.04568609205170592,0.08679348180782821,0.029214959783527786,0.004164027976423318
739.9000000000001,1,0.5852688939082746,0.0021235659173237977,0.045611084476632605,0.08637669163354672,0.028280150904212275,0.004189748703330705
740.0,1,0.5859806527969238,0.0025786003038467857,0.04531491832270372,0.08725871824362373,0.02649974465941266,0.004173598015510987
740.1,1,0.5865149880423655,0.002927968105105223,0.04500191384363585,0.08922666238150026,0.023801740155312338,0.004248283739515171
740.2,1,0.5867118671471794,0.003222389571147169,0.04455392030685026,0.09174528630501018,0.020442270916803496,0.0045317516793146675
740.3000000000001,1,0.586360946331242,0.003492028058888491,0.043690112455676035,0.09408155953461893,0.01697009447303287,0.005056227422262931
740.4000000000001,1,0.5853514042512448,0.0037590298124422186,0.04211550956898734,0.09547196031787272,0.013973351871546302,0.005739188516091489
740.5,1,0.5836887138494266,0.004032436957125218,0.03966890098770612,0.09522295362416966,0.011777176190984132,0.006450917402702396
740.6,1,0.5813360957337512,0.004298084145483003,0.03646675518540093,0.09273869557262347,0.010304116447954101,0.0071352415369215
740.7,1,0.5777992474577874,0.004520241722895503,0.03300695641402336,0.08763768295292149,0.009166546678450828,0.007860683247127007
740.8000000000001,1,0.5712458056600468,0.004659809984916581,0.030149051920693375,0.08005083104929046,0.007912900628067454,0.008733000988351405
740.9000000000001,1,0.5572619784567383,0.0047060521983518155,0.02886184821529577,0.07088364167837044,0.006292586621407971,0.009740909395983238
741.0,1,0.5284629870638539,0.004702431143955693,0.029743466434414795,0.061670689023994266,0.004391149899212767,0.01069680763900809
741.1,1,0.47705341642626753,0.0047314827865610355,0.03258587734209252,0.05394813079069013,0.0025410620266731994,0.011362234150916686
741.2,1,0.40064607522152385,0.004852190901790461,0.0363772319943564,0.04855485651185476,0.0010833365743581353,0.011646483257489106
741.3000000000001,1,0.30719215822110724,0.005045454076452839,0.03981457762719164,0.04538114112944542,0.00018746697962448484,0.011670827768155744
741.4000000000001,1,0.21318017804536177,0.005230854562976596,0.04189619598371664,0.043679997410022625,0.0,0.011651862696794442
741.5,1,0.134933821335426,0.005341487552951404,0.04209465678617531,0.04261150409372405,0.0,0.011753327593587003
741.6,1,0.08040830656083137,0.005381009133066025,0.040112817957297424,0.04163469951458389,0.00020502923914288414,0.01201965968217639
741.7,1,0.04818192226049498,0.005423593856613335,0.03571788493887042,0.04060202428679431,0.0005477686089161663,0.012366214975005575
741.8000000000001,1,0.03221401462319086,0.005601837550966941,0.029027546976214576,0.039632908432133594,0.0008593223958326413,0.012603212431327402
741.9000000000001,1,0.02640442864196865,0.006144828819184681,0.02096850783003067,0.03892714630653716,0.001178986898282952,0.012528688853372298
742.0,1,0.02612624750105257,0.007562454718245394,0.013216484523767192,0.03864750065248999,0.0015551470751369234,0.012067733526311299
742.1,1,0.028072039972744017,0.011177048147336034,0.007394149895047014,0.03888333781058054,0.0019577762613206717,0.011356435092501792
742.2,1,0.030075069551195377,0.0202143686738274,0.004186649827388918,0.03961437560224253,0.002315947370002689,0.010715111616558089
742.3000000000001,1,0.031085186919580204,0.04104622291471982,0.0031780629856089306,0.040654395662008645,0.002589832682154529,0.010542893532562556
742.4000000000001,1,0.030993274743641108,0.08284763457602355,0.00341487946155132,0.041675210768049815,0.0027655252609775807,0.011166302868634148
742.5,1,0.030343822285283654,0.15355528898078757,0.0040358671935638545,0.04237467403821238,0.002815639742998351,0.012661708701184743
742.6,1,0.030068379399975333,0.2529803595596785,0.004491279078185762,0.042692265394067876,0.002713802067377569,0.014753428456766391
742.7,1,0.031195963069479252,0.3687000497983592,0.004434087560548594,0.042908863809898425,0.0024823079529067526,0.01693373038219799
742.8000000000001,1,0.03448075391827702,0.4803369906115929,0.003613758316966983,0.043525672007039516,0.0021969215524758725,0.018791408811414494
742.9000000000001,1,0.04006126489774601,0.5703229246225092,0.001960389530643715,0.044929413415969205,0.0019404784849977412,0.02033415123592007
743.0,1,0.04733290490699135,0.632248644101103,0.0,0.047053030670721085,0.0017625243375716877,0.022126048257759358
743.1,1,0.055099562818040536,0.6704576127655598,0.0,0.04938220839279607,0.0016856945019869578,0.025215275357471895
743.2,1,0.06194341199672271,0.693456723630523,0.0,0.05139008495007391,0.0017485369716109486,0.03079335588992658
743.3000000000001,1,0.06667083899684341,0.7081528167840422,0.0,0.052981360492600334,0.0020513507906725634,0.03949744386315639
743.4000000000001,1,0.06865733723120895,0.718368413512102,0.0,0.05448235352774211,0.002768922729920356,0.050674730774725826
743.5,1,0.06796743481729042,0.7259860129508522,0.0,0.05623611994464613,0.004085640028442356,0.062379687982049806
743.6,1,0.06523606287297531,0.7320833582508607,0.0,0.05825961236969051,0.00604179379756082,0.07241181602228627
743.7,1,0.061367974055857755,0.7372982928034055,0.0,0.06026104312896778,0.008396921567477646,0.07957660333936531
743.8000000000001,1,0.057148438226623265,0.7419280984509342,0.0,0.061916573034223515,0.010681200614725677,0.08407327522933485
743.9000000000001,1,0.05293447542242312,0.7460919147617657,0.0,0.06312030343660736,0.012453034333924832,0.0868948153002073
744.0,1,0.04864032937546039,0.749862575352426,0.0,0.0640289143248934,0.01355416143914524,0.08901521592897951
744.1,1,0.04407070935173157,0.7532880771511227,0.0020622324637415324,0.06492039865977528,0.014156498700506953,0.09098362710305473
744.2,1,0.03933216971332053,0.7564103597539853,0.005774276133669243,0.06599266909230876,0.014606336614246925,0.09293159915676961
744.3000000000001,1,0.03491521669481041,0.7593875008720471,0.00950446500042735,0.06722464043518106,0.015208151591419253,0.09474048131152998
744.4000000000001,1,0.03133638522299355,0.7626766763622937,0.012523504865339348,0.06836771588195384,0.01606889248441126,0.09621333473180788
744.5,1,0.028696066374119086,0.7672082855469203,0.014282458227818035,0.06906271560570032,0.017067880608895077,0.09720566310946262
744.6,1,0.026627464578093146,0.7745734588812537,0.014595438869061053,0.06902995198374957,0.017961108635276623,0.09769277424797433
744.7,1,0.024758847929235307,0.7869929372607377,0.013723326657085606,0.06826345151161935,0.018545568486205782,0.09775992793405225
744.8000000000001,1,0.023324529648705287,0.8062395947361662,0.01232223177871151,0.0671131653710766,0.018767784582819334,0.09753516953592585
744.9000000000001,1,0.023329979724091978,0.8311323025240123,0.011218253968290482,0.06613312499581833,0.018719845082541216,0.09712194158228946
745.0,1,0.025952218565830684,0.8555691018757277,0.011026703830811975,0.06576061761683206,0.018559921203358466,0.09658520254516863
745.1,1,0.03155587941731307,0.8705036768369039,0.011822029561235658,0.06609666101530322,0.0184322536981818,0.09598473608680677
745.2,1,0.03917361746440621,0.8699451864005631,0.013165345397748579,0.06694330175248268,0.01843166834946247,0.09539124592825877
745.3000000000001,1,0.04692518737936724,0.8556619889951943,0.014529981641677629,0.06796893480232692,0.018601307698040574,0.09483580590266232
745.4000000000001,1,0.053002877728375954,0.8356033076681014,0.01573637747671956,0.06884573270418609,0.018922682725927842,0.09419859367909011
745.5,1,0.05645976468054243,0.8179125797499657,0.016968152667211227,0.06935557482649998,0.019289349935529096,0.09305521866526763
745.6,1,0.05736546281029528,0.8067277933170008,0.0184082734359858,0.06944755476814007,0.019513146569178193,0.09051876638890645
745.7,1,0.0564324075694218,0.8024233482457601,0.019956486248656494,0.06916368858326938,0.01940037132089207,0.0852620310429217
745.8000000000001,1,0.054495685074770525,0.8037062725973443,0.02138267869786066,0.0684844708340067,0.018840729953670955,0.0760361389119167
745.9000000000001,1,0.05218126704577389,0.808844212179792,0.02284090798855852,0.06728877283063175,0.01781283045887518,0.06267819860926975
746.0,1,0.04986219716933105,0.8160690170309535,0.02546875134103506,0.06550387652514905,0.016325447716466508,0.046846061903153005
746.1,1,0.04777325175875251,0.8239776516647408,0.03186251734550173,0.06328793304404529,0.014424825889142677,0.031519551580924204
746.2,1,0.04609258333467672,0.8318066304626213,0.04599901610380021,0.06103285420447164,0.012290375802958138,0.019375804534523408
746.3000000000001,1,0.044916924787922266,0.839266076955424,0.0717993357670812,0.059149188347371345,0.010250312646325699,0.011388365215935241
746.4000000000001,1,0.044207328974562074,0.8461999939155634,0.11027065241355381,0.057815201798605394,0.00861268638235202,0.0067586316640435165
746.5,1,0.04381110053733276,0.8524580045709497,0.1572172416477666,0.05691959161514699,0.007468095387223327,0.003907661054863975
746.6,1,0.043565402133763254,0.8579637986087942,0.20425387905100015,0.05624476648937004,0.0066679327370908785,0.0015238750846151181
746.7,1,0.04338497014960186,0.8627317535307227,0.24314032681615672,0.055710310522383406,0.005966857225960523,0.0
746.8000000000001,1,0.04324801038326169,0.8667128802373905,0.2699517514664817,0.05544896513724775,0.005199485071362536,0.0
746.9000000000001,1,0.043116720899541786,0.8695315697991411,0.285794823107811,0.055659602196678835,0.0044143277852131905,0.0
747.0,1,0.04291587099046653,0.8701125644524361,0.29435496304736836,0.056406790967972575,0.003887789178924054,0.0
747.1,1,0.042600646780309386,0.866038516025521,0.2990534647101896,0.05757173619085084,0.003947043779078105,0.0
747.2,1,0.0421774138927154,0.8528105357903847,0.30181025238701087,0.058952410694233355,0.004719897721462107,0.0
747.3000000000001,1,0.041578013057498676,0.8241433711867646,0.3033289643345076,0.06033351439690587,0.006059400240992444,0.0
747.4000000000001,1,0.04053789267345775,0.77456275053977,0.30385295827385256,0.061438720869556644,0.007684700529111298,0.0
747.5,1,0.038718683537459005,0.7033200578445562,0.30366885709318,0.06187473888405336,0.00933165499690243,0.0002910811346215106
747.6,1,0.036040812999774435,0.6159950875631244,0.3032255492512819,0.06117866598988876,0.010793613976888687,0.0009118442344545625
747.7,1,0.03288997894369649,0.5215933731429772,0.3030057893872934,0.05892791722741188,0.011939201181899048,0.0015917722491596824
747.8000000000001,1,0.029959309752542483,0.42804194134098206,0.30331731719059135,0.05483600668258904,0.012764605534483265,0.0024029711743074784
747.9000000000001,1,0.0278792524334545,0.3407717911766528,0.30415732111911026,0.048859528724718305,0.013400927261760768,0.0033557711518972955
748.0,1,0.026982313388284412,0.26444478487957446,0.30525864457487345,0.041340949939579874,0.014021761978945658,0.00445532526800033
748.1,1,0.027340387356358173,0.20363327010125226,0.30631043591702417,0.03305348401530259,0.014721819574624128,0.005703951387793611
748.2,1,0.028896187508448155,0.16070988946736822,0.30720262406724275,0.024970506108946747,0.015470605435384673,0.007036451899014447
748.3000000000001,1,0.03147466359976258,0.1339719396155707,0.308082736136165,0.017828501718059983,0.016164078381998535,0.008291470333920603
748.4000000000001,1,0.03470236181048411,0.11866953089234361,0.30910171526164804,0.011828223211311661,0.016710723973291774,0.009289023994015133
748.5,1,0.038028205537167285,0.10964596864261437,0.3098845557440756,0.006735010495103257,0.017079803903877554,0.00994209975906338
748.6,1,0.040915314655301196,0.10307897766047439,0.3088796653207029,0.0022443537061591656,0.017294678568448577,0.01029112878196176
748.7,1,0.043056027879627264,0.09681383762002013,0.30290046139714133,0.0,0.017400495104172995,0.010448918897284354
748.8000000000001,1,0.044434767319157804,0.090094397115749,0.28759695137624214,0.0,0.017436816908265058,0.010522297240053996
748.9000000000001,1,0.04521679214992565,0.08311792512422449,0.25983623020481633,0.0,0.017427027379455787,0.010564176328654676
749.0,1,0.045573177537679324,0.0764582814270295,0.22196796799580942,0.0,0.017384898658082838,0.010570640356622233
749.1,1,0.04556923580912277,0.07056842347725119,0.18543143219766167,0.0,0.017331551752116047,0.0105125852213542
749.2,1,0.04518553649101115,0.06559404174533459,0.1692696468410534,0.0,0.017307145607289656,0.010372363902961996
749.3000000000001,1,0.04443983566474662,0.06147219415036924,0.19129619020792885,0.0,0.01736237169349108,0.010154486731782222
749.4000000000001,1,0.043475450968402676,0.058196907601704095,0.2562936178060149,0.0,0.017538784531708814,0.009869958399773412
749.5,1,0.04249572334248979,0.05623801970724035,0.35076616123125204,0.0,0.01787301582438355,0.009525564204539622
749.6,1,0.04159088346212716,0.057022467204542536,0.4499765038675382,0.0,0.01843170049935401,0.009135519325428108
749.7,1,0.040626724221020566,0.06296335764809355,0.53211376021652,0.0,0.019311229468191513,0.008729631529885273
749.8000000000001,1,0.03927687338465029,0.07635799739921655,0.5881893451287221,0.0,0.020545896066510323,0.008329684012267281
749.9000000000001,1,0.037131384883000176,0.09745235164300114,0.6215348170093028,0.005351100232437307,0.022003877212943664,0.007910547599112012
750.0,1,0.03381788311226319,0.12359330758265745,0.6406193957783041,0.016291794541776795,0.023414986720180185,0.007387430936016264
750.1,1,0.02915638014947398,0.15138318556851624,0.6526217395425955,0.02665757499681917,0.024519930764923065,0.0066534789221151264
750.2,1,0.023347905068791603,0.18093813605799258,0.6613528784385975,0.03474472384658867,0.025168737873235106,0.0056562221517021715
750.3000000000001,1,0.01707435450270507,0.21819870958102874,0.668219492177447,0.04002600831800999,0.025277643585782654,0.004454103758717022
750.4000000000001,1,0.011329027773665576,0.27164577134607176,0.6736550108594962,0.04301240983684866,0.024750053779698685,0.0031814113727160463
750.5,1,0.006948747346640356,0.34461339741302977,0.6778651446920232,0.044550317338704445,0.02349596096850619,0.0019387373009548694
750.6,1,0.0041301373035599045,0.4297659905507862,0.6810466073453884,0.04524901117396313,0.021532242172277748,0.0007334688267327681
750.7,1,0.002359301196411667,0.5118770868363249,0.6834343319387172,0.04537868836313402,0.019029883404519218,0.0
750.8000000000001,1,0.0008799961287630566,0.5772548725334333,0.6852950283297636,0.04510487787548143,0.016236923457036683,0.0
750.9000000000001,1,0.0,0.6212192761270153,0.6868910192138936,0.04479621093849257,0.013360474602098866,0.0
751.0,1,0.0,0.6477022347352265,0.6884548586249677,0.045270931363899425,0.01053350931751583,0.0
751.1,1,0.0,0.6636020953376653,0.6901807452292883,0.047874738763115966,0.007870621983154403,0.0
751.2,1,0.0,0.6741766385733654,0.6921905962524431,0.054117699343619735,0.005504053748816032,0.0
751.3000000000001,1,0.0,0.6820957333011463,0.6944532464383867,0.0646976518051011,0.0035350191144576755,0.0
751.4000000000001,1,0.0,0.688492901956495,0.6966413646300061,0.07847929890652736,0.001961348257523895,0.0
751.5,1,0.0001464426717326037,0.6939133087120956,0.6978123130982946,0.09258921040106834,0.0006810031226604837,0.0
751.6,1,0.0006583431517003135,0.6986515054112058,0.6958372923671731,0.10395587185035024,0.0,0.0
751.7,1,0.0011116732272905784,0.7028381035113762,0.6870784234610244,0.11100609293931853,0.0,0.0
751.8000000000001,1,0.0019126665799734537,0.7065109012131078,0.6675449444936481,0.11404866557501697,0.0,0.0
751.9000000000001,1,0.003376109193433631,0.70966876011769,0.6360219854513574,0.1144255810357582,0.0,0.0
752.0,1,0.0056684916986149865,0.7123022341637562,0.5969376525773248,0.11360075923557932,0.0,0.0
752.1,1,0.008967519428426461,0.7144203483858425,0.5592924944393909,0.11283120200341712,0.0,0.0
752.2,1,0.014045537245456074,0.7160498290708739,0.5313429904604602,0.11313318132439058,0.0,0.0
752.3000000000001,1,0.023360023387620252,0.7171871073296747,0.5157468275127156,0.11514134831436168,0.0,0.0
752.4000000000001,1,0.04172839604574128,0.7177401113819247,0.5095523749579923,0.11891548836279811,0.0,0.0
752.5,1,0.07477137447107854,0.7173960929605685,0.5079396113522169,0.12396925940988482,0.0,0.0
752.6,1,0.12470567915307972,0.7150866010406478,0.5074557541806378,0.12956370953788823,0.0,0.0
752.7,1,0.18655658189932048,0.7077508773400115,0.5067002807659837,0.1350317584455032,0.0,0.0
752.8000000000001,1,0.24915662417026377,0.6889701423214292,0.5055361437201789,0.13993462654286937,0.0,0.0
752.9000000000001,1,0.30121901858378086,0.6494113763449949,0.5043086778755,0.14406295167576674,0.0,0.0
753.0,1,0.33735627375317884,0.5811271724220286,0.5034373235471437,0.14738410842796873,0.0,0.0
753.1,1,0.3590783745338834,0.48459050602451154,0.5031798526992767,0.14998207217786513,0.0,0.0
753.2,1,0.37126077773589716,0.3726497522987238,0.5035031670896015,0.15198786512533988,0.0,0.0
753.3000000000001,1,0.3783017957285501,0.26584079532040655,0.5041405430876239,0.15348925037349415,0.0,0.0
753.4000000000001,1,0.38269276231558486,0.18137013552580641,0.5048360486947349,0.15438277596127997,0.0,0.0
753.5,1,0.38549866618444306,0.12511242848987567,0.5056517051113762,0.15412398131713514,0.0,0.0
753.6,1,0.3871982353184359,0.0925703019924397,0.5072422009819695,0.1514702072094326,0.0,0.0011039162525799124
753.7,1,0.388172934636633,0.07533800221523769,0.5110894096063548,0.14459343600568597,0.0,0.0028717647699574174
753.8000000000001,1,0.3888717898706804,0.06624582892657141,0.5194931015382411,0.1319897842217969,0.0,0.004850301287288681
753.9000000000001,1,0.3897572087201446,0.06078457563268095,0.5347291079743031,0.11394003308004928,0.00021888512092954927,0.006863771658922222
754.0,1,0.3911035275280395,0.05658325819915001,0.5571661428264787,0.09328456127016425,0.0012239425641065419,0.008859870751452836
754.1,1,0.3928354794364272,0.052690020071318636,0.5836326738566009,0.07440137589844677,0.002721260996446849,0.010851085891992872
754.2,1,0.3946067125865986,0.04899578780747002,0.6079776852810792,0.06095750079603176,0.004496775464670308,0.012764540398982751
754.3000000000001,1,0.39608954279409614,0.045739247990905195,0.6237855535950046,0.05430372090070072,0.006102408554312217,0.014407014529512792
754.4000000000001,1,0.3972119875317113,0.043172816182450315,0.6269637350165178,0.053545656221659445,0.007033650825352634,0.015593510602355073
754.5,1,0.39812248009132956,0.041404365584448106,0.6167719654943543,0.05661110702253509,0.0069555915901604514,0.016283207744924377
754.6,1,0.3988947729245301,0.0403412136142814,0.5959282757643044,0.06126055461040295,0.005858685052276272,0.016587271481257167
754.7,1,0.39906185693562407,0.039713385680670274,0.5700491543422307,0.0657621983717972,0.0040944016774356684,0.016672965840093524
754.8000000000001,1,0.396938558076429,0.03921084407928891,0.5455835958631132,0.06932402145835236,0.002259822480738549,0.01666190342842194
754.9000000000001,1,0.38882752367539114,0.03869812548645999,0.5268677452258086,0.0721448127790266,0.0009509114842537405,0.016585075959427723
755.0,1,0.36892939837615757,0.03848624310490836,0.5147085609435259,0.07494046874567484,0.0005197496883868825,0.016414985542009135
755.1,1,0.3313538528675924,0.03988348123411555,0.5074928055419392,0.07820656422790867,0.0009801191861397835,0.01615805647769761
755.2,1,0.2744184429792478,0.046374720782208396,0.5031816397391714,0.08178168896623174,0.0020769243370688997,0.01593524901952141
755.3000000000001,1,0.2043407177216317,0.06504065943610085,0.5003695823444287,0.08506542044904224,0.0034430126457449177,0.015963796604564585
755.4000000000001,1,0.1340395868227018,0.10622676109149091,0.49829167081820175,0.08762758093152603,0.00476241818831846,0.016430116958950507
755.5,1,0.07652807333305334,0.17906641750169203,0.49658774134481476,0.08955506523900704,0.005868523631921227,0.017348168228815294
755.6,1,0.03813753101784145,0.2838278550763267,0.49527897461581066,0.09122552293509616,0.0067407917295167485,0.018520269562244708
755.7,1,0.01717156000886547,0.4072705449545205,0.49493453600754783,0.09286431047673932,0.0074358031536936875,0.019632650083135063
755.8000000000001,1,0.0077903497601230975,0.527146761899986,0.49692770971149297,0.09439184431269348,0.00801899015182137,0.020403242991763163
755.9000000000001,1,0.00450163936345064,0.6238975631219842,0.503588604176251,0.09562270787465513,0.008529573628016594,0.020667954334791065
756.0,1,0.004070419123046268,0.6899848639285632,0.5176678918554373,0.09650766605836864,0.00897938469744713,0.020382039230564405
756.1,1,0.005192857775114178,0.7298139315997964,0.5405123957781885,0.09718251212295174,0.009377846033561824,0.01962104422304652
756.2,1,0.007488515335858941,0.7527110077823498,0.5696391201030635,0.09784284198019756,0.009756326513016176,0.018641297897457904
756.3000000000001,1,0.010647032220975943,0.7664679059077315,0.598056582641985,0.09859202400222505,0.010146352937646886,0.017909160705660173
756.4000000000001,1,0.013994201384906101,0.7754538433351348,0.6171314073677041,0.09937693767656314,0.010505046611110866,0.017939592274228047
756.5,1,0.016628521918362157,0.7817691301089513,0.6215725946051996,0.10002161362910236,0.010674385452358728,0.018967265056726818
756.6,1,0.017962628784535268,0.7865695173804399,0.6125809285085548,0.10028560911622061,0.010479955606679709,0.02074243428843542
756.7,1,0.018111305904889782,0.7905555722429771,0.5965293951471062,0.09988592172362233,0.009921204797672523,0.022710203386192774
756.8000000000001,1,0.017720815007845548,0.7940766061051616,0.5805103461528509,0.09852362003534838,0.009241101763601114,0.02443603170734522
756.9000000000001,1,0.017444455735038576,0.7972653051983705,0.5685949768247671,0.09603056332185077,0.00875892943219448,0.025856482909284367
757.0,1,0.01758043864670058,0.8001864361894396,0.5612882792776402,0.0926418803717482,0.00863459049190505,0.02714276897385174
757.1,1,0.018096162074895283,0.8028939451212396,0.5573235664368634,0.08914938989587014,0.008815815103459265,0.028393331218818724
757.2,1,0.018853146292118095,0.8054171267216627,0.5554121341355759,0.086636558426555,0.00917927032366562,0.029494560460418293
757.3000000000001,1,0.01975235615419786,0.807752088764221,0.5547925103326035,0.08582979056395028,0.009653908526898493,0.030233850843057884
757.4000000000001,1,0.020711840823907313,0.8098729394995923,0.5550469062025495,0.0865164149188977,0.010191837578772471,0.030488527593587774
757.5,1,0.02160404148340038,0.811702494532762,0.5558934306406503,0.08756908316642671,0.010682590922392708,0.030309940118597643
757.6,1,0.022288966886646045,0.8129288794566701,0.5571217930338361,0.08775436590737193,0.010976387514154683,0.029873454572758987
757.7,1,0.022702107816741975,0.8124699885236408,0.5585703303993742,0.08681782960562148,0.011022195333067478,0.02936817390851352
757.8000000000001,1,0.02286613784049609,0.8073596782077146,0.5600997917841876,0.0858815000462372,0.010967251624899116,0.028908817429666507
757.9000000000001,1,0.022831964712911434,0.7913335338460675,0.5615687693609956,0.08666458267349914,0.011100979347332823,0.028520373489537464
758.0,1,0.02267505165492904,0.7546678151795901,0.5627927648723039,0.09017961162999569,0.011695868079441889,0.028193292747699786
758.1,1,0.02254545260585118,0.6876174036782965,0.5634239758659272,0.09609815805898143,0.012949515183406434,0.02794848038822515
758.2,1,0.022616941661221232,0.5875653815815254,0.5626069889845053,0.10330249958388542,0.0152510211638472,0.027842475919322138
758.3000000000001,1,0.022921298530837624,0.46489134344861693,0.558205799588729,0.11114582064686468,0.01978115320918042,0.027904198864681293
758.4000000000001,1,0.02327409570568636,0.3406523794598145,0.5457299440944097,0.1206660637967217,0.028959042447049277,0.028067195445124513
758.5,1,0.02338199426447954,0.23578232147639455,0.5180722892786759,0.13546078408279338,0.04583041031690274,0.02817183033521566
758.6,1,0.02296246767988721,0.1606818475286564,0.4679047423615646,0.16231272873618927,0.07199662091314175,0.028041665148168693
758.7,1,0.02178965376618112,0.11368191487685723,0.39305689417884915,0.21083304405708625,0.10537264710962178,0.027551410000086624
758.8000000000001,1,0.019826545399175822,0.08702222884753472,0.30130070922586105,0.28993550072380964,0.14019667242825795,0.026611200168704677
758.9000000000001,1,0.017470686803148353,0.0728831418971187,0.20915951894517876,0.40054926036065297,0.17005422641386514,0.025118191897065968
759.0,1,0.015580046714949265,0.06559357458828641,0.1340691528351253,0.5298482749881234,0.19145514083195203,0.023008472559320228
759.1,1,0.015024865647170005,0.06150613591942284,0.08649265870187232,0.6547206558197688,0.2048399781087225,0.02041247657964332
759.2,1,0.016069389607948223,0.058601114613079736,0.0687653534052263,0.7541620047238398,0.21277322838061352,0.01771639041540013
759.3000000000001,1,0.01819151898981749,0.056095301041223004,0.0793336293350566,0.8200949470504991,0.21768199337815275,0.015382057865407276
759.4000000000001,1,0.020553681127845037,0.05383448143970395,0.11538699463813358,0.8577532201871171,0.2209759654535312,0.013667522199664219
759.5,1,0.022691624768015572,0.05173362096402043,0.17095405895088092,0.877971067456712,0.22336389766921588,0.012528914061756567
759.6,1,0.024802538063978457,0.049583193664596625,0.23485541023978157,0.8899300826577005,0.22534336065388838,0.011784838476113878
759.7,1,0.02742993988937038,0.04716849992039574,0.293404344429696,0.8989332536498823,0.22737060060588757,0.011357110110134612
759.8000000000001,1,0.030888414160409564,0.04442381559922862,0.33651692696043567,0.9075523930768883,0.22980896819392949,0.011358762958593541
759.9000000000001,1,0.034932371649671515,0.04143252876257764,0.361617942947333,0.9170052648771722,0.2328429083503233,0.011966600392500288
760.0,1,0.03887347001742221,0.038301341520894205,0.3723823622193017,0.9276487171915601,0.23642661997334774,0.01321060600082905
760.1,1,0.04196076188564295,0.035044933774541466,0.37459895745781524,0.9391151314453672,0.24029708908689235,0.014880370915658497
760.2,1,0.04372955693452489,0.031582377092051146,0.37296941623061053,0.9506312798011294,0.24407191270211856,0.01663789486577363
760.3000000000001,1,0.04417104845446765,0.02784106709160127,0.37022773700532013,0.9614571079153005,0.24739312482427658,0.018234913909447616
760.4000000000001,1,0.04370157549275871,0.023879949285656326,0.36760279799401074,0.9711531626130588,0.25003151226512693,0.019636645278719847
760.5,1,0.04294351137857117,0.019935692710995122,0.3654482730951712,0.9795780211501651,0.25190295158320536,0.020946222842234172
760.6,1,0.04240453412066653,0.016354986309597058,0.363683280597448,0.9867443567585499,0.252999705915351,0.022224490587625153
760.7,1,0.04224090066248309,0.013455939160152563,0.36211834174433594,0.9926745794786543,0.2532045405354754,0.02340501267027306
760.8000000000001,1,0.042232776615753566,0.011405035384123527,0.36066422571667567,0.9972615264704667,0.2518934479002165,0.02438585068923287
760.9000000000001,1,0.0419214400818888,0.01017338902489641,0.35934615006883747,0.9999999999999819,0.24736685604923203,0.025166570806564106
761.0,1,0.04081148681604285,0.009573619233027379,0.3581756428626277,0.9993149789318142,0.23659884121457253,0.02585810279406589
761.1,1,0.03863896426520644,0.009336736896553363,0.35706129290250854,0.9911664972278567,0.2161795851720029,0.026571465563964943
761.2,1,0.03568426061359149,0.009194013620081062,0.355865970471897,0.9672788557580164,0.18474453606896107,0.027337087043387588
761.3000000000001,1,0.03291674626116366,0.00894950729193898,0.3545226441647341,0.9150923428597308,0.14539113726169162,0.028134848265563766
761.4000000000001,1,0.03169545360566593,0.008529073438156776,0.35303405010965405,0.8224808321575666,0.10545501256682598,0.028959377167657712
761.5,1,0.033036444680345126,0.007985408094673133,0.3512604561067223,0.6870898748943846,0.07286642945316017,0.02982213739350558
761.6,1,0.03691689051536021,0.007455260825065547,0.3484744703525172,0.5236824113514308,0.05185812170341958,0.030694266969057405
761.7,1,0.04223134946722158,0.007091989945373884,0.3426869308025137,0.3609682416461914,0.04163658310731404,0.03146185142418929
761.8000000000001,1,0.04751826476354003,0.007003087994180938,0.3300601676024519,0.2276158856694743,0.038478919786742706,0.03193893943253247
761.9000000000001,1,0.05183666882616425,0.0072104141847655024,0.30542487432057686,0.1380980018085962,0.03864321453362613,0.031939968969462385
762.0,1,0.0550487764950268,0.007639169217953448,0.26495908931395346,0.08937737667094216,0.039818845477395906,0.03139936083124411
762.1,1,0.05742296343036759,0.008131339032125024,0.21010360338087847,0.06847269233383588,0.0410109542838376,0.030496419083407153
762.2,1,0.05911380924889419,0.008474330164952677,0.14916179952257147,0.062074925486889296,0.0418689727334193,0.029691414942914662
762.3000000000001,1,0.06002383541705639,0.008448693105984713,0.09382095955840404,0.06128727282903793,0.042196177188439016,0.02959189509990839
762.4000000000001,1,0.06003354283386089,0.00790917044243589,0.05274928212329142,0.061495297660880945,0.041827505025786325,0.03067761196103859
762.5,1,0.059253274485011664,0.00687757567779961,0.027735444759659316,0.060679212784446386,0.04075067698450219,0.033025252596023465
762.6,1,0.058065596555736614,0.005569802715982959,0.014990360327383842,0.0582715141322833,0.03921614109997342,0.03620420377704172
762.7,1,0.05701363573281867,0.004299491360963709,0.009079946922669356,0.054684247666593216,0.03765027745343382,0.0394343062457169
762.8000000000001,1,0.056676197268847775,0.003314169649682448,0.0057955502853972865,0.05098634055639697,0.036432615593273744,0.0419272249894199
762.9000000000001,1,0.05753061666643175,0.0026941257715535345,0.0028901509377374708,0.048488010351969854,0.03575542437987597,0.043204328541425016
763.0,1,0.059740537615108155,0.00237816577819178,0.0,0.04825659724366416,0.03565895044632044,0.04322905766351496
763.1,1,0.06297584412637779,0.002259887280076368,0.0,0.05064102465132336,0.03610691231946317,0.042338075604174276
763.2,1,0.06650570642383612,0.0022646629753350794,0.0,0.05497148002641477,0.03695743068298355,0.04103960292291693
763.3000000000001,1,0.0696003700466332,0.0023727498747686568,0.0,0.05972571672865888,0.037883694694650465,0.039772144664952526
763.4000000000001,1,0.07193012519208719,0.0026025037164208223,0.0,0.06322980603085478,0.03841983126323363,0.03874679101053412
763.5,1,0.07362122196619594,0.0029707265280633573,0.0,0.06446814879745941,0.03819920336629637,0.03795950205584282
763.6,1,0.0749609780167186,0.003442661786502689,0.0,0.0634181349687633,0.037236547343721296,0.03731755923619754
763.7,1,0.07603639951537534,0.003899414932888379,0.0,0.06075427166495243,0.03599733910893258,0.036734927117408854
763.8000000000001,1,0.07658383569734933,0.004160982321114798,0.0,0.057287493070511404,0.03513114000134396,0.03613476739618157
763.9000000000001,1,0.0761400525448426,0.004075139926226397,0.0,0.05358119884910935,0.03504960623534854,0.03543063717565376
764.0,1,0.07439777917819919,0.0036229015120811986,0.0,0.049886505716761,0.03570308053165763,0.03456337153311412
764.1,1,0.0715177836263724,0.0029536894450628358,0.0,0.04626639443961377,0.036724243818177946,0.03356186865661958
764.2,1,0.06811027226923463,0.0023070972806580776,0.0,0.04272998491395818,0.03775987204077292,0.03253016047864857
764.3000000000001,1,0.06483481387665549,0.0018821831083784097,0.0,0.03929346263957069,0.03869621611804466,0.03153260249948648
764.4000000000001,1,0.061961196890095514,0.001762316232092108,0.0,0.03598089434625868,0.039656260546248094,0.030482984593059814
764.5,1,0.05931112261900851,0.0019308308148304582,0.0,0.032810355290806434,0.04083759925218943,0.029184862507472938
764.6,1,0.05659483667530661,0.002320447363828174,0.0,0.029792401854300585,0.04231610745681227,0.02753699445537708
764.7,1,0.05375852531139746,0.0028413517488562775,0.0,0.026939986579070853,0.04392676626571481,0.025715220269334163
764.8000000000001,1,0.05103636173664346,0.0033895826999258056,0.0,0.0242751315950739,0.04528728464651181,0.02410361982755988
764.9000000000001,1,0.04875863511030235,0.003856071943014642,0.0,0.02182044108948867,0.045940440167705446,0.022987039533268767
765.0,1,0.047133459964268265,0.004142017243622528,0.0,0.019578540165474445,0.04552718850936536,0.02231377023151098
765.1,1,0.046117338477197733,0.004182718291831178,0.0,0.01751732198513697,0.043928579489375855,0.02180216342494176
765.2,1,0.045366565821686786,0.003977234943462988,0.0,0.015569621912975362,0.0413534846499882,0.021269153693312438
765.3000000000001,1,0.0442629214916407,0.003599303941958157,0.005562276888259957,0.01361830851624323,0.038323742877826576,0.020795194667277094
765.4000000000001,1,0.04209313995794159,0.0031648239166170078,0.011571637138163764,0.01143451407166853,0.03550082310341586,0.020571741812504447
765.5,1,0.03846834096048176,0.0027741294294676444,0.015659887916341222,0.00863960695363574,0.03340389806923385,0.02067052511254084
765.6,1,0.033810502146918296,0.002477290404781653,0.018073902124020304,0.004881514888488407,0.032199501824424534,0.020993527144367644
765.7,1,0.029399101758194237,0.0022809165253073423,0.01929790877986887,0.00027537979085995806,0.0317228411560692,0.021372334496687094
765.8000000000001,1,0.026656066484796646,0.0021693197785589797,0.019843710230835226,0.0,0.0316997584051788,0.021653792932054796
765.9000000000001,1,0.02613343458557551,0.0021139465763984995,0.020120503273938092,0.0,0.03195906075859641,0.02174125738857158
766.0,1,0.02714264314034264,0.0020774979334897627,0.02039048463999155,0.0,0.03244993460667336,0.021655190193362504
766.1,1,0.028393975703825756,0.002027829653400175,0.020760678656835205,0.0,0.03309166174415729,0.021600487089172535
766.2,1,0.02902203699796889,0.001954945257153467,0.02117005261791943,0.0,0.03365889820181486,0.02195734623712592
766.3000000000001,1,0.02910036319252097,0.001870576873097909,0.02138912459564623,0.0,0.03385481232481708,0.023155310664524788
766.4000000000001,1,0.029340488768446926,0.001784372185515272,0.021073832956689523,0.0011274465120987612,0.03350834296020676,0.025460115163845602
766.5,1,0.03037273417044892,0.0016774902267263872,0.019888854435452647,0.001964033027917207,0.032697503715604585,0.028758208920225136
766.6,1,0.032244494032700265,0.0015056848543293997,0.017668216980467073,0.0020092302824871416,0.031683889042452826,0.03249027272060357
766.7,1,0.03449398798171684,0.0012403288163264985,0.01452539191983529,0.0015783645151366448,0.030720179508759066,0.03586909866897325
766.8000000000001,1,0.0366148045162002,0.0009104746265821795,0.010809415280038658,0.0009088989152512896,0.029873621746316362,0.038311392004745724
766.9000000000001,1,0.03839721134006121,0.000596331771857811,0.006904641681727275,0.00013757526444702157,0.02897173622380357,0.039767270248824975
767.0,1,0.03987169204125074,0.0003745846223784106,0.0030396637265262282,0.0,0.027706572634911518,0.04065536869981082
767.1,1,0.04107898069603568,0.0002707709048824128,0.0,0.0,0.02585361252325794,0.041459016282945474
767.2,1,0.04200162292388462,0.0002607981416979189,0.0,0.0,0.023467882238039844,0.0423571440919885
767.3000000000001,1,0.04267076795764577,0.00030727575030247773,0.0,0.0,0.02089948562959568,0.043193902055343264
767.4000000000001,1,0.04324541611334204,0.0003918978946673371,0.0,0.0,0.018604799193576528,0.04372802153339211
767.5,1,0.04396236523615429,0.0005226346185706175,0.0,0.0,0.016913242077630182,0.043865662465096204
767.6,1,0.044996649824685285,0.0007150177604614204,0.0,0.0,0.015929658574362706,0.043683636378805735
767.7,1,0.046326792856965726,0.0009605706245622234,0.0,0.0,0.015578710040550047,0.04330910748076837
767.8000000000001,1,0.047745627715767035,0.0012076908774726705,0.0,0.0,0.01565738223382767,0.04284123730141647
767.9000000000001,1,0.04907689021756799,0.0013727013467020126,0.0,0.0,0.015835857575339396,0.042385439263936626
768.0,1,0.050394962514422416,0.0013708439076958803,0.0,0.0,0.015704311276753417,0.04209190216927735
768.1,1,0.05196700545789614,0.0011500498420395245,0.0,0.0,0.014945785295619067,0.04208642933377002
768.2,1,0.05397551161392624,0.0007284796358260827,0.000328289343104246,0.0,0.013527644783737768,0.04235533774819533
768.3000000000001,1,0.05650259418846717,0.0002457617504141868,0.002849148637262701,0.0,0.011713934961804395,0.04273693766730102
768.4000000000001,1,0.060240074776765344,3.261526202167465e-05,0.004423816843375281,0.0,0.00985570105870698,0.043040517222118435
768.5,1,0.06790820840931976,0.000716933152062696,0.005234345919229595,0.0,0.00814546302249518,0.043157071847583134
768.6,1,0.08563870266825235,0.0033472347456589835,0.005679695338302232,0.0,0.00655593650968123,0.0430540185952276
768.7,1,0.12265081944182278,0.009326684376507476,0.006170404206083618,0.0,0.0049798177555318065,0.04268364088746716
768.8000000000001,1,0.1873183573234118,0.019827477917317562,0.006907336664131349,0.0,0.0033892010591534878,0.04191136290364948
768.9000000000001,1,0.2802893350327395,0.034761163138037135,0.007785634360171197,0.0,0.00186567482861115,0.040550085856906
769.0,1,0.3899765000704724,0.052154518837908025,0.00852619963878005,0.0,0.0005363761260022284,0.03850326104736862
769.1,1,0.4962602686812709,0.06882324473143714,0.008935349592955947,0.0,0.0,0.035912099083688795
769.2,1,0.5810659765376875,0.08205127478616651,0.009049164788454843,0.0,0.0,0.03316462829389051
769.3000000000001,1,0.6371578290902188,0.09088515077433378,0.009045913798432817,0.0,0.0,0.030724986111454872
769.4000000000001,1,0.6685249743491154,0.09607442157326311,0.009067648752305386,0.0,0.0006864030759351393,0.02890484721267088
769.5,1,0.6842790871195419,0.09905505862120306,0.009152623453198774,0.0,0.002999731507055917,0.02775936673986951
769.6,1,0.692540416989622,0.10102510295888749,0.00930246422068036,0.0,0.006001360234486475,0.027167140847758838
769.7,1,0.6980340056732546,0.10265066414900548,0.009572797656212533,0.0,0.009183536618580417,0.026971370138293215
769.8000000000001,1,0.7026277946152256,0.10420365000804332,0.010115108131854372,0.003020889548480063,0.012096065294476672,0.027035473279852812
769.9000000000001,1,0.7066476268455858,0.10575039640844991,0.011145014349826884,0.01274642240946708,0.014485452436947486,0.02722022665052868
770.0,1,0.7098715061460792,0.10724684020333253,0.01280555203811511,0.024670864817378364,0.016218430336058277,0.02739245354507632
770.1,1,0.7121516044498233,0.10859469572438536,0.014979455171994427,0.036578440299075116,0.01714340969485552,0.027491817318867476
770.2,1,0.7137610153440164,0.10970863032184537,0.01723642850904365,0.046331277633969596,0.017128066451486044,0.027561908038734647
770.3000000000001,1,0.7153964086302055,0.11056889967581482,0.01903012079374319,0.053013381475993715,0.016308904140194636,0.02767302470486569
770.4000000000001,1,0.7178410604811162,0.1112217335655109,0.02000690218532977,0.05706763696594917,0.015286147867903796,0.02779403889818174
770.5,1,0.7215359046830307,0.11173783280110035,0.020176066877447572,0.05954802660727865,0.014941282289832342,0.027755626807144315
770.6,1,0.7263790517107978,0.1121720311831151,0.019844113302383403,0.061333587776568145,0.01590187613910762,0.02738077237664289
770.7,1,0.7318463882851143,0.1125488886750241,0.019416073944048793,0.0628614443760944,0.018103802450369307,0.026674724739956277
770.8000000000001,1,0.7372225764474504,0.11286149221566952,0.01920983360000782,0.06428566716478795,0.020878145005927853,0.02586515497177808
770.9000000000001,1,0.7416268161036191,0.1130500929550037,0.019353339075789375,0.06569039345752932,0.02348932395660861,0.025228986804020654
771.0,1,0.7435990713784737,0.1129216631731699,0.019781659890446505,0.06713350573396115,0.025637848983239023,0.024881713662338212
771.1,1,0.7402499402819537,0.11198242942940334,0.020356710731137328,0.0685747758749819,0.027538359903408176,0.02472448015648148
771.2,1,0.7266652754492481,0.10924320483755333,0.021086732998053175,0.06987339525121027,0.02959893924467184,0.024535190952418563
771.3000000000001,1,0.6973246767973219,0.10324556585244676,0.022266608929134922,0.07091600408855614,0.032032104888658625,0.024055598733572617
771.4000000000001,1,0.65086422695991,0.09263329178477074,0.02430273171272439,0.07174566805869985,0.03472053047300674,0.02302045294553374
771.5,1,0.5955013502816761,0.0772129675721098,0.0272734253397041,0.0725592859609398,0.0373877887213272,0.021216838802751613
771.6,1,0.5483131652567449,0.05873591030931376,0.030659050886434273,0.07357974975044128,0.039825622300181544,0.01862826064123296
771.7,1,0.5253247547401776,0.04046506090565684,0.03358259760654423,0.074893903443564,0.04193113966346661,0.015544630535323699
771.8000000000001,1,0.5302001120471852,0.025556370133364315,0.0353508999956496,0.07636283219715724,0.04360506480969318,0.012461400527546953
771.9000000000001,1,0.5529792300824901,0.015500917735930412,0.03579230154503178,0.07768451222741557,0.04472975420835232,0.00978722451170175
772.0,1,0.5794972550832043,0.009834324472580811,0.03518809364800882,0.07857486538173157,0.04527447689430198,0.007616977241271328
772.1,1,0.600895994051117,0.00703406317823366,0.034004661815012285,0.07891783938501384,0.045377818647697875,0.005786903187347603
772.2,1,0.615438545017562,0.005585696368435015,0.03267152503516119,0.07877494580937798,0.0453035150247254,0.004136771497017181
772.3000000000001,1,0.6249278497393848,0.004504640091506663,0.03145865173676779,0.07829871644296674,0.04531219648643159,0.002711078520100578
772.4000000000001,1,0.6314331405638244,0.0033643551802378944,0.030425864115643637,0.07767766606182865,0.04553548868548639,0.00173344404007638
772.5,1,0.6362619930247178,0.0021448420644388454,0.02946219017065462,0.07715825010077022,0.0459195984608705,0.0014116769716414708
772.6,1,0.6400258312839038,0.0010436591530579478,0.028416383828882317,0.07704014158977854,0.04628922207473736,0.001739475732265559
772.7,1,0.6428362375128441,0.0002822808051814925,0.027227402136073883,0.07754239695561391,0.046502272652269014,0.0024340994231024106
772.8000000000001,1,0.6445505180644839,0.0,0.025948698529052055,0.07863289752309469,0.046551334228164064,0.003067160386017071
772.9000000000001,1,0.6450674195696504,0.00013571584641433484,0.024666773760846937,0.08001758308064719,0.04650790253289825,0.0033225957415221495
773.0,1,0.6445098176123577,0.000686002579485859,0.023414583571578624,0.08131313006102049,0.046400844141978995,0.0031950687264315947
773.1,1,0.6432026786588529,0.0015227158869235544,0.022164917138511427,0.08222977604182663,0.046200831295779836,0.002963216325863546
773.2,1,0.6415362171923235,0.0025050832891418454,0.02088907645574389,0.08263123174458128,0.045920460023445915,0.0029696137639227734
773.3000000000001,1,0.6398497801860891,0.0034799956824387765,0.019603640257485164,0.08249364718425323,0.045668903612630096,0.0034092987394063285
773.4000000000001,1,0.6383803157588589,0.004321225098571339,0.01836972821569066,0.08185550398377996,0.045569083013311626,0.004275610001330625
773.5,1,0.6372115742621166,0.004960855862155168,0.01726555294108669,0.0808233547449435,0.045641286615373075,0.005432393151310322
773.6,1,0.6361090352259888,0.005399398985583737,0.01632628630578193,0.07960850709683386,0.045788678377719286,0.006711511290537291
773.7,1,0.6340931187323977,0.005697996717028355,0.015436591444506242,0.07847838680166754,0.04587087099860739,0.007991408302734204
773.8000000000001,1,0.6285959013901863,0.005957768961093403,0.014283038840318382,0.07756030170534696,0.04575631440403943,0.00923691185491432
773.9000000000001,1,0.6144255400014563,0.006287945337686957,0.012534616399719449,0.0766257888036046,0.045302552167565395,0.010465817393026763
774.0,1,0.5837749622472972,0.006765414325864875,0.010182936207774582,0.07506658911442976,0.04432730567305613,0.011669289457393291
774.1,1,0.5291513738945249,0.0073984450903494215,0.007683513916292706,0.07213303610542986,0.04268083166328193,0.012789529575749251
774.2,1,0.44916495268733714,0.008117981948224797,0.00568001065088223,0.06728774625949434,0.04042398383051945,0.01379639690053557
774.3000000000001,1,0.35288152263055045,0.008808956805932015,0.004564914277166574,0.0604190204763163,0.03793292693769769,0.014773446639113166
774.4000000000001,1,0.2572643151024697,0.009363133045834218,0.004289049634903193,0.051789752907079725,0.035761368948022926,0.015905899344367532
774.5,1,0.17816114418648887,0.009717242301859622,0.004497048470011057,0.04191524925823949,0.03434853256132817,0.01735742327703576
774.6,1,0.12245285991632401,0.009851990579946264,0.004760333659200169,0.0316436877119097,0.03382060717353584,0.019120787459008595
774.7,1,0.08764261055679248,0.009753422733583386,0.004733970233515885,0.022283170423622156,0.033994888256139326,0.020971728395393182
774.8000000000001,1,0.06700190397344058,0.00936480118468261,0.0042304416330366836,0.015263163901395167,0.03452111795562758,0.02258857607273007
774.9000000000001,1,0.054349992151984015,0.00857621186114913,0.0032370501559404706,0.011299360950665497,0.03509221683107725,0.02373919179407065
775.0,1,0.04583767471783439,0.007286987779869866,0.0018834757949319624,0.00985931932661094,0.03564760448686109,0.02437146300719699
775.1,1,0.03985848618781463,0.005517252748737458,0.0003928468208132048,0.009593436582469809,0.036394501770131,0.024575736690280025
775.2,1,0.03633371207725802,0.0034784606997017293,0.0,0.009311389013281362,0.03756342194875851,0.02452211115588233
775.3000000000001,1,0.03564826589717972,0.001518360586294873,0.0,0.008550526268594929,0.03912760852416483,0.02442762465227852
775.4000000000001,1,0.03763232439106464,0.0,0.0,0.007431686495583249,0.040793231737364044,0.024502954675684075
775.5,1,0.04124675875654191,0.0,0.0,0.006258855475842392,0.04223099220683903,0.024855471626093088
775.6,1,0.045083985690232586,0.0,0.0,0.005297264447002736,0.04325361171117252,0.025422619907563188
775.7,1,0.048099949670871764,0.0,0.0,0.004742768113196241,0.04380857903957552,0.026008882557552456
775.8000000000001,1,0.04994746327229885,0.0,0.0001672760135024081,0.0047289492913582185,0.043933684071871766,0.02640351518756735
775.9000000000001,1,0.050806783285294706,0.0,0.0008455509926428118,0.0053380485826165225,0.0437862994914268,0.026489927327481365
776.0,1,0.051051563532274004,0.00013566554925261524,0.0021498837327960964,0.006684549594871101,0.04363829454389311,0.026279905266339807
776.1,1,0.05105928053011119,0.0014577433549275362,0.004304859897864039,0.009072441101172809,0.043735987418525066,0.025875155789580898
776.2,1,0.05118080198723992,0.002968879837917062,0.007025103304197214,0.013047396997644426,0.04414394198504982,0.025411737785503444
776.3000000000001,1,0.0517074307411966,0.00440460587446101,0.00963531314779356,0.019109750586687773,0.04474291738805995,0.025042195840529816
776.4000000000001,1,0.052754054791977624,0.005529510931888364,0.011454292325906628,0.02714762137000434,0.04535733445054152,0.024948442303287837
776.5,1,0.05415766872654334,0.006235774379667205,0.012153316390632085,0.0360917076618663,0.045858544686253326,0.02530746786157697
776.6,1,0.05553723591349484,0.00655629149021534,0.011910597225307455,0.044275678602118076,0.046174756456322394,0.026163340827546597
776.7,1,0.05649140657456699,0.006612248245062546,0.011329571614785022,0.050328494276378456,0.04625145948715286,0.027305330050975286
776.8000000000001,1,0.05672611836105125,0.00654826707818036,0.011228637051917316,0.05385812146670883,0.04601423820569659,0.02831201554591965
776.9000000000001,1,0.055996278186423186,0.006486996940389184,0.012583622551918236,0.05542170078555538,0.045361600436547966,0.02876238617692114
777.0,1,0.054030952880228196,0.006505084857032862,0.016893530672316907,0.055977684023982344,0.04421278399770716,0.028445349314880877
777.1,1,0.0506621421551116,0.006624178628971663,0.026739330047371893,0.05634125655243849,0.04260204688679934,0.027435983576785537
777.2,1,0.04608839553565058,0.006818512676737663,0.04555200301647251,0.05693846430539616,0.040736787813837765,0.026030684740862252
777.3000000000001,1,0.040997591320758996,0.007040817727420451,0.07566104425106847,0.057838738143592076,0.038920816239138505,0.02458427663443097
777.4000000000001,1,0.036422683176707,0.007253354006511818,0.11547076396808546,0.058928441467183575,0.03735985118351081,0.023327974116324576
777.5,1,0.03343147007818065,0.0074428712264100775,0.15865896655615813,0.06009186999173449,0.036015639827200366,0.02228428783684545
777.6,1,0.032767592430922296,0.007612889880975353,0.19722819654216853,0.061320662864938945,0.03466498464245521,0.021323038822796972
777.7,1,0.0345355597416328,0.007766851479729394,0.22611570859007793,0.0627548839743163,0.03312388211054878,0.020265768855415058
777.8000000000001,1,0.03811718244503003,0.007898752702583847,0.24514397872927912,0.06465423195622758,0.031423932149016724,0.018933024099499908
777.9000000000001,1,0.042449992925175845,0.007995583776072165,0.2572047235559925,0.0672329939865222,0.029769594471525534,0.017152302737295323
778.0,1,0.04646648393449688,0.008044621905796412,0.26536342165360516,0.07040746724787111,0.028324847206857254,0.014814802401919012
778.1,1,0.049332753237199746,0.008036030406436348,0.27145757487591027,0.07373281699449555,0.027061179426275582,0.011989993570082222
778.2,1,0.05042228017477722,0.007953158146380332,0.27624756108495274,0.07669765318616098,0.025835500500890323,0.008992303514403987
778.3000000000001,1,0.04928791690554321,0.007748659039261055,0.2799591460523687,0.07910016499820863,0.024594644184837606,0.006299518248265428
778.4000000000001,1,0.04581259480615253,0.007322227290106287,0.28261962618673203,0.0810895859314757,0.023453192110776667,0.004358229020133853
778.5,1,0.04043014612143748,0.00653879752036427,0.28424796655697593,0.08285186325387324,0.02256922407637348,0.0034268086324914767
778.6,1,0.034188917648449134,0.005316691788881636,0.2850010148700795,0.08427887289511243,0.02199543811346727,0.0035517613742651294
778.7,1,0.02849946066786344,0.0037460160998045396,0.2852212417067955,0.08488972452680561,0.02167093750970935,0.004604411940831427
778.8000000000001,1,0.024579484496282313,0.0021232818555830682,0.28534042049455577,0.08404162312989019,0.021513484691367185,0.006255307539267968
778.9000000000001,1,0.022886940882074238,0.0008216666867784829,0.2857059488139003,0.08133843460627095,0.021477967727745316,0.007931121467982282
779.0,1,0.02298561135100293,7.45519472546005e-05,0.28644819988571263,0.07701718038462792,0.02153879205096652,0.008947867395571813
779.1,1,0.02398736028924007,0.0,0.28745836647072315,0.07198829271433617,0.021659214339851365,0.00886455679435859
779.2,1,0.025181649856800346,3.359070258649911e-05,0.28846269510590566,0.06739994649346165,0.021804539185529437,0.007782838106607501
779.3000000000001,1,0.02632895669094527,0.0004477249059485546,0.2891095883442298,0.06403399638043608,0.021983713633710676,0.006275592985430444
779.4000000000001,1,0.027493051919075646,0.0010947614490392564,0.28892500213618705,0.06201218560619131,0.022264905517120688,0.004985357851057204
779.5,1,0.02870021166236608,0.0019857206766472763,0.28696392207679555,0.0609669599314798,0.022734106216836844,0.0042591746795130865
779.6,1,0.02975301259308124,0.0030374293873180877,0.28116015214144063,0.06041825575976955,0.02341851377883824,0.004089280747402484
779.7,1,0.03031394389104966,0.004063019218252013,0.26792074711519065,0.060032111459032915,0.024237537632375846,0.004287266839171712
779.8000000000001,1,0.030164595275096004,0.00487611113795836,0.24309521907326886,0.05965520861915758,0.02502948346667541,0.004659487961230372
779.9000000000001,1,0.02942305436506706,0.0053955914512714715,0.20486564710578525,0.05921041271815974,0.02562775498260254,0.005069083507082605
780.0,1,0.02850822514996048,0.0056576359893801345,0.15677516926401658,0.05856138945755383,0.025915860787682075,0.005426234737080781
780.1,1,0.02784202704105589,0.005749301982930182,0.1074845148563745,0.05738327369601627,0.025834092917711944,0.005675019398159363
780.2,1,0.027541393424631695,0.005744419375804357,0.06625364539414766,0.055066416964238536,0.025352857098813304,0.0057968585365431235
780.3000000000001,1,0.027374203088160978,0.0056922137620260905,0.037808886408915665,0.05080665156097815,0.024413007065310306,0.005816800460455553
780.4000000000001,1,0.026997157724267137,0.005643630910566703,0.021060159124330995,0.04409084374315759,0.022871459098772393,0.005793003191025394
780.5,1,0.026250408510682065,0.005674002720937083,0.011821599257827272,0.035414785845842636,0.02057447459922708,0.005788925613305588
780.6,1,0.02528094071941197,0.005874401028798094,0.006132683569157399,0.026501323125745886,0.01759454278246545,0.005857511846565791
780.7,1,0.024442104240707155,0.00630966993410033,0.0017490198690926209,0.01945462357711528,0.014426386378963612,0.0060603290780537845
780.8000000000001,1,0.024072558608288667,0.00697788210854972,0.0,0.015412429441590644,0.011891963988392337,0.0064897892440559215
780.9000000000001,1,0.02429175393803837,0.007830776232979885,0.0,0.013968283391585373,0.010765027268547235,0.0072249963506079914
781.0,1,0.024910450284615943,0.0088837025304092,0.0,0.013821521399904923,0.011374203427830522,0.008209489841883768
781.1,1,0.025506296289513394,0.010345400397540784,0.0,0.013825931194020459,0.013440420355243227,0.009162031944189799
781.2,1,0.02563694248565536,0.012670119055667547,0.0,0.013488023396655979,0.01624276801854675,0.009664797773586227
781.3000000000001,1,0.025069853200718563,0.016608783088120367,0.0,0.012827646493105093,0.01901542481667792,0.009423188567119463
781.4000000000001,1,0.023894783388558456,0.023495638865955855,0.0,0.01206518862135487,0.021311274940421107,0.008492480872431271
781.5,1,0.022474912661590605,0.03582606164298647,0.0,0.011454162069868335,0.023073905865347043,0.007253446065531329
781.6,1,0.021297691543937257,0.05753022008119951,0.0,0.011268235968755024,0.024423838876047075,0.006142212827165185
781.7,1,0.020831116584567516,0.09272866223594804,0.0,0.011817082878047619,0.025424303833873462,0.005374550290684231
781.8000000000001,1,0.021438367142604577,0.14248852396014336,0.0,0.013357053799915409,0.02603110016491926,0.004889873951464452
781.9000000000001,1,0.02328929303773014,0.20177083849783964,0.0,0.015870822569008805,0.0261738935959453,0.004502629097508227
782.0,1,0.02620596069843039,0.26038211883323725,0.0,0.018908938423487287,0.025820828042527607,0.0040746804529380705
782.1,1,0.02957368714870587,0.3084577590533065,0.0,0.021744896851421735,0.024986171405126885,0.003573679191460827
782.2,1,0.03256465499092314,0.34172790366748557,0.0,0.023792093510443698,0.023724572659283075,0.0030326829324399253
782.3000000000001,1,0.03465797235004984,0.3619613058235675,0.0,0.02490750415871609,0.02213757832131124,0.00249647316187781
782.4000000000001,1,0.03602538154750955,0.3735152331933138,0.0,0.025329296551811372,0.02038802458972424,0.0020024324021244207
782.5,1,0.03735791691889215,0.3801542405728392,0.0,0.025395771031042392,0.018702796458773818,0.0015851959395793416
782.6,1,0.03925127255091692,0.3841715951393059,0.0,0.025347080672478525,0.017329678749965365,0.0012791305601287037
782.7,1,0.04174271913797492,0.3868417952834343,0.0,0.025329495120401734,0.016447750793428622,0.0011058331089610469
782.8000000000001,1,0.04441867823007072,0.3888777408605935,0.0,0.02552237712045618,0.016110697967291338,0.0010481594941213772
782.9000000000001,1,0.046897863208478024,0.39062319214696367,0.014865013295607507,0.026269581000236023,0.01629747292571795,0.0010302435577350135
783.0,1,0.049159441497483705,0.39219032239253176,0.05086774825931642,0.02813609645718094,0.017010271888746816,0.0009403154395016776
783.1,1,0.051442871582975676,0.3936065873500649,0.10574703510778903,0.03181694611004607,0.018281174177994703,0.0007211808847413834
783.2,1,0.05391451642594839,0.3948968774551742,0.17387617072703307,0.03782607872133859,0.020064743944451565,0.0004862042738958275
783.3000000000001,1,0.05646701229271948,0.3960865921809452,0.24319774275430633,0.04603216308932325,0.022145265997181945,0.0005442375490848
783.4000000000001,1,0.058799228155814405,0.3971825336029103,0.3017472600853248,0.05538787184868505,0.024170130955536773,0.0012557273176901768
783.5,1,0.06061700794018408,0.3981732695518218,0.3440363159415626,0.06425641584883403,0.025794895216935634,0.002799422982119232
783.6,1,0.06172183985514018,0.3990345868865073,0.37185398004920756,0.07126654687176692,0.026850377239515173,0.0050239039754911155
783.7,1,0.06195569687737682,0.39970224440404356,0.3901871369492497,0.07603553253789301,0.027430035549740873,0.007485230569036436
783.8000000000001,1,0.06117896316105006,0.3999700730942085,0.4031722654962053,0.07915627927784216,0.027818817703282445,0.009638887913235689
783.9000000000001,1,0.059410803482463255,0.3992309273619871,0.41298916637417554,0.08155949543708851,0.028287408966491446,0.01107446102796499
784.0,1,0.057025621394037045,0.39593063812355084,0.420678673057884,0.08389086541748013,0.028913256088334605,0.011669429278585445
784.1,1,0.054775086136940494,0.38683573597806015,0.42690052814222945,0.08633967651620468,0.029584209303986253,0.011596029710519304
784.2,1,0.05352931158034181,0.3669364199090665,0.4320896858528838,0.08881584412129033,0.030156820319520716,0.011209645456095638
784.3000000000001,1,0.05386374397356436,0.33135224752165443,0.4364855388936579,0.09115734324984151,0.030596889247004024,0.010894395939203548
784.4000000000001,1,0.0557635348564291,0.27924680375193883,0.4403245706179143,0.09323314131582919,0.030992084178527887,0.010924937570965958
784.5,1,0.05866308500318399,0.21665563534606327,0.4440633462654268,0.09498717182227934,0.03147718592779118,0.011384333704939145
784.6,1,0.06179076430979659,0.15448614873660266,0.4485174753752762,0.09644881079534075,0.03215304380427437,0.01217349804483664
784.7,1,0.0645412809634105,0.10252561993942148,0.45501567486672395,0.09769100807014036,0.03302475185933833,0.013111781611524232
784.8000000000001,1,0.0666156471240852,0.06491066044170071,0.46550057861994293,0.09876995796856411,0.03397414523409028,0.014056766466900582
784.9000000000001,1,0.06793525936890149,0.04048385858254516,0.481996708375815,0.09970863635811286,0.03480680700784589,0.014947702276238553
785.0,1,0.06852347142565114,0.025854402214455376,0.5050713035434955,0.10052098780513227,0.03536211844469063,0.015757582124577955
785.1,1,0.06847099982767818,0.0176093216807871,0.5323490032871548,0.10122081754515325,0.03559422313978005,0.016436421122399937
785.2,1,0.06794703731912555,0.012998158566178575,0.5589355083376168,0.10178399672558339,0.035556678315915594,0.016916791999088156
785.3000000000001,1,0.06718624935278027,0.010120228269131604,0.5797743060149914,0.10207223871412928,0.035319170407002144,0.01716257432068552
785.4000000000001,1,0.06642346282679057,0.007992530430629023,0.5915436746925609,0.10173331030460063,0.03488609069063069,0.017208313417007765
785.5,1,0.06578409681283981,0.006318527132312593,0.5925286629244293,0.10009949047587442,0.03416596851276018,0.017174331005525203
785.6,1,0.06520183170858278,0.005074759808315447,0.5819963885049729,0.09615803565085256,0.03301132710497873,0.01724743477251037
785.7,1,0.06447714665585547,0.004237643331908925,0.5610451234043476,0.08874990929879661,0.03131499808995077,0.01758716576588587
785.8000000000001,1,0.0634811432529796,0.003739264971198583,0.5338713565941232,0.0771302972006948,0.02910848071620214,0.018170250139387435
785.9000000000001,1,0.062318415160067316,0.0035186213366365923,0.5068077083616758,0.06176535680417821,0.02659075095816979,0.018711271534221585
786.0,1,0.061256168504881685,0.003539234371413419,0.4851259820264767,0.04492128489165239,0.024052384269823306,0.018799848842876055
786.1,1,0.06048033224592034,0.0037639200660009183,0.47062389572988134,0.03062270779960959,0.021737616969508475,0.01819209185615941
786.2,1,0.059958400013890356,0.004125372156342696,0.4620364630388365,0.024036792936454443,0.019738555885434626,0.01700805554335235
786.3000000000001,1,0.059567649615393334,0.004507348459957415,0.45708382043818246,0.030570527635211755,0.017997252666408736,0.015658931613574616
786.4000000000001,1,0.059313876020162845,0.004748123887918824,0.4539467864687516,0.054401378632894355,0.0164304281739741,0.01457779845235789
786.5,1,0.05934709147903352,0.004685243361867625,0.4515489359507892,0.0959727396257126,0.015094818069735273,0.01397812074428953
786.6,1,0.059732621193962276,0.0042356592967369815,0.4493468318974795,0.14973125650079708,0.014212708363154773,0.013796534520635843
786.7,1,0.06023596596677147,0.003459689607699616,0.44717305932440915,0.20511671523944594,0.013964377263262193,0.01380668134348036
786.8000000000001,1,0.06037001691319198,0.002549971145173314,0.445123484183279,0.2516097822961928,0.014246238044931287,0.013780263371626737
786.9000000000001,1,0.05967926757340547,0.0017405640309021062,0.44338581771544444,0.28401699961462357,0.014688756115553219,0.013586812763809982
787.0,1,0.05802601216074002,0.0011972658484096128,0.4420010412628325,0.30355942682163656,0.014919479644920233,0.01321149131282227
787.1,1,0.05567966189541751,0.0009609009891451225,0.4404115830628136,0.3148507500214715,0.014784801993387341,0.012722212843257861
787.2,1,0.05317683029582896,0.0009647678352160288,0.4365046644154626,0.3223629930076354,0.01437233386490052,0.01220778950336185
787.3000000000001,1,0.05103781910753147,0.001092623485743899,0.42545343762003884,0.32886841537176403,0.013913463002573555,0.011712914646820399
787.4000000000001,1,0.04947339342200056,0.001230519910127418,0.39997833138076894,0.3356075058151378,0.013661382443416498,0.011223125753333573
787.5,1,0.04825875418349997,0.00128965604457672,0.35384747467585126,0.342967598837096,0.013772288393008737,0.010718651580263857
787.6,1,0.04692724714045073,0.0012079520121117883,0.28749738292280086,0.35100713901351654,0.014238754469327026,0.010231646105676092
787.7,1,0.04520601634990963,0.000949649229607655,0.21074964693867282,0.3597222787903679,0.014922092000102076,0.009834139930949429
787.8000000000001,1,0.04331914685436232,0.0005116931959167684,0.13857684354963046,0.3691346913325999,0.01563730040876348,0.009574309277299579
787.9000000000001,1,0.041833910482488426,0.0,0.0827151563668342,0.3792723953192465,0.016199939858164338,0.009433735406505748
788.0,1,0.041192491809162284,0.0,0.046530418869212886,0.39007214234699916,0.01643122791924104,0.00932980022896066
788.1,1,0.04140248020591687,0.0,0.02654691452848185,0.4011964249521146,0.01620582534923614,0.009143392391046045
788.2,1,0.042118747806994636,0.0,0.017088288994782208,0.4117989858236352,0.015565258549670252,0.008787565356689018
788.3000000000001,1,0.04290304948001123,0.0,0.013382215735553081,0.42042721267610506,0.014780487371474207,0.008319419728881438
788.4000000000001,1,0.04339677998660209,0.0,0.012306594264952406,0.4253520989118092,0.014244844840058654,0.007969937267527365
