time_s,amp_mean,amp_std,amp_max,phase_std,i_mean,q_mean,label
0.0,36.55131023857038,12.366339821490806,61.43124811369753,0.25745891560563816,12.045012736039288,-34.09818344576047,0
0.1,35.4104720721491,11.875766241985687,54.63144850342738,0.20378519432302852,-21.56620159408748,-13.995913963115253,0
0.2,33.59192586283096,11.541273342354883,58.27323249876772,0.24928390223990615,-17.92633648280399,-2.7665125895967755,0
0.30000000000000004,24.06370660937207,4.756162702450789,40.81169780752415,0.5733597378207567,4.9501696016014165,-15.441838331199298,0
0.4,32.674772106034446,11.376413091314792,52.21893378064192,0.2878268193092347,-2.7394850143379617,-31.85833025831185,0
0.5,33.80677337025625,11.435271519634199,51.60248777245367,0.2205086328628197,15.810840241413121,-23.379133318554388,0
0.6000000000000001,32.80836820193221,11.352517458876322,52.71656728477468,1.5636963425065564,-0.5039595130262882,-0.7913528035269093,0
0.7000000000000001,34.40596517626256,11.127593353459462,51.561536088506024,0.1760992293902976,-8.228601151154233,-27.701298973422748,0
0.8,33.04357851763501,11.130577754617036,51.20308011867335,0.19724040659565284,30.47912897390406,-11.29635525222726,0
0.9,32.369451411765155,12.136528547355992,50.064693436801754,0.4718935291686728,28.26760694516453,9.0696876778588,0
1.0,32.153794767736365,12.456262429785093,50.00449083908052,0.577775564993304,27.690327681209258,15.893042074912698,0
1.1,32.45244156817235,12.29842996516506,49.7722241337395,2.319473609259588,-31.805969475965906,3.0537305790220532,0
1.2000000000000002,26.75075494340966,10.219562288814762,41.37160247654701,0.4243906480601369,-21.100020804938456,-0.17633402617428118,0
1.3,31.994118382608722,13.060862771769658,49.76551003562637,0.5017081858371696,28.802263217813437,-13.326587396589067,0
1.4000000000000001,30.005362555558108,11.615928960595541,44.4280539862431,2.899836139587001,-29.834394439000075,1.1322718561924188,0
1.5,29.346491344823534,11.599308600066353,44.9344729369024,0.4796966296335732,28.048292983218182,-2.4263116160714024,0
1.6,29.52731214149642,11.956266221657561,44.66594031105822,0.5151557031407722,15.995783641030956,-18.743692443696208,0
1.7000000000000002,29.752797963307373,11.564796567679684,45.69040311675634,0.4552222077449951,14.920343381722608,-15.25529499587426,0
1.8,30.9958309131618,11.940775579243274,46.89941335241256,0.6280366651695122,1.3805398465159975,-0.8607178614048294,0
1.9000000000000001,32.23886386301623,12.316754590806864,48.108423588068774,0.8008511225940296,-12.15926368869064,13.533859273064632,0
2.0,30.093905104411448,11.864759133015978,46.17880194159484,2.4587943331010322,-29.409046830418806,3.001791311090526,0
2.1,30.82668141466858,12.55281734187133,50.04358894604419,0.49872517629953106,22.151836802078925,-7.894579266682051,0
2.2,29.407913642249646,12.445994185855298,49.60700437258746,0.610661447915251,15.85212210272045,3.3869704078154825,0
2.3000000000000003,27.98914586983071,12.339171029839267,49.170419799130734,0.722597719530971,9.552407403361975,14.668520082313016,0
2.4000000000000004,26.570378097411773,12.232347873823235,48.73383522567401,0.834533991146691,3.252692704003497,25.950069756810553,0
2.5,29.70176481049895,13.452455186195863,51.93434231161584,0.9922550022563091,-8.273977795221578,25.17990652210362,0
2.6,30.31922670083135,13.68064526483232,53.67574715630762,0.8597290095921867,1.1241903515010048,15.664345161555218,0
2.7,30.936688591163755,13.908835343468779,55.417152000999394,0.7272030169280643,10.522358498223586,6.1487838010068145,0
2.8000000000000003,31.554150481496155,14.137025422105236,57.15855684569117,0.5946770242639419,19.920526644946168,-3.3667775595415925,0
2.9000000000000004,31.917077621328794,14.170025737090779,58.28230267157251,0.4323688862473818,22.289781446273082,-14.758071652545222,0
3.0,32.858214317121025,15.185106057623127,61.77691890847649,0.7004360972998471,-22.89659165107759,-3.829280420541629,0
3.1,29.598462569754574,13.354990471780768,53.36033328233031,0.6850409660912574,13.41756201120358,23.271313896656967,0
3.2,31.486089486479877,13.88288401552097,57.72082125172947,0.5416273156786031,5.2301618250566815,4.983737290769515,0
3.3000000000000003,33.37371640320518,14.410777559261172,62.08130922112862,0.39821366526594887,-2.9572383610902158,-13.303839315117937,0
3.4000000000000004,35.26134331993048,14.938671103001376,66.44179719052778,0.2548000148532946,-11.144638547237115,-31.591415921005396,0
3.5,30.1003971343693,12.710130682337516,52.79809912947655,0.8222325311662648,6.909805074207106,29.064636036123964,0
3.6,30.26613150800144,12.665548578306721,51.9523305256322,0.8265484264186074,7.6085610264151775,29.04438732013551,0
3.7,30.43186588163358,12.620966474275924,51.10656192178786,0.8308643216709498,8.30731697862325,29.02413860414706,0
3.8000000000000003,30.59760025526572,12.576384370245128,50.26079331794351,0.8351802169232924,9.006072930831323,29.003889888158604,0
3.9000000000000004,30.763334628897862,12.531802266214331,49.41502471409916,0.8394961121756349,9.704828883039394,28.983641172170152,0
4.0,32.19140978129987,12.891451952185868,49.732309390906984,0.8445941023316696,-9.005842546528342,26.110422271912757,0
4.1000000000000005,31.62453699202561,12.446594375383624,50.42633502870471,0.5918926613293574,4.29782962655182,23.090233974884626,0
4.2,31.057664202751358,12.001736798581383,51.12036066650243,0.3391912203270472,17.601501799631865,20.07004567785652,0
4.3,30.749251521495015,11.629229237711371,51.14134964147314,0.20624449788455002,-2.083501873449531,28.67838933561005,0
4.4,31.478689150056354,11.400024209198031,51.75922759285026,0.1446652062596806,23.71834190253534,-20.53025987517702,0
4.5,37.291510129147184,13.16081969734918,59.3028402134382,0.8882439273620188,-29.078250745585187,-18.94939427437248,0
4.6000000000000005,37.38057547862837,21.655859673914865,70.46333711790771,0.2511709164786087,-26.70922086903663,-20.47090908133735,0
4.7,35.8146303482183,18.68583138764883,64.70166691046694,0.47447087601069726,-25.02929983527762,-5.658344607305132,0
4.800000000000001,34.248685217808216,15.715803101382766,58.93999670302613,0.6977708355427878,-23.349378801518593,9.154219866727221,0
4.9,32.682740087398145,12.745774815116729,53.17832649558537,0.9210707950748764,-21.669457767759585,23.966784340759435,0
5.0,36.10954309562841,13.1453818963704,57.770670031721565,0.2517809815974806,14.29932801889643,30.633499150178057,0
5.1000000000000005,35.59185685695708,13.091448126214413,56.33116068985162,0.9379056319034913,2.1221683055325027,23.100344538955234,0
5.2,35.074170618285756,13.037514356058425,54.89165134798169,1.624030282209496,-10.05499140783132,15.567189927732471,0
5.300000000000001,34.55648437961443,12.983580585902438,53.45214200611176,2.310154932515507,-22.232151121195244,8.034035316509645,0
5.4,33.48463886915682,12.825450646353923,51.772115664812326,2.2332287955708012,-15.626304773950405,7.038428101487147,0
5.5,31.203393300849516,11.934695303240208,51.52614457570557,0.17159793518473432,21.602406749843247,20.649214772019857,0
5.6000000000000005,31.00564583560543,11.869660969525237,50.16466828580218,0.3620201312675556,9.568775640136925,18.61585348872097,0
5.7,30.80789837036135,11.804626635810267,48.8031919958988,0.5524423273503752,-2.46485546956929,16.582492205422096,0
5.800000000000001,30.610150905117266,11.739592302095296,47.441715705995406,0.7428645234331966,-14.498486579275617,14.549130922123206,0
5.9,30.412403439873184,11.674557968380325,46.08023941609203,0.9332867195160163,-26.53211768898183,12.515769638824334,0
6.0,22.517113622474252,9.23703408656928,39.226831022945035,0.1491629018853962,2.059084163928469,18.978440370790604,0
6.1000000000000005,26.563379440698668,10.860147324674415,46.035650450761615,0.17525171154683358,12.085810423889148,9.189289791123956,0
6.2,30.609645258923045,12.483260562779536,52.84446987857813,0.20134052120827078,22.112536683849736,-0.5998607885426068,0
6.300000000000001,34.655911077147465,14.106373800884672,59.65328930639471,0.22742933086970818,32.13926294381042,-10.389011368209253,0
6.4,29.077541058501918,11.964091295610558,56.39204680137128,1.658125310069809,-18.609315681655634,12.238522563190893,0
6.5,30.47619441088108,11.98943922228454,48.72204943939502,0.2555009539184255,0.2761853687734992,-30.170953195187142,0
6.6000000000000005,25.555157346527196,10.097221197726384,43.954800596548836,0.17575065258440506,3.4760977858485926,-25.135952754761206,0
6.7,30.89830189091658,11.918214411599825,51.86947390338431,0.9389691780066504,-16.325612889236076,-21.24080018858171,0
6.800000000000001,30.872525899340594,11.77851324976695,49.57250424838845,1.8669392559384355,-23.086120786955583,-12.376428397610436,0
6.9,30.846749907764607,11.638812087934076,47.27553459339261,2.7949093338702125,-29.846628684675032,-3.5120566066392414,0
7.0,29.63317859676191,11.666021472470419,51.301996121631234,0.9317455958742475,-24.22408412047135,9.213421576409015,0
7.1000000000000005,20.971420121325256,8.726299190790655,36.55125161582615,0.2583178561040741,-0.8498637500372018,6.690599946642049,0
7.2,20.54138614608496,8.383609861501386,35.20741133732416,0.23484665571529872,0.25362602253372235,-11.638204607205061,0
7.300000000000001,23.990624045362328,9.58171707727318,39.154396541967365,0.29490455584875497,10.591976440854754,-17.006684492485448,0
7.4,32.00594279499326,12.500611807768216,48.61895891974904,0.5519200527325148,22.44068274476245,8.763479292147085,0
7.5,32.78733361800974,13.196901920939482,55.9172911588087,0.25272154312796824,-7.586315183263592,24.207164730164788,0
7.6000000000000005,31.80469649879924,13.008799032239363,52.331869529031906,0.7479798655974316,0.13741432116224317,30.060963756773813,0
7.7,32.45623499145262,13.057808441737775,53.13065749021459,0.8001004277769642,-6.411188443440014,29.023149883012003,0
7.800000000000001,33.107773484106,13.106817851236187,53.92944545139727,0.8522209899564973,-12.95979120804233,27.98533600925019,0
7.9,33.75931197675938,13.155827260734599,54.728233412579954,0.9043415521360298,-19.508393972644587,26.94752213548838,0
8.0,31.079573363584213,12.392778248628431,50.02801049659832,0.21312250097899005,-1.0618301418067766,-24.07550426297962,0
8.1,30.603024487486028,12.013187512972879,48.85820767926617,0.147449557074206,-16.563744367817527,-10.41780224583874,0
8.200000000000001,31.61754316186828,11.845077153780036,51.88716582823538,0.1765950862698074,-20.469435618243672,21.83510120506661,0
8.3,32.267414576668365,12.474621977824613,52.462024141308255,0.5417337037016924,-22.466948407365606,22.815826258576152,0
8.4,32.894010634473844,13.155080962501353,52.880237784004805,0.9283186884678024,-24.342662571297947,21.800454818635465,0
8.5,31.787995204428018,12.404285520429564,51.584750142885795,0.6343767672000504,-3.900413587684426,21.49776851234785,0
8.6,32.98376671955038,12.930018809563085,49.88231431914877,0.35369671055682816,16.71679205329315,-23.79848790930515,0
8.700000000000001,33.51293794986443,13.249419274506115,50.99631935932591,0.2906294152848638,5.339295430197637,-25.524996416377018,0
8.8,34.04210918017847,13.568819739449138,52.11032439950303,0.22756212001290055,-6.038201192897677,-27.251504923448856,0
8.9,34.571280410492506,13.888220204392159,53.22432943968015,0.16449482474093732,-17.415697815992985,-28.978013430520697,0
9.0,34.043748973888654,12.821782611007,54.58520969013935,0.30709708507969957,33.084887312350844,1.4356395289496477,0
9.1,32.54641113147874,12.5013279709336,49.21382196795661,0.9253327522471243,-27.627433786486826,10.895158832453834,0
9.200000000000001,32.230446130153815,12.349927202259275,48.763780181856575,0.6839366021337574,-26.775800393966893,1.1121061844685052,0
9.3,31.914481128828893,12.198526433584954,48.313738395756545,0.4425404520203947,-25.92416700144698,-8.67094646351665,0
9.4,31.59851612750397,12.04712566491063,47.863696609656515,0.20114430190703203,-25.072533608927063,-18.453999111501805,0
9.5,33.51940157850238,13.001105524191296,51.732215406394076,0.7238793009312514,9.70630654070343,21.39531060996736,0
9.600000000000001,35.3009409089816,13.871733929033605,54.075770451123304,0.32969460997692496,19.987106243167176,-28.75503358448468,0
9.700000000000001,34.78652339933244,13.790691434412429,53.061390275478445,0.35107222014905537,21.449227163802473,-26.843448018933966,0
9.8,34.27210588968328,13.709648939791252,52.04701009983359,0.3724498303211857,22.911348084437765,-24.931862453383257,0
9.9,33.757688380034125,13.628606445170076,51.03262992418873,0.39382744049331614,24.373469005073062,-23.020276887832544,0
10.0,31.777110092114082,13.691392405363413,53.5538787060494,0.3329730876699608,26.877493353929864,-16.59485330454567,0
10.100000000000001,32.08382319178864,13.465577234709771,54.02867084503144,0.6235446516086586,24.714498434871732,20.11580155481633,0
10.200000000000001,32.33661417949381,13.325345788231122,53.483178491632096,0.6345686969191707,25.886617886535912,18.83911412111085,0
10.3,32.589405167198976,13.185114341752472,52.937686138232756,0.6455927422296828,27.058737338200093,17.56242668740537,0
10.4,32.842196154904144,13.044882895273822,52.39219378483341,0.6566167875401949,28.23085678986427,16.285739253699887,0
10.5,30.87482919900086,12.124245066816108,53.81397376410917,0.44456342391279624,20.40181721133932,17.852918338533286,0
10.600000000000001,34.12758401518725,14.569815186052415,59.877527326317626,0.41408767080484565,30.02176495903652,-15.712735188754008,0
10.700000000000001,33.76661711566824,14.265091015440696,56.66034719776124,0.4358409599722943,30.036878951492405,-14.860491448284606,0
10.8,33.405650216149226,13.960366844828975,53.44316706920485,0.45759424913974284,30.05199294394829,-14.008247707815201,0
10.9,33.04468331663021,13.655642674217257,50.225986940648454,0.4793475383071914,30.067106936404176,-13.156003967345798,0
11.0,31.68464054691797,18.078206427919696,59.0489993534312,0.3682316433830697,7.0764724910869745,30.15975301192871,0
11.100000000000001,29.04577134738933,18.52612290506191,67.55670265172989,1.1163773696698847,-19.2586300368971,20.961452523842965,0
11.200000000000001,29.595865170050125,16.389313139686163,60.29817667381173,1.0268926876738655,-16.41508444181347,23.49912938900296,0
11.3,30.14595899271092,14.252503374310415,53.03965069589357,0.9374080056778467,-13.571538846729844,26.036806254162958,0
11.4,30.66529252775093,12.123794702820101,47.01322974030916,0.7975542611063882,-4.530642145758675,21.41105884713326,0
11.5,29.853002497615304,18.90025304994856,63.67101720464111,0.510449000077031,21.8166242189167,16.168305334353338,0
11.600000000000001,30.611878701954385,16.877125496310903,60.57101888911706,1.8574931013187674,-26.877628401019752,-3.943641332651448,0
11.700000000000001,31.603615882861654,15.60271135892129,57.531192894592834,1.5301037606531918,-23.114491006604016,7.048314150624192,0
11.8,32.595353063768925,14.328297221531676,54.49136690006861,1.202714419987616,-19.351353612188277,18.040269633899833,0
11.9,33.5870902446762,13.053883084142061,51.451540905544384,0.8753250793220404,-15.588216217772542,29.03222511717547,0
12.0,35.00114143279545,14.7491751688211,62.222698813762506,2.254359966679987,-28.481742997496088,3.9786054213078668,0
12.100000000000001,30.221582670555073,13.357890184654133,48.72231566406926,2.20641620613783,-22.242299050323794,-9.048240702017246,0
12.200000000000001,28.291795365537446,12.012191706556765,36.19997785320466,1.5212147105227432,-9.935667074267492,-14.890769670396208,0
12.3,26.36200806051982,10.666493228459398,23.67764004234005,0.8360132149076565,2.370964901788806,-20.733298638775167,0
12.4,22.23167111595278,15.95872705602855,115.92085174005014,0.33239821812122006,19.70879075395832,-19.17147114136413,0
12.5,34.232085544067886,16.08056519233932,58.676119628502796,0.2567122330848129,11.037587910177587,31.34917035281941,0
12.600000000000001,34.98290991908903,13.88048357617508,58.14390336874346,2.68421205969871,-32.74442997186647,4.30870099153724,0
12.700000000000001,33.35217055332218,13.111940610164645,54.114294093165455,2.0607438061327583,-19.684373019423255,12.006128386864464,0
12.8,31.72143118755533,12.34339764415421,50.08468481758745,1.4372755525668068,-6.62431606698004,19.70355578219169,0
12.9,30.090691821788475,11.574854678143776,46.05507554200945,0.8138072990008554,6.435740885463176,27.400983177518913,0
13.0,31.955197179655734,10.765730465021745,50.48334065278284,0.1369138897995828,8.936011991332936,-6.1250444191645474,0
13.100000000000001,33.57077148430214,13.529964109543927,57.886125788736045,2.6208186539477656,-26.48901459184834,1.1138124117545245,0
13.200000000000001,33.09473963801822,13.175164642707434,55.88484661930369,1.9641307251329923,-8.658131709856917,-0.752253690461645,0
13.3,32.61870779173429,12.820365175870943,53.88356744987132,1.3074427963182185,9.172751172134504,-2.6183197926778146,0
13.4,32.142675945450364,12.46556570903445,51.882288280438964,0.6507548675034451,27.003634054125925,-4.484385894893984,0
13.5,33.29110466116302,12.408779571063619,50.372919273467026,0.46817747543552957,23.20983520309072,1.203293676752093,0
13.600000000000001,38.303748593783276,10.197161648873193,38.78508195768704,0.29811715885090534,15.365850063038163,-22.302108940025562,0
13.700000000000001,49.095523012613796,8.18699622043018,22.257530690024655,0.21709936720574122,7.2133685348616545,-22.522768984451076,0
13.8,16.86390994081993,29.27243071503281,59.073991317286115,0.15697297711726552,-22.81777777777602,-13.7955555555531,0
13.9,32.81614459898617,13.068695826518521,51.8054241714431,0.376590993756154,-0.1792649259106831,-12.01741698842316,0
14.0,34.183363776063,14.05955608241311,57.35502538684335,0.4676108021461459,29.843726926199547,-0.7717332684100018,0
14.100000000000001,27.228859552849325,12.4897127100827,47.64549034730477,0.5217307507748756,23.0985905104156,18.340944529786118,0
14.200000000000001,24.784239294392947,10.902454974355727,40.24030360728483,0.3532883995424661,27.79724128624083,15.465452587189167,0
14.3,16.840596447438767,8.92219045348963,31.888346580554007,0.16563112424646292,9.850526315787128,-2.7968421052647994,0
14.4,30.04899821202803,12.552354352406638,47.33265893275738,0.4481136633889625,23.41699311580203,-8.49915059577571,0
14.5,31.993613012071933,13.145955913218746,56.708050850745565,0.2724130222452475,-5.010616235917826,15.537601268147228,0
14.600000000000001,25.342727272726165,8.651818181817838,40.13272727272558,0.1836363636363608,11.38181818181994,-14.930909090906265,0
14.700000000000001,32.77236225057479,15.79831126931899,45.459527668637236,0.13110159418817774,-3.5864285714283994,-19.58053571428572,0
14.8,23.867899601570354,11.466742059981176,94.52757154285284,0.1972982630957401,-4.594545454546182,11.31045454545541,0
14.9,34.22962666050624,16.317665927993843,56.51407169318448,0.24625438018965218,-19.96167003776955,-18.80762268756301,0
15.0,31.48488341425794,14.32967924469926,56.99321053022808,0.7859871806996052,-13.258884036573964,25.85982557609095,0
15.100000000000001,32.152016932130955,11.574574453947427,51.38422261172989,0.3036820184684216,15.748837209302232,-26.504883720930245,0
15.200000000000001,23.898796479670985,11.07173748026363,43.61237335659615,0.2148954749245691,-0.12558139534888113,-28.13744186046512,0
15.3,15.645576027211014,10.568900506579833,35.840524101462414,0.1261089313807166,-15.999999999999996,-29.77,0
15.4,29.420679941190336,12.526331193423488,82.32268953831885,0.20398686907317617,-12.70002847275426,-12.150288444634185,0
15.5,29.038052326857635,12.703977276702,52.24056759764359,0.34053035700988477,12.193997685722305,-21.150289781751226,0
15.600000000000001,25.73910400176739,9.372082024333965,42.38504068102482,0.18526252575819652,0.31708072987037994,16.332237621583747,0
15.700000000000001,30.909062560466655,11.376356631830037,43.022255226949085,0.14980554069691712,12.402854947426022,11.896994545016636,0
15.8,18.450237306574007,9.544852809754504,31.69465685757527,0.15961156009665614,2.212058380204178,5.7576468933024145,0
15.9,36.29840450449382,21.6258004072072,70.01049371822376,0.20578678076462475,-21.471787941275593,-28.779111412037036,0
16.0,32.698822629505045,12.265524279992487,49.82501368813233,0.38599173877581117,25.606868255868925,-10.551952835081307,0
16.1,20.418235967165963,8.10583702526029,35.091931671565035,0.2171952645131121,-4.408199217132054,19.707202666337373,0
16.2,26.818156563182352,12.106346148164063,39.6774817313287,6.128621139994426,7.320420534496858,-3.2225659150941635,0
16.3,16.97277144841245,11.363690970228774,107.43826627205833,3.556240015361162,3.7797867126630287,-20.398070108582807,0
16.400000000000002,30.72425254755004,11.481724214424185,51.680679187134466,0.171579472571134,20.89866140431109,18.655653480198392,0
16.5,30.31383975886804,12.295532249173386,48.59703296814256,0.5387468772765236,2.914856954264108,4.190242442726429,0
16.6,29.48925577767586,10.912183643003523,48.241120923424916,0.12894026897157612,9.119861177211288,18.827946131875596,0
16.7,33.735534666054406,12.723101858020808,56.34672554054808,0.14864161382945332,-7.280832936729356,-14.93232320874042,0
16.8,27.090949372835038,9.457698580749476,33.14384379980669,0.2258041219275164,-9.387954555080695,-8.204927817713244,0
16.900000000000002,29.723899698089504,10.161991245704897,36.43365351812576,1.016478584762314,-1.6833423703318822,7.542818470784161,0
17.0,32.81368675982586,17.682896274607117,59.51091595504173,0.14328338542417254,-16.27188162663478,10.915187891353103,0
17.1,34.420157203700875,20.735051692972895,65.88168250186865,0.1990246807979323,-19.84254193193607,-8.250016028481827,0
17.2,27.40305063532813,13.546365571751696,49.115057218584354,0.1585217938294262,-7.604903331375942,18.7308901607588,0
17.3,21.609944034996616,13.18183920789745,102.91291409199118,0.16484301485051658,-21.779293455032537,-7.36607171656517,0
17.400000000000002,23.309415426452546,9.644550416200078,38.454964929775244,0.5454740932851716,-18.169567314482705,-12.601221351701522,0
17.5,36.06559257411221,12.254259301412791,59.08411848532329,1.1649280854958586,-33.99635054611152,-9.562843691786242,0
17.6,29.749326394433044,11.29448159465107,48.565276350356505,0.8220175147709503,9.97482625339001,-7.104472584059264,0
17.7,34.34608387990607,11.813461675303149,55.00481736923965,1.4742109214835448,-4.082252442705219,10.139622257103518,0
17.8,32.62776761164634,11.917241053207444,54.21121007699524,2.024810250240569,-30.590133064937778,8.731921987858252,0
17.900000000000002,28.789240243016422,10.351415215343238,49.29297068747824,1.3035093125600856,-16.90283210814801,-18.667762790629844,0
18.0,32.75363010801048,11.277704809292443,49.74893287394312,1.3344178148546129,-13.788660281730738,10.106759102111113,0
18.1,29.806388881680913,9.985930265813645,46.940204166667264,0.17754042787892677,-15.609207487379521,-22.34967716958947,0
18.2,40.63222318962474,11.581031154636394,50.90988734249658,0.18690702886521557,-4.605724883129729,-19.69470332327682,0
18.3,50.9991346113101,10.819532027075898,18.3884289966107,0.1548710556913463,26.35610415715886,91.30455898348822,0
18.400000000000002,22.38394619979657,16.02509374649949,30.713028566335247,0.23490265306051497,14.206224049810485,22.468592742916375,0
18.5,32.58021484612356,12.694824909586307,55.43953792184818,0.29171118644096444,22.406374001629587,-22.03202019993043,0
18.6,33.14626736780351,15.069255219816052,56.7182024200112,0.5292828756999276,19.96265655605193,9.984173918176692,0
18.7,32.4625405303016,11.201757172762793,52.24979832663059,0.20415775550248874,10.98522375168702,7.391650658746057,0
18.8,45.724093400646865,11.97081532856534,68.95204304135261,0.26074270458853344,21.59780133598592,8.791457009463764,0
18.900000000000002,31.714903802221816,11.34330894419339,49.9848613312633,0.7491875721558403,2.640982033958789,16.253986622603605,0
19.0,32.34569460233068,15.577666131582118,61.5455185993475,0.7372744667280487,-21.874958494958264,4.129788670088534,0
19.1,31.214776665280002,11.124531348706844,51.72494848348337,0.1684728934561536,-1.8971829930349031,21.29572844646148,0
19.200000000000003,18.65168409884522,7.703130196730425,33.36844818543712,0.14861092434857098,3.4015919830158947,20.359568910166566,0
19.3,15.74293654909972,11.44031403176854,42.88856401889744,0.1731157573910616,-10.809789124627361,31.11531713973044,0
19.400000000000002,32.570122577947046,10.931942245293536,49.64384312272448,0.1327123507161984,-19.86021842502334,2.9563355297940674,0
19.5,19.68531607354848,11.202361232533116,43.58115874728461,0.25400443510761445,7.37978233712467,18.10432443291759,0
19.6,32.06750000000093,11.050000000000267,50.782500000001555,0.493500000000282,-0.7700000000098051,-23.7449999999955,0
19.700000000000003,43.44051553090396,12.04453047363327,65.95826660518983,0.1392426603997173,14.062499469475188,-18.012614011587182,0
19.8,72.94384190472888,11.18283399358857,105.08586503658447,0.1715260877883069,-1.4079135218765515,15.914331762704382,0
19.900000000000002,31.937473261476093,10.829540362374834,52.123082429607926,2.934947035082267,-31.519665235692614,-4.013669597962014,0
20.0,26.912238507027563,11.504098482753108,47.825341660270325,0.22248418740248754,-11.838782463885428,-21.706247872882365,0
20.1,30.763840688343635,10.584803477589004,48.92388951129868,0.1220259471177054,-7.171177449808731,-21.148565132693015,0
20.200000000000003,29.73763504224016,16.74137196742552,53.08303775145824,0.14885968191416463,21.22938999649655,-17.80659680938348,0
20.3,16.087315267614702,12.61422814237522,121.25848870728682,0.2392878682803085,10.80633465144681,25.321896594146843,0
20.400000000000002,30.55609682580525,14.747518883248153,54.14371980470054,0.29426455531701234,-6.251833358979653,-10.724107972340093,0
20.5,28.07227516623241,12.933339226316724,52.3658538161381,0.6017838724075175,26.385237712408845,-6.704475203223269,0
20.6,32.56723967151015,16.602822920219165,60.53230630612093,1.3438339911749422,-24.964351690816486,-18.76926934021594,0
20.700000000000003,24.396163465513954,12.283739105154288,42.02442348483871,0.19439835959146937,-3.2779983594976465,-5.89888064006529,0
20.8,10.886414064132802,13.614319772414513,29.551297274551075,0.33684699516242306,4.677794549788381,-87.58256950130789,0
20.900000000000002,32.729727838045505,12.645406022819968,53.265886705307594,0.2962052532642708,-4.546279882411227,-22.520283257971634,0
21.0,35.29061942075971,14.141158240556116,57.9854674352221,2.221763182425533,-32.65527268057241,-9.00897466418068,0
21.1,33.504655237379936,11.018758008713894,51.16188290141027,0.18379151143279393,4.0360726483980525,-27.956008586416452,0
21.200000000000003,47.596794988073626,13.093727150197642,55.15698461401595,0.18645474602222759,21.43680929324143,-6.029351166177987,0
21.3,103.78908558017754,13.077151333980478,44.849106755926435,3.663581880273277,-21.362653758442168,-18.53115182748529,0
21.400000000000002,31.17654233680607,13.017864310753769,53.01186912307601,0.3888714986172193,9.834491159767477,-23.410713833226453,0
21.5,25.774033651615532,11.303462080684184,43.973128493208286,0.7739615134694905,5.72560326918301,14.518630052612272,0
21.6,33.61778740108842,14.770796797819656,60.290948640232955,0.6728446117295833,-10.354282268962471,6.556627480372173,0
21.700000000000003,27.893522510240796,11.665059784500187,43.34656613425271,0.2051848044796324,24.077121914085613,-15.246759632114031,0
21.8,14.076652441713588,9.040301038093254,16.29721744350843,0.318743633099864,17.17466221259245,-3.4916983688689776,0
21.900000000000002,32.4873801857719,10.732029409926058,49.36129839241784,0.12840954599106438,-5.875192937211658,-15.080601392175932,0
22.0,16.73848123089435,12.952997179762635,40.59283285446048,0.708332913146746,3.878573153634708,-9.540899786855416,0
22.1,31.071076272489382,12.373033380702136,49.25080882038738,0.28166675471822167,-20.19947404104353,-21.364692966370615,0
22.200000000000003,21.335644210510083,8.98751546291673,34.431323826499195,0.34422204484631685,2.802624886641459,-19.178368748665203,0
22.3,27.13928585688857,11.800290171933337,144.6067800630603,0.1932613368777161,0.4080828274633852,-3.301478099136947,0
22.400000000000002,31.699152260370596,10.604538860879794,49.78625126351187,0.9113296900525517,-29.57068812488233,10.63798358982799,0
22.5,31.20703113731459,15.340651590148694,60.04222397832628,0.34987624986296134,7.739624481743664,-28.672004008516176,0
22.6,27.222143423196986,9.85093275039899,43.94101852711861,0.1691626020144027,26.05492049286338,-6.566409633291814,0
22.700000000000003,33.42975411353346,12.456472008320445,65.18724205321728,0.2347757278354649,32.26964048661056,-6.172886210009337,0
22.8,20.03717626331912,10.612322013919828,68.24351853315721,0.1471194099380296,19.798953650418394,-114.0104278710682,0
22.900000000000002,29.933669642891306,10.449407390049076,46.25928619667007,0.22554498205864487,17.882602177774228,16.844106957044655,0
23.0,23.799316753312592,12.0813260835254,43.84632483947859,1.0018690672732056,-1.746671282266858,14.357289603509598,0
23.1,31.367191078169846,10.98432031950315,51.59247855004478,0.2583192897504366,9.160196900989185,-14.960024749121647,0
23.200000000000003,32.78019612701644,12.387293828462035,52.93260444264056,0.18634394331636525,-24.39394161004091,11.594301000005569,0
23.3,30.322273112882684,11.549921541864956,26.377252543521045,0.3062214635421049,17.691597755632046,16.004920030286094,0
23.400000000000002,35.475418447683104,12.216559680078014,55.56119506516954,2.948143024385257,-35.146559512326974,-0.7154283603892697,0
23.5,31.12216307310466,16.98354416839777,61.07823027567723,0.6748355028337717,-24.49753449674094,11.732536610124104,0
23.6,32.55961402028311,11.516013931761307,54.41702156948844,0.11646536842367133,9.378245219242586,-30.244752224393014,0
23.700000000000003,32.23246256767783,12.92355399903985,52.22536988923475,0.22828880690959108,-20.2389477706467,-22.364024312582114,0
23.8,70.45255245439554,9.999832215223616,40.44016923061612,0.15209906848369803,78.90251267586261,28.308087287022897,0
23.900000000000002,36.125371539310564,11.809870535328827,54.034040558044296,0.14476406686249532,-17.84363046640747,-30.972166754210825,0
24.0,35.69863757787395,7.422145642563559,43.2198655056066,0.44130163706501513,34.21092694542361,-9.526020567008723,0
24.1,32.935000000002546,11.582500000000742,53.34500000000434,0.12475000000001998,-19.09000000002346,13.087499999996025,0
24.200000000000003,31.219071993315307,12.64176645871603,49.765002783398394,0.5770904612604459,23.433021859199506,13.740779711329123,0
24.3,17.411858395499102,9.809638682675054,18.245851012288973,0.16561392495677452,-21.882252369339817,-17.512778513325138,0
24.400000000000002,35.68377675877826,21.976399292111775,67.03394235008258,0.3076909006169995,29.781925194934267,7.579893961690462,0
24.5,29.60502267799613,14.605238757237334,57.2422080231078,0.7106329874832311,18.021434576294837,21.615748660857868,0
24.6,20.242104757114525,8.9853790881084,37.91017016991395,0.7400272202955273,-2.774495520188772,18.656403803604327,0
24.700000000000003,30.28804114356777,10.911324812473696,46.07370443573273,0.16803096299403342,4.025827883210141,26.0251954783177,0
24.8,10.014754901831894,9.817945352688902,21.14467800645744,0.38616451201154056,25.178200278505408,-16.875324344926103,0
24.900000000000002,35.83455552469235,12.085179630905534,54.59654371547284,0.14403692354930514,-24.756092538579967,25.65812272324013,0
25.0,30.087243997285633,16.012661463513396,61.41924046241884,0.5113065822065838,8.545097656823422,-14.795658490337663,0
25.1,33.2666666666662,11.388333333333213,52.221666666665875,0.1085000000000006,-4.27166666665922,-29.004999999996727,0
25.200000000000003,31.004715140241057,10.84271976149943,49.749065363184556,2.7965213908248585,-28.180140467074093,-1.4219440418827813,0
25.3,19.21243856224112,13.244361461827543,30.12387719094309,5.413269045928651,5.057718511608925,18.534740069177385,0
25.400000000000002,29.649178438367123,10.633485992560118,45.9638309245715,0.2271510829946517,7.495978372090628,28.418533899990756,0
25.5,29.765075034564276,15.190131585100282,56.958081628320464,1.4824596574255071,1.792181026085288,-6.44035779394364,0
25.6,32.23700583059787,12.18691609309199,54.21991564144963,0.5095705712194708,20.37243695696545,13.90901581703204,0
25.700000000000003,28.783581733143382,12.010382127399568,50.790804463252414,17.530040201774746,8.595379998019709,-22.21075842156662,0
25.8,31.53791346656978,99.87057373080525,28.33238773997202,33.741515385141625,-4.599614290263723,1.604191514798294,0
25.900000000000002,33.05314596068347,11.3424224874522,53.27796698762701,0.14925936992914726,13.738481911417317,29.6884304120834,0
26.0,27.47132549379679,10.680929816219885,42.851062641674986,0.9531580634009885,-13.740682943892429,18.630588462176757,0
26.1,30.34333333333245,10.733333333333302,48.48333333333228,0.6679999999987185,9.580000000047487,-3.439999999998413,0
26.200000000000003,33.050374999999896,19.877999999999588,63.485874999999346,0.09667500000000082,-19.579874999998083,23.516749999997888,0
26.3,23.327754143404785,10.924228290293119,39.39889774457838,0.3831398998298174,7.300859799614552,11.749114992536477,0
26.400000000000002,17.41388925161558,9.700627050495404,38.481216697167994,1.3135305945149316,-0.23510091537247702,-2.5174083242414795,0
26.5,32.67336572416869,13.024081866281476,49.96792747509404,0.5815397224268422,-21.367410713169395,-16.167173037196115,0
26.6,35.60775971847454,17.123178712583304,64.02259691863325,0.10719839949796986,-30.535582925574385,5.111376371677377,0
26.700000000000003,24.428209535256208,12.677891241444406,36.00422996214553,4.8582510520679065,10.812740743819273,-18.852543181075507,0
26.8,31.18326647473132,8.474231976491621,27.715256767015905,0.1584539117332499,-3.1622572775225484,-10.884574442738511,0
26.900000000000002,23.241605504768668,13.703982417121866,52.2490751361951,0.7728795813272664,8.489933659724676,-14.844548415910904,0
27.0,33.68787444018669,13.086697906734317,57.51552481314963,0.20517316052026488,-18.08614826962407,6.781186810909304,0
27.1,25.975711899556384,16.61237376041696,59.76907649596815,1.6352604544543663,10.89414438575835,20.232050665630442,0
27.200000000000003,18.042882620173263,9.920281764646887,36.96964708969109,1.1408902276400237,-5.817042709185572,-17.068211708898144,0
27.3,18.626101417778862,8.057511009401598,79.62864272634047,0.1675253952643848,-2.6404695380252363,-23.816813013608307,0
27.400000000000002,32.47678499704882,11.366534447123156,51.791590290437924,0.18212971307793946,32.13625892743326,-1.1524265780433403,0
27.5,20.140742880133025,9.857859445979729,41.26371454456418,0.668814518713944,18.05238085186435,-8.75461144544682,0
27.6,21.098992870107644,14.973833703982288,38.51345770873923,5.349606626644445,-13.675705925392117,-13.794494575613065,0
27.700000000000003,27.406216870459176,9.57694602823302,43.908397095633674,1.4362272483454284,-11.852294491233515,-4.390872392509735,0
27.8,19.924272655646142,84.33386261226778,36.843704911325474,0.23521268708620316,28.382625067802635,-22.09452845627663,0
27.900000000000002,28.79973140554118,10.445032096345518,47.133653739259984,0.18599191609254556,5.353390213911123,25.08080686065786,0
28.0,32.90647231588652,15.957693751238931,60.019326510427746,0.35559866884558167,-4.5842048764744305,-30.87624961448067,0
28.1,26.599861834376398,12.659210663399987,46.1052031028458,2.563488703243235,2.5724780458273293,11.798200097239533,0
28.200000000000003,23.824819313360543,10.076989372870539,46.69464898520255,0.51304170070936,14.464817498889978,18.586176878891727,0
28.3,13.635324052462984,10.425509923577406,33.18972319389312,0.53767040959368,14.346405043488272,-8.163933480574986,0
28.400000000000002,29.26323902033287,12.97031746114812,49.80760385113069,1.74637084485411,-3.901768812481147,5.265975799087151,0
28.5,28.49756192631019,13.58725225376924,53.75091878085603,0.5004913005351606,8.054438677724203,-7.261942056568657,0
28.6,30.443525457778197,12.279272700016588,50.591390923051556,1.7387990762730832,18.473749735819293,15.80835870550459,0
28.700000000000003,6.615168944764864,5.287513618311062,19.858575016698964,1.6394951811374998,-0.8241582206855647,-2.2950665224907314,0
28.8,14.788398332851365,9.82122818388682,29.04393793264047,0.41704776452723114,19.800221775103402,14.369788978394022,0
28.900000000000002,27.96544787320029,16.30286176136165,57.33649469474969,1.0668574242562907,16.972449504351548,-15.693457925622845,0
29.0,35.614532578530095,12.228413733300917,55.99336097282873,0.1549994664126797,30.561954836963096,-18.006820175513198,0
29.1,28.76555207704655,10.755136789077232,84.64484378285914,0.09260192324319157,3.655263157894747,6.158947368423888,0
29.200000000000003,20.62189602919541,8.020988494586643,43.37231739213253,0.6706268216056301,3.895719857485556,0.800729959178355,0
29.3,22.997690727509433,9.334170775116874,62.61072366581071,0.14601561643014682,-0.11710527724726383,-8.884338413296154,0
29.400000000000002,33.51407056151971,14.041222227127843,56.70984658978634,2.8029521931377013,-32.84115179365495,4.256710475998059,0
29.5,33.023274757884295,13.17208462032283,53.61722462517514,0.4931760583338102,28.70178143390796,10.342631588418708,0
29.6,34.147611097726305,11.925450722297509,54.78731005479928,0.13472702554236388,24.202514552584173,-20.29884798200193,0
29.700000000000003,5.472246082744658,4.459333571290783,16.189749556576263,1.7673456804878271,-2.1482061138463364,-5.010246552032941,0
29.8,11.846840312440722,10.576971074149574,28.242516513776554,0.12183910467521306,7.084457839415278,22.44401174089822,0
29.900000000000002,33.825578835973644,12.360848898137482,55.746041504473624,0.18379391099101317,29.92002075090797,-15.16642600093835,0
30.0,20.19863676546177,7.82953209253077,32.684149809858795,0.997952075325399,-18.425433853540238,8.061703890233069,0
30.1,29.311367749675618,10.225373872261859,47.26879446999305,0.17126549368533345,19.431283338672085,-1.6491471908192032,0
30.200000000000003,30.093773376508736,13.574167483495593,56.01998615881578,0.759116376103633,-4.9474757014234,26.07987556513784,0
30.3,38.88367314061482,14.236520376161442,59.75754454804365,0.24648054721309898,-16.13139498472874,-26.337561330066908,0
30.400000000000002,33.248054241280606,12.946330304239165,56.66519956432584,0.17462475252919366,18.16581635581875,-11.853132854088551,0
30.5,31.489687258616108,11.853158608050887,48.85054145614023,0.15315317607177353,-26.885710237798243,-11.889011354856024,0
30.6,30.963752820274934,13.75920785681734,53.023800554131164,0.14793091803602323,26.09602997727556,4.128062199557846,0
30.700000000000003,20.498516509013307,11.109065660184017,32.42526041025239,0.15835464439521313,7.914754098359261,9.984918032785407,0
30.8,17.711529824396727,8.624382780537266,41.79525841009565,0.07585458275207858,18.978620494954924,-9.401622364347448,0
30.900000000000002,34.943932262044925,12.106170501761534,55.49707311488937,0.22193066748561097,-11.003676709444008,-28.055726365722265,0
31.0,35.08343724004486,13.378239754439244,55.29923799604285,0.3943778876776083,31.91536439655219,-14.121140239556684,0
31.1,28.354137029688495,10.056137402822202,45.58588803225589,0.15989523759875232,-19.508263390058705,19.895680372327526,0
31.200000000000003,28.26310237115168,10.763657494420691,29.484225095906297,0.16321048541625424,-21.02302752293582,24.608348623853185,0
31.3,28.411403756947543,11.041687028770598,47.02993316696049,1.0143682083772552,-28.281100659624457,9.221366280822345,0
31.400000000000002,33.02485900792589,12.109032044121216,54.618585148137235,0.24992693857878098,19.17279978587796,-26.351057171495196,0
31.5,29.731346925026916,11.739394362591801,46.531166503102106,0.37637714136889316,-11.783639442824434,-0.4155812272022654,0
31.6,20.31375093532319,11.003132711439589,112.6955749065706,0.1630499330120841,-4.65937570304636,23.47445587413422,0
31.700000000000003,69.13173309466211,10.130537046785511,27.963539863075546,0.1391791594232899,5.410000000017348,-2.508000000008689,0
31.8,27.69605745476891,10.64185236950704,40.36582574233147,0.11685844146836602,25.65885535286532,8.22552814429863,0
31.900000000000002,30.84576159824619,11.283754789622296,50.6949513165286,0.13928694912867315,0.9880215120395492,-19.584122850949193,0
32.0,30.622690459157106,14.400886846138025,65.31954210143846,0.6284337779195408,14.038244101072408,-19.651160273340555,0
32.1,35.70015073450359,14.059831858622672,60.12700067252017,2.5559510154341436,-35.164191655010455,-5.190515059256804,0
32.2,32.08630744040936,12.489454184069169,88.6435026171208,2.005348689533447,-20.757999257657318,4.883373839232682,0
32.300000000000004,28.98223369908639,12.361536574411188,43.95909793008663,0.2517989535843305,-1.3640113001629235,6.256556495883661,0
32.4,26.462257881072016,9.669482936986457,27.839256174059546,0.3498849548366041,17.00162127379532,-8.195639241255613,0
32.5,34.48705432073909,14.245666723631011,56.77623910190094,2.5750945272761014,-34.15158774168263,-3.4096022139597952,0
32.6,34.12603991375139,12.901106573752436,57.113030623243155,0.14968183556766007,-15.82650421037962,12.582473733451042,0
32.7,25.711693261711403,11.605338196935998,72.4975657304121,0.20108817581613272,-13.761293213665873,8.471169785342205,0
32.800000000000004,9.602394436101946,9.825187034660624,69.34202259344723,0.13124805822045862,14.620000000016264,-17.12499999998424,0
32.9,27.615130305527853,14.935347194970284,54.35272365078812,0.42594887688533173,8.623057170679399,-9.797541417965636,0
33.0,21.838704022026583,11.112562396135056,45.23498181777763,0.4866940156379862,-11.30189519736529,-13.872638972390146,0
33.1,30.35052341083477,11.557662551969191,50.052199065083556,0.15532083688500392,6.965847606598167,19.676316688346112,0
33.2,20.155427934122564,8.211410526029951,29.400937713724748,0.1710686443823342,-7.3899999999969115,-22.678461538450964,0
33.300000000000004,14.630889580463894,13.2192023872486,40.41251198470018,0.21368448366828593,-3.9065935763103847,-27.823721666047856,0
33.4,28.305064416799386,11.640856444032963,47.28256074715977,0.2593781119420258,-13.58991380086106,-12.629537998245535,0
33.5,33.900416301816904,14.173945344249518,60.314751028283744,0.30931284092262623,-12.068079090225194,-18.47732351584997,0
33.6,32.747346781440385,11.996198062015079,53.60711231655677,0.13505072324705913,13.79660257971517,-22.94024679824606,0
33.7,17.37034376914496,9.079052775406527,40.99048169830424,0.17521969607109744,17.41936840251911,18.200763950452217,0
33.800000000000004,17.42704323935566,10.070980200271741,103.51959790457991,0.2101410755559931,20.907879661473377,-28.375186026604485,0
33.9,35.85581122425871,13.241772354952385,58.679151205081425,0.2639317563412343,31.23675877135051,-2.761640047887436,0
34.0,29.284891485020644,11.070362694627025,45.083096461227434,0.5684893241961767,-5.124544922687024,28.14560645239183,0
34.1,33.220671867055025,11.993362339920786,53.792045468163884,0.1694001323213525,13.391453985498176,20.338281875280188,0
34.2,17.613631235494125,9.977785914788871,67.68419629075133,0.1531131062211177,18.568000000006435,-4.747999999996345,0
34.300000000000004,25.83635640786931,11.125859420890338,94.05189805770434,0.1276367596551094,28.921463863480728,-20.16651508137965,0
34.4,31.150976466077726,12.896480115382225,54.84331217900268,0.42337245140777985,19.641024925887596,-23.47935541606182,0
34.5,31.420570172950754,15.07587073031866,61.46614786455393,0.2949336703479096,3.9598478229781904,-25.20033720299009,0
34.6,34.464107823746076,14.712032498800252,58.486100134545815,0.21025451013401458,7.147565171298929,12.570361274255966,0
34.7,23.99417605900402,13.317197587007026,30.744085370434988,0.1952096059403285,-19.708315209128703,-25.502048929363696,0
34.800000000000004,31.043049966369686,11.692029878991336,49.799832953003694,0.4774196442985992,-15.175132200331136,26.013079254090485,0
34.9,34.10746441984349,12.709422579589864,56.41823996387289,0.2385662448064637,11.471209794606157,2.1054639273013507,0
35.0,33.51013065823851,13.934689284305167,56.92741097098083,1.647764235533503,-1.7195231604881585,-5.784357311851973,0
35.1,29.62960075461501,15.685813044393832,59.07087787135392,2.1001397244474114,-25.221137782036692,3.636114473836553,0
35.2,55.86745756191881,16.011680848187552,18.702728483872928,0.2938395735053933,-4.4545454545583745,9.589999999983839,0
35.300000000000004,30.783420136362484,11.645510744555864,38.939204590567805,0.11702138851012822,-5.303507325629418,21.532123719812013,0
35.4,15.347800127071164,12.386803073775736,46.38348898277954,1.9695961937992352,-9.108317993600847,-11.775366472541377,0
35.5,19.85920993504973,10.187817805812038,40.399808113104825,1.0838208412415167,-9.64181483648786,-16.25524382478701,0
35.6,24.657919061473685,8.996953427870036,40.10170302409153,0.16741940999010965,-0.5849949171731268,22.883954297375976,0
35.7,30.931737502520217,11.597198439361597,66.09139611964112,0.24597478721922358,5.679322180143388,-28.117572747486335,0
35.800000000000004,11.085115556420789,10.243022824122882,83.776893131984,0.1813188476558495,1.1676864452380205,-5.055829785986592,0
35.9,34.27774290430883,12.277857435679483,54.88624421709658,0.17652838908002225,-29.90338651725829,-16.21186000599308,0
36.0,30.380666539573184,14.11012140333726,55.76088332939165,0.5119626323818557,29.042315625616585,-8.396103542913236,0
36.1,31.778551116825174,11.624817908827588,52.73704860173893,0.12407648109200196,11.497257484563216,27.526140661969798,0
36.2,17.650366913132608,33.15174948269424,134.77813544023996,0.1762973701259704,-75.34315376272501,-26.480712137971082,0
36.300000000000004,29.45652817856314,10.53734859934596,56.30351949657029,0.1309837558390291,12.437637220649421,26.913893196698005,0
36.4,33.555093171337695,12.471789435091493,50.11395654668865,2.9811829470205673,-33.380822269229036,-0.29003495716188965,0
36.5,27.2511021439326,14.666052138634685,57.051950649678496,2.247190512656063,-26.504236896975456,3.385344082038241,0
36.6,33.18297840741649,12.213468223860222,54.74909685519021,0.16904348799462485,11.029032101877856,30.87254556128487,0
36.7,16.539283728547442,9.358789143646929,31.87345568318427,0.204892120165315,-17.51235260286599,9.074797848216898,0
36.800000000000004,31.450779417802053,8.130812804263392,148.07935180398462,0.17746334406840983,-9.077088192298014,24.95572373891148,0
36.9,17.348656581804427,10.870184904562025,40.480379194505595,0.7172842224057802,16.280342079868028,3.817461299726167,0
37.0,24.093176086331987,10.589228812646367,42.821111808511255,0.1361311560721666,-7.281739525146527,-19.979549706237577,0
37.1,32.13506182515628,12.067970156737793,56.42438701336032,0.1452416289429992,18.011686850250385,-19.45796056921818,0
37.2,48.433290289279945,10.981684422141814,15.984920850849464,0.2262246527234859,10.901709322948536,6.521760590506073,0
37.300000000000004,63.946403308011845,9.929329750684424,21.18437570476182,5.300549659854206,-9.673198708687899,-11.631484218692798,0
37.4,33.92156519256944,14.069680249790293,56.26107489045766,0.3944332054220973,23.597144762818573,-24.14827246323351,0
37.5,28.753009501985513,15.844685262890186,59.21987680431753,0.5528521500381379,28.483533218214397,-0.7305329486743304,0
37.6,31.198019963119254,11.676696767801733,51.78934468770731,0.16737704116821786,6.427816202443353,28.210299905240344,0
37.7,11.038199384697556,12.760702267139392,136.33548761624726,0.1750871546123784,33.39460575101957,-6.963576798317856,0
37.800000000000004,15.076068395554831,12.796473402956462,27.465703813852876,0.2335080579023254,-4.592959921980623,-29.665809879676207,0
37.9,34.53848530814068,12.224992076146048,55.33294490885182,0.13573169539883034,-3.691412435770684,-34.174045791213516,0
38.0,30.45947986347039,15.395863079670281,59.79199671953181,0.8393101726620328,-10.786907694555872,19.3007952113712,0
38.1,32.60875952540551,11.940657500854625,54.163034099815164,0.187023092468306,-9.02683773077792,-16.585791370810544,0
38.2,24.213648317278473,279.5929416158156,29.288867784076437,9.659428608035807,-22.091215837210576,-4.184102467343237,0
38.300000000000004,29.185916084278347,111.39880262526242,82.55903343493905,0.20974773024426593,-75.17213485500744,-11.425481661219484,0
38.400000000000006,29.670838488409423,15.171689121327558,65.59686335140628,0.49238950837797635,26.888950007875263,-11.626742506752917,0
38.5,27.684925898515676,12.305875869039124,48.610670052011706,1.2112084781260286,-15.82924400599763,3.0100087772400084,0
38.6,30.20041728408016,13.297025085485634,52.79933774655401,0.1353370085166516,18.28353278401243,7.829104901345353,0
38.7,15.959977191161117,11.99293309304034,72.16375673039632,0.18013143896890804,4.243142265978973,29.041116397425718,0
38.800000000000004,21.08220934951246,11.441266994132457,39.74173088766082,4.6590994803604415,-51.91362928605897,-17.849018046323124,0
38.900000000000006,33.58021461508107,12.406952762868032,55.069207012651006,0.18133107034513296,27.886734458221,-18.224500170116585,0
39.0,31.220579392343698,13.554762372911272,59.524237314835545,0.28102968513532617,-8.690157847236218,-25.095490843845035,0
39.1,35.79168867049446,15.82408369916951,63.10490875215168,0.17155359163582123,-11.10655706673942,-31.226143443346118,0
39.2,22.265707585210553,8.882169537756074,103.2275240335558,0.18614307240448502,22.576206067708828,-23.574550550556005,0
39.300000000000004,26.14028131005865,8.166371893817823,134.08107906746795,9.200038703451376,-25.689189519429473,-80.02535514547195,0
39.400000000000006,31.194199111251383,11.85355390456154,46.60081059431223,0.7546633449083903,-0.9203573051036469,31.06833668202,0
39.5,34.685731201260545,13.95540217149172,55.5152981039827,1.1277585088635869,-31.476532094540662,10.441591433018981,0
39.6,30.504328520673603,11.770975252969508,52.01561170012353,0.12453036054746042,24.01807162615068,2.7434219200641934,0
39.7,72.19710213988226,13.97374383191978,29.684646350022796,0.19442637588106226,-0.8944489582845883,25.306019033675636,0
39.800000000000004,22.524976979646492,11.088184407707706,68.77231684168498,0.202184776050969,-7.965461389033795,2.939966116533739,0
39.900000000000006,31.103804999196186,12.558673017441825,48.65132712600522,0.8932025863453985,-10.826307897904943,18.23772488197383,0
40.0,35.18486132461494,17.51484425669935,61.357897486238485,0.5912772596469955,0.9077062013074997,-5.571060596870247,0
40.1,32.50332054809105,11.562647351777754,53.746141253781566,0.1586132728155265,-2.4166074154356956,-17.97325590568495,0
40.2,22.345552633838615,9.984654291369974,36.19272140888567,0.1807232771290575,-20.298258758711736,-24.542430150135782,0
40.300000000000004,22.69334941665627,212.80613725543736,22.104681291838908,0.28629663872748307,13.127628408527256,16.40149946358173,0
40.400000000000006,30.75316586369702,13.100302997738668,54.62398999671298,0.46037313677033453,26.87562148615165,1.9128471919386172,0
40.5,32.1151869842209,13.264271426228635,56.62210760122204,0.2997759611046403,1.8566089149718303,-25.91198166218826,0
40.6,33.16794596496788,11.945710129208305,53.859184979805654,0.11228468035176448,11.51747105535449,-20.48901479097132,0
40.7,14.940732888620332,10.9520232507979,14.074490039626525,0.2043509329234582,-19.734522309692203,17.3721603021057,0
40.800000000000004,18.750242534435706,10.612403914771756,39.93176885308083,0.23057182914249658,25.78444248882878,17.829117214209873,0
40.900000000000006,33.60082846208385,12.237898207184454,54.298347300863696,0.302801049302873,-30.95224745623218,-12.169952520828407,0
41.0,28.251349064300896,14.487330813121893,54.40979098308505,0.8724597826984992,8.431049507425483,21.8300062346031,0
41.1,31.336398361987413,11.460436267362883,51.89625809978042,0.12602649732372115,18.669460815165518,0.4892177157249673,0
41.2,63.372250745457706,30.425511021198304,139.24198379993055,0.17905353977721034,18.883859883939948,6.972492798729245,0
41.300000000000004,22.84967013920999,9.891161018197943,30.48238604723263,0.21326464848566412,15.167932466609145,126.77701417096335,0
41.400000000000006,23.141275922776654,9.112455872243341,39.90691271012773,0.2103941241202952,2.3467322054142996,5.288337072825863,0
41.5,19.857352493379114,9.997861033474944,39.200879453513174,0.3135402120431359,-7.2607980298693455,-17.928994676992534,0
41.6,33.13759008167266,14.663069133350838,58.706892038410494,0.5326328690672157,-25.105686313467533,-0.517697476897844,0
41.7,21.934733088079433,9.246968051020879,24.963670181560698,0.13297279321543073,9.67550146378074,-26.180376408597688,0
41.800000000000004,23.618311846254905,6.902735951500615,105.95789041393022,0.21766516571280156,17.803421835687413,-15.213527035152534,0
41.900000000000006,22.569118839298326,9.111309926913615,40.83871072731232,0.8389773168042518,2.2865498765226278,3.3552673602171126,0
42.0,33.226444602228824,17.220324158536844,67.05363417451514,0.5464726769099113,-23.82134513663317,-3.674102179666086,0
42.1,32.91910599517214,11.670997947368365,54.088259805952326,0.1291081136521574,-20.16342926066311,-18.06455362472888,0
42.2,16.17878804425135,11.84731021666263,27.83669372826992,0.1995512280577993,30.33620601254932,-10.666503498778662,0
42.300000000000004,10.734174540752006,10.953273675468791,150.53269214913615,0.17419117934590922,-9.21318433172802,-25.50741657248897,0
42.400000000000006,28.57856752388635,13.977322776786547,56.137561354587476,0.41344422492187555,13.894696994645965,-22.193375510437313,0
42.5,29.057938525481983,16.987021419968972,59.29829008772905,0.5000979182337083,24.64396317330766,4.96657536975926,0
42.6,31.9234456529119,11.84688874292899,55.89219908200163,0.8456079109124071,0.7393822251522444,-10.81762933440957,0
42.7,81.26680028730692,13.561353801950704,33.139120009097766,0.14248644530119214,-15.479723811947974,-24.093013760305123,0
42.800000000000004,15.292644121214968,10.091699133129772,19.93904761482336,0.23447322069791163,12.900992215077103,21.478190254049068,0
42.900000000000006,24.430341629651096,8.458223868115288,37.91390635158463,0.3028484136232687,6.051675685547696,-15.840206325192955,0
43.0,35.51838105697582,17.519099322861738,65.22556101631737,0.15286139707822194,-4.897335715624299,-29.905458738955474,0
43.1,32.76749943231374,12.434596999251958,54.614620073309005,0.20551027130541322,26.679226637318237,-13.528751388522426,0
43.2,18.68670514150856,10.871568321164684,22.4046460304801,0.164942569376027,23.285,-24.925,0
43.300000000000004,34.863146643621675,7.661139297621806,50.77045002035359,0.49650752731879516,4.757075768869148,-11.136895364128875,0
43.400000000000006,30.445438520287006,12.997428474081854,52.78477310917576,0.6927347520415523,-8.609918252117737,-1.1691193426173392,0
43.5,33.5876447504741,14.439240721889032,54.78200881656088,0.5532551067482432,-25.6248870229208,-11.051422612708906,0
43.6,28.77067041386884,10.78543682408299,48.5263533914865,0.11393035300546675,-13.413354271626893,-5.45623047818075,0
43.7,46.100126369267684,109.0078877180211,38.70835521331733,0.1442613618167014,25.967507940666014,0.45086357342065764,0
43.800000000000004,20.859138054288266,10.430531170964354,229.99596013409683,0.634944540207515,21.102388366553026,1.121216627518164,0
43.900000000000006,27.250950207506513,13.250112395520082,49.42378955611265,0.6227666005519296,3.99228800473496,-12.244802678896534,0
44.0,33.69057720244419,14.153496368458754,55.4961714095859,0.6561770971214446,25.347755211324476,11.119966627362194,0
44.1,32.87404364857218,20.136697444400397,70.56307035541303,0.2603207169610206,19.17535675642501,17.14222380398292,0
44.2,24.79998824171281,15.45864279904372,20.655814915700628,0.3701376366822948,20.88220788967583,13.342143923490264,0
44.300000000000004,26.986424424071817,18.513970013652145,26.20016470569876,0.11970850982419354,3.880888568807231,-48.00289689982101,0
44.400000000000006,32.60682088706343,15.133312112504566,60.49720700698973,0.9410986369846368,-12.7708950159285,29.846479607502683,0
44.5,33.18880410079858,13.553287671908436,54.77562255814205,0.6627864280029997,26.963232989653303,5.007738396299613,0
44.6,33.4425378358214,12.364701244439837,57.41495698011434,0.21300721510710294,-10.777135558408872,-24.75415119804107,0
44.7,16.722945818563296,5.264227321668135,124.9945928038322,0.16035370158832504,14.76333333334453,-20.203333333320693,0
44.800000000000004,12.89680161290227,17.94847361484927,13.004727413187506,6.217248646252255,-22.76404344648728,15.117575840305792,0
44.900000000000006,20.38028161919978,8.717690723105706,38.95353214247128,0.5150540584917628,17.288064202412418,-10.792475540817911,0
45.0,33.341984718541575,12.913851808585306,52.53619127590579,0.31574648257573174,-7.4123506410352356,-2.9936856743278426,0
45.1,27.990907646920526,10.464440367332347,50.08435839937226,1.3966261894514385,5.298907490764478,-10.094705665484524,0
45.2,60.420884142976874,8.689653999062141,144.6325501400638,0.19372359631642708,-27.059166666664808,-0.5358333333246854,0
45.300000000000004,25.18353705605951,14.479785428670919,45.85967059090754,0.6681559559051103,8.823096177971129,-28.278526773057685,0
45.400000000000006,17.43286662188087,12.593415372405838,36.985565137132895,7.611929395813428,-13.736872138634467,-8.35700631161728,0
45.5,24.688772541922912,9.31807213244614,39.856864293637784,1.9645543363990052,-5.44428794788967,-3.664839746214682,0
45.6,31.54558374537524,11.471015536407986,52.233528385524735,0.10568406320008272,-11.108322301786377,27.77122194392786,0
45.7,65.71356315295898,10.487819741021882,22.543563820774118,0.22931609806678876,25.56538461538338,-8.893076923085781,0
45.800000000000004,56.76926811581689,11.611029964185535,38.89273478494683,0.12098405025244405,6.579230769222093,29.385384615384254,0
45.900000000000006,34.00998428263626,13.790277827804596,56.920942868980454,0.959310240795821,-30.729562002216554,-12.176459604516552,0
46.0,33.49279685331269,15.29120047630039,60.43478210124833,0.5502395335875603,-6.201542506853986,-21.226917119277708,0
46.1,33.77449326252268,12.506683718638481,56.907309818147716,0.14871109609869476,-24.829767608629936,22.60723572870378,0
46.2,16.482944876202986,11.536743247883349,24.499268717446775,0.13576010076754993,-31.210833333317183,-10.5600000000099,0
46.300000000000004,45.06582264748137,12.384357152683062,45.074324120352465,0.18441229305040246,32.36967027976045,0.5417906657284952,0
46.400000000000006,30.845412557216108,16.113633286686262,58.40278172742168,0.7033724899686759,-0.8065854331454112,23.947834007394434,0
46.5,31.86552847814323,13.208044827292737,52.85082304238506,0.6673914299105659,8.131477920464238,29.24841222075007,0
46.6,27.33982506949038,12.949585618155004,50.3329300185347,0.11506261976111674,-9.014950672815484,-20.503048952766196,0
46.7,20.66965631251273,10.257038753053251,33.77705142385549,0.19372578150628336,0.12162136504071697,-19.29899332247095,0
46.800000000000004,18.243630699915492,10.21171396444114,85.08934530592866,4.9328593542848145,-12.582352941164356,-19.662941176476536,0
46.900000000000006,33.306849957460365,12.027092781356618,55.23477282574986,0.15938648729578114,-2.2227414148448923,-4.958120677231342,0
47.0,32.79676481799613,13.133797931920574,54.69518411082175,0.7042337913809904,10.373033470122957,28.719383287317516,0
47.1,30.811929887763547,11.938155603281391,54.68682145602825,0.1730776234576148,2.7772842228293744,-4.716442072522764,0
47.2,26.918066948640305,10.94500584257288,37.043426420489254,0.15011170730522264,-21.793709711115767,-23.644868820007215,0
47.300000000000004,20.57800644419171,11.231698018600234,24.987494256723075,0.22955875732165812,-20.388580031217092,6.635459076051715,0
47.400000000000006,31.064679408531738,12.766478007678556,53.214736068214606,0.4514614557806772,22.52228862514748,-12.768639306512394,0
47.5,21.128922545180313,12.747034707374386,41.719285594373176,0.754655939678575,4.019661666590672,17.60759702584385,0
47.6,32.377576887465715,12.426119011190135,55.811825139301106,0.13430734956366977,-28.3540110208192,4.728399560567315,0
47.7,23.440731219046057,10.881941022219358,22.46953614487319,0.28250710586651506,-3.2969925838111696,-20.896190897570893,0
47.800000000000004,74.09777914868229,15.643703469844823,40.332536464766775,0.2345968971196244,28.739999999957384,-14.349999999918998,0
47.900000000000006,31.985108754189312,13.825955255864335,55.700198875992626,0.5130200537606632,8.256662999442288,9.03961436701129,0
48.0,34.30939251070084,13.380456970920628,55.27541341098451,0.23415334132688892,-11.434299494893878,-24.39778673489151,0
48.1,33.40719146563168,13.085935802119126,56.34199831560192,0.15341665094573204,6.131162223887685,13.677798137668265,0
48.2,84.19704747317154,9.965511673658613,91.71581926496764,0.1596059538040389,16.24004460368746,3.9360342980928387,0
48.300000000000004,28.970306399777407,12.318621482782195,48.05530380683961,0.17491369817774893,-15.643539404324459,20.063470620889444,0
48.400000000000006,23.002865155551337,8.532438141098922,34.4557047287667,0.551622079411068,-11.10077891315856,-12.965944891228126,0
48.5,32.088625726324224,12.18793400009194,51.31012761491225,0.3847464998898642,-0.11687786714389503,-24.833286511767305,0
48.6,33.85314574803208,13.319104381178647,57.39565137688095,0.11183354964545152,9.334780261583372,-14.142173120600084,0
48.7,21.2360750710893,8.631076694030646,115.84310299074043,0.14868676388621482,25.409085830425617,-20.751535422767063,0
48.800000000000004,29.839237970111586,11.596924199219632,48.90871148559209,0.15334110775544066,9.715825908025016,30.396844902398843,0
48.900000000000006,32.304231220633945,14.068541822013353,56.12876204177948,0.8486454816730037,-31.450111519989672,-7.3792730946058676,0
49.0,30.527322028443976,12.73393009060903,52.6842723521037,0.8765113620755535,0.19793010953381085,24.01509869973297,0
49.1,31.846869079520115,12.050529446162184,53.201458808929154,0.11865939780463942,5.4340385946710335,17.93939087559498,0
49.2,24.40897627504954,133.130404872845,26.746543585448926,0.1710073595214784,0.9813953205987538,-21.838326523217447,0
49.300000000000004,32.093342497205086,12.533580501651608,51.94568434187953,0.9162806407309279,-26.947758568914956,8.233703765122227,0
49.400000000000006,30.545584483571158,15.379688702857978,57.16984436366858,0.6933099681702202,-25.076106162069458,-7.04306699201484,0
49.5,33.07800461029602,13.526254632872039,57.53717569985329,0.4809580000451801,-28.229047682052382,-10.152748250262627,0
49.6,31.412488393249845,11.757485888808375,52.174210982813385,0.17827293327059862,-5.581098367315985,-23.946594708995132,0
49.7,28.428258582616134,12.820088574816973,50.43183577259437,0.5102922157467009,17.95482122907547,25.58443479528972,0
49.800000000000004,26.902390097198424,11.426551241872719,43.24226237224957,0.13605764103515747,-25.74138502239655,18.364394507378137,0
49.900000000000006,29.733217433518625,11.133920081286682,49.24025320832548,1.0446675163947756,-25.939962534395512,-12.221768988116223,0
50.0,31.981741899538026,12.416693247136255,51.07498622190747,0.6881238903100068,10.323810103309075,8.0406225905096,0
50.1,30.412844668341055,12.22999648653445,50.759309509382064,0.5324739122163513,10.37633492397729,27.25768850319276,0
50.2,33.32350337633119,12.099419702555778,31.039923278386766,1.196133622598708,-51.59870063081836,10.03695641549254,0
50.300000000000004,46.38304818216317,17.528414271169634,29.518784721500406,0.143331980124941,-6.896602418211689,22.99659374461332,0
50.400000000000006,31.281954255603683,14.10960041584034,55.42110006729415,0.15168944169969953,-9.475404664724186,-24.81813258293586,0
50.5,32.50662921907687,12.272321981639017,48.299613464034806,0.929382692311354,-25.08616760225372,20.269084727669604,0
50.6,30.853071831651885,11.982592614565462,51.79779788091475,0.279194907669096,7.767257081383896,2.4679029875229297,0
50.7,29.016646042061815,11.350800211202117,110.69218153582739,0.13858520027511328,12.35132046975588,25.99294900156457,0
50.800000000000004,16.639079482751768,20.1079364351842,34.103483664748794,6.086554990641563,-29.90111332794319,6.399519673471289,0
50.900000000000006,24.9240833650678,10.379629605916179,43.794318117008004,0.7431800808851412,3.633419810192489,9.935670053295034,0
51.0,24.27310267619331,11.06288344551955,41.98218049107838,0.20912785546941864,-5.799497608322479,-20.7519293482127,0
51.1,31.79571891263625,11.2829566694362,52.31347091993732,1.5941032685111969,-29.828017111774805,7.263403532023637,0
51.2,24.236137704227154,10.414834720446171,29.22936591139144,0.16380912650279056,10.548084739717304,10.45992209900777,0
51.300000000000004,41.72121659777108,11.06946857296522,47.519442613783916,0.15820156568685131,2.3121823800711345,-20.93127759607893,0
51.400000000000006,32.42200169298566,12.994077923309545,54.10839701298617,0.30554016286789354,31.75621587093132,0.2987750595426544,0
51.5,18.570780819933308,13.798982310104996,39.60304721510382,1.257006574615199,-6.060325471738576,-4.236305107963622,0
51.6,34.5552801269749,13.318625785671442,55.87888548337704,0.3148239006206683,13.186053743705408,-31.620411193434336,0
51.7,19.152979619271143,11.70161935888391,34.74414814461646,0.19885978705559945,23.55358141003461,-10.656126374367842,0
51.800000000000004,9.864762365824904,12.085652232560438,44.27392341806103,7.194826083526208,-22.60250000002868,12.252499999986163,0
51.900000000000006,29.3379817305157,13.356854252389242,53.7982108085861,0.4964761550492133,16.566790115349548,-7.221759314525116,0
52.0,32.361078430593054,16.364552096152252,58.7454261461604,0.5392133046015607,-19.97676844309778,25.26684393188234,0
52.1,33.36869292566545,12.612520615285868,55.155772219507725,0.1925277802530504,8.513368472509502,2.174652599740213,0
52.2,83.06607973371923,49.16954738767747,17.204714903968856,0.140013656970668,-30.544925940571698,14.37966046148954,0
52.300000000000004,20.263643100118614,9.657492605475749,44.19972925324407,0.15400615588027106,-26.472000000009093,14.464999999994216,0
52.400000000000006,32.64373485584981,15.656611889804093,62.61397791073416,0.4356499686842973,-20.59993870644484,-19.216913474737375,0
52.5,30.12870274840895,12.499042156980332,53.067272447089785,0.20822275683530544,0.06168541731314292,-30.05867657167291,0
52.6,31.433502018350474,11.750220704480457,49.22726002949495,2.511541636271384,-30.726017234875172,-3.545250361538309,0
52.7,55.77707374108938,23.054282968868005,113.54918841501905,0.1671490702541389,-2.0559258375539766,26.990499939693642,0
52.800000000000004,27.58509575478663,31.967588064374652,116.7706615578165,0.15527016274534966,31.63249999999933,-0.007499999994758255,0
52.900000000000006,28.17854493993767,11.95914413599327,48.42444766318777,0.14413461754183532,-8.711877816195441,-26.798014445149555,0
53.0,29.310845234723843,11.900812226263357,47.28754275718792,0.8706404509499392,3.2973643924382614,26.562422399903678,0
53.1,26.34743812583694,9.892174900364141,42.710794302805084,0.6607627607166862,-11.117085108661584,7.9054567988404205,0
53.2,15.61130738951788,10.898706567556678,33.73386786190786,0.16387220542714276,7.40240447728511,-26.552976514729604,0
53.300000000000004,33.618565815488786,11.721553449384352,53.85906445731102,0.1656050550733544,0.9937715245929518,-33.444138325382646,0
53.400000000000006,27.653958916725422,11.914506017438887,49.33618113160717,0.8457752574003947,14.55072220353665,15.950543382749803,0
53.5,21.5079241989278,8.883498721747666,36.77667761951005,0.8393739653087833,-8.66475862863172,17.840882752639605,0
53.6,30.61075865891829,11.79589106097316,48.57971868002799,0.474867208753929,24.094372937240017,-4.197378455872162,0
53.7,10.019867151454218,14.65629767935232,156.07935366148573,11.869189584932187,-33.420034858965394,169.1358530451098,0
53.800000000000004,35.82853240127323,12.439762440623419,57.17146947139154,0.17221077027044276,-31.56782437127973,-10.79869880286398,0
53.900000000000006,33.81493245009668,11.859350278291553,54.781001365874374,0.16621897832440366,6.115907216807375,-33.02348499639903,0
54.0,31.425480351800456,11.90349503925993,49.93485230223129,0.16922047824119396,-20.270614765124463,-24.01380606762468,0
54.1,31.10140338298445,10.864678304806963,51.19655528632626,0.171063900199534,-19.996858301712514,1.6167987727658293,0
54.2,79.98365134383317,12.384062964934007,113.94254533568906,8.431804045317415,-15.612160337469708,-5.576403001856931,0
54.300000000000004,34.44537033093362,11.718961399549816,53.906493501454946,0.1588695743809392,-28.385605330376993,-2.3969294559588867,0
54.400000000000006,30.714128164140934,13.821108634865311,54.60209695568527,0.7813574609705156,6.130644167813518,20.83129020053652,0
54.5,26.338025874610167,14.289804562479949,54.875596424477926,0.6415912997822322,18.723706076134903,7.816052055951588,0
54.6,29.89610890346001,10.777213937025957,49.19713857583374,0.23210278147673707,-8.045989072402264,27.687927863090557,0
54.7,16.70430626484,12.999688812191975,155.09353383425912,0.20173718454904987,-21.962080348769124,-22.854772840135816,0
54.800000000000004,19.73983267343906,12.410341319413844,22.247540800885787,0.2018052017733268,-2.253333333323024,-27.205555555551925,0
54.900000000000006,19.934004692483427,10.971452214044715,39.89097773490177,1.2885802753146187,8.71254305004463,9.942570149732434,0
55.0,34.766738670424445,23.305903817308696,74.63359422118447,0.16037054525185063,-21.501478308406448,-21.669648334056568,0
55.1,33.13629895712,11.829772787868746,53.966209839592494,0.12526578307769945,0.16248050114889878,-15.737042447951348,0
55.2,13.449928010466497,10.410454136167091,30.655672738932058,11.626090144598532,-87.15015441601001,-3.228152123732873,0
55.300000000000004,21.567946635986583,276.72273159985787,34.90786455014147,8.063090920441802,-21.377113960263884,-11.450122182476523,0
55.400000000000006,29.35577706910676,12.003997791773863,50.82164175138789,0.906418014763438,-15.483682411184073,7.901865878499326,0
55.5,33.701110573598534,12.96812571631292,53.12773334829292,0.37403942843578525,17.767482592263256,-4.04480582806098,0
55.6,32.448808406698284,11.900659860355308,54.219791017101315,0.8779232933556619,-24.029040963161332,15.422456788956424,0
55.7,60.61607633751379,11.847938621420468,39.21949747205744,8.087244530839069,-41.17459222610831,-11.035487308166678,0
55.800000000000004,33.902924631507474,12.076911847821503,59.08936849569306,0.14574140929770535,-25.678200282291527,-17.855537081369064,0
55.900000000000006,24.26648739525608,10.897930718933196,41.52583300713383,0.5185910736738203,20.889892271740706,6.299571617246368,0
56.0,33.32075265382097,13.259683934479895,56.0335601166538,0.6792005311948429,14.529190129113246,20.408730640527637,0
56.1,29.54828706113523,10.956897145135484,49.11069118973565,0.14386351898615896,-12.665038936752904,7.565987813312353,0
56.2,79.38384388218175,10.393037958323086,33.688605961315616,0.22845222171120655,12.140983782252365,27.331493807107453,0
56.300000000000004,13.363228459663953,11.464330621527361,18.307600311728688,33.17392486773835,10.310000000003,-12.87909090909848,0
56.400000000000006,37.56835793823325,13.374644655949059,61.86488949095442,1.0337527041661192,-32.37217188017805,-17.85740520053816,0
56.5,31.654089008195616,12.801372146503686,50.15215026218174,0.33477205725765036,0.6361688026440184,-15.146064193286943,0
56.6,35.086868797053896,12.454014881257853,58.51434203466105,1.2181298110048244,-27.571455460025412,3.7295253172433327,0
56.7,60.319391089460126,8.237146422093044,24.108213884073447,0.5616800194372138,-3.2918759433136273,-3.621111413422417,0
56.800000000000004,12.665461244184787,10.416030101194414,10.953250706856807,19.706829603517008,-14.89999999999858,-3.089999999980152,0
56.900000000000006,37.76811549971483,13.422498350640863,59.81259975293503,0.16567049558564598,-31.290675269288133,20.686872883841467,0
57.0,31.444990150457937,17.7555997635773,60.99128874618433,0.2870301134704177,4.752774889194285,-29.231523508135844,0
57.1,32.02285409651696,11.85168202314832,53.8361684098249,0.16507746909480459,29.892789659420643,9.32211852623912,0
57.2,31.314574010216198,7.120662356027753,24.39334570852182,11.075584232315002,-23.97959344709985,5.655807408759234,0
57.300000000000004,25.319358543531738,12.386837879929466,27.04943146054518,0.2072479423150475,-2.6274632469641546,-30.080287063099544,0
57.400000000000006,32.702618695094685,13.154876698090764,49.91011921783101,0.43814049484653983,-13.273065357362594,-29.462507804694674,0
57.5,35.001145816560786,17.318127414956226,66.84248125784511,0.11960764128925179,-24.966180610279338,-24.420073563577592,0
57.6,32.280954563510285,12.005577039553161,54.38574846518104,0.25560878796311703,-9.996050306667174,8.977199476496427,0
57.7,76.04127024378198,17.999895402388358,141.42481953128728,7.114719108356976,-22.992975971647535,12.495229850883153,0
57.800000000000004,20.956698264407947,30.557321921130484,50.420197284800636,0.14477676184277385,8.436250000005241,-2.6806249999915295,0
57.900000000000006,27.306521734975302,14.573142291920595,53.088573856285834,0.17197729114908117,0.3202810680557595,-27.27366507562709,0
58.0,34.70021097277471,17.432942257443415,60.914198398135774,0.49284205398893777,-14.628450656254268,-7.318989583727063,0
58.1,33.004427768074095,12.335954661697235,54.75242407921763,0.1591210206001699,32.029223973441546,-7.3748043201955085,0
58.2,59.13452627423378,9.228779664612146,74.39034068246525,0.18361789825281344,7.624166666655043,6.338333333337623,0
58.300000000000004,12.853365328711508,17.9662047386894,23.714106058457748,0.19700835733990912,-12.369230769236186,31.626923076920058,0
58.400000000000006,34.03667444346474,11.242454504428306,51.4156484933448,0.5726372053956027,16.82443830066986,-6.068853865333055,0
58.5,27.809305032265197,11.824976606961288,46.05206202124768,0.875494409537481,-13.699599215845723,22.377918392268604,0
58.6,31.56045723112168,11.802316918810984,52.906768435727756,0.15090778585209322,-21.45412781463173,16.138998739316303,0
58.7,21.42159535835011,10.954431019222918,23.47167415148568,4.547302679926282,-29.61625122924354,8.358330188784512,0
58.800000000000004,22.36680095106386,10.94340665570645,27.512747909017605,9.050486518627883,-25.941666666687578,-11.703333333333443,0
58.900000000000006,22.46363651633023,7.528938310421322,34.13916366791804,0.1438134326927198,4.820452329494317,-19.897456775693016,0
59.0,30.62669813916203,12.211336250133723,48.53880365865717,0.7218384911576899,13.101468923353568,21.67472366506454,0
59.1,33.2656191316328,12.233696406627834,56.5799529165136,2.3909424932701473,-32.8224214068589,3.6117083885545895,0
59.2,18.11972418404547,14.326691781148325,67.7795127907053,6.295838839223854,4.361860825044005,-12.167469269707933,0
59.300000000000004,25.563768406262803,10.292721708640254,17.37123516261283,0.17502784152398346,30.11999999998077,6.3499999999986,0
59.400000000000006,33.84437098627679,14.012252480660633,54.99197386743615,0.5315534061705464,32.11754564187393,-9.532197738029275,0
59.5,33.6368822879163,13.588527553763633,52.92134911757254,0.14744058489190806,-31.19905597175624,-12.358177443458828,0
59.6,28.957090765587697,10.702796704039061,48.917731502147326,0.18835195138193356,8.180402354018643,-20.769837400979387,0
59.7,82.77503544162825,10.79299614309067,16.54665789594408,0.136107183392534,-30.9214317677556,-19.03278666897726,0
59.800000000000004,9.721151997152683,10.853833531954987,40.055992199073,0.21115723020039598,17.830588235297952,23.07764705883209,0
59.900000000000006,31.96119323383594,14.664392064600223,57.91252988683649,0.20680839795694517,-28.536057965074644,-7.386692692057263,0
60.0,31.903388690644174,14.937504692919472,58.60700130576899,1.034844543623066,-19.87574631657327,23.07991105487598,0
60.1,34.60266698245708,12.272679190806803,56.735277457962745,0.13891734211664608,-28.936746359184216,-18.767357142921536,0
60.2,19.902711601497526,10.713670727285777,31.934892321388364,0.17305722552939337,17.01824808643927,-8.76491328995425,0
60.300000000000004,17.722537099581373,7.866410388962988,25.73605224153075,10.810342474638595,-36.40544359387856,7.960136958471293,0
60.400000000000006,33.05680035254502,12.463420972593228,54.04263628438277,0.7845925363214288,8.663578973797282,-17.281267027187734,0
60.5,31.984339144216868,14.385167873227411,59.125951892996795,0.37916493120124894,18.267524940645703,-23.936622873506593,0
60.6,36.325832159063665,12.42858743355552,58.182424392250766,0.1624550271936619,-14.916327414919522,12.808214817434111,0
60.7,26.570947010972716,8.887196944381824,40.1930762328391,0.16983862787353596,7.129993583728922,-22.531081161417912,0
60.800000000000004,20.200589066437797,12.126840329407823,39.323312498438845,0.19868732210586873,1.1233649004377853,21.691443421631657,0
60.900000000000006,31.419141061909023,15.011859758493745,52.4378812416306,0.6192547363902412,7.642963773651491,11.540684304206957,0
61.0,31.13844044348428,15.864458772685907,60.837514503336784,0.39840783416405934,16.487989163400627,-17.10476868218909,0
61.1,36.60339789893525,12.821852536265617,57.76901158200156,2.898452687614739,-36.35293347916499,-1.348833873457596,0
61.2,17.170093381530915,31.700505825769312,45.97422512674167,0.17247533807650262,-5.932297479031316,-29.479328317703303,0
61.300000000000004,20.78572056288296,14.445586630879305,100.71564280991588,0.19725160166591466,-12.63251724391995,-8.138293939126253,0
61.400000000000006,34.67516538241038,12.252846067428269,55.5562396927809,0.13453996685660344,-21.047828850879302,27.34642349930388,0
61.5,33.924544346672135,14.379609048022449,61.037259043406856,1.4765198528916568,-22.934623885542933,-15.622154959229778,0
61.6,36.321912942432995,12.05148443448735,56.92409459468576,2.7945209187712563,-36.12508805489799,0.1338046652558269,0
61.7,22.411786437894513,10.847607513504153,54.581467723197704,0.14488997569800213,12.50542510978935,14.53162682214618,0
61.800000000000004,19.15689333273512,9.56614414810798,138.46359885101842,0.29839324131306155,16.790459304978288,18.638820952226425,0
61.900000000000006,30.709072082438386,12.901917007481323,52.82958751724392,0.2949150290691068,26.691972351354746,-11.930919231346468,0
62.0,28.71207681614226,15.016214922668436,56.30445838326624,0.664470907306463,13.406355596293702,24.13903055899818,0
62.1,33.842079973252105,11.4461723047544,55.14745984563282,0.1824858283462171,-30.90621423745792,-5.312487992764738,0
62.2,18.94157741833495,11.42185067126745,32.39882385757777,0.16377124946320515,24.863984249468984,13.308537283426748,0
62.300000000000004,28.751109380335105,10.020154650397723,80.52455247788993,0.1857190855188615,51.98165201747413,-8.84701621836339,0
62.400000000000006,31.958173695439243,13.907412161612715,55.83336424099942,0.8482227007735845,-12.389169138776559,27.892200081282656,0
62.5,31.574616357570914,20.612087735475065,64.76213442520304,0.6400536629090391,17.806678866042507,24.5907792415548,0
62.6,33.52096720037548,11.939396110888168,54.8848265433209,0.9032358221460169,-23.521127246534398,-10.565229602399743,0
62.7,9.696431264053565,9.811095319480804,26.7819650853932,0.251375673404512,-23.551597908433745,-24.148179469684884,0
62.800000000000004,75.24675235914319,9.723123871867154,26.016226821887503,0.4335844583500562,-30.341683010471062,-13.115372888050553,0
62.900000000000006,32.474136389365185,12.282718833687534,54.782641936146675,0.20111094171711666,-18.10019578507208,-26.662992917095107,0
63.0,28.33792448867764,14.838170501626593,58.07829929134082,0.6509283730119368,22.779637942786742,15.852140835217742,0
63.1,34.01710182876649,11.838600370228631,54.10301136324572,0.19164733493553274,-9.600583162474688,1.9355496326596224,0
63.2,33.35480882365675,14.612865541903158,19.924294501544885,0.34593341252805665,59.92218880071569,22.883254413048704,0
63.300000000000004,15.04326345237764,12.919986022987764,33.061068597165374,0.19953762803388883,49.55405344768627,3.1643599552925252,0
63.400000000000006,33.6560404149689,13.139422484791746,52.98435376183326,0.9835726438309579,-14.521007030655243,29.942293635866683,0
63.5,20.398387447240886,13.039964843353623,44.94407851669992,0.5152079864748749,10.758993399129668,-5.280695338630094,0
63.6,34.4442105263165,18.58684210526531,63.48421052631934,0.101894736842107,-25.955789473684817,22.37210526315827,0
63.7,17.381207055270487,10.526553361604517,60.23084238847697,6.829089419984408,-121.84385393646626,-8.41238595984382,0
63.800000000000004,9.655858811261767,8.474745196190186,107.47774634665988,0.13113276251310035,-22.217073059874686,158.59257916106253,0
63.900000000000006,29.978516205870438,12.120833720577304,47.18186656476089,0.21832477271519968,-22.697676814412212,-13.692796882763925,0
64.0,27.843074073429115,12.148170746914928,49.3505740210804,0.6757384080062123,6.8523709284324426,10.652334095742926,0
64.10000000000001,30.715062540233284,11.134075582381564,54.22866093225642,0.14947471036573726,13.409049794903757,13.820798298137825,0
64.2,16.161932943207894,10.605738622245717,36.136892820702016,0.9774280437653928,-21.380222245274727,21.31131193753709,0
64.3,39.83122072216725,7.775196627151097,51.92141084576322,0.11837470082233038,-14.71551902404151,-26.409233694402506,0
64.4,35.42061833773048,13.351544558765076,53.41131131643522,2.718630278918957,-34.506738204622266,-6.471103329722432,0
64.5,31.31128238195285,14.348130807057688,61.154477127091205,1.1190600723276838,-28.03335206527315,13.35312053770522,0
64.60000000000001,32.10105933079564,11.338215940087183,52.742646667382544,0.17539157746764972,30.623577060059507,1.525947425742185,0
64.7,20.43882913938287,10.619838462368708,30.25451023753287,0.8065288434454454,-8.76286179834564,15.450409791368063,0
64.8,61.733892602143364,10.46674930026288,28.963324983741224,0.16201948789120846,-7.6047721910723975,28.361931798152536,0
64.9,27.768174135717516,12.485998905940797,48.233302695006174,0.27949539618432373,4.7308816155570845,-27.028456738108886,0
65.0,31.69182434331592,12.705403519632881,53.78581630998325,0.5108224141043913,19.42391186393086,-4.932874140816084,0
65.10000000000001,33.42633710366313,11.896143809340089,54.408066336476,0.2060894246558459,25.641214406797825,-15.157608763155825,0
65.2,23.961911872395962,11.34539554663642,35.798657010064254,0.21733956568576532,13.3149432719289,24.956104162552307,0
65.3,51.525539914723666,10.59302552600765,67.63067528621802,6.541088055300434,-48.34794402475517,10.64887689421744,0
65.4,31.35766666520037,11.904719816761917,46.99861769326758,2.853632109044825,-31.09187017084355,2.1394425492020637,0
65.5,28.1151273099399,11.091284622647855,44.863212617612334,0.32118033281801056,-7.31944153761367,-13.912155603630165,0
65.60000000000001,35.165457153581,12.201322068379088,55.82890330115396,0.1323035388046706,-28.191383105962277,14.048109354827115,0
65.7,84.45700834896404,11.970735487946028,44.662730456934455,0.23807932187113623,28.23906972504233,8.764276360437998,0
65.8,79.74049493547044,7.465275161815644,108.23013580916736,17.068068865514665,-27.386729937117003,5.6557867075781125,0
65.9,26.495555080102864,11.906822343900362,48.644193794330064,1.3652606297106444,5.965896744012177,13.397792470989476,0
66.0,30.715828221973396,17.907761528672054,65.0535167734781,0.5987601718845939,-24.910764015931562,1.3542594502302059,0
66.10000000000001,35.475035445040156,15.309028414420554,60.731564920829584,0.1649841136877352,-28.31631032669982,-20.982137498950948,0
66.2,45.91468929735075,11.694566013175443,44.83367144177177,0.21235042199221899,7.196576489662288,-12.72241158929987,0
66.3,17.440263452533173,11.00690975072752,21.944911441720805,2.9602261165782995,6.030970082644739,-3.2647513001325636,0
66.4,30.143339715429526,11.630992018239692,44.9531104026477,0.27987432192206074,9.525062897075275,-27.727918105537096,0
66.5,31.86555390564818,14.77781541115065,58.521072181968165,1.4023791982469354,-10.922215655840418,20.05077893639676,0
66.60000000000001,30.632804663853896,15.34561321360032,56.18673746649526,0.16822071924868848,-6.590337983590146,17.537664232219893,0
66.7,16.250593278823676,10.052341455483424,45.89627498523083,0.1946304687405648,20.259332929895656,24.66280935762238,0
66.8,20.120413307833356,10.56620290929209,107.36259677180212,0.17265916478695992,-7.534425404025761,30.038498730330183,0
66.9,29.81670925755149,16.848158473403853,57.875722664993944,0.6154350531208499,24.855194929797495,8.771410805329415,0
67.0,28.02525278013642,14.409240553154644,59.01026499438171,0.738153870183905,-13.94330934740626,-22.700899856112258,0
67.10000000000001,33.47332049226297,11.820933430610507,53.66836107812981,0.18357014807224256,20.1612905228868,6.700977935603259,0
67.2,32.03267512960181,18.333847487472738,56.747472463526144,2.146485226869535,-24.313862139711315,-19.037940757845636,0
67.3,15.27061828599894,10.575098289742717,15.335964985743665,0.200396715199814,26.4634258644765,-19.09818721845576,0
67.4,31.35391430580707,12.525937120317378,48.10300631013093,0.21319359306371244,-17.50345564323713,-25.712374744380014,0
67.5,33.23941130174729,13.686411205110108,57.22284276387978,0.44577955870112856,28.36020960652808,-4.828034285331673,0
67.60000000000001,32.48302076972405,11.685853306294268,53.071608052478624,0.17512786746843267,13.021613813441093,11.918637118224925,0
67.7,28.231648519838792,11.177687299577466,47.86125145601572,0.16853636353001103,20.64087968633965,21.580648432023523,0
67.8,15.25779885981266,10.956216138003793,27.263664571022794,2.988123478694258,-26.615848803846198,-3.4705052575808395,0
67.9,30.278487499602555,12.130694060289478,50.91502463811801,0.38275967590491977,24.68257592436672,-17.537292295529006,0
68.0,18.609955327294237,10.630221699769663,33.24461248759442,0.6787392075657723,18.076543827732795,-2.4190846102439956,0
68.10000000000001,33.4901964080895,11.47684667878166,53.67862520991386,0.1422148344184795,-6.16116042062362,-29.158399654170182,0
68.2,152.9444572783616,12.45325057113854,126.74840076076683,0.20942042703196678,-11.778114019469001,32.91500740317176,0
68.3,80.83017612472283,9.250341880372462,23.686954474387427,0.28354127231282833,23.76118785168712,14.732558415128276,0
68.4,32.33740460391776,12.86098236313504,50.80025314128827,0.18831121686243046,-16.54924446275475,-18.455483891428845,0
68.5,33.37115326436062,16.07797599500886,62.813996096360206,0.6318978658071799,24.59992706147932,12.891629964607738,0
68.60000000000001,34.62385855241679,12.127865623699037,56.026360937245464,0.1445232483478353,15.864715762300035,25.19764013301554,0
68.7,54.852528359285,8.54573946132835,120.03329197348577,9.36841065202662,-5.313998509990736,10.234523622922799,0
68.8,33.06521126624901,16.370471579061874,53.57422060182231,0.4082440082577873,11.55368947550725,-3.10023032907867,0
68.9,29.84114522631625,12.95240024100071,53.179313480825115,0.9054739428780271,5.249883048934168,27.18930002013798,0
69.0,28.006284785907447,12.087683997399681,53.64705788960325,0.41768256879751975,9.446920017771832,-25.769668400322292,0
69.10000000000001,32.33192724222881,11.504729174240937,52.5839187304555,0.16041368350905158,0.44103132753572183,21.51645476264492,0
69.2,24.779749488409834,76.97110752034817,40.13245106441366,7.521946957245993,-26.03929388810007,-2.8273707812002753,0
69.3,16.80299354651986,11.411807268605001,26.202820163922542,0.24746887426906283,16.499363259537244,-22.667255197809112,0
69.4,25.774514861284615,9.061340419157279,40.56581715434763,0.3836487679217,5.45127796980514,-11.063129867692108,0
69.5,31.100551196482932,12.261076312210731,50.633684162405864,0.22567956410923162,0.5975508776782781,-30.6053827255364,0
69.60000000000001,35.73855917103941,12.666852276318673,57.9876253174302,0.1460303376937591,-4.638912423089245,9.22008986554673,0
69.7,32.40561797422751,11.773282307025879,52.455443308428904,0.16300743858303848,-16.468536423276497,-27.64995523569954,0
69.8,18.87053618899995,11.68041784222081,87.04326630487603,0.21382368316251013,-10.14188068024858,-25.064008254432082,0
69.9,29.05162395293583,11.919714985601157,50.12263724848593,0.2854317443981553,-13.72064772555171,-25.250071943944732,0
70.0,33.822671362379666,14.564133125597163,60.295357780070916,0.2789179003932547,-24.5139263349331,-20.286968048396016,0
70.10000000000001,21.362579935135546,7.876375527143316,36.314961651829655,0.14012005157940977,-2.2919001520499713,21.169183626000763,0
70.2,37.708140062615534,11.651824312702182,25.36477103264985,0.2535860932567903,-3.428651906846193,29.497374320688344,0
70.3,78.60394202342192,10.606036507195107,57.87806638023517,0.26735516359736766,10.954465189886536,17.023036847187853,0
70.4,31.379669691549047,19.722739560307275,61.34049986871706,0.5584136017609205,-23.340876411851323,2.204744031046509,0
70.5,34.53177196879056,13.066815963820897,52.96881743480909,0.7354071345050154,-4.246058180862253,19.390251282862245,0
70.60000000000001,32.81504607896469,11.830133990188111,53.634333612955864,0.22542592371954084,9.678609440235416,27.144890559074778,0
70.7,22.347116832501055,13.67430114664979,25.82263860065256,0.26205117799705807,8.202120988348984,9.005732057796124,0
70.8,9.089758896209814,183.37580763482657,24.818932072767247,12.107509055689317,-9.693417102750574,5.252028442214188,0
70.9,31.964913377640023,12.57954877761144,51.80467129567438,0.19362466476498588,-16.248211128998705,-25.48096749886418,0
71.0,31.53551844158738,16.618351335733582,62.306915781107456,0.6988798035491464,-16.687155596801574,10.81401853329557,0
71.10000000000001,34.835716185625664,12.516653601177117,58.35072204049353,0.26785354086088736,-11.348566180446056,27.68104178210825,0
71.2,14.742049856471922,13.799707402936205,15.603314615131902,0.1933179435450453,-56.60692779647083,10.288687142130017,0
71.3,25.72983264724702,14.35169327706854,27.552040207091164,0.23466855005931758,27.419808894057674,-13.90065905359076,0
71.4,18.93442906291233,10.502487902887449,40.3686353573273,3.115248635785592,-8.740605266045826,6.833417229223519,0
71.5,33.87874709296882,13.898987301076053,56.12393274889562,0.5683978181572505,27.573422385695586,3.985738504988515,0
71.60000000000001,32.897068132978255,11.18838543790421,52.38098707912122,0.15682384701412802,14.146711280162409,-20.6672073466046,0
71.7,74.65461548992656,14.197243327091039,33.48229008424352,0.17405782609958478,16.09588874499346,-11.49585481736254,0
71.8,20.809118863836343,9.933925678118676,100.1768673606922,0.5670704431983662,23.572988982127026,164.9852834423658,0
71.9,27.948903797189335,14.090254704701362,54.18787212164513,1.797077160026686,-13.246157303109065,-12.311097826695168,0
72.0,19.896470085027765,10.861206563853996,40.579424645362884,0.45769690487423964,-0.8478638030326557,-19.630227680721624,0
72.10000000000001,32.47056388107452,11.22005389686739,51.56401866460561,0.14735190662848555,24.24636492928741,-18.565368278048695,0
72.2,52.02054756359309,11.387218181181915,44.94756374468669,0.17139765128450565,-17.952188885551674,0.5328735448330129,0
72.3,18.379930228134562,8.584683685711248,239.74241795726277,0.23441051079477,-0.6743903543564329,-11.86203984619712,0
72.4,20.81969774744035,13.117649748947414,48.25234834352985,2.1759957110447807,-4.56418188117714,1.2682939589405433,0
72.5,23.64185448181778,10.265973457442827,41.46170868738656,0.41943918295841914,-1.1410973639072362,-1.4438551166765912,0
72.60000000000001,33.31298312417409,11.42056341823487,52.879780910689085,0.14121258686495378,11.675354645354012,-16.824261044730992,0
72.7,15.886142748870235,8.813799868244699,22.56066929113487,0.20614762486759522,-28.17841252124402,-18.71760526238188,0
72.8,11.587978727528949,8.233745842554077,28.55640374021889,0.37647411886691523,11.61069024785049,5.430663790080566,0
72.9,29.49910602298714,17.554330571180085,64.32539336224247,0.5751223231598381,-4.116224623509447,0.026619642883556338,0
73.0,31.697889705541677,16.902233773037164,61.40319625703542,0.22416536476877852,1.0762020000881727,-31.48794684266432,0
73.10000000000001,34.86291953423424,11.973038381578851,55.131678917614636,1.9585186285165777,-33.44697892003043,-7.858666881220987,0
73.2,19.107793664215983,11.03074322907963,28.600841701078142,6.541017217762865,-17.991134604351736,-89.352857563465,0
73.3,17.243414819646464,218.41711153585538,22.462227385707177,0.35331124853734514,15.040266702080919,12.189287656470054,0
73.4,31.48304426554803,12.278655063364784,50.44221825494499,1.553616653314906,-13.814864704045586,15.782443187665983,0
73.5,31.182861758691228,13.786264934641434,55.4688659544468,0.7019432098328853,-10.222755738207873,-6.361457557452386,0
73.60000000000001,26.044347826089325,8.662173913044292,42.00130434782994,0.14869565217394987,-11.723478260872993,-22.390434782609155,0
73.7,22.834937709654945,10.816380078831964,45.29650338657626,1.1493461708926112,-7.930985255737024,-10.388956049139857,0
73.8,64.46037250551475,10.891339023042871,25.35934019680109,0.2275849452596615,23.510474200242385,15.027411474433917,0
73.9,18.92358590057161,11.601711444025895,33.742338831521096,1.1536230135090273,-7.993110001242854,17.152617051695994,0
74.0,34.94179742249147,21.867403962881426,65.13379568272023,0.17905423009750798,-28.650981217546416,-19.6638474154808,0
74.10000000000001,32.56864906439599,12.379862449018583,55.09237677187325,0.49760535086087765,24.025152267028812,9.607234401439529,0
74.2,31.13556211672561,10.633293419480465,56.48931506691096,1.8048419461504857,13.718520923780723,0.32724375407649653,0
74.3,9.349906686316197,8.909739827842982,25.549915327337132,0.32957464649632096,-14.824393860390732,27.729336315098017,0
74.4,31.852091021171177,12.599874067756067,49.51535982611238,0.6759609322084112,-7.668398145213288,-26.428505872211936,0
74.5,32.89471770030844,13.029423255298036,50.40027942021809,0.32714129622611116,4.57641381368013,-16.498629687463698,0
74.60000000000001,34.22674008735499,11.73481355602152,54.54100104374409,0.2025182679351842,-9.339257718393817,-4.0031237536018764,0
74.7,18.01122781633447,12.1983968088006,45.72250969837237,0.1794177289159875,-29.384432278740668,-14.57187997822956,0
74.8,21.178631561039595,11.97959921995188,296.1120745485756,0.2303375978605938,-3.8849828674801614,26.526817666438376,0
74.9,26.591374537893756,13.428587159862992,58.689728198349684,0.5712276256199283,23.48327948589136,-4.100460254788649,0
75.0,29.523100599852775,11.812087853430807,49.54060295017795,0.3264347317321012,20.16670037411191,-21.42620791828216,0
75.10000000000001,32.76891205271081,11.326589932812666,51.66299524700666,1.1089438342588454,1.7007929627550098,18.301347251421266,0
75.2,31.48575160372048,11.026671668904353,50.03674825916648,0.22365284402517324,3.9995554368652932,27.581886968599846,0
75.3,30.919473077856487,42.10360114480905,62.07090610874445,0.14912740403289781,27.297028384808307,12.361431493815962,0
75.4,29.333604928783167,13.457581882618577,57.199353191062826,0.8690212706320892,-12.018983677336067,26.75825844262167,0
75.5,30.266318090344647,17.62287321599222,55.308301955838914,0.13825057734178864,-24.317266210515854,-14.931156399467817,0
75.60000000000001,36.06693047278144,16.29655439590762,63.658061201956215,1.3995459265046017,-22.890200690281638,23.38921856710138,0
75.7,21.52033006220782,7.879687104692738,34.090512759984435,0.18273857681427857,15.629828510905295,-2.389254300721589,0
75.8,60.90695224214214,9.026274113877415,94.54938656524189,0.3822877962767589,5.97369124508764,-11.595536023417008,0
75.9,17.445422182690976,9.286703121919992,36.98917748637981,0.8362608433596791,9.097247065437788,14.410519360696554,0
76.0,31.75931936663153,14.6730379057417,56.630541902691064,0.6629519166838849,-4.113783022798983,17.294636688815395,0
76.10000000000001,27.551758123754265,9.585221783440387,44.27968263355077,1.5784490290126143,-16.450913326370088,16.1680834430366,0
76.2,36.24,21.81,68.62,0.134,-22.179999999999996,28.28,0
76.3,84.7012283854356,13.942146299837978,37.611031342513215,0.5052841527179388,4.0810448008403775,-1.0884056953516605,0
76.4,31.017122662272108,14.36637236623224,55.94061376778539,1.8858323307480676,-27.141038011470947,-3.8357978305121523,0
76.5,23.23219887925544,9.503754818789664,39.10775169268178,0.8866122438571139,-10.611776980355781,13.203725526889091,0
76.60000000000001,33.84050092067757,11.588871095124354,53.33427713371248,0.13076938473276223,29.98095921348776,-10.40374448867971,0
76.7,16.21069373236873,11.00553640597652,23.42180133711161,0.1480965828067294,14.54051067794253,-24.598609572050076,0
76.80000000000001,88.02214850435593,13.17268119532745,45.60378553495026,0.257652836825982,0.6470812244900399,-28.34100995422036,0
76.9,32.63903044809172,14.778501899414946,56.19835789676815,2.4447409424297883,-29.194762297147406,-8.418056839803942,0
77.0,33.40310562050168,14.437382981578065,57.19090045926104,0.5795241527698389,29.49546834973484,10.017164418197211,0
77.10000000000001,36.13022377084749,12.48133499890354,57.053216522396085,0.160127744877424,-6.092724168460407,24.40825644175172,0
77.2,22.949612640974458,10.781921589372338,40.8330270786617,0.19393923233666008,24.66487046704483,1.5187064397612637,0
77.30000000000001,15.048230638009723,8.130162203119914,52.52801897905205,1.7809874396845653,-0.1302144602689843,6.13334914163433,0
77.4,29.888614723418097,11.820636329048344,47.65560877917607,0.4957867607801033,28.51783304244365,-6.330631428878293,0
77.5,30.198579611942353,13.571558568817885,53.67839155926775,0.22831162108562952,-21.72125039869647,-20.059926641196203,0
77.60000000000001,24.90811446072668,9.128139264323853,40.71210217632424,0.17348841995333925,7.391520917521639,23.589753124288567,0
77.7,34.688751463758905,26.366824683697608,74.82786182162701,0.6844785560244094,-22.57826361867979,-23.267093970778237,0
77.80000000000001,15.14235880005576,13.272246220219484,114.57552866624259,0.152019520795552,-20.907938619775685,-19.378777875519077,0
77.9,28.85244892890237,12.512180395651557,52.396204453369336,0.4382358426053407,19.94674386101014,1.6660033798496432,0
78.0,32.42145858983981,14.11802931981371,57.08399451250494,0.7617823087582319,-1.1051340869024315,29.441890259665733,0
78.10000000000001,36.09567235810555,12.19613352595631,57.28828482100346,0.14725943585675066,-30.499701379319163,13.940109654042557,0
78.2,93.19701801699972,12.09405731748766,232.47473564834112,0.1259484085937142,33.23721419227239,-14.924382187414086,0
78.30000000000001,61.45914259121312,9.532043608447632,14.237079598509288,1.3119445218905976,20.06769572451637,25.951675876219795,0
78.4,31.822967516219393,13.465101281586318,53.33760142779606,0.49319173393935334,28.44651760036245,-8.556363745887975,0
78.5,30.38025542982371,14.08103029448153,54.78903191480075,0.9558563163983739,-26.482326827941016,14.648793238870093,0
78.60000000000001,36.35834057863336,12.370612649312635,55.580397327610406,0.13513029130313098,27.424570938236606,-22.07450887034636,0
78.7,66.27491102009606,11.372816070164484,98.81071991211769,0.17617782013821287,8.576954886659017,-30.3413880962771,0
78.80000000000001,16.07205672663492,10.52628474248735,30.02946056094312,47.634204531422185,-6.626441382567556,-4.927555321396492,0
78.9,28.442300809439047,12.868990135389042,53.258746085821535,0.5574655523611713,24.876125801140063,6.7325866198482816,0
79.0,31.90284348371477,14.19252930180508,58.162274497703805,0.6322127043731596,21.482816167038152,20.435196039394253,0
79.10000000000001,33.74795815594232,11.820898177240126,53.50940644190431,0.21929590186845477,13.469528321194083,4.387818236478356,0
79.2,29.448113339886234,12.401843697076792,96.6423534326223,0.16782657670344653,5.481660662089091,3.784628882946791,0
79.30000000000001,26.153917808222673,35.97922987287346,115.50439277081452,0.5937356444532007,23.569176513112883,1.7177275322282348,0
79.4,31.06721258801748,12.34410662053428,48.88249707764054,0.6600683599984871,-2.386687502816563,15.519369127389968,0
79.5,23.726059669718467,12.7635569755367,46.971956692466456,1.1529078671267528,-17.341049524494903,13.31493102144141,0
79.60000000000001,25.55873522968902,8.815951611163063,40.88436270047252,0.1498220488063749,-10.377098566859345,-13.04116569585274,0
79.7,22.065073220212042,13.456283156235179,24.723719664554615,0.1695835154245608,-14.466666666684747,-4.853333333375179,0
79.80000000000001,11.717931093592673,19.05938857657008,129.1943751287376,0.26347058608031526,-16.99099010558205,-16.539955284400417,0
79.9,27.32381789788546,18.821919891422784,62.438661561716806,0.5761083542508837,10.495228085357518,-18.086418533986954,0
80.0,30.345208590385187,15.361674269891866,57.62488892265831,0.7581657339260415,3.1531924537893135,29.304138289427094,0
80.10000000000001,36.511345806843714,12.674413610761098,58.43509918712327,0.29564949231067184,-25.61198659334552,24.665352094204003,0
80.2,17.76862235731661,9.446437231443742,105.34203008359685,0.16842215517595974,11.964000000015485,22.794000000002438,0
80.30000000000001,18.473294241599945,220.7463479103866,24.6623869282537,6.9540853597191985,-19.32455459950715,17.041767998296933,0
80.4,31.795250908690374,12.36340683544681,49.606312991667366,0.31636103859920606,-20.14549482650194,-14.486395163385932,0
80.5,33.55074873218378,13.68797485094034,56.99960232694528,0.8426588820682607,-12.633221923584507,15.406445300313708,0
80.60000000000001,33.9170556214043,11.651541915365938,51.66378255027643,0.5604094769041286,-15.352697125576704,26.387839286004834,0
80.7,61.61564889358501,40.365535832049645,23.087373029132692,31.261401509059418,-5.196999999991215,-2.561999999994555,0
80.80000000000001,17.648678964207754,12.829935896254982,211.45546673814104,0.4748427232298448,27.877615880492623,-13.244030699326517,0
80.9,32.37029350540024,14.390268431763856,58.82435171025424,0.2067084151120373,-17.85142283690547,-20.724552871942237,0
81.0,30.210322392684457,13.737175756281722,58.73104705053436,0.9984797399837864,-7.201919215013126,27.590830812311754,0
81.10000000000001,33.09069777407671,11.335180280876774,52.59358256321816,0.18940120126853277,-18.753268867480937,4.598428415164783,0
81.2,22.595888424238638,12.37965053038528,152.4862858267348,0.20191079781592877,-7.58,-33.79,0
81.30000000000001,16.676379016564766,10.213170989428868,39.960376852291496,3.138596388482337,-29.898911523001892,10.299266069820412,0
81.4,30.606420839007544,12.716165538733915,49.272330245186524,0.4987869211419028,27.220058412912746,-12.95318694587144,0
81.5,31.242909065240365,20.138892846582035,57.15029587308325,0.3823262471042717,20.542104968079197,-23.134596675919294,0
81.60000000000001,34.0351692900582,15.681660126116402,58.68856845447085,0.1513649402515115,-6.399059097600726,-2.0420258089626593,0
81.7,31.37600000000191,10.69200000000058,49.900000000002784,0.09760000000003183,-24.881999999999444,-18.842000000003594,0
81.80000000000001,13.608060192196374,9.4520224441337,47.5176896547227,0.5562223717165139,0.243480430217331,14.244563161961974,0
81.9,17.947545375570666,10.422092841153539,39.45592204422849,0.8262063962075407,8.23454754000241,10.662499747791879,0
82.0,34.02258466202127,12.14156199645693,53.85523858710373,0.3400281235746606,-12.387528147941232,-17.371477204012418,0
82.10000000000001,36.914664069684356,12.336108680531597,58.66447482645624,0.17770016906872318,4.639629314549909,-22.3223591838967,0
82.2,31.745000000000246,11.130000000000063,50.709999999999845,0.1394999999999904,27.715000000002803,11.799999999994174,0
82.30000000000001,16.584952483612916,8.643362327718826,37.39843299903613,2.2449166644604577,97.54023844835618,16.0680444559202,0
82.4,31.931120963875596,13.37380121154966,56.86502894380827,0.8933519023847248,-11.00353168044738,29.72017109108677,0
82.5,32.17449784126834,13.050205550989178,52.460829845815084,0.3343042597638027,11.076409161157803,-27.807049664902756,0
82.60000000000001,33.65228387732485,11.259358243734628,53.196386406874524,1.6428041212581563,-23.499018906131084,-10.848938773495473,0
82.7,26.725316993611393,10.557765079127616,42.26218817879425,2.063342952782425,-15.15499999998464,4.811000000007326,0
82.80000000000001,18.245812127028895,13.267522293985934,16.908045382840523,0.3746964936765685,19.608006669183393,-19.759697157793,0
82.9,28.553012847143954,13.823429020477793,56.23838295943933,2.1253147397939562,-12.029075747392922,-1.347212472649454,0
83.0,32.07483335580811,18.179749042480278,60.018906117300105,0.6811212189897948,16.177754115394528,26.224997069112263,0
83.10000000000001,33.93679126266672,12.001157219750791,54.370227451614014,0.8798565879743698,8.757169481476744,-13.316654789844435,0
83.2,83.0114194252182,11.237224473709617,65.35006706805798,0.14618419151415207,19.00259905841808,22.05874318079982,0
83.30000000000001,18.35088813957508,11.944926621667538,72.26042256061471,9.73058083821511,-106.55122357555581,-6.619260011387889,0
83.4,32.59359838889012,12.132022575700077,53.51220356534987,1.795323375785793,-26.234332088793483,-13.586932214327058,0
83.5,31.56156374087386,13.908857095543842,53.616358575549356,0.8961550395222426,-5.51707205922143,29.19816615637024,0
83.60000000000001,28.906894727387062,10.232151389607417,47.16445720634023,0.14484294644446696,13.335856687725737,-6.510897615409657,0
83.7,29.05984757961201,10.228223630036123,63.277308733735545,1.5530541118641545,-19.917626860262757,8.125247679418553,0
83.80000000000001,18.16365146580338,122.63607273384999,32.730957367220086,0.49454872511893705,19.40943575723364,-7.288170095653372,0
83.9,31.939146380860507,11.155088827820544,50.816768551202486,0.12552709840113835,0.48220678924554683,23.884516080817722,0
84.0,34.21496073736501,12.963233556237334,54.222300203313914,0.9116242323163841,-25.272516574557063,22.281809211253005,0
84.10000000000001,25.814421985991608,9.24463631189384,42.607830865935476,0.23406049157107595,-6.70988726493394,-1.2552291300015455,0
84.2,23.460851842031364,8.858234204464319,28.367082265757674,0.16226370342224075,-67.20498545323767,-7.792703202530278,0
84.30000000000001,74.618738710972,18.892335032850795,18.650393127266113,82.53343845473222,-15.883333333346396,-16.73833333332888,0
84.4,32.993879109256326,20.262715402745982,62.788776642906996,0.16475667873319588,27.691209494925676,17.55102791775208,0
84.5,31.576755884464518,13.83056947388902,58.08306514079476,0.4077914099971353,21.980449701570144,18.279596140086632,0
84.60000000000001,35.4896897076598,12.364523520315638,55.92241213837019,0.1570842742430407,-24.91282466325711,25.084974519190276,0
84.7,28.935326332744488,10.11788769618527,32.44078069313239,0.1542474521409623,2.477474810490669,5.398335169219049,0
84.80000000000001,27.00279061329305,12.065550636250233,25.706004406065368,0.5983886504954625,22.0118181818169,17.12818181817266,0
84.9,34.29665883354538,12.420242511562972,52.61987397078636,0.19330027431380845,20.988480164617883,15.132815201914351,0
85.0,34.92289228056668,13.23695634042578,51.99741535354711,0.11621673269792984,-25.006954317183503,-24.25965302137715,0
85.10000000000001,26.31182730567074,9.063364747532207,42.46132987299633,0.6657308480052468,-3.4792312788576396,7.757589039706184,0
85.2,14.210475420402116,12.307160443281779,38.506410538497924,0.1660502405105832,15.013839857738798,74.6577086376426,0
85.30000000000001,131.29401603447894,13.618146206293956,257.74177860766787,1.0142077032148495,14.535435298177509,22.611076814356295,0
85.4,11.919483724368252,38.01305430730448,98.44552763502354,0.7842948684692701,4.0,-16.04,0
85.5,31.303799557048613,15.275588782347395,59.56608699916674,0.5528014611917343,23.712993056757554,11.08436265474202,0
85.60000000000001,36.354932697933556,12.245455790396166,57.24944038734637,0.13774214568936272,-12.776824316100546,4.002464080691787,0
85.7,24.19517199950327,11.384506920745352,44.847570768012375,0.16235031721517806,8.577087034840401,-29.05907329631947,0
85.80000000000001,13.878790182873189,13.587750089730497,153.83065586680922,0.20145210442316458,10.466410284260473,-28.840503819469966,0
85.9,33.619975360613246,12.617452835401709,54.71967046668427,0.4054770758826143,12.863216497377799,26.84945395816037,0
86.0,31.467508891999785,13.749068726842713,57.507149908330774,0.3631102032884282,16.211278467661778,-25.669491217801855,0
86.10000000000001,32.8447544176124,12.735666173150966,54.03425074835111,0.5213840230049323,19.19461530390063,8.359869816966206,0
86.2,63.79424178796853,10.589146106307206,114.08310255287381,0.13562543984955575,20.016964676359827,20.651824781661304,0
86.30000000000001,19.300000082263715,11.519597184658213,27.11864697802429,0.7608436260132416,6.88800000004335,22.13599999999757,0
86.4,32.53896419936758,12.514081408670316,49.705400184895076,2.210234159768511,-31.620494197532913,3.5347818325666034,0
86.5,26.677021412930827,11.244433454877784,45.262681181192505,0.4758193575636091,25.85096773626946,-5.54539527985195,0
86.60000000000001,35.76888252086182,12.121401702502716,56.04320147010961,0.18687783483246015,-19.476906154003316,-29.47383308805989,0
86.7,18.92215929756502,12.32500522041272,17.21332050912681,0.5009619946239736,-18.7785804662825,13.49440471467029,0
86.80000000000001,14.903871128034767,13.209320930667648,24.858839793466586,0.3942260750724906,26.069806510571407,-13.92406200888638,0
86.9,26.914276878407623,9.20654632765406,43.99363588413874,0.4077588568882858,1.295049032613374,14.705561935668822,0
87.0,31.42893601615579,12.728481802520472,53.02873392008852,0.15779449154962494,-11.784417910322887,-29.02048273689034,0
87.10000000000001,28.649617974689917,11.093445742804596,47.47404059070238,1.283336169217578,-10.976595471479378,1.5381066572645867,0
87.2,21.05787133726906,29.884063498915918,48.25530570542658,0.23016825469336452,-22.475813585176063,27.752070424491226,0
87.30000000000001,12.708706973167216,12.748622613613215,32.431381254722965,1.8500082383020695,15.161052631606431,19.94578947368464,0
87.4,31.19420504791137,11.829079275748448,49.15702817392105,0.31881426774430066,10.17181546087715,-29.18524365790304,0
87.5,32.88274564505824,12.997341048564515,51.01218085269121,0.8525331307728485,3.573957666543521,31.868753279888733,0
87.60000000000001,34.230867815298986,19.467291156300444,63.847801120436024,0.12008742386236224,17.578941265241085,-27.88554360889217,0
87.7,14.777785948245267,8.572149957691666,22.795117499684693,0.18806897999683023,2.0769001963567915,17.490111828343977,0
87.80000000000001,28.80612484218752,13.951754031731578,65.63399791574024,18.59492454975821,-15.393488921029828,22.011301566975327,0
87.9,31.69983522036359,15.740445067511082,60.49645929073289,0.4779192256129875,20.18008947839415,-10.641612742263128,0
88.0,31.232877042524848,12.041411874097387,49.824260258044426,0.500820475418364,30.84476563987364,-2.1711511889496387,0
88.10000000000001,30.601444677493713,10.619104439466847,49.36279933141174,0.9526550461112555,-12.542567214355572,21.275045388602422,0
88.2,28.779565217390992,10.189999999999895,46.19391304347779,0.12356521739130528,11.943043478260545,25.771739130434558,0
88.30000000000001,21.955352903380135,11.84937456486905,129.08044163801176,10.585508035559059,-25.43602019425001,15.622278944370443,0
88.4,32.10806451180899,16.709609718051716,58.226110476337205,0.41476957385631824,-7.883301895210577,3.0669047941587912,0
88.5,22.139289872783632,10.853987402894582,41.485884045868104,0.7834224208428404,-2.989822288415721,16.105979118368968,0
88.60000000000001,21.749565061256455,7.366534329800173,36.740102986892026,0.15580880678961578,-5.27665832627942,-20.844136465712424,0
88.7,21.409999999999997,7.31,35.01,2.045,-21.17,2.0,0
88.80000000000001,15.462912228269069,17.279910879615244,149.30950941245075,0.3303389222605494,-13.81400000004773,-14.692000000028035,0
88.9,27.260089078150298,12.867377922696239,54.59655206724577,0.9182808436528593,-13.231063860888124,18.748719098270286,0
89.0,29.709501527317123,12.311353627931219,48.74872113267603,1.090368626407093,-20.293520925627153,20.79469408060774,0
89.10000000000001,33.82370707787379,11.43047517630085,53.41952099889979,0.13702770839987735,-14.423160645040149,24.485508762684645,0
89.2,71.21635378844817,9.99946161841392,28.726007041975834,15.66182500548478,-17.785931120458777,-7.384316682974278,0
89.30000000000001,14.518023414183585,165.3329214929064,41.95444196002407,0.6828442145690425,8.210714285746569,2.836428571438571,0
89.4,35.16411457867015,13.388406184333105,52.510650004552375,0.3559681292777156,20.58381396263613,-25.496332295878297,0
89.5,25.636681844421446,15.840159502109447,54.91311138870796,0.8892980386021347,-15.726323967620878,19.458938792682176,0
89.60000000000001,33.42484224734724,20.173147678498967,65.54994795129988,2.830787440950035,-33.17711100983623,2.655470833070004,0
89.7,31.827499999996395,10.764999999999112,51.23749999999547,0.1374999999999041,-23.33750000003775,1.055000000078337,0
89.80000000000001,14.73420238070313,9.54109717188091,31.03947906888844,0.6159725358625158,26.210000000001124,16.936399999997057,0
89.9,32.600523925037734,11.888506873874363,51.18973597334844,0.14886902941662553,25.5929076853973,-4.499213084931441,0
90.0,32.34056013490801,13.678676554673023,57.30906182610318,2.3410005807921492,-18.609439254398488,-1.0206374408205665,0
90.10000000000001,34.002193286193005,11.345600290677835,53.54198923603942,0.6824086400752588,-15.342306947221195,-18.751870584528582,0
90.2,25.830252995870122,10.989836777240829,71.97129559534669,0.14284600126099764,-24.494892164587206,28.01358974617845,0
90.30000000000001,14.924140328308647,12.84788246112137,25.481260203422984,3.2166892275602965,-23.910416666663274,17.443749999988526,0
90.4,36.22606651853869,12.779265992988888,55.713311830916105,0.14296177841942054,-19.39081258662445,14.003869400769881,0
90.5,34.46371639408503,13.396712802848347,54.25491494384561,0.11578821443216977,-24.15560979253586,-22.63109531857264,0
90.60000000000001,34.64160449502209,12.001960327593675,55.22479500121509,0.19518062839696396,-3.1745085675105535,19.616237128578863,0
90.7,15.716864176669919,11.640435430225576,34.117628744871,5.1866203764526935,-15.477575620293306,59.930287752855406,0
90.80000000000001,53.60973957715506,10.276346673937438,38.45531693151263,0.19055739338358557,-12.522727272706629,-28.282727272736278,0
90.9,32.020598857723485,11.13511605808418,51.540587379539005,0.13271223171480243,22.87123475563582,11.872412252124334,0
91.0,29.58681611469557,10.80624412704302,48.66126884801552,0.29721510778425825,23.6502726495795,4.978683157183158,0
91.10000000000001,34.92931055197727,11.862300793413471,54.248288695109245,0.20492670503063257,2.7727900303215094,-28.575053822339786,0
91.2,15.534418721045725,40.02499697751212,21.32228458070673,0.19693526964369987,21.324172582121065,18.85697042038956,0
91.30000000000001,67.82463319233352,14.86709793657476,74.15752326597482,0.28940877019394495,-4.6200000000414505,-17.55666666668131,0
91.4,29.930418933789127,12.215379015090914,46.584572581058154,0.5281515109209611,23.664469576592005,-3.607273850936963,0
91.5,33.096877524622705,12.82671668125874,54.24047625945941,0.17505695072475277,-14.195081837723405,-7.364968729782712,0
91.60000000000001,33.74203626205099,18.54754986165273,63.34395599078218,0.17286264694921702,-10.481057324238574,20.599668782345265,0
91.7,15.267457354776466,11.492995933123671,36.549043729634306,47.93265155886751,-26.01743225565059,-13.21414008005468,0
91.80000000000001,19.19784951036481,10.336531336388253,21.35231208266095,0.13921159215367124,-25.153571428573965,-21.274285714281472,0
91.9,30.19451982911328,14.85294501535016,56.35735536926975,0.8498575185168916,-10.6199802034793,27.378006499861552,0
92.0,22.074386070831533,9.789180098407456,39.23290632214434,0.6391827792700923,2.3013627702741744,-14.987686624428298,0
92.10000000000001,23.952068163944453,8.679004115983634,39.47474866214286,0.2505451990160297,-10.194276809540103,20.628083201166607,0
92.2,22.64186904272171,9.63536927774078,15.81831456818599,0.2021551047285306,-15.88608711529111,83.98604366382415,0
92.30000000000001,44.5175759577056,10.895227967349236,15.40358570729622,0.5005779110998028,16.132500000000483,-6.481874999988804,0
92.4,21.61258053976826,12.279679235437051,40.370610627106146,0.5497008337752112,21.608143163164137,-0.4378960406924506,0
92.5,32.19263832536159,12.423142811529665,49.67830348923013,2.088762748183845,-30.654315372113626,4.197361715094106,0
92.60000000000001,25.49690124279398,8.678280275018157,40.2433190381586,0.14779096283194387,-13.016088197223493,-10.641559367310057,0
92.7,18.767208675023802,12.079383081725336,49.50043769894188,0.22760449097572558,-15.356483094160069,-28.561082219492864,0
92.80000000000001,22.112308929103282,12.232251456645297,43.581460241907195,0.7302694527451363,18.803499999979923,27.00600000000152,0
92.9,23.94175926212994,8.353109659649625,37.125127366809316,0.29360651206246713,-2.0365831258680664,-15.113655828223429,0
93.0,30.020039967581884,13.461411511063567,52.49428905419591,2.3333024060905063,-23.7461954988004,8.86541736153983,0
93.10000000000001,33.958830707842914,12.119415855849212,57.389794184168764,1.7215107108252568,-32.37922462446215,9.520203601464615,0
93.2,77.19544308355805,12.277406406745895,22.660012733192218,0.23149420360329942,-18.941955534147915,21.25375220757826,0
93.30000000000001,25.6809869666776,11.87316875738844,22.538503401094278,3.9442090818528515,-13.324666666650362,1.7713333333226533,0
93.4,31.852740205623054,12.487885352800358,52.36614168601906,0.19761697243373838,-2.31512801374126,0.43488942644844997,0
93.5,20.361128003372595,8.41704015454158,33.33677267269209,0.5323656252554972,17.81145010494655,-0.5620178053844693,0
93.60000000000001,33.731024332633346,12.555472246284006,56.65720567479357,0.1666497867287272,-27.402464218892455,14.64048479236861,0
93.7,84.86118017297659,9.115034872202505,14.28246818590489,0.3375838259896362,68.78514258020522,-23.44043325576712,0
93.80000000000001,32.72293246546718,11.954984015958988,53.363918094944566,0.1364957410301008,-26.780619230970018,18.636590004491126,0
93.9,36.34135703211712,13.272596893332665,56.99731037213312,0.18654830073251466,3.893928985458569,12.653339558747852,0
94.0,27.315919809450715,17.64454925854997,61.0411311953259,0.9010179284026578,23.085205492742745,12.439801316680459,0
94.10000000000001,32.24476011798868,11.664772511254279,55.97323254687424,0.2255933490271746,28.166337100003265,-2.368591892497662,0
94.2,46.96081950563446,11.735622010822363,40.136168347245786,0.1512955157710818,-17.04958421920152,-10.686132855524693,0
94.30000000000001,21.69472143612834,10.095769207355978,147.6403830301436,0.5508301746846801,22.732499999994896,-9.28375000002344,0
94.4,30.431766953949715,13.80665931697113,53.77597063756071,0.6776974519989547,19.114190882999512,21.24580964965277,0
94.5,30.328614621548837,13.854028148384696,56.84357213147557,0.9968747722973521,-14.28164953160509,-15.040391680588046,0
94.60000000000001,32.375188843772285,11.835710838039777,54.576627360818364,0.17233107880658255,0.0436686677963003,13.428761597741879,0
94.7,33.71670913775094,17.546820658213605,64.06530076380588,0.14813661919200138,-3.822011417585662,5.6104695839621925,0
94.80000000000001,18.98065374522826,29.423300156143686,105.9865793364705,1.7569268906984017,-16.6617259712719,26.275381158661354,0
94.9,26.453716437098237,13.920494106021192,51.13197726459549,0.7530478191119,11.965006658095355,13.709632352487542,0
95.0,34.04486350866423,13.218774996506335,53.827251844368945,0.6948336533159924,-18.333501918177063,-25.45821692413902,0
95.10000000000001,32.47106540317448,11.694476512468729,53.10251197507031,0.47854162463863636,-23.34470481747701,13.183975267408227,0
95.2,26.463032233328637,12.801573715144272,50.8274722670404,0.28951966625711933,2.483631791884715,22.247279097240508,0
95.30000000000001,12.45780086010867,8.38553368663937,22.238514005363108,8.700449302402003,-10.070000000033977,11.094545454520029,0
95.4,25.273945363609524,11.227443043777747,47.4717957487816,0.9486866452362739,-14.446312163551582,-8.570215240567016,0
95.5,32.583859114558784,12.291397903483139,51.05204738181115,0.3190564467799414,5.124104728628609,-11.21768026611823,0
95.60000000000001,20.33078985208287,125.15152713792311,32.36896562914876,0.1641360153326151,7.027277259734544,-19.955794639262336,0
95.7,25.667731143921944,15.798716849772156,34.780186953116285,9.408923194009784,-23.752064627279548,0.856147605540226,0
95.80000000000001,23.708856373496513,13.006728229332683,46.996517247310095,0.8541565762585496,-19.299384850489208,8.747930715794364,0
95.9,30.819029225856408,14.779952677176793,64.25453350146859,0.27137685321579946,14.985362249644105,-25.97692070693157,0
96.0,16.008121032687047,11.37433240000817,38.88043081781022,0.9917664690265812,8.61397342995005,8.295061306678445,0
96.10000000000001,32.97723483394861,12.434873493789436,56.126707938076024,0.22950230777717973,-10.752910422936345,-21.214603540071586,0
96.2,23.932668974045228,12.054730870675359,107.48479006310231,0.2114259346379295,-13.937378072797586,10.388530003983925,0
96.30000000000001,17.971412562492485,8.955596526966257,24.332078258900893,0.8074535677013986,-14.313894090356644,-10.091443970342155,0
96.4,32.68599674250125,12.116800890055526,48.6099689945267,0.7337576727816391,-12.618199571496836,2.365098894878221,0
96.5,26.997826086956103,9.45478260869549,43.37043478260799,0.8320434782610131,-8.905217391305227,20.39869565217226,0
96.60000000000001,30.78499999999912,10.748999999999654,49.025999999998724,0.13089999999998808,-4.253000000005986,30.065999999997306,0
96.7,33.8298954496342,16.91990840960834,61.93657150940118,0.1484130225049504,-11.104795962698573,-21.03128399117785,0
96.80000000000001,29.766216755180416,10.719566545183945,27.64300740339096,1.0364816051614054,12.088805880590066,-16.221451789626926,0
96.9,34.75969383953853,19.7612547698914,63.62134446339436,0.24984651803938351,-21.697572205702418,-18.69503620826412,0
97.0,29.189961059387635,15.514784601650149,63.85326193550449,1.3944763719418098,6.5538484503930725,0.7618331022952267,0
97.10000000000001,33.996131032696375,11.504232060762003,53.80127075097055,0.1654670422060061,1.4452774018294399,-24.40260915879874,0
97.2,24.42,8.149999999999999,38.21,0.192,-0.23000000000000043,-24.000000000000007,0
97.30000000000001,29.343656546424207,10.777247417303482,68.76328641498432,0.6046480675704271,-23.556000000005906,9.491999999979498,0
97.4,32.62960260977256,13.642639672727734,56.74948337448684,1.0444785327907353,-25.56205554618451,20.279848672121453,0
97.5,29.067868042794416,13.584156461286918,53.185282668439854,0.7197201219303073,15.0085531834563,15.595739908683669,0
97.60000000000001,29.253846153847284,10.542307692308023,47.31538461538628,0.09976923076923708,5.929230769221533,24.02153846153834,0
97.7,32.18780052202918,11.517930061785732,47.427663746478515,0.19000042169081804,-5.178686813502553,-25.192350837677402,0
97.80000000000001,17.490623566984432,10.331951438287671,31.071713086500715,0.8960716122131999,-14.136000000037928,22.069999999987097,0
97.9,31.504658693550454,12.898961846841917,53.00056974418705,0.6987934811336974,9.867624916457334,29.919447991491534,0
98.0,16.613013763998676,12.800421176908031,46.467288876162684,1.9215541010907398,-12.92860388029611,-0.18972744511552975,0
98.10000000000001,31.875859671455423,12.97651920885204,53.000495564764435,0.14101073870908057,5.91565991258107,27.628437293879166,0
98.2,126.75615232578994,12.510140672076526,50.45774667182923,0.21356171685436773,11.284051068229854,-30.704653566957415,0
98.30000000000001,23.210505371461885,38.11306922273498,37.69095564576108,5.065295440268194,-21.595288916101573,13.519536462006467,0
98.4,34.30063709251459,14.780144436607783,61.754930125029645,0.8537299902214674,-13.99049060686642,4.90491885307471,0
98.5,31.385088633012284,15.857709834929901,62.86598710499417,0.8723294953228461,-15.93778859610477,22.65401200764996,0
98.60000000000001,31.493207291439923,10.954438869336679,50.72243725543684,0.14479014054199704,-24.641088705104373,4.347607383563716,0
98.7,32.52,11.07,51.04,0.132,-19.71,-25.55,0
98.80000000000001,18.88048613569752,11.051578704979962,28.835278449531454,2.919582559447093,14.937735469729333,-16.395965334864883,0
98.9,24.423412975547194,11.422008950695927,49.052229277309735,1.4005452640737843,-19.511469495890992,-8.517553699481157,0
99.0,34.72473818579729,13.273602598711953,55.69176584887196,0.4244394078716432,19.207946134858737,-7.013212457699279,0
99.10000000000001,32.710862373143,11.384922158070472,52.412957807074505,0.14004576381380862,-8.657776717856589,22.290950433947636,0
99.2,51.25416735455499,9.176499969357664,23.71995466681756,39.08176674163035,-22.179823877636558,-3.2886860613210853,0
99.30000000000001,17.18377671878381,10.001292583936898,22.078700764597375,0.5502118046505776,23.55451572948646,136.78168901088827,0
99.4,31.83046605171864,19.30698038843854,61.782148936395366,0.1971130219841128,26.929311782151196,-13.951148673382864,0
99.5,34.13839340731176,12.890479083283495,51.37114297538033,0.23624804134561322,-16.151188480989088,-18.838574134990168,0
99.60000000000001,34.51702127659598,15.059787234043377,59.335957446809715,0.09363829787234008,15.50361702127259,-17.76851063829974,0
99.7,18.091380582188034,14.496775766834492,34.86799864060367,0.3548025887539179,7.756293598016622,-14.428827102412114,0
99.80000000000001,10.284198164056075,8.968086741337546,43.04390733717935,0.8500445876115321,-10.530577528926974,16.430718424167242,0
99.9,25.242626466046342,9.930032668973148,43.98541668487616,0.6010318615539579,-8.434543139736315,-16.76111061424057,0
100.0,30.360436045159002,11.728007985692292,47.91386037954106,0.2706275029323404,5.692331914436042,-28.624921080307118,0
100.10000000000001,33.46254106083508,19.26285115922101,66.39207751816537,0.39152783096307464,-27.59260912933319,-18.17240835976616,0
100.2,21.002490531816008,9.74055298595281,34.155551267148844,0.16683946825837107,-10.340414392100083,22.014753106021832,0
100.30000000000001,87.95516017797218,11.697052768991034,144.1739258558804,0.07928151673532516,-14.556972632321553,-25.292946569454145,0
100.4,17.65795997367826,9.967016884210137,37.47212207007159,0.9589456313252475,2.532638083543338,-15.033465116370706,0
100.5,37.14506989853242,12.843882261338155,57.941870915957544,0.18325251477262294,-1.5592557096385917,-35.62034608790347,0
100.60000000000001,30.44250000000054,10.466785714285963,46.736250000001476,0.10903571428571293,14.615178571430341,-18.519107142845566,0
100.7,33.27130277559621,11.671096616410333,52.51510717741503,0.9680900500947145,-14.124372089089693,18.978970917082936,0
100.80000000000001,35.60320183726518,11.584538115311526,114.55197987952752,2.576969398613537,-19.82155210935282,13.324790330350375,0
100.9,35.56912473634963,12.262849635997135,56.51519084378161,0.29070492103626716,34.49145997714365,-5.173054282118912,0
101.0,30.645571806818108,15.794286892894222,59.3650792755422,0.469047541150029,8.067451811623169,0.8663587964877486,0
101.10000000000001,30.646250199670767,10.747799523262648,48.506909439413846,0.2613086983816096,-17.64049332604645,14.890642585099144,0
101.2,32.23354875263607,11.860800696405175,52.59807581686437,0.39047068350751657,6.113168646595502,-12.299504985397142,0
101.30000000000001,22.245941646588896,9.558148671578783,28.37641866100611,2.062802301436922,-9.03125112494137,22.057318458939125,0
101.4,30.02106576039246,17.107874881751783,61.01256066640583,1.102093410282604,-17.297436294283404,-10.086978714306827,0
101.5,17.60537307584871,12.743192358533582,47.36046565344854,1.0670654921914295,-3.340537407276594,-8.143657326160968,0
101.60000000000001,29.060160503480468,12.382979861927337,50.45352098322934,0.27256783945429863,0.25746230273871196,-28.851961020809004,0
101.7,23.448032017998607,23.103009732337153,37.83752495445026,0.24966326198528477,14.840966493016118,-25.462113389176594,0
101.80000000000001,29.60949972369199,10.554061517422694,26.98891624280596,4.469093546800325,-7.017169761789241,-7.897935948253174,0
101.9,31.62865830395712,12.232399609163297,52.33390876001569,0.2205903629920257,-0.22804622839406363,-20.266797654472263,0
102.0,31.26669306991379,12.257447826288653,49.13737922972842,0.58586292463956,27.971432004483038,-0.12972058834856037,0
102.10000000000001,34.82177329490543,12.013303361901773,56.37340646101396,2.169695952583784,-34.280587388619416,3.2148616022852226,0
102.2,53.073669950078234,11.426290924701423,45.70455161249413,2.7498781069172415,-2.0957990055301607,-18.7825582010055,0
102.30000000000001,78.67793833403564,14.079358632560247,90.40102298403664,7.326550764342353,-21.23918644893866,-19.14039394739961,0
102.4,33.71813523445656,12.080466762663495,55.51296028869953,0.19584851827531438,-9.789578034889002,-19.556362940287986,0
102.5,32.07274284508912,12.606725568081718,52.60941620703848,0.4924969853155556,21.14833210991292,-8.441391178430372,0
102.60000000000001,35.74954084798217,12.705412764725335,58.87848851012003,1.61718062564811,-20.76747312298307,3.4036118294058415,0
102.7,25.57094158080526,10.270964033031296,43.10046592491521,0.2589927805671795,-23.54472523555801,-19.704525757353796,0
102.80000000000001,64.4386295327713,10.858078134059202,33.873741943125346,0.5944268205386924,27.032642523463775,111.56496964705909,0
102.9,35.78475739270094,12.250666916498075,55.35347345897876,0.16466381548958128,-14.829235329506375,14.085167948893933,0
103.0,33.59606041448522,14.648655359992855,58.99752122285077,0.37572145211022434,19.168186385890277,-17.444478031182904,0
103.10000000000001,28.803968332806754,10.619513665028704,49.18692255435837,0.13593225853258287,-9.128017712818622,18.697416319755362,0
103.2,56.20201750075215,10.61348341600968,49.31015450784754,1.5738287272539693,-23.03832827307522,10.954411645763168,0
103.30000000000001,72.9385357139715,21.481013850852122,23.598489091111514,0.39248966501469473,20.808849273599513,-18.01854910225315,0
103.4,17.71519322145803,14.130554104460892,52.02617761241325,2.0660346966507794,-14.27762468616643,-10.487002404333632,0
103.5,30.96977284841948,10.638357784360583,50.623377369128136,0.18090506167639392,-18.47518565462251,6.929129902859998,0
103.60000000000001,30.322168674698922,10.946385542168574,49.444096385542146,0.108,16.292289156624367,-1.5189156626573634,0
103.7,116.05672072908197,11.911398635407497,32.58275736033032,0.20493869853106084,5.708211161822842,-27.404878475736595,0
103.80000000000001,26.325421624951215,10.733209316267198,109.78231013559547,9.482379594300143,-21.814953713704117,11.288749031564016,0
103.9,28.945428794859282,12.307760548912071,51.68010530973918,1.0593325282147883,6.573283983638994,-17.60649066476612,0
104.0,32.48381807330823,12.21031944458348,49.91027782637985,0.8071915315127975,-8.129428699837192,13.214239332705096,0
104.10000000000001,33.48996760781038,12.028504116548046,54.144025207374156,0.11211266084777322,-13.888784468352695,-24.111758950966134,0
104.2,32.53538461538431,11.372307692307672,51.851538461538226,0.22738461538455518,30.73230769230715,3.9592307692351048,0
104.30000000000001,51.06139031738437,12.310921570264854,41.09385656866794,0.4395972484470406,-6.2976210824812835,-30.468672502188735,0
104.4,34.652103585369325,13.70936114900337,56.15068756521242,0.6572729900534443,21.110285183427962,24.590631879933113,0
104.5,27.623229618806242,12.201585176493037,47.27228924784535,1.0644225340203348,-0.10704195993194077,24.18476376861229,0
104.60000000000001,32.12266689691165,10.881816333502158,49.28592642016846,2.8374055023801645,-31.895226716162473,0.7754007405123231,0
104.7,22.863394920769988,18.522228710889998,48.90455448350103,4.583420662577996,-19.498597586329385,12.127178006254892,0
104.80000000000001,140.4447287799019,13.636943779187753,158.0064494854374,13.727821754426195,-28.157176679034997,8.84491242382243,0
104.9,32.0833167129126,12.021833274608667,52.19087584768067,0.44380236198452894,-28.80357077276067,0.14901294289253286,0
105.0,33.47733637566554,12.401065704515185,56.36906100072964,2.59374333813985,-31.20098795851558,-4.6466163538573495,0
105.10000000000001,26.799767441861476,9.190232558139908,42.26325581395502,0.11220930232558401,-13.745348837211782,-5.593023255809118,0
105.2,15.99120045586387,10.85408170363146,25.367155525856212,0.18907383275130762,11.66539167623056,-20.42271490903368,0
105.30000000000001,103.99416070980655,13.266115552283985,26.436085955298957,1.9942427015426354,-1.188771132664268,23.449835329289993,0
105.4,29.039605790958262,14.044275312753097,56.87562883881108,0.4354914276192604,22.582198655966994,-11.65948687787974,0
105.5,30.70323659190972,11.183810504563949,48.5250215837794,0.1965800595204819,16.87198350939603,25.323429539592077,0
105.60000000000001,31.02373134328387,10.807313432835898,50.049253731343676,2.210268656716071,-16.275522388053183,-5.559402985077503,0
105.7,14.196672824221892,10.333587322641204,36.25080757274025,0.1940211532934626,-5.155687729262771,-28.603273076686808,0
105.80000000000001,36.15547336886896,12.10656571334643,61.658936074592006,0.8446540699655302,-17.595507430422174,19.44435341274369,0
105.9,30.115337462134526,15.60345878919378,55.489971650610784,0.14016204323049752,-25.64791317255855,-15.7834581082892,0
106.0,34.71269290272426,12.93268118013852,56.53006778137256,0.7058167222678015,-28.597840651855496,3.5363377476979387,0
106.10000000000001,29.769285714286443,10.734285714285898,48.18500000000107,0.1308571428571415,10.14714285714894,15.432499999994779,0
106.2,33.15,20.14,64.9,0.095,-17.95,27.699999999999996,0
106.30000000000001,61.440605093105326,8.298522219190033,24.004764012405168,3.580729982136303,-5.1123439599128915,-24.332521213569287,0
106.4,22.59069816818633,7.655982310935693,34.54386474200709,0.15147482127847667,-21.322497905507227,7.058156068501518,0
106.5,29.429812527535464,13.018730999973934,53.23773020026295,0.9832081810025275,-17.217080551815215,23.529376850565427,0
106.60000000000001,33.57228915662618,16.8632530120474,58.86903614457704,0.20636144578312554,16.310120481925324,1.061204819281162,0
106.7,18.028435343243846,9.211528298856134,99.02318367291977,0.23091956092878857,27.38660623148716,15.113255423959908,0
106.80000000000001,13.974240633253572,9.631914160869705,18.634044967249334,7.898168302534932,-16.318182063142288,1.3420186096371585,0
106.9,31.46313482472545,12.24335003570113,48.9506028138498,0.3501234111726831,21.634123515237214,-7.851807752839285,0
107.0,32.89551423621608,11.578615834756016,52.91142265633058,0.23274605694010253,27.958228054749974,16.788785834400475,0
107.10000000000001,33.189491525423605,11.271525423728809,52.91101694915241,0.2463559322033795,31.41457627118593,3.6864406779675902,0
107.2,9.735078499745228,7.424309040621636,29.760785192325994,0.25583768680721297,18.293153750694295,16.334041643526668,0
107.30000000000001,19.54926557145888,8.715093529835103,17.948706877476955,10.476170865327108,2.321516352202254,-12.863188580228993,0
107.4,32.348203232719975,12.04618363057107,52.37835270176244,0.1651481436343928,-20.35429066776834,4.424196310377077,0
107.5,23.861574209293728,8.934584972843009,41.67246169582928,0.12081994380183765,-1.6659632720549489,13.44002591420617,0
107.60000000000001,36.85073349441306,17.829458049261305,65.07132239272373,0.14086406352736955,-6.096243818779082,1.1837756592563409,0
107.7,45.039411830670566,10.718570860560039,27.25102526929706,0.1590469328035852,-20.536938663206655,16.0781453409042,0
107.80000000000001,34.58499999999926,11.68785714285698,55.668571428570004,0.1394999999999975,-28.875714285696194,-12.58428571429147,0
107.9,35.737600538628556,11.94328202202994,53.84731934537099,0.30759286239442946,-1.3726776231895843,-32.353598205621566,0
108.0,32.533220632982946,11.531549165790599,54.13251894148703,1.2541977497017014,-24.33596678054308,-6.1923061935715324,0
108.10000000000001,32.1247191011235,11.323483146067387,51.55561797752783,0.2622808988763916,-7.609887640449176,30.134494382022538,0
108.2,29.523333333315108,15.933333333313596,54.46666666662321,0.13833333333333492,-7.726666666598106,14.973333333287876,0
108.30000000000001,19.887870068615793,10.586069519420013,30.61820602922185,12.829063806245456,-7.534219668845964,10.817527725606615,0
108.4,33.0142804522185,13.665693051607215,54.565316166896636,0.6780782937705995,25.665965868569508,20.76537752752168,0
108.5,34.16138812176094,12.115760224200976,54.300047021946305,1.5157416787130167,-8.094262929356198,-16.73537802340795,0
108.60000000000001,38.886377140528076,10.987140495992824,46.38119488137359,0.139235825826011,11.417636689388335,22.709274338042974,0
108.7,70.09718232473692,10.337779114142219,22.568444342170007,0.19939867048967858,25.58871255024,-13.521296852659539,0
108.80000000000001,22.101053737436253,16.44323621491045,137.28324994728254,0.24551686825289057,-17.486445664239124,-24.570309567637928,0
108.9,32.7564124870294,11.032252798646546,49.919204075955534,0.8425034137582946,-14.472621896377705,21.662382874815115,0
109.0,27.18866103239623,12.003556120273998,45.68970882102366,0.30653389379732787,18.287829219245857,-16.531338625998664,0
109.10000000000001,40.36626413142531,10.174391975147161,44.76122351551421,0.1250361084431157,-8.441171549326643,18.731905224994744,0
109.2,62.982731881150485,10.267623735518104,70.8329731776731,0.20527760451771468,16.26438509641244,-19.404173952764364,0
109.30000000000001,50.25575159475851,10.162923061915478,25.991588950961265,25.424093243615776,-5.446183144320912,9.097404301983033,0
109.4,21.75415764472602,10.980394468910973,38.90076133554925,1.6485613069167804,-13.917821355600786,3.4417367240238015,0
109.5,33.1,11.33,53.94,2.404,-32.73,-3.719999999999999,0
109.60000000000001,34.35023368487598,11.799341377838658,52.523103095277385,0.1197113484879768,-24.0592785629304,-16.234002258843127,0
109.7,24.36471969453245,12.722495074280818,34.66115079597145,0.2270897288174354,-3.776595113369096,7.89849577458534,0
109.80000000000001,22.77619811871372,12.579008630639084,37.837200365388675,1.4827705539647684,5.553378373858004,10.47636637337776,0
109.9,32.46151706946443,14.558903929115424,55.97832085302162,0.4416750895463716,28.424557589253137,-13.499988106331944,0
110.0,29.877877590513055,14.705481064694913,57.391839467577405,0.5899025777493376,24.355325983578126,17.06936403529984,0
110.10000000000001,30.626946004282672,11.067377647928474,49.67795263964181,0.2088288922340381,-19.670614580196478,-9.039567741841779,0
110.2,16.389648873666935,8.317028070582266,25.75781732434144,0.1540542986170242,9.356200904945823,16.190238710029636,0
110.30000000000001,86.11444397543968,12.76252296215558,37.012710349150254,4.856934811318537,-9.050073695587173,24.00201800567667,0
110.4,31.80033356505089,12.626549199227094,50.494661846006274,0.7449927618497029,3.5975173308064146,17.476897870235824,0
110.5,36.29,21.67,68.88,0.18700000000000028,-34.76,8.649999999999999,0
110.60000000000001,20.74939492424392,12.795023135974205,41.07696452102115,0.10495040552665148,-7.9849494949505235,19.50111111111094,0
110.7,16.048012638818772,39.717331351448486,21.963100146930266,3.417525657636214,-25.819999999999187,11.599999999993123,0
110.80000000000001,54.259598217228884,11.57555732523377,84.20008096463508,4.39267065773395,-19.423042360056797,18.337674135865086,0
110.9,27.967550214331727,14.567246355642014,54.200902623546064,0.6344743765070869,-10.158460060953779,22.957983282576542,0
111.0,32.157075535060386,12.318933682403754,51.012011328462386,0.6086253582110821,-9.705322216444987,17.421336799577254,0
111.10000000000001,18.77007014393346,8.336477839000553,28.209219365263646,0.17956505125244634,-6.363802816900549,-8.337323943661863,0
111.2,32.995319484007155,11.102465333265398,20.074803428730018,0.3500144836173612,12.879999999999999,-11.849999999999998,0
111.30000000000001,28.71264524620957,11.352441723566963,36.01340196617463,0.19322897373081988,19.399825776635765,-2.619015008851921,0
111.4,27.31025604202929,16.454480105374557,55.54315793169605,0.9481749464461383,3.951164600430559,-23.279810226379723,0
111.5,32.54905131543163,11.262774756611593,51.50040853416687,0.12536150595802684,17.962392491270073,-10.524764369412699,0
111.60000000000001,21.39462376366449,8.448107442034273,35.350078021384334,0.09266277185790993,2.446499999998207,-22.789166666666834,0
111.7,9.840011993481589,10.332883452740319,26.666278133936437,0.12246683426795199,-23.203500000002403,-25.20583333333356,0
111.80000000000001,35.528964968139356,11.735870089079796,52.54811291858712,2.1859444252315603,-34.88557907910222,-5.349683014793631,0
111.9,27.778204424332248,17.25298465825255,58.7057946032042,0.2987122950267132,-0.8875083466526212,-27.65873717087791,0
112.0,31.124432571885286,11.157143862862123,51.37584202202487,0.11802437688608586,6.497194568593354,21.665771952791253,0
112.10000000000001,28.344129786703768,11.049556038845306,47.45019925545361,0.14070791042719644,3.087796610171801,25.40864406779516,0
112.2,23.394387344823723,11.216822618338702,32.70988269816461,0.20708466664186972,24.509166666665948,-8.935000000004845,0
112.30000000000001,12.214407153606299,12.490212094551618,92.16584200403972,12.460510552931707,-6.356443753271451,18.706275755993012,0
112.4,31.66243699701441,12.372048967230592,52.207928114599184,0.7750038477449614,-16.91262584841555,17.351389892831993,0
112.5,31.767781825525468,10.829424730302291,51.10769957089692,0.11845260098916391,5.468292952322627,-18.91643000438758,0
112.60000000000001,32.76666666666651,11.139999999999242,51.096666666665655,0.2206666666669351,14.93666666680322,1.5466666665353905,0
112.7,137.2853619288597,12.466976631222765,135.88513556325708,0.21771232488451223,31.57074074073615,-4.514814814819574,0
112.80000000000001,32.290485759356734,10.905526454239583,49.155367496920185,0.16029038136311916,30.951324304905814,-8.391198634894343,0
112.9,31.930776508439713,14.218361549150128,54.70267385995956,0.330489864639121,-12.630994485394591,-19.059652735027363,0
113.0,17.22871422665056,11.679942562327469,42.135218436210025,0.7839082527133314,13.205663480398115,-9.083283748495118,0
113.10000000000001,22.46881582522558,8.400222366587641,37.968806850387274,0.16750347231285345,15.661428571431092,-14.163333333330577,0
113.2,43.01938223071862,10.740004895132193,31.082839436449575,0.13294639411226353,17.44666666664861,12.963333333343414,0
113.30000000000001,32.698839162127655,10.836024451998664,49.078946042912676,0.118517202652602,-31.12182407014135,9.635016752738476,0
113.4,33.617655817704005,13.700171815156374,53.60577053652163,0.6401673263096861,10.070976846158729,15.850049604666086,0
113.5,31.743007985717572,12.171492261216896,54.5294254813607,0.23042714185517332,-6.248217867983384,-30.84563804689626,0
113.60000000000001,31.339999999992862,10.78749999999619,51.109999999988275,0.14374999999976817,0.8074999999523857,-15.312500000158995,0
113.7,51.46692207114887,9.280066420276205,37.89569807035033,0.1487812469841685,18.949333333334362,-1.986000000032135,0
113.80000000000001,20.92601995203267,11.281204151395492,27.943640351336217,0.5202974547144391,17.17103833372725,18.50500598313576,0
113.9,33.81380035428869,13.058789045724941,52.28518477909112,0.7600482942055687,8.676692571012527,29.225608564458142,0
114.0,33.90898961175109,14.670232726671932,58.16920045138368,0.1936897400884776,4.603080508529512,-11.217054698958894,0
114.10000000000001,43.37314149887732,10.873989833209784,50.16530087487669,0.11566139639777659,31.09744186046482,-0.1944961240321268,0
114.2,87.18570749437414,8.369949166049633,37.86650437438696,0.18230698198886397,27.167209302325226,-15.13248062015639,0
114.30000000000001,31.91808950663441,10.783266561927372,49.427551273307756,0.17081247599662416,13.2491550439564,3.7864251450672226,0
114.4,33.476954487404164,12.871542059389128,53.81803691439193,0.24493003397528162,-6.372222934714528,-29.702326470781138,0
114.5,22.156357394361763,7.8274012269116575,38.28027298813365,0.15576903166325576,-17.870121649359746,12.949237942294278,0
114.60000000000001,24.877011035255293,10.509486339677519,43.92880912083485,0.13608590922824437,15.775199999996449,6.675066666665026,0
114.7,12.596284247781298,12.16135687689799,37.731921124048654,0.15949325241378895,-21.704800000000002,-10.651599999999998,0
114.80000000000001,33.686212682832995,12.461231948596735,51.40546656748869,3.2419353615883875,-30.021077184553064,21.317963919476856,0
114.9,33.402328205673626,13.620295186342275,55.08673719364732,1.2600743726586043,-0.2574667499302965,23.53412780546413,0
115.0,31.76,11.11,50.25,0.108,16.889999999999997,26.69,0
115.10000000000001,29.403476196345743,15.06346570081178,44.21067660175705,0.12719183156657327,8.662727272729622,-28.82727272727135,0
115.2,22.78703270023776,7.245309862374192,152.25200511232552,0.1563508887706636,21.9,5.419999999999998,0
115.30000000000001,31.448279449714853,12.059406927419548,29.799736407354604,0.1334971377036992,-26.841553490677924,-23.18827751770447,0
115.4,31.768877278031976,13.107725348731572,56.25550164378751,0.57861456529157,-20.335460359644063,-15.74456463338491,0
115.5,33.31901688452039,11.290828252037686,52.68755180075706,0.12541849549951534,-3.828543782212509,-16.278677287749147,0
115.60000000000001,46.317789112809265,16.160854711479008,48.42450284632142,0.14703270628435933,21.225223880596083,8.61231343282952,0
115.7,88.46260460614855,31.739202322013274,44.922996320024524,0.14713181623696336,15.180447761193458,-32.35037313433223,0
115.80000000000001,37.07610218159759,12.343967187463546,55.24647342058595,2.215518629397418,-34.998288874067214,-11.167738829547535,0
115.9,18.773410086150754,10.930588425836717,33.19714716052479,1.2725880496053559,-0.5877809281579083,14.759619801379284,0
116.0,33.8158343456337,11.746889512499001,53.54125275102628,0.16947881528428213,19.989004523319075,6.0738742971493025,0
116.10000000000001,29.35640994552892,13.762638612413031,47.246297312177994,0.26502352266075924,23.192647058820704,1.6322058823553345,0
116.2,15.740794583361573,17.7971637419362,46.25710249559453,0.16876550819705347,7.874444444480086,16.46888888886752,0
116.30000000000001,32.27982665694296,10.639323649492638,90.19513709737225,0.4264771937971402,12.48262663100386,-3.030760253364342,0
116.4,27.704897844398683,11.495713197084177,45.81792111549357,1.5699478902960897,-18.576214140253285,14.632713886847293,0
116.5,30.29110903184104,10.902117354123078,49.552988438855664,0.20040740311876648,-20.940905530449033,-10.815466205437055,0
116.60000000000001,36.36374813738112,12.18125411294472,55.16750515486972,0.13699699101865043,16.143267930926648,-28.74528455517253,0
116.7,25.412177459983166,90.94737480500123,90.79254731782751,42.279186148939,-24.267715332662924,-11.089496061224093,0
116.80000000000001,22.75687607490812,12.510300039544378,23.75320151772097,0.44498197013455565,27.774999999992716,-9.575000000019813,0
116.9,15.873156532280074,12.738481176988723,45.453111438989396,1.204659035572712,9.858134265176925,-12.404683720953313,0
117.0,21.18,7.16,32.89,0.15,5.309999999999999,-20.28,0
117.10000000000001,30.265519670086277,12.64159349586628,111.61791137599937,0.10989007813771826,16.635000000000545,16.039999999997217,0
117.2,23.896423629968254,14.146878734949057,230.61329336345744,0.186885569030626,22.834062499999213,-16.420624999996733,0
117.30000000000001,25.654653785230607,13.06097359263541,45.11486639861627,0.312729621675079,31.857491966304362,-6.175407578277898,0
117.4,58.789665000045936,25.427381470820713,115.34387708067018,2.3128214302968946,-56.325531662617934,-6.478751749944561,0
117.5,32.82,11.41,53.24,0.214,31.960000000000004,-3.41,0
117.60000000000001,32.14502445564133,13.700918795735541,54.16087662330842,0.13674401882837509,9.170532442072485,9.962484375359802,0
117.7,16.307458031580317,10.38202789408519,26.489107837362738,0.10876021893442378,-31.860000000000003,15.020000000000003,0
117.80000000000001,20.02234527092242,10.348052941516448,119.24794197200819,0.359990192053171,24.636818181813513,-18.70090909091313,0
117.9,34.45836406553663,13.39662391977011,54.15272766399547,0.7996682090988039,-24.080408812734138,-23.200275246662127,0
118.0,33.08,11.47,52.15,0.106,26.76,-19.16,0
118.10000000000001,33.20857837268325,11.322440162037955,52.15232057831355,0.12255289889598527,-26.05592126439881,19.86144536572179,0
118.2,22.77711299463541,11.33918208966798,24.334744235612682,0.1447856868105384,-14.36,-32.24,0
118.30000000000001,52.88940172370401,76.20802894326661,15.352022369427317,0.1824651705342839,-19.084999999986124,-18.25083333333498,0
118.4,30.705048340840808,12.778159611536978,49.580851019089046,0.8939402055662616,-8.567693026279358,23.81111729858196,0
118.5,28.754042790961137,18.659153486026668,70.2386125393649,1.0102781448151494,-16.73709404930046,22.747879551981033,0
118.60000000000001,33.3140948851792,11.181520207603848,51.8024083121114,0.11729761532817332,-22.824212586373243,-24.132081513526543,0
118.7,27.054873591370985,9.208072923237768,41.70862855624429,0.1620897115552245,-7.151441951551746,-1.2480696380125238,0
118.80000000000001,44.27841482137415,9.488423302812121,64.47551195847831,0.22648322140298682,-7.4658333333465094,-27.79666666666594,0
118.9,29.45396251686381,14.73674474562371,52.25632873424866,1.0485366350502938,-25.154274451124884,15.323130122069898,0
119.0,35.561999999998385,20.445999999995593,67.83799999999307,0.1400000000000554,-26.199999999973485,12.49499999998966,0
119.10000000000001,30.562418967262406,12.704312122472269,51.593390915886694,1.513007252909865,-29.265517201814237,-7.008317258654203,0
119.2,31.58778431292776,19.18130149411062,48.77989581007729,0.1681556060376084,-17.72136292901317,8.680506486037778,0
119.30000000000001,28.811291593330346,10.598758921737753,30.546195570268093,0.5882540698527134,-16.252962120554667,0.2982825809985279,0
119.4,31.2165426389657,12.486895483644236,49.481586822271666,1.0301327742433433,-20.108664663330515,19.165574222176456,0
119.5,32.18825820221056,11.029905436868564,50.253695956242524,0.14131020911287018,-20.825704255010933,-17.91489271587384,0
119.60000000000001,31.327085379179216,14.506630245850568,55.0603613031879,0.18291100023664486,16.59788040923951,8.05298471963944,0
119.7,18.737409117429806,253.45483592225392,24.439322874302817,0.192775462340236,20.443564956041982,-4.42176530098787,0
119.80000000000001,34.28967143997431,12.792064732834676,52.141305127772405,0.22889424219198867,33.71334757482542,9.000929327840721,0
119.9,29.26565345764443,12.663304277952756,54.541025915085264,0.8505067827031823,2.4659390130766283,20.994292213250425,0
120.0,32.22952336935984,11.669517881508147,48.77371694922193,0.1580760719542336,-22.750775195488202,-22.63573902924678,0
120.10000000000001,30.79996463653096,10.718257878365288,48.334246522833276,0.11251336285204895,-8.661088055854428,15.532267820163261,0
120.2,28.13624284094015,14.656494815301489,36.562300837790225,0.17002764670490975,15.605506544739182,28.610562832232834,0
120.30000000000001,20.564215492000546,33.156414801468095,123.04933840814779,0.19110952536929554,-6.097868279977825,-29.45056320750458,0
120.4,31.93378060227667,12.187062769739645,52.76033080618328,1.2516693205207283,-31.0380493736109,7.510372672138835,0
120.5,29.155575811212653,10.06973893600562,46.59793887273357,0.2541606200741063,-9.468348555408847,18.732907637210158,0
120.60000000000001,25.78549167655346,8.60555409379351,40.5152009265784,0.795828667325817,-7.905694308747956,-17.686215551727038,0
120.7,10.821295206800844,7.393540326115247,21.867773626280417,0.17793475044056195,19.57666666667257,6.006666666664234,0
120.80000000000001,32.80218837120986,12.361671388327874,54.24787035757988,0.1502803429221723,-26.02259538989743,-10.9790924692198,0
120.9,30.62816965013668,14.963166626953239,57.72067119263076,0.6899663930967452,9.179680325533617,23.73597380237172,0
121.0,30.456246919557525,13.360840001024243,55.125186134644835,0.8687875618185072,-19.183770116909834,7.167733003491186,0
121.10000000000001,27.966073780394627,9.880591290858055,45.15429418403462,0.1193499944056082,17.70795428982828,15.31381499282869,0
121.2,27.95743490712673,12.242350354027117,42.43624475821289,0.14148997198551513,24.343030153594633,1.7362518224896988,0
121.30000000000001,32.71405390449667,11.2204760251029,31.080183688389578,3.847921973362196,-6.2054643117456,2.6802731725192324,0
121.4,31.477748404678916,16.16765774391148,60.52931783104715,2.2525304058258993,-29.301526092394223,2.3625204022930486,0
121.5,33.06521236046161,13.539920955414798,57.902218132830924,0.49037058559802404,10.5297354745829,-16.0754348196146,0
121.60000000000001,35.78974712690359,12.312393907951659,57.09447192286924,0.12739412726662402,-9.519481282145955,14.685411869379925,0
121.7,32.182305787113265,12.082668243398754,53.16752339683249,0.17785959473890275,0.7016804676191057,-28.9004073254959,0
121.80000000000001,27.51576322258682,11.158798296688339,47.571806235590856,0.16032197519234248,11.164851163054664,-5.0854442891104945,0
121.9,11.568540978610269,8.824625917576165,32.81471438205554,1.1855695375509399,10.760295707846812,0.6760141602550025,0
122.0,30.9,10.85,50.01,0.122,30.69,-0.4499999999999993,0
122.10000000000001,32.76657610189937,15.879843434675454,57.47925724135103,0.15996524093596812,14.447547381215065,26.212701685643687,0
122.2,35.84487741236627,12.404108291272816,54.94735113539301,0.14730041654191672,7.533663916459321,24.84761609133193,0
122.30000000000001,44.532154910424225,13.13746360462876,84.16513703575333,0.340770550131743,24.87732683998589,-2.343232063162567,0
122.4,21.504533937950285,14.208163414040122,61.68491932572957,2.4329841195720316,-21.30246244339672,2.9386672603519837,0
122.5,30.39,10.71,48.76,0.131,-5.75,29.6,0
122.60000000000001,33.28918942561266,11.351967752490008,54.31665554892502,0.13744482053236964,-16.465896026142772,8.752283006298299,0
122.7,54.15938409449251,7.005380218099127,27.603875546413022,0.2380152411831302,12.685,30.04,0
122.80000000000001,18.84416771465876,11.650124076914816,23.302550103568535,0.6822760581562273,-10.652545450806354,10.867025523125461,0
122.9,28.177124162852092,14.069647258985697,48.61705019024115,0.7422043242495271,19.116125735233993,19.917352801554845,0
123.0,30.460226404389875,11.223477654928477,49.140852335741876,0.5957665173805824,-10.109911808711535,-25.59672795338308,0
123.10000000000001,35.00926362735301,11.921738509917347,55.0518267758178,0.1789270768211214,-6.037141099326744,-21.907533685905157,0
123.2,22.55786521468962,7.799989826266152,35.44561222727122,0.20381934884054337,3.970543517459821,0.7044678232744097,0
123.30000000000001,34.45200415959659,13.413162322385977,53.144264663733466,0.17910871406695641,-23.716835707979445,1.5233273623379375,0
123.4,31.463934205222714,13.970335494833387,56.70101292120679,0.36852386205898713,-5.517565008611729,-9.647064771492918,0
123.5,27.75607069606145,10.60661559488224,46.61638280700629,0.1410451799341709,-14.491657608709874,-23.44578442185295,0
123.60000000000001,32.88511189714116,11.168861372825434,51.59817847546484,0.4380108608465834,-13.800616665731514,2.625358075360144,0
123.7,47.872161266337194,11.01773264238495,43.06835410172737,0.13412548208659947,-6.130941239591705,-14.95907921887466,0
123.80000000000001,58.03081764105558,11.143222916710974,40.7275109144673,0.2230499539471904,-29.93655117632521,-3.3274155770054765,0
123.9,18.258946797192788,12.975115816762981,51.47279576227348,1.1990705493228144,-3.3703834742972543,10.178930671443448,0
124.0,34.16272727272651,11.637272727272522,54.5281818181803,0.0964545454545511,-28.80363636363568,-14.980909090896656,0
124.10000000000001,32.981149000886994,11.908189195610154,52.544373806097106,0.11015126665589671,-15.707681708141566,-23.69726888007994,0
124.2,49.27976103958171,35.54013570519191,20.295757093876208,0.1625725690477856,10.946666666681148,19.556666666652795,0
124.30000000000001,33.43907987112068,11.510262487580341,52.94256790430119,0.4612893599605221,-6.296826661448701,-0.6272031446109345,0
124.4,19.602748778025617,10.615081090618316,37.69721849209403,0.8141890190305494,-5.686415863090918,-18.759861947104483,0
124.5,30.01949955118189,12.74666562811133,51.025743489894545,1.0039223243491,-7.504132941138071,28.885886735216726,0
124.60000000000001,33.51725600149509,17.62424156337168,61.45601445947642,0.18130096620304448,-15.052341305155604,17.88020959832612,0
124.7,71.96405775127465,8.963961724263022,27.861128602641962,59.52995498166319,-33.815000000004105,-2.0850000000112168,0
124.80000000000001,71.08874473729529,16.134817450024663,42.286373497361396,0.35174543095863214,19.712064462168268,-13.389738943317848,0
124.9,26.13030465529334,10.67220540452036,45.54974209059373,0.28136166638360594,-16.500265773698594,10.697023277438348,0
125.0,33.74680277773485,12.821523847676719,56.78209952570864,0.26290215262141425,-4.319302814976018,-20.224301080247564,0
125.10000000000001,23.59047795287126,8.172174770999963,37.40606245539131,0.12266934414101069,3.132864515021838,12.097900088988686,0
125.2,68.18499463139702,50.94024696034959,22.608238539548573,0.14890963155379083,20.886973570493417,13.68707083932618,0
125.30000000000001,31.73248533896827,10.970991332624504,50.89395462128275,0.14043774860144267,15.262766170314249,-5.563178301246802,0
125.4,33.63544894804904,13.118616933156481,49.003518237054735,0.3442497981584096,25.75507430128807,-21.633758424020186,0
125.5,35.65496950618465,14.017872069645628,58.35788287839121,0.7565675956178086,-32.0435685486718,-14.403286144375077,0
125.60000000000001,33.65599999999888,11.502999999999654,53.410999999998765,2.624600000001318,-31.364000000007707,0.02099999998351265,0
125.7,52.63257895990503,9.701051092158218,63.19615936119159,0.18930499500764283,15.105454545434903,14.199090909104253,0
125.80000000000001,32.39362920333986,11.205813022591263,51.97029317378079,0.11528842129625924,18.84415150100649,-9.214138340361785,0
125.9,23.183712422359505,10.968226166960005,44.78511899147319,0.5923755824597438,22.50278945424168,4.671631930851033,0
126.0,28.27363747791073,16.712264534040308,56.75093159093976,1.002608999763408,-21.834306898663655,13.69849801812603,0
126.10000000000001,34.978819003159195,11.870082084181929,57.175090678431786,0.15344637489278268,-13.78211387619531,-21.260843183788243,0
126.2,39.19569678955216,12.252352748694218,55.742063735525946,2.075857596195039,-35.61864200509331,-6.033639522681485,0
126.30000000000001,32.569999999990735,11.07000000000077,55.60999999997689,0.15900000000044087,17.289999999972185,-27.130000000004248,0
126.4,17.108202159776155,9.272729795529763,31.182557333741,6.185591181764009,-17.00680686923132,-1.0112157253509162,0
126.5,30.809829561582976,15.746819632433922,62.74402010480933,0.23671478703729298,-23.084005822518535,-19.9849328672305,0
126.60000000000001,33.83488888888807,11.66111111111091,52.584444444443555,1.2094888888886077,-24.50755555554446,8.748222222226104,0
126.7,32.16163565930813,18.38297407724608,60.456604189125954,0.16938303232349616,22.339215660626284,-16.853037012574493,0
126.80000000000001,72.97409273311689,35.31162779313131,34.67635478686648,0.530415187131103,6.657999999993057,-25.39300000005638,0
126.9,26.79329450196829,14.990559397380295,52.60648719506359,1.1268869758377376,8.993313755680205,-20.194265179255574,0
127.0,19.160379995083197,9.598297470221391,33.2542858381122,0.5301373896120639,15.712943655892778,-0.7638640519820354,0
127.10000000000001,36.21749999999131,19.104999999980635,64.11499999996656,0.11174999999998401,-23.70500000001773,-20.769999999930295,0
127.2,24.382806714142095,12.908573460551919,23.573750065925463,0.19845400200596877,7.66415747492859,25.835509439586318,0
127.30000000000001,28.42970181451753,10.870264462486633,39.46509912692653,0.5540652764213239,19.336914268398,20.849050232462243,0
127.4,29.745328909974347,12.030352939494415,51.01864160503978,0.534536149758703,29.290411961762743,-3.8399756243623333,0
127.5,28.011796689998356,11.771337832465374,49.23631997029188,0.9277840078196831,14.667722199035818,-1.2017006014044642,0
127.60000000000001,32.46885699638356,11.323897267685718,51.81635824344354,0.1608081050230004,18.33267267177668,7.041494442550343,0
127.7,28.012216345893677,11.308545418618937,27.50427886260344,0.1686930149443089,-8.165573797523411,24.290905016704265,0
127.80000000000001,63.31018211844781,9.20123993096298,111.15848371355514,6.34334282367799,-12.25257148206386,7.057994995479568,0
127.9,29.619366378143663,14.499892580423626,55.59604445473123,0.8368123430933464,-18.208738418834017,16.03670179874114,0
128.0,30.095106343386796,10.378093138406506,48.24498003385821,1.163950839523218,8.481272213520285,-14.876677072052239,0
128.1,19.247406208484087,8.022611492986616,32.13452323818745,0.2740653259199427,-12.700000000002298,12.387499999998873,0
128.20000000000002,17.039245726351886,9.330080401517264,29.3977203862583,0.17834471066350463,6.315409916616829,21.06331487796425,0
128.3,33.72125940597694,11.37145297569857,53.29923725109849,0.1279648638544405,-20.505660080210255,26.32120026604388,0
128.4,31.5656358719827,13.893953140742274,56.1128290137457,0.8925191648311102,3.821290909361058,-14.666777321451317,0
128.5,33.8096860408867,13.795777849429331,57.34399192638588,0.6075822207847185,-5.078430849758505,32.96930721795163,0
128.6,32.4211336814824,11.224404678968456,51.73003842894721,0.1975102952724125,-2.1291405390524263,5.78947440006656,0
128.70000000000002,65.7607345794775,20.1772140692418,53.991655987316264,0.31750718896647473,21.977500000011545,13.464999999962366,0
128.8,19.453250736206865,10.45898348821767,24.411444442485305,0.4521579719709078,29.82,-3.469999999999999,0
128.9,32.74270709199991,13.660777583363235,56.476462721419175,0.1897976885847717,-17.87670504500403,-26.101501971035283,0
129.0,26.694649122692695,10.361481803222253,45.14055044594177,0.544211631529891,-6.946146207353835,-1.1712408165155068,0
129.1,34.12997541668251,12.19534363737909,53.951947283532306,0.1393260049282548,31.553177514822025,-9.232510237336813,0
129.20000000000002,13.559065111247373,10.162576636911524,56.30974725176482,4.704769478802588,-9.787692307752685,14.67538461531822,0
129.3,34.39257703159436,11.388871211120943,53.52627938224024,0.126138337402821,-8.369968962012596,-20.09271236527485,0
129.4,30.18843598492036,12.48666730875544,53.097391136945404,1.1648887167423867,-19.77705925449571,21.417718746983553,0
129.5,36.7349749907749,21.59017334375762,73.37555622435232,0.1542215150521586,20.87478055058953,23.16519163799378,0
129.6,27.24125729489942,10.401691906798364,40.6946738186399,0.11074646017056632,-12.37479999999896,-15.542400000003163,0
129.70000000000002,25.941431243556377,9.994917942766637,25.213865959754074,0.22121724696095238,-4.29294117643407,23.595882352948564,0
129.8,30.715451959305234,10.766522904366164,48.85337380833964,0.1875285485451635,27.995533077330702,-16.57007299714087,0
129.9,32.94287453682447,13.683454278002715,56.50676020835178,0.2607930721846374,4.4392746372682526,-32.46331142061516,0
130.0,35.71225667328378,12.094962325360129,54.31168208247648,0.14700302055431755,26.360430948445707,-23.797654381904778,0
130.1,30.655,12.885,52.1875,1.66025,-18.585,8.7,0
130.20000000000002,131.93802227090632,11.133767707580912,18.359816655925954,0.1633320595609433,1.3737500000055247,25.6487500000388,0
130.3,33.25993327920866,11.463583967538714,51.334675817267126,2.8054764042385063,-30.51321002179978,-5.985532823330226,0
130.4,32.169777829705,17.28390131786814,57.34201550304217,0.7463713667527845,1.024902161922963,5.399074177279129,0
130.5,35.299382181679086,14.116794744188576,54.08486991146296,0.14161516651132888,-20.94090849698233,-28.322811426667354,0
130.6,34.961937933278854,19.616050718860027,64.39160556435853,0.10409542170505032,27.636469855889874,21.115196137282723,0
130.70000000000002,21.333376727916054,13.288416204719972,146.62623993655612,0.16018758644624786,-15.553076923046765,-20.589230769194867,0
130.8,86.5075486195524,12.1489959931377,22.743403969186204,0.8490050836956717,-12.07,28.25,0
130.9,17.62043086320671,11.372732914849955,42.47388469472686,1.475698218713371,-1.933285368934584,-17.41394093312509,0
131.0,19.66841167429219,8.19096208454935,34.21312793134097,0.5242497668551098,18.743095324367168,5.655019228654259,0
131.1,33.863984668585665,12.005210734914348,54.009260822375936,0.6645536137746246,1.4018214495271124,24.569585221263544,0
131.20000000000002,21.273997087794918,14.983848842696515,33.039952792839365,0.21593360746618578,32.30666666666671,-2.0033333333359993,0
131.3,53.08030446255182,15.22016870747101,44.69031646730678,8.34942487353953,-19.081939347224576,15.074157540511466,0
131.4,30.67508538504257,12.056036401222395,49.89115934380955,0.5167652121430869,27.345051504383346,3.6260463753871974,0
131.5,31.45539973737872,19.007334813088647,65.8768259411552,0.7166453809620786,-21.52725045142859,-20.46968800773955,0
131.6,33.96207612731176,11.854247578255208,54.437497371607606,0.11818330253492981,31.338863054715052,12.549894021434197,0
131.70000000000002,36.23965009553448,7.318817882418379,115.5078197721663,0.16871601893276678,-7.479545454555195,-0.8009090908927128,0
131.8,21.506032517512836,9.509356105378355,65.74136029547694,10.293873223251225,-2.050098306216679,4.182644139545406,0
131.9,20.393977212229956,16.259719573094355,57.42763260916549,2.187676835473782,-18.542789825614214,2.4834187026955394,0
132.0,31.066289573033487,15.614825575549823,61.4409683769915,0.5906942799824146,14.02501770163942,14.330329488796187,0
132.1,28.010260221949235,10.323813176177644,45.03995473347683,0.4826287953257776,3.374272670281357,20.871052563482756,0
132.20000000000002,72.2277978171384,12.350311543542892,38.03905206400519,0.12483181220420186,20.20952380951536,-24.992380952383183,0
132.3,21.99544551241283,40.25744501580658,43.40204816611028,0.4485527890488156,14.564632720469513,28.43551953175269,0
132.4,31.866423023185998,12.744502372832056,53.15293569337353,0.8823157554968412,-14.519993597241426,27.923293023917623,0
132.5,37.27731733362052,12.650757374776767,56.13205746226407,0.1401624213208942,-31.332671236530857,9.299399034441368,0
132.6,31.48650095434842,11.155796560706607,50.55295504815684,0.13856772371417211,-5.723012717792873,27.30630677060552,0
132.70000000000002,83.4743994721772,35.631242674868886,57.41535769611938,0.11787443871715919,-30.309999999852288,-15.469999999961775,0
132.8,26.752669270920915,9.559953489650916,43.513077023702415,1.279749234161685,6.644059053140392,10.310263405301756,0
132.9,27.935235939602705,12.523370558722556,53.12569051219597,2.8343521744701934,-27.628177817652663,-3.3777552345719446,0
133.0,34.528086806883586,13.295194482625465,54.96088898832147,0.5468483128394336,33.97569755300109,4.634179990369571,0
133.1,32.10744253222372,16.66863540498168,60.26611285727936,0.1455727698600776,29.215493768116687,-3.557570357252221,0
133.20000000000002,9.999735320137455,15.616739722764537,151.44316528224448,0.1399523658795345,-27.962352941162795,9.761176470576403,0
133.3,10.158520093425848,10.344333834751017,17.211054045515493,0.6269412562090211,26.998306779485464,9.72995312634234,0
133.4,14.439490867127484,9.412327069037271,35.741089090048234,1.8941828515332237,2.335096846553691,-6.839708213591567,0
133.5,30.451263639226,12.412297168953987,53.05164211009676,1.1019967811847238,10.596702823157578,1.5410867506537256,0
133.6,31.909070116252334,11.280832346848287,51.814384437560676,0.8552552714311683,11.875393968685895,-4.053104545635588,0
133.70000000000002,18.990996287370805,23.471442067104523,21.382442631129763,0.14622299758508941,22.387999999992275,-25.44600000000975,0
133.8,27.99366185842173,13.49363049050324,127.51020623526286,0.6492868711550099,-1.401064605155017,11.962254673838075,0
133.9,32.40091995432488,14.052555929564964,55.29107071739291,0.5881664509240696,28.103368524010346,12.730006190245025,0
134.0,34.50056800145619,12.493594630392126,54.902644210990495,0.24703355407971395,30.74107579805281,5.2373205337887185,0
134.1,44.5949314746686,10.775560769063123,41.98466063433386,0.10796972394215539,26.367272727273832,10.149090909089438,0
134.20000000000002,31.811658705650807,10.848505121535359,40.53847693013547,0.16833929896604313,25.749999999996753,-17.91000000000622,0
134.3,20.79342349235601,7.91170940404027,13.087435793033375,0.7351544119040294,-12.778333333336263,14.622500000011023,0
134.4,33.89318277252778,12.199945440325221,55.81687378269016,0.17736156135156134,23.300231751828836,-22.11512834682405,0
134.5,29.43409750912423,13.295945539224773,52.146112967725855,0.4393752749405309,28.496810812934836,-6.572231252777891,0
134.6,32.14499999999208,14.840000000026858,55.64500000002526,0.28100000000029135,4.735000000011262,-1.474999999781403,0
134.70000000000002,40.86382881562851,8.272749247221311,112.21456910476478,0.1123761376829134,-15.624545454457678,-14.328181818185117,0
134.8,18.78029252049324,13.599404161239276,99.63466624224807,6.596578556743586,-31.42999999999966,-6.466666666663388,0
134.9,29.859937188469843,11.676344178416763,49.638711457036464,0.27806120728048034,-2.7147098847248508,29.376735301464755,0
135.0,25.38383669231074,9.812710181358018,42.185506500805985,0.6640954037306495,-23.876637493832256,-0.3008879267433482,0
135.1,33.11012355392233,11.029366859086094,51.458300241028866,0.2322830314637874,-20.95819191203434,-17.062568987410142,0
135.20000000000002,75.75609429278151,11.470368974058262,26.960731856683903,0.1993743967839225,1.2069544376403094,-30.52565037825257,0
135.3,78.17235898743263,10.788476084049389,25.137170551691444,0.1651484265168382,-10.169999999999995,-32.69,0
135.4,33.421611566032716,11.845544788802073,53.076792558489025,0.12994421789806154,5.7326562084569295,32.836660495173255,0
135.5,24.161165266552413,8.60730340269826,37.90933516938975,0.1330685293132776,15.730861582773203,-2.9136227543651945,0
135.6,26.419111195280482,10.050793014318007,60.50534464555035,0.19037628604448534,26.64258620689674,-7.163275862068648,0
135.70000000000002,10.659267911522102,8.665733047494435,119.22612489054748,0.20205948383311836,8.149999999963885,-26.47142857141707,0
135.8,18.064041600971503,11.85398460209787,22.393548185759318,0.5646617058528216,6.632000000035916,15.746000000028964,0
135.9,31.801626072101435,14.590255838973922,57.74641576887626,0.40530904552913866,18.795452671443766,1.1911227285792547,0
136.0,21.387898189137296,10.712832768444223,39.586251301203376,0.5269390277082185,4.57105234373093,11.358762160696429,0
136.1,29.803821614813852,10.562122826458443,47.9452155232687,0.160101791188889,-2.7327083333337074,-30.1255208333334,0
136.20000000000002,18.168870277357648,27.35594996616435,26.268874897076635,0.13139926347304073,2.550434782637737,-29.5991304347785,0
136.3,27.215652217987493,28.409759275659628,33.398254953072396,0.7445274791960004,4.602020308326896,27.636686917417634,0
136.4,30.067391798647396,10.491931126690371,47.16197487690551,2.4857607596484614,-28.604223138136035,-3.729791652062948,0
136.5,28.152212697066304,9.73964761583554,44.150901511472405,0.17386456317357696,14.688106691539858,-23.100568296828815,0
136.6,31.331952302567057,11.568038266567918,48.64847671916855,0.1377056848776945,-28.582476190476736,12.692476190475595,0
136.70000000000002,18.597111603645054,13.564184110774148,25.923267289623396,0.13493344592455742,7.700000000058493,29.673999999999385,0
136.8,22.180508957642303,13.614625597495433,24.199927972780507,7.137506830364426,-13.530833333383935,9.738833333363754,0
136.9,35.58023858183909,12.15105971694762,56.25472812700244,0.1828643089694709,-20.929078851582517,-28.541671342281276,0
137.0,27.13069625007313,10.624869543279125,44.65450475348505,0.5078808323896975,8.864088925518008,23.609293521562645,0
137.1,31.74416727744956,11.347927286390663,52.97679103428621,0.12959321057232565,-26.69459459460032,-13.393243243241324,0
137.20000000000002,16.56824813797339,12.324897135177537,18.4966914151831,0.3806288835986101,17.143243243251433,-28.095945945948692,0
137.3,24.383801423679763,13.33602562148143,61.86447654939748,0.4604151223866664,23.1,-17.58,0
137.4,25.326450862388587,14.558106276180638,55.272167656392654,0.873507684985171,23.423157148505094,5.7617349338034005,0
137.5,33.207836724283396,11.517722873120753,51.919087089164215,0.27163686964761335,-29.673620900374804,11.571216987504814,0
137.6,47.95884147701222,11.839638002877265,50.359731632765104,0.2636514482647403,28.907818181822297,-3.068727272721982,0
137.70000000000002,111.94541064291334,12.798842940327924,20.216735309755258,0.16050250192955348,8.315333333345784,-16.46533333326772,0
137.8,23.78557460447524,15.816532171592026,31.424665960408987,0.7179085299703412,1.453052028309748,-30.31726134624351,0
137.9,14.731426693006174,12.077102244408138,38.56834737066525,1.7705615255463516,5.186798707774894,13.788110421048785,0
138.0,35.72478772800425,13.259829870152124,56.40187911445816,0.21410503981287915,-30.874466849634885,-17.34813431182631,0
138.1,26.441340343124253,10.901536743204096,46.40732223740448,0.1023248099654426,-11.655585585591988,-15.093063063069568,0
138.20000000000002,11.273416177852521,12.009857602181288,73.44220836302907,0.19324701038043152,25.119655172415914,20.89896551724117,0
138.3,16.215331712934194,12.784689532945105,19.81695316548405,0.5207295094533083,-23.098598214567588,-20.74892977093389,0
138.4,33.30151787514663,11.804981303707063,52.92821296403964,0.1283139610147489,-5.739501882552165,14.612085508341071,0
138.5,34.158344358712526,12.31347611230815,51.84065085708054,1.8195206773563963,-9.18398273688248,-9.235348744517601,0
138.6,29.313754413953934,10.75764113958887,47.77388185874985,0.11405929801823991,-16.292142857142835,21.89642857142623,0
138.70000000000002,17.496385082942304,9.057077438797643,30.457766907336143,0.12977053215520026,6.190000000034722,13.402500000069388,0
138.8,16.296321979465354,11.31329138300394,20.46696305394208,6.573531558453771,-17.54142857141514,-13.285714285721618,0
138.9,29.112500336102478,11.492392238056945,46.76798462783846,0.16133138179379325,3.6589037136811045,23.02600730885971,0
139.0,34.132967300762694,15.298626123305258,62.43740375140149,0.307570474453285,9.284782269303847,-31.979101756684653,0
139.1,30.975011873300836,10.268929084503036,47.80787138785797,0.12091421141745054,-28.042558856552503,-7.80009819666262,0
139.20000000000002,16.703098036853618,11.138379741570617,23.238191869277607,0.23526519447699532,-8.68146291058052,27.95680473734749,0
139.3,77.03764487005853,35.63499994898608,42.815203879279935,0.1293227557815916,-27.610000000000003,-14.85,0
139.4,32.433821554729235,18.31895754213894,61.08307466253095,0.4808248112820608,-20.18358440469627,-2.0133337387185932,0
139.5,36.55270573617951,12.558195298615544,56.086501085583606,0.2502871713296224,-3.624882761017254,-29.318409300849844,0
139.6,29.749174416857493,8.079056128948354,34.2386282296703,0.1134322448612601,-15.657545472892462,-10.823075311335916,0
139.70000000000002,29.091616989337602,10.451916372675136,13.462529453050967,0.16433434418138088,28.378920930353694,-13.277134523199345,0
139.8,18.690688060994802,35.18113899993461,25.86134916592911,2.245566435018368,-23.912653574655145,9.69211246927156,0
139.9,27.953432062560758,13.770979434180415,55.422035475776575,0.494594055582423,8.581137319992516,-24.19237847807526,0
140.0,32.88152249713488,16.66220903349615,59.1509002525773,0.2345683743397558,13.78774534084108,-28.820085543260195,0
140.1,34.84999999999931,11.819999999999787,55.699999999999164,0.9589999999987593,-14.699999999971467,-14.405000000027592,0
140.20000000000002,16.52285758630515,12.173370068626113,48.18437870528915,0.26831845677997074,23.118318615901828,19.647833024511772,0
140.3,23.186734251306486,10.262107084495392,16.53682669597813,0.495331700358446,27.665999999991225,-3.281999999965678,0
140.4,31.14633801298536,11.325632304450941,50.83256893009591,2.368777218658832,-22.355920006824032,-3.8649666880128084,0
140.5,25.684736782454404,10.057587460736128,41.25241122656625,0.9417944448472042,-4.170831415411794,4.274731067704581,0
140.6,19.03750777016991,7.920486509731157,46.50684993379873,0.16802181462582622,18.641279059118638,-14.968529162401778,0
140.70000000000002,12.625046621012165,10.82291905839024,112.84109960286781,0.1831308877549745,11.947674354704215,-80.36117497448501,0
140.8,27.511648271810895,7.145067182083084,99.34912968082651,20.636872427809188,-28.731301006222623,12.202382627419135,0
140.9,33.805883986719046,11.936061089587685,53.46930792993372,0.1552172391888233,17.001581559404116,4.355322849560443,0
141.0,34.476920948995364,11.808060415635929,54.858942539832036,2.087826201641892,-33.25325718065219,-8.565233209951813,0
141.1,37.6871402790867,10.637326759782319,42.16686018935549,0.11084372961812974,27.106139482367674,5.462649004482392,0
141.20000000000002,21.892136108812196,12.467335069442669,16.160351214279217,0.27368194423492276,-2.6748812407271885,-19.44309628952415,0
141.3,19.123949317950864,14.042212518786181,36.8202479255066,9.488086411329324,-27.157703671394422,-10.560405549318583,0
141.4,31.95109060246553,12.674468738860279,51.41395932854799,0.6175454005407491,-1.7297469752074424,-1.4515522994669894,0
141.5,19.099330299063396,9.509340147528997,36.29396874892492,0.30353800146939247,7.497420090036869,-17.45341725278803,0
141.6,34.8533594886181,13.909808526361795,65.5419614856499,0.13148488699740601,32.19662119147961,10.674203047666238,0
141.70000000000002,19.641435751139177,20.079894424324745,38.317681428996494,0.1815828947167266,17.37865705743452,-7.216128804578229,0
141.8,23.253285468731338,11.638900611338116,75.5251084312911,0.9015880799271984,4.426958165302345,19.50401792948883,0
141.9,29.492922622137677,10.605234119216853,48.341603364975086,0.11988654264055068,1.871826085602443,27.816504384019296,0
142.0,31.42872791545166,11.731960247421064,50.984372833521824,0.30371772738721414,27.694977432446677,14.514723910452316,0
142.1,35.09755984283622,11.785313141675168,53.352542146920925,1.5459884249040248,-9.728559567860554,-1.9580283978798736,0
142.20000000000002,53.886396298929824,9.097241471825047,32.97313041528471,0.18255877037236218,16.306003560969092,-7.7784221746113715,0
142.3,10.794690291654854,12.4678319673542,45.048259199971426,5.697882638590871,-9.345045118568194,2.3121062725610644,0
142.4,30.52346228744162,11.749399675657848,50.41693799130635,0.395298753256406,9.70816926183304,19.7493480009407,0
142.5,36.287516738899136,12.572936463416955,58.12413644998496,0.1831795349748015,29.77486894465017,-8.466968224716062,0
142.6,26.476666666658623,9.016666666663362,41.89333333331791,0.1979999999998484,-4.2400000000486315,13.723333333331777,0
142.70000000000002,33.956817105877924,16.064975100570862,62.65833153545788,0.1524578944790025,-14.790077530555104,-30.449045473991724,0
142.8,35.401932961904556,12.149967427089784,55.06410330562383,0.21994415690268826,34.28860147240476,6.480531738902374,0
142.9,28.652737304209214,13.357965379899836,55.188786248839314,0.722571339395127,-4.7421751654219015,-14.98539564895997,0
143.0,34.29818022149324,14.198848144104915,57.780316114775545,0.44203327645394885,-18.746693067200958,0.42036189090948994,0
143.1,24.7204162669063,9.327270912215816,38.898188581628254,0.10517046241223012,-18.267404827351026,9.920291576448893,0
143.20000000000002,58.675872351387,7.767339626229044,59.46829419822406,0.16883666505479586,-23.166213594050323,-17.1673069698066,0
143.3,26.32031111965001,15.70358743983137,268.09759649699936,0.8928288026914561,7.408259132260351,-22.36993848504346,0
143.4,30.279865838369133,11.611740959216908,51.04624156157184,0.6384763819564585,-18.94021081522471,23.00592582377834,0
143.5,24.16509461674001,8.147904844587297,37.97378408344077,0.16855890305895932,-7.152423879372559,-10.126592373753493,0
143.6,29.618416519582745,10.131849606421822,46.85185230599954,0.13013566982433616,21.191104588590587,-2.844272594691901,0
143.70000000000002,21.06457350469339,9.836710743702312,30.569242233213956,0.2366492102933937,-37.777981345983456,-18.179636206489807,0
143.8,39.98147152534516,14.392259617572002,135.9737747980824,22.109467065894695,-0.35375460142268356,-0.7679271138345776,0
143.9,33.06822192822389,11.383807094995872,51.59904666681387,0.11026153987989368,18.219329299822885,-27.518861852719017,0
144.0,31.331788220704592,13.109624038293097,54.431042467405966,0.3114069764619166,23.60654061460321,-19.60973132831375,0
144.1,30.669411764697855,10.416470588232569,48.8052941176355,0.5820000000023176,17.32941176466249,-15.384117647041894,0
144.20000000000002,14.402268151893221,11.143281053601571,57.118803475824315,0.2604467427252967,6.391746383609824,-26.354709056269485,0
144.3,26.5099579059516,12.541507861418562,145.9067992173492,0.44881505001863836,21.756240688344295,-16.899707249078535,0
144.4,27.556810345910097,16.525879335944413,51.05873237296187,1.4292472430278966,-24.647104202468974,-10.907215285189693,0
144.5,30.366945326713843,12.338184202806227,52.47830388820436,0.24938801271011557,-0.20046045236815013,-30.045001934827017,0
144.6,20.489092739467782,7.281832311161255,33.20459938088978,0.18288502790924543,-8.738127505415356,17.03174049100561,0
144.70000000000002,12.37908759841375,22.233759346933592,23.123202701604946,0.24152725175578552,18.689460701307766,-5.107159955067491,0
144.8,55.74796379403714,12.061579584773991,68.72731873563097,2.143068870611294,-1.0193382472466155,28.63400100497415,0
144.9,28.442905031735727,10.456270488251805,46.50895398993226,0.40630462310970983,26.225183326421437,-3.1475855480520227,0
145.0,34.57320979755489,13.687129493586529,60.76949728216218,0.2011315630514656,-24.628036659480777,-20.25625834922475,0
145.1,34.38789473684057,17.10526315789087,62.210526315783234,0.11147368421052395,-3.4305263157708943,-6.816842105244099,0
145.20000000000002,10.599055765804994,26.376466377524018,120.05221198095086,0.2204623340888974,-54.126732403586416,9.842575193743343,0
145.3,18.592140084759652,12.379183310429266,26.080747133807108,2.0096159275158696,-2.76433323628072,13.608716299877457,0
145.4,24.394430851685534,10.45390816709217,41.68587216714302,0.7121404088770457,-8.150062458020221,-19.21356512336135,0
145.5,27.505411358659813,12.022544694441681,50.608787944614654,0.27087348067962447,-13.356732449262335,-17.37875638414849,0
145.6,33.57571428571354,15.977142857140603,58.79399999999595,0.13068571428570303,22.128000000001403,3.1834285714182826,0
145.70000000000002,46.88625270807165,11.627099975174978,38.29381684233842,0.19648507349506159,18.763292214384077,-27.386040501607734,0
145.8,37.0542405110941,10.934615024040308,59.572669136311774,24.94856293842124,-4.811172590462892,5.89155374439094,0
145.9,26.428263794447588,16.59586611437163,65.46792057940958,0.8051651794283088,26.148120810548548,-3.8376665864896644,0
146.0,33.83036683468784,12.737092972450284,54.897598784532434,0.8680258573601769,-28.36112789229656,2.1202841984490597,0
146.1,32.15661664499392,12.458856964379063,51.53916529947687,0.2564049513664296,8.08651178667559,-29.03479150659008,0
146.20000000000002,24.676373722672253,31.007953841129623,19.85280492112025,0.2505123763859744,17.800212063387868,16.01398141938134,0
146.3,22.767856391676265,17.899427277748106,147.59734843019206,0.23497404262531632,-26.815991541588534,-15.337115532442558,0
146.4,34.40789092101595,11.67049465044642,54.70189130774467,0.14862279896812303,-25.186020801320026,-23.252123345679014,0
146.5,31.687660289044224,10.603549753123971,50.742462102137324,0.13079764602593277,4.827567666843606,-27.247836653337483,0
146.6,31.049940948228343,10.78289948226536,50.66962110230607,1.446051470205598,-5.973575765386548,-16.602906012133822,0
146.70000000000002,13.26425718730909,17.03284115109078,20.775718849694996,0.31131227193428995,-14.75156832347606,-1.5788787255172458,0
146.8,18.843514540478516,82.9099937624434,62.514683461387065,11.070630424171487,-2.0000884177102307,11.074643455799158,0
146.9,28.18108589018297,14.04142145693356,56.72454354705569,1.0488069168156922,-22.966329436046497,16.331565933614378,0
147.0,33.48472819337145,13.80406530612518,56.4402929881352,0.2644919840928744,2.7258658178997854,-29.654206523403086,0
147.1,34.485185290870724,11.706856791313475,54.65066778218347,0.44894152801309795,-31.819399487003338,-4.69172245233648,0
147.20000000000002,89.19055784487689,9.5425268361405,32.73851654797353,0.212242290354037,12.054275020757874,-20.8839673647317,0
147.3,61.845972315718804,10.294351977375166,31.297173349743375,0.6635564812643149,22.21842262422717,11.034586092121481,0
147.4,20.283602387588935,10.504461098759721,37.47629714640991,0.8838444237961808,-2.790492084935922,6.6202667312905366,0
147.5,33.24570328147798,12.370236114447973,49.94779196922735,0.22187672452634366,-4.145477475482032,-22.513787869615523,0
147.6,31.528000000002343,12.72400000000733,53.040000000012846,0.17759999999994164,-0.8260000000233276,-19.485999999960505,0
147.70000000000002,16.085465966674473,18.591570328562693,25.915506780659808,0.18587646636329802,11.497311185345993,-27.456855455740143,0
147.8,34.26851811674248,11.2724976095638,51.21640612794002,0.14331822936856026,-20.97880120937546,-25.098083783260723,0
147.9,29.12446539011742,12.473641881228055,52.44654830261563,0.87686261643495,-4.220660469159821,28.81698731760423,0
148.0,25.97067834647967,9.80838525932365,44.145637065024076,0.2360556645060158,6.6534153862060315,24.82769275326569,0
148.1,33.13502434056904,12.098681889893271,54.68395130020326,0.16316547457351335,15.37282744654155,-29.191152763164734,0
148.20000000000002,32.39636278508297,10.700585305855475,49.14437808706516,0.12057781048705099,-30.882990185117688,-9.376750887124924,0
148.3,14.513691225683237,32.21958606701361,26.921929982312854,0.2839215358099192,-6.492668325829708,-20.92284637780667,0
148.4,32.697068534847595,12.523341576249386,52.43356621852949,0.345067107048786,30.87211075080332,9.078303805704323,0
148.5,24.550064282965263,10.204769818805069,42.42678593511659,1.4639302044139204,-5.359432141324891,-3.065507467257902,0
148.6,33.400182252722,19.798042953729684,63.02579520560742,0.09539931809845778,25.1893804153116,-18.4086394349667,0
148.70000000000002,22.603501386873482,12.353176524593575,87.9536515384137,0.20744002644344278,22.82774065653343,3.2782525209826296,0
148.8,26.075125748956335,17.777579262529233,317.751268913239,3.2518515746216874,15.842859030027261,13.66240066104713,0
148.9,31.530677180654596,11.637453166638723,50.27196696441492,0.4627963238474144,20.258787757746873,8.755000311096646,0
149.0,22.38098139663785,11.806262381088565,46.918685750286194,1.0811948983057993,-16.967446968769536,14.27855042404282,0
149.1,28.91266808564652,10.872661000957422,48.35912441875236,0.15947234353665413,9.34083007646646,22.386739925863807,0
149.20000000000002,36.01832398140244,10.18739442362314,27.401277388268507,0.19933749500202116,15.221453931246321,-22.55603726393862,0
149.3,48.40488403801217,10.567849165344162,79.42187373361084,15.07750095474375,-3.877655047510494,17.5823799432413,0
149.4,21.405168322535882,7.226331159259011,33.96828572322258,0.13713445729461038,-3.552219489556479,6.850417091742635,0
149.5,28.930649550768084,19.970001121012405,66.37424463497041,1.0845811996290406,-18.838359310977886,21.388760558381662,0
149.6,34.15290601335456,12.248517108666661,56.21947457482137,0.15258597959344963,-14.180441909109806,26.70218896843344,0
149.70000000000002,20.929442166533498,9.519865618431261,18.378340938713148,0.28645586393398265,14.133319199684045,11.666898271874373,0
149.8,60.550354702365375,10.854219402341375,37.727757572517056,2.669401420366377,2.2028257759186474,12.576660626496604,0
149.9,24.201098463046325,9.285350817030986,42.147703614727966,0.22580607747967632,-6.478691483574538,-0.34316064718442973,0
150.0,31.222213461512766,13.157546519590696,54.32395498318167,0.4088165899975547,-1.1243322980849246,-3.8730236760150056,0
150.1,36.87169858379628,12.818810772354595,57.82878016199981,0.13725623364887032,-6.722672584664229,36.13408917226024,0
150.20000000000002,21.000536249360508,8.7899330488253,21.53532218221727,0.32050564748311916,18.296698136927017,12.917400485624059,0
150.3,34.66855770697285,11.627022047472785,54.50289574295069,0.14887921217169567,33.69689918738108,-7.321424825468277,0
150.4,33.18740667227649,14.536912526102533,55.80236428145388,0.5058762278862171,16.390709758081798,9.031103971456801,0
150.5,35.24417702052188,13.601927905351156,54.05568848331225,0.8246037615684403,-14.15668761708615,31.57476924536611,0
150.6,31.804697976764878,11.242559331017157,50.706220811661844,0.12862693358333413,24.3191214365458,19.439412116991388,0
150.70000000000002,25.74391096904239,12.305099606694208,52.95137553810273,1.201051279094304,13.515782821353987,18.107536028584406,0
150.8,20.359587771981488,10.93485663021576,28.420450241970357,0.4202691773014521,39.08942922252243,4.446202581418035,0
150.9,29.22266718674019,11.103381484095273,46.37970538893566,0.35460092741449434,20.20397696912837,-13.176225934848475,0
151.0,34.84178616585908,13.250775956618154,53.414188852125946,1.6989385835412747,-2.10653921582513,14.16429788360744,0
151.1,31.2025,10.8875,49.905,2.28275,-19.8675,4.66,0
151.20000000000002,62.61468896349824,10.001277248939875,29.679783883291556,0.1721658017077052,1.9554108657039713,-3.36744522815464,0
151.3,34.46553994534713,11.834585000220567,53.58065702982653,0.10316418693638837,0.35342943169002616,-10.182023054957895,0
151.4,27.579294405443342,16.53650710526724,60.78033967208595,0.9224667684023526,-11.1572191845932,25.221695562546902,0
151.5,31.139211707927473,11.777663963474282,49.40631701715513,0.42852136862522283,-0.3893629381687873,21.44191092307088,0
151.6,34.541743742789215,11.704995666849126,53.923543096417774,0.9705956763174799,-29.131767970057567,-16.93424428474831,0
151.70000000000002,13.230635114331038,11.575543746667995,30.11865897502295,4.082592293663184,-5.029797146665732,34.92831616123053,0
151.8,30.29,10.67,49.65,0.388,27.57,6.330000000000002,0
151.9,33.18249639233097,13.618177892738533,55.45544841676485,2.0547523279616087,-28.477644305425954,-9.22102274114891,0
152.0,34.57903306497524,11.938928667648069,54.026631917329,0.3978175486831146,13.040718503700436,11.574994316318056,0
152.1,32.82653773130013,11.457587084924029,52.313245843939065,0.10914010637505947,-22.325283931230274,-16.423409536044545,0
152.20000000000002,72.07521449818672,10.239743689944085,43.909406679891816,11.307887865740959,-15.304214037364876,15.200692326319452,0
152.3,60.304326918663534,10.804809210950173,39.754698268818515,0.5999940353687755,19.39199397827374,153.52377577078047,0
152.4,28.743026564108767,14.011582714745094,53.97648263222236,1.3168001577766038,-21.160569000840432,-12.48329725128765,0
152.5,24.561915156568364,12.638406054569263,48.25184872024339,0.7926124205537182,-1.6144743849930734,14.905402102471834,0
152.6,30.60809438844489,10.624077881142039,48.52200044555359,0.17601516123369576,22.41410016871795,20.417688866508776,0
152.70000000000002,81.67084479100276,18.115869767374683,134.28719213570918,5.393784058851962,4.16632113102515,-9.997429764486645,0
152.8,31.524000000001216,11.142000000000012,50.94200000000172,0.10940000000001364,-6.728000000017326,19.533999999935276,0
152.9,33.55794181188283,15.35465981765975,58.76092512157371,0.7858746205534942,10.847777812344573,30.74597533314474,0
153.0,20.054945905462315,11.153586739075054,41.28728273742751,0.6346616425792185,14.212285597787126,13.300395400476305,0
153.1,26.627546881145946,9.28264575792079,42.96717133725544,0.13836094737157278,1.2590055259265647,0.6301012155358698,0
153.20000000000002,18.232004576864924,9.24529442389273,82.1632749273813,0.2147704523617608,-0.101274833272889,81.84768653930333,0
153.3,24.46043603567073,11.347766137434725,37.84074021293855,8.023762038947376,-17.890887302549388,13.39590623799227,0
153.4,32.619794671548064,14.875009716119656,57.793739713428856,0.8246331744443587,-8.056415920107334,8.683836092232188,0
153.5,20.038392928251902,8.152544409184607,34.565052531743454,0.781403361041105,-1.4167768719392342,19.54757025493665,0
153.60000000000002,35.602730302943804,12.148168698468494,55.75582786336085,1.0535805732432624,-18.717425676765597,-13.23959241760469,0
153.70000000000002,82.6303303385416,22.255766565824292,134.01693016941883,51.59785530398536,-32.78338900976804,-6.916029995833446,0
153.8,80.11184054180485,8.201194163918641,23.11679768284858,3.057650606318582,1.3959244103109398,29.981622169099616,0
153.9,29.22558387277172,16.61416901963397,57.573029273479115,0.468964924756321,6.614472797199838,1.4889432197121977,0
154.0,34.19516194439857,14.049519459686021,56.65568957624811,0.20747293760646085,-2.2257230655314793,-24.96042068150217,0
154.10000000000002,33.49004900076316,11.651815685165236,53.06716698210822,0.14671552041941888,8.608574259952103,5.145952067041115,0
154.20000000000002,24.476372564253982,10.534402695562648,18.172912266007195,0.2316548107014898,-61.03352910135864,-28.270939761456404,0
154.3,30.797613319696648,11.232709480703164,47.368360761638925,0.2293403675832213,24.924833214064105,14.764845628953474,0
154.4,24.686396947086465,13.538601283183802,48.204426279352674,2.0527958500621404,-19.95919901225633,11.04457758447796,0
154.5,32.70948831480968,12.830026749558062,50.38243322476819,0.6403457145716382,14.746592260468656,-0.087371894726612,0
154.60000000000002,31.472878162180177,11.154298362358476,49.94629293084605,0.14046144931213306,-15.728172954140673,27.04576907906664,0
154.70000000000002,14.390942278825827,124.56073308024968,23.856386480162133,13.60046743984066,-17.740542706177738,-11.962074690580003,0
154.8,9.453117626662092,10.883378155897214,14.275197450134979,0.6281800008846825,25.853612619052623,10.491664543629222,0
154.9,31.58818306620438,11.890177130539321,52.6073939571952,0.4316409361096738,8.538000106573694,-12.576611293259425,0
155.0,25.78845171969745,10.135967292262235,42.03151903655285,0.27831424300247604,-6.365439506039303,-5.357304349991173,0
155.10000000000002,34.87649590576089,11.655746612814653,53.99964569015863,0.12206397126204716,-25.297258950328814,17.3259462249556,0
155.20000000000002,15.605019035930281,129.993319793222,21.094427864504695,0.41593137521970114,-0.8540406340714668,16.990386284386656,0
155.3,33.85000000000001,11.69,54.81999999999999,0.2030000000000003,22.160000000000004,-24.739999999999995,0
155.4,28.694135973828814,10.834246698029911,48.04846261540848,0.4395395023249029,13.915483514842387,-1.7302888964330343,0
155.5,33.20238157398259,14.35207740807881,57.04101518354556,1.0844955007858013,-25.247611970731608,16.656735801497152,0
155.60000000000002,34.482869235323584,12.530561892497088,56.6156082399292,1.039033240664568,-20.417266328126615,21.747424019281365,0
155.70000000000002,18.55686813014607,10.161191408348348,27.501557132830825,0.20391890424132522,21.165106202875627,-16.548521985327472,0
155.8,31.66237979086358,10.641985680216433,98.82327660328602,0.3938463336333248,28.56084790133821,-7.105684854363485,0
155.9,23.355822738961816,10.840882329399145,43.74448755005755,0.530932102812558,16.89572419219499,0.18943464509585306,0
156.0,29.440532925003552,14.831035795155147,61.276879651417616,0.650024701858954,21.461631928513285,18.252876929325332,0
156.10000000000002,35.60333333333841,11.845833333334689,53.0454166666714,0.11891666666668048,25.583333333400756,10.142499999965764,0
156.20000000000002,36.06843750000192,12.109375000000707,55.674062500003856,0.12646874999999763,6.900625000013935,33.93531250000456,0
156.3,32.77,11.27,51.61,2.6100000000000003,-28.759999999999998,-12.519999999999998,0
156.4,36.48647265333971,12.73094358191827,55.38287879889833,0.7330625480425036,-32.53916760713868,-13.387899386613961,0
156.5,32.72,10.65,50.22,0.31700000000000017,-4.809999999999995,-30.890000000000004,0
156.60000000000002,32.62789749003663,11.246124431265528,51.5473783489118,1.5038871409574344,-8.264497469506484,8.673611239927613,0
156.70000000000002,9.89200026206015,14.424322202186069,115.07971148783504,0.20763235887244028,22.829751581110113,-10.087982235917423,0
156.8,27.06000000003517,9.145000000011972,42.32500000005204,0.1975000000005791,1.8550000001444893,-16.675000000034142,0
156.9,34.44617465278919,13.60252325821128,51.94190737513767,0.5745685553690196,28.896204769268532,7.7239994168762385,0
157.0,20.565246124909095,13.608783162232081,48.29448065577667,0.9728447392962127,11.190812483909847,-7.32610232328377,0
157.10000000000002,31.754999999982118,10.676666666661298,51.244999999976436,0.17650000000027238,-28.154999999997514,-13.394999999966014,0
157.20000000000002,9.678580596905675,12.501679640581255,22.316075826044095,0.2040030165421801,-1.0788001771511269,-24.63428514787748,0
157.3,32.93705722062143,18.858069105294955,55.137701147443856,2.3905947351343904,15.678351113071049,-10.74298755403937,0
157.4,35.37004513428515,11.824411934816018,54.510909599627304,0.8531548237898031,-31.138090507527068,13.955980465546013,0
157.5,30.162582086643567,13.342605999276813,53.812947618758955,0.1518930733237076,-12.373187936720434,-27.400800470897607,0
157.60000000000002,31.691120609898316,11.106069024793799,50.75561636997905,0.5060966166119748,-19.999139722078773,18.079901525886406,0
157.70000000000002,21.195123175003328,17.201686257089733,12.996475661975373,0.23940718250952442,12.290599383131102,-5.79756046586361,0
157.8,49.33321273893301,11.060116236545536,80.34612753026678,0.4309905688351102,-6.383868773110299,-11.824025862328856,0
157.9,27.76488550234134,13.968896505294364,63.1572123281366,2.0332824635879136,-22.766960266766212,12.372560072706108,0
158.0,18.458936270036332,8.208470628184061,37.26142305433277,0.9864285822150332,11.724186081674434,-2.676771391090498,0
158.10000000000002,36.69952528734976,13.277626248460416,59.89574664651791,0.16901066643842352,-1.212836960222468,0.3543737614289135,0
158.20000000000002,20.37445657990019,12.918390888232782,71.90675391019224,0.19465968523646068,-6.810714829106605,28.08282816803871,0
158.3,30.9246806965731,10.826967250062975,47.66603090936982,0.22401173618428094,26.294137842535,-3.9004918966175346,0
158.4,30.227464886183274,12.38877131697187,51.24829709352767,0.5167753660879757,28.358673077983667,-2.252401440687935,0
158.5,32.246045197918555,15.053386222834192,60.73173095710837,0.2923346247162369,14.508330054727775,-26.317119546979548,0
158.60000000000002,32.591217935783405,12.214107699075146,54.337661724056424,0.14765252730542633,31.048659579004664,8.506432603965619,0
158.70000000000002,18.52574780788998,11.669822102856998,37.77340717111986,0.14233788421060709,25.706475942773167,12.19254177701303,0
158.8,28.622905114662768,10.09071408460176,28.987129486725024,0.6405634665876284,20.873270976581956,11.725548195830209,0
158.9,20.336258177674218,7.795012363267709,35.246168243663405,0.30037940397623253,3.1990720787902625,-19.474687046786485,0
159.0,33.76747938097223,15.032231774307077,62.27644598779318,0.17176834111203065,-23.387620838611923,-23.02382056352884,0
159.10000000000002,34.98034263053625,12.725903328065057,59.19323620526549,0.14726117904943373,13.136791703614062,-23.338698305516544,0
159.20000000000002,19.36647601195628,14.236349652586298,26.778143506946773,0.5493658224347432,-12.46819517906282,21.581505993495984,0
159.3,21.384146261744,11.123894815670335,29.719392221349832,0.18667317647831916,-47.731670985618145,-8.466485082923587,0
159.4,29.16377191773183,14.240083042491314,62.86876655283821,1.4545634990430378,-26.59434338813744,-11.969385074050166,0
159.5,32.87784131450231,12.81314814981816,51.37935036386676,0.5152989015307865,31.4725425247063,-2.431144807696337,0
159.60000000000002,36.18379263445171,12.37854545502831,56.232120525938875,0.16959560318832026,-12.688644064075305,-8.342977220977367,0
159.70000000000002,23.24336459436672,13.63205778693219,34.22975028833709,0.27450021511866984,31.317217129461255,-6.8865042756183765,0
159.8,27.002118227321326,11.575246194489928,48.180856244375484,0.7922627724464032,-82.53430141035092,26.397433325347134,0
159.9,28.254799464546217,10.016438946687952,48.22322417746367,0.3116086106636244,0.7150926438923406,-28.11659248634117,0
160.0,23.853142411230852,8.731530334178286,40.648126775039195,0.5405105937666124,11.045474690786776,-7.386699764313933,0
160.10000000000002,32.47145544665942,18.51732874823248,59.82963030055966,0.1999534452517892,-7.899319801057057,-29.053911268462326,0
160.20000000000002,27.876455277718684,9.206444566309457,19.037253587192797,0.17472037962298578,5.854121576080991,14.472884744562823,0
160.3,23.254881000368176,8.305958409246927,19.164204584057604,0.669127033383731,23.25263142935615,5.810518265229991,0
160.4,34.653652663551235,13.920541047930996,55.70648260033269,0.9804612733807043,-20.187343155882274,27.868432003213442,0
160.5,31.353505725341805,13.119514796007952,52.24232668707264,0.7559773073762128,2.7138667397669565,30.861316528938076,0
160.60000000000002,32.360463383892956,13.003779453720199,55.747032771526264,0.23630098179869988,-12.569834160186552,-28.397476319729943,0
160.70000000000002,23.263192927558855,11.33788962515894,103.9796025356309,0.15785015838189495,109.24854315456997,25.38534849523235,0
160.8,58.04603733247991,12.14579411739029,96.24749856058027,0.5485464815013781,-26.4825961096737,-103.99427906841237,0
160.9,24.350546765923166,8.919887736157564,39.58212399556118,0.7939380372851566,10.901254143733517,21.554563619008224,0
161.0,28.932974706282547,11.174982107670868,46.864303028411996,0.5972985970025284,18.98553687786997,18.519495633939506,0
161.10000000000002,31.667166839698954,10.591782881494172,50.372309145450615,0.8010255732121652,-21.00244375504185,-20.707392538391893,0
161.20000000000002,17.783365407391194,7.915068764038608,18.44948429537843,7.818318070359724,-3.119989366860299,-6.002601223369712,0
161.3,33.740000000010724,20.380000000008383,64.98500000003463,0.2500000000006466,17.459999999972503,3.660000000194689,0
161.4,28.87721493481013,15.24555964370705,50.61347961179392,0.6598299124451925,-1.8124587560898675,4.136328736873388,0
161.5,26.584311364298227,13.749673291647637,49.70552356653411,1.378252534764811,-17.87935681271234,11.569476319343178,0
161.60000000000002,34.544119863417585,11.529762519552557,53.71128445688582,0.1357217783854365,-19.807671109292173,-28.17409842700048,0
161.70000000000002,24.81509241670927,10.073748043913195,21.391045415325493,8.857962731760265,-78.82793945354581,8.544392524105056,0
161.8,71.28368231722119,15.77559285791176,15.57695346960192,0.7788315650970479,1.391666666721509,29.480000000019984,0
161.9,30.87971894510666,13.43965093647477,53.93220845873207,0.5503722508563456,23.881995845704306,-3.853013596914437,0
162.0,30.622739830213046,14.108325985743457,55.414732278590705,1.6299542444843378,-28.25490609761033,-9.841379292291483,0
162.10000000000002,30.82333333333422,10.516666666665783,49.33666666665802,0.45033333332953746,-3.366666666415483,-16.933333333549083,0
162.20000000000002,70.11904751362673,9.910569788119298,27.363526062658313,0.17214249366829767,2.688302144648178,16.13482662505859,0
162.3,31.004999999993498,10.742499999999946,49.69249999999547,0.11499999999997869,-9.484999999905037,17.072500000277483,0
162.4,26.890946566221043,10.179878706413554,41.566252142818996,0.38039859784218283,-3.4531449156093568,-26.60043730045551,0
162.5,31.697044183277647,14.492883873705694,57.17704669425957,0.9200963663776013,-11.083656977003404,24.298709213589238,0
162.60000000000002,31.59311837565023,11.973252304585255,50.235419908411714,0.19235312729354626,-2.804381875074693,-29.066545686929736,0
162.70000000000002,19.518661807819402,9.541042121290392,29.14813526271594,0.15036590959356694,23.609068619391252,19.816395982991214,0
162.8,31.31,11.01,49.74,0.14099999999999996,-13.020000000000003,28.15,0
162.9,32.866778568565316,13.9807370562494,59.48163064197021,0.1713165233160237,-19.553259257610836,-23.88674843290666,0
163.0,24.453385861151766,9.77191486440325,42.04223809114825,0.25359644365240414,24.286201771576785,-0.7335620448729135,0
163.10000000000002,28.886913455807612,10.104690606126946,48.35358340003317,0.16656602512431296,-1.745945453278187,5.251263824304846,0
163.20000000000002,22.788611089993864,11.212815599813005,32.179789255087414,0.1916799805848926,-13.359647096910463,-11.529198299054812,0
163.3,24.169551295827546,12.660172619470455,28.188716957887504,0.22998036046735226,-21.96818313589219,-19.260886719813666,0
163.4,30.56295211603756,11.885579631721775,50.22536928202096,0.8850077317752186,-16.654234681589912,25.374363468222548,0
163.5,31.540629617515076,12.668882492036717,52.38208393327679,0.29247482804810937,7.114004523801235,-26.65263484506193,0
163.60000000000002,31.180671853323695,10.543234363573713,48.816215043837396,0.9442194795620387,-22.942007235685914,-7.620197453493256,0
163.70000000000002,29.48192691079581,25.039694358437544,76.25607498815418,0.13162341981469378,13.528799118946466,27.415481665047633,0
163.8,24.276168214397526,10.64122201110261,31.500220287412827,3.1354878275415996,-11.87097377958848,20.017270545728795,0
163.9,30.11036100567875,11.713685609767184,46.635312239547225,0.8057471464251472,-26.30956122266187,6.5775177106972125,0
164.0,32.05163484314017,16.91707242184889,63.22859375284368,0.18907440124492983,-15.38622817539142,-27.389498646270926,0
164.10000000000002,34.4249805607027,12.000450200948379,54.186023234908966,0.16878302213787372,-14.574004504814052,13.44817369013812,0
164.20000000000002,22.974577864178492,7.145856158241213,121.95139290216778,0.26518721726137046,-13.458420465928342,-24.754146620985995,0
164.3,66.8210533587942,12.230078099038861,28.42790963977786,0.2978233096164746,90.322796081576,-78.3470329984854,0
164.4,32.704234581362364,13.184561058240298,52.23555602372507,0.2465187119978216,-10.672493329059975,-25.85813527712405,0
164.5,32.22663657856438,18.7359963755867,66.72432794422959,0.5815975558382985,26.001436769535854,18.708010462386817,0
164.60000000000002,33.9028783351354,11.965365135436706,53.28920147397241,0.18456863043086624,21.93000742824902,8.771284072122748,0
164.70000000000002,86.57092262404214,13.729303058361111,40.30680068979857,0.22240316866683776,22.330020214029553,-22.05031528391911,0
164.8,22.404644244679737,10.114113481989971,108.73894578263753,63.878491150693826,-22.83769526324534,-8.40957158330069,0
164.9,23.26898616250421,7.64743717098568,39.38881947518226,0.4095164824864411,10.293958392571012,-17.307824937840977,0
165.0,34.49428426520969,12.987929207878398,53.29590891335783,0.5916898627693792,-13.298445590188166,-0.24629669030013446,0
165.10000000000002,32.74636004880044,10.981329968307751,51.202163934513855,0.09997893683832987,-2.3300423827533763,-27.770348036859495,0
165.20000000000002,9.585922626152847,9.394700713950177,17.218143676879915,10.826692524090571,-18.945992001985235,-10.587255029219346,0
165.3,22.189251938162872,12.118299826371935,51.70390186453742,4.768762095705323,-10.28156643853442,46.29460369555946,0
165.4,29.047601116396525,14.156847288587826,53.63208038936028,0.8706518567369327,-7.494896920181718,19.930839872321428,0
165.5,31.68748800982827,16.159704409513775,52.72519748977713,0.6933255037094125,10.019587454279819,23.557105623180863,0
165.60000000000002,33.96888681661529,17.97773754564951,61.679852788330024,0.15772097247699188,16.994643574867847,11.809118573923161,0
165.70000000000002,12.85619813193738,26.58243242573561,16.31758094058978,0.2709582246716727,18.113331769356233,6.813666475440882,0
165.8,22.31156979711006,8.629053025676763,28.886876398906598,0.3815765909664086,12.386561605297508,-10.317427815015794,0
165.9,32.4283795903084,15.187627108217606,70.49184406567579,0.7582331835448999,-27.87060697393408,-15.590644723169046,0
166.0,32.35614676051596,12.948367869823656,50.24735928874573,0.4383078549663031,-0.8528003439451233,-4.756776672548366,0
166.10000000000002,28.190000000028633,10.030000000006329,45.40000000003951,0.1270000000001041,-9.100000000060499,26.439999999698607,0
166.20000000000002,43.77071870190328,10.85970439126007,147.05882728228812,5.9121574562403065,-0.15988183392120447,-18.831619777854748,0
166.3,25.10576161322807,9.235633620264728,78.66243443947765,38.41603743724183,-12.530535272319494,-1.7225949785807995,0
166.4,15.395029413984371,12.233828008206805,37.91982583736157,1.510736925181587,-5.062461383711012,11.344970381872796,0
166.5,35.774906013763605,13.841542712353709,57.15104374624649,0.17081783524304378,-22.85371221072987,-27.291314772927933,0
166.60000000000002,32.45001763755689,11.587195695921151,53.42298651834488,0.1279616099403542,-2.8570936024942126,30.635101454680864,0
166.70000000000002,21.37997767613987,7.07329207214249,120.1772394034549,0.14651941243778427,29.89654822002118,-10.11646878139686,0
166.8,30.912320966034983,11.57163087709108,50.70126996272726,0.12957297819477295,-20.212753031656234,-16.1024186827482,0
166.9,20.140503028506203,7.651626634165451,32.095970895961045,0.48467712037815247,19.763213225419896,-3.8800932872629046,0
167.0,34.26175933918622,14.097620102391518,54.38907388366414,0.19793419510697602,-22.562801015232957,-14.301836184012663,0
167.10000000000002,31.537371060965473,10.880201927119625,50.9760566978174,2.4972516885642957,-26.616430931007155,0.345239944855825,0
167.20000000000002,84.53444137642367,12.313109352384203,72.23414776030964,10.055843075322796,-24.127621472136706,13.720431343599667,0
167.3,29.017137088531975,10.77546637581,44.453251157404935,0.28572617253938815,11.247113768773582,26.9586592617169,0
167.4,30.503854381301345,13.238831514192022,56.848367878339246,0.7171080241971625,16.044517685909504,25.112077338119505,0
167.5,25.851333031981603,13.775646348825447,50.34166801692817,1.8278441451611762,-19.087681461084983,-8.440324596905155,0
167.60000000000002,31.95309893021257,11.435978878932039,51.20360045582649,0.20026492960684053,8.180444557527577,27.587045042018683,0
167.70000000000002,13.933463500080808,8.79019124415221,88.55286875360778,6.794704420132966,-22.152371394952887,13.255887752302018,0
167.8,33.639327490788006,17.3730357721655,63.896278698887166,0.29865561359503484,-15.84824847824327,-6.363096055637511,0
167.9,30.295426278043223,13.791939920659317,52.43687339468229,0.1519632783486569,-23.793158052754105,-18.718610050561054,0
168.0,31.60935483135529,16.06903815949239,61.758376038882076,1.2221564536206895,-27.162787009345603,13.675249649779385,0
168.10000000000002,37.26572773985296,12.615522162607586,59.18038049656208,0.14651524628680088,4.392778448772142,-36.87805932953498,0
168.20000000000002,15.608548499659697,10.534271530987635,27.920617291858218,0.1418156989055604,-7.80140415397597,-23.817336753061184,0
168.3,23.65150677810562,10.68751282659794,29.087581177163003,0.3377661405294369,15.989277006843759,-15.246361783726577,0
168.4,32.40519393917758,14.941622704592287,59.58851291466403,0.37645988254789464,5.720372754449755,-20.31799992180104,0
168.5,33.23177290163291,13.20333583409846,56.91578413445615,0.39419595839701754,10.872874761523434,-18.610920363852486,0
168.60000000000002,34.10119613341237,11.669115673696396,53.25330366153755,0.14485827549883376,-11.984638713390275,-23.839574180845553,0
168.70000000000002,32.00206490380772,11.522288659832292,26.20093955890232,0.2652009919338584,5.085634529849816,19.258190887830835,0
168.8,12.897208231483859,71.34370508767057,22.879743183184935,0.6797341973548808,18.56215203371417,14.737349254096126,0
168.9,28.311345735893063,14.574274512103667,58.64475344028409,2.127646186315371,-26.320908315190763,7.2796551611404325,0
169.0,19.17199162968374,11.71214608135611,46.348401798776074,2.338669666688358,-15.284673635993755,9.402834790499647,0
169.10000000000002,33.14138011896688,11.753369133169858,51.996536866631125,0.14873588335372576,-3.5050348629508843,27.25979620127854,0
169.20000000000002,24.46518301068881,27.900996732439772,23.332590139462113,0.2208882737156069,-191.9251607457076,25.084369354211056,0
169.3,36.26185536794466,11.610693021309036,30.700063286797402,2.1854298605110762,-10.807955555933294,13.281128407814844,0
169.4,16.85584709749774,12.904449792233084,49.64084780552371,1.513117995161629,1.1372903512901598,12.599931922154607,0
169.5,25.79387884379757,12.083723569252491,46.07740410332673,1.069306333301443,12.159361895306201,22.505725090084,0
169.60000000000002,22.855689323947296,7.652748133187042,35.706139814023594,2.522675737073627,-22.24017549319446,-2.4035796804992424,0
169.70000000000002,17.28901413928233,10.409156104641713,34.28430900415353,0.1763113545702012,18.897461866267015,18.382068705799927,0
169.8,22.74871973852915,14.14476294859425,128.2289585842572,0.21501871098126002,-12.281414076768296,-25.4701817024259,0
169.9,28.251430363113336,22.18934406730202,77.65352588261986,1.6831088062892723,-17.082474378314913,18.154463112617567,0
170.0,29.640725818125492,11.477829670738867,48.90855173682759,0.5717774224350451,22.691783311495556,18.246294833168285,0
170.10000000000002,33.78000000000547,11.269999999999786,50.800000000013995,0.12000000000041211,-15.139999999949978,29.90999999955257,0
170.20000000000002,14.70277045205391,12.261345794949479,28.252654117456608,0.17346878761171497,-1.9381033126555351,-4.789159637650393,0
170.3,25.48999999993989,10.872499999932588,43.314999999849405,0.8047500000048868,-13.03500000017362,-13.474999999870079,0
170.4,29.34526250631458,15.756276291181674,65.33852648902726,0.9784585745885144,-11.879456821146443,26.471765832983845,0
170.5,30.614016564357588,13.972669515319527,55.73979723227043,0.22204747182281515,-21.84406748683934,-9.392003244979875,0
170.60000000000002,33.92517396049026,11.331466338616426,53.5896569129931,0.17896239448654655,5.339426837770956,-26.121172539880206,0
170.70000000000002,19.159709144848243,10.477934776885201,20.31294994254411,0.18199492616942656,21.840000000016353,-2.3918181817865936,0
170.8,25.265264684083252,8.459624331624905,110.60321556423222,1.2209865554949757,9.518082645377046,15.807825186555156,0
170.9,30.353085670199377,13.531938630735336,55.08326679605999,0.8154389708104928,-10.100192280691724,28.623299801037476,0
171.0,20.14843607419469,8.984798980606755,36.25922440372194,0.41986432973958704,19.463289312461814,-4.926506135943743,0
171.10000000000002,35.57133639939771,14.041172335175359,59.074520060761046,0.15979623986064959,21.788422820102628,-10.33653958702287,0
171.20000000000002,67.53734084721717,12.868162732025752,124.38684659433815,2.575053979615969,16.67999999991524,-13.119999999996336,0
171.3,32.61500000000743,11.455000000001457,52.05500000000892,0.12299999999994315,18.12000000007816,7.029999999833166,0
171.4,18.66645500960292,8.619906495685388,40.337873366128356,4.766934206926767,-17.291661555926026,4.369139212890252,0
171.5,30.24741548899374,13.695022683922394,54.3399657694707,0.2710224165389119,-19.553296900622826,-21.72924933259877,0
171.60000000000002,35.24126438368957,17.34680941801366,61.6488329798537,0.13753505761340226,32.07307332400292,-7.9436693243898855,0
171.70000000000002,61.58936890291239,14.587515792112686,113.04293532299926,5.5436393662741335,-14.000999999893196,7.989000000027337,0
171.8,25.20591879677165,13.110734265562332,26.42349711235536,0.4157977519372025,16.91867900486713,-12.099810446058944,0
171.9,26.158464841200175,17.097101837373575,61.306725807238884,2.087737731396339,-18.11426144099591,-14.433005344382012,0
172.0,33.89201418173844,21.369078131322503,65.83479865738165,1.2386763802663574,-21.756422153488412,24.1315857387398,0
172.10000000000002,36.5471604673166,12.4088286644044,57.108763702131895,0.13792546176869658,-16.391969774425462,-26.126758603076787,0
172.20000000000002,13.53559491425171,8.54988066986204,98.32674971269284,0.17023567339662987,1.2854545454527133,24.120000000008332,0
172.3,29.419431109980238,15.044147721971829,129.68221506686004,0.5486788039698041,20.478543229931542,12.268797165704324,0
172.4,27.557638223103645,12.436919442280553,52.4900552251415,0.7368409023793737,18.271768577840376,20.36654770091097,0
172.5,27.028722222374146,19.415965939952965,50.60645591490812,0.7117554069090344,23.789891313383187,5.978974464064915,0
172.60000000000002,35.36333130775296,21.03758565593623,68.61466233176573,0.11384272464638326,-28.85089023492875,19.89374667693882,0
172.70000000000002,15.738083427667004,12.140491048584696,34.91571535745843,0.13581428700533527,-32.209999999844044,10.580000000086036,0
172.8,28.3318449857344,8.824870798121108,41.477805754885594,9.754351247064161,-9.692978618797653,-1.7141769739680512,0
172.9,27.22901726657701,14.299420887774232,58.09699955038811,1.8526963607875804,-10.188913462798942,9.728968750518474,0
173.0,19.88624212225453,7.987505422515285,32.91341809910387,0.44687531870819164,14.720241938085259,-4.1697828362281015,0
173.10000000000002,36.0718506487812,12.29632876343013,56.52508755491221,0.11014719614247319,-11.332324223955144,-19.551626095521556,0
173.20000000000002,11.208183485207059,12.280972291363103,17.32663055296115,0.18394873979520665,-0.11266666667029135,32.45200000001934,0
173.3,44.4707536977654,14.328149382374342,26.41671921238497,4.245269253786638,-18.091671323431093,19.999718383108345,0
173.4,22.735399609217396,12.73424298796426,53.75422163539428,0.5466891929788101,-1.7575858010444154,-19.13516892731015,0
173.5,33.188479862433496,13.359551645568649,55.58705809844305,1.8892978244852943,-15.628888677721854,9.805575532271758,0
173.60000000000002,30.45095853267315,10.546060764768932,49.0759378832377,0.8483601106231276,-29.203487279893444,-8.162545697695611,0
173.70000000000002,16.557205030376444,10.708850864596933,36.262778585234074,14.701344839235938,-31.58333333332685,3.2488888889176506,0
173.8,24.17859013745088,11.323710868847215,42.54206984281822,0.6185608309475553,-6.46649529528657,17.221278291985957,0
173.9,24.327570055655826,14.65879187411379,59.940690049231655,0.7079007911988533,7.109555351691526,-10.146054826035321,0
174.0,29.703885190780046,12.654039837143769,50.82067887813386,0.41248636451993315,21.859414801391665,-15.218336781750136,0
174.10000000000002,35.03991099007242,12.059647869828245,55.18781778975693,1.8131467368881533,-34.24174793821862,5.713976890231134,0
174.20000000000002,128.1515185889843,12.067051765131431,108.55632406263068,0.21402156330898456,17.120769230773412,31.701538461543144,0
174.3,26.443990190020905,12.236123604525185,46.28348178487631,1.9967689373001583,-16.55472555264027,-8.72920251712554,0
174.4,29.461977212863335,12.222513681048008,49.867076331830816,0.5370938562165628,21.34885413951326,12.998898570747944,0
174.5,34.10370372173845,13.315549471000146,55.3575501928469,0.1870751221715013,-21.76409572658829,-25.55349974336175,0
174.60000000000002,24.09980714884734,8.57760356575227,40.85147078344008,0.20209068553821416,19.651385200959705,8.466190682279116,0
174.70000000000002,68.23638690923104,9.865443953741002,213.1225302218616,0.1330578977983043,-6.958235294077665,30.947647058819506,0
174.8,20.291765578611805,13.577704241949744,113.6572719626217,0.7475494754195258,-16.866900955352737,-18.370317933592528,0
174.9,30.053588487275356,13.56788735577303,59.02603592001202,0.5586370342803545,5.850767892509417,-10.320773770512321,0
175.0,31.506952401837076,12.814844762751992,51.317028637638856,1.1259022552604654,3.943925463241335,21.767051840069243,0
175.10000000000002,33.043314631983094,14.000573703937881,55.42906416853441,0.17913598273011483,12.248261410432093,1.8616983749138676,0
175.20000000000002,20.02766633932872,24.37941509619375,94.53872878513087,0.17284639722617492,7.912307692369161,2.5799999999305605,0
175.3,35.33000000001416,17.588000000035915,62.93400000006545,0.19780000000052184,-19.229999999930595,-17.08600000014737,0
175.4,22.949445400357657,9.689144572084118,40.40448529273233,0.9713086359350553,-1.460226270491063,-14.223341217691605,0
175.5,23.685077801386534,11.990344991824248,45.951911164240244,0.6067504401288419,14.846909992209628,13.078055061355915,0
175.60000000000002,33.08694684869824,11.562485303995185,51.68519000938703,0.1301376736608674,4.650000036060522,5.398364891859369,0
175.70000000000002,24.128432040298847,47.29640898386481,119.47326571245036,0.19342767883144274,-8.56692307688336,20.674615384586676,0
175.8,28.565174290392232,11.152454841852048,41.56754428840692,0.1480269442726111,3.423846153872251,-20.92846153846365,0
175.9,18.541336472511446,11.166380765218092,35.529520920055006,0.9647084531418515,2.2858490981582564,17.483941519953213,0
176.0,32.370456332278664,13.417460254583641,53.69789714760248,0.4182340954286574,-4.6461965032588814,-28.053288396111874,0
176.10000000000002,33.33484865196872,14.76775060075674,58.19716175263575,0.13322334459762727,11.126395896168777,6.766748727869548,0
176.20000000000002,12.127764837626712,9.749356412220598,21.356822642164055,0.18828007191084356,22.660714285729796,-15.393571428568396,0
176.3,52.79279179495592,18.913223589291576,94.58133974818071,2.0651988372493504,-17.559999999977926,-20.543333333375635,0
176.4,32.59289513583678,18.582973922011664,62.7816021323756,0.22895386285422947,12.424698581462351,13.257578088848923,0
176.5,31.856728817469858,14.25726602973587,62.37545375385171,0.30063043427529773,11.462387251879077,-29.08196527305748,0
176.60000000000002,36.43500000001354,19.89250000005835,68.40750000009683,0.0895000000000746,8.365000000288518,19.285000000222865,0
176.70000000000002,15.725997975434673,118.25563457696515,70.44886214242617,0.5209316947755187,15.9359216191053,4.901656123297515,0
176.8,29.26844213870329,11.387176108987735,69.21670868254249,0.2431074192796817,-11.311764705869372,-25.981764705892942,0
176.9,31.035488791902097,11.566175846063786,51.747542038470854,0.5125929281688095,7.348454269210226,-27.507350443672042,0
177.0,34.682987718157776,12.21276561637043,55.692810242267385,0.1508796540695802,2.611544609237196,-6.861928932434781,0
177.10000000000002,31.443200730879557,10.529677442152051,66.24778220103909,0.08873566707867767,-19.255714824429663,-8.569946133980576,0
177.20000000000002,21.933809890453993,9.02370717289427,112.05994505931278,0.12587871252047864,23.55696021881671,23.10385794329276,0
177.3,28.36709212112585,10.327605217352538,39.168651873012266,0.1228005794361383,6.884545454574411,3.98545454548589,0
177.4,30.87249809715312,13.297575126673157,53.35309664850949,0.6321615629118934,-16.00985960912542,-2.0417806827535614,0
177.5,30.107497231986084,14.391401954619724,56.796465096790605,0.23980735888152155,8.742423597925704,-28.398882782540493,0
177.60000000000002,33.41803959480933,11.466140100518308,52.691644206726195,0.13620679771265004,11.012345445919365,-4.305109018308691,0
177.70000000000002,17.172596169395767,177.4463963584346,20.82509546106098,0.12650408837567945,-20.064788636152763,-2.714343704870961,0
177.8,30.531440275788274,10.941756664342225,48.89839778587083,0.1984440783213507,12.840065184027637,21.47202250037071,0
177.9,32.0424985144082,12.821682204773577,50.41895074460553,0.6561516534788452,22.580494212463492,19.403547120394066,0
178.0,22.10480925870545,11.427191599149864,40.974275571507974,0.7023549872195627,8.193503505635222,20.012631275886328,0
178.10000000000002,40.09256456620402,14.364905406971419,47.385894990160786,10.10037217227736,21.559472147501793,-2.53731270740934,0
178.20000000000002,16.095240467516756,11.204548898288158,43.81636790703692,0.11022348102870021,6.07928828511415,-34.20630257833953,0
178.3,21.231560257767665,11.062788241816095,37.01919105209314,0.4953489042850596,27.758333333333336,7.088333333333335,0
178.4,27.924288434338898,14.366884481384462,52.620882325589804,0.6875840239202637,20.57723952207047,14.710463613070043,0
178.5,28.605269297063195,14.903679382367933,56.74765319159178,0.8467691144980601,-15.02790968251863,22.191972705018397,0
178.60000000000002,31.08777777780744,11.234444444454759,51.69555555560758,0.15772222222222407,11.955000000048578,-16.271111111198245,0
178.70000000000002,13.51722566774198,12.320973942502825,31.045255984985666,0.15996193289614274,10.655666600139838,-6.962879093080343,0
178.8,60.36784730092215,10.800182948552598,40.57723394272059,0.13662821779394538,-5.076363636302638,-8.296363636256963,0
178.9,30.220878281652425,12.631410325524735,61.26976195947665,0.7793890315760277,7.584813890913443,26.99412431778859,0
179.0,33.22059009181806,14.447177915988874,58.845174266839365,1.6636891620605083,-30.777553531379713,10.051895276329478,0
179.10000000000002,31.486495144726117,11.336839254627302,48.9913299508693,0.11169950785259171,-24.313857720861176,17.200891197781363,0
179.20000000000002,22.39887376292294,21.007820620263153,17.524578722753844,0.20418720416693747,20.839699257391278,-0.5268288575988969,0
179.3,24.349047811432257,12.657667721805781,35.04835710742688,0.36359302803741056,15.748749999950185,-8.108750000048985,0
179.4,27.048626938821794,17.63421276131402,59.40471979404655,1.977254264071823,-6.398074720882331,-1.4670672008974752,0
179.5,30.509613426389542,10.008020661142938,46.29390905516783,0.9945504029926056,13.856449319975834,-7.790072448923382,0
179.60000000000002,28.15886857804641,10.235951711845601,46.50458943237082,0.09468588321385146,7.681354623891662,27.724093502535958,0
179.70000000000002,23.739303129589118,10.552196494631925,28.32491412663745,0.24961185853217271,1.1948635226815654,30.39375374040386,0
179.8,28.79187869325927,15.88536447455824,47.68933897126136,0.2191289628587845,28.712222222224256,5.800000000018315,0
179.9,28.86954850015879,14.19899039993949,62.34887256154886,0.8773605440081766,-14.540591841226641,24.94035736428588,0
180.0,32.54857010304695,12.863263688724832,54.671962773806754,0.2962740974479581,13.69478693836426,-28.290366262161413,0
180.10000000000002,41.978405042685246,10.876669242272774,47.46462699223917,0.1643814663757153,20.341778812183513,12.73333907504858,0
180.20000000000002,90.27043025608401,9.860015453637217,26.687761953446817,0.1812887982542821,-24.199327126873612,12.400034450291663,0
180.3,41.49975651244877,8.758818087259073,31.931691803466542,0.7466785369637242,3.486666666638005,27.083333333343965,0
180.4,32.47332228154045,13.761694720772146,56.46156272006794,2.826002979100106,-31.765488010580818,2.322893807279226,0
180.5,33.48259697223014,11.96485292434271,52.22288292881045,0.2407756508950333,11.186735992138399,11.550223724028605,0
180.60000000000002,31.807599999993805,13.321599999987479,53.05479999997929,0.16167999999984395,1.3875999999494653,19.96560000004441,0
180.70000000000002,16.090755856965934,10.946105987682865,16.30557850478151,6.855612394601025,-8.424971091739433,6.149430178125748,0
180.8,17.35110736730285,14.063827967406128,206.98955907933512,0.30769831766953426,13.836428571438443,-31.232857142855774,0
180.9,32.382399790108636,11.90084270635402,51.306222711726576,0.7653893397178216,2.618078086815288,32.27638284679128,0
181.0,33.175246569237586,13.062696245232194,53.52074217854075,0.7827828140531186,-8.5721110483091,11.933928129783935,0
181.10000000000002,26.69040000000448,9.217200000001737,41.816800000007305,0.12849999999998524,13.199600000016506,-12.030999999982235,0
181.20000000000002,17.62584239275916,12.515888202713734,36.68728765272961,22.47671320407665,-29.670252931199737,4.051107329402102,0
181.3,22.26296404264192,11.810024259659322,22.35997147680021,1.9328249858199396,-7.915714285707217,-20.085714285720876,0
181.4,31.8792379226974,18.44677943799118,58.11317606819979,1.5832013391937854,-29.904359227584127,8.26255441061699,0
181.5,28.481158564956644,12.084235943825592,49.397431640596494,0.3772344751570218,21.518588619507362,-18.65815062903375,0
181.60000000000002,29.87707244560626,10.328826092371866,47.368481303600575,4.097445754810161,-29.741940134774506,-5.430906050399262,0
181.70000000000002,30.927589914221592,8.106155323601197,37.429062043612376,16.71491543201586,-36.11294109744462,-1.7230921246825597,0
181.8,23.795048030837123,12.289645995889556,37.35516563930552,0.7977124558479465,0.6566666666636678,14.896666666678119,0
181.9,33.100643561652745,13.728843041930435,56.72089158296474,1.5732061574885141,1.9306829502048473,7.752071381254762,0
182.0,32.73766794801098,12.961166392956633,50.90138820913179,0.5358084267955714,26.655992823032356,0.402144006540027,0
182.10000000000002,32.50634357444781,11.04847799673277,52.37058797536651,0.14492467766172076,-9.260352275699447,-31.719754239934467,0
182.20000000000002,16.84774651135512,11.491633556882379,38.406793090985104,0.1986857899195433,-56.50317476796445,-11.577318675943797,0
182.3,57.01397834893642,12.121742637159883,131.71583238461753,0.7338727663002883,-21.78058823530136,7.183529411729399,0
182.4,31.842149167223248,12.304464718606493,51.223290340322556,0.498209592382254,18.569005340845166,-6.1013085648571135,0
182.5,23.50153050805229,9.811831796320488,38.540512955896155,2.1911493121310657,-17.649270239033207,5.792443053788997,0
182.60000000000002,36.89833333743488,10.774490646130817,47.472710783904,0.09163542615092365,-15.66530949814448,-23.926160579158527,0
182.70000000000002,84.1344444826092,13.895246030546597,29.911967316480574,0.1385973107418385,19.1237780172325,-23.560832072147154,0
182.8,16.83056066516747,9.396853054222962,102.46625032941675,0.5878298990583221,12.351875000006709,18.04687500005042,0
182.9,30.580357530712515,14.567061104771891,58.900835926162145,0.7091207303286817,11.68809921613055,12.298736806963976,0
183.0,19.171975570368467,8.850827767784107,36.11258897253503,0.5189949127217776,16.779603746329343,-5.417003293181523,0
183.10000000000002,31.239696416169036,11.151114723773555,49.96360148612645,0.16368278916113999,9.737453851254463,25.7418633279627,0
183.20000000000002,16.63056638954586,10.215519404097368,34.0686939519156,0.4072328339927843,-5.420816292243465,-6.6981260496958335,0
183.3,22.60128912735079,29.115962939277537,25.059557939987997,0.5228289683631597,22.57545454552486,6.406363636443608,0
183.4,20.858889052806706,9.01078152863989,39.5863688106257,0.5697572198647821,-4.290775062748529,-20.41264111453086,0
183.5,31.96730283357632,13.411773555345137,52.81089355708546,0.8815625545037326,-3.557947723369594,20.986910613711288,0
183.60000000000002,31.182222222218094,10.890555555555684,50.28055555555535,0.19300000000006634,15.415000000055871,4.333333333425294,0
183.70000000000002,10.505700990777115,9.804463485426261,35.05607792668475,0.20976782952038694,17.215062698678874,26.664763121682256,0
183.8,19.003312706213077,11.64183158617731,14.898329001688179,0.7583409954444328,11.774285714290562,26.125238095236153,0
183.9,30.58257866522056,15.946412185703744,61.46882190127224,0.266042658089646,-3.2566087020311123,-27.89085170246604,0
184.0,21.017558528876066,9.877513596959282,35.36906474810984,1.5023153113892136,-7.899258686206865,-12.159428885860816,0
184.10000000000002,35.940294324620595,20.85871070223697,65.88372522083849,0.09923996147495093,-23.25497935958875,-18.886288442857506,0
184.20000000000002,18.028149201657207,14.828745869344116,15.701563381603929,4.4598847813504605,-9.019365468401812,24.720917685822485,0
184.3,26.962492213477255,13.324265127208301,37.45098186481302,0.3100445438879794,17.661666666651897,-14.423333333290197,0
184.4,32.04551517976634,12.939265561323758,52.500773673912924,0.9675456940973444,-9.656741841417237,21.094802364929482,0
184.5,32.22343095973656,12.729505710967382,48.62307725225725,1.651267991212377,-12.493426761375492,19.831000566097636,0
184.60000000000002,34.7068750121669,20.570616094994914,65.4121711991991,0.15524242230460908,-15.262706353740121,-25.83943183660469,0
184.70000000000002,20.9535856025453,13.837016594977536,38.528861721326905,0.1512551712761,-20.119055583862913,17.321453233720955,0
184.8,24.610706007339306,10.157185459373933,29.680299075657402,0.3913706700083478,26.376000000036356,2.256000000057334,0
184.9,30.072127655074745,11.324573211929446,45.52728140448742,0.8296334691441338,-11.752596575919206,27.68048374194293,0
185.0,24.927206774165487,13.453612749063888,52.17220039333204,0.3957021894458722,12.668182417165488,-19.942479580841038,0
185.10000000000002,27.574030122847677,10.806260245807781,63.538375854422675,0.12186236582876675,29.73901625105218,-3.607749974873305,0
185.20000000000002,11.30108334720369,11.436871260152392,105.40160405685873,0.17763025520644293,12.212700310604793,-18.02074032947324,0
185.3,28.00014178905316,10.23160788195796,36.92363136047287,0.3668229256623101,-11.168999999997352,-14.94000000005219,0
185.4,31.025746279365762,13.703237934935126,55.873120385708866,0.6022219714781927,30.317796082934564,2.6527072596536105,0
185.5,34.68667361021594,21.20356290059435,65.40453412506342,0.3138509516622069,-29.33056472018098,-17.8909587689506,0
185.60000000000002,30.543429382905718,10.848492264610178,46.0771249848564,0.10964841261781483,-19.32473147669058,23.1613566299536,0
185.70000000000002,15.427691670822995,9.534309114102468,23.06042634321081,0.13454411904395583,-26.370757081487078,13.901546044121133,0
185.8,29.740639751458772,11.4579834205832,50.16362289081023,2.6266704938469547,12.569810078212218,-3.3912170358636526,0
185.9,30.75539696750044,15.337658361952002,67.51036570747901,0.2833697541607188,-21.315659635273946,-21.59547920178814,0
186.0,33.39747752297196,15.126843268884551,59.24972460010526,0.905819107013933,-24.067337924089703,-2.3348885667574883,0
186.10000000000002,29.22762777999278,10.515116959359975,60.21960055780262,0.3770966060207313,18.14625280519472,-11.110171535802255,0
186.20000000000002,94.12076027143887,9.825567559963813,27.716818123882096,7.646333168816806,-23.819291199322514,-0.3468930306738198,0
186.3,28.19746963658104,12.330572966100455,27.904947900170775,8.21620579976456,-30.271428571420213,1.9228571428370982,0
186.4,14.015781402751013,10.827722164758269,40.31864128836015,1.462954878196171,-8.663865611386987,3.416741972897669,0
186.5,32.54600251545195,13.078751187591845,53.592800710756606,0.28359261621709814,12.45330372959771,-22.8444758901382,0
186.60000000000002,35.08206992183234,20.25680982850777,65.38170315550977,0.18865769898504314,-19.113927080356017,-26.577141207930918,0
186.70000000000002,14.972470678885895,7.951470982904629,15.954483898039905,0.13474309116476432,-11.164271495023973,30.00103820206055,0
186.8,15.694863962105234,11.3574209014437,98.52176764599136,0.7507724728363685,-6.359090908987913,10.133636363569824,0
186.9,17.218892501001097,13.475710882803831,43.404502633841894,1.5720591586403017,1.063041331819313,-16.60036164208093,0
187.0,29.45619416173834,12.80732556184099,51.68016798226857,0.5948338640237185,24.313282591854893,16.29888921735017,0
187.10000000000002,27.381804455846144,11.055044936859359,44.013519077329775,0.15833094840192918,1.0128702570867953,23.153181812175365,0
187.20000000000002,12.260500828169548,16.088677849249834,22.303646259550877,0.21387060441473252,12.165338637653809,-18.025606106612607,0
187.3,33.61,20.27,64.56,0.16,30.77,-12.66,0
187.4,7.7905797728825235,6.220854381532977,22.957155149915376,1.3962235359896051,7.089394942055224,-1.7462948894123755,0
187.5,34.28694011341014,21.0565897195949,67.4318671311369,0.1962568813941588,-27.525946425073347,-12.007397925409606,0
187.60000000000002,32.300377358488056,12.915094339616955,53.1433962264051,0.12307547169813127,-1.4820754716837747,-17.403962264180954,0
187.70000000000002,24.67175365820255,9.596331291090525,32.41638584062009,0.24730294064898528,8.936525947107988,71.93746049859615,0
187.8,26.38209698000734,55.01526150788084,42.52143253967435,0.3341094682395298,25.19750000001323,-7.395000000020441,0
187.9,31.650402899512994,14.348731315173918,57.92304057482046,0.45310987394804886,27.95434543494336,-14.69209831589553,0
188.0,25.242384003696756,8.222393897190397,38.23977221289077,0.2616984405202942,1.3074598608257872,-19.271758759355777,0
188.10000000000002,31.696461040936715,10.964367316330582,47.90504254684778,2.384421817559233,14.855183952334826,-20.865166043878848,0
188.20000000000002,23.822584917115158,9.681509456962504,195.11766087299833,3.32875392097087,11.595853070087514,-23.753174223085015,0
188.3,34.17200000001837,18.60600000004625,64.4820000000859,0.20179999999995907,-18.580000000062753,-27.521999999989493,0
188.4,31.62187545038101,13.21883420498006,54.48309001819438,0.24545905331976203,-16.835046068466216,-26.38870226549089,0
188.5,35.98709843021476,13.462410236793104,54.352603025486275,0.31379411849788563,22.618472458724533,-27.808115291913595,0
188.60000000000002,33.01610656553454,12.003410223814562,53.897181711088976,2.5160099853896445,-30.924753702687923,-6.660143355737182,0
188.70000000000002,72.5654707172457,14.987394096725447,119.9016622595042,0.4619924655122738,19.65650215711869,-2.040594107776215,0
188.8,24.48449898792491,14.83709384170699,34.58391937087868,0.5441206889681172,-1.156250000026425,21.69874999999605,0
188.9,29.344782929141278,13.101512043820254,55.03219953828224,0.7255317097175139,21.595881605679352,19.6228851186859,0
189.0,23.4972183790249,13.053526001184135,44.5533761116379,2.4667608025418413,-22.856037744135755,-0.0007172410438331944,0
189.10000000000002,31.925799725480807,10.744950066241223,45.49833567737462,0.13588538204134507,-23.766282561185562,6.523874901319913,0
189.20000000000002,27.648606290113083,25.049599040457633,19.056772887072256,0.44360914766046966,-1.1412327379871243,-8.10078755044556,0
189.3,33.85,11.46,54.59,0.14699999999999847,-7.890000000000001,-32.57,0
189.4,29.1620737600069,14.017918652248932,56.72832391829208,0.2796845656393959,-2.3123776991905043,-29.07023293513172,0
189.5,16.929525037313052,10.595728500175943,41.48153185839687,0.7801669139245603,-0.09139465368888011,16.772706777541195,0
189.60000000000002,27.318095386089396,10.685247999801623,47.64526768757595,3.0206433811954603,17.236104336335153,14.371272185158091,0
189.70000000000002,10.448123560213801,10.809921552622608,43.37482465452511,15.076680061831363,-27.753442513034784,18.98732083628268,0
189.8,70.80035429177153,9.009588046061861,127.73851013848177,0.6955475380347563,13.869999999970585,24.047499999987195,0
189.9,14.211696698013188,10.812159125645666,39.39611251276583,1.1225517051193015,12.195884344399907,-1.054578118586075,0
190.0,23.67905789424842,10.84893332530934,46.37175899106148,0.8114686309893177,11.227231910784823,19.583900087135756,0
190.10000000000002,30.303869144787903,11.121985603996526,61.10503895296791,0.7763863457440581,-28.560040651731292,12.463503376999938,0
190.20000000000002,14.499415585997172,23.842164818532716,31.88347901668965,0.25307925851859553,30.739060196939107,-1.5707376189784839,0
190.3,19.357981966466454,12.305230114089564,41.80221163107874,0.5785935383096137,-15.420000000015538,11.991111111046877,0
190.4,30.093979728632874,12.994657499921988,53.383831994266366,1.2042382603235062,7.700426276801053,11.24267515207674,0
190.5,29.240550902991117,12.058343771974386,46.86334555592768,2.118300650685236,-27.30465857301888,5.233824682341433,0
190.60000000000002,32.64741463559074,11.200853337797941,52.03667517241015,0.10673698052448621,16.366694042394,-28.758074546199634,0
190.70000000000002,17.27553122763242,7.973023064324375,27.138735916939822,0.16907432219748222,5.664916976952776,-22.68156342105252,0
190.8,34.6,20.87,65.8,0.119,-23.84,24.759999999999998,0
190.9,24.360469479555285,16.300502139615123,58.09450724196556,0.9450644477552903,15.238940009938686,18.911067255165054,0
191.0,26.9024462627258,11.5552304397826,47.823037330290504,0.697157041483614,13.504357928184984,20.957279213091695,0
191.10000000000002,21.93751776206753,8.147295031038123,34.64227005381466,0.12951050079281806,4.622699071150642,21.81220919545571,0
191.20000000000002,36.97778853643649,11.760685377718763,32.951970408075944,0.1700983273058742,-8.369066951492439,20.19720391738499,0
191.3,22.55,8.11,36.88,0.173,16.82,14.56,0
191.4,25.306289728628183,11.48184341275232,21.224498056565874,0.4416524044812262,28.26,-10.22,0
191.5,31.064978208154624,13.09766146471794,54.50785982305614,0.7887807243059922,-21.855317077550954,14.869952980245316,0
191.60000000000002,30.658415927282636,10.745622595714808,48.29150156279727,0.11176251496887685,16.341179256038394,-21.713649040214335,0
191.70000000000002,21.071938065503634,9.370162386767584,32.93959140888256,0.18924651770589918,10.54119559169078,-8.948027034323093,0
191.8,29.733058466229185,14.418541768355055,36.274264340892884,0.9035574082095994,9.58538772213073,27.595185448969705,0
191.9,27.100771080715266,14.718162406805655,69.43174931676023,2.481263296241051,-23.447432242628214,-4.411223158857336,0
192.0,26.20398625897168,10.674035984307523,42.99200401662451,0.7432666949207974,1.8964613522819675,2.63272896465101,0
192.10000000000002,39.7228715998056,11.148337853330718,104.83426313176773,0.2031137618131721,-12.622200859302886,22.310534739324442,0
192.20000000000002,19.655665194324857,10.386908464782694,18.520490133663515,0.35741342454824243,-1.9216046679710743,15.956486850329036,0
192.3,31.57,11.06,50.45,0.161,-3.3900000000000006,31.010000000000005,0
192.4,24.700723418036823,11.271075111134156,46.174210752112884,1.0814864211366704,19.43505892646278,-5.73276715628279,0
192.5,31.195349164548706,13.619518536570375,54.14709443401115,0.9079771732201167,-20.989765323289337,22.92846834967116,0
192.60000000000002,21.583851636926276,7.683610756167373,53.23469782870845,0.19942610037178662,-1.058230430738297,12.097736896622934,0
192.70000000000002,20.817783575340993,9.840522934771315,102.37764734238922,0.1771074495019519,-8.619688922398495,-29.607043118692207,0
192.8,16.198744674322793,13.82348765616492,16.30241240649059,0.26827572306852243,12.370000000000001,-32.58,0
192.9,22.187883162996513,17.924585634906954,62.04810560710347,1.287698890371601,17.191195134920875,-13.76667374572521,0
193.0,31.12793128013849,15.063985336792243,58.86939036362415,0.5287491875857049,30.03743182913397,7.418055184331662,0
193.10000000000002,35.46464285713964,19.916071428565573,65.3382142857028,0.2414642857142221,-4.009642857123722,-31.993571428559214,0
193.20000000000002,20.293244303825972,9.007637464459611,35.67978244043297,0.13300784087975867,-7.136112962226708,4.519532522075629,0
193.3,24.833309206750734,11.757281867619245,34.650671484493074,0.7215033842973771,2.7683483491021894,29.991686630813387,0
193.4,27.954204526852266,14.404031718375858,57.99745583194814,1.282417419317273,-10.443508848810174,0.6066177586606862,0
193.5,33.49577364862244,13.333587062280575,50.68585868326242,0.5009452060198285,-13.41340740511686,4.7701629678330235,0
193.60000000000002,41.545826425209526,16.58420693709234,41.842819695645616,0.12119329546724314,7.034729736631674,-25.67327167680524,0
193.70000000000002,88.2633323249451,34.759352637599555,17.410883510600243,6.308401563574444,8.343221904390248,-8.210680273662522,0
193.8,38.25966078186444,7.788092815751008,34.83050876844686,0.13201618619015856,2.070526315791115,-19.863157894736926,0
193.9,34.52082310345249,13.890791502764706,58.13817123693829,0.8442767728509482,-27.19063836439044,16.353336832720963,0
194.0,35.62818527674937,13.874152681295548,55.31347838381895,0.8551815429876767,-32.79031527040588,2.7254483213966916,0
194.10000000000002,28.896491666571134,10.657132452388758,41.52112484301164,0.26872744444606395,16.08759489274372,-13.794551375784819,0
194.20000000000002,20.07026150740184,11.548239368530403,12.43124314318486,0.15314384657046226,-9.40004847506749,17.517108739402712,0
194.3,29.596300515092505,11.742496220639184,116.0725126589185,0.8451689782535958,-7.008888888881415,24.285000000003627,0
194.4,26.67874678072598,13.314443524746187,53.89835278450689,2.5887483189204503,-24.614068659255203,-9.359995021510347,0
194.5,35.50081673035942,13.918772166179746,57.32711123846267,0.43469337913970585,11.058102854550015,-21.883668201495663,0
194.60000000000002,40.56920233612363,23.666622969283647,69.86253324477215,0.1669179843346762,-3.4262318551518485,-32.460561066016886,0
194.70000000000002,33.99873816317401,14.644335137711536,36.211376200305374,0.1900233173173994,1.8169719221660987,19.217143220854652,0
194.8,13.429891714781022,12.078391066812273,38.71672264686492,0.4640002734613773,26.964117647049715,6.126470588198262,0
194.9,18.36362220461455,12.43153923731235,40.06681931953995,2.1977804756118116,-15.2965807494173,-9.809824409210359,0
195.0,30.02911161526801,11.545795802372368,49.164983495746995,0.5670064659752845,-0.7981923110791609,-6.960886417917791,0
195.10000000000002,31.259999999997724,10.279285714286015,47.98214285714065,0.21592857142830926,3.1621428572101644,-28.26357142849554,0
195.20000000000002,18.288400571763958,13.903618847002829,42.4894777263078,14.406932339117054,-32.03074972851541,-13.181601523044574,0
195.3,30.962499999997604,10.77500000000096,49.29749999999004,0.10650000000011724,-25.09999999997229,11.637500000163973,0
195.4,32.10278744012636,13.312483426675653,53.80582670526427,0.4736819599060544,30.538393975275582,-9.093813792897627,0
195.5,30.927995393481424,12.15333597873857,48.26005143093041,0.3595523180870003,25.340712820005255,-16.99825240779054,0
195.60000000000002,30.09021347100925,10.467164779185,46.315068967891214,0.22497965976722165,-13.404275354087625,-25.31307873443114,0
195.70000000000002,10.841992396133747,9.610204605728779,18.523977033719827,0.18314349116083842,28.5600966950788,-22.17206818803172,0
195.8,80.3235118437835,17.301402318517,28.69216496115241,18.326962166939573,-28.19000000000001,0.9200000000000017,0
195.9,16.204033218232453,12.165891963593568,45.527145044907,1.1380392748369792,9.32608049207095,12.890946669225498,0
196.0,24.929333598669658,17.441275957703635,59.23785981762534,0.74608160747122,9.608985797351423,-14.487332545244069,0
196.10000000000002,31.696513007192742,10.365442161892389,49.66631151451452,0.13359630123253408,-3.0592314020827414,29.01016351357649,0
196.20000000000002,91.18504514974893,10.180182258287722,139.51889408451012,0.20929630686532852,-17.022317755521257,-17.52124106768142,0
196.3,24.552514138211947,93.29963859124501,73.75793592670516,0.6169045303409575,11.366666666666667,-0.5291666666666686,0
196.4,28.88716248998655,13.476694396731153,56.293734041284765,1.7118989610975506,-7.479868031797654,13.070871300508799,0
196.5,29.03635430806645,15.38427299964114,64.51150929096248,1.025447367220672,-0.5807135761018998,-22.238945543067445,0
196.60000000000002,32.03650458098769,11.30930897683883,62.71416432352982,2.1104177824444137,-31.654862719595638,7.368587951992355,0
196.70000000000002,9.302703066485696,8.71856867751671,23.65622336246077,0.2527527010467559,18.890779052480024,-21.490495535082253,0
196.8,35.63,22.01,70.8,0.16300000000000026,23.25,26.54,0
196.9,28.39945951753084,12.22196938905957,50.979040529865884,0.8649078513446284,-10.233849283644474,13.230677194606102,0
197.0,28.19829684947289,16.7977582564662,66.8791939964126,2.129282520786706,-19.875257923555612,6.695259448475468,0
197.10000000000002,19.802196363625832,8.2223251980878,32.009565215491875,0.20619258538567165,6.858975223237538,12.107044362757765,0
197.20000000000002,10.453960600703866,9.345977772741268,99.71319261938717,12.707003937758971,-18.297208448190577,137.31989752505623,0
197.3,25.081788692485354,10.15886312049936,63.650726814586235,0.47502888410302224,14.488571428572783,-9.427142857155882,0
197.4,20.709158984372532,11.29508639737461,42.7320119867302,1.3974462472957359,9.48685976108913,-5.18044397200999,0
197.5,22.07616363696283,10.053737093484036,37.861515462418396,0.7642691041507924,6.291656830024961,19.05221227872018,0
197.60000000000002,29.575805904665536,18.863071419511023,54.01653081694014,0.13265315960381674,25.210143680610408,17.419753384988006,0
197.70000000000002,15.34784526912508,16.15021421624704,16.26006959678189,0.163674223629237,13.811101551284228,24.618109284837708,0
197.8,54.329970500955966,11.179793097624797,38.99928067882203,9.706550669072513,-0.38500000011654834,-1.5599999999977618,0
197.9,20.401142477595844,12.667400155963778,41.11744776753221,2.069077505326974,-12.49842998500133,1.5149770932526714,0
198.0,29.794932002237637,11.813787214102382,44.43053648672508,0.7034701716440535,17.166790136530775,22.91749081852464,0
198.10000000000002,26.03388452933661,10.81522069376989,43.39642452453308,0.2064221474009122,8.85582050735921,25.186682395301336,0
198.20000000000002,16.936977413258816,11.826961145643203,90.13586081736993,0.23426267158030362,26.505255475883153,14.974274738231134,0
198.3,16.967696504726682,12.12107839416638,26.48319857211109,0.7279823699358776,-30.725999999987927,-6.541999999992394,0
198.4,30.296319701172234,13.719515429770176,55.715697016895675,0.6457165247483097,-3.052234820702275,3.6852653005018396,0
198.5,21.20434333957732,9.478967904735011,35.78471019140657,0.5167445335356736,16.290995818653982,3.208595054165105,0
198.60000000000002,31.2566210430846,11.218227099002926,60.52002855970136,0.2088810669663063,30.623665924944632,10.931533198861267,0
198.70000000000002,13.726302136729267,9.579851824760937,50.751134439767554,0.251593384961096,21.984750174818274,36.22480527799068,0
198.8,31.49927119847625,11.256169087587086,49.53391077735556,0.10714382600901756,-27.15666666665642,11.175555555543976,0
198.9,25.369291659462036,10.020383702184693,42.33366120963666,0.3921128449640734,-11.68961913589056,2.1641173321615472,0
199.0,30.682858019516367,19.000509357344896,73.18682903860312,2.0102391148795244,-16.711328502936517,-12.34697931039156,0
199.10000000000002,25.993953154161247,10.876756504328396,39.82826558528839,0.3325665912072281,17.603032566147352,7.606702789124956,0
199.20000000000002,12.130324333371448,12.397878240830643,14.580013678626347,0.47982647228697306,11.598248660488423,-5.999911949793056,0
199.3,44.48771687211878,10.210282527327065,20.593102894920467,0.28848663318961554,5.9771428571180785,-21.25000000001462,0
199.4,32.55,11.34,51.48,0.17900000000000005,27.270000000000003,-16.880000000000003,0
199.5,33.100124744535066,13.237430607483075,54.05818290300025,0.5728146191059531,21.88599298723448,24.166296058214648,0
199.60000000000002,23.024137526745484,9.788590598387271,37.06041948471745,0.10194675181638653,-5.579487859169806,22.024995377982194,0
199.70000000000002,24.85812625438533,13.525874515811994,27.120095986804557,0.1967382905431233,-23.482315515240426,0.5711861777959584,0
199.8,15.42716608397178,9.843001963511378,115.66623171729903,15.622733707702155,-30.778759141920233,-5.4141757482682,0
199.9,33.126526391102736,19.315980166599587,63.6842644018273,0.24276423229582722,26.483299736039665,19.57065049759253,0
200.0,25.796053198307984,10.929819991832922,24.834448315885403,0.7179493352063294,9.021245100332207,18.003862644005896,0
200.10000000000002,19.72077537507374,10.405542439542044,30.77616589116787,0.11277776501308277,-17.16333333352502,-3.6166666669649707,0
200.20000000000002,125.10679222108216,15.174191873915955,119.66251036688737,0.21111349012906283,6.368892264993511,-29.754822624605556,0
200.3,27.806143883855608,26.03986440967104,37.631274715876955,0.4479306929109384,6.089458022340503,-21.32597525561287,0
200.4,23.98928513234887,12.856166462826549,47.921653726669646,1.6332613539198615,-4.8000437989229745,5.306116718215633,0
200.5,29.07335859740239,11.926752687090596,52.88450253516294,0.6576019300834539,20.114214463608587,14.913093361152649,0
200.60000000000002,44.476445961240415,18.241527314985444,47.86628169396407,0.22752679030543219,-6.2898924731050165,18.580322580642683,0
200.70000000000002,14.65646369993651,7.724128701913195,18.809340125096767,8.159046737667815,-14.627807573062743,8.344459193317785,0
200.8,14.38985832964162,7.659003959764485,30.44990897527963,4.269063083806969,12.574265177052009,8.613361181928484,0
200.9,28.29784345750915,12.11720278276624,50.21856822419077,0.411572704554413,13.314742687829117,16.00263003540306,0
201.0,32.21868920908687,15.420010440127395,61.62740998043712,0.5667445406207805,7.234600101124222,-27.311568549569824,0
201.10000000000002,32.37500000000753,11.125000000007816,51.56500000001492,1.1274999999724167,0.31000000090352486,3.829999999984368,0
201.20000000000002,16.847898884472393,12.1627678753904,21.434916415588162,0.25898123630983705,26.905838634659762,-32.30143550309789,0
201.3,17.207015122524204,31.833494316650985,40.62649857083528,5.5305519432203045,2.7176131202445255,-38.18360942192314,0
201.4,30.898124269122242,11.558012470531086,51.00851462083271,0.12693232602010288,13.878049280107687,15.543636459484482,0
201.5,25.678749373119246,10.763116258481928,45.25279206101249,0.8704827745791763,-12.16307313456545,20.025601383709464,0
201.60000000000002,19.901029085286023,12.314093878035557,29.79447064731565,0.7524805487950661,-1.0822222222349709,25.03111111108027,0
201.70000000000002,9.339161066660612,10.756724013284149,84.69986200045281,0.19461268552012306,25.96784981347832,-0.4576208623813649,0
201.8,23.177088708815106,11.59691138075924,89.44572010010475,6.396697231530989,-7.090112155346764,-17.550894352743725,0
201.9,31.41968533431475,11.004320094122129,48.91021826834707,2.3191506219151115,-12.377472587838257,-24.779141827113506,0
202.0,29.40949756233322,16.407488831650934,67.04924556166242,1.6157052392951061,-19.416658841458784,16.565901461369542,0
202.10000000000002,23.317188853920083,8.09567222726285,36.496079281638515,0.12201583789873113,20.097387673897796,-10.820889097274474,0
202.20000000000002,25.089077393117375,8.852394499889854,32.55687209803153,0.18217421688592272,27.37126441286128,4.770219929949773,0
202.3,8.316730200870946,7.873436548606989,23.437149241016463,3.6442303992743224,-9.820669407673899,-1.9914910876069953,0
202.4,33.160353614912935,15.654946570949853,56.98454035081548,1.088360083662846,-15.236346991014312,-6.877628826250733,0
202.5,18.807735794768416,10.720399851351791,34.6331645096878,0.7335551189787882,1.0331355281138523,15.791750444225801,0
202.60000000000002,31.207364645304104,10.494275128845802,44.90208198982581,0.14717700767000516,8.993643017235392,-19.528121057504798,0
202.70000000000002,30.977107013893264,9.435601493561009,25.313061294321592,0.2530752506800807,18.380401381250422,20.033963543998187,0
202.8,14.650171034356521,63.984038368179284,24.538390611485813,0.7230797211732269,32.0273014221513,-15.326867887369708,0
202.9,31.34092453463953,13.098160801887289,51.804754256192865,0.8479280757215568,5.8041027560646015,21.36013092353633,0
203.0,20.607329766848167,13.605146161935485,43.64937215161645,0.5585561294127934,-4.628586968892968,-7.926167956143457,0
203.10000000000002,36.283201481929865,21.398208490270882,63.096806663326625,0.11831237506165358,14.544930795014444,22.104204755296827,0
203.20000000000002,24.346719663364404,14.479923891864907,23.40621185484531,0.26154572394128595,0.6405564224286753,-25.937840506563962,0
203.3,32.940219658254364,22.154122380671282,56.75260213121322,0.11059152420722537,12.254634864277751,-29.981851072140827,0
203.4,31.715865386593002,13.920622019518998,54.105874686605326,0.5877927996210276,15.552588168674315,15.352023466785017,0
203.5,31.860799614567267,12.29910721049454,50.098183533242555,0.4306396130864749,15.447458083711371,-10.514837220814881,0
203.60000000000002,34.84003657299634,21.19489216498645,66.8098193056577,0.14855721413964748,-14.968729367808729,30.813949159000916,0
203.70000000000002,19.066394410625183,9.34486921048535,24.75198237446616,0.21031383561517383,23.27913947855107,11.706918723741623,0
203.8,17.961180690679424,13.26627356749642,41.05512204705125,3.4036429843341556,7.12781523293944,37.52912087476486,0
203.9,32.69164437390897,15.306399679566956,58.37985245321892,0.5612498855916093,-27.328328981282734,-0.7798150739473186,0
204.0,27.201723422379562,15.039671715139608,49.74756451247746,0.549407578479804,-13.873176050132994,5.895296736993473,0
204.10000000000002,28.9092876331104,10.660694568274556,44.54869311985579,0.1787501952398431,-17.147265873050127,12.000070293477332,0
204.20000000000002,11.87945948975662,9.915101906373707,16.474113696449084,0.2378811733348507,-2.9394898391471216,22.272628670525823,0
204.3,27.00511115267623,11.356680508474879,46.00629305063459,1.89880657943374,32.710042448584346,3.4992814414608873,0
204.4,25.702787993390537,9.800423909558932,43.82088754099033,1.597547867559883,-22.00755761281227,-9.716070047435398,0
204.5,21.793363506948825,8.422820098753398,33.84119188388954,0.7628228968702117,-3.721356004060179,17.179175092503517,0
204.60000000000002,30.15573508247992,10.499614085517857,48.61467689203276,0.4723924365274782,-23.24585400763133,-17.228699274731767,0
204.70000000000002,21.477423613490025,9.619790154492199,41.42313804245151,3.1022978931175924,-16.444029103031646,-6.212440208892961,0
204.8,12.799112144500125,8.73996622346654,34.231599192870256,5.7322033497077065,-9.642204198431964,4.8038188569458455,0
204.9,33.57569506124803,13.9903959520028,57.07295134769832,0.26198480911763955,11.451026509724654,-17.195124439422603,0
205.0,68.1327666926459,9.22120933107524,40.340697846180724,0.31960365621484477,-3.883677591977019,-6.759935772895953,0
205.10000000000002,29.467241623981288,10.339147155733357,47.71035429838026,0.7341701243921637,-12.269150966493324,-26.161783545178622,0
205.20000000000002,25.315519117194196,10.933461527288456,45.246049620917915,4.495304287002668,-14.13015740978021,-19.57367384637631,0
205.3,21.163796610407104,11.527775898843554,42.781744943455564,8.256438449613173,-15.991163853067096,-12.985564147573994,0
205.4,30.487746542642178,11.644443350816507,50.076621828713165,0.193305303971318,-23.880638182731055,-13.643251094413632,0
205.5,34.80972144508845,13.236017852765182,51.459160107773336,0.17260680120035887,-10.71428842646154,-32.986152815329916,0
205.60000000000002,23.25745671073919,8.325624820326533,37.93919035331941,0.1362964226633399,-16.18764926675878,-4.1731000055235326,0
205.70000000000002,26.72728355369102,10.78812410162917,43.015951766589836,0.33748211331641365,6.141753666174367,-1.5455000276213964,0
205.8,30.19711039664285,13.250623382931808,48.092713179860255,0.5386678039694873,28.471156599107513,1.0820999502807398,0
205.9,31.055303118274164,18.831546929728344,55.719269188945134,0.6497480132311082,21.848270866817465,21.735780987476527,0
206.0,32.03333333333333,11.366666666666667,51.61666666666667,0.24733333333333335,9.40666666666667,-2.5233333333333334,0
206.10000000000002,34.768350854710405,13.265971719334843,52.192300643890505,0.6094232966193207,25.22670354277794,22.487157388667036,0
206.20000000000002,33.34947227242756,12.994152561988308,50.7033364759509,0.5357530488119059,30.239108545465335,3.2411168395950956,0
206.3,30.39115053530281,12.769197298134369,47.89714760951404,5.415298203105463,-28.90447218524234,-0.8179350093838451,0
206.4,18.242662323410144,10.787002989862291,34.14092933641026,0.3109316938795909,2.1792903040001566,20.890464119256524,0
206.5,23.42869565216916,8.345652173911342,37.76869565216644,0.11117391304347295,1.0986956521563842,20.99739130435273,0
206.60000000000002,32.665094404361696,11.926988545184281,53.00944155560846,0.33792359343754924,11.030998397494477,19.116732151270742,0
206.70000000000002,31.77732613602017,11.835589485157218,49.88778906527954,0.7533090993641831,-14.070728503366535,16.093856550014674,0
206.8,29.653746126156676,15.01230697100104,50.204841369316746,0.5157837483263296,25.921774548886862,1.7068246935660074,0
206.9,22.34872890043746,9.916251609591166,215.7508108301951,0.4663735833125302,24.713276451931236,164.1053052467612,0
207.0,26.215000000000003,9.13,42.265,0.295,9.96,-13.704999999999998,0
207.10000000000002,29.036046561233427,9.754194529061596,36.49061279986263,0.17960427359839487,-12.628542471872553,-14.637719226327468,0
207.20000000000002,11.662710506553212,7.261742118942524,69.38523227703978,0.27366594230884567,9.384678618952636,14.912315550843994,0
207.3,32.52224007707845,13.629910693983241,50.95870383096869,0.44653964168459015,18.0616563284946,-9.215729156904334,0
207.4,30.84398865151805,12.432299405973753,52.171204986590155,0.5961364984161976,15.109112330900619,11.45496523047754,0
207.5,25.561290322579772,11.96129032257981,45.285161290320374,0.1252258064516068,-14.025806451611324,18.07096774193584,0
207.60000000000002,30.750289648213403,21.334207952605674,46.34601601431945,0.27080571370022316,-5.561947692400654,-1.7646906217554026,0
207.70000000000002,22.008441554348614,7.582593567903896,36.162176024929124,0.2808453264204339,136.1020577845182,16.252330409541106,0
207.8,31.673830254880336,14.034214037209374,49.686448067049376,0.6982997393838151,-3.4228133535406897,1.8873430494539107,0
207.9,26.300829728972857,12.708750940316296,47.04448075339373,0.1794656191605893,3.6885561620605323,-14.105720477197838,0
208.0,32.91,11.33,51.62,0.086,-3.7699999999999996,-32.58,0
208.10000000000002,30.873661302222104,11.964879235521385,37.559722996848144,0.16593425828577602,23.614341492752892,20.20289487508009,0
208.20000000000002,23.60767012944581,11.990056799498822,19.30583196623448,0.24381495082411725,2.6442677066824434,13.086562440335992,0
208.3,29.683265472554467,44.462565540845176,30.375068654775262,0.9060609162916993,-10.202519233293941,-39.331254092608305,0
208.4,25.7920000000066,8.830000000002302,42.23300000000947,0.1142999999999838,-15.653999999982162,-14.835000000019738,0
208.5,29.681052631578925,10.531052631578923,47.55052631578897,0.19168421052629595,28.687368421053048,-0.6121052631608994,0
208.60000000000002,28.84279729385965,15.95706327492196,73.56483837048265,0.18135125591017132,12.072604019326775,2.663930781766549,0
208.70000000000002,25.48822605171198,21.718869787169737,101.43500919823148,0.18425404098445614,-3.0106008950805396,-18.022574425923487,0
208.8,41.07769031452722,13.041457321312132,40.57984216721714,0.6602701673159578,-11.624726988560834,26.08721669442985,0
208.9,29.616594104987424,12.074791294743278,50.27045888916516,0.9773697687536886,0.4693858202684069,20.516675229422827,0
209.0,35.41647058823605,12.159411764706197,56.049411764707116,0.11911764705881911,21.12058823529723,-27.831176470587398,0
209.10000000000002,28.98280248126978,20.86709692222077,43.70738811231241,0.14168585786947185,-2.942963836040547,30.96392152037082,0
209.20000000000002,15.397071190398531,136.1671664140826,16.51311702630976,1.3425603319737183,-26.649938692527535,5.270547649681988,0
209.3,22.62742241676028,10.698929712676248,28.324538364674886,0.7567156959037515,-3.489132156603154,21.538160457541757,0
209.4,31.001176118022443,14.81262594885452,59.413176608039656,1.228412853521077,-0.6347849367207132,14.42433821763903,0
209.5,30.83750000001256,13.202500000021049,54.5175000000434,0.19075000000002665,17.667499999977885,23.420000000026576,0
209.60000000000002,26.098295227576397,80.19841242135941,33.11887892895762,0.18002773363726293,74.19368367594232,21.858022103201385,0
209.70000000000002,16.300606623478224,11.477543784636703,24.616809531158115,14.076432818694157,-28.20506209040034,-3.0699458694635324,0
209.8,30.81149556403334,10.420267196009792,68.02717083810158,3.6062020173943097,11.766838282374461,-19.4039186678765,0
209.9,20.19775824138279,8.656385393170932,34.86575897674865,0.4077560221263605,1.5383507582499472,19.555351345683466,0
210.0,22.704999999999764,7.971249999999987,37.11249999999987,0.09287500000000033,4.600000000000062,4.468750000004981,0
210.10000000000002,27.090950851596034,13.579727075840502,41.40934963004831,0.17984223314393186,-15.257955083926513,-8.194792480654394,0
210.20000000000002,43.78552709403593,14.957960622171534,68.76553485057087,0.22340732908522815,-2.971746189392401,19.675865469269915,0
210.3,25.139407232973547,16.97878096384651,54.92527088996882,3.976652442025724,-16.10306117029787,-20.28272518268273,0
210.4,31.456869679883763,13.752552349051832,56.24536031864804,2.7418027802834692,-30.386569061686284,-6.712547226521185,0
210.5,25.09129032257877,8.507096774192838,40.25806451612617,0.12809677419355708,-4.754193548380478,-7.151935483878843,0
210.60000000000002,29.302237308635963,11.379585142718922,38.434699689782796,0.13838964469438,-17.624982073264484,23.721691515987633,0
210.70000000000002,26.662342391725215,12.433082785909644,25.84097619382935,0.18202871673871707,-7.632914528441277,45.55263292607523,0
210.8,20.995458843511273,18.624600008005423,133.2715124676618,0.32398978806901757,20.622766754846765,16.67381580640389,0
210.9,25.52347262210499,11.413687802302134,44.41581516003984,1.2243053367207537,4.664659795139574,2.851058416603946,0
211.0,23.664615384613885,8.385384615384147,38.2461538461515,0.1283846153846179,1.3953846153816998,5.96692307693095,0
211.10000000000002,25.365135752179427,17.701560985096176,35.65425484149808,0.44165268052650286,-28.374817738597148,-1.808953980091009,0
211.20000000000002,16.002659006406525,14.977872773061312,102.70829122049544,0.17114083887709902,-61.96118067425979,7.094997164337228,0
211.3,32.62520341776233,13.245757224635476,58.62872898714603,0.33149120142104926,20.961273631468593,-47.039705717037194,0
211.4,30.288050832034344,10.97484862467781,50.40668234941204,1.9124283656364816,-22.501865335833674,-4.199556618080509,0
211.5,29.832222222222697,10.321111111111243,48.08666666666731,0.12511111111113374,12.004444444449945,-24.709999999995713,0
211.60000000000002,29.335917234383057,11.161683085733074,42.07427385541688,0.20039026620152697,21.922433461181903,3.5458691272743597,0
211.70000000000002,19.627642721508515,12.108640787071542,42.424562665313566,0.1942707358313166,-15.040605957625036,-18.777926540844724,0
211.8,36.44817383214307,11.886274590282426,47.480323408531696,0.7691453599249899,-0.6925840870449278,17.413161552761977,0
211.9,30.92,10.58,48.02,0.1679999999999997,24.21,-18.58,0
212.0,30.781923076923626,10.887307692307886,51.14769230769324,0.12503846153846174,24.29846153846327,9.361153846153393,0
212.10000000000002,29.776740631307277,101.04854934405623,44.89059922041197,0.12240416483822074,17.330501354257002,7.735403581152475,0
212.20000000000002,54.268769101154156,96.65833973853562,35.48501180775996,0.1582459910355334,17.44832568326793,9.670902385029287,0
212.3,49.31528857659677,13.954046595625293,81.73134525933492,6.882720902825424,-27.062752219209536,15.030033924469747,0
212.4,35.22682379546831,19.159735906219034,65.51401517853537,0.6046442319383852,-30.048458417788435,-17.489499347723253,0
212.5,22.475714285708715,8.033571428569521,36.584999999990714,0.2095000000000254,18.412857142858417,11.031428571418143,0
212.60000000000002,33.60305361485782,7.366583897029904,68.64815629139665,0.1737413635131061,20.61450656202414,-0.11051388905268045,0
212.70000000000002,46.789073309669085,8.608850286565653,102.75090338067885,0.23105265076440898,3.0987787948567984,-2.5121603129289367,0
212.8,28.373523100970694,12.558890686218039,57.06347989469095,1.641635105371142,-4.044270401526688,5.589485796649856,0
212.9,27.263993846624686,14.75540279911595,66.77409669010717,0.9321946040310563,16.128341578872007,16.052309986289504,0
213.0,20.903634182743012,8.955968865786064,35.614959069957855,1.5264353603536343,-12.890890956417358,-3.820636917948036,0
213.10000000000002,29.476287150099875,10.289943802515927,57.93301736522713,0.12801275676855234,-6.451855403335639,-25.759666155863982,0
213.20000000000002,21.49000357990588,54.95677792223967,184.28224022330133,0.3518013791595255,16.276874460397778,9.001708075718934,0
213.3,53.149623434112044,15.818219659482118,46.129060777298314,8.768658427580627,-19.826678003250592,12.425672701478696,0
213.4,22.102616298788064,9.25411521428635,36.56305978409208,0.4472734602625934,-4.404034797356752,-11.886586264736758,0
213.5,23.25842105263368,7.842631578948143,37.04473684210896,0.09089473684212722,4.319473684216852,-20.83473684209766,0
213.60000000000002,21.45107434519958,7.897769673133368,32.4240566423002,0.2885030626902104,17.279577648668667,10.423930737074595,0
213.70000000000002,35.76316878562405,42.80034199517538,22.357092912703678,0.13633533782464496,26.15190006163102,-11.319249356227918,0
213.8,31.833818719103395,65.01359696363599,64.00867246223405,2.836227920822287,-17.354373706642505,-27.023502853232372,0
213.9,30.092595674558638,12.16596529664518,48.78592515397701,0.5454072308651392,27.932802980198975,6.387785100547558,0
214.0,30.22,10.58,47.54,0.096,-6.39,29.39,0
214.10000000000002,28.44561772277265,10.744440267325942,46.60252610621606,0.12522622061701585,-20.072058169058735,22.903030944668508,0
214.20000000000002,14.181023573089652,12.251143757731278,17.476149787690602,0.120477939834883,23.94608757527836,13.770524277495342,0
214.3,15.978669084564357,11.691904761983897,31.836786921069905,0.6115414258200748,-6.919900341924036,-16.607516976498832,0
214.4,20.47952485623762,8.709646823896412,37.98857450477765,0.4259032608299572,-4.684737789587977,-19.93619506857155,0
214.5,24.76641025641204,8.296666666667278,39.140256410259106,0.10341025641025674,-18.981538461537856,-14.480512820515854,0
214.60000000000002,29.488635667386486,10.290330957946903,44.76399257010525,0.11660343915838507,-21.434250000002834,16.095083333325018,0
214.70000000000002,22.436886844666216,8.987897788978053,28.837093244142988,0.1519460063435071,-20.659999999949694,-18.947857142861153,0
214.8,30.512760465993324,11.387897563698841,53.39064365439546,0.9391919823375612,3.953445832134207,1.3423087668644502,0
214.9,25.398739280395237,13.168501664174594,50.311987687524976,1.3082650248894996,-22.38780936842836,-8.048457032146931,0
215.0,36.64142857142947,18.62357142857374,65.6464285714326,0.10307142857142183,-7.243571428584584,-20.06500000000282,0
215.10000000000002,29.499020208615093,38.24101241840271,45.35240420342993,10.84781958107687,9.487241379306216,22.436206896548626,0
215.20000000000002,17.086959260120825,119.00741433184908,25.211914484639124,43.18062214199352,-5.328461538390258,1.0684615384701894,0
215.3,15.507643308476336,8.54552744720673,31.410416791534953,1.9318935462815405,-11.476295004599276,10.598853790882842,0
215.4,28.011120428970518,14.27662118206592,53.95958971959951,0.37112242245599075,10.940430073652442,-0.1633667991444554,0
215.5,32.78307692307691,11.19076923076919,51.44307692307694,0.1583076923077024,-21.265384615383372,-4.963846153854131,0
215.60000000000002,32.861666666666686,11.41833333333348,52.891666666666545,0.12283333333329821,-16.139999999996448,20.695000000020187,0
215.70000000000002,15.949698298244307,326.5868753057042,21.361620892378816,0.31179162600802784,14.914059405948343,-0.6651485148593181,0
215.8,15.420590951756889,12.704433189063144,96.95915614706908,4.268833126084747,7.705063894715995,-5.0326931366587555,0
215.9,30.631417938956947,14.996186149149327,57.10548376737853,2.94708263828791,-30.61314887291093,-0.11076175119194369,0
216.0,30.89,10.68,49.65,0.095,-26.200000000000003,16.089999999999996,0
216.10000000000002,25.690523914549992,16.783572775367663,49.581261867747,4.257697917284611,-11.578507654042626,10.622211362585727,0
216.20000000000002,46.55279203535676,14.077072700087337,20.91801780449534,3.1453754530341897,-32.02647058823844,7.129411764692739,0
216.3,24.109965310568082,11.184857735849052,123.72647733088603,1.4781446358531527,-16.05033419862233,7.920750202375132,0
216.4,30.07867835523111,11.938715217812739,56.02203101535531,0.141851758494382,-14.378584795727273,-26.419369996251973,0
216.5,31.79999999999948,10.778333333333089,50.52833333333204,0.12616666666665324,-22.70749999999388,-21.375833333336725,0
216.60000000000002,20.030492362013913,8.740464172223163,31.365781492196508,1.1965732717736923,-9.029060126844218,7.546494617639738,0
216.70000000000002,19.79262013577344,12.005336878140966,33.49091434748638,0.42551171971723833,12.061338910937291,-12.950642016988148,0
216.8,114.74090932436849,13.348528069985932,28.34092257530162,0.31267182493772083,15.366231491740786,-11.85416456478998,0
216.9,29.34199999999109,10.077999999997147,47.24799999998635,0.12160000000006026,15.994000000009288,-21.0479999999652,0
217.0,27.331818181819898,9.302727272727882,43.97818181818475,0.12009090909089665,-11.353636363644751,-2.729090909082764,0
217.10000000000002,35.52797165953838,8.557076901204198,49.61202479850841,0.14334784475259724,-2.867485601532302,-32.832336623592795,0
217.20000000000002,51.354825087182604,13.241886565156882,38.76996133493959,4.942086227536307,4.666000000061441,-4.374999999996397,0
217.3,22.18421610396232,12.312449465174277,95.212952936075,0.2633536654736096,23.834237716378414,-21.49380726052576,0
217.4,32.19999999999967,11.247499999999892,52.117500000000554,0.1232500000000675,29.65000000000308,-10.334999999983918,0
217.5,21.286000000000094,7.214000000000008,33.411999999999956,0.12519999999999973,-3.4140000000007333,-20.83,0
217.60000000000002,34.80099305805438,12.833209795750497,65.2188449355746,0.2587659667310875,-19.816340442588903,-27.79743084768482,0
217.70000000000002,18.76569656545618,10.75449562114433,27.23626007443541,6.82656788627698,-31.144444444435365,-7.942222222253619,0
217.8,33.239999999999576,11.740000000000142,53.566666666667885,0.20433333333379916,25.983333333313787,-0.903333333271723,0
217.9,28.8146633612969,11.553674625430414,49.09449892352061,0.6181411652303622,19.769586269923114,18.85624337564131,0
218.0,32.98608695651979,11.056086956521375,51.36217391304136,0.10895652173914505,5.433043478261725,-27.51521739127838,0
218.10000000000002,33.9434651189596,12.461205852737498,50.528891069963315,0.265648437376794,-22.3510332804462,25.521525518366875,0
218.20000000000002,76.01020362327856,10.776196098567615,14.896174111463388,0.24453968875924942,29.52454545461558,-0.08363636370975769,0
218.3,29.20114171625647,10.857262682602295,47.017484857109096,0.15693521063738186,-5.973614457829662,20.29963855423089,0
218.4,31.47618626771971,15.149141766766554,60.8787866975352,0.34027542703130476,18.456316854540475,-25.497329078832987,0
218.5,33.009310344827995,11.506551724138092,52.57758620689685,0.09482758620689276,11.211724137948007,-0.12931034483215065,0
218.60000000000002,32.46925853857462,11.42396512086326,48.00694439848438,0.23886984828568603,-24.834905775896097,-16.068419151286925,0
218.70000000000002,26.131336975710187,30.626520624890578,46.208326491932624,0.23385069020987206,20.99030207693845,-20.212119044760513,0
218.8,28.65385665686609,51.73627881317668,45.16702315351516,1.0980358387057967,-19.640161290341368,-6.390806451609658,0
218.9,18.225803423095204,9.160836136716942,35.505160476846505,0.7260760774162556,16.84412651595316,6.373383659233391,0
219.0,31.15000000000001,10.769999999999905,50.42000000000003,0.08499999999999473,-16.25666666667381,-3.5933333333514774,0
219.10000000000002,33.09487963006939,12.214893604598409,51.23557320522938,0.32482255062510346,11.400294653354802,-12.15634185097218,0
219.20000000000002,95.11123260720635,15.33956279645222,31.453398502006532,0.21508568310306844,-18.45499999999988,28.598749999997956,0
219.3,16.132418471711386,12.711736291367801,37.992011992819286,0.1454680386287354,-6.623548387091194,20.05322580645097,0
219.4,34.379693050241,13.307982794258706,49.844991621503176,2.07916823324361,-16.393052185417172,-10.994921049715611,0
219.5,24.56000000000359,8.316666666668002,38.63333333333938,0.10466666666668285,1.9066666666764327,-21.70666666666812,0
219.60000000000002,33.215218001898215,11.309170294755871,54.21227209757202,0.21698729507853806,8.089362295651137,-4.206619078583003,0
219.70000000000002,19.877129600321265,19.974967130546098,110.69708402986439,0.1580234237685548,11.404999999986774,27.013181818182648,0
219.8,27.89784079772452,10.880529336971112,41.776877749356075,0.16618232246150041,-19.27517241380633,18.85965517240653,0
219.9,31.552436861327852,13.557625533325153,55.63070126426512,1.5463254118097134,-23.174004345730175,-16.12176007020684,0
220.0,29.69000000000065,10.626470588235478,48.567058823530196,0.17111764705882915,24.475294117647785,16.08176470588236,0
220.10000000000002,18.830024066729997,8.045294996638708,34.21644583885295,0.5562056443639285,15.037993656857344,-2.9343145973079667,0
220.20000000000002,11.285309635106355,9.552056534347937,16.69490823229006,0.20393150124508613,34.92692307692284,9.509999999998524,0
220.3,24.28728010538434,17.542171804878084,39.025135886661815,0.15436837391473826,9.698404255312138,-16.388936170218322,0
220.4,35.177438320714494,16.557335979572187,56.49446294129397,0.5683203347489707,-6.846056423388566,11.322141855165395,0
220.5,32.24000000000118,11.022222222222627,50.95111111111338,0.10033333333332543,-7.712222222229448,-30.39888888888814,0
220.60000000000002,35.2029808295786,10.694547779336546,53.01590292755861,0.17076529577594665,-9.613487729360282,21.97411776146616,0
220.70000000000002,62.76348657268408,21.523512306578382,14.388208200939118,0.1616597769652544,-9.239999999944066,-20.47999999999106,0
220.8,43.2398036714466,19.36577546318545,43.81779175111585,0.12735444290299472,-6.208133333328771,-30.17386666666751,0
220.9,27.666045967747564,12.789657265021601,50.2193441547939,0.9833033588402351,-11.085411864148616,25.284678127890675,0
221.0,29.122857142857075,10.926190476190456,48.01047619047603,0.13023809523809654,20.629047619045583,15.24571428571705,0
221.10000000000002,32.45182029546628,15.319019279601937,54.77201192260476,0.3337655754517223,9.23189500482859,-15.798493955803558,0
221.20000000000002,20.465283805063862,11.141584913900124,43.024827791866414,0.17238347634679288,24.619646976943926,11.516333849235071,0
221.3,64.63828992249604,55.7067587814451,110.64479749044163,0.1669759556381576,7.211600000018924,-26.547600000008856,0
221.4,32.24724325083916,13.41471816873737,54.02394458499682,0.7902930951377192,-5.501948577410722,20.95154359358729,0
221.5,28.91545454545736,10.12545454545553,46.17272727273155,0.15936363636364081,-19.16909090909411,-20.816363636364525,0
221.60000000000002,12.964664540846938,10.425433294819584,37.96987589303556,5.651490594690677,-9.600075795535574,4.161302115236607,0
221.70000000000002,13.64501285443316,10.852680619432023,32.880354943898126,0.15664048533533284,-1.2145454545656946,23.759090909076548,0
221.8,21.59435076809047,8.455101977954063,34.029046539506105,0.1392226487725903,16.477260273974046,3.9445205479486916,0
221.9,26.365817588191767,10.848197617711685,44.2541715348507,0.3789394582585888,14.825584537778816,8.559829856103635,0
222.0,24.385188855239434,9.081537793751615,42.65289219986003,0.21159775219093974,7.775885222873605,-13.247574616407572,0
222.10000000000002,31.64940465596719,13.5931101908652,55.589542793467345,0.42860169864419445,27.646267639175164,13.070114378451123,0
222.20000000000002,26.798024911849772,47.48588964499052,15.742176954287073,0.18644061034957116,21.934444444444786,-23.293333333324036,0
222.3,41.832074522052395,12.722580557291503,48.647934759664125,8.95066345902881,-7.847647058815891,-27.366941176478825,0
222.4,22.08764450769418,9.787510113893848,39.67543956509638,0.702625313751941,13.390942868289514,16.33969596903205,0
222.5,31.11072486737919,12.841380598109486,50.380135309124285,0.32201275807574553,16.81889770602915,15.029020286094172,0
222.60000000000002,27.639226425291483,13.402958938577804,49.17697054643737,0.6340933131365719,23.652329988445068,-4.0437791677805635,0
222.70000000000002,16.148276464484088,9.100475784142702,40.74835974750928,4.5883791309337285,-11.769285714296187,-31.24285714284443,0
222.8,36.7093553983316,10.93071264521984,45.49375122547946,0.10523395262979678,3.062500000005354,22.10044117647991,0
222.9,32.239910420054464,12.20408202242777,49.92009477581007,0.2661660983610981,11.806326772000144,-30.000373491248588,0
223.0,27.244554909345023,13.236735616310568,57.405955973634725,1.9347035589588315,17.09894844356696,17.390453542056726,0
223.10000000000002,18.57665465782402,12.473604854427151,55.980826278759835,4.249808649051608,17.95843664099606,4.680088387371949,0
223.20000000000002,15.67284659201056,9.462365093691265,99.94186643367823,0.15356864990810523,18.445333333298336,5.351333333280664,0
223.3,28.17975971328505,9.973256566608026,40.15412845568065,0.1223547249695279,-15.900833333337124,11.38069444445491,0
223.4,30.885234454329236,11.338748246599364,44.908821155271994,0.3474041081274055,-24.288925266290324,-18.28949915842452,0
223.5,28.631371684929242,11.741757125350814,45.785309321084405,0.5697648013621569,28.415353388617486,0.607933358797422,0
223.60000000000002,26.245479350970456,16.3791011959944,60.80662684527346,0.8137377245961885,23.96393298152174,-0.3287290149063312,0
223.70000000000002,26.732892952982027,8.076652204641691,26.453439025468157,0.17880969390936904,15.911538461518507,8.750256410256885,0
223.8,28.2565676570915,10.01361467410856,59.21893145317101,4.964566860363311,14.895384615400843,6.4419230769253,0
223.9,25.678849932997565,12.496619069568453,44.65060361094064,0.27113657899535504,3.9320444099813727,-21.262538190394054,0
224.0,29.814093929949077,11.317241095488026,46.92661275079027,1.5600757958651585,-5.351482932317224,21.666152931844746,0
224.10000000000002,30.8364478348573,14.117796952957036,48.47001233698124,2.857870499712562,-19.748459331042998,3.4289491806224888,0
224.20000000000002,19.65769184390888,11.781586785903004,18.71399303377954,13.395169626586712,-11.200000000010366,5.750000000010816,0
224.3,43.28292768207906,10.120492678712875,41.47512052183875,0.14061437915286668,-5.281733333340625,23.033866666672726,0
224.4,30.518223645903245,11.13307996200439,44.42324279004828,0.18152873616318901,-5.991292878248235,-22.885949409023226,0
224.5,29.325343356437557,11.851071785114609,46.28635243393508,0.29703180852429306,16.31345677755725,11.442183948922045,0
224.60000000000002,31.752142966486222,11.05550073562755,57.1401106889923,4.510157030716073,-28.28021120679699,11.144358798113409,0
224.70000000000002,15.908214690655207,71.43222776876792,13.838064804874374,3.7352070005086535,3.300909090839074,5.357272727265737,0
224.8,29.44405908278195,20.31386976165602,117.20766128018627,0.11525138667314225,-18.05268656717664,18.788805970148044,0
224.9,33.20773969666029,12.70703668457577,54.911529583461856,1.0333366452420167,-9.835599642799323,-14.331212646574365,0
225.0,31.20828030718441,12.541280522428323,49.615946301986384,1.5853895185374762,-25.54897784737541,11.45557489640901,0
225.10000000000002,30.08537037681882,14.718277594415492,55.21106816955132,0.8168841898704189,6.505794468738275,28.998705137213356,0
225.20000000000002,36.62192589926808,13.870978406772235,88.20044161075413,0.38164543558113967,-16.725000000001998,7.414999999965374,0
225.3,31.59461294456418,11.700870663115214,51.3538328000098,0.17554122122668925,30.19925077827418,-5.360713792393453,0
225.4,29.71349429954018,11.0860230979083,43.379457842490744,0.3442782349159713,22.230341954714415,-19.424790857973672,0
225.5,28.200519522046704,14.200581151536701,56.01055070923994,0.761540990664377,18.425356249698794,21.25196407166934,0
225.60000000000002,27.611583450395873,16.987743285755712,49.00196770235117,0.5725427509892483,25.891049410540415,3.166298303916033,0
225.70000000000002,62.05040722472796,9.109625490055409,30.333337348455135,0.14087070796331203,15.320454545452597,-9.943181818160273,0
225.8,29.2844805679269,18.962515307402928,62.88112044773052,0.16634464797522758,-6.020877192990682,-17.988245614042707,0
225.9,32.529142508613845,15.363472626632065,59.1981431822441,0.2192847220599486,-20.747041708679653,-16.372157790712482,0
226.0,29.514004690693127,14.168801867782005,50.98876412417479,3.324651125722147,-19.16952010249922,-8.512167947845164,0
226.10000000000002,20.35605153309908,9.787274209438129,34.05551502967593,2.3190982263166333,-6.55030515191757,18.714341702612128,0
226.20000000000002,22.958747257144974,11.341305928241352,16.374212462945916,0.16045439020766653,-2.938571428560205,-35.817142857140965,0
226.3,33.35166486784409,8.242748939941393,56.057943081636054,0.16834297158320993,17.298484848487785,15.218333333327394,0
226.4,29.77790223970056,11.51475926551949,45.76690293764077,0.33129378186304326,14.773815086159559,-22.238775826251192,0
226.5,33.310010890354675,13.195837047721543,50.43356091356509,0.27866610089552996,-13.68246217559072,-22.90012867091217,0
226.60000000000002,32.69472989192633,14.55792360055687,55.95493635714556,0.943948670700739,-16.537355695094973,24.70334939113938,0
226.70000000000002,71.20721504547721,11.70337001195636,20.039613777395083,0.19515675368565516,10.061199999993207,-11.305599999980927,0
226.8,58.086030196379326,12.318563241587963,41.70354717154757,0.12587449372881698,7.47285714285276,29.458928571428842,0
226.9,30.890253968226784,13.164001770679205,57.5261043980988,0.22178025759475792,6.652787039589857,-26.84385264811668,0
227.0,32.00697797014865,10.113923468257543,48.636071818484815,0.4483308733494761,-24.086998610011168,19.47277144673477,0
227.10000000000002,34.496838071825785,15.031113322653592,53.195331600706304,0.0806269080545807,-19.531723390069725,-27.48207120149745,0
227.20000000000002,10.7165365490702,11.834616158508181,34.08090452385037,0.18286424261536072,3.9218481088016652,35.72598783337206,0
227.3,20.228012871683227,7.560905068312689,34.01919338809878,0.20017493488988136,-5.9849999999976,-22.591428571427166,0
227.4,34.43938569948404,16.857990993669173,60.08087020226337,0.24905334564050208,24.377040666276002,-24.090313589810492,0
227.5,32.39203520653215,12.477610613581678,55.08700058636204,0.3054516383714546,-4.272387714768925,-13.814177814930119,0
227.60000000000002,32.63943776136592,14.994757116757828,53.90324492695072,0.2801479462959773,5.385060368346181,-13.96614957899524,0
227.70000000000002,14.185173674901796,8.557205620831002,13.919934128924417,0.3294358467188566,-13.082207994862557,-10.478964840455692,0
227.8,26.800822698631823,9.675611272050928,60.46007698107431,0.9722152044547051,-26.521052631579714,-4.373684210527483,0
227.9,14.892160834473138,11.846288065139783,44.038553451351085,0.9014286166357075,12.68525461616595,-7.801329962144724,0
228.0,33.589841386935326,17.55188797083228,63.22138840301038,0.4814254382112948,-16.163020206096224,26.955697386011614,0
228.10000000000002,21.576905336792553,10.7309553923468,34.16217008265225,0.494698042394163,5.609814700986168,-5.7417961978707375,0
228.20000000000002,76.01631710567203,15.280883533887645,142.01265119215657,0.15230251499144706,-4.729999999990543,30.349999999999017,0
228.3,41.49860154706957,12.053669213178905,70.21270604363056,0.18313562149480384,17.52189189189273,-25.567972972973493,0
228.4,30.892744735974546,21.416986285107452,62.625876166481596,1.5567256924925679,-28.389458606913685,11.87352045118803,0
228.5,23.655453723696592,8.692975062433673,36.247683751823615,0.21885454708106367,22.389427214071656,-5.074989584886506,0
228.60000000000002,30.730098858346185,13.067180539312012,52.73176552817308,0.3160232047435877,-15.375027177640936,-12.141485180387384,0
228.70000000000002,20.118705751839016,11.292092125598918,120.30369343381555,0.22859506469458282,-0.37083333340223845,28.04250000007005,0
228.8,21.07700366009732,113.30170664581095,30.621436025134628,2.047072750664399,-10.667272727279464,7.299090909087466,0
228.9,24.900312690772676,12.684652127270393,48.273372016388024,1.1847145670938544,-9.321843036372961,-1.9992875733665585,0
229.0,31.167980832847775,11.614945155527616,49.12289011480969,0.17284578333692074,-11.581199449474529,-14.945093301015046,0
229.10000000000002,32.52059126356935,14.42747186974327,50.038263296358785,0.27463824107748797,-26.455404515277724,-14.230249547039824,0
229.20000000000002,67.08968055638348,9.872219007442917,15.505759128502191,0.11828386406277286,32.16863636362449,12.480454545473226,0
229.3,43.42111043349056,11.524992435406615,70.70265486563882,4.054767887484319,17.541746031768668,-5.528888888891125,0
229.4,21.040224543615437,10.008600588035373,36.00414987943717,2.7334721770298107,-20.906039436953154,0.41629582744477744,0
229.5,30.9485150703482,11.33476527486688,51.34073018245574,1.85892544803504,-3.490531083779313,27.052199973691867,0
229.60000000000002,32.26736708320322,18.514061899762584,60.98088074898733,0.786262907414278,-4.204606666963182,9.779118602791533,0
229.70000000000002,20.880856400707135,28.350703501645935,54.85704813530832,4.849377494762133,-33.045000000007285,-7.172499999971099,0
229.8,30.147649872566227,18.46252662043384,92.81973501250528,0.14837397932756957,16.682405063290936,-25.766075949367302,0
229.9,33.42332791757501,14.458484760491116,55.38022219179862,0.10356370326787852,-14.272092550369198,-29.917740077539776,0
230.0,25.689583343581152,10.537360416144821,43.645321429552446,0.40148220095605613,-11.963349457536115,-2.7438572873850404,0
230.10000000000002,27.61113639853717,15.830425803928843,55.936642563174644,1.8009108463416947,-16.87253425442939,-10.49536998043815,0
230.20000000000002,20.07219420505573,9.554132055348123,27.870000038385246,0.15212933219629204,18.16857142859607,-7.356190476169241,0
230.3,19.529396001668054,11.86138832057417,57.59459054454667,0.2246633412701851,3.639090909089969,20.839999999999677,0
230.4,20.162515350017042,12.815829932616847,36.982188273965164,1.4132051551265554,-18.377753594347258,1.571864252985261,0
230.5,31.65505995940226,10.705333684832775,50.496179418108326,0.1473090195358719,6.798249581881557,-30.41194285224963,0
230.60000000000002,24.492245659838797,9.808563153313637,39.77097118428651,0.504750528929576,21.962423552887504,-3.597207210487305,0
230.70000000000002,19.499730689650896,8.534790390237182,39.46701812312874,2.8617385375430056,-23.569999999988468,0.9700000000138173,0
230.8,22.337874524665374,8.21483209676701,36.463406620086836,0.10591154229168737,-4.037560975608962,14.557560975611292,0
230.9,24.462206332156722,13.951590469536221,49.393726458275836,0.7173577638323765,-12.651738916623662,4.033375552223358,0
231.0,23.765233506331874,10.247105829753709,43.893927813540614,0.5244024307862051,-1.8288614962502372,-1.7032652780794555,0
231.10000000000002,35.292322002535755,12.77392058070151,59.558776159769536,0.2872711942031012,-18.71440865364946,-22.983951435194218,0
231.20000000000002,72.69024384461866,9.710271633534086,98.0669900132941,0.193196495443351,12.344285714236033,-23.111428571424273,0
231.3,30.194380357915826,10.952112597909313,49.01587452337154,0.3584406728463154,-3.593968428217839,29.664587824634474,0
231.4,19.733391736872125,9.53123943681031,34.85113316524449,0.39125134332464473,-0.44534645461232714,-19.728365768859824,0
231.5,31.641290172107905,12.396268100002953,49.655198967150056,0.22365392991761085,12.444468485347802,-24.51156296109886,0
231.60000000000002,33.047436932975835,20.548335499814552,57.691011029304434,0.2882950236620713,14.678997739957223,-29.59367669790748,0
231.70000000000002,17.528735651001593,11.366933985448295,125.06543425967689,0.21562981117851934,-0.6751428571287517,33.190571428566656,0
231.8,26.32456346362991,8.626347272977947,24.694140914672893,0.20863294230947244,-12.534285714331915,-22.04000000014191,0
231.9,31.397475934942175,12.696875167457524,55.130198555626784,0.6687802666441366,-3.5814182060269566,7.906491559458342,0
232.0,28.036153846154143,9.73461538461548,45.41538461538505,0.11792307692307595,4.160769230769938,-7.207692307693417,0
232.10000000000002,20.361027371432606,10.432389295869704,49.153514230874464,0.449286772228227,5.914734724212432,-18.726597444272038,0
232.20000000000002,20.755904789318365,7.076429888982979,27.67571785276316,1.1881811919851284,-21.460000000003355,23.426666666659287,0
232.3,53.51942577524098,13.156007983750893,45.77077312347038,0.632606090507657,-16.54859859182808,29.869934332592052,0
232.4,29.398057159604914,11.89189517066967,49.71025407543447,0.33775017663340123,26.966961328197748,-11.705917370576636,0
232.5,30.80509318304576,11.339906094770065,52.66504372706404,0.2696996471905672,-13.40455563657873,13.749656549536397,0
232.60000000000002,28.815579272486783,13.343196064805369,51.669898114765715,0.7264720534780165,13.083273766482328,10.77152637218916,0
232.70000000000002,31.15749849963887,10.3320763030725,32.30654616348217,0.22208098078080027,-3.732307692259429,-21.738461538426986,0
232.8,46.16078858863309,7.625544376213364,62.43144497297574,0.16682589773625786,10.693368421053172,-17.16399999999981,0
232.9,30.70758163947269,12.979375094057312,51.34580071706685,0.7701366843777738,6.488442217782087,28.253672197567795,0
233.0,30.353543084165143,11.685044039734436,54.891621972250846,1.7234315591406266,-29.264379151489667,2.2104359142595094,0
233.10000000000002,30.667299010037098,13.269202989631669,58.955095457042724,0.7979360386425867,-26.683233138520446,-0.32626228619800024,0
233.20000000000002,16.982470494643444,9.303803461340186,33.842229556279776,8.159009203043034,-33.270741952228185,-9.145892835733033,0
233.3,22.565171454154992,11.661505628385367,32.967784248660934,0.4925245202596361,-15.944400018850764,1.810944566133987,0
233.4,30.58800036043265,11.845107301300175,50.32988969640758,0.18625100557789867,15.113390542396104,14.595827665391349,0
233.5,26.559227242833153,11.246145731371941,44.32252408924266,2.659650105663722,-12.495613735022644,-12.890130920098208,0
233.60000000000002,12.394759188175572,10.062020113258818,34.19792929875072,6.800766099307512,4.973082302077997,-3.0073120272236302,0
233.70000000000002,12.581372779109103,11.250220990203054,25.669197717587604,0.18974594300706854,-8.538461538480185,-29.1930769230744,0
233.8,27.10351400476049,11.434223328965295,43.852549656446925,0.1673445364620247,15.949199999999536,5.136399999999615,0
233.9,31.251045868136963,13.603774572138121,58.32096093572366,0.3175661033341804,9.184853519961685,-11.044139945593969,0
234.0,21.521336654823482,11.985471717529455,41.39389050693367,1.4700652237854432,-1.2566918157374118,8.810353518569329,0
234.10000000000002,35.30400203095791,12.339920711595347,51.58963216142897,0.2815745434366452,9.457014607054557,-33.80766766964762,0
234.20000000000002,43.423567846547485,11.018001302334172,91.12353722026306,42.890968906531626,-33.369999999995294,2.3500000000152674,0
234.3,51.31196594882128,10.007131404997128,120.94336821144107,0.10924162712799161,20.728165137616713,-10.56321100917,0
234.4,28.467173195396256,11.625604149636622,49.79835113110642,0.39427485790582384,20.968893447461344,-15.270243334664682,0
234.5,21.36184693853743,8.658425942378612,36.86653744073489,0.3693238899359806,1.2970020691469362,-14.475103202850734,0
234.60000000000002,17.29236803892249,8.578828191044076,28.931933962463976,0.7453274872923177,13.480711184901846,8.058783650576213,0
234.70000000000002,9.827092042868053,9.195174560047441,24.256173827286073,0.1920145670613681,27.668263356354885,18.219489852610597,0
234.8,22.637247142838852,8.968452491264745,22.333842816816485,0.22140099303423236,12.340624999975175,18.244166666666096,0
234.9,11.073945357154932,7.770584131682378,31.2392168360686,1.1815182452956534,1.4400496702477903,0.6063313320280663,0
235.0,30.989891474242604,11.960619008797668,52.84602952754529,0.17672483313127002,-15.2513613110946,8.688088075059778,0
235.10000000000002,21.998767162425434,7.132491879933022,31.045401556536312,1.1556444815897904,-4.053855820690365,19.14518534488693,0
235.20000000000002,22.41020299454552,18.250330041740096,18.910022808694777,0.22958837364053905,-1.4825000000331485,21.902499999990418,0
235.3,27.74307729685204,17.19966832152765,40.799863493549026,0.14472134492072256,27.093118279570533,-13.075053763439126,0
235.4,33.87650306651515,13.038351534564182,50.140997255099855,0.5416602808528218,27.375512306409455,18.854915576931845,0
235.5,27.22159700057538,10.516734927561991,46.288955533551864,0.18763908871244245,9.158321944034066,10.11819741210693,0
235.60000000000002,32.437911242086805,14.63123150562432,50.602448363623694,0.3405350082180154,-28.448619225465983,-13.997577252546925,0
235.70000000000002,31.467863769399536,10.588169086118668,39.13981327118948,0.12378491545087991,-3.347692307680032,21.4561538462561,0
235.8,27.290999580739488,11.159590222650863,80.07784986576169,0.1493280190125454,-6.54078431372788,-21.912745098039355,0
235.9,28.9094743133601,11.776106567271471,51.61939247907712,0.39853446842474216,-9.180392499200053,20.699279128673012,0
236.0,31.878190927905816,12.084702711609278,53.39469107415733,0.24873431200982138,11.61168204901212,-28.12197762088957,0
236.10000000000002,30.754722336363983,13.750263297086075,47.06014688392606,21.702950242603993,-19.91673015588071,21.446100885642142,0
236.20000000000002,20.792605191884693,7.90079326011828,23.320907695868982,0.24878026497135516,5.163999999990553,18.71399999994251,0
236.3,26.85374178775037,9.956405271765163,70.7975528973198,0.15179075271927905,-10.001698113207807,-28.93613207547164,0
236.4,31.41577836925669,15.045720099791872,59.4847945117872,0.8488401603412752,-2.77395649502642,24.063797141190822,0
236.5,33.44810583582858,11.776566203045258,55.55097989184631,0.39215910835465334,-3.3000331350835097,-4.136793227459595,0
236.60000000000002,23.150166741018012,11.763397859917092,45.904788587016775,0.6713703997429513,17.099779651292927,9.596415494369973,0
236.70000000000002,40.29692546808779,9.753188422113974,19.66723587054541,0.1356765254344187,16.259999999930546,22.489090909122066,0
236.8,43.697642474105244,10.975889684399254,40.85311084755475,0.10773467507640375,-3.5399999999998615,31.285853658536517,0
236.9,25.833785217526046,17.347308623970676,59.38109445874622,0.6139370304432177,4.3113671777106255,-23.96807449878447,0
237.0,21.580432826267415,7.095439711600413,121.45793940273506,0.14369291236941634,-25.534673692678727,20.481621106148868,0
237.10000000000002,31.47905289986921,13.903442596740737,50.511462078112075,5.671912824981929,2.321094687004141,4.873143475081763,0
237.20000000000002,23.159485460425927,9.089174315638118,42.00504462837409,0.1470721661993859,-27.56281550449663,-14.830332619289923,0
237.3,27.890643699608773,10.145819527844811,36.18072604161623,0.12295941441491116,-27.416097560972908,7.7492682926906244,0
237.4,25.850116395200175,12.735149054779772,48.33028667826908,0.5332115755447141,-7.137106355453829,-23.48470271909858,0
237.5,19.308946545342693,12.417372844036253,45.3717772684156,1.3323708379494856,9.368834571970375,15.044874118946005,0
237.60000000000002,30.157192158091984,14.564902085500728,50.702513895319136,0.5087633945945159,-8.781536362825507,-24.937254451838943,0
237.70000000000002,94.12693846728607,11.220567051468871,24.442474306866583,0.14699457034627017,8.180909090892639,-32.650000000003644,0
237.8,27.463958257506526,15.563712877409309,51.636824127213934,0.1385552346458746,8.19823529411814,27.47823529411759,0
237.9,24.176259568377336,6.383232297306251,36.83646347194148,2.8695921807396543,-23.8980321787402,-3.657211753709227,0
238.0,16.858495999287573,9.388001411356106,26.094645685762966,0.1417086465845696,-14.487538461536893,-18.00153846154546,0
238.10000000000002,22.687960942971046,12.49251285814436,41.933398221214304,0.4866913674029414,10.290805476130362,29.95833455326465,0
238.20000000000002,24.472045134144015,9.70794494394832,32.209999898596294,0.1373768207791076,3.0934020618564055,-18.219072164939767,0
238.3,29.258315590209925,10.66825662617553,44.54561640640748,0.12273516271122517,5.9129896907219806,15.095360824746166,0
238.4,30.59213024365751,12.587333632729592,47.90402194509133,0.4368828021505671,15.86376201469671,-15.638773648197443,0
238.5,30.276763450527447,12.073992928091094,54.0824029102966,30.117001542091717,-20.580994191402773,-11.770326570495202,0
238.60000000000002,24.4880034049237,13.48733226857091,52.78512269689263,74.05557277323463,-18.760901373971116,10.716449851016153,0
238.70000000000002,58.38195669285547,9.455010203134798,20.08963137844536,0.43388318943749304,-26.98799999998842,-5.2840000000308756,0
238.8,26.178041904223324,11.023969863469285,41.00942256644073,0.20262251974023357,1.2148913043456684,-9.31771739131623,0
238.9,25.63587735334884,11.65695336832757,49.0174825201717,0.4348257129920309,-7.922064998554322,-21.451591251907736,0
239.0,16.453123332874554,6.795672547488432,27.21691234871734,3.6415769386382313,-10.704239421203203,0.593103565061186,0
239.10000000000002,30.04570863306851,9.341754822407859,58.055180504040365,1.5688930421526344,3.2415445000146828,-17.414502867679943,0
239.20000000000002,17.231860722507005,10.558105315839049,27.360410325000885,51.079089498693065,-24.370352941173202,-7.964000000001274,0
239.3,20.518329872123307,8.127722500809174,32.52676613939477,12.463870181496695,-0.5291764705845665,-17.26400000000143,0
239.4,20.85791926048458,8.982164267765551,38.191694088981066,0.7503941331250665,-8.939261085753527,-11.031570125977026,0
239.5,34.88013087213847,12.408393459627971,52.39535332740267,0.3781614377113103,5.028027163841074,-10.65268021429431,0
239.60000000000002,33.72163495944374,12.363210980507723,45.374595917598825,0.715373836479565,18.519232116294287,23.13177487165015,0
239.70000000000002,24.836986533422802,10.539336614950537,24.85527204692272,0.2017076747410694,2.0000000000149605,-17.82117647060535,0
239.8,20.70721899304336,14.32121454171727,33.246737889355344,0.13574302812788747,7.896666666672937,-3.4233333333253775,0
239.9,31.57526315789557,10.79789473684187,50.22736842105221,0.16894736842101798,-25.272631578951568,1.4452631578634794,0
240.0,29.751541564314948,16.160912570445173,58.668964362597514,0.711737478232775,2.424039866904934,-26.62874226012028,0
240.10000000000002,27.090917866260217,11.913242176408389,44.049274342028184,0.34226475820169766,9.318002415089316,-6.02367210239491,0
240.20000000000002,21.268452371900217,8.622898639244635,103.66608434451017,0.4495054952706022,-10.5614666666697,24.09706666666221,0
240.3,29.535286456353617,10.315946577334854,61.96601845035937,1.8459855770905187,-26.56813333333485,0.5837333333311072,0
240.4,30.901428571427928,10.593809523809405,49.14523809523742,0.16223809523807456,-9.96904761904844,-9.019047619036744,0
240.5,27.204627197730836,9.921047317515722,44.35061411782687,0.2616459628848349,-4.674900447234004,16.769147074777994,0
240.60000000000002,22.6408904872115,10.194650597580416,38.73916598867436,2.7467005047883535,-2.5456645971888774,19.885645786804506,0
240.70000000000002,27.42992039534155,10.437767796389783,21.69636438389503,0.1250206834836361,-11.723905325446358,-27.921360946743732,0
240.8,30.870278309265927,10.752866455800406,43.17668947054153,0.10336345700330965,-23.049349112427215,-19.8681065088749,0
240.9,30.031709579031446,12.955076969072334,52.68178830978849,0.4982262612329849,25.627122460880212,-2.640761954188711,0
241.0,27.128303810255762,12.477774694104365,51.75497725813724,0.2679971640162456,-17.7197201336859,5.350032831851193,0
241.10000000000002,15.593289138491793,7.874871480339666,26.123097457282853,0.4220164594839061,-3.7970387093722984,28.076714627291683,0
241.20000000000002,67.20336463966267,290.1894653137894,90.44177076277936,13.920580110267707,-15.859171270714508,-7.013867403316522,0
241.3,40.07769953223044,75.46679968780228,59.4942547914113,3.295518486985088,13.024806629834487,-19.472430939226616,0
241.4,31.982949894747552,20.056734432675583,62.00880810801421,0.24277906125918935,-13.369851236877118,-27.36518984374318,0
241.5,25.37530857504284,9.958134535064623,44.761190777689485,0.9433115854740394,15.175923420343475,6.2875544088281226,0
241.60000000000002,18.294859730982825,9.800931611973857,38.89566322850785,6.458059078551733,-8.981247700284907,-17.90821157253045,0
241.70000000000002,20.887175904858815,16.791149515836373,49.2219021598689,6.450642039772212,-14.017274789376009,10.10537390798945,0
241.8,28.044453525651612,11.595921754955688,48.80055558888482,1.9416307187044026,-20.08034209408905,14.322343640125995,0
241.9,31.666660122829036,12.136575934190056,51.33803694470956,0.6466512178009026,-0.10836141331810367,14.350294911385625,0
242.0,32.516170920638324,12.505117855854818,51.579658479244586,0.3887932005362479,-14.891305118074998,24.762857352664728,0
242.10000000000002,31.41430599796294,12.859470402485805,48.42463028935079,2.9242405850630253,-31.270402732357176,-1.4072768586907398,0
242.20000000000002,131.69907262612455,10.306038157188315,17.598646178058758,0.13925471000292022,-25.267423312880947,-10.311042944782251,0
242.3,50.96982253405095,8.221338772379019,29.57773655903953,0.13468922824896318,-6.48828220858552,12.492638036813993,0
242.4,32.47978980940826,13.521566148491184,56.30672882865743,0.35547660778270007,-16.06364109463011,-9.629540581079851,0
242.5,31.643568337055633,15.044216149140286,54.88476884021575,0.3542636965181848,-25.678474670975945,-4.401807738491239,0
242.60000000000002,42.66413236892505,17.696745012634022,66.18075027665628,3.942823619311323,-23.836950179347866,21.608412798987285,0
242.70000000000002,27.52630936976183,16.203810091283202,59.978100301560836,3.4062597265930594,13.559761544361894,-21.362436023528897,0
242.8,30.782994469944967,12.147033097988519,52.30263853112959,0.9475983984446055,5.783021894852913,-28.72979292850651,0
242.9,32.36413999258629,13.556031714140579,57.21521690225854,0.3096611802214376,21.225364056142944,-18.395343854576325,0
243.0,30.75096213022462,12.415000316182205,54.668927609204054,0.27435075027492706,-3.281819186232905,6.465839544292283,0
243.10000000000002,29.912594165810674,15.798082614958298,71.3039056529745,0.4877865035930727,10.819732158610352,-25.974860538727203,0
243.20000000000002,31.118063845979243,13.791487461699033,48.987522384870005,0.28445156362319585,-15.957252201833994,-6.509312924473768,0
243.3,31.119487488641564,11.834511386920383,49.6805206312891,0.1664724727237901,9.342197946572721,16.504887755285775,0
243.4,30.992258976817403,11.79671170403796,47.993541636627356,0.29247047045417934,13.184751754903488,-22.543192886221284,0
243.5,28.887094340649448,10.40268265429787,47.4307383961753,0.28798253278424046,-5.935414729261623,-18.874739027337156,0
243.60000000000002,20.822431580297447,10.7281814116268,48.178985717070915,0.6200734948184541,18.398583565026936,-7.054826759892306,0
243.70000000000002,31.865207136322073,13.3525273364354,51.24406021333666,7.692718221954269,-29.61132960204848,-11.20505313575343,0
243.8,31.984278569920477,11.535198616100518,51.29478312615461,1.8552426666049584,-28.317999138934294,-14.370396877481491,0
243.9,26.334109077017967,14.96968270521554,50.63887945663656,0.41359398583494406,12.860830498698839,2.8960413202352093,0
244.0,26.735815179616857,11.613670261475635,42.67003981193099,3.5934408376567735,-18.722143967769888,-3.8551823877259404,0
244.10000000000002,16.826659133988297,13.319657241426032,26.979656305114702,4.6832043397772,7.215872091266874,-13.554406086066429,0
244.20000000000002,146.17711430386032,11.814444466294697,173.35678061900956,0.7083930241592007,17.88570558872279,136.72036553824495,0
244.3,56.04655625396465,11.076597227001924,76.9921082604032,0.23230472403479974,5.740623097532463,53.79820496148666,0
244.4,31.563088121516593,13.173872462398604,58.5372878550685,0.21597307697069748,-17.244375863797018,-5.833914864778222,0
244.5,12.375383224655685,9.718890498021668,35.93944694608216,2.463945339790499,5.675599232293919,-9.95702588188308,0
244.60000000000002,118.99711267309493,7.036241961260405,133.98358132741814,3.5521916426928337,-115.39053597154931,-2.988695819473648,0
244.70000000000002,27.28881628445896,11.69647268316652,46.80385911284171,0.4784512724713701,18.545017784254142,19.59404224985351,0
244.8,32.034545454548216,10.831818181818914,50.38727272727648,1.1280909090962474,-19.763636363672347,-19.706363636317523,0
244.9,31.272866062443953,13.916141109044792,53.23084318324745,0.7368574046474555,18.25399359640545,25.371591929156047,0
245.0,30.239753784949293,11.205999638607425,48.8383889825839,0.23978775453472673,22.46725771492032,-13.236067638411281,0
245.10000000000002,285.21262817475724,13.04634478953134,303.86114210425427,0.48969184874676264,272.7524668841371,-22.08381616688632,0
245.20000000000002,32.213237401848005,16.71890599223272,55.76967419927771,0.34751477540746567,26.144276364837605,-18.27571956130198,0
245.3,32.555748854713485,19.33808236293045,61.2245158362984,0.11977407049157013,29.07675239680365,-14.179610869208954,0
245.4,27.463425121260727,16.119968091150763,54.79345427513318,1.3350824128581325,-26.9705743947931,-3.013454698435407,0
245.5,25.87986764107206,14.33495727848414,55.43975723174546,2.6325076281790585,-25.371740812440436,2.0195736891318443,0
245.60000000000002,23.38914118067136,8.820540770193695,41.41055810628332,4.006395277790022,-18.084533446956808,8.362936321067842,0
245.70000000000002,29.563932628964107,17.764907354288404,57.661995097998776,3.002943979339245,-0.348519866865443,21.951400610009564,0
245.8,34.542175693542575,21.060446123117384,65.6783631907278,0.3529949072124534,22.88649819392312,23.93194551000102,0
245.9,33.4317892392875,13.620212264239813,52.89069378439955,0.6133565072584136,22.56795985106488,-4.047261486913937,0
246.0,21.780546233875505,10.410898281620781,37.99003369387516,1.2712307950542021,8.87145386757415,11.013393115414267,0
246.10000000000002,25.922837829167513,6.482745793422503,33.70292278431798,6.027736235587817,25.783288871105093,1.5924690873929415,0
246.20000000000002,30.071424789701922,13.957319790408002,50.07554907163425,0.4941588447691505,12.41351465031271,-5.533289849454532,0
246.3,30.997402253609337,10.641574526400472,48.68868627923937,0.21310534952444643,-15.4169532136101,-22.86666271358812,0
246.4,31.45428507210033,12.098077318755568,47.661850375380524,0.7054778321719026,-26.110035741273123,-3.588541371585677,0
246.5,22.62841666743231,9.479334103913404,36.45866946177425,2.2517755928337717,-14.882864311739198,-12.944080692747285,0
246.60000000000002,6.7923809563628925,4.406443740348891,18.88662928694349,6.128207559451869,-5.812195527094605,2.656662679462338,0
246.70000000000002,102.99113542149942,11.03515446999918,116.63549964049784,0.978052665213941,15.948249967734672,-70.26928575155634,0
246.8,34.37891198566703,11.940152163577634,53.67918312354062,0.2670317710481063,-17.67667178217339,15.688972355870002,0
246.9,28.552268524443082,12.254352820664236,51.311799702997504,0.40788911892615404,15.224946728014652,-15.551695326677505,0
247.0,24.160044185327536,9.532673620849627,37.11266879572558,1.802412367899955,-1.4103308133735553,8.881706716611259,0
247.10000000000002,26.438635042679664,10.983574443893618,43.24846400077388,2.195358356597904,-22.605261919449724,-0.1345890684668305,0
247.20000000000002,171.90317207772347,12.15356727627591,187.8914887936923,0.7419748540074655,9.13122114671913,-133.26982781748976,0
247.3,33.473054606020874,12.62071922067529,51.18282181087333,0.6714847054090856,-11.745628733402576,29.84149430677568,0
247.4,19.244523147411947,15.399887486925554,57.56033507519787,1.6033261816439208,3.1894514053808622,17.435772272316772,0
247.5,23.789496440445483,10.741740055340788,45.36137314479738,2.761860004795174,-23.56261134607033,-1.169957469449596,0
247.60000000000002,20.090477078897102,8.17872380234433,34.51820547669208,0.6374791711427286,3.1431802088229954,-3.6259862030473045,0
247.70000000000002,33.768360655737794,13.564754098359051,55.1344262295061,0.15177049180328556,-10.325901639348038,-13.143606557387962,0
247.8,29.02288656363499,10.59726625763425,44.18049397160221,0.1608033089916726,-16.72703296818517,-22.72802504199708,0
247.9,32.540913643126586,12.339067300728738,55.62266530132226,0.20071842740585605,-12.607035873911038,-23.441532289596296,0
248.0,27.659990222198736,12.212364351055376,46.99436692033882,2.3890762929182032,-21.299427268912734,4.566499140540161,0
248.10000000000002,19.47067024348191,12.463909062872313,36.6779083373458,4.911769548233643,-10.474844193384133,-3.252990212835158,0
248.20000000000002,34.097616681761544,18.324533904345003,60.98007853654344,0.3651846589116526,-7.320029553791841,28.430847517370836,0
248.3,27.41446131718517,9.979278096278303,41.877608710922054,0.6594265934303388,-25.624026053703364,-1.093098785866883,0
248.4,32.174262956159055,18.98852295983754,66.04043614680782,0.26291512291474034,-13.129053777834399,-25.567266807069483,0
248.5,33.39666666666677,11.199999999999978,51.7766666666665,0.8240000000003767,-10.506666666689455,3.716666666670607,0
248.60000000000002,21.998909500599716,10.69560854033024,41.05049558549972,35.470287825578446,-6.517982054372598,18.627835809353567,0
248.70000000000002,33.2212609215126,12.332898596026354,52.53720711909118,0.7269171088585152,-21.10958783818569,17.469591166818326,0
248.8,28.87285714285738,9.989285714285781,46.45642857142893,0.2310000000000345,15.084999999995864,-6.76428571428599,0
248.9,31.377936429316318,14.101234184390128,56.390697490178646,0.18753365430964497,-5.546464669637405,12.206745176634936,0
249.0,31.877325003475104,12.400054270415518,49.57692022875816,0.7631567431978536,8.699563107635338,26.18827868029575,0
249.10000000000002,26.639353796597568,19.27424812676999,50.83134688068945,6.56590557843988,-15.640752005402458,21.56127093295433,0
249.20000000000002,32.515217391304354,19.423913043478226,60.95217391304403,0.13808695652179012,28.482173913043066,-15.080000000000481,0
249.3,32.06033784589861,12.149230830753728,49.17534443155664,1.8256434061553786,-20.007544939342715,-9.80499865329732,0
249.4,29.90852731581447,15.488398733630683,61.16241602999552,2.5727306320691716,-25.826516287151772,0.04214865738930729,0
249.5,30.84964174263176,12.062478762033024,54.05246062021485,0.24463069487648614,9.503067143139914,-27.150166854167182,0
249.60000000000002,22.90311304166623,8.589342551227158,36.48748843825863,0.4914349489074514,3.357077498399871,-9.39755495300999,0
249.70000000000002,34.1161600047555,14.329338656415178,54.180904946358815,0.19931785652764256,6.1750954574893875,-17.95337798199686,0
249.8,38.18618985195308,21.28505607700119,70.03843856847985,0.12893139643238363,-21.537662346608464,13.593919019494802,0
249.9,31.173766237793785,12.221789215320133,50.969067792639,0.6039486099880909,16.06501493939787,24.035324995180936,0
250.0,32.407288290736076,12.19629757732316,47.423421230283466,0.2699884629342113,14.291265591901855,-27.878078662192248,0
250.10000000000002,29.186084078066216,13.291881889160601,61.2685973179599,0.30491047548555295,-25.033754803376407,-1.6456368280354674,0
250.20000000000002,32.63833033495759,16.030231950015658,71.93512052965937,3.3252419966245577,-15.374106886422556,10.465610465648627,0
250.3,31.92423007729792,12.076207373080624,55.77733550684482,0.8819789222980283,11.467513795440357,-16.500243738695875,0
250.4,25.68058971774183,17.058200981965815,66.47474324342902,0.6902165959186236,21.11323579624234,6.733587812561003,0
250.5,31.719174401611042,12.255443029455627,47.01110013463575,0.27358777043828764,11.503668202817757,-29.068769990471495,0
250.60000000000002,26.82925164664848,12.710493084423643,43.42068979761805,1.2225394447751408,9.164062336827392,-11.777496118900642,0
250.70000000000002,29.921876256282662,12.257113510690933,54.303324469436504,0.7427171585972445,21.463056997032975,-8.332276933693258,0
250.8,32.59958054263901,11.66971536838424,53.44263456687191,2.454122264121769,-19.427284045530854,-2.5992344458622014,0
250.9,26.749992244248574,10.5770300295584,46.45231954252286,0.8369822598715009,-16.51536761059622,20.624986027823958,0
251.0,31.846606357400272,12.330257415359762,47.2111486567007,0.6463464156845871,18.258751998505808,14.768867965592218,0
251.10000000000002,31.136666666678224,10.476666666666288,48.88333333333855,1.0843333333604288,9.086666666087055,4.556666666575906,0
251.20000000000002,29.34919928425216,19.298805840452765,61.157247214901666,0.5140330982862883,-0.07487558120724458,20.321647032954868,0
251.3,33.42119979550078,20.506801668700838,65.63064206140066,0.22543802808178492,-20.478535880345753,20.00618486655852,0
251.4,30.008076059318075,13.271485349617866,51.84107637585018,0.4150099515587584,3.4540417617947767,-13.616461790250066,0
251.5,30.634259287778068,11.887451983687711,45.1255942246018,0.5020921663887568,27.876950888958543,-3.4111176573517774,0
251.60000000000002,30.84999999999635,10.130000000011021,47.68000000000181,0.1890000000002704,-7.119999999960541,-29.48999999998712,0
251.70000000000002,24.334242407080318,12.830240419706945,47.23586896366212,0.5159593732191191,21.241727111038717,2.76836405618666,0
251.8,29.69406284628014,11.363395664368452,49.95744750909761,0.23006354120495376,20.60341073249151,-16.897090800248108,0
251.9,29.55453693264302,12.27358011745039,50.86047999979023,0.9420990690973424,-8.264303677636345,19.933194315984842,0
252.0,31.64111087488324,12.560508990982859,49.00758057721594,0.8634186154468914,-1.4739417804508026,27.980811551313202,0
252.10000000000002,28.341040749344437,11.651995993644753,59.85653073448065,0.3640377671850467,16.852523729773658,-17.694947988215446,0
252.20000000000002,32.40182558325304,14.710762525683846,56.77969448942779,10.005794188449023,-30.85220834553545,-4.935258717586227,0
252.3,33.62601687404033,12.46206889734994,54.84007457256463,2.560836152020565,-27.5497960556589,-17.0816807344397,0
252.4,29.355267565238137,17.578039391717702,61.36812214621777,0.9283124854201725,-20.01572592336659,-0.14154206831264204,0
252.5,31.405383265854336,11.623649027254634,45.57582250082319,0.2853760935143719,15.928625277519558,-25.04732956918938,0
252.60000000000002,65.20915342124187,13.772605961423793,86.88713833096506,0.6614307411696765,17.493660849652862,43.244607586031066,0
252.70000000000002,26.02165524043611,11.957011541519142,42.292691376312284,0.3406083392518675,20.476585258056556,-10.14033824038794,0
252.8,21.76116987715006,8.477743732986408,36.50551257904387,0.2653429027690019,19.153188770607244,2.0969493450847345,0
252.9,30.192314408251708,12.528441054378526,51.53920940300107,0.8063341704722069,1.6978209039446353,30.128086388722064,0
253.0,32.28713059363123,12.016545617620318,47.38776740588688,2.1293573878211327,-10.93777998901935,6.252913308714118,0
253.10000000000002,31.464529088587337,16.458079680992267,56.98564693629471,0.8282007396135027,-16.65237562674695,20.95592690674703,0
253.20000000000002,27.201071375019115,12.173596031159915,45.532152853709675,0.3383943154727685,23.12064236259922,-11.803212602301514,0
253.3,30.750628448647763,11.21732003801268,49.1661428895937,0.17374755929232527,24.298438980739377,-17.924753220672528,0
253.4,32.15383434200332,12.66621581421603,51.79113927068217,0.880740062792716,-15.53036895699055,27.30187981878579,0
253.5,31.12604825058135,11.419784936567156,46.55403362975733,0.967365777391567,-27.249728831590563,8.677703056757993,0
253.60000000000002,35.484622081928656,13.16541397533562,51.56138235941109,0.10100932295232834,-22.843439393297928,-27.066964527623778,0
253.70000000000002,64.30723753785034,12.982371175329977,82.97220564209903,0.5442363822147223,45.59500865027345,3.6811669949373034,0
253.8,39.54782404719678,11.426701040460799,58.44743207125416,0.21790070358801994,9.03730968852544,-23.650499924244645,0
253.9,32.99208454163678,18.297023079324966,60.94767332228131,0.48097215146657213,-27.681630717553695,-17.07611477230833,0
254.0,29.555666181277857,11.72240509581081,44.27776028749752,0.6644739059013036,24.847473005394836,15.765616352315766,0
254.10000000000002,27.513672603728626,9.424798889654538,42.46705039808714,0.5734741434287198,17.43750972317378,-8.843356024721768,0
254.20000000000002,160.89642364590782,10.916666654137398,174.33412148019707,0.42313035636806107,12.63064962160203,150.11031852957038,0
254.3,61.091482379827085,10.896153843262477,77.99248957235528,0.21533777454648018,-8.254465471937532,55.54084273759523,0
254.4,23.486542246110687,16.347385611982737,63.17048491764659,0.8177551565476298,-3.2475247315671325,-16.90230444735583,0
254.5,31.999615068953307,17.535111035200288,52.186941457288256,0.38799677147479694,20.06863199184678,-16.732417588452535,0
254.60000000000002,23.334783231605456,11.177830511238517,40.026024563389356,0.960106546675263,-13.108028443876407,18.933582800393708,0
254.70000000000002,24.571381776771933,9.872017851292679,38.38257468042032,0.2323815528771921,-0.37661032513363324,-22.348393448214384,0
254.8,29.306744740514695,10.30456215261619,46.4270904320326,0.14526407002665426,9.91533566334221,-26.427158217040507,0
254.9,13.004308003995812,9.977650891518392,37.76799589675756,1.3279885868926673,-2.212434801148799,-12.641340346119295,0
255.0,23.667625768424678,12.4389596151455,42.88240547550197,1.326975137252494,4.981701560723447,-10.35525619233881,0
255.10000000000002,23.651874971237525,12.033058149180643,41.90251752825547,0.7596074170993213,8.708924371429019,20.652341437018755,0
255.20000000000002,30.618737454964183,21.1429287127349,59.88279092590738,0.5529437207729908,12.065755793994187,22.081459074023538,0
255.3,33.263127024759434,21.001123509064435,64.94264292132809,0.40957649536756935,-1.1557603253813546,29.902033435245727,0
255.4,28.590168182329293,14.082239504975712,58.75530507865894,0.8937921975080814,-23.658934999048178,9.569858480805411,0
255.5,30.809474984080833,11.7126796290691,45.92349844358859,0.42378462127864724,26.801535197170384,-13.940584219402199,0
255.60000000000002,32.82698063762194,19.07901203129741,60.705101627365856,0.17792922931446326,-22.49197200488888,4.5941478826028135,0
255.70000000000002,26.280035517236303,11.58776578282407,43.764905569785405,0.3994273572789434,23.887319388360915,-2.1627815984407324,0
255.8,29.845899457363252,10.953838819394548,48.009164818013836,0.21072397954332545,28.121955521414534,6.002165377094844,0
255.9,25.955548139202357,12.838267369133185,56.57819478877097,0.9902122798064368,0.11311768073204864,24.630416448223727,0
256.0,34.23081132131471,16.186828586287646,55.405338609503325,0.6891868272838194,10.32874328142022,5.866254619103653,0
256.1,39.52292283281587,14.875542378463537,65.38225293468044,0.28088050718903423,1.9885529628511165,-36.26394004693887,0
256.2,27.223374433148724,10.521260513407645,46.66310940276619,0.7916789182128945,-22.184802017770323,13.716418212461054,0
256.3,23.097701792264008,8.251060118478092,38.02994832371301,0.26961821189514634,-20.688800465638913,9.257634972105228,0
256.40000000000003,29.976155403795993,17.82309693967787,62.69907390443589,0.5157320420533273,-16.675517625102007,-4.3863711311406774,0
256.5,34.03460165773908,13.586211043290927,50.242671444605,0.717739927770543,0.9409186454600764,23.362461186099303,0
256.6,33.38454619483403,15.055377493396248,56.175930612459595,0.22041119735085007,-7.437854804541273,-28.619793682916715,0
256.7,27.051326730526103,11.286288791602171,53.44321215265388,0.2828954387721602,24.088879255454692,-9.041525648308642,0
256.8,22.25960058283107,8.273661821367693,37.642272499432565,0.14731757925884695,21.50835270083845,-1.97832747132464,0
256.90000000000003,31.717644845934398,15.01965938109668,60.96408608892932,0.2549759992209646,-11.645781017821857,-17.013425385297502,0
257.0,35.44452297529668,13.322812990147419,51.18711375150235,0.19948588571756287,2.643496730392144,-34.88147224197122,0
257.1,35.17532626078931,12.125694935882839,52.18731138969613,2.4426689818191907,-13.89442508675671,-25.44224677857497,0
257.2,23.912681349960778,9.244994291824458,36.58911899233241,24.721250978709254,-16.232090630517884,10.81907577018119,0
257.3,30.863711545306266,10.803592501337127,48.816369779576846,7.7491799015869205,-29.035144825430105,0.9526103247238069,0
257.40000000000003,27.384795400599703,16.98119644106241,65.95487412924899,1.749038290961889,-8.575007374222906,-3.7806279154211353,0
257.5,34.15564521997784,13.521348633726134,49.86184908716528,0.7146772961846235,-4.130714481764805,23.228262519409704,0
257.6,91.85594161947873,13.552903053869066,109.21984598325082,1.1242574984742364,-22.128239197382065,84.20356800614579,0
257.7,91.09735442027116,13.569692753599343,109.9772408608899,0.6354463033423348,1.1077406055551338,68.3065910103176,0
257.8,48.48614681422427,11.788895123234461,67.27852490402638,0.24679936659601798,10.729827754787117,-2.9025995081783407,0
257.90000000000003,30.520339935329808,11.950212836211929,50.8004786379505,0.24067223855505415,-13.436692587472203,-26.527354168643313,0
258.0,30.942018209357546,12.001514805228732,45.698215468433126,0.8964405231227056,-17.12046307297995,22.705082653150743,0
258.1,34.481561479169066,23.314980653027288,82.11423181530128,0.5466807190414548,-19.912097982007978,-28.03960426107159,0
258.2,23.18884973181847,9.143188378139323,35.53286345861126,24.004014125105613,-15.597105951412274,8.250777452563117,0
258.3,29.279260379715858,10.304988095945935,46.31430863875339,6.72937671830833,-26.26344479364319,-4.376668407560114,0
258.40000000000003,30.09151542715359,15.36937269179477,58.87636044361582,0.725322660847897,0.309203244814789,4.632573168846346,0
258.5,29.193287226888252,11.485798934481151,45.37760897936743,0.9288875242523379,-6.369940586914238,26.33518983775806,0
258.6,22.54743426084229,10.207581113953852,34.86921507808261,0.6444654479650871,0.7253651514035866,10.097797724162916,0
258.7,19.858708460983994,11.577258210460538,39.34732533652871,0.6268817429321065,-1.6276079831515986,-1.2255261357865237,0
258.8,29.828932721768155,17.417828817800117,57.29553661612671,0.2300496329842282,-14.144832611499808,-21.275121415955994,0
258.90000000000003,28.13682398239773,11.417409580954086,47.84443812989377,0.41229772310493634,25.13375788710295,-7.459328914851122,0
259.0,31.315141913338202,12.401439219354215,46.26037386357276,0.18497967324306333,-7.3687021149205645,-27.492396221645645,0
259.1,17.726305215190457,6.436257309837485,26.20887451896536,5.376137711659727,3.842725561936164,-1.767115595225805,0
259.2,22.647311415746685,10.29641741678555,44.30010606936408,6.4967246949871456,-11.088003022442946,4.411983672089393,0
259.3,28.641814110673632,10.592344171082111,47.11205639315032,1.7082098867264204,-3.7586774416592146,23.929289181795447,0
259.40000000000003,13.32817410858913,10.439414218857086,39.54538077432102,1.2832986947657576,-2.984241832822489,-12.010706311026755,0
259.5,31.90222843426947,13.079760177556482,55.10751985431289,0.8292522636389169,-6.793964123783841,30.75015228978386,0
259.6,25.03861807227147,12.743999524253017,53.544475929128794,2.258022691147298,-0.9101168614012485,6.546235020037965,0
259.7,19.020706608855072,10.510078667648976,35.47245351200504,3.229193063572117,-1.6654181694476264,2.281065424092011,0
259.8,27.772096834549508,10.347226987300921,45.222489549211204,1.535244952275768,-23.320132766776766,4.884890676734069,0
259.90000000000003,30.727653241643218,14.333440396671945,58.13172896268122,0.5815192033070712,30.33618590049433,4.889213245315352,0
260.0,33.15310317343463,11.874155501546227,51.820247172066104,0.20004596836615945,24.627320024546204,-21.9435191026597,0
260.1,27.487377822738424,15.165655553020546,49.59479485053607,5.600764282026389,-16.94396440039719,-7.240488788230133,0
260.2,47.02269918557175,20.7081552895133,77.62416950938169,0.13995759103349706,36.89644597494035,-24.069235110978674,0
260.3,27.47763262819859,15.304128653767942,54.66311797274252,0.240875901632015,15.068505747651745,-21.745710337661894,0
260.40000000000003,21.455662086470866,15.336659219786632,57.71162300248146,0.627634461556698,15.229121110421476,-14.700063572571484,0
260.5,32.566260190946046,12.228087977221618,48.813208131780584,0.27901878377067724,15.673893301600632,-28.4090037532316,0
260.6,113.26594207365996,10.838014183894595,132.03124031937566,0.692736246004278,-107.65128348677267,14.846763599763353,0
260.7,22.88460962188644,10.760792914095461,40.64745474190188,0.6820283456350308,3.508958172435891,-16.583633625853544,0
260.8,26.34042046107021,13.20616820642158,50.92545304608809,0.4633208653587005,-5.935831514373653,-22.124494057090168,0
260.90000000000003,28.290254220065812,15.00633021158511,60.78788494867849,0.7370577729985489,18.450795885425226,20.00642331627186,0
261.0,30.725440340578945,10.842612245759412,49.45344751774116,0.15899719347649127,-19.78446617551052,18.48486687472674,0
261.1,13.03000516213389,9.784851304016788,36.2442720293163,4.969336985576298,-7.539364029747917,-9.361856504376906,0
261.2,17.93024988791852,12.320194436813281,41.01412629292529,6.043535292061364,-15.016858800437058,0.30040716335268147,0
261.3,19.267219259290624,11.179164581360645,39.97478888467703,3.279163903539752,-13.478484780677931,9.021949020045737,0
261.40000000000003,21.42556835530865,10.078834687724202,39.88097406709549,0.36615812510237905,13.287028985549057,-15.407705459901509,0
261.5,31.703962558518402,11.146787588518842,49.58712256641682,0.33964707855578913,-11.833810549346335,-17.783916565150804,0
261.6,20.392448447276387,15.912710132721426,39.11007733894883,3.037994896876712,-12.884965272952684,15.386593114156895,0
261.7,27.16674019677868,18.117208367151846,52.06561471351413,3.856751908723839,-14.995936019860224,20.955228499519947,0
261.8,29.528942266812642,15.709472054533798,52.13127234740215,2.0976624627916602,-10.08227636600654,26.489340749090648,0
261.90000000000003,30.744702283939915,13.242072391053352,50.94820974806879,0.3065044291128176,-16.146951961735564,-3.49169651628506,0
262.0,34.19499999999638,14.084999999969376,58.10999999996035,0.1302499999995275,20.712500000174902,-12.94749999991818,0
262.1,28.64709473002147,12.411219418106764,49.56694553835889,0.689102746751279,-13.646911542204059,7.306855320740453,0
262.2,28.99206313612132,17.76536495393374,52.41189349428647,5.768093748790399,-22.819285876065734,-17.88179478745632,0
262.3,30.275277538933796,15.7333934809888,54.2403513172316,2.7302175993592055,-23.684835578709595,-18.855966606216054,0
262.40000000000003,32.648892346181114,19.189847592059866,64.2406667001516,0.38091549377485434,0.4255011577141232,5.051038846491114,0
262.5,31.787544614001426,11.52836136840687,48.8681702037012,0.555952743701831,-4.803972330543533,6.2021459256461,0
262.6,29.797559307163777,9.379195780831113,45.15317185259926,0.4089932469735413,23.429830221582833,-11.56557059354394,0
262.7,25.310870794158184,11.820816407843479,43.08221982421815,0.5548694232647036,-18.057562638580094,5.8373059853658305,0
262.8,31.676108694921915,19.130498984679065,59.85559670574564,0.12846167063696964,15.539966991598043,23.385956279993692,0
262.90000000000003,32.34285714284327,11.319999999995128,52.66999999997434,0.15371428571408155,26.10428571408187,3.541428571556921,0
263.0,29.982155384825823,11.387708632334846,44.63366585514044,0.5597032861079949,-18.962879177302753,3.938910162939038,0
263.1,24.914563759168203,13.127091429373321,56.32262849993853,7.614348462160004,-13.386099719373387,-3.375618924696119,0
263.2,26.58997924707685,11.170721758296272,46.150610360789244,0.3363069071286196,-24.80325057927959,5.352282936083067,0
263.3,20.657518770153313,11.806832242480466,42.24602976726096,0.6515865113565033,-19.104940551278688,-1.4419293124537482,0
263.40000000000003,15.911303080911019,11.974931862936964,37.2459948372359,2.1254315110968593,-14.243761122790287,1.0545139522554026,0
263.5,31.515248785547495,12.53741671732394,47.83765711471702,0.569637487349254,4.512684554715783,11.32168260553028,0
263.6,22.572237232792347,15.257787864868597,50.15609707609556,4.435241995404555,1.1824063714300195,0.5157955378317567,0
263.7,25.126540152314718,9.488498161592275,39.915009404621,0.231970897110047,11.606959959458631,5.922985952821417,0
263.8,32.86027436677522,14.163168334142085,53.95678735815384,0.6639470033159837,31.17975551033109,9.80945668131763,0
263.90000000000003,27.925454545433322,11.487272727264582,46.9145454545087,0.8394545454597995,16.96999999988249,17.495454545404176,0
264.0,23.10471057306328,10.843590396272619,43.58984055289931,1.3008069337019248,-2.4913200027684077,-10.979654216746779,0
264.1,29.508918086110487,13.342870239622354,51.680303768110726,0.42407881709528006,24.891733221100278,-8.744083697432313,0
264.2,34.223581248043146,13.330210257246193,52.49188749404966,1.9552052855620505,-31.383986066026612,3.2351986361715284,0
264.3,29.34646087451346,14.433238282253091,59.6187298673288,0.48904563825638203,-0.7191636030600215,-29.076118084597933,0
264.40000000000003,31.311818181821295,13.88636363637663,53.09636363638593,0.22072727272800702,-2.246363636328417,-19.58636363628284,0
264.5,30.123945149533828,13.485140538370835,56.79576542046339,1.2603303778250725,-6.911227684528981,-0.11439615060983854,0
264.6,30.81,10.57,47.51,0.12099999999999955,-19.15,23.85,0
264.7,26.154285714311026,10.86142857143885,43.23857142861345,0.5654285714277245,18.210000000047263,-0.3371428572195825,0
264.8,27.07419827945716,14.493453301695252,56.924098615381354,0.8938951166663638,24.02007042550413,9.766306382444595,0
264.90000000000003,17.637630943827556,13.96033426016137,50.911210388939686,1.5031427937258952,3.664972220027048,5.5375148054873256,0
265.0,31.04968467744435,12.418373340586678,50.32816787860399,2.3725155431299316,-30.302374064404106,2.817388044261852,0
265.1,25.235720756769883,11.490929369324222,63.757806427595256,0.6352082177063585,10.492728051895698,-20.563912046877924,0
265.2,29.44938379983777,11.982855442555415,48.1458127950822,1.8208291242429318,-25.26980856476726,-4.097945139143648,0
265.3,29.313558897725613,12.759127433158282,50.923273809479944,0.36336316005400493,19.48654178159811,-21.70557677556548,0
265.40000000000003,29.37075349692049,15.799476040857504,61.4697055455077,0.7449157072537952,16.231575029843228,24.16447323639182,0
265.5,27.51336613181448,11.66583132197733,44.61555133218069,0.908353033053532,-10.159450332541319,13.376618994604163,0
265.6,29.655996729467525,11.634261047385197,51.13091785352245,0.34923162845392414,25.418119352155454,3.9234286911036325,0
265.7,29.7168801528523,12.894306901900066,49.82257100212943,0.6476461015662653,22.024442940351868,16.03366494506526,0
265.8,23.161817940097503,11.5598695812733,45.09445967608703,0.7454915140061501,7.975329465470288,-11.337392363575159,0
265.90000000000003,25.775348123407387,17.35591004379715,65.82148122408996,1.796627988300671,-18.72356725084597,-13.177534457420307,0
266.0,20.675569655326605,9.695493007622854,42.0819433288756,1.3927602099724785,1.2122984456529924,-4.881570672531922,0
266.1,27.168499206944098,14.77041290299273,60.17683722359014,5.90957578954836,-3.93831642936577,1.152231226825572,0
266.2,30.090471987763685,11.992045852580324,48.25431701841507,0.3167495593590829,6.842205974445271,-15.636099112017462,0
266.3,20.04688623920285,9.798042681398627,36.9347586179381,1.357432628322059,-18.695793820187067,3.6361045023020617,0
266.40000000000003,16.164863197090842,11.73918582445036,37.91044136721439,1.8729229172600053,0.4369020904624934,-16.15895703265154,0
266.5,24.400448730179328,11.830197506426709,42.811987975772645,0.6848155675143592,17.781138339514854,-3.739212507752038,0
266.6,15.846799119780007,9.837104587730044,41.35150393459822,3.143458584881464,-15.38727078222279,3.776918038767446,0
266.7,30.021328626841523,13.259308647938083,51.24877622027979,2.0938443498625716,-28.865416240230264,-5.958822044942871,0
266.8,20.537981123003327,11.289974004099083,43.78270823870818,1.052312825666887,-6.7395621314528285,0.9892449174570803,0
266.90000000000003,18.05499439433794,14.666561045445201,54.04277944834869,1.3928579876686449,9.329139255398651,-15.226599408827983,0
267.0,27.263564349919573,12.65793037059775,44.605351217990844,0.39145488513674803,-16.331124078707802,-18.994729781427772,0
267.1,30.68056242928053,12.370980802002746,47.027092969300966,0.18821477114474083,-10.453755190029204,-27.154332300931866,0
267.2,30.413947448758663,12.855031086709976,53.86252130321154,1.0964561335844647,15.833578704640203,-9.865903795899456,0
267.3,29.52065256279833,12.832209558446001,52.599811394193516,0.7448616990079431,4.772735404879951,26.864206465270016,0
267.40000000000003,30.379835995542045,14.514123416475861,60.493071738413036,0.7643970121451984,6.445078876452277,23.255888224071516,0
267.5,32.99129792932193,13.50829191718639,53.81391317907546,0.7906788543261132,-2.211914395022095,26.32974543213554,0
267.6,20.40634752075702,10.557407583776062,33.16209053536082,0.40242882182870815,16.883337912524937,-10.696129768628357,0
267.7,21.979835764136375,8.910794113857971,35.26343226960741,0.1891104008022832,-14.866650041153811,-7.0757596741436215,0
267.8,29.367279948486253,14.826064157415939,51.86607852746297,0.8644219823671334,1.5568085961915035,29.157265898760542,0
267.90000000000003,31.425072458715125,12.322776376077616,48.7150923304156,1.4477382898534679,-4.9123146542092755,-1.8137469294283397,0
268.0,30.305781666353315,11.839459206537432,46.185155263447875,1.8159329799786312,-29.00761956773095,7.860863161222693,0
268.1,24.41936430825574,16.178038045429016,52.37577258232409,3.080124073557754,-13.90427754792933,12.472853403502942,0
268.2,26.237863462874174,12.00079032920524,48.40154066622486,1.2522960026958785,-18.61757260603327,18.14503394367189,0
268.3,28.072498401814503,12.872414694565016,51.060236774847674,0.784027762002571,3.672138171407455,27.574749583892093,0
268.40000000000003,19.945673812939162,12.202039658638313,46.55414827158542,1.2787226277792796,-0.32866555069967696,5.333588565212224,0
268.5,25.614907967014823,10.818855371266514,43.73702627822632,1.1182551152478661,-21.733035054960794,11.393942509939805,0
268.6,29.074745157175087,11.48541455401207,46.45797085056329,0.3176740120022373,-12.523825211498108,25.84180841420524,0
268.7,28.44492181269881,12.035398948235754,46.11119819630078,0.28090834698404354,1.437180218786089,-23.66565710535611,0
268.8,29.899563372371798,13.120597555079424,52.536042171485946,1.597292538529579,-26.001658793373558,6.882587194732844,0
268.90000000000003,30.62503327835838,13.327668168594682,55.998248241540125,0.6338262022406513,-21.012413738993345,-21.82516815032735,0
269.0,31.203221251248166,12.13184901134017,52.01728641274495,0.4989760417934332,19.34757675816075,8.894884508815245,0
269.1,28.21443421832381,16.276233945204915,57.33122564354101,4.705371161574025,-2.8432365037716743,-20.30846938925353,0
269.2,20.835902613394644,9.536829984580166,34.92438340352719,2.183679275238052,-13.428531872624667,-2.8495431236646906,0
269.3,19.859144720377607,9.004196412672101,35.82496257398857,1.3786534089510671,-13.628839787786951,0.3874686243599488,0
269.40000000000003,28.791286865652374,16.67705161020482,63.92772799597506,1.5609558451977912,-23.775521499201343,14.245075122353967,0
269.5,26.555755171188277,9.690014181231797,41.035284970516585,0.7286087771433936,6.747283604379007,25.105273372641683,0
269.6,20.12429031605697,14.427577057587142,43.375812352999965,0.6650662519239161,14.473636050823995,-11.624550842329173,0
269.7,26.97020529106433,11.85738076722863,44.77859720058882,0.38504193436243367,13.186243528177254,-23.317828479878187,0
269.8,24.916103649168033,12.20013400978749,48.26844516957726,1.1142119283732894,-7.46699882108991,-20.10298337774917,0
269.90000000000003,20.79003387232383,16.16666091936824,57.172932097826745,0.8928697219051902,-10.23732094547688,-8.121218168631394,0
270.0,25.072873430783268,11.354462850237061,43.08399632977378,0.8923906898491499,-2.1434723065249273,20.717013131021506,0
270.1,18.92934575569656,10.330929784398593,41.170291522184364,0.729470331982482,16.126582742098556,5.000110481970853,0
270.2,27.229152987705852,11.750617522406468,47.01807128425667,1.084705101351894,4.209463741311264,21.809051450832946,0
270.3,33.160197021506086,13.336766503910402,52.83031261114483,2.2037902748226434,-13.441252726506285,5.519210074388517,0
270.40000000000003,29.99538233702338,11.976641460742691,45.75949824641667,0.5443050054230814,26.23192502188743,-0.6134517133551551,0
270.5,25.610286658914823,8.922807210163445,40.04676137618911,1.3025543750311233,-24.593094179409206,-1.8840471825654372,0
270.6,33.70171695003139,13.490046740366152,55.145787316727706,0.319712481055351,16.67340848056238,-28.742809875161804,0
270.7,33.13814398915051,20.47691253666312,65.43475795309004,2.24936718623222,10.253984189262553,24.37134059983781,0
270.8,25.00848335307909,10.672489828225043,42.36342625238965,0.2936266743798418,4.029607245384213,-10.009734646888662,0
270.90000000000003,27.968129744211517,14.124395440844372,52.40966051344003,0.7615512014478711,19.018482286972354,19.975081889705113,0
271.0,32.267942998462004,13.16192926073653,51.16525904244113,0.776575960174609,1.1506917639942102,30.103820950661216,0
271.1,21.07449301795164,7.556849872341687,37.87860606235174,2.809221373870248,-7.498969828853623,17.481671693187792,0
271.2,26.89082519950933,10.968665817132646,45.192721021052265,0.5573627899048916,-3.2927732662158595,-26.566231409732467,0
271.3,24.01318439350191,10.30693496906002,41.1283718688075,0.37566877549570377,16.59659734768848,-11.388487582066206,0
271.40000000000003,32.80322998129932,15.599827888895515,58.29806712755923,0.13638362293043405,-21.231732228462064,-23.215876026069843,0
271.5,28.579061489381143,12.03958277790078,46.4490506824583,0.5352502378596565,22.611006142471833,2.7265744041957483,0
271.6,13.385692394062595,10.602255840366862,30.072812324348376,4.979874418948534,12.3202922887278,5.233227964842698,0
271.7,27.921449996792923,12.283538770110258,46.854799431044896,0.34466790908387024,-21.77899029350504,-13.38792642416324,0
271.8,29.830709963445717,12.912632884540885,51.81168190202743,1.2689242061014177,5.305124659507243,-8.37418393334201,0
271.90000000000003,31.691137587134612,15.13712344964993,58.618836264282514,0.33551881284413737,10.450998405753781,-23.738751784941655,0
272.0,32.40616042705923,14.417654976921595,53.569341436028886,1.9885204711185085,-28.239892399351895,10.452487668509855,0
272.1,31.178762311693248,11.26084001228677,49.30886084020531,0.9761105430500886,17.49871131056003,21.39079224805269,0
272.2,23.244406651686578,9.724245050227065,41.604925593426955,0.5735343766220631,-19.5958595907815,-9.726953499753979,0
272.3,28.858876500714903,13.820845837529848,54.69302531300212,0.7712367019610628,-10.396556199661198,-18.461138072900667,0
272.40000000000003,19.460101983972198,14.194261983641802,44.34583332328685,0.9391946935298434,-17.7384748114357,-4.155892504960125,0
272.5,32.42532189834194,14.30984936435646,56.40023526235617,0.7100914943755454,-8.370676622025627,-1.8642238820132384,0
272.6,25.17577136444875,10.961583997959758,43.18227912569698,1.9135211330574446,-5.632887976389592,22.78780254157519,0
272.7,31.056762509650202,19.67391755983013,57.93518604394235,0.6015633292057261,23.386766551742376,16.79702840532662,0
272.8,30.552273363722247,12.72896070660202,53.13877830929511,0.6127897849979396,5.461436767465774,2.1083596852410214,0
272.90000000000003,19.744355141412363,10.747652212044455,43.60540814000953,0.883695018224541,14.696025920203498,12.893155277798462,0
273.0,26.788030707523255,13.065055466308792,48.55464873908731,0.5736461987845713,-10.010688054031718,-3.844510428453937,0
273.1,28.179914448075,12.813369530789796,41.1224279131855,0.9014633910885982,-11.066565530243448,25.851796668033337,0
273.2,31.666444444443545,10.655777777777361,49.37644444444284,0.12220000000001414,-14.858444444445102,23.38555555553502,0
273.3,31.275051616273213,14.424307904380044,56.570112716622376,7.286185825962537,-19.00284212202442,-4.504524963539983,0
273.40000000000003,22.36834647858568,15.04393199291902,58.380717707024786,0.5095415562750734,3.6929542533408384,6.514691723780636,0
273.5,33.50167311610365,12.635224971965677,52.92738514523022,0.19196531663059963,8.891801973577781,-11.366037393866314,0
273.6,30.014202031303583,12.195325868239443,52.632460378197095,0.632756057060204,10.186315503880898,23.25559842988959,0
273.7,30.003880650550407,11.881524859176366,51.388000219175964,1.19303913222992,-22.460641627618294,9.562512062972978,0
273.8,28.957817314720018,10.118759380200343,47.53996451436554,0.8464373446556736,-23.170232785796173,10.170763497568322,0
273.90000000000003,17.106071695281077,10.981905935876831,44.61136746308327,0.7214306795863424,-0.010542975269595134,-16.587764985879595,0
274.0,27.365121640659442,12.153653465872662,47.386600865195106,0.9339088964314046,-9.408710206498462,18.67907862044403,0
274.1,21.84723794561808,7.018378724881924,40.34959954070897,2.9265260692559076,-2.8799229447734693,-21.65398284860742,0
274.2,31.20616171583,18.58119253607804,60.546698611776094,0.5532277500570524,19.884536027303188,8.39518653674389,0
274.3,33.98354672329449,19.09845017106339,64.22925234813711,0.2898900347545162,-17.007910466521828,28.08404890162127,0
274.40000000000003,30.63231778943218,12.158976455030382,48.23017251501562,0.6759664016349356,-2.9376685436299503,-10.830461874491032,0
274.5,30.61989432734996,11.81351881868343,46.01761432554085,0.20542435746513701,-3.6692306686523697,-29.97538805373652,0
274.6,29.718489861884215,13.811488954308992,54.8149496162127,1.131149809507648,7.485811820542022,-2.7136514827771716,0
274.7,30.761010632954765,19.692021187849903,61.29503128114908,1.2914826018908032,-18.372226611205214,-15.509990866587291,0
274.8,31.378174462801905,11.59190423516662,52.56861003147278,0.2654173058487671,-24.648074528477096,19.02188898250603,0
274.90000000000003,32.028656720870366,20.879392373097676,66.33418425676518,0.9571807555470699,10.150237144171545,21.1953144998618,0
275.0,32.80979179343925,12.612545877710591,49.51000193395587,0.3901138363806395,-9.79468466892369,5.018999920571831,0
275.1,26.40058064089308,12.565446033366525,53.185505794363245,0.5317008547836501,-11.523790253316426,12.030738551513945,0
275.2,19.692403844087746,8.698962527792505,32.73711182473388,0.3326753246128944,8.889318863327295,-15.307988927460142,0
275.3,31.869091465379853,10.897129228828703,49.32611222698211,0.16315021255084844,1.5790352589456491,-28.000222563530023,0
275.40000000000003,32.843531239898724,13.004174498030158,50.60352674578109,0.42980466595644484,25.91335268026147,-9.341384118217858,0
275.5,31.394467304213705,13.110025925942374,54.204458175986865,0.40143146867888657,8.765243401125861,-27.52193948485902,0
275.6,32.41973594802629,12.884759630779326,54.027948898892824,0.5991526964224289,9.004998059353621,-3.0750040715188867,0
275.7,33.39374712441675,12.333337577043546,50.76399998313177,0.5055958939307534,16.733280626339862,12.92605849341501,0
275.8,29.61615384614749,11.466153846154375,48.48999999999449,0.7463076923086294,-8.897692307701808,12.137692307761952,0
275.90000000000003,32.7811692704417,13.720429472779585,56.29250317491253,0.4372997659710848,-2.4524652829815965,-9.186941672428045,0
276.0,29.227075206835718,12.031279287617602,46.98031252396553,0.4895582232871296,20.29572241067207,2.4148417366065953,0
276.1,32.986451412282165,14.038334403395595,56.71280113312213,0.49480372824225194,14.957384468997457,-12.766950630579087,0
276.2,29.175278692427707,12.104289668572674,49.567776726452706,0.47324138271325444,22.22887596101574,-5.3806770079436,0
276.3,28.033188128263657,10.733181731659883,45.04024975658921,0.9655827195827515,-7.431729097248373,-22.033015504648958,0
276.40000000000003,27.406684626252712,13.055761071600545,52.52819796314138,0.7882760712083983,-25.186779558898778,-10.598880977045086,0
276.5,33.42953126452332,12.817981463014956,51.451720262324685,0.49113735525871494,2.6011073394098965,-11.043548801602444,0
276.6,22.69093794303367,6.317602551311222,31.264295891916003,1.0884965334484291,-2.0998604789996334,21.852489826912286,0
276.7,32.18677846173525,13.419605370870023,48.9410489190753,0.15987052698769494,-26.01983292414534,-17.957270704817564,0
276.8,29.190318513349197,12.177316624409247,49.796153834043956,0.7555546028632641,11.77492903715799,-16.558265629387343,0
276.90000000000003,27.509613411408075,13.99759322962339,58.778178687385044,0.9547428386315777,-16.539363777132188,21.881110287937407,0
277.0,31.968183717900743,13.172377995515046,53.903605768527186,0.19405066321382963,-18.711644887625905,-25.77464782250532,0
277.1,16.944178326467867,13.712775866964286,33.15558115523483,4.207110073707315,15.320150125832846,-1.1246310818796081,0
277.2,33.56329546254816,20.767779430996853,64.89705747428943,1.1691445927406585,-22.964264614592214,-19.17305839781616,0
277.3,25.792347854191163,9.674644865513153,43.384118156235175,0.5736967227957968,1.659222164709595,11.574255867969612,0
277.40000000000003,30.42238519131039,13.142311730662065,53.15155169670306,0.2553445685508357,-16.412297144923354,-25.615460099617653,0
277.5,30.949325172514673,13.146451953689404,51.64850909937757,0.33585756876294415,15.416631049380069,-24.283396991145597,0
277.6,29.97,11.81,48.51,1.308,-29.230000000000004,-5.82,0
277.7,29.459142536055626,12.095409720853421,50.618880143687896,1.4243311579766968,8.209537681033751,1.0778642954432238,0
277.8,31.450769230769872,12.780769230769607,52.52500000000162,2.696923076924045,-28.575769230777695,-4.303461538452171,0
277.90000000000003,21.275970535288195,16.698850961033795,57.5831823853451,0.7439525533739527,7.233197675542328,1.6278248649060743,0
278.0,31.077656650610848,12.226559635107055,49.120759075727676,0.18054979740442073,-13.166257948060707,-28.048307557001515,0
278.1,28.880426307959848,19.56047557727987,55.372680818605474,0.4490635039831309,13.66233337859726,-13.404857895040507,0
278.2,27.98348435978538,11.376414756936093,46.09022953741802,0.5419527791453954,23.761545940760715,14.030938735555706,0
278.3,28.94515706440571,12.12003097420758,47.85628563987777,0.5534397152947851,26.829463239354606,9.036460709410452,0
278.40000000000003,35.275092621241,18.00052237683819,64.38486545503046,0.4560398131318434,32.62697687169821,-6.078700849774043,0
278.5,32.34299097313371,12.805044699359613,50.35728440582548,0.25930666734224417,2.3344724166118542,-27.26895420197749,0
278.6,27.11569438493029,12.71587772367689,55.2884832937094,0.578657616912503,14.702675848228667,-6.021752462027882,0
278.7,25.92031251673164,14.875447497540993,52.853502284238736,3.2414356114408687,7.444169594053106,13.407801322551675,0
278.8,29.293759313097475,14.059867790077838,55.36295202547934,1.6653554636862355,20.63047114802744,1.401258400127162,0
278.90000000000003,30.477495906397063,13.4882725269683,57.17650161211873,0.45058946085212076,26.10641031784681,-15.725166632678773,0
279.0,31.06360705103335,12.080509917910412,48.32210751135039,0.39923470078788786,18.618417784163157,-16.085668561871866,0
279.1,32.056666666661584,13.57249999999511,52.784166666654535,0.339416666665951,18.19416666656766,-24.20583333334016,0
279.2,26.376237238212347,12.249631716944629,46.587996190907845,0.6885784164990314,16.999627542708335,-13.362315954281737,0
279.3,21.685425375427272,13.494599641408817,44.91781406969363,1.2246809015850195,1.6480969158817729,-14.348835172319813,0
279.40000000000003,17.33859799269766,12.964337305891187,41.990902461311904,1.6498174636405292,0.6779083752479385,17.32533964222409,0
279.5,29.009195342674644,11.592988833107007,45.23378297813827,0.4256674518726243,23.885710428745412,-14.99616665739955,0
279.6,23.15633874060671,9.852516597817752,39.83382526148511,6.054614520998083,-5.8542457521707885,-5.452010714703299,0
279.7,30.954882882910937,12.80256723041515,51.02504546554284,0.44667087634484154,17.197534204386457,-8.304778447213923,0
279.8,32.81534662538896,13.937923345850479,54.6726609828283,0.6215411654348467,13.40660667059157,14.474273278678051,0
279.90000000000003,31.437335203834607,12.721603102952042,50.14896302959972,0.33721577565688665,6.138578331378234,-18.056903362890715,0
280.0,31.41011185816574,12.059467818147596,47.98471379225287,1.7809287617270508,-5.2497476717989215,7.001096769616234,0
280.1,29.82,11.98,50.04,0.449,29.43,-2.669999999999998,0
280.2,23.586816310397083,10.793192943041742,49.717034111342144,2.945615592135613,-20.364917768635056,-0.9428845027554003,0
280.3,30.151927094033812,13.189964075892982,55.97077288044669,1.3543281258903548,-24.391345064610242,-12.946870005233958,0
280.40000000000003,33.05937280387032,12.756796318328172,51.90873231659657,0.24085741341290842,-2.3580947532456378,-27.24986815613771,0
280.5,31.141996358322395,12.955911625411417,53.6920220384195,0.6486303235184179,21.456225274907602,17.766426709045394,0
280.6,19.549539107330865,10.025598256192538,35.415041913827345,0.8713894463077694,10.164597352054829,4.649439517991182,0
280.7,29.66440316449585,12.789670702132693,53.20536851888673,0.40309049130290286,16.07495965173453,-14.943884978836808,0
280.8,28.698696413294666,14.90793427864094,64.62291261148407,0.6747345182148117,13.420101679671586,7.546865071571226,0
280.90000000000003,12.264994635990647,9.313822118614102,35.39897368794909,1.8246488189996954,-8.153868449271586,1.907187033432957,0
281.0,30.064669326292325,13.603561386976915,55.48251198293516,1.5907380016040187,3.391461926038062,6.4736286136928465,0
281.1,25.074375034066637,10.4786404314395,38.91422392361494,0.39244204912729214,11.795761671512182,-12.20889957200573,0
281.2,24.840200109674832,12.580379976542178,43.348598492737956,1.1146308704633325,-1.0519818421446614,24.799973324243744,0
281.3,18.997070023487513,12.095760134586579,40.13869145964236,1.4152781816557405,-1.4559711678826135,18.919430483268982,0
281.40000000000003,28.150623791934617,13.632463409266688,54.04017197035424,0.631354941372065,23.765667764763336,9.74649870594427,0
281.5,28.764807708643836,12.79023502238633,51.661480023791114,2.844694921884268,-27.850635764408548,-1.092923519596976,0
281.6,20.06900596778434,9.005514204704884,33.39943811957021,1.732696290942885,-1.195364514499655,2.253188192035882,0
281.7,31.46128490193809,13.312504864912441,55.082771135004,0.9314026408397729,-22.188150332684998,22.02572848875842,0
281.8,30.588579369684215,14.334834980828052,59.69486244751358,1.0142644994822683,-20.524133069621612,22.518100790113003,0
281.90000000000003,26.781186982531317,14.49357205251399,62.93119962494,0.808966582163465,17.99252136149847,7.305439318988343,0
282.0,32.54233244478156,13.890068607585787,57.18727311315124,1.840977554056433,-22.237307434588253,-15.549901228512198,0
282.1,31.74461627836358,18.501707227550632,62.60671633513187,0.5469816989363352,26.609456567632638,8.841804637194295,0
282.2,24.87371391188627,9.743632157891422,48.13627313748743,6.329455118036157,-22.80020072325879,6.533784558756096,0
282.3,17.610559939353962,9.502649635017633,41.02996516051926,3.8387014788520952,-12.84307877572424,8.841097411664716,0
282.40000000000003,14.004956058153999,11.312050684672489,41.65941957514176,1.1903135980386108,8.209327770555634,10.960760807665496,0
282.5,28.12790891812721,11.78775873858765,48.73718909473513,0.8159098337368322,-3.6915093248931248,26.9655557386197,0
282.6,29.09653749881431,14.490794804697725,51.08366076417394,0.4283940433574077,-9.519729529133985,-10.735990675552461,0
282.7,29.86939532279071,12.34863638991085,49.56688952122228,0.31173226956372435,-11.152383667903706,-27.35774324674529,0
282.8,32.23233518225465,12.780735637069577,51.49092055676515,0.4497040591018471,-10.890694455335131,-30.018692853145296,0
282.90000000000003,15.500116842557437,12.476969936974557,42.835340192909996,1.4874506607864328,2.8944923120883694,-14.032127775217395,0
283.0,27.429952304892765,16.51451976835125,61.93431713263491,1.096576893708376,-20.85719090007892,-0.8679945422477466,0
283.1,32.27693052349929,13.426497705462037,50.86390847398505,0.15080168780684586,-26.715038141731267,-17.580304557791294,0
283.2,30.922054898125626,11.970094971768834,48.28952252238865,0.46807176141597884,29.67576230442208,-5.973560861216193,0
283.3,25.506674582574334,11.295335002558758,41.48130464645258,0.3704749998060518,17.702908630762302,-13.8994300122148,0
283.40000000000003,22.37827802109284,10.283771727031622,39.59288256781757,0.2649171542421101,-0.07100957663520258,-22.309699235260112,0
283.5,33.046636934236304,13.605164534633568,52.458485661259026,0.4180300716070784,-5.435359381256944,7.430476689340434,0
283.6,31.53329962904205,12.145915931942785,49.02040490937821,0.5318620530046843,24.39341484543105,8.52231460862077,0
283.7,16.147390990250273,11.128561420724061,31.35814794207029,5.456298792022812,0.8336823937744895,-15.845034630327099,0
283.8,21.84057949788366,15.327151641143566,52.69545272359302,2.664754101448631,7.734170459674573,-19.782018069624236,0
283.90000000000003,25.86367273884538,18.501108270887467,63.25644699766948,1.9914058042006164,-17.670482698358676,-17.558551247670113,0
284.0,23.09993147091242,14.489112253631546,43.76409854817031,1.6790910318853676,-11.351868522189992,-13.21629431221777,0
284.1,23.941914061970877,16.135869545188825,58.19757855309627,4.159169213596796,-3.3578928476383845,23.27878348290379,0
284.2,29.919564316425397,13.807124323240032,51.298276714901405,0.633574009121899,-16.01802095811365,1.381095697146759,0
284.3,29.482312259714906,13.097153619648351,51.18936854599288,0.8203566688815447,-19.849411138109268,6.611021447998952,0
284.40000000000003,29.045060203004418,12.38718291605667,51.08046037708435,1.0071393286411903,-23.68080131810489,11.840947198851145,0
284.5,29.600352545007024,13.934081040155142,57.93033870338499,0.8172008942210354,1.1598587444162858,24.51911433695386,0
284.6,10.693758499662865,4.787104701181645,22.39527135189814,1.3116347812619198,3.4824087264041133,-4.791505712996882,0
284.7,32.08855503447467,12.649628915273187,51.733335922756034,0.5686329101411323,6.717848773371282,18.1640603177179,0
284.8,32.55154929428994,13.330090997327172,54.03872916691115,0.31031749471209275,-11.19652240080848,-3.715084282281122,0
284.90000000000003,31.42969778698827,13.291187660055654,54.48130602192412,0.6243635548287069,-24.16391218887207,-12.517492525898366,0
285.0,25.673465109070527,10.42502300661513,42.38547054601188,0.6162434233412921,-4.16174897595042,-7.383999671017688,0
285.1,31.72361869796459,13.085049210377164,50.65684783671599,0.5821807813488526,25.596601457668232,-1.7802913529926485,0
285.2,31.35145127943717,12.8406020761379,50.027904848814444,0.47582012615337616,18.38119004241389,-17.420339521652522,0
285.3,24.467202586764692,12.406383414887491,42.6244325904012,0.7497253582221014,5.561887314602899,1.6365345718129767,0
285.40000000000003,27.229151643582714,17.644354467941028,53.602880520392794,0.670575469101353,14.723546664942525,0.13772335605196773,0
285.5,22.430000000001005,9.183461538461815,36.58500000000159,2.4714230769228074,-21.429230769228315,-1.117307692302871,0
285.6,28.30689334307199,11.138651530030092,45.82534704294444,1.0680962441868243,-13.338738927937587,23.090127477224026,0
285.7,23.975217391306742,9.849130434783667,40.05478260869959,0.4545652173913398,22.606086956524308,-2.270869565214504,0
285.8,23.340646904374644,10.794219846653716,43.468919854350155,0.4702105714612963,22.370585981859517,-1.2145137067084466,0
285.90000000000003,29.294354265153867,16.754237509410824,62.192615037610295,1.012372922026173,-15.08188581879276,25.10559690157676,0
286.0,21.055266288932827,9.83468990002767,36.16995629074646,0.5507696933896228,-3.483306408103258,-5.730894093299554,0
286.1,28.777250296054262,10.715091853936663,46.90302192455359,0.78468581044906,17.523134079592236,22.82694853571289,0
286.2,28.80277589329818,11.720305303944084,48.34368839743497,0.5561469145040858,26.54907488016831,9.042317272732966,0
286.3,21.372173225680793,11.477937902543818,45.18589833327865,1.3348197771137553,6.525946884182524,7.100249091038352,0
286.40000000000003,13.513858450679606,10.813617756015033,40.44130052592112,1.9941932211501499,-10.371553613234067,3.645107985557324,0
286.5,29.1210000000008,12.072999999999903,49.75500000000059,0.5247999999997544,24.021999999979037,3.9589999999793033,0
286.6,33.58094252473576,13.491222464252461,53.25474195653844,0.23088413955528786,-12.449311985632018,-27.564318037220666,0
286.7,29.3890578930597,12.156844161782796,50.42725478580298,2.1539812386001094,-13.50549050172396,1.3740103411074318,0
286.8,29.706404708166083,13.755123124989822,55.11416453792505,1.27730502176459,11.326230169545344,-2.521493311611579,0
286.90000000000003,22.676063523322235,13.926777952261501,55.4707514919364,1.025967781753945,3.5458901215291245,14.23892107751026,0
287.0,25.909999999990806,10.256470588231998,42.579411764691486,0.5374117647064311,1.7517647058703747,-2.7635294117151687,0
287.1,20.741624007972923,11.189244604363969,34.667068055692695,0.687554968073864,20.100988589651692,2.1480603803946146,0
287.2,31.89973561901897,13.155416828847192,60.82524929405971,0.3299062467807013,-21.676694561901964,-11.36871861438261,0
287.3,29.987658656351687,14.195440932935089,59.26098922141104,0.5685296417199379,5.77558237234771,-3.6115628975802174,0
287.40000000000003,26.084558618392332,12.55282812871094,50.175137327008656,0.6711741185494914,24.587771431885596,-2.0996620322787685,0
287.5,31.673913043478162,12.926521739130125,51.8213043478262,1.1984347826078445,-30.523478260867204,-6.608695652180618,0
287.6,25.427446635691872,11.13006005251392,42.56818060732785,0.5064235334717982,-0.51790550779047,-22.758428828274198,0
287.7,31.91627516889846,13.34471598190441,53.15784544637867,0.5729233872719123,3.7148517996784687,-22.806979912336736,0
287.8,30.67381068943669,13.526414077933177,54.351439421510435,0.6479062870756755,17.026683692109877,-2.6598768876714374,0
287.90000000000003,28.504751416270235,12.468524142622561,52.67191768484127,0.9611413136973292,-5.395783469547577,26.180187711329083,0
288.0,30.75666666666631,12.222222222222038,50.11277777777691,0.13594444444446796,-11.802222222214272,-25.315555555559836,0
288.1,20.458763517990093,12.9113506886932,49.23884079241244,3.535942428668254,-7.089351154907438,0.024194695114877263,0
288.2,29.020283601081484,12.561902725744128,50.652919313093875,0.8980129801233995,-9.676107576394982,24.139757343625245,0
288.3,28.987703931311952,14.917820068194555,56.73482332418284,1.023620685591139,-19.59633884577134,16.763608020694875,0
288.40000000000003,24.00492205221683,12.352141209799658,45.341832817544336,0.28209032373445103,1.3430500441999316,-23.40962261757972,0
288.5,31.9,12.33,51.24,0.186,-6.18,-30.94,0
288.6,30.012086489509144,12.309337272142235,49.20781978004424,21.302414615995303,-23.883695873017164,-16.2661810326832,0
288.7,33.357914744801946,13.405677021397054,56.22310544073413,0.3068261904561956,-19.69946376048754,-6.983802368534165,0
288.8,32.36592581653427,14.547334778362487,59.5770040085915,0.4588027045995136,2.232902061802694,8.753482952795345,0
288.90000000000003,29.184067078941062,14.544020598818891,56.15498902840883,0.23868641421642695,8.483775066448729,-27.923741135592973,0
289.0,22.79760000000388,9.54920000000143,38.448400000005996,0.5045999999997735,16.343599999985518,0.5531999999814579,0
289.1,29.26646319277837,18.336874579351093,61.095042142424006,1.5460109299474039,-19.33569671058569,-11.953687623530593,0
289.2,21.743749999989962,9.498749999988425,36.86208333330557,0.8626666666669588,-1.9462500000285106,20.748750000003106,0
289.3,30.183193324370034,11.245675574728217,47.117489165994265,0.2897551725227795,-5.649485801554497,-27.929292768231193,0
289.40000000000003,24.558000000022215,10.268000000008458,41.320000000035925,0.4882000000017121,-9.724000000054591,-5.071999999911959,0
289.5,17.596903143649442,10.783314099158568,33.59712784333644,1.0957873212639044,6.406330618844143,15.895422672796789,0
289.6,16.649020704611907,13.306995860145408,37.99183402241178,41.874076180376655,-3.063781626859395,16.137508241364632,0
289.7,30.02010044686555,16.50416911494299,55.345689143773605,0.5885985437965612,13.358960566320187,9.478499512949334,0
289.8,27.74109783726275,11.627439142420398,46.594029942231856,0.42246361860535997,19.767637095080644,-9.024895387323165,0
289.90000000000003,32.2538340892505,13.238446810667199,54.22036975846014,0.31043710702730276,-0.0431842909707445,-18.52593756754998,0
290.0,21.89895542932576,11.938341834408591,40.82207538981932,2.461364544208937,20.065766405132518,4.146982416290651,0
290.1,25.133951556332825,11.752698170278496,42.75887995475694,1.5745179490875976,20.54139641331737,-13.95343519010163,0
290.2,30.19913043478238,12.397391304347538,50.38434782608641,0.14908695652161363,-11.98695652175816,-22.991304347830038,0
290.3,31.784998623726935,17.88088910635913,61.59618949040578,0.5912761803582722,-23.4262114373524,-4.0792166182148435,0
290.40000000000003,22.772075539068936,8.52995306340664,35.482472156612836,0.334534519400454,-21.001095196660145,-6.118087577837638,0
290.5,30.659109365386094,12.875109086510717,48.38105246401402,2.5319331779986833,-28.236375463600154,11.924690077410615,0
290.6,34.35018135060998,13.41183137034416,55.633956164129565,0.7035668015114744,30.920367959260975,5.3355743577784605,0
290.7,29.414999999997868,12.094999999997015,48.99499999999304,0.6577499999982875,12.262500000156674,21.59249999980396,0
290.8,24.996500734088354,11.45840235793956,46.2446319079986,0.5010778290564315,-8.248700252385479,7.903776903490876,0
290.90000000000003,29.62408522768936,15.35781869274771,61.88631333885908,0.45542110251942314,11.44492979916576,-20.58194569207715,0
291.0,32.91711726340002,19.994330897017285,63.237301646906104,0.8064813272475639,-2.519062620119872,28.58855414854512,0
291.1,26.60445225778487,10.47475962226653,42.86740776805104,0.7434256679008866,-1.78953314661402,-21.11573587366258,0
291.2,25.803333333325767,10.956666666663098,43.20333333332004,0.5343333333327476,17.32999999998361,4.9699999999410736,0
291.3,29.7590851650556,13.197936968502727,52.0407377186024,0.4660343030255427,29.367501988856297,-3.239458819283787,0
291.40000000000003,31.99196700601711,12.452202707353871,50.55726462833085,0.7257640589974882,1.4753336919571147,24.81119836754041,0
291.5,23.566451232170436,12.694593937856604,49.15787949422976,4.6118888016609665,-11.736874421516216,12.443765312045471,0
291.6,13.7743059761044,8.699184028485282,41.298098827569554,5.988753897341188,0.8748903874056442,-10.096236389593283,0
291.7,30.42166666666864,13.218333333334202,52.05833333333875,0.7003333333333396,24.103333333334533,17.980000000001706,0
291.8,33.1506284883502,12.61138797459633,51.199264960336755,0.4921649830399636,24.93147549719154,-18.6448834589264,0
291.90000000000003,30.037687661977916,14.276724115684681,52.935764758298276,0.7261230310762979,-9.558624088640581,1.464075386288993,0
292.0,21.213815206970907,10.764914798063604,41.3896896897905,3.3172491323607827,-2.7967128519905238,8.436286240834587,0
292.1,22.590433822577527,16.763831899207418,52.36046795228545,7.488626685856557,-14.62806959725562,-12.954135432792114,0
292.2,27.89700000000038,11.448000000000087,45.686000000000625,0.13860000000001174,-13.1379999999963,-22.276000000001858,0
292.3,30.115939231904576,12.583992416279095,52.56636406775206,0.9486168582190244,-1.364686876547701,15.878794470087378,0
292.40000000000003,27.466405494309615,14.353359373333353,59.50919558541223,0.5944564120225132,-22.466244602957186,-9.153716943084786,0
292.5,16.51287091859731,9.516952947011843,35.00982960886987,1.1813785612427432,8.259706460223722,1.171219949692361,0
292.6,29.380169047206557,12.953354560386032,47.33691810375351,0.5235014493703604,-23.602890946705017,-14.725731794739353,0
292.7,28.830393203404896,16.712197894254672,54.42680203569904,0.7276838302740037,20.03379561134053,14.830515458861237,0
292.8,22.01424373594373,13.669346056066598,44.402061971653005,0.9974706748989737,-0.17969205549197298,10.078887227334437,0
292.90000000000003,22.097220092360104,13.936827283881446,42.051103086856045,0.3868500264500693,-19.95730499732663,0.5130535051275729,0
293.0,19.00157756141506,12.545567059729589,35.37372819147404,4.080268001878345,-8.562398189875493,-7.874343450957484,0
293.1,27.366789411467614,12.435357456639474,49.503680506527836,1.3296130026215445,-18.59347627555099,-5.4724010611689335,0
293.2,30.960372000754766,12.938128564179694,50.8399906554157,0.8485916280276389,-0.15092436287708466,-22.49760573133766,0
293.3,30.648535197253153,14.851673582650587,54.696809748272955,1.9382327783278892,-17.91934661891093,-8.02457253477466,0
293.40000000000003,33.21374508300652,17.264949965712603,61.41632045515973,0.10336268150054467,-27.042574020962846,-18.30045236310237,0
293.5,23.555456199005178,13.804076273477978,47.34672457558969,3.618333353258336,-12.456861684189295,-13.653171027534757,0
293.6,16.882892905835785,13.571005490732611,48.02097337035132,2.1874154969784825,-15.110114717058932,-7.531030399235082,0
293.7,23.824305576345843,10.10661550748511,40.88745049107991,0.7094468668778632,18.121456390491012,14.078511647525517,0
293.8,27.029355171241296,11.997497498595964,48.510525295459495,0.6714162181578367,23.72427904352493,11.345961738762218,0
293.90000000000003,32.33673457892479,13.707600838652798,55.49627864584257,0.4292834905336177,-18.566847645231007,8.654529553625348,0
294.0,27.32751316912192,12.196911490353893,64.07621104942727,5.04887293648933,-10.422772275162941,11.909885616050921,0
294.1,33.39904324745973,13.72839278835506,54.13982909285982,0.44209385584782257,16.334994686603796,-16.13370257469959,0
294.2,26.967105310463587,15.474366821890415,54.27543219392881,9.898299841629287,-25.871968689490338,6.226654715564303,0
294.3,23.023537401529435,12.967793714188534,45.98013922353995,0.5557251754024153,3.606410543103042,-13.014337990679891,0
294.40000000000003,30.16211409999614,12.736709098746745,55.609729751527034,2.7456474864113383,-29.763640879416297,-4.811999930713148,0
294.5,29.7852577551534,14.28824861989659,53.41819658162225,0.6147714510087278,-0.8239850891108844,2.9064852404503867,0
294.6,25.799416235768252,15.888186458240241,49.413185142733965,0.5707542934294348,-8.340339274057424,-24.414093371552244,0
294.7,31.655017525815584,19.22517103452256,60.22967909456027,0.811912955724286,-9.127839857134708,17.57337981310659,0
294.8,31.690259260484755,15.733090068543778,54.13654326420237,0.5053903644980606,-6.77138163789814,-9.161711086855949,0
294.90000000000003,31.781953194167155,12.684343666083931,49.068536668339696,0.36856180266878963,-1.9176421847451826,-17.39553921087275,0
295.0,26.013313861250356,13.113972403719004,55.397125500549976,2.4354006448382344,-21.883882583871618,-2.901888630570351,0
295.1,31.18479236500868,20.60306622915047,61.84320195248513,1.2576272767263328,-9.198398214447884,29.3239437857521,0
295.2,17.347263884379498,8.717873941895558,36.35280470350783,1.0920310762021628,5.854092931306998,-6.925918001250691,0
295.3,25.562458588230413,11.262712085821683,48.42643052066231,1.7992417863014367,-14.240548945897377,-9.552180083159058,0
295.40000000000003,32.58177500910426,13.384457429763982,56.65049174988769,0.38181805163228466,11.950489112152773,-29.646419948674474,0
295.5,32.9444639637176,12.002630013606987,60.5874239233103,0.3258929842800915,-3.229373023282026,-29.83206925630703,0
295.6,33.387993203545,15.212349828567989,57.358454810562385,0.3116592335037159,-1.7637100587711139,-15.9857509997356,0
295.7,28.06213278688481,11.524626208332876,46.7095718125627,0.7510617806041202,15.27298123064006,20.030768245999894,0
295.8,28.92033282550757,12.087130448851797,50.342659873443836,1.150522913407054,-8.81270476308364,14.454066959677148,0
295.90000000000003,28.719059371234,12.30860640214558,51.64758890827692,0.5294129692707734,27.8239669102277,6.522634633573432,0
296.0,19.02188358079152,9.806443737695487,37.29322209581845,3.486652359329171,7.866453387530756,-7.43709128631018,0
296.1,25.202685153589844,15.392063723719573,48.85914614816754,0.6923679410588627,15.962031614630867,-19.108867372128813,0
296.2,34.17254570315963,13.658268531485948,55.60915463374587,0.7398076412783925,-23.5679713652803,8.212785817685225,0
296.3,33.7311428378874,13.686415877679309,53.94470800016112,0.39510365270790426,-19.59628165280892,-13.608585634519986,0
296.40000000000003,29.2430287898947,12.034808551596145,48.310092808522974,0.7493980635731479,-13.596277660690546,6.42646201461006,0
296.5,27.22779579329369,14.069920985824579,55.61206989587842,0.6805598438333895,0.5765787317828099,-4.564879870375247,0
296.6,22.76925503824283,13.295276160017147,50.70941394067924,21.517653091563325,11.755537446279693,-14.03306917110595,0
296.7,27.01043020649642,12.134377976381298,49.29699411023255,0.9394851220342849,-11.124180863356308,19.34154588624519,0
296.8,21.780215707082828,12.312568895087066,47.36286360288687,0.9009281167879357,-11.104026298073842,4.512875079032074,0
296.90000000000003,16.550001207669236,12.490759813792835,45.42873309554118,0.8623711115415865,-11.083871732791378,-10.31579572818104,0
297.0,24.928068063577623,15.57391645145443,57.21249170185919,1.5126139734630375,-1.576795992478111,7.8950603311766585,0
297.1,30.529839069565234,12.401844578915009,49.486896616356226,0.8785565480950102,-6.223880906054411,24.713900070848744,0
297.2,28.9710248263454,13.248967050764872,50.777434410150725,0.8847964074505547,0.3997408818147248,18.57001342116903,0
297.3,26.035847293819774,14.448117833725238,53.68889034899063,0.7299815714979908,2.3320726268085186,-4.877516947497252,0
297.40000000000003,22.18369556777755,17.667348183578433,59.66502424370182,0.996103553038328,16.474004783685956,9.945576986150998,0
297.5,19.52443097617097,14.236970581824423,46.62136355336752,1.452660834432211,0.9947956421675688,15.337983943558408,0
297.6,13.924971892994431,10.815136685750993,39.59103728795626,43.058304462527,-3.4450569629548786,10.253978007309495,0
297.7,30.712350147696075,12.645389202925806,50.4419694107099,1.1413563380377578,-22.924540694773867,10.724967284409722,0
297.8,32.151223931805134,13.015617297619656,50.95054656012205,0.6961371324879552,-3.2231612965883727,-12.870708744433696,0
297.90000000000003,30.60387626391529,18.015893489330384,54.565092252210064,0.2765043079738869,-2.357437649455556,-29.881452025619264,0
298.0,21.247456207742598,8.946128278702973,32.71509950424443,1.0549250489270547,-8.666403539117312,17.91323709502476,0
298.1,31.32263234398444,13.60969384673416,51.199478615028816,0.820720201719793,-11.549369432191952,10.689340038625188,0
298.2,33.31877548287265,13.761728098584685,55.17849215670282,0.6479491359875355,14.198001144916505,-26.91365221313012,0
298.3,30.912553090499443,13.058539672259643,53.41117769868687,0.5787097084975634,22.05027059070971,-16.19970439343832,0
298.40000000000003,28.185508185710226,13.343982536006944,54.95324639575215,0.5230255730166715,4.744565896751455,4.349833001252172,0
298.5,32.72679809747337,14.439832698120856,59.36517610736039,0.4028023069023001,22.69476924752912,-21.58077222625211,0
298.6,32.430793852645344,13.767678516809891,51.97829909165809,1.4895839895905045,-5.493624715290515,18.967632399254438,0
298.7,27.481271541451502,11.56695820332722,45.66073230735229,0.46396534806629,4.710585056882564,-17.019752837946584,0
298.8,21.660208458274433,9.552032870450388,38.58873259646137,0.666703703443082,-0.03826432985597439,3.6302522868010847,0
298.90000000000003,30.425936524735256,13.368513839453794,54.576734016578456,0.3337561284393418,12.784477470605879,-22.471517858560382,0
299.0,24.08702238262306,12.097373244445329,47.71172828445094,0.48656883882793334,-11.506480585756163,10.457564078156736,0
299.1,29.48967574260878,11.896635216666654,46.901961073078645,0.7360238428973483,-13.601785571178851,8.987733340933616,0
299.2,30.47537769868293,19.570780273552014,62.09320013661781,0.7883373855783684,11.8596924610491,-22.152146178089595,0
299.3,26.044922570340862,17.37556215667229,62.286460877965354,1.6928011628801605,-6.13164048081515,-15.203410688559194,0
299.40000000000003,12.104318659378562,9.825275756996113,36.2836644425228,2.1442926051932507,-11.029752047879951,-4.6501155697851715,0
299.5,17.639038886775943,9.005348457878458,29.393903227698793,1.2078498530522914,13.986052887392688,-3.326013976897018,0
299.6,32.54934294403357,13.804199062375542,53.85868665238738,0.2207970830305645,-4.1642287257265345,-31.8040004174938,0
299.7,34.18797784699615,13.606221230866321,56.073918076147166,0.3027703595623169,-27.610594836343303,-11.538168228438327,0
299.8,28.21985875826204,14.473617025111686,58.44326816547232,0.7123604152687899,-9.46019280459576,8.749963975237234,0
299.90000000000003,18.945510712924307,14.110404954560718,54.238493170836406,0.9858471284125603,18.291127510499805,-4.923511159056262,0
300.0,15.288834038409494,12.197903252067656,40.428096697854855,2.6875406167232017,12.365842238998303,8.893087755126485,0
300.1,33.95803292208038,13.616023437672325,54.19059868579774,0.5174241769702101,33.26252454094767,-5.05960317400999,0
300.2,30.079966002799548,13.051885520048458,51.182971444062915,0.8419814695709296,-1.5762556564750172,20.13127896625282,0
300.3,29.531158698339112,14.682861532996972,54.04168074099417,1.002716248864285,-15.74972813925288,3.6729992420651882,0
300.40000000000003,27.787806711821588,16.98652498507296,54.95624814237985,0.8860822437703969,-6.820987233935195,26.92803278039856,0
300.5,24.948322210710337,12.472390956525842,44.63058410574059,0.69714175540265,-9.040635243289294,-6.043108947398558,0
300.6,30.09750639766484,12.407821561031955,48.95287646151656,1.4310555144449781,11.885915093952693,-24.18477713123934,0
300.7,30.459415881922332,12.332269691010557,50.74259565527757,0.8393023046042558,-18.171648403295567,7.02078389268504,0
300.8,29.3363400752923,13.175057533235217,52.15276358812012,0.5779089521779934,-5.9057177998454655,-13.69368506461526,0
300.90000000000003,28.133165649604607,12.966564002084736,51.46765454750146,0.43963457736921707,-14.141769232768073,-24.171339446783,0
301.0,22.530889110107296,13.227567466702881,44.2051340428248,0.6805458537057403,22.108609557022852,-4.233655293218629,0
301.1,22.838238444396232,11.761708856848701,42.702665920295274,0.4006387840586828,16.550895465328015,-13.812435345971869,0
301.2,32.97848904517109,14.162919502095116,56.693140546186214,2.2233340046289514,-20.137957518435385,2.9229144343938125,0
301.3,29.59983095330847,15.395307778782442,59.862466490205556,1.3649908856751374,4.856129292205452,0.40860336830766375,0
301.40000000000003,27.435439189954185,15.015259178030963,59.1913266238777,0.46342052329205197,7.187887591877136,-16.00056863870294,0
301.5,31.967548121486594,14.388137008000058,54.00436102630013,1.7059870632320853,-6.348446861244291,0.5306911132163199,0
301.6,30.88995161905732,13.545981733929619,50.26140463855861,0.6335118950661546,27.31793527002366,13.656374895685081,0
301.7,34.26177571630202,13.360907279876361,55.61141024628177,0.5805501143714529,29.265741254419364,16.351990101542608,0
301.8,29.266779822042707,12.015446562735493,48.824595377094546,0.3818574567552655,1.6020565203126367,-23.31118759806066,0
301.90000000000003,28.25689518181242,15.352578808495668,61.239686155589965,0.6727783057400387,16.573033722189535,21.567907537791243,0
302.0,31.614734707156902,12.670215602773766,51.55084641216328,0.9664074181246998,-19.88827873267218,21.617500608018617,0
302.1,30.717396112893024,14.679611154354937,49.434222503991705,0.7947720426695472,10.020059060798864,29.014373216133873,0
302.2,30.05587595824039,12.03904216203802,44.68852063609887,8.161177594342512,-15.731913052027192,-9.946866312255299,0
302.3,30.339533474882177,12.176914043146542,47.484897860208534,3.6295568395730946,2.203154915422907,-19.36813940785605,0
302.40000000000003,32.78090569604959,12.815002019080158,52.514743638151785,0.886135621622644,-8.697487561976834,29.800132871521242,0
302.5,20.4027770079986,7.814253004967672,33.913208193392265,0.6516096402701751,13.076929548572142,7.231622382579728,0
302.6,29.61038459728344,16.271832413729335,58.08884922814556,0.5911487852537245,9.736513699926785,9.932014591025833,0
302.7,31.864047775922216,12.964436145763786,52.76609390007794,0.6902759813905048,-4.167349451727601,-5.546186275674916,0
302.8,32.17909686005195,13.045723414939268,51.53989230743528,0.7775963757126695,13.356099442826157,13.991511932738916,0
302.90000000000003,31.650868177860346,15.219743451380035,62.414483604610766,0.7819742096685385,-3.80124083114168,5.937717549448131,0
303.0,32.25429383383014,15.532782136894514,57.07018191286762,1.4734797319117385,-1.2594077543056201,-8.853362623529712,0
303.1,30.853441437336205,14.88740009385907,60.188873465778634,5.618266455805228,-24.457950697571214,13.071575664653913,0
303.2,32.692235398496805,13.18594148361528,54.02015981677316,1.4057360243934869,-19.80831344634747,-14.809066195261561,0
303.3,30.28417529201155,19.156348190402394,59.765243610172845,1.2604667217004892,-7.744564572352396,25.520555408990997,0
303.40000000000003,30.3603712874156,15.216995244620392,57.941662985418006,0.3902568186282712,27.232373732245453,-12.586611708565565,0
303.5,29.384326438096508,13.337809091227063,50.123900019211455,0.3824131898295318,22.74623188858273,-18.556888635337675,0
303.6,35.477369349283414,15.371087007684805,54.670032135005144,0.31433529886563716,-23.177360941728136,-15.30448594786847,0
303.7,30.78701497515724,12.66337928282595,51.43951017898314,0.6401698416179102,24.677001587316667,14.194153800980699,0
303.8,31.658217981247244,12.747632912707138,51.55799256477667,0.7321856220697753,-25.513085152025063,-12.467495620237116,0
303.90000000000003,31.203422255838365,14.77830995435685,58.366404872302006,0.5872665097074863,4.426066867461108,17.341779964905705,0
304.0,25.736235400179762,13.02566995615294,53.111677562502635,0.3493369857915486,-11.544009785318863,-18.195633319625887,0
304.1,18.774428259906767,11.681121807032103,41.12874565934504,0.4585877515550815,7.874741860626831,-16.802387467456825,0
304.2,25.094301871827152,12.245830600142591,47.75711968027539,0.5667923058854407,-21.53934730791093,-2.917860791672755,0
304.3,31.93570957008995,13.289651738729894,53.710535988357265,0.5378966896033947,31.541942233376023,1.7770046175816485,0
304.40000000000003,23.5158824734158,10.515491678675255,41.2657598909434,0.6071703087638014,8.323124153376277,2.0501928177341107,0
304.5,19.490527716657574,9.189077819363316,32.83301256543413,2.6976036111141526,2.0271535190602705,3.1935552058599583,0
304.6,26.402846902033513,14.422978143777527,47.800601382260275,1.5910844887428643,16.89103500921734,-5.23608694432745,0
304.7,33.46734740715437,14.111382911730264,56.50568263174623,0.4642846803675406,-10.31172241204957,-4.3096640478787265,0
304.8,30.671214956948315,12.167956534318057,51.59351717007314,0.7595255161749609,-12.899772622195815,17.429964110194028,0
304.90000000000003,31.567479351581145,13.730170359681255,58.49565076072039,0.578871755539804,28.060060250897795,0.9227238970859766,0
305.0,19.39082468016509,11.143318169531986,36.702938117989895,0.7435311799038035,2.755980925086948,2.195259451913085,0
305.1,26.938073506463684,15.128889496551853,49.22369170967276,0.31534792261536226,-7.7634817887028085,-19.96634522204622,0
305.2,30.60674863300634,12.914005592271561,48.353235406248906,0.28406649907217674,-0.08719272924717458,-27.479073372439007,0
305.3,29.94520621031063,11.346037261346238,46.14115264452889,0.7048022817237406,-17.301177864651102,13.164452948289217,0
305.40000000000003,32.18582859129351,14.604321384863159,49.24280382611998,0.31587186722274285,-14.781630875227483,-7.888050986211844,0
305.5,28.05253231968478,12.62555452906937,46.04364996049145,5.198312228113685,-20.648979767036572,-14.555881471569405,0
305.6,24.919842555605687,14.98727344050726,44.138940553492844,0.38782478918384833,11.895225562394668,-17.79698568424336,0
305.7,30.681879621054577,14.732473429101582,51.1621171383673,0.6317592523353447,22.218289438915324,10.594166266897847,0
305.8,32.469376436877326,13.632845113002606,52.331112824834065,0.2834706904829097,-1.3129261315976972,-30.55547374000991,0
305.90000000000003,30.618821740802066,13.194375832214758,53.67164376373204,0.7058165879812719,1.8098989555815503,-23.247846675354857,0
306.0,21.907584178442978,12.057717179699683,42.330611096413435,0.5891036722998574,18.9450767139734,-7.136506775287638,0
306.1,17.191750717749205,13.687857865274623,36.08318012802904,5.675301912369695,-9.110063254329841,8.442153689694937,0
306.2,26.81015475280196,15.975225288915947,52.18728073620635,2.630923657195082,-0.4373795458249621,24.23896680174371,0
306.3,30.51781158832133,12.77725440536594,50.43527196232782,0.7466734645658164,9.471892078141002,6.533171956692495,0
306.40000000000003,32.07064901892038,14.41355037998324,55.61220356850663,0.2528048009316067,9.146520366615638,-30.372584805136185,0
306.5,26.24511449507052,13.929243181389628,55.70461784206623,0.7692096251462366,14.992800770505772,8.702070609780208,0
306.6,23.302226336596224,11.880405492997058,55.566912511052315,0.8109217711041224,15.01880075206229,8.446578974241449,0
306.7,28.42625641917443,12.708949520335342,52.67893116976903,0.5053232099395065,17.518674334847304,-21.715499196865174,0
306.8,31.94967258092365,13.759467592430113,53.739055338175284,0.44428474399210555,16.72032803826246,-15.033274714508305,0
306.90000000000003,28.718938887724512,15.809473908354597,61.41328711678825,0.4405473382917602,20.489139852560534,-17.310741375214118,0
307.0,21.741581799343525,10.474072184867525,34.1515085647757,1.5414294038883711,1.0047027636924568,0.7511391878093434,0
307.1,19.098942206112042,9.426190387430426,29.422049300898045,0.6423310311197914,18.329679400882966,-0.37620848026306586,0
307.20000000000005,27.57095400700861,11.963126499463744,44.318568821485485,0.8713004464740534,-8.2826336876401,15.700796829624963,0
307.3,30.57114534513327,12.926093172648086,49.825191314830406,0.841272010580578,-16.626177101694708,21.88566733288386,0
307.40000000000003,19.004374148353328,12.756890571320385,38.12009433109863,0.6883380627501603,-16.614329817026686,-8.16818449217221,0
307.5,27.441225442727053,20.129818235375758,69.48380763446725,0.6922047373512341,21.88360414814228,-16.345171918111483,0
307.6,30.492252841148744,13.043491118259581,54.0939411361332,0.7467912939678529,19.74434695121035,23.236543654303897,0
307.70000000000005,30.44612549580479,11.696014137369112,46.842503723483944,0.4705568970616889,10.647501541854226,-19.44943442513331,0
307.8,30.72737933208457,13.320312582084933,56.47182823425984,0.7154087589649957,0.0036251264611806278,5.956345930474626,0
307.90000000000003,29.161931117253086,14.487309508014214,58.933878009255515,0.32372658155131684,-6.024457386622831,-10.751085236221844,0
308.0,30.773634754245652,12.582957427205418,52.23399870349572,1.667107987384931,10.765924774896702,16.935790449747767,0
308.1,33.10421777234,13.333595711460287,58.47965540104319,2.6362794139391506,-26.246402930621283,-2.028558673988748,0
308.20000000000005,29.72117012615985,12.358612592940464,42.82942155712048,3.631227149653962,-20.614028527873064,20.794193179753456,0
308.3,22.722171460562233,9.416832210011108,35.914902389569804,1.6080142825657213,-10.770207502271196,19.247415843612863,0
308.40000000000003,28.981665751231983,14.966853584882159,52.21436795203034,0.5247195888012866,12.468131859175152,-22.99976137861833,0
308.5,19.6313762660196,12.032782795797607,34.7014831166332,0.9843066039904276,-13.191697875196065,4.461758543740394,0
308.6,31.472782731055855,14.758362443312134,47.2219638074499,0.4447361251746239,27.43352266080059,-15.420838952409019,0
308.70000000000005,29.588726062123797,11.440504649809847,46.534017427529214,0.5458799146227739,27.23260318001496,3.1754304337546913,0
308.8,24.77512525767178,12.237337937208359,42.722564087805246,1.1752143946674467,-16.92860437584766,12.752102527092111,0
308.90000000000003,23.554680211248304,18.603673328689403,63.86272058355405,1.4771359236803483,-18.238119385969664,11.916048786880102,0
309.0,30.21102473443788,16.72312060541507,55.5331479660707,0.44395760517181887,8.63333045831528,-21.413516808981882,0
309.1,31.719657061334047,14.717011070405965,56.991343728173945,0.3639279334465758,-1.2491345119862638,-28.646414041816833,0
309.20000000000005,29.76802556799118,11.889251079907249,47.52777929296944,0.7396046939334846,4.9947562234432805,25.886198163540847,0
309.3,26.798175658642382,11.36583044090848,44.2544564727097,0.5906078215433586,-13.172735954043162,-6.083936945542682,0
309.40000000000003,31.08082890616346,13.694061740804006,52.67692882120322,0.7999339875891701,2.764608886200733,25.037681426291666,0
309.5,26.93957960134491,11.019068369845941,44.994507476013624,0.6566289681699908,4.73226436776145,-2.753357972204732,0
309.6,32.0779099909822,17.98546814506724,54.2426359337818,0.5050181194386518,19.1812738916709,-3.754147881499737,0
309.70000000000005,30.600274702627377,12.226458235041605,47.72188444239484,0.48034193185234086,17.507371094512486,-17.68423404061543,0
309.8,32.971361369282555,14.077073944294748,54.80768064498425,0.3989583270409439,-4.428845255445148,-30.626528810106652,0
309.90000000000003,26.475213253311363,12.294607226988793,52.59346036674923,0.4095597500302355,16.302856518708303,-19.78714666715623,0
310.0,20.215278521947848,8.925512510742147,32.189885124360686,1.8693230988954714,-14.160601801807456,10.089072244868234,0
310.1,28.46108439878187,19.177864621747094,54.53720527634335,4.085903125500665,-20.535739875522673,18.94226355265184,0
310.20000000000005,32.767765419699394,13.14530095807107,50.77589733599598,1.4866418562790984,7.761466953888519,-2.054547569457793,0
310.3,27.328477206617407,11.376727749647143,44.17239537280866,0.4219118809538579,10.652559187198294,-24.90038727318521,0
310.40000000000003,21.325142017305147,12.809568644994327,44.78110155067587,0.6847079150353383,2.498755580534019,-4.063149654486633,0
310.5,24.3649829425043,17.710998501717892,64.56563134916026,3.2189046964697594,-6.947482586733038,20.083504503388728,0
310.6,22.48416927777417,13.672788337731689,38.36511820304328,3.312410411010402,-5.146289299255379,17.23957445984598,0
310.70000000000005,33.500157288177796,12.845686242472965,51.325214996464766,0.9621613759513536,-26.179145313579898,19.42192839080522,0
310.8,26.022158881968558,11.189901838760477,45.9658678338521,0.4819068190267931,10.918812311122544,1.4047229231164966,0
310.90000000000003,22.941746031299797,12.791636765852449,52.124782504751664,0.8048760774227908,17.38395094751895,5.778164831502413,0
311.0,22.328652994920155,13.000598671779072,42.546002157795826,1.4640172287838145,3.909448713280753,-2.7290441055037578,0
311.1,21.77014252482742,9.894833721208013,31.495515499851816,0.8415750252430341,-18.759776876714643,-3.5005200541519352,0
311.20000000000005,32.93073179767138,12.67026874048207,50.342934715960396,0.8100784880363889,15.666517074278527,27.86848683725148,0
311.3,23.31242335201034,10.34002934455542,44.81687490972159,0.6471541356888102,12.175827170077683,-8.077969473732274,0
311.40000000000003,29.479683980706426,14.329045967581719,65.91582906300697,0.9384806418119627,14.665604749514266,15.594127018433017,0
311.5,32.13612974577556,16.421064662921886,57.723237250139746,0.5034660262254322,22.439507418726095,-12.048016251130885,0
311.6,21.95574612017738,10.265477171394698,33.337331537564765,3.3662080792344296,-16.553369948165926,12.532083276494614,0
311.70000000000005,21.84940594997415,8.391420343065127,33.97719398632033,0.8476691554536152,-6.5976107426653146,19.262519745654235,0
311.8,26.339759262613015,12.195654791767435,47.57311632559552,0.6223573899778005,-12.155465027882178,-19.765417873889323,0
311.90000000000003,18.24863785562392,11.576925850092069,43.964016765446594,2.043723242708524,-15.955693252670955,-0.9016537489795571,0
312.0,31.753742094892484,14.3721673814678,50.145769019131066,0.7925736338414839,6.982908491132749,21.951047363475904,0
312.1,32.27411408327461,14.798948565580886,62.57204649704887,0.21672212649159955,-21.10765795115416,-22.256088879041343,0
312.20000000000005,34.26387732215708,12.999628966614377,51.0183054889763,0.2827235642199377,3.6284449647073678,-31.853029921204612,0
312.3,27.97235855376044,14.00661413936306,54.496612575507406,0.6278710800656946,-2.239989091360033,-26.337049073805957,0
312.40000000000003,27.633946270364902,14.08148003704823,55.879265553570335,1.4995313694042176,-21.353283616626626,-15.782922048675298,0
312.5,24.203525758345503,12.810075803123825,44.81677774620185,0.6158958921250937,23.799452228549786,3.509986481307916,0
312.6,32.02428054941305,14.12095085871725,51.46943873610592,0.27165380893673996,-6.617005905830272,-29.643081248430473,0
312.70000000000005,31.360429166436006,12.564103788313947,49.640721151111755,0.7253995466573641,14.591046331376543,23.431474612909664,0
312.8,25.80003006923724,10.908019411168,45.04549007457964,0.4196268155446731,-0.5606928937379294,-23.877432635801355,0
312.90000000000003,23.54955186162526,13.409033324984236,55.13131086688038,0.8767798470318338,19.34947147195726,10.014638037862564,0
313.0,19.296113336700188,12.336549825148243,40.42503153406212,1.1555420940995915,4.665740052768875,16.678000654056227,0
313.1,29.591167216331513,15.563014577507188,53.134554246817935,0.7300735890750407,8.210506301735109,24.378190500382537,0
313.20000000000005,33.867152844132725,13.238176651493756,52.76961294455686,6.43169814835035,0.05292221441693812,-31.076323345515622,0
313.3,24.760913937771953,12.27984999133319,46.47020236848687,0.968668905016182,0.06414955625758179,18.114876636604517,0
313.40000000000003,17.946157555217788,14.229772419793296,49.48138814416407,0.8196021726229441,17.17797427089884,-4.583275961264146,0
313.5,22.990608243072714,15.776670518808785,43.982135168971226,0.9487679163099181,14.600635730449222,-4.480221931754578,0
313.6,26.74708808935104,20.42105158963589,51.82634769397687,1.5074761825470917,-18.55320820726353,-9.821219992368238,0
313.70000000000005,32.78163535382384,13.187436664034,52.212064901751674,0.6558239032705163,27.890392353087993,14.524372244926191,0
313.8,24.960377199612925,11.692242174487781,43.98752489679705,0.8869891278131714,1.2540042988339515,7.622077883280846,0
313.90000000000003,31.147525821963836,17.674893286017966,62.32528211502435,1.3313543126076284,-30.591646564461964,2.8934464775113162,0
314.0,31.23778519105698,15.099185484475935,52.907878169257074,0.37691320771428133,13.95836341738239,-19.321791988178482,0
314.1,31.31399207711403,8.569753342083667,50.402418535879896,1.179824598679113,-4.6904935557467935,25.232000101218453,0
314.20000000000005,22.534657280875848,8.218346258069392,36.1888761884633,1.217843503598173,-20.866688246004408,7.2186923421172615,0
314.3,24.781722878596025,9.836481086937468,39.829192687303795,0.7974849960310071,6.622386368187396,15.367037973953387,0
314.40000000000003,24.511075036110814,18.826974361434853,60.48184663151037,1.0662152044330218,-6.396279807341681,16.844385877621495,0
314.5,23.860816043916696,11.79322707897738,40.7167081544283,0.9794476694071358,-8.802436320557112,18.82265994126985,0
314.6,32.013294108810236,12.952356036666446,51.45075918312953,0.3094658509191419,-14.744939425315764,-22.581074934363368,0
314.70000000000005,15.802722790396578,12.56844664221884,47.277951865645946,5.0957800746508966,6.438531179354512,-11.870913132694017,0
314.8,22.11033005448956,16.01556323038718,56.51142210119097,2.809715453386426,-2.8257612634973084,8.600988232201757,0
314.90000000000003,23.203493209332553,14.848405612414998,47.81775096728631,1.3670141724050289,-11.570523569965474,-2.9936663098638974,0
315.0,12.272559281606021,9.416351549209086,28.008734052086155,4.794107748493862,-0.28834924493885694,10.172253517367192,0
315.1,21.189160911789106,6.657082822671197,28.68074651356011,0.6048413515338255,19.45150807358288,8.403508442378675,0
315.20000000000005,30.781854385056636,12.613643483702658,49.17688075225728,0.6002975457522001,-18.398639766085516,-10.275760845065376,0
315.3,31.57726176196624,12.734309845628394,49.607848991250464,2.7791228669345602,-30.741715096763983,4.822153702456992,0
315.40000000000003,22.392601170847822,15.027795316715672,51.65432023217751,1.7067365418919276,-14.596580135828857,12.128841269278368,0
315.5,28.125052212140172,17.99849283147186,58.27320365180809,1.6906305676206543,-10.556117738396855,-13.86443448570864,0
315.6,28.728585090645883,15.739073188798423,53.26737743973092,1.020366236535767,10.405181244434019,-13.136166738975167,0
315.70000000000005,32.70736807340903,14.429769363974748,54.81708268919809,0.431924407036793,-16.825131207537805,-14.475639435973484,0
315.8,28.446739856171792,17.836364115745205,65.54050307627574,0.5483159473049608,15.76957617675214,-21.2375998421518,0
315.90000000000003,21.193227821320207,15.367690894914148,51.15361480597456,0.7064636800500862,10.593093377761134,-3.016539026602123,0
316.0,26.940648094813778,19.105460294930623,62.35842063209541,0.7668532433860787,16.49225803391979,11.74095902789034,0
316.1,27.411871243755662,16.458659162250722,51.345601634600705,0.5098571262789846,5.415215305652444,-15.963400637243161,0
316.20000000000005,18.8259798432524,12.83325962422805,36.203008726162096,1.705085028476518,-11.35693187318417,-12.371323663671987,0
316.3,30.413954058718673,13.085494779982993,48.33487396562789,0.930258744591093,5.436160013333563,22.68040488360728,0
316.40000000000003,30.026551110502243,12.581916800460508,48.197685428554095,0.3403565477587775,-10.080099256354256,-24.187332910884344,0
316.5,21.221789118153573,12.791106999894804,39.451086630364095,0.9347940967147903,-1.5888723331936632,7.127225194426959,0
316.6,20.9773288890962,15.566914029925375,45.590051944915345,0.708367835113493,17.590494352170992,-7.917235542601972,0
316.70000000000005,33.21443484080771,14.34611539583354,48.93155887932654,0.11254343927022757,-23.408776806615492,-21.15306356888821,0
316.8,30.375468268908218,12.48371625006763,47.25136467998989,0.42137999717668284,15.38092195624689,-10.572432076298165,0
316.90000000000003,29.41858067785106,15.376082431965946,54.802864301591605,0.582106981189318,15.632315727864423,-23.468136176346324,0
317.0,20.414107151847098,13.695016695464263,41.475399191913596,1.7866064001275739,13.696620483556952,7.063869917693065,0
317.1,25.30054310864293,12.743439265214002,48.29251329433336,6.963984222955951,-12.155376409692899,-0.1026599861713926,0
317.20000000000005,25.211084489265303,9.780851634645096,39.93649784780673,0.9620288998078803,-11.45844785174172,20.892850464234442,0
317.3,31.024904346356763,11.27277416400119,47.18519827043495,2.329376147108408,-26.078873054490607,4.7685387332935285,0
317.40000000000003,19.369734410305735,10.145372522599775,35.815123677574284,0.6116109478865553,0.5629776501156307,-9.461270626797297,0
317.5,23.42679735134025,17.572310666557865,63.669996359286436,0.999731409131405,14.114385499305602,12.86045117649349,0
317.6,21.10490639486798,10.055246026854407,39.424891721780355,0.45945208362128453,6.226949570868101,-10.22271042327489,0
317.70000000000005,21.67437004726563,6.6084470933478325,35.75080743321934,0.26338546585380157,-6.798817146274546,-20.103362902609028,0
317.8,30.019165898206147,11.528519848612294,47.87517870628251,0.590883155238291,18.819734435733388,10.135336086549533,0
317.90000000000003,23.568607804184673,13.601194143282527,43.56152238179754,0.7592189547191515,22.432061514610826,-0.2916639171146045,0
318.0,23.18244278958782,13.220606649009543,40.888321799034706,1.6313092557060433,-9.976552214639963,-7.443248719663597,0
318.1,28.258241400100502,13.264920288362513,49.31996019808231,3.352641420565495,-13.136126192558942,15.940473237520429,0
318.20000000000005,27.845413494045914,11.503428583806354,53.729347911120385,0.7037331762063673,18.95021866893887,20.061204227586966,0
318.3,29.433065937427752,11.92451093198932,49.251560786179,0.48593115194475167,20.50575022574981,-13.332059012732767,0
318.40000000000003,24.54326166821523,13.249243665561444,48.10839580352199,0.7443941992819536,-14.406905374776843,-0.2433855665533322,0
318.5,31.708358930001506,12.78873070051567,50.97038533634142,0.3999582970027923,3.6000943672754318,-6.8467228756970275,0
318.6,31.46778298425703,12.132426094421978,48.664416827554824,0.4571588509286322,5.510458289780276,-2.9194058433459062,0
318.70000000000005,2.0944911295724498,1.6810535083107632,5.079929589690557,6.120697452803595,1.8133827237165079,1.0481106488863163,0
318.8,17.558867658329017,7.080456949505088,29.946834745888104,1.3233679696189675,2.0883494987847753,17.133684355440856,0
318.90000000000003,12.58947605080435,8.211950339550583,30.985692364675323,1.9327269265175944,-10.94829248410695,-6.018926748429696,0
319.0,14.102365590045245,10.478055168719775,36.94676347772199,2.2752590308425376,10.821247420834567,-5.178994047992314,0
319.1,8.037040731119273,6.171945408032807,19.30416503910681,5.641086155552179,1.060228731777194,-0.9254409779532189,0
319.20000000000005,17.351302439042456,7.5671024692318785,29.46536984072954,30.305449374447587,14.49598001947133,5.927638745217937,0
319.3,29.519913461951482,12.8619951986544,52.0111723087283,2.3119489441276153,-11.758937805550195,6.481993963179487,0
319.40000000000003,22.61971765285642,15.096650641499075,55.939379987160244,2.8657909588313064,-0.8635589180667935,1.5501766616185346,0
319.5,26.092000456846684,15.946177950420948,60.61039696790913,1.0578380549778073,-19.609072333587005,15.764976530453852,0
319.6,29.833096761319148,11.803193730786464,47.23893904104748,0.9402196869618138,-17.605677624449,20.40454054004575,0
319.70000000000005,28.882067533533476,14.664235179386704,49.834038498614134,0.8287586396851323,-0.07167438174746721,28.511648591169568,0
319.8,24.77021914655464,9.864513127147546,40.72360085586064,0.6560758855738629,-18.01255446624095,2.7811447249246797,0
319.90000000000003,28.64018400629738,11.752878913953857,50.47247256801402,0.284968997808389,-22.703966908094575,-12.147013519214266,0
320.0,32.68329856675059,13.391966140514247,54.677863034904014,0.15163204704251873,-27.826161000965985,-17.12338028826154,0
320.1,33.58814075084995,13.062096481178491,53.96439929248977,0.3160651725569819,-5.312808025537273,-29.735887508341087,0
320.20000000000005,12.244952750055926,9.294408474494098,27.740200547710465,8.445949275492731,-10.032911202520104,-4.704444974364449,0
320.3,11.558556653182572,8.93377174006199,29.888554707295295,5.626090879342385,-6.991455228626238,1.8695657918847113,0
320.40000000000003,10.872160556308827,8.573135005629679,32.03690886688135,2.8062324831904357,-3.949999254730643,8.443576558137607,0
320.5,29.296606995100284,14.995775885000153,59.172191888154785,1.3270451920812718,-5.928203291184264,-18.966933115941398,0
320.6,29.744666179912784,14.49585057092337,52.76745204230537,2.0390299859802545,2.8932143929071246,16.558281502095006,0
320.70000000000005,14.752538282409937,11.579674578191854,32.979995990462626,0.8650659348075931,-1.0204931680578082,-13.653641186964894,0
320.8,20.56624233956359,12.791351745008226,43.38829845082026,0.8700508295165166,-8.281196928402581,2.2113596329744,0
320.90000000000003,26.37994639672055,14.00302891182529,53.79660091118381,0.8750357242254428,-15.54190068875148,18.076360452922714,0
321.0,31.287931368627866,12.93634121109006,53.482684060724495,0.7281268881918627,8.927658284491987,14.3792283331078,0
321.1,31.56959284294586,16.290715401192887,56.42466922358582,1.5109523532243432,-19.41803135997231,-15.708128148204061,0
321.20000000000005,30.225236251498643,18.471412557802147,57.54156765330752,0.4286975774909226,4.940108384022924,-19.785973454171618,0
321.3,29.708591838499704,14.059790282408084,54.12878880743352,1.3881460353175479,-21.18926215049868,17.139827549089386,0
321.40000000000003,22.745770624904857,16.064108890714337,57.82758204201619,2.2165569882787506,-20.634685201413298,0.9243915925755282,0
321.5,25.775614094064647,16.129516549147713,60.622654112310954,0.6129370892653273,16.04487353864043,-19.8439221573432,0
321.6,28.130921035663125,13.997528376371806,56.35289670952334,0.468536239894379,9.472264755590244,-25.91018130479491,0
321.70000000000005,35.361528141113844,15.51864823225391,56.37828487235349,0.45165095137884625,-28.010949887975354,-19.20330117302278,0
321.8,35.03961289935821,14.351633872571291,55.88860999283908,1.7746967686593638,-31.55883885672822,4.119895533925057,0
321.90000000000003,22.9683317729391,10.911009626443596,42.9717149607749,1.0895359917547864,14.571391965318082,-5.072910122071612,0
322.0,31.218451540192596,16.630689842251744,68.43306496190691,1.6564176538254936,-24.14420459791118,-18.921525291191422,0
322.1,32.080893727909924,14.922250563472732,55.167222247516534,7.9461277097939,-29.7022870572383,-9.20145867865095,0
322.20000000000005,25.653870176693893,10.732414083461888,40.68679504901053,0.42825854303597893,1.8307789866928275,-5.277135965175944,0
322.3,30.09023997940349,13.19169260968226,49.01044988420378,0.46996882946062035,13.811426563952464,-13.390808945675198,0
322.40000000000003,32.68344399889468,18.427141995900996,55.79184419045147,0.6702754931673784,6.150455826151578,14.457567848025036,0
322.5,22.60282055238725,11.107449418329587,35.676348392007746,0.35975380810264485,15.938732605597552,-13.405320890362756,0
322.6,30.989835290347727,16.877364856818083,45.2367645622446,0.44255756938766766,29.29771423173584,-3.153771974391555,0
322.70000000000005,30.755762976968484,12.084583715509469,50.180341537840704,0.42819171390092137,7.762569525508296,-19.901918652281584,0
322.8,24.2009199538812,10.814280643638988,42.06258401807875,0.4792854538302075,22.612342105817717,-8.132274731523532,0
322.90000000000003,28.64927714737104,15.906454487271546,58.421571766592194,0.49850993408382666,26.87503462814623,-9.849763568142267,0
323.0,27.70803054383216,13.10341497490327,48.1270608867372,0.6507254723283137,10.03599312195627,15.970756438252733,0
323.1,25.167509041417457,10.21083582042878,35.721988645720714,0.27612862234873115,-1.2844817688287637,-14.467973763644505,0
323.20000000000005,33.829525759874905,12.818073098846995,50.90255573497772,0.4786348814557035,32.76840614143319,-4.463417667755746,0
323.3,31.22972144182344,11.973435469737828,47.87038174225745,0.7488489763508657,4.867623470759824,30.545557411763806,0
323.40000000000003,31.152767703817727,12.856653606157806,52.868074349279794,0.7957918222712914,-27.588792937844374,-11.470601226646801,0
323.5,29.024791845289435,17.333174803406163,64.62305828622313,0.6176858663296851,3.3518715923507365,-12.243974165580838,0
323.6,34.06044219857049,15.034109769979384,52.01041711660748,0.7108136463716995,13.508058250365421,25.777174478509693,0
323.70000000000005,32.84022339566911,11.37278056694342,49.404956799666735,0.19411976458583463,-9.710208351802434,-26.366618353998,0
323.8,30.572460671383716,13.537130612365592,52.279104434101065,0.481347588137541,-5.9167911220148754,-1.3681757195965005,0
323.90000000000003,28.304697947097026,15.701480657788995,55.15325206853702,0.7685754116894107,-2.1233738922251604,23.630266914819206,0
324.0,18.70860334449948,7.693123946399755,30.673988958008476,1.6019715800085517,1.365106156022686,16.88181579616303,0
324.1,15.913646726565418,10.291624490884994,30.256429065961584,6.832018328260752,-9.46526572111735,4.623042929571387,0
324.20000000000005,24.916635957715325,13.47121488813119,51.41280189575666,2.4459841580267114,-24.18333952536653,-6.000312142864975,0
324.3,32.85415051980688,20.654072191670668,69.0469126235227,3.1288222421614904,-28.67614548766228,-15.420106337192612,0
324.40000000000003,29.431428092930002,15.563730528033435,58.52754566099512,1.073364555626093,-3.460768211045764,21.029058861477733,0
324.5,31.370927176175496,14.743710791624745,56.17547388911648,0.4800534484759899,24.316442976713514,0.37188112454217315,0
324.6,31.683912542713415,13.139002793997818,51.0490041632468,0.2667447612045165,1.80425204059841,-25.718233194804014,0
324.70000000000005,31.108421658818642,11.183177672178298,47.82181580224363,0.5687415151389342,7.246992234114794,9.65679099471597,0
324.8,33.420543815034364,14.662933473455222,56.76083841372417,0.6717894242109342,22.060249752050336,22.083657342355856,0
324.90000000000003,32.57492578379025,16.45467134324969,59.95723481108322,0.8074747954788042,11.395105604672949,29.30699700677893,0
325.0,28.49059971258387,14.127352790201657,54.81134091737767,0.2229817286544981,-1.8099280652705403,-24.633281976875068,0
325.1,22.465823071701926,10.129199388146157,46.92382574140702,0.5668075888205646,13.40468255499762,-2.259124916971082,0
325.20000000000005,29.91752212691607,13.187328639786616,44.594438501584236,0.6174945529009902,20.929026359734845,20.1007669412319,0
325.3,22.879911020691388,9.348485386062945,36.5791158934106,0.28658237710192286,-0.9138546547691035,-10.550196512414932,0
325.40000000000003,31.643050251837245,13.083090193370534,52.38572187078774,0.47381506944803137,-26.830287987006322,2.2250341434956233,0
325.5,30.84475640981017,13.665006581867951,56.23386088423206,0.4120652518108223,13.615836107394848,-16.004891720085254,0
325.6,30.163241979647317,10.771873935505557,55.92902019940388,0.6033810753389034,12.567831493651763,11.37774888385291,0
325.70000000000005,31.550740058067316,18.231180938544547,54.97988132090083,0.4789000652013998,3.750565722118022,3.069707942640413,0
325.8,34.45656350003533,14.164503994811906,57.99235207615362,2.2872715629969336,-27.90078073699137,-9.346584242844205,0
325.90000000000003,30.770457209663768,12.783029664828112,52.32340020702004,0.7341730164892863,-1.9476276020847578,-25.470538665141923,0
326.0,29.971870267555747,13.987631011027792,56.006298304630306,0.4970032788782596,16.420816537394813,-24.913448694396788,0
326.1,31.523040538554238,13.66560424608197,53.46853920499511,0.36662207172819883,13.610699963261698,-28.292430504036606,0
326.20000000000005,31.892470576895793,13.122067592347287,54.23030964012653,0.8828516878568633,-14.381880553556526,14.839613305012087,0
326.3,31.368213353656135,12.604942435795737,55.09110344135781,0.3213314657099945,-8.453323475193685,-14.55196389793426,0
326.40000000000003,28.71437935744061,11.90373228458951,49.38889317641812,0.45696024195648677,22.716576209643,-10.191825810618765,0
326.5,32.324453791311754,12.959571030917314,56.218083067200915,0.22523976040090263,-14.300275435611793,-26.596129332429435,0
326.6,28.951754302575356,12.690039725223112,52.59643858635851,1.9329110347825957,-4.468136066048711,3.132566497862672,0
326.70000000000005,19.251293136009885,11.180070092660081,41.12106371911289,4.841205592692598,-9.712133493280852,14.908997736838767,0
326.8,29.540341887231097,12.204446270268605,50.851168038340525,1.0070416132758606,-26.012758209459218,10.115310514979692,0
326.90000000000003,23.13053299839025,9.866894969239066,38.15897686206406,0.8398468819762814,-21.730389926903193,-2.9888106771330527,0
327.0,21.851987257858486,10.90423265432071,38.43148289626153,0.3265647730225607,-7.149586217057777,-11.6383261243986,0
327.1,28.45242497105513,12.226492065656732,52.07862932913917,0.7296551377182094,-5.6231474607872975,21.719014404748457,0
327.20000000000005,31.55203814618637,15.165748105681928,51.844931741644096,5.560362364062929,-27.906929841595655,12.832386279395617,0
327.3,30.69676103320748,13.842821685051154,50.340332322816494,3.4288151430848366,-16.692932124203907,20.438377164845136,0
327.40000000000003,29.841483920228104,12.51989526441963,48.83573290398803,1.297267922105533,-5.478934406805784,28.044368050298985,0
327.5,33.39749875223961,13.690447124514977,58.936469739728906,0.4759227630131413,6.723796829438541,-29.58879001235445,0
327.6,25.44046473732577,11.509780577349199,41.137125633152735,7.453434448489755,-10.43317539497788,-13.947425198855676,0
327.70000000000005,22.8648377312932,12.703973988042275,48.48598814043356,0.4923410677217692,20.807801250474014,-5.410838884429629,0
327.8,22.901751532355895,11.354254214419544,41.476712183036994,0.6380415695199428,15.553124858204011,11.997298807462654,0
327.90000000000003,29.582893793451255,12.833866609019246,52.4545564841366,0.7543935941987646,11.580854210670275,25.75533931306115,0
328.0,32.79599211743371,13.447136278565226,57.778489214405724,0.38263613838242017,3.5555902747899886,-26.930598680718838,0
328.1,30.230854607295598,16.18372125314886,60.47112320809242,1.6644533542355848,-22.015075685189238,17.155963132894534,0
328.20000000000005,26.867846796184626,19.747838279966174,51.55733622359371,0.7710283973512408,24.613106114722527,-0.18134394925738073,0
328.3,28.539667499109175,17.001478944530128,52.282479112622454,0.8351925085654516,7.911993055431388,11.907931468841625,0
328.40000000000003,30.211488202034676,14.255119609092521,53.00762200165161,0.8993566197796988,-8.789120003869247,23.997206886947502,0
328.5,31.16940947207017,12.82039384134426,55.70625891120485,0.8085368225033569,-4.4850915169874,30.419357573325215,0
328.6,28.512702195699525,14.27257309734505,48.30796828187218,1.4830614413064074,1.9505338216486017,10.308908786046358,0
328.70000000000005,27.839580330669797,12.58619918034859,51.3604229526278,0.9973421038399058,-16.264129077217806,21.30206484893209,0
328.8,23.001681817162325,12.932795276606898,50.60344068677742,1.1493712429073106,-3.677637917466905,16.846764714439672,0
328.90000000000003,18.163783303652103,13.279391372865405,49.8464584209266,1.3014003819748021,8.908853242291151,12.391464579944724,0
329.0,30.63251700696865,12.971096495167982,54.9044488015572,0.7180096697272406,-4.423860875091605,11.904136710655632,0
329.1,29.412820532611402,15.901427960504517,56.72073800371902,0.637081260079376,11.59263463469769,-3.7711064178536766,0
329.20000000000005,16.008608282805476,11.689690004746645,35.73774918387939,4.045499178314697,4.604690487066211,0.2936048000789371,0
329.3,18.45945271567124,13.487358671034215,46.81074766434165,1.4185964905389579,0.4958170449723216,1.4657201562398177,0
329.40000000000003,21.47048919484888,16.500007684145743,62.300210781015736,2.2347634910836245,-18.13145303974563,2.8100195630261964,0
329.5,31.204172236849374,12.994695445100833,55.00514361365539,0.3486992273247508,-21.223708041004368,-7.622053691945113,0
329.6,30.06853813842412,12.657253521799817,46.70847659152128,0.6775575028439624,18.417714174231474,15.102053693423795,0
329.70000000000005,32.0269959662259,12.49797986547883,44.0513326700707,0.8325241555732077,-3.5396551883165808,30.91480671616958,0
329.8,23.93061916944183,11.8639562498876,42.844550011906506,0.9850929663568889,3.765124528854267,18.878872046757145,0
329.90000000000003,15.834242372653161,11.22993263429601,41.63776735374162,1.1376617771406567,11.069904246029267,6.8429373773378686,0
330.0,30.35725078540519,14.102986372871312,56.6021458791351,0.4063157506862976,-5.320670327750401,-29.784360188971167,0
330.1,29.415839255356108,12.190436108123716,61.11757710764728,0.6944884351314319,13.352613027251111,13.189070684729646,0
330.20000000000005,26.973105405849907,15.869182653687858,48.671630508813585,0.9383877257386989,-14.496463084077897,18.434235479232786,0
330.3,28.185862738649618,13.96675683662375,50.98760597426954,0.8198193513486662,5.207239567349639,19.062490033654733,0
330.40000000000003,30.41878501846346,12.877413460240557,55.49265851028569,0.5042906278425785,27.915000318383296,-4.9578133258936035,0
330.5,32.97250046670026,14.236725900982991,58.93593580854823,0.6986708410508942,-19.317277341070195,-22.301590346483543,0
330.6,22.348123901685504,10.443141421898632,44.29756755659274,3.1853277949052856,-7.319499200275444,-0.9524763476277833,0
330.70000000000005,22.51644544743738,10.205842966543317,40.84552849332185,8.265936078959028,-13.024910675148615,-6.634725966985224,0
330.8,31.59317890263597,14.368673926145753,58.4360459943871,0.5537862344270723,30.321756620768774,4.989785435595434,0
330.90000000000003,28.489435731765017,14.895751012590829,54.33458236254348,0.5941886448800963,25.801604872138657,11.372865602129973,0
331.0,27.141973625430232,17.26251623346195,57.76705167984389,0.7291218973302201,5.180062059379032,10.460204961174043,0
331.1,30.14573942740416,13.782146424491282,55.21469284490125,0.35527518306099204,-5.3689938378984134,-22.81726793855482,0
331.20000000000005,32.302561570047295,20.653374881909283,52.999002807444,4.697954753381063,-29.43204582680256,13.287491809831497,0
331.3,30.744140475291697,17.458527270006353,55.773036606488105,3.730401513507675,-28.522857634943215,11.348857910659067,0
331.40000000000003,29.18571938053521,14.263679658101609,58.54707040553378,2.7628482736337374,-27.613669443083356,9.410224011485536,0
331.5,24.364406724132607,10.747888656351098,47.14783917415491,1.0356146761271172,-19.641830688119455,13.782901035889925,0
331.6,28.148928251129096,12.562375681017498,50.208921260891685,0.45193339140527683,-22.787509842168927,-11.722119331410582,0
331.70000000000005,29.102840398564016,13.375092862570375,54.28123861802274,2.5672822108655353,-28.735388174531177,2.4460062102199682,0
331.8,24.18933133338656,12.427942530498097,49.27823514310626,1.64287651082237,-17.969996596568123,-6.210662620695144,0
331.90000000000003,19.275822268206305,11.48079219842528,44.27523166818693,0.7184708107786795,-7.204605018598951,-14.867331451615176,0
332.0,32.98739366802859,13.688420665399864,60.211346101295426,0.3296779728570946,1.4072438798572122,-24.49560192076622,0
332.1,30.625102174685885,12.692972599271043,48.76635334617977,0.8193272698236689,-8.2731791073324,2.7204750723965585,0
332.20000000000005,28.314428809624175,12.743502045018866,60.38179486479463,0.47422814478465575,28.087832783504158,-3.5748821395760113,0
332.3,31.267916085467583,15.10095622766998,52.26747156890856,0.7296176789914943,-0.639793639685772,25.621250108907383,0
332.40000000000003,29.5015718164584,14.536089392459715,53.73390233679654,0.5919991760386403,15.075149401387444,20.66263920299575,0
332.5,28.738358467640296,13.86080692734039,54.87956659014826,0.4851353402676621,1.843507618242441,-10.103878461977935,0
332.6,30.60656552672015,14.691201525889948,51.485540590582424,0.33560655102576353,13.553372789616937,-26.430810468004896,0
332.70000000000005,29.64053682149647,14.093751406274546,48.339196898675,0.738641273579728,20.910477320529857,17.582239404992986,0
332.8,31.21876738689209,15.213349894719629,54.6564162492903,0.8754813160030743,4.3868162006291875,22.793393925348624,0
332.90000000000003,32.7969979522886,16.33294838316535,60.9736355999092,1.0123213584264985,-12.136844919280875,28.004548445707226,0
333.0,32.3384338715664,13.97250961126239,65.38287013823718,0.3327718706578074,-2.824396548024634,-31.747863564565865,0
333.1,28.7283977834986,16.56038609910659,53.2295553452319,7.61463018590738,-26.38900583852356,6.7049587300608975,0
333.20000000000005,25.035690105645582,13.658004137309074,61.49268596908405,9.348452867561663,-19.64101175817125,10.358030377369836,0
333.3,29.19456640919412,13.900279293535508,60.252481496591926,5.121327926940908,-12.940352409062996,-10.004059815864705,0
333.40000000000003,33.35344271274502,14.14255444976208,59.01227702409909,0.8942029863177492,-6.239693059950934,-30.366150009110825,0
333.5,29.711773552512003,12.366584985871663,53.43917297291454,0.38202382851409344,7.033232825704123,-22.901756724723526,0
333.6,29.41096193418637,11.366407602919532,54.08372669533937,7.844442790633153,-14.182708468502238,6.923675273474059,0
333.70000000000005,27.42234782617805,13.922531993574793,49.55733654553585,0.9785151039951239,5.639019576508497,25.118373980485853,0
333.8,24.38027739073289,11.126638397836814,43.93121838892444,1.6976389595402557,-5.568780614112118,16.209355234304752,0
333.90000000000003,21.338206955286,8.330744802097243,38.30510023230985,2.416762815085796,-16.776580804739105,7.300336488118589,0
334.0,30.9156986232766,13.426731997341406,55.15302028211559,0.7038799468781362,10.79603016524517,22.230058255019298,0
334.1,31.724758000678754,13.165740658723387,54.96829241602584,0.24811592361176515,-7.539504004931672,-24.6822648430557,0
334.20000000000005,30.298284526365002,12.223486890282881,43.023934806334935,0.5413521215227082,22.60166030528901,3.648378008564044,0
334.3,30.213132009527435,12.142798082297203,49.865297712420265,0.2550032221817006,-7.439827721114142,-22.429291875420482,0
334.40000000000003,26.794938146659216,15.17156521848835,51.652957152167254,0.73932402552182,-6.964961510498821,8.564592710606235,0
334.5,24.1551696056557,10.59208466819085,45.14308374652779,0.4476989217476851,22.76819784259601,-6.722412593074264,0
334.6,26.024909198037587,9.744162214341243,62.53707214864902,3.277135390031827,-7.5245407166766505,15.107452041034046,0
334.70000000000005,32.05439547388291,12.82166841813913,53.915793942406665,0.23804043808282738,1.8085462087643478,-28.78420869048023,0
334.8,27.94441598507258,12.99589577751423,49.44143869933273,0.3580299412862126,-11.556728367585187,-20.415040662730732,0
334.90000000000003,17.876045946663787,12.404717654447778,39.068691891935146,0.9144586882498961,9.812955875383853,-8.503034749208002,0
335.0,28.275249943364965,14.98334321741519,56.715265175328824,1.779545743357247,-19.777663587206,-11.879381722882496,0
335.1,32.73282932675805,13.239194725703108,55.60064851142652,0.31567189721590005,-30.24892450609371,-12.101482804566666,0
335.20000000000005,24.65589311922584,12.360964229138945,44.167699811934405,1.012710728938959,9.606823796771915,20.695075877875293,0
335.3,21.785709175795596,11.975694893931776,43.06577084646184,1.7730800535137168,-3.219634029984979,11.785510875321506,0
335.40000000000003,18.915525232363724,11.590425558724387,41.96384188098864,2.533449378088907,-16.046091856749165,2.875945872762653,0
335.5,28.816013783037917,17.479075065410896,63.32282090634531,0.4601390887081308,-0.8095244994717952,-19.11716240196853,0
335.6,29.21660184810937,12.379218213631546,48.940854058703586,0.7156373132646521,-14.764044621995978,13.667776199725452,0
335.70000000000005,29.273238044130597,17.470988578820855,50.28312943447283,0.2462977580098888,-25.163843618362602,-14.117766622523137,0
335.8,27.98418254881429,17.767146424753825,56.73686974957938,0.40317533057564225,-9.137569207388125,-18.807179814655143,0
335.90000000000003,26.69512705349725,18.063304270686967,63.190610064689594,0.5600529031414849,6.88870520359546,-23.49659300678981,0
336.0,29.801329023235606,16.486090022280198,59.69728496367936,1.5996031972119709,-7.917800167331944,-6.031817047593652,0
336.1,30.985838793043207,12.581119901209677,53.39358199637181,0.8464220166154565,-7.23942017308616,29.598996634094224,0
336.20000000000005,17.116806218391073,12.472445890007425,34.72120322274464,0.7696503713553793,-9.091864257128147,-11.052319470588083,0
336.3,16.95172553806294,10.767152543927152,35.63249493530431,0.9836043646665712,9.909105673235427,-7.520616937232486,0
336.40000000000003,17.96754339405474,10.267626198143859,34.59119126250486,1.151890811929971,1.4816425043873664,-15.887978703383594,0
336.5,32.41019873092853,14.763835907173506,56.682311633895644,0.9453257170271542,-10.421775170379735,19.546187884620807,0
336.6,28.948532883352765,12.369349369755517,51.536252217094535,0.7368564343259925,16.91367339824205,23.218006543220753,0
336.70000000000005,60.51180032691431,23.150559534284863,95.19216981196345,0.895806915529989,-14.371770947800712,48.6261198470242,0
336.8,31.684696826629253,14.58662474326813,59.791431863602476,1.5519502427526888,-4.172150731926422,-12.126290960916906,0
336.90000000000003,29.768602257730063,14.602262063140053,55.6178393432178,0.8121972139959082,0.9491636430781778,26.365718917670016,0
337.0,31.634236610383713,14.64658116679549,58.510066527448885,0.16983378006338337,-15.197545601804984,-27.65514559024148,0
337.1,32.453585494970525,11.021404032685545,50.0245904278677,0.13417005456863104,-22.776765590047912,-22.251086380078824,0
337.20000000000005,31.542115184633076,12.725409816779857,51.506092518100516,0.5948631501221286,-9.517688063399273,-6.116449729291557,0
337.3,31.195325996515084,12.50349352349621,53.58040213142005,0.8271235311338367,-4.098906003140055,28.457900949993913,0
337.40000000000003,30.889945345451938,12.522237198735528,50.89697262077996,0.690721474817741,18.014386384647285,20.056817802009213,0
337.5,29.415981173268474,13.173740347051593,53.47585050604717,0.8121430686937524,15.607346099421008,23.80284920161568,0
337.6,29.3256987188519,12.564660790886641,51.456966165423566,0.7030296654440806,25.108215383054645,11.51079071725269,0
337.70000000000005,32.79791730554648,15.919779637235608,51.05388490501633,0.31059855267621345,14.577362537464586,-26.096829401254023,0
337.8,31.046718526197743,14.58551092912281,52.93758999875845,0.48798475331768226,13.187501520255848,-2.9428306810899407,0
337.90000000000003,29.29551974684801,13.251242221009253,54.82129509250164,0.6653709539592518,11.797640503046319,20.211168039087305,0
338.0,21.38069954576846,14.805677811250439,59.435008457104544,0.863504458741965,12.019606820948386,-4.43141033789377,0
338.1,28.8867789968048,13.507657300086722,57.30655390861611,0.6719309324840882,-19.73717054552419,-8.090089630555585,0
338.20000000000005,31.457442049951823,12.911401267114238,58.17860862871765,0.9640014564030063,-29.408381101418843,-10.736372500724427,0
338.3,25.543280638893513,12.343321667355921,51.52759525092593,0.7362488089429846,-23.875683020002583,-6.86157620280284,0
338.40000000000003,13.990319038954386,8.874220936768076,35.01716103068779,1.6440279602704218,-12.76972732907985,0.9424613837058562,0
338.5,23.93548644178299,14.96789137033739,60.41739053538219,2.4603969112386146,-19.79233838161271,12.727896313093492,0
338.6,30.596871197163612,12.662102974274188,57.94708575173436,2.9366238931657715,-29.849574569855115,1.865421973605832,0
338.70000000000005,15.658569685467661,7.504535623779551,31.334409987928304,5.36269155412151,10.70299242936459,0.08297192761950356,0
338.8,30.89310419514349,12.64352505998011,51.465666519798845,0.989005598007646,-9.88856824312524,24.543703633361318,0
338.90000000000003,12.781791850689654,6.664554282674615,26.36561315116124,1.428581708584598,-4.817903756440561,3.381950334839946,0
339.0,14.788212258406148,9.136182829466648,36.80491601796113,1.016409307260091,9.408472538032761,2.353356995428867,0
339.1,30.453930805953163,13.359139205591836,56.431954766986664,17.003391358156186,3.689932940441631,19.644430655387715,0
339.20000000000005,30.929765521930364,14.562182761233046,57.268988243712606,0.5604862623249905,27.47948675224993,-6.677522348011316,0
339.3,28.689169843004297,15.032188736717805,59.39675172245739,1.4314245421275091,4.422652040795111,-5.920466620485369,0
339.40000000000003,26.448574164076952,15.502194712202833,61.524515201203386,2.3023628219305228,-18.63418267067281,-5.163410892958992,0
339.5,29.847888209640622,12.324062856570087,53.83919099787075,0.6834499052017086,11.50792925889033,20.817747641322836,0
339.6,18.52607311193893,10.300957707040215,35.874879051733146,4.916331575477008,-5.292961831021845,3.8327525254568826,0
339.70000000000005,12.79770958501718,9.282137607392684,28.94429340461005,5.3449138541125185,0.1309068862564371,11.201317198259153,0
339.8,26.512793273205858,12.198267294776661,52.05714347974192,0.7472500538622985,22.969226294165914,11.328482123303738,0
339.90000000000003,31.693571548710263,12.95280322977015,52.293537218546945,0.46944571282195363,25.583255860999838,-2.6018492043074675,0
340.0,31.37590551433649,11.17586725186168,49.37744992048061,0.6557160113731868,25.538822746297825,11.462721622002855,0
340.1,27.619136303507993,13.9014172091178,49.24906049375009,0.6782130896877955,25.693954123267446,4.154539959165161,0
340.20000000000005,30.172955655258004,13.288357803039933,49.87245273312267,0.7104151538106652,13.939565048448463,18.939871967169076,0
340.3,35.5019564396579,13.516569146329541,59.58809609697745,2.351497520577963,-18.75468461805552,-2.0059574900930457,0
340.40000000000003,30.354251522245526,12.484803091520131,53.318596248430545,0.3510772710173284,8.781216479923327,-28.957609433800524,0
340.5,23.711375372518734,12.737519269359204,58.4328884879002,1.1214852249477412,-5.66349052888684,21.918185649535282,0
340.6,14.988851372378885,8.094240817008576,35.599288751658165,1.2673055959405606,3.1334671163381014,12.05795934613318,0
340.70000000000005,32.49356850197662,13.46083970412716,54.627728131080936,0.4924455994836028,-18.797559765856974,-22.22004824282779,0
340.8,31.168980654986797,12.709041824977446,54.213942309985164,0.7125175171637341,2.2630104330678487,30.529168922066145,0
340.90000000000003,29.98787147161628,19.702443115517486,66.42550642222908,0.804591742796332,9.377332883257504,28.237340237037248,0
341.0,19.727410905243453,8.176792743183647,40.098394137055685,2.4389750350061368,-16.830619102897476,10.185648894667315,0
341.1,30.902458784543814,14.891831547773966,53.907348010494445,0.7811539501424257,13.360576199327694,22.225728755294078,0
341.20000000000005,30.00909044924972,16.168294155289317,64.17997744666404,9.655884912545973,-26.583714201778786,-13.923039037060892,0
341.3,31.64502369430942,14.270636452581691,58.840361272930906,4.536719047135997,-28.5354577782964,1.8792955023164328,0
341.40000000000003,35.25265628402615,14.38615910120373,60.68949167384281,0.42686251567562383,29.089089978208367,-16.042957960029874,0
341.5,26.56959780462338,13.400624931702934,53.20016986277749,0.6430529476309397,20.34054608999271,-10.87429218596608,0
341.6,19.7070727771411,11.82016772074169,39.44442491434571,0.9652967131158493,-5.701367673416819,1.417317034844885,0
341.70000000000005,21.37995344925072,11.66965543199305,38.89344761747519,0.5033692904832076,3.4135030367496864,-15.243842331137923,0
341.8,30.363990557298607,13.487821714611831,55.724973678311756,0.9138604619623916,6.386852282437277,29.42443260007363,0
341.90000000000003,18.952779006142897,10.963278786772978,44.45673167664816,0.9884077321665278,6.639475092972609,17.64759976731697,0
342.0,15.058872128892158,11.905961175921698,43.44702468138022,1.4997556046231217,-0.2627117661368583,-13.613225660946636,0
342.1,11.740823593639316,9.412948151430879,29.220079778214853,3.9714604017196242,6.749210920556017,-5.4829426437418896,0
342.20000000000005,19.832371168637284,11.21016552890923,32.880034688786225,2.670863034482308,-19.830987120804032,-0.23352478191499795,0
342.3,30.486011233260008,13.320727810043003,54.50370044547704,1.1607125854728695,-28.456152178802732,-9.395520017446692,0
342.40000000000003,17.512261787516213,11.884543857264617,44.99881973574823,1.2069630014750516,-11.837481650639745,-11.55324864922946,0
342.5,21.21306215180051,16.100754278498307,60.45017454611567,1.5392882556632155,-13.06727142722258,13.031001991222034,0
342.6,17.66037013499152,13.392018159889052,38.91957304898619,3.2612906794487664,5.077091409928009,9.155686900367295,0
342.70000000000005,13.010782939797538,8.195026402691688,30.688958080706463,6.599440611240209,12.61507642934248,2.3962774105350926,0
342.8,31.261781003046302,13.20229596623867,53.54518717167331,0.7360546848891226,7.291220612400559,29.7107674111534,0
342.90000000000003,18.296954108566098,12.704791186327906,43.830556894870426,1.4128758084870323,6.283254009841245,-7.537668187360406,0
343.0,17.26036414612896,13.727837686279816,51.685850767921664,1.560516983808066,3.7964235010332814,-11.210018518007717,0
343.1,21.026483039306786,16.039723855638037,59.00693886085996,2.134204869674132,-12.822830479306738,-14.096321588405651,0
343.20000000000005,13.031333925359235,10.43316166157449,29.32261947891564,4.87031453674731,-8.477816075038056,-2.9181193114716084,0
343.3,31.892411099820617,12.974677810810814,54.5796372558624,0.809453536842754,-10.92523416955917,26.979530633527386,0
343.40000000000003,27.397653445662904,14.580925145328509,58.71033195251652,0.741840180901917,19.5275157902268,16.515875133398776,0
343.5,25.25965242772195,14.058000943780385,57.23722709172162,1.241391568522769,16.546366076459996,18.96692075880378,0
343.6,17.710539459137504,9.62651236392819,37.44975209822745,4.536809870051769,13.910467644230955,10.444507888638055,0
343.70000000000005,21.664650855743332,10.373543651153847,41.20214618230968,6.206737528646689,-1.1920684930404217,-16.38944976999103,0
343.8,31.705557203480698,12.988249197316902,54.216568116690816,0.3391528706703151,-1.793273544831326,-12.435592734164747,0
343.90000000000003,32.86941730330887,14.022366991054483,57.70765098233706,0.21887961110902893,-14.69430780539672,-27.956628210110658,0
344.0,30.623306404184465,13.86117604602396,50.94629380216388,0.9334912302856488,-6.496508711210838,20.080796931876023,0
344.1,27.39196635777552,15.961758905694932,52.59829337102611,0.8552513083932025,15.112461120427616,-1.4223616693207006,0
344.20000000000005,16.759874720554944,9.765348268950818,32.94127908590376,0.7905687537268095,-6.175772784259958,-11.018142659275012,0
344.3,32.49391558455962,12.981021904298897,59.375672272586634,0.8583955354517998,1.6450309005333814,-23.8375383719852,0
344.40000000000003,17.66358581506075,8.761971346816885,37.25958418699626,1.4403850479627995,4.891237619415049,9.856540184094865,0
344.5,16.477530102295677,11.075957833046353,43.16138127665966,1.7575057830694059,-5.706265285577127,10.486608503421731,0
344.6,31.811309463312227,13.937458633462382,62.6977898217007,0.7103829195296427,17.191786562604694,26.172338467593377,0
344.70000000000005,32.79297658821432,15.195206287202591,57.11686889761014,9.929840256876659,-28.869966358825096,-9.95913746325674,0
344.8,26.29640304859005,13.861985387124573,48.621016796743874,5.909115315041016,-11.912844575813974,-12.20532243255351,0
344.90000000000003,19.799829508962084,12.528764487045798,40.12516469587278,1.8883903732030891,5.04427720720679,-14.451507401851558,0
345.0,28.70636649932939,12.371044811906756,52.707161918712316,0.7859631890552783,0.7756436391054784,24.462308713706506,0
345.1,25.8670912276619,11.520760678823972,45.607195604892375,0.27895940812827,-3.3245717354159545,-22.451434184409788,0
345.20000000000005,27.11793658711262,13.186888323307967,42.44610851554802,2.8333745045138397,-5.216106786464467,11.345674124777208,0
345.3,24.696156392326607,9.435692538262082,40.66007850589643,0.6549054813387505,9.26458819952579,-0.37801600157851567,0
345.40000000000003,28.922761892661256,12.435593548623014,52.683640889099095,0.7713380991896429,12.818521660448683,23.534215135437936,0
345.5,23.04511052503429,14.163797184681542,50.84810380992218,1.522633897356534,17.998243413252567,-13.622802369546271,0
345.6,10.09738096187673,6.200145258711654,24.388772478143643,5.573248911030345,4.649394889177252,-6.8510407816879955,0
345.70000000000005,4.511347098379161,3.509419422923101,13.325141083051898,6.990895066298422,-1.9873461402978954,-3.6298649885842815,0
345.8,20.6057246616236,10.391359769565733,43.541854889280685,2.9613169578230982,9.490180819566815,14.265412438148875,0
345.90000000000003,30.711244221138024,14.812069812366735,63.01598748898166,1.764549274933961,-6.332586574584161,15.13907932724978,0
346.0,7.603348636602511,5.69073268386029,20.54471259160576,2.80184514824613,-5.828422206442114,4.177789033238653,0
346.1,12.298164665067034,7.704277321034405,26.707929940895625,7.505226065146982,-11.753748283946162,2.0619132546118135,0
346.20000000000005,17.964543284323696,8.455513926047637,34.62422187918243,0.9262092456268859,4.0697328199753375,13.577189633543307,0
346.3,20.037583165176095,8.221704205097266,35.080800919669024,0.6856507100662831,-0.308884112693806,-0.8159185111629732,0
346.40000000000003,22.65785149204046,7.96123383083406,34.52143184677447,0.3608488866400249,1.2091555705857198,-19.82508150716797,0
346.5,29.372734204301715,14.200232704709647,54.473963409947736,0.4512670301228057,3.320214729622239,-15.451530581340675,0
346.6,32.56523626432387,13.122013181500813,53.403883662874854,0.7997932092482407,-17.97279731674952,12.711409190140145,0
346.70000000000005,31.9049272527346,13.464522592195351,48.38774974367118,0.8745783389770154,-19.61459754062453,25.005881035958765,0
346.8,22.69945857575459,12.62021951178425,40.72729651303128,1.3788447422490258,-10.12771192306587,19.74818156593915,0
346.90000000000003,18.486353186300978,10.645262871994262,34.72176825080131,1.9548454626612652,-13.439046356162407,4.518585057746783,0
347.0,25.536551584820764,15.587503979502747,61.298975987235664,0.969688078474154,18.15419607613863,16.09824177071261,0
347.1,21.368980781530478,9.991193812414892,44.02768385331672,3.1904628561208526,-1.441468715230414,16.546451297440193,0
347.20000000000005,29.78868814229056,13.899464735444797,49.43884515387448,0.36176029291344786,-3.7684376261528336,-29.460754833951476,0
347.3,25.364108543883905,13.405198612504865,45.939763764425145,0.5638717912503765,0.4661994517117396,-24.8294988004686,0
347.40000000000003,20.939528945474734,12.910932489564653,42.44068237497382,0.7659832895874199,4.70083652957872,-20.198242766983093,0
347.5,29.123528804046646,16.593678199892953,58.584441756864315,11.059664469727691,4.217012755921256,-23.614015264158283,0
347.6,23.9783725563847,13.447829150051533,53.116569987161945,53.96185464343173,-13.533278307311186,-1.4610073267662642,0
347.70000000000005,18.31258707581593,10.271521064431447,40.992896777526795,7.486512287427216,-11.428320690160353,-14.291643851388418,0
347.8,21.929911903550796,13.68170705017726,41.85336924420001,5.985604148370363,-17.35119986314288,-8.852603264739166,0
347.90000000000003,29.603176109339024,16.084622425538264,55.81596975927755,3.3466209814905765,-28.700136224212216,-3.200555681915972,0
348.0,29.693783589691343,15.203886578545548,62.08450042519654,0.49739723341169684,-25.80975612047975,-10.56316459415023,0
348.1,20.808754420477406,12.456858463093846,44.41666651486784,3.249888683588986,-8.964345730782991,10.574061877348631,0
348.20000000000005,20.949147742476676,13.869664012365046,52.12328077076408,0.3469642360026437,-12.239675823573737,-10.180982848623039,0
348.3,29.888784856763415,18.561678426196384,57.14731836372422,0.38523572062820655,-5.84785106966169,-16.019623691647222,0
348.40000000000003,26.819523222658855,17.098775154922347,58.33468351486252,0.5346063552190461,21.293609285944544,-4.2640632662035785,0
348.5,28.317426903707496,17.634350759965404,61.61287963357455,2.22530646968868,-19.008513601315276,-19.70904550641153,0
348.6,23.689261486379,11.560015107147052,44.48435680934274,7.985862343552613,-20.42870329311867,-8.6830715167239,0
348.70000000000005,17.617082462821173,10.138004868283085,30.663569775202348,0.8105878691992568,-0.0507800597739676,15.619208196227039,0
348.8,22.994352541574475,11.928410243499552,40.93495945539518,0.7047902096922064,13.192945938583996,9.391481162323378,0
348.90000000000003,28.371622620330832,13.718815618717036,51.206349135593854,0.5989925501850957,26.43667193694949,3.16375412841618,0
349.0,30.387688442312847,13.625155036593268,49.19036906521627,0.8376671780439517,-10.132472504779837,23.56396451415732,0
349.1,23.59933176288859,11.06889239545437,36.37429991580159,0.4786481429829959,-16.5817340564588,0.023670776585916542,0
349.20000000000005,20.794227314153407,11.89444540090679,36.26066680303005,0.720361555479045,4.25718996166753,14.611422192139594,0
349.3,26.524917921611188,12.756564766668305,44.67050677445909,0.47415966798388126,1.0004780771845034,-7.45685288718656,0
349.40000000000003,32.25560852907222,13.61868413243031,53.08034674589291,0.22795778048857762,-2.256233807300374,-29.525127966525258,0
349.5,32.34945689929953,13.835332619041539,51.30233627940905,0.9348773113072996,-28.212575912058345,-5.490366498027295,0
349.6,30.21909206138708,14.22974481254795,46.40494302963891,3.1137882292838137,-21.480847776659417,15.057973904766833,0
349.70000000000005,22.53735589531981,9.32776112262618,32.19967320149363,0.36590406216134475,5.223490814252478,-16.37194556553836,0
349.8,26.568383905199394,10.609876742722815,41.24336729459823,0.6370329907237822,-9.26280654707748,-2.348970898755841,0
349.90000000000003,30.59941191508127,11.89199236282018,50.287061387707965,0.9081619192863739,-23.74910390841567,11.674003768034648,0
350.0,32.978833870247186,13.455888204047044,71.51561456471327,2.258293402712855,-30.46195064999289,-7.812195344470391,0
350.1,31.119279635550605,13.03683621167151,51.99015465026753,0.6648884580589058,-20.29061474864666,-20.951676241886155,0
350.20000000000005,21.065627703918025,10.580786651971536,34.340507898874876,5.4338911391744755,-17.363863943181247,-4.880920752155349,0
350.3,19.816418999567038,12.036935205836809,40.10512800701034,3.350292912383984,-1.8456018613902998,-4.940990677446791,0
350.40000000000003,18.56721029521534,13.493083759702907,45.86974811514909,1.2666946855923085,13.672660220409469,-5.001060602738268,0
350.5,20.120339841009155,11.475002844979201,38.83991127334308,2.5495241185900674,-16.030153090656853,5.626486523435951,0
350.6,24.18072833959524,15.918429070773133,54.30725591437347,1.3595310910464844,-6.161722029582881,20.246264209635264,0
350.70000000000005,31.812034160759236,17.062988826104323,53.57788982140832,1.7203965787228594,1.2242749492932798,-20.398529930930657,0
350.8,29.55869619615629,12.7058653017525,49.06489602445363,4.647207295398312,-23.042966281565278,0.1675778537579653,0
350.90000000000003,19.18176303391734,9.512451771417986,37.19902316632585,0.7275326198575757,4.948253171033058,18.291932809117032,0
351.0,28.336300204896716,14.479674463975726,54.11835957890968,0.5901731369313814,22.94714735411641,6.157466828959773,0
351.1,30.303528864040285,17.918737840081395,51.58518748930901,0.7870876838544293,-5.223083165597153,19.73717611204728,0
351.20000000000005,30.77180352615295,11.858671281800587,48.597285444441,4.065100549333439,-21.558353785188107,20.945499302916854,0
351.3,25.29723905805818,11.871498668720404,43.98330352683944,2.8630229604701807,-9.772443603388611,20.191180133055454,0
351.40000000000003,19.78599661202494,12.236410591696528,40.17873363575028,1.4165940313700314,1.5870498421518668,17.909648875775872,0
351.5,20.089207599480115,15.42604438842957,55.92775779985334,2.3427029577800873,-17.03686730509223,-6.457801667838975,0
351.6,26.565527753760072,13.784611916413533,48.84894755498835,1.1197316131719544,7.310280366673236,-15.002433556898112,0
351.70000000000005,32.01131296299837,13.324893204573376,45.66464241084237,0.2340993552859797,2.321249252076406,-28.09457091812836,0
351.8,27.27049659082645,12.493166612359488,43.36718584251241,1.2546052940136145,-13.976111568974996,-19.07550175512657,0
351.90000000000003,19.867222268659482,10.673909065581064,37.938351398435124,2.6234203011129327,-17.379298875005297,-3.8088121249600917,0
352.0,20.223969782215846,11.590925829970814,34.67488057672526,0.37572549611744627,-12.87829805129151,-5.186468120293659,0
352.1,18.205410534553174,10.848368843005938,30.557288046570143,0.6063778442562034,7.357004466969556,3.0111397548145167,0
352.20000000000005,19.071255920868072,13.454470617188143,35.58704138213771,0.7409866123057016,3.9042720658026044,5.087945778663364,0
352.3,21.51825838926417,12.451608443499628,40.53111472280417,0.9709237506932911,-7.5834423107066256,16.144816600216423,0
352.40000000000003,27.15014119594935,13.075907673744178,51.186141291935726,1.0576846826164084,-20.300566382593434,16.50893051674157,0
352.5,28.039685861960372,12.592413792399654,49.28011064464528,0.5174150464163697,-20.310933158634867,-12.875770536348362,0
352.6,15.499218267455188,9.990254430230774,31.386123635061853,1.0783497860914741,2.4517755215181474,-6.797158930028919,0
352.70000000000005,14.488537727961267,7.346629690692728,30.884049899448378,41.99111711420552,5.2662364505308314,-9.385462559665275,0
352.8,22.27774052164199,9.828710647971725,40.606708966112755,24.62582363259716,-11.014273562363273,-7.688631034378264,0
352.90000000000003,30.06694331532714,12.310791605252133,50.32936803278266,7.260530150978923,-27.294783575266628,-5.9917995090902885,0
353.0,26.665968762179247,12.501377655074307,50.40942659456215,0.755977823582486,23.734551560955698,12.02072358481933,0
353.1,14.370719566016431,8.773630014005787,28.837569465050347,1.1021668739847124,13.34992574580372,4.860097728383639,0
353.20000000000005,11.437092403180701,8.814986060971195,25.22755006973309,5.2141526381857695,-1.457680193926228,10.5302408323349,0
353.3,18.670262621586204,10.378056322161015,35.7092278193864,3.053729700124508,-8.459835938454631,-3.3479848363564457,0
353.40000000000003,25.903432839995816,11.941126583351723,46.19090556904567,0.8933067620620188,-15.461991682987014,-17.226210505055683,0
353.5,31.022815944441533,18.159294147434267,59.921464070882465,0.24537984541869917,-10.590323614574384,-6.426685546946484,0
353.6,31.345902317234987,18.198175752222472,55.45654537311303,0.5943281323597193,23.07349554801903,20.74308750098839,0
353.70000000000005,31.20879513998487,15.127616683297266,60.72002651047825,0.7397785490488625,23.570648790214516,15.978969618677828,0
353.8,25.498876252813325,14.952151766470394,58.88194077792482,1.2647245766660915,5.749917071467667,13.000575028231784,0
353.90000000000003,19.788957365638538,14.776686849643422,57.04385504537034,1.7896706042836188,-12.070814647289314,10.022180437784048,0
354.0,20.368746579098552,10.244034734240762,39.705685698799364,2.2931674819197343,-8.86788523562415,-5.2291935861963585,0
354.1,29.083979349964977,13.435495841009525,53.971556711721504,1.0365540823881743,19.981767189723556,-7.349258322573918,0
354.20000000000005,29.306819776390675,11.265859056158913,52.34404270563213,0.899316786615729,7.739200784187458,25.206786463316398,0
354.3,28.960062035605173,13.472852983358008,56.62060769855551,1.6154403206183636,-6.674774357601448,13.451545863757627,0
354.40000000000003,28.61330429481947,15.679846910558357,60.89717269148133,2.3315638546214053,-21.088749499398553,1.6963052641921728,0
354.5,26.409529714753138,14.719621512243384,57.46197229564845,0.5940743143907355,19.52700642237395,-8.783172126452609,0
354.6,31.50274095283713,12.581802458621986,53.08167580459958,0.26169967856492987,-11.975064815021593,-18.812684977816485,0
354.70000000000005,31.06845517677107,11.345000267344163,49.54572678894827,0.779535015962347,-6.171085728172957,28.918187456683345,0
354.8,25.029016403949917,12.079374984970277,45.86823982044406,0.6398006815966077,-1.8291989156748771,8.340368891449334,0
354.90000000000003,18.989577631125336,12.813749702596809,42.19075285193776,0.500066347230789,2.5126878968256703,-12.237449673796373,0
355.0,19.453735257824135,12.885491374124427,41.33826768260562,1.0221750311794924,-13.041244005248334,7.68036246000188,0
355.1,28.440332079317372,18.79727338560007,54.969798348201536,0.7060451840307083,-16.72200962394917,-17.22929855461184,0
355.20000000000005,18.625817753519087,11.072594271769125,31.93716500054131,0.4228317625081904,16.418704177954293,-5.544096766891007,0
355.3,24.200540610605255,11.568979625991783,40.58008711472832,0.31406640151601073,0.22846857350523564,-14.088046741369592,0
355.40000000000003,29.775263467694593,12.065364980214722,49.22300922892025,0.20530104052376932,-15.961767030953023,-22.63199671585303,0
355.5,32.37972776296845,14.192351524221849,53.83808007184019,0.28377655228692855,-8.820191691524913,-17.381475248873187,0
355.6,30.67996415350367,15.500708543996058,51.63535281935815,0.5388081652898895,16.324248063630037,2.4986983209608056,0
355.70000000000005,31.988337624117936,15.093801916707438,53.98625402891213,4.418032528364974,-25.683380399163905,18.949346999979255,0
355.8,28.38933547616219,11.394097863658136,46.766793252257415,3.5172114126643916,-24.27608647159383,13.909536711710096,0
355.90000000000003,24.790333328204404,7.694393810606728,39.5473324755986,2.6163902969632975,-22.868792544022945,8.86972642343807,0
356.0,66.9893590383367,22.48707845728587,116.24635095943988,0.4354140546518838,64.43750447773486,-0.32660453184519334,0
356.1,35.35186689726129,11.760321810875583,59.207048296775284,0.25759594624931537,4.446674875523669,-2.99569312721429,0
356.20000000000005,18.41111118956676,7.747896369721378,30.556386298739397,0.4643325436432578,16.004200080616393,-9.010236078510758,0
356.3,17.940212236254307,8.275535183811371,34.382142873417855,0.5773261958501035,16.48639514280518,-6.31641162621261,0
356.40000000000003,17.469313282941584,8.803173997901665,38.20789944809849,0.6903198480570134,16.968590204994236,-3.6225871739129314,0
356.5,28.045258234729847,12.953434652061475,57.44140655864766,0.4880624988138653,25.594068867152334,0.36234140849347574,0
356.6,30.578100396030894,16.2718364381861,52.544442666494334,0.3502707958018758,16.989328761733667,-20.28144674988731,0
356.70000000000005,29.467295890529318,17.008663208255907,56.33124924724523,0.5033270852909516,28.735401620223634,0.5435817878977331,0
356.8,25.503583826817604,12.467382909431258,48.84259817905079,0.5709576454455266,19.1824436778871,9.050034866584772,0
356.90000000000003,21.53987176310364,7.926102610604026,41.35394711085209,0.6385882056001401,9.629485735545135,17.556487945276643,0
357.0,27.00868274490002,12.98585212969388,59.41435072296381,0.37852778594399433,18.44374936744466,-16.63889823202517,0
357.1,30.077159191748503,15.100290655116137,52.22793293102761,0.4367381743635774,27.623262895562142,-4.203906697946671,0
357.20000000000005,27.112204764660316,15.34593832100098,46.459406640030224,0.9281581179954808,-9.520112534638203,24.886088951750477,0
357.3,23.205657758858933,12.283262750359203,44.86993477913444,0.783581972213939,-1.4124312785856272,20.987046131697873,0
357.40000000000003,19.29911075305533,9.220587179715686,43.28046291823775,0.6390058264323151,6.695249977471558,17.08800331164305,0
357.5,21.132941999226745,9.358141257860938,42.319130491655145,0.35971804854149764,12.374276628650104,-6.1310723250689065,0
357.6,27.263740668876643,11.805107381047234,45.46468958074899,0.26024786994170324,-4.493514400483516,-20.03029091374742,0
357.70000000000005,28.842519412367388,11.74581383102042,40.18163609091543,0.6234205494171546,-27.004865302894768,-9.177146931094907,0
357.8,23.854064277924103,10.386959201285672,40.58890915731011,0.57044262452354,-12.060198591268554,-12.865752385662196,0
357.90000000000003,18.865609143477982,9.02810457155015,40.99618222370503,0.5174646996298952,2.8844681203661544,-16.55435784023158,0
358.0,22.357203889368588,9.386046243570556,43.20689934819093,1.4472240604989446,8.379170892452517,3.151091412044186,0
358.1,32.49722792843286,13.758883028157284,56.274159166475314,4.771168032192325,-24.583687656264267,4.705865827426262,0
358.20000000000005,31.28010943368066,13.195737406542849,45.93990726247722,0.9832901236669775,-28.006633415562728,11.267538598293953,0
358.3,27.23158711683722,10.296432393036435,42.28221201071974,0.9149447336041299,-18.925001571570697,15.381693989390605,0
358.40000000000003,23.18306479999147,7.397127379528374,38.624516758960176,0.8465993435412433,-9.8433697275735,19.495849380489595,0
358.5,30.566520040625257,12.954573707263902,62.5874487804504,0.7423731568978926,17.17411052617568,19.780668917966818,0
358.6,32.323385445244206,16.530057894135922,56.37891788313796,2.0361802735294736,-18.18560652829637,12.980788663715181,0
358.70000000000005,17.9779509323281,9.786861193604265,32.269234659417464,1.621524015957268,4.678654794550766,17.192677709760307,0
358.8,16.152216063748035,9.058297600155493,34.02794508210049,3.2808602927622275,2.126665809361658,15.737752091912807,0
358.90000000000003,14.326481195166936,8.329734006706307,35.78665550478451,4.94019656956813,-0.42532317582890045,14.282826474064478,0
359.0,15.59091725922023,9.07343145399216,35.77657353849128,4.551257654075907,12.368926185875948,2.4963220820738523,0
359.1,13.619088680643864,9.450805114321026,31.09119672626906,2.957490435169455,2.282471778460364,-6.921857161746115,0
359.20000000000005,10.897049879063626,8.756139644507352,32.352120568500695,7.552541644902187,2.799704237921848,-10.53082635638914,0
359.3,19.222378982784512,11.163966734153561,42.65303743676881,5.587875250054707,-16.691333193237583,4.6780850642203475,0
359.40000000000003,33.05452601912061,14.774302354362515,72.88912706714554,1.664154586614833,-26.76964347298305,18.582010514974083,0
359.5,21.748419785477555,9.089824998266998,41.55545798799188,0.5292745971962686,14.1638836188257,9.727561790814,0
359.6,25.377198148891598,14.557410899574622,48.04847360821994,0.830340674196562,-7.8673605207114825,16.286290196833708,0
359.70000000000005,24.36570091020112,11.094549561992247,48.48747446922212,0.7839778927329699,18.654271339914914,13.194031138818392,0
359.8,22.733190722186098,9.905950436637458,44.65042843960774,0.7674433696599916,9.68136039638559,16.804074639758234,0
359.90000000000003,21.100680534170145,8.717351311281991,40.81338240999117,0.750908846587004,0.7084494528511662,20.414118140700126,0
360.0,22.200244429133793,8.558135725581671,36.70862655593774,0.19639488531732688,4.573817238506545,-16.891432321458353,0
360.1,24.818862607754916,9.720321978778733,42.28957697057507,0.29604908814985376,7.2790809305193775,-5.980278916701218,0
360.20000000000005,27.437480786376035,10.882508231975793,47.8705273852124,0.39570329098238066,9.984344622532209,4.930874488055917,0
360.3,30.056098964995662,12.044694485172194,53.45147779984656,0.49535749381485095,12.689608314543502,15.84202789280685,0
360.40000000000003,32.67471714361679,13.206880738369255,59.032428214483886,0.5950116966473779,15.394872006556334,26.753181297563987,0
360.5,19.71485909736791,8.002967909631185,38.716682332309524,1.1651439305481077,9.970931797777425,16.289894128009813,0
360.6,11.68693737164737,6.902616846914221,24.202380786410387,4.018927631254229,8.658286341562988,4.827392926098296,0
360.70000000000005,9.241515031780086,6.566746724662858,19.99266856976506,5.183423076751117,0.7962261285731372,-9.185983661845835,0
360.8,14.856787610476836,8.580865781646569,31.306760822099477,3.156100616961553,0.35226891802196736,-14.823611502349651,0
360.90000000000003,20.47206018917678,10.594984838631426,42.62085307444032,1.1287781571708368,-0.09168829252945498,-20.461239342856672,0
361.0,18.744024627874975,11.176199668702871,44.26698023986591,0.2879311545637325,8.316801950292314,-16.618035702739334,0
361.1,18.02775028960237,11.189297520785123,44.96435263575871,0.4249587275357408,10.022627652769906,-13.355671251693892,0
361.20000000000005,17.31147595132976,11.202395372867375,45.66172503165151,0.561986300507749,11.728453355247495,-10.093306800648447,0
361.3,16.59520161305756,11.21549322494962,46.359097427543915,0.6990138734796795,13.434279057724117,-6.830942349604859,0
361.40000000000003,15.878927274784957,11.228591077031872,47.056469823436714,0.8360414464516878,15.140104760201709,-3.5685778985594148,0
361.5,15.677283959745575,10.826654869062363,43.01573378872693,2.729193924257201,-13.211734772024924,8.263503586266513,0
361.6,24.03630528820191,13.49700777409306,54.040734793368955,3.7548353509475296,-18.38616141182354,15.328970098486963,0
361.70000000000005,20.66083825443552,9.592073534729629,31.158598992181954,4.679718275913619,-15.622376547626725,10.011969908246673,0
361.8,20.13340969246219,8.750606643293729,34.14106281642722,3.3085114948761842,-13.517239653955102,-1.286963326394165,0
361.90000000000003,19.605981130488562,7.909139751857349,37.123526640674186,1.9373047138379702,-11.412102760282282,-12.585896561041425,0
362.0,30.666978788802506,12.689892511464613,61.06760351444233,0.9602354040392523,-28.078877707394746,11.607926175409451,0
362.1,28.433402467967586,11.88721871667904,55.56538413776785,0.9039413679561339,-21.448094921235864,13.635572132548617,0
362.20000000000005,26.19982614713266,11.084544921893468,50.063164761093375,0.8476473318730156,-14.817312135076984,15.663218089687781,0
362.3,23.966249826299013,10.281871127108351,44.56094538442203,0.7913532957899291,-8.186529348921873,17.690864046825794,0
362.40000000000003,21.732673505464092,9.479197332322778,39.05872600774755,0.7350592597068106,-1.555746562762991,19.71851000396496,0
362.5,21.4562639905753,6.126327053944712,34.14314912180093,2.2908351833187934,-21.19501181756996,-3.3380708187582293,0
362.6,26.960794085658144,9.175803905082088,48.42025268221031,1.398598060840306,-16.930658122067015,16.28008457551904,0
362.70000000000005,21.90966298568726,7.240057545657456,33.58628087616658,0.6581069080677612,19.674346217510696,7.918063582612046,0
362.8,25.49475694070891,9.318239805645277,42.13463762514591,0.5652643967444886,24.167751478538307,3.067832525674194,0
362.90000000000003,29.079850895732598,11.39642206563428,50.6829943741301,0.47242188542116326,28.661156739568472,-1.7823985312664146,0
363.0,29.629477687898564,12.026224267796792,54.72471777940555,0.65610381810604,2.3519929249672673,29.418139289402205,0
363.1,27.354964981980316,12.884721662538443,56.06072624124357,0.7744617923399796,0.05021035015534192,26.86719122031943,0
363.20000000000005,25.08045227606207,13.743219057280093,57.39673470308159,0.8928197665739191,-2.2515722246565835,24.316243151236655,0
363.3,22.805939570145114,14.601716452021256,58.73274316491885,1.0111777408077915,-4.553354799467201,21.765295082155326,0
363.40000000000003,20.531426864226862,15.460213846762905,60.06875162675687,1.129535715041731,-6.855137374279127,19.21434701307255,0
363.5,11.155233298915318,9.060722310698024,32.89866276110103,1.0894947810687534,9.239075055615405,-5.692745210390337,0
363.6,11.970319332109032,9.703274022322667,35.370536357131215,1.0847217551240715,10.414516120616526,-3.6277238712669986,0
363.70000000000005,12.785405365302745,10.345825733947308,37.84240995316139,1.0799487291793897,11.589957185617646,-1.5627025321436605,0
363.8,13.600491398495997,10.988377445571583,40.314283549190165,1.0751757032347105,12.765398250618098,0.5023188069785034,0
363.90000000000003,14.415577431689709,11.630929157196224,42.78615714522034,1.0704026772900286,13.940839315619218,2.5673401461018415,0
364.0,18.150139822546706,12.01157506166968,48.89375559129612,1.2646191449141146,12.39953589979546,-12.896934104199882,0
364.1,30.278842509506624,13.980813092523041,66.67321298107575,0.2970721062608162,-23.216209347846053,-19.344517066520908,0
364.20000000000005,26.21835696600646,12.26337614028234,58.00369557792331,0.3851591636716073,-19.353828922979723,-17.505854815316667,0
364.3,22.157871422508606,10.545939188042613,49.3341781747758,0.47324622108234826,-15.491448498115584,-15.667192564113474,0
364.40000000000003,18.09738587900844,8.828502235801912,40.66466077162336,0.5613332784931393,-11.629068073249252,-13.828530312909233,0
364.5,17.13959569683226,10.314524054057225,41.51185408143976,0.4832660639048426,0.6512361818926751,-15.139471706575714,0
364.6,17.156334022342456,10.011962689497182,40.374954118919895,0.7824237926478326,-2.329359841961532,-8.721915282472938,0
364.70000000000005,17.173072347852653,9.709401324937136,39.23805415640003,1.0815815213908226,-5.3099558658157395,-2.304358858370165,0
364.8,17.189810673362842,9.406839960377264,38.10115419388082,1.3807392501336426,-8.290551889668253,4.11319756572896,0
364.90000000000003,17.20654899887304,9.10427859581722,36.96425423136095,1.6798969788766327,-11.271147913522459,10.530753989831734,0
365.0,15.008482780904513,11.855053113797055,44.185843479856665,1.2042287826600246,0.5901854002278906,14.850834879156746,0
365.1,16.408350844363888,10.971926408472793,44.16858025921782,1.133865701217248,-2.0689431567300156,15.59021074215718,0
365.20000000000005,17.80821890782326,10.088799703148531,44.15131703857898,1.063502619774471,-4.728071713687922,16.329586605157612,0
365.3,19.208086971281837,9.20567299782477,44.13405381794015,0.9931395383317341,-7.387200270644318,17.068962468157626,0
365.40000000000003,20.60795503474121,8.322546292500508,44.11679059730131,0.9227764568889572,-10.046328827602224,17.80833833115806,0
365.5,20.951000583552254,8.916113757917723,40.48253822019965,0.44561151572719804,5.900923956095073,-14.039171184155844,0
365.6,21.59204549168322,11.009517807727132,36.667836848742745,0.5945692977026452,6.268458827169438,7.8583339503272,0
365.70000000000005,31.26353623841508,17.82116290597642,52.676298837617075,3.9014641843139186,-25.817708659555656,13.202585999538268,0
365.8,26.925483717859592,12.273524713180386,44.184656544051144,2.4244808244145144,-16.219999302831365,-1.8793418491990934,0
365.90000000000003,22.58743119730164,6.7258865203812,35.69301425048038,0.9474974645142709,-6.6222899461016205,-16.961269697945028,0
366.0,23.596188118225268,12.436360977574603,55.548917226624674,0.8465028475966201,-3.004468578552521,23.077278979200262,0
366.1,21.769001754885238,11.527906819540938,51.623175938797964,0.8609205507858785,0.33676372294562595,20.35180987598268,0
366.20000000000005,19.94181539154521,10.619452661507275,47.69743465097125,0.8753382539751369,3.677996024443773,17.6263407727651,0
366.3,18.114629028206217,9.710998503474126,43.771693363146774,0.889755957164387,7.01922832594002,14.900871669549069,0
366.40000000000003,16.287442664866184,8.802544345440463,39.845952075320064,0.9041736603536454,10.360460627438167,12.175402566331487,0
366.5,14.750670685313946,7.848478476683709,35.96454083387936,2.172620213253939,7.129141524578786,11.953634593436375,0
366.6,10.834352444855718,5.712218425257983,29.277716151630155,5.3206404880913025,0.49514436680056306,9.258699119434562,0
366.70000000000005,13.598692149151548,10.756731120104721,30.974878556303103,2.522931036029358,-13.030467508954882,-1.813280718031284,0
366.8,11.074408763232173,8.89104155926342,27.40788802623761,1.8353049368891583,-8.926783212615831,1.7198469703496349,0
366.90000000000003,8.049445667609385,6.449283960466403,23.255022555130445,1.51296783161758,-3.9301037721940073,6.127394764394451,0
367.0,16.266339193225996,9.22260659241853,39.61671706476596,0.7793162434381155,15.09971295338188,3.491794595555623,0
367.1,13.911934294053776,8.237239138202524,34.67424786684762,0.953891440764612,10.32827367829012,3.384287487076521,0
367.20000000000005,11.557529394881554,7.2518716839865185,29.731778668929287,1.1284666380911084,5.55683440319836,3.276780378597419,0
367.3,9.203124495710671,6.266504229771073,24.789309471013766,1.3030418354175057,0.785395128109311,3.1692732701183783,0
367.40000000000003,6.84871959653845,5.281136775555068,19.84684027309543,1.4776170327440024,-3.9860441469824472,3.061766161639276,0
367.5,7.8570951833681235,6.267022606296652,23.779217349414132,1.8167076996340419,4.620012201339838,-5.051639325936064,0
367.6,8.989829546509304,7.134724158468772,27.208748230262167,1.610224662612409,5.331139144186502,-1.439906974184674,0
367.70000000000005,10.122563909650482,8.002425710640892,30.638279111110197,1.4037416255907762,6.042266087033166,2.171825377566716,0
367.8,11.255298272791018,8.870127262812519,34.06780999195628,1.1972585885692606,6.753393029879426,5.783557729316051,0
367.90000000000003,12.388032635932198,9.737828814984638,37.497340872804315,0.9907755515476278,7.46451997272609,9.395290081067442,0
368.0,16.26996821540921,12.544539507911734,48.750344219263,0.7911605140757626,15.40193100067269,-3.8878098559819376,0
368.1,16.84321583062164,11.59083024996001,47.75838594322198,0.7765691789089657,15.313751853249496,-0.3746598476641747,0
368.20000000000005,17.416463445834072,10.637120992008288,46.76642766718096,0.7619778437421688,15.225572705826304,3.138490160653588,0
368.3,17.989711061046176,9.683411734057106,45.774469391140514,0.7473865085753802,15.13739355840316,6.651640168969354,0
368.40000000000003,18.562958676258607,8.729702476105384,44.782511115099496,0.7327951734085834,15.049214410979967,10.164790177287117,0
368.5,11.991127271879247,9.481870403587196,35.93181079692365,2.2801441206147266,-10.976772793083969,-2.260713748317769,0
368.6,12.379576009113071,9.570092817477338,37.13913668181512,1.9886935017786258,-8.430151531022812,1.5123998744052751,0
368.70000000000005,12.768024746346896,9.65831523136748,38.34646256670659,1.6972428829425252,-5.883530268961657,5.285513497128319,0
368.8,13.1564734835805,9.746537645257572,39.55378845159737,1.4057922641065903,-3.3369090069019496,9.058627119849218,0
368.90000000000003,13.544922220814327,9.834760059147714,40.76111433648884,1.1143416452704897,-0.7902877448407928,12.831740742572261,0
369.0,15.482398241715016,11.770835324188509,44.324785004191206,1.6223266762941715,10.897314239046398,-6.828766154357307,0
369.1,20.037514558060003,12.352452791321213,48.119781933948644,1.4008972252116036,11.364710954079861,2.448586186369747,0
369.20000000000005,24.59263087440499,12.934070258453914,51.914778863706076,1.1794677741290356,11.832107669113322,11.7259385270968,0
369.3,29.14774719074739,13.515687725586288,55.709775793461354,0.9580383230465934,12.29950438414652,21.003290867818578,0
369.40000000000003,33.702863507092374,14.09730519271899,59.50477272321879,0.7366088719640255,12.76690109917998,30.280643208545634,0
369.5,31.82036735850928,12.207170352115224,54.060806489696986,0.38111910774270996,8.472025217362479,-28.635733705172584,0
369.6,27.606386063185404,11.992129719075443,51.005872345067914,0.8401860404428498,3.481535383824916,-20.65344476619957,0
369.70000000000005,23.392404767861528,11.777089086035662,47.95093820043884,1.29925297314299,-1.5089544497126468,-12.67115582722656,0
369.8,19.17842347254005,11.562048452996004,44.89600405581151,1.758319905842869,-6.499444283247374,-4.688866888258083,0
369.90000000000003,14.964442177216178,11.347007819956223,41.841069911182444,2.2173868385430087,-11.489934116784937,3.2934220507149305,0
370.0,14.033598355011412,9.397252049232508,40.71211391416378,0.7952295624753928,0.07561568238033446,-13.92161238454852,0
370.1,13.214948126705693,9.165327179544999,38.612443769469216,1.0070615145029405,-2.1275961939837766,-9.394333581451768,0
370.20000000000005,12.396297898399975,8.933402309857492,36.51277362477465,1.2188934665304882,-4.330808070347888,-4.867054778355014,0
370.3,11.577647670094724,8.701477440170114,34.41310348008128,1.4307254185579155,-6.534019946710747,-0.33977597526083336,0
370.40000000000003,10.758997441789004,8.469552570482607,32.31343333538672,1.6425573705854633,-8.73723182307486,4.187502827835921,0
370.5,23.80579905292137,18.341930430592292,71.37422805459802,0.4743659655893535,-10.095363549559352,-21.322427804196895,0
370.6,22.87749634929059,16.9566993521821,66.48848899770391,0.4275514881708963,-6.343061237004557,-20.79684916151862,0
370.70000000000005,21.949193645659808,15.571468273771902,61.6027499408098,0.380737010752439,-2.590758924449762,-20.27127051884034,0
370.8,21.020890942029556,14.186237195362494,56.717010883918476,0.33392253333400834,1.161543388102901,-19.74569187616236,0
370.90000000000003,20.092588238398776,12.801006116952298,51.831271827024366,0.2871080559155511,4.913845700657696,-19.220113233484085,0
371.0,19.045809368223185,11.063913881700122,45.12784378272104,0.7641610190724677,9.064537139086529,14.501315572463872,0
371.1,18.636406078951648,10.690173517826452,44.577573561495974,0.7401421636746469,9.706102302695037,8.213850994226274,0
371.20000000000005,18.22700278968011,10.316433153952783,44.02730334027091,0.7161233082768261,10.347667466303543,1.9263864159886772,0
371.3,17.817599500408807,9.942692790079324,43.477033119046155,0.692104452879019,10.989232629911685,-4.361078162245345,0
371.40000000000003,17.40819621113727,9.568952426205655,42.92676289782109,0.6680855974811982,11.630797793520191,-10.648542740482942,0
371.5,22.50439473816148,7.490674108492134,39.80561779776396,0.303065063324089,-3.2818055392284955,-18.663954448114136,0
371.6,24.75865351352936,8.635089407330698,43.96433709952775,0.3509670364204131,-1.3012823920001169,-6.866643720151089,0
371.70000000000005,27.01291228889724,9.779504706169261,48.12305640129153,0.3988690095167372,0.6792407552282622,4.930667007811959,0
371.8,29.267171064263838,10.923920005007174,52.28177570305295,0.44677098261303416,2.6597639024555146,16.7279777357683,0
371.90000000000003,31.52142983963172,12.068335303845737,56.44049500481674,0.4946729557093582,4.640287049683893,28.52528846373135,0
372.0,33.96687682864565,13.365323732861969,63.936644647312995,0.16721277154779152,-16.201566406411736,-27.60575655486269,0
372.1,30.118221675669147,11.75190097589613,55.3334172398927,0.2268088770908802,-7.890628401443562,-20.516729080783097,0
372.20000000000005,26.26956652269264,10.13847821893029,46.730189832472405,0.2864049826339689,0.4203096035246112,-13.427701606703504,0
372.3,22.42091136971832,8.525055461965367,38.126962425057,0.3460010881770237,8.731247608488061,-6.33867413262794,0
372.40000000000003,18.57225621674181,6.911632704999528,29.523735017636703,0.40559719372011244,17.042185613456237,0.7503533414516532,0
372.5,32.833229270714675,12.437092242779213,55.25750763173392,0.2899116374196549,19.65214669960197,-24.93254365321083,0
372.6,32.78617029250705,12.564301996224271,55.670687731207686,0.24924860555176626,9.327777553123571,-23.94909090586893,0
372.70000000000005,32.73911131429942,12.691511749669331,56.083867830681456,0.2085855736838776,-0.9965915933548288,-22.96563815852703,0
372.8,32.69205233609183,12.818721503114318,56.49704793015499,0.16792254181601204,-11.320960739827363,-21.982185411185693,0
372.90000000000003,32.6449933578842,12.945931256559378,56.91022802962876,0.12725950994812338,-21.64532988630576,-20.998732663843796,0
373.0,22.37681650648836,7.21694850308754,38.99966855580753,0.4574662759582307,-3.5272210296759274,-9.847448334658496,0
373.1,20.036425563668743,9.459518319121365,42.43847029401269,0.890973840796119,-15.530268179748798,7.628448984125699,0
373.20000000000005,18.34477884041587,10.165401668023483,42.7992984277444,0.8618333113170881,-13.378294988629548,1.6601159726166514,0
373.3,16.653132117163956,10.8712850169252,43.1601265614759,0.8326927818380737,-11.22632179751152,-4.308217038889005,0
373.40000000000003,14.961485393911085,11.577168365827317,43.52095469520761,0.8035522523590428,-9.07434860639227,-10.27655005039805,0
373.5,25.329230980567253,14.317166966690486,59.53424141085296,0.6927368636601192,6.300488837465622,23.344188980966827,0
373.6,29.978458855054463,15.604312004409937,55.06900135748461,0.6458968993262014,19.386080054252126,19.78134917205272,0
373.70000000000005,30.64400526217981,10.797194096787571,50.00058038490813,0.6021708458906755,21.170578431075327,19.52317835388735,0
373.8,25.126318854655697,11.215526169144914,48.26269128638366,0.4534432031514384,15.034448261157316,3.172808824615924,0
373.90000000000003,19.608632447128446,11.633858241502493,46.52480218785819,0.30471556041211667,8.898318091235815,-13.1775607046648,0
374.0,19.59135596763077,11.413285919019462,44.51195357111121,0.30470847137614676,8.738153240228064,-15.320713955165074,0
374.1,19.323603781177805,10.560535449843762,42.1125094856676,0.4039909644244352,7.229122752070076,-7.592284601363529,0
374.20000000000005,19.055851594724842,9.707784980668063,39.713065400224,0.5032734574727237,5.720092263912088,0.1361447524380175,0
374.3,18.788099408272032,8.855034511492846,37.313621314781756,0.6025559505209557,4.211061775754958,7.864574106235171,0
374.40000000000003,18.520347221819065,8.002284042317147,34.91417722933815,0.7018384435692442,2.702031287596971,15.593003460036712,0
374.5,30.790089075554977,13.373906125369576,61.90157871761842,0.5660900874867568,23.331286861731737,14.496250593133523,0
374.6,17.85479664366586,8.850475798904704,49.09754917064453,0.8805537019319196,-0.9938664285158829,-0.018584738900550235,0
374.70000000000005,19.357113726785727,8.529718979624704,30.464624540111384,0.9169622849269781,-1.7470624747749346,17.367261004872553,0
374.8,20.355153571408593,7.297541105282436,31.76951525117588,0.7253172769160645,8.534839478098572,12.706693938402172,0
374.90000000000003,21.353193416032024,6.065363230939467,33.074405962241116,0.5336722689050422,18.81674143097792,8.046126871929143,0
375.0,31.45419043211015,12.096480558434884,53.99719095608,0.31136099548772755,14.711626635557979,-23.81960692375636,0
375.1,28.849117844279164,11.249633280534646,51.2181967508254,0.4065764306150126,6.677600013114418,-16.76817308521283,0
375.20000000000005,26.244045256448178,10.402786002634407,48.4392025455708,0.5017918657422976,-1.3564266093291408,-9.716739246669295,0
375.3,23.63897266861867,9.55593872473465,45.66020834031779,0.5970073008695285,-9.390453231768134,-2.6653054081297682,0
375.40000000000003,21.03390008078769,8.709091446834412,42.88121413506319,0.6922227359968136,-17.424479854211697,4.386128430413766,0
375.5,31.070891408170056,12.9072224131624,60.110418579703484,0.6558371638148363,13.56169037824608,26.552100340258686,0
375.6,31.924112489940715,12.918804163972323,59.592779698376376,0.6837753220148486,5.450751304444898,26.894376950129853,0
375.70000000000005,32.777333571711374,12.930385914782246,59.07514081704927,0.7117134802148609,-2.660187769356284,27.236653560001024,0
375.8,33.630554653481546,12.941967665592161,58.557501935722456,0.7396516384148574,-10.771126843152857,27.578930169871995,0
375.90000000000003,34.4837757352522,12.953549416402085,58.03986305439535,0.7675897966148698,-18.882065916954037,27.921206779743166,0
376.0,30.98850381986056,11.359222444078421,53.31865638512836,0.2786052569656496,15.127454228860257,-26.647034868770284,0
376.1,28.591735785619754,10.303103831185494,49.08476337147128,0.3387663466915147,16.429937974793567,-21.306371565856487,0
376.20000000000005,26.194967751378943,9.246985218292567,44.8508703578142,0.3989274364173797,17.73242172072688,-15.965708262942693,0
376.3,23.798199717139497,8.19086660540024,40.61697734415954,0.4590885261432106,19.034905466659453,-10.625044960031932,0
376.40000000000003,21.40143168289869,7.134747992507314,36.38308433050246,0.5192496158690757,20.33738921259276,-5.284381657118136,0
376.5,21.085758059858936,9.640388940049158,42.48365662623781,0.3633619594214125,-10.860914128890158,-14.246399547548599,0
376.6,21.02875315644861,8.922548809353069,40.82437042538119,0.4510424316599342,-7.834549094233601,-5.785224038240477,0
376.70000000000005,20.971748253038285,8.20470867865698,39.16508422452457,0.5387229038984559,-4.8081840595770435,2.675951471067645,0
376.8,20.914743349627994,7.486868547961299,37.50579802366889,0.6264033761369278,-1.781819024922207,11.137126980370954,0
376.90000000000003,20.85773844621767,6.7690284172652095,35.84651182281227,0.7140838483754495,1.2445460097343517,19.598302489679075,0
377.0,19.480208142590257,7.535045219854581,34.36444079955059,0.7338229170179829,-1.795306298245758,18.549672040695434,0
377.1,22.684343601705205,8.74770733616413,38.025179115922384,0.7091149324405086,3.4816291722981516,20.287513180867634,0
377.20000000000005,25.888479060820153,9.960369452473678,41.685917432294175,0.6844069478630344,8.758564642842062,22.025354321039835,0
377.3,29.092614519933278,11.173031568782537,45.34665574866388,0.6596989632855742,14.03550011338297,23.763195461211044,0
377.40000000000003,32.29674997904822,12.385693685092086,49.00739406503567,0.6349909787081,19.31243558392688,25.501036601383245,0
377.5,28.697666499365017,10.970281620790505,50.870627496701765,0.2190122289765351,10.869179139779433,-24.298108235844445,0
377.6,26.1321192501406,10.741379193585507,48.35427655132098,0.3286910629129497,4.698296344813809,-16.69085923702279,0
377.70000000000005,23.56657200091618,10.512476766380507,45.8379256059402,0.4383698968493642,-1.472586450151816,-9.083610238201132,0
377.8,21.001024751693226,10.283574339175638,43.32157466056084,0.5480487307857165,-7.643469245113932,-1.4763612393837953,0
377.90000000000003,18.435477502468807,10.05467191197064,40.80522371518006,0.657727564722131,-13.814352040079557,6.1308877594378615,0
378.0,19.476270571199997,9.867968778095552,42.270859877894054,0.821523973549996,-18.11047829252726,3.3278231677800476,0
378.1,18.48487145762712,10.395316931232973,43.130348148406426,1.0949679501231628,-14.806622940521933,-0.8756944038377625,0
378.20000000000005,17.493472344054236,10.922665084370394,43.9898364189188,1.36841192669633,-11.502767588516603,-5.079211975455572,0
378.3,16.50207323048192,11.450013237507514,44.84932468943068,1.6418559032693414,-8.198912236513152,-9.282729547070993,0
378.40000000000003,15.510674116909039,11.977361390644935,45.70881295994305,1.9152998798425083,-4.895056884507822,-13.486247118688805,0
378.5,9.786847137260294,7.674189809368881,29.20755167267548,1.840850583165083,-8.81809053256636,4.158271785956307,0
378.6,11.83009496661605,8.130593107363474,31.435927175609446,1.4635588674892686,-10.501380416240758,1.015663325682326,0
378.70000000000005,13.873342795971809,8.586996405358065,33.664302678543415,1.0862671518134541,-12.184670299915158,-2.1269451345916552,0
378.8,15.916590625326403,9.043399703352398,35.89267818147612,0.708975436137854,-13.8679601835886,-5.269553594863849,0
378.90000000000003,17.95983845468216,9.49980300134699,38.12105368441009,0.3316837204620393,-15.551250067263002,-8.41216205513783,0
379.0,29.573495127250474,12.630601546263076,53.27021962855466,2.1527123559314787,-28.216989260843228,-6.665873273962676,0
379.1,28.282097917751386,12.676361646056614,54.786677531706246,1.8733170622411195,-23.224062444750167,0.47188646953127744,0
379.20000000000005,26.990700708252298,12.722121745850153,56.30313543485783,1.5939217685507603,-18.231135628657107,7.609646213025231,0
379.3,25.699303498753945,12.767881845643666,57.81959333800855,1.31452647486056,-13.238208812566885,14.747405956515125,0
379.40000000000003,24.407906289254857,12.813641945437205,59.336051241160135,1.035131181170201,-8.245281996473825,21.885165700009082,0
379.5,23.55318772356903,17.71604830069386,63.02525136555444,0.6313393591929308,12.776336550525492,-18.34666698651648,0
379.6,26.77239940770907,17.52765176341192,55.90759974412364,0.4174684543365336,5.755907239944063,-24.45820132065832,0
379.70000000000005,28.770781880411658,16.721234743832557,61.45937558186506,0.7470088911648936,5.952468962235454,28.09204651475751,0
379.8,30.074278228555315,17.314698321913923,51.786253491460535,0.3805230929591206,21.524541975535975,-15.383775499965987,0
379.90000000000003,20.771846853703803,11.689901662776533,38.78632258067149,2.173250573988457,-20.08653260709768,-1.1321230587353766,0
380.0,29.493179686628583,12.41825188729429,50.42885504764736,4.005975768424196,-24.690437257772874,11.694907986608808,0
380.1,30.32675504493425,16.28703152591436,49.27412142059069,10.917572081952358,-30.165560988380093,3.122530922764481,0
380.20000000000005,25.911639744406845,11.026655820865612,41.97415972490703,0.35898690305575376,5.19102397522502,-11.061925094438147,0
380.3,27.64581848140965,12.091846435511806,58.447603883765375,0.8900471617503027,-1.9561994811686354,22.587867076278673,0
380.40000000000003,16.898191899612385,9.885454428963481,46.57775205834634,0.8506025837132186,9.954008351732483,13.386998209291614,0
380.5,21.167308210715987,7.445219435543175,37.734981482205356,0.45321610367365517,14.90225563128108,-6.353210989831478,0
380.6,26.34463844041551,10.0643453212169,51.18687893986936,0.34261371607812396,-0.8710083168504603,-18.872625772634606,0
380.70000000000005,20.11039423660587,11.204735854776157,34.766972023630906,0.5612436706001613,-13.75236881905526,-14.38800443953623,0
380.8,26.958516974094657,12.42108510148128,46.04366854640279,1.9008201067049006,-22.386337873507685,10.858678599313926,0
380.90000000000003,20.180691582605267,9.052109353013222,30.35808016273855,0.6270997100040097,18.40458266436829,2.3912951971090646,0
381.0,29.064208731680075,12.592170795351812,49.875481258451956,0.6477464759371295,14.662054831555087,13.42150597245316,0
381.1,22.449262541699635,9.209446501312394,36.58398092563471,0.6427610115636471,22.349027492339918,2.1189242619810047,0
381.20000000000005,34.19404080098221,20.909437387187335,53.97847897412084,1.4932804455301465,-30.638828055545723,12.985514309357416,0
381.3,31.14316912721336,11.273935535621801,52.21654233144435,0.8086333800324329,-0.14320964163315075,28.229775555447524,0
381.40000000000003,31.448197311021367,12.526483259127595,44.88441553260547,0.19637413380278823,-15.818571867797411,-22.97134061765616,0
381.5,29.45785710570361,18.92214928007675,64.44932827007422,0.5574323302551617,1.5591443548061976,7.334343517632913,0
381.6,33.014036302107094,19.73402389455628,69.78084058670615,0.2847466413196297,-10.124354139900657,-16.05394593453226,0
381.70000000000005,31.770134858916666,10.7400757074978,44.70740600279121,0.4114480670921775,25.497735056378275,-11.020792713142912,0
381.8,29.788534814173154,11.971743908124449,43.81428764962649,2.7019520882419163,-24.606850207985026,-12.556672081053259,0
381.90000000000003,33.74963612408263,14.019809738640214,48.758104128229014,0.47395246921020234,31.085052434966283,-5.7401475098442365,0
382.0,33.29948456119901,13.756754245403812,49.08602805082799,0.19059449648483984,-11.210248812294715,-31.355759210240425,0
382.1,32.389033121257484,16.02961652787314,52.75729785193933,0.7192643305500269,3.5130189545464265,31.3218142927533,0
382.20000000000005,29.639987489093116,12.948540300478804,46.56472516528368,1.4965681230478642,3.760672514320607,25.17150212178724,0
382.3,31.252265773829297,8.91727178840131,69.80427897235529,0.12398188455675202,-21.63903197701913,-21.506510764897683,0
382.40000000000003,13.602979771256324,9.930319077453952,31.823231746810055,8.913630853131103,-13.545424432609058,1.0866213123596031,0
382.5,22.503760632643186,8.641333777949548,37.68585535824417,1.41823880965133,7.728069143761205,3.9286666842737175,0
382.6,32.11092782915653,13.981181125776258,48.62493645696276,3.9857460151823796,-22.835358129144883,5.270513411111638,0
382.70000000000005,30.865256466954385,12.391580518917793,45.37754333093436,0.9831535293868916,-27.30186964496016,14.224791923184858,0
382.8,25.067795656615537,12.245836123968552,46.627108408866896,1.4803170655290403,-22.624707176551148,6.363172158396701,0
382.90000000000003,19.270334846273393,12.100091729019228,47.87667348680014,1.9774806016714717,-17.947544708139475,-1.4984476063959224,0
383.0,13.297978272293266,10.567980678389585,40.09893613201528,1.9696791405494825,1.7133835550165144,13.173253659214325,0
383.1,27.241943446799198,13.635161416577251,50.532490349578026,0.7666618146080191,-20.833446950811567,-6.478839899468024,0
383.20000000000005,32.24757766208999,7.6879782683182025,45.28904947758232,0.20287147771358355,30.888717309635634,1.3896951311175334,0
383.3,26.547773626271553,7.1265237984830225,40.458353846470246,0.42828814471138843,13.896110641473673,8.854389858078374,0
383.40000000000003,20.84796959044988,6.565069328647524,35.627658215355424,0.6537048117093215,-3.096496026697949,16.31908458504346,0
383.5,18.80320604243235,7.585037836214204,36.88058836822132,0.5845762744550913,16.26140795524323,5.859176674843042,0
383.6,18.541771914385194,11.735339907390767,32.70416078687183,0.643353150829902,16.04949009761701,-5.488746568413886,0
383.70000000000005,34.5209764914441,15.068592269400813,72.79489167117758,0.4933365233318282,1.845306636049603,-27.000892147393905,0
383.8,29.16518696089824,11.261482920565658,45.45401469675629,7.6892135066996845,-28.56728605809205,-2.491779123410015,0
383.90000000000003,22.067898282305237,9.241631948191019,39.09165494452757,2.930011384631598,-20.79839248884145,-6.780384647840081,0
384.0,19.044450704432474,10.949178014514578,41.211344730688,1.1718516982007734,-4.1657839495753395,-10.027044717530629,0
384.1,20.892818010406472,11.003944174034048,32.99262324405098,0.4185340476199404,1.8795143296691794,13.937571908380928,0
384.20000000000005,27.605821723842077,16.62153863764842,51.112808089250755,0.41003980057090733,21.50826322791393,17.10690311713853,0
384.3,22.50115849334872,14.297044057781134,47.19942801704259,0.5634252986713635,19.042612083053047,10.729755180834726,0
384.40000000000003,17.396495262852454,11.972549477912526,43.28604794483221,0.7168107967719068,16.576960938190762,4.352607244527293,0
384.5,19.433681252878042,13.075554809220227,45.63984369411295,0.6487731900307891,3.2088969082700585,-16.723184752938277,0
384.6,23.793589045543783,15.206154099888458,53.01714161962849,1.9197348834705792,-15.763909041757879,1.8593591287767133,0
384.70000000000005,29.12440871794274,15.63300561905764,72.03634938172519,2.4872770219835343,-27.97556433158435,3.3330305163376828,0
384.8,28.099087100566344,14.87847463014602,67.45243897911021,1.7467909287270984,-18.01298755887663,13.511575023126586,0
384.90000000000003,27.073765483189366,14.12394364123397,62.86852857649264,1.0063048354702415,-8.050410786163248,23.690119529921272,0
385.0,21.882377653124195,7.540670450800366,38.800037684292114,0.22786177036816,8.46629841931227,-19.868707017510438,0
385.1,28.04431624532801,11.953213279884505,58.766893400454435,0.2965395194005137,17.460642674052917,-21.492390013188775,0
385.20000000000005,22.257646949171725,11.36127509436055,35.38425485383842,0.3675562898147702,17.47185977095774,-13.750454957046388,0
385.3,26.77653120163105,11.739445319855202,44.04071303339212,0.3623393678609836,22.108730266860697,-14.9620369968905,0
385.40000000000003,31.295415454092943,12.11761554535007,52.69717121295075,0.35712244590719405,26.745600762766287,-16.1736190367353,0
385.5,31.78767603885069,12.082983251497385,51.00345142521978,0.8688588384153,-16.71996827139265,25.730589261744832,0
385.6,33.270229541409094,16.127776290288004,51.4815634038492,0.6893031163039068,12.464761248034272,25.224167287652133,0
385.70000000000005,32.03063262140617,14.827887108266191,58.631993103537184,0.5011595195921874,23.667470756772698,-9.226711726788537,0
385.8,31.149346905063993,13.995184882241334,60.12253341148107,0.7254613765734707,-0.642189540473435,-9.355199835863576,0
385.90000000000003,30.26806118872132,13.162482656216003,61.6130737194258,0.9497632335548813,-24.95184983773339,-9.48368794493869,0
386.0,32.63151547415477,14.510874519569171,71.13372631941058,0.2121131986891782,4.187902799264155,-25.505117713614563,0
386.1,34.21448465856214,12.418868651489616,74.55836432260786,0.1339500614330293,-20.19518069943236,-19.295727662554324,0
386.20000000000005,32.98952652110275,16.14088007463534,73.36817389424081,0.7280932963059721,15.135843964514594,29.312323647598383,0
386.3,27.16292374954333,11.542146062060167,55.691642934973885,0.5405384484969495,12.103610608807614,7.421726791922666,0
386.40000000000003,21.3363209779806,6.9434120494823794,38.015111975696904,0.3529836006878203,9.071377253098913,-14.468870063765493,0
386.5,31.430158795547815,12.84063680208757,57.57914174090103,0.4589408706373442,18.529878213113697,-4.150879106873338,0
386.6,30.325088415890708,14.711313299145592,55.65908228676559,0.8033332747944055,-12.212412530936945,11.45962810324614,0
386.70000000000005,29.54771331750751,16.617484563705567,56.48674312401094,10.21792568314974,-28.746193561141656,3.335908409400641,0
386.8,18.659429299782403,10.8968101998835,37.84569153331317,6.371097011713764,-14.314159358726904,2.196561286515607,0
386.90000000000003,7.771145282051108,5.1761358360581795,19.2046399426048,2.524268340275599,0.11787484369605039,1.0572141636299248,0
387.0,8.252545320455289,6.701099857357102,24.522922722406012,1.8443207674049762,-6.002959736265334,1.5917015581022766,0
387.1,10.269998916831351,8.132682793750456,30.66320535206981,1.4004879655450715,0.2830010242444603,8.759305906441032,0
387.20000000000005,33.79753009491753,20.850415531568718,54.17006591143399,0.255923308925722,10.601858552995635,-31.736534603884238,0
387.3,38.276307802340796,25.56837701425161,74.9818542007642,0.37888869944761805,2.7963478965651394,-36.89265246044132,0
387.40000000000003,42.75508550976661,30.28633849693718,95.79364249010625,0.501854089969584,-5.00916275986979,-42.04877031700133,0
387.5,16.869684386255614,11.336605998859886,41.93343973505273,1.4977941345941788,-10.291732038049599,-0.45597126453981307,0
387.6,20.942821313261632,9.522233143252972,33.45328380769368,0.567356971848862,-1.780121885874843,-16.1241219044797,0
387.70000000000005,31.951656747324435,15.593417788936897,49.93026158283083,0.14729654830292477,-10.800901749785258,-28.54651575419956,0
387.8,25.56272360133761,12.490296909937861,46.46064281335864,0.4035325953576612,-10.670797581279027,-9.112237775893703,0
387.90000000000003,19.17379045534715,9.387176030937063,42.99102404388448,0.6597686424125433,-10.540693412772724,10.3220402024232,0
388.0,32.08569056336207,12.833688483604776,57.44111429799197,0.2900198434224681,-21.65365628423954,-12.837112086087336,0
388.1,33.47412827681876,13.243442606851659,55.84319474471622,0.670560840399655,-15.421088837860362,17.68056531329212,0
388.20000000000005,30.721230188180872,13.123912529112793,65.5930229405324,0.8055139151108973,6.919884970112872,29.931700057072174,0
388.3,30.15317206229899,10.537013271754963,64.52394803959463,0.5214792908635786,-1.0593846303065302,6.137614355012023,0
388.40000000000003,29.552077202875477,12.110163402469407,61.85289884553698,0.2695459032832579,-7.830506123894719,-20.090824091215264,0
388.5,18.493084276549535,6.581303337517724,33.3519307280892,0.8463430546023055,2.306745511602423,17.99881705249739,0
388.6,13.890797771521319,8.03960595153902,27.84491295690655,1.488986785745186,-2.7671570863657475,12.600000279360478,0
388.70000000000005,14.996971192369635,10.892144786050475,36.46663159287182,19.323732049218368,0.7794024755125015,12.21161956023468,0
388.8,33.94191671049953,22.292472947505946,76.0563039612177,1.6121292524193742,-8.631519886381287,7.2483097682991655,0
388.90000000000003,47.32581284500285,27.106741821737376,104.20125048508822,2.468676641565331,-42.933092566129915,1.2816653829236255,0
389.0,27.29169844773133,15.4915380979378,71.48991797423781,1.2417017372720562,-21.19616835399969,-11.509159573982423,0
389.1,22.47271519864355,12.596680174050448,64.17187396467983,4.165934247998767,-16.399477652492344,7.4211656377255615,0
389.20000000000005,26.258525521118376,12.927062234282682,54.76667213834516,0.6650528184364841,14.210076423290843,-20.294918444511122,0
389.3,24.50531612593497,11.135926393033701,49.72346927294633,0.6453649472563019,9.971287233344228,-3.1093826030063205,0
389.40000000000003,22.75210673075057,9.344790551783703,44.680266407544636,0.6256770760761085,5.7324980433952035,14.076153238508251,0
389.5,19.094471955538175,8.008443433460247,37.189568606491854,0.8748680298177933,-10.19009349051054,14.436396614545508,0
389.6,16.37933796924524,10.609996257415942,38.676228384089676,0.8926349596829358,-11.408223532449496,-0.9095683201551665,0
389.70000000000005,12.144535291132154,9.63663948258258,28.77432789904862,6.861338166788929,0.7442279993480145,-9.05913099004065,0
389.8,19.50677206654686,14.092661449196827,48.79442841196082,3.895689655354721,11.405820897549956,-14.571895242662542,0
389.90000000000003,27.31847247354205,18.852951606656482,71.54740363036001,0.9545657484089531,20.74212593187951,-17.47230717041463,0
390.0,21.822845274958034,13.010774592649458,56.89860526364599,1.8274958689330887,-16.23912412107393,12.929129423851016,0
390.1,28.73693022258857,13.859733247047387,68.998115091495,1.2692136653053558,-13.026043596657178,24.28438246468289,0
390.20000000000005,29.026529036165297,12.476488100068009,43.35513322313186,0.4639130444333163,27.16681592995629,-9.586036389454529,0
390.3,20.745068020160026,8.852290274963254,33.176617759849584,0.5268402560728302,15.00579165848698,-12.866704697816152,0
390.40000000000003,23.095888723509788,9.521748820770943,45.82316263020642,0.8727728342185007,9.481886523563693,20.01632566735524,0
390.5,26.552479422498752,12.051127291120137,56.35054265471875,1.0851119925179475,-23.619948073045876,11.840982506722078,0
390.6,17.584495569155518,8.821347963939637,30.5963965241555,0.6169889697549555,11.445646630091815,-12.119932312555958,0
390.70000000000005,6.905772610894156,4.938836674516861,14.570863656340837,7.535557251489005,-3.270642895032797,-2.7603566870992604,0
390.8,16.282791190907286,7.951461446364596,34.186043692448074,4.305830303433055,10.762655660495229,-0.950155536726935,0
390.90000000000003,25.659809770925744,10.964086218214042,53.801223728566455,1.0761033553752704,24.795954216031234,0.860045613646419,0
391.0,29.35148913725641,12.118134773133827,60.199314326722636,0.29606963728902475,-12.264178643821655,-17.123243312257785,0
391.1,25.352708890058867,12.926238063921959,62.96865643598421,0.8133791020631731,11.186065160698412,5.974252192473649,0
391.20000000000005,26.088271367661264,20.171905365699466,54.68168777205405,4.1648068284871504,18.86133138089185,17.47548792307124,0
391.3,23.51896547321749,13.985089501714754,45.47384210887582,2.4695907318398485,19.552999496111223,8.86479876224571,0
391.40000000000003,20.94965957877226,7.798273637726524,36.265996445692366,0.7743746351915828,20.244667611330986,0.25410960141528705,0
391.5,22.424339975085854,9.423209224865323,43.70841680310428,0.1348182348447256,-12.606317286057983,-18.47536332924629,0
391.6,24.985448450449958,12.402164859765753,51.65225620717873,0.4315553240533592,-11.306827496878679,-22.167144694481543,0
391.70000000000005,20.273132248071633,10.195878247525195,30.10603292560421,0.6222981452773354,13.952603202955693,-9.801802832404448,0
391.8,25.67261028823432,11.561287075471387,45.342194933579194,0.7258744741652605,0.2804681160917717,7.8187596413870875,0
391.90000000000003,31.072088328400078,12.926695903418354,60.57835694156283,0.8294508030532445,-13.391666970779921,25.439322115188645,0
392.0,22.077403412984964,10.306169517352455,43.07852047257777,1.0617714721141196,14.874873627177612,-3.0138921466678044,0
392.1,24.112914509367315,13.007656551703466,44.05576717990043,3.223968763802721,-0.09071020257549023,15.961524627172732,0
392.20000000000005,26.891319122779173,13.596266409331959,46.6247251385013,0.56000289019455,2.0667615684129776,-25.246449534299806,0
392.3,23.81962848144424,12.455570346868546,47.60428359546333,0.544923496233173,8.183934367272306,-8.73937594397264,0
392.40000000000003,20.747937840107568,11.314874284404484,48.583842052425915,0.5298441022717876,14.301107166135113,7.76769764636391,0
392.5,18.76782102241276,11.534932886522082,43.085744296750384,1.3675349540873998,-6.4777908029397215,11.638375338440007,0
392.6,28.490332001853083,12.261166507098055,44.54102885263358,0.5392750711775499,-17.18693087769427,-14.805039732038058,0
392.70000000000005,33.83080059491151,13.877548580343998,49.98155177531312,0.619937495064866,31.61466208144285,5.384788277839652,0
392.8,28.68727287867898,9.885454084812793,42.039612043320474,0.6282209940427628,15.950443891855056,13.29244921715978,0
392.90000000000003,23.54374516244352,5.893359589279319,34.09767231132332,0.6365044930206643,0.2862257022583492,21.200110156484403,0
393.0,31.837861685526224,12.295785394561985,57.58206800054753,0.7047479946684891,-9.108104057655721,19.865811190306125,0
393.1,30.360325697241883,11.45948250831382,53.57167639161908,0.5588343721610755,17.86673074762048,1.8898584860188699,0
393.20000000000005,28.755727224312768,15.716758504186494,61.37280459849554,0.698306705968971,12.919145355815811,24.027129306354674,0
393.3,24.389358736696952,13.809947903487593,51.79889136573636,0.5172440777291804,3.169909140298687,5.697007272420006,0
393.40000000000003,20.022990249078653,11.903137302787611,42.22497813297173,0.33618144948928674,-6.579327075223977,-12.633114761525079,0
393.5,18.03255374576704,10.864631523501664,42.599270189105376,1.263068662799693,9.066415587079202,-10.708051922365367,0
393.6,15.664460074580962,11.418874375049317,31.25758054557408,5.400677315278296,1.5295275595742357,7.551928476663392,0
393.70000000000005,15.462568471407328,12.399098176138578,32.01048494217988,1.425801737845422,-6.482963794793649,-13.893343612182822,0
393.8,14.157232449032293,11.411354271714162,34.196213596336435,1.818219034450543,-9.113848872407047,-7.644583860797975,0
393.90000000000003,12.851896426656515,10.423610367289184,36.38194225049424,2.2106363310558867,-11.744733950021939,-1.3958241094095758,0
394.0,15.254416199411036,10.144065959237356,41.514326951838704,1.0496284509663265,-10.230288109389829,8.446028899905162,0
394.1,16.663259260232888,8.381428459512502,38.27004769427457,0.9385165944035847,-5.515381790649046,-8.97233055361485,0
394.20000000000005,18.903451457139802,12.327025495474558,45.500218737728886,6.299872538794209,-8.427856408168477,-16.912442871131315,0
394.3,20.067279079884486,10.645684125417299,44.35138342947598,3.6026914632751397,-7.781526671014758,-18.44690736972057,0
394.40000000000003,21.231106702629834,8.964342755359084,43.20254812122242,0.9055103877545374,-7.135196933860671,-19.9813718683107,0
394.5,17.39905084868771,9.472035228509688,41.773681092772215,3.3952398973016873,-16.783520342111164,4.308818004301594,0
394.6,18.910329999614614,12.12860082367563,34.619650122272155,8.565562972505786,-18.713036667587694,2.0391087272923785,0
394.70000000000005,15.494279682026615,11.805093611917425,40.01228632693444,0.9647864166165545,-0.7105600403639005,12.598178948142147,0
394.8,17.06015768573749,10.260483380450983,41.737183797306116,0.7614725322185448,-1.6993763641229414,-1.87352273200122,0
394.90000000000003,18.626035689449257,8.715873148983665,43.46208126767877,0.5581586478204197,-2.6881926878825446,-16.345224412152813,0
395.0,30.803070560808848,13.4392255968993,64.8940383332592,0.42704229774806646,28.874135257921935,-10.727363380323451,0
395.1,27.905958466813516,17.542531781190895,62.865393715073964,0.5828075070004074,26.362985266954553,-9.141467970147504,0
395.20000000000005,30.911527904910784,13.281865486716185,52.372416729000484,0.8583621671046036,-21.84491658560464,18.43358003391521,0
395.3,27.11763949405813,12.251175009058302,46.93844525080453,0.4569246442962673,-16.887027633453176,-6.894906169723413,0
395.40000000000003,21.514158991210316,11.40093140403497,40.59533824211883,0.8141379239347535,-9.961348083541443,10.653459679473354,0
395.5,27.596402301811352,16.476597454019878,62.92999843164338,1.5734562778756591,-10.440090745409787,-22.453720547779277,0
395.6,25.39164114257062,16.619143956344953,57.372075926490176,1.0822985775852083,9.05697412413581,5.579688441293925,0
395.70000000000005,15.89791703450791,10.647514686657095,38.49384952102739,5.36946165749081,-12.256157398707884,10.01079527445934,0
395.8,18.123352248116994,9.08124967677438,36.87678013469218,4.103853969277395,-15.839496023663584,3.429448719250786,0
395.90000000000003,20.34878746172734,7.514984666890774,35.25971074835605,2.8382462810632605,-19.42283464862132,-3.1518978359615097,0
396.0,30.768881827749173,15.879670246305771,68.11718904107879,0.8937419589625352,-24.282788870463786,13.766025087528568,0
396.1,31.153587618587515,16.229676701863088,59.43512526113998,0.4878065668844129,-22.8782272149438,-12.26624860145396,0
396.20000000000005,32.19578925625472,13.256320899712838,57.14144881181076,0.2879257516678146,-11.355080323085321,-27.03770045288448,0
396.3,26.141917689676717,10.54435899738428,46.63458307388457,0.5984653495517622,-10.645680664632422,-7.412586544191669,0
396.40000000000003,20.088046123095275,7.832397095054182,36.12771733595241,0.9090049474358863,-9.93628100617912,12.212527364512297,0
396.5,15.449062335751735,10.30385284464094,41.5996131335868,1.5813649057041486,-3.9964270925736303,14.86683289557402,0
396.6,17.013245526956105,11.936579800332431,34.429205587205345,3.6603676216870973,-2.3271604306622184,16.78548083847535,0
396.70000000000005,16.020704383979336,10.618439835741517,28.433462779304836,1.0348221398887907,-1.5545514977952166,15.7124569310517,0
396.8,12.905347944497688,9.094910653880802,28.352563821891277,1.37015325913053,1.920768543799987,11.684323642340651,0
396.90000000000003,9.789991505014267,7.571381472019221,28.27166486447767,1.7054843783724603,5.396088585397166,7.656190353627311,0
397.0,9.544616667430898,6.238481098897928,23.50014971812209,1.9038693045422665,-2.943317655347163,-4.113664383893306,0
397.1,17.36214368197781,8.419061780642101,31.9118115868856,3.6910830622266912,-14.692458444206824,3.8047473377118983,0
397.20000000000005,23.970572396020746,10.06233528153228,55.107400181840184,0.9908583282065822,-0.296899281582063,21.94467607515299,0
397.3,20.31096249567999,10.691458343582244,50.08332714431228,1.58196868607969,-6.551413220599306,9.18336499484584,0
397.40000000000003,16.651352595337155,11.320581405632566,45.05925410678152,2.173079043953134,-12.805927159620106,-3.5779460854685645,0
397.5,18.39318118482619,8.00270435669272,39.174248210135495,0.620180557330682,5.685394425512747,-3.9328598242219375,0
397.6,24.196847146851553,10.967706593592006,49.09330086772486,5.641949093015402,-10.408329178372293,-9.45866223010368,0
397.70000000000005,30.5424791736156,12.923884849401079,52.81650249610159,2.506583567475982,-28.710501602921983,10.218636058132176,0
397.8,25.25720905451226,10.939756524366143,47.060310820624025,1.8066559737178483,-18.334633967601665,13.564336000586055,0
397.90000000000003,19.971938935405916,8.955628199330079,41.30411914514318,1.1067283799593164,-7.958766332275449,16.910035943041834,0
398.0,15.80166680679712,10.919053403019994,43.896409462031116,1.8343515756445308,-4.995105516613821,-14.170471506351982,0
398.1,27.30305369854939,13.263385472746325,45.78301506717045,0.6686574772689364,-6.798076795805016,-25.230849940708346,0
398.20000000000005,26.82970754129739,17.9442374354509,59.43477466076875,2.151330799363538,-20.83556265474819,5.379423757766208,0
398.3,18.683382722225655,12.39230443551518,43.27602393764275,0.7678648306384203,-9.171140389692336,-16.025233962057232,0
398.40000000000003,20.4728594760457,9.90810510142768,40.35454142080677,0.49823547691495396,-0.5072122616278403,-18.102426736758723,0
398.5,22.262336229864722,7.423905767341591,37.43305890397245,0.22860612319164098,8.156715866431732,-20.17961951145903,0
398.6,25.69569921334299,10.498250782761048,41.566612051430745,0.548291384316044,10.422067301366255,-5.164513562335182,0
398.70000000000005,30.730746765000585,12.116525449960074,45.171515855394404,3.047433175539762,-23.37070134265055,18.202609953642906,0
398.8,31.939646958360427,14.011760228221927,62.433881804752126,0.44091071315781827,-1.8767761663152953,-4.2565269820598655,0
398.90000000000003,27.668102398035977,14.728682331178964,61.3651920130306,0.5084810101780771,16.24788817363637,-11.175055496943072,0
399.0,24.037100073554157,13.669753500784584,50.44789493202991,0.6666548130925649,9.630583031453787,1.1131557274135382,0
399.1,20.40609774907027,12.6108246703896,39.53059785102302,0.8248286160071426,3.013277889267446,13.401366951777135,0
399.20000000000005,16.776730968280845,11.315360286355096,31.339878269998415,0.7545382499711564,-3.9979279909604983,9.0031850277955,0
399.3,17.894175447023127,9.678497340987613,42.59649267008886,0.6807601384753196,17.03073529350679,0.6126858789803082,0
399.40000000000003,20.11385063391779,12.51296521715566,45.401850860476436,0.6651014017153543,7.352595395483636,-5.511136141575958,0
399.5,22.33352582081119,15.347433093322094,48.20720905086242,0.6494426649553978,-2.325544502534015,-11.634958162128743,0
399.6,24.55320100770585,18.18190096949014,51.01256724125,0.6337839281954324,-12.003684400557173,-17.75878018268501,0
399.70000000000005,17.971652378568837,9.70049228041297,30.580041301386082,1.6615827986215939,15.01301806094212,-2.1315716118401724,0
399.8,10.73737465870284,8.491793801249406,32.386635399673175,2.096070207456581,-9.427249743365019,-4.616202486902779,0
399.90000000000003,11.404422835070177,8.287094120374592,28.84837483819677,3.8059535401833386,-1.3246590191542857,-6.242160964153227,0
400.0,14.095106216541968,9.23397273669532,30.2662867526544,6.76806713305723,-8.376342127029602,-3.343367741197466,0
400.1,16.785789598015292,10.180851353016584,31.684198667112835,9.730180725932806,-15.42802523490893,-0.44457451824005645,0
400.20000000000005,19.434801620112978,10.620904524634655,39.682458364879224,1.6271467832724937,-2.3747265882672117,18.11874751761427,0
400.3,20.091770104887843,9.216693803753724,38.858828529856446,0.3516811487432321,3.3670337338069802,-19.807631772369135,0
400.40000000000003,20.548576200717786,9.019154017387752,36.06743899474981,0.356731989642175,10.709993411420424,-14.542238921053737,0
400.5,20.924348251557088,9.260399375990021,34.21449832777019,0.4570436566406446,15.191257124272013,-9.670642448867548,0
400.6,21.300120302396607,9.501644734592427,32.36155766078952,0.5573553236391712,19.67252083712615,-4.799045976678592,0
400.70000000000005,27.90829364680072,16.4781023357147,50.88730070847391,0.6179794231137221,26.62557907334505,-6.29046364747523,0
400.8,25.349554708975685,16.49177982472218,57.19900020942734,0.8204248753564414,-14.822600210601113,10.112028350510554,0
400.90000000000003,19.26749459191086,10.718522972414021,34.57811812381466,2.736552539142491,-7.040879873264202,-13.79534870763131,0
401.0,19.9169086134292,11.137827599595445,34.60468934080764,4.373567639530392,-12.964991193109785,-8.849777226297956,0
401.1,20.56632263494791,11.557132226777107,34.63126055780063,6.010582739919223,-18.88910251295874,-3.9042057449617875,0
401.20000000000005,27.58792471293587,15.998909021494963,48.07294308098019,0.3800510054996308,14.402718379215735,-15.034035491717827,0
401.3,20.92651734700251,7.879282868764256,42.95252033826213,0.5210807123041814,11.300052221828045,17.215318788543673,0
401.40000000000003,22.776898403171863,9.276311914868138,48.880685192969636,0.590627892134884,15.627871267436257,14.505739941045155,0
401.5,24.627279459340166,10.673340960971228,54.80885004767378,0.6601750719655471,19.95569031304201,11.796161093548179,0
401.6,26.47766051550952,12.070370007075109,60.73701490238129,0.7297222517962497,24.28350935865022,9.086582246049662,0
401.70000000000005,28.263742675321648,14.797030469645764,47.44425221614971,0.47440833847690683,5.693030164535218,-26.38651448021903,0
401.8,20.52830243154928,10.289034586013699,46.615759383686225,0.3733902437408908,-10.69364733418983,-5.602963562402042,0
401.90000000000003,23.451695352206137,10.859769883886216,47.65607341769367,0.3916791329572146,8.83398031375034,-10.084016308407431,0
402.0,26.460204549808452,11.16721636752313,49.62243949618462,0.4688166037148175,15.87947528036274,0.8612722603930116,0
402.1,29.46871374741248,11.474662851160218,51.588805574676684,0.5459540744724641,22.92497024697915,11.806560829199675,0
402.20000000000005,31.289880351608947,18.213210327885424,58.210810625683905,0.9752887109231373,-19.2419281123638,24.67389771310389,0
402.3,27.950326368003854,15.617693666778791,73.29980294214677,0.5456198340602332,-15.106479931206676,23.447967184990908,0
402.40000000000003,25.821214797923343,13.00373983696521,55.85403981986486,0.44737194119570084,21.36044673598854,-13.57238125260412,0
402.5,27.11833976633952,13.303908068644459,51.891245508148614,0.40167312274197736,20.36028761325853,-16.958628541223717,0
402.6,28.415464734756434,13.604076300323877,47.92845119643012,0.3559743042882279,19.360128490527952,-20.344875829845243,0
402.70000000000005,31.095145293144974,13.19522868979879,45.37258474740636,5.286598649696508,-12.4082823446277,-6.904373815665577,0
402.8,22.652698848272212,9.792861459165684,48.81974401847014,0.2632394546810206,-15.441510247647098,-15.575165078115509,0
402.90000000000003,23.096402785893268,9.583355702122912,47.14594322107686,0.4366482050898553,-13.220320605797138,-4.004289563235444,0
403.0,23.540106723514068,9.373849945080257,45.47214242368454,0.6100569554985914,-10.999130963948438,7.566585951638043,0
403.1,23.983810661135124,9.164344188037486,43.79834162629126,0.7834657059074261,-8.777941322098478,19.137461466518104,0
403.20000000000005,28.508396154181863,15.141564234584791,55.939328569848634,5.003810140872737,-21.18373210985348,1.9736821610204114,0
403.3,29.715942083567704,11.051798852339367,55.88340548421132,0.23223804080010021,21.678473750227337,-19.821608368632013,0
403.40000000000003,31.244729063340895,12.316257052233823,61.40641761355943,0.24334699536671678,-5.593431028341863,-30.6649241157856,0
403.5,31.23039393918557,12.712862041747108,57.34755396913308,0.20463062034462742,-6.994404445854261,-30.345276489006864,0
403.6,31.21605881503024,13.109467031260618,53.288690324704426,0.16591424532251606,-8.395377863367457,-30.025628862227947,0
403.70000000000005,26.840590660340148,9.917018496717926,46.887368338163235,0.7547219573537166,4.564703950432889,18.8643977218579,0
403.8,18.19887953052698,11.123151605249062,47.60227268004619,0.9562825079028503,9.815444732429153,-8.781166074152354,0
403.90000000000003,23.00283651514286,13.184513881069256,61.367700969904625,1.6762775775270824,-7.9386926255466115,-14.119057924613172,0
404.0,26.68555775725037,13.453810783541138,65.0153076815908,1.8206112431622739,-10.536911663735125,-10.161519424198787,0
404.1,28.37497101268333,10.537213688951672,50.67567603209824,0.9415468572622268,13.808724088789209,10.321228588879091,0
404.20000000000005,26.98284248806903,13.81560927723958,48.140367854623385,4.150892255567357,-25.375931420289554,-7.847421133666766,0
404.3,15.250044820630125,11.225325709505555,43.71150577674065,2.0059753670384084,-14.359466209331616,5.030241010873725,0
404.40000000000003,20.495885190470442,11.816642266395673,44.58657205424998,1.6503664083351715,-1.750043521007374,8.08483962874165,0
404.5,25.854716742536773,12.48995407321857,45.58482889274993,1.215218882335108,11.435796531277445,11.518475556256252,0
404.6,31.213548294606145,13.163265880041848,46.583085731250456,0.780071356334797,24.62163658356976,14.952111483772807,0
404.70000000000005,28.08170048006524,17.60849441169921,51.47236371306442,2.2165475362734157,-27.11339898527708,7.295885959357134,0
404.8,20.177919054062723,7.269223464106867,39.392196222403015,0.3810068344137187,3.326367132242199,19.735623526467812,0
404.90000000000003,23.36260862976492,10.140286699687438,41.21569467893399,0.51571000160146,-1.2565607045170437,22.295141296416695,0
405.0,26.547298205465307,13.011349935266377,43.03919313546393,0.6504131687891248,-5.839488541273681,24.854659066364125,0
405.1,29.731987781167504,15.882413170846945,44.86269159199491,0.7851163359768661,-10.422416378032924,27.41417683631301,0
405.20000000000005,24.417831354486957,12.339274154251132,49.10758337622789,0.35963731514621583,-5.095213999497082,-15.282542432752686,0
405.3,29.932092610324847,12.587253563402495,57.88509374330581,0.6183859314489955,19.70244320091344,22.465325311414997,0
405.40000000000003,30.71438550675273,12.632536270933194,55.543685751188015,0.576977290978927,23.217562602811448,18.179901120898283,0
405.5,31.496678403180166,12.677818978463865,53.202277759071556,0.535568650508882,26.73268200470746,13.894476930384005,0
405.6,32.27897129960805,12.723101685994564,50.86086976695376,0.4941600100388136,30.24780140660547,9.609052739867291,0
405.70000000000005,27.45182707646336,10.52126420344015,43.97759476086285,1.224201373194159,8.68354410126929,17.274482700185267,0
405.8,32.491388242651425,12.099537159144873,53.7252023256463,0.2154164605832608,-24.34315084303026,-21.025882771043154,0
405.90000000000003,28.830161044125646,13.298698100389945,51.295347066615086,2.331206730569113,-13.619493133074187,-19.603163894559664,0
406.0,25.16893384560195,14.497859041634335,48.86549180758525,4.446997000553762,-2.895835423124211,-18.180445018076984,0
406.1,21.507706647076176,15.697019982879407,46.43563654855404,6.562787270539615,7.827822286831861,-16.757726141593498,0
406.20000000000005,20.127000767099688,9.70682368688449,36.223576430051274,0.7018831930081226,0.9776359474593166,14.785558242773021,0
406.3,19.456134370193336,10.310157512131603,40.39556315678796,1.793158723460585,-13.446503413454982,-1.8262982048932965,0
406.40000000000003,30.628425456248593,12.910524813427244,59.30039078565472,1.2640687794961187,-23.25726083263382,-15.203997027668645,0
406.5,31.775305997418325,11.6525668365516,58.18874941479906,0.7923820910809463,-16.62377250560953,-22.475822892753825,0
406.6,32.92218653858871,10.394608859675241,57.07710804394277,0.32069540266550556,-9.990284178581476,-29.747648757843145,0
406.70000000000005,28.71680700368403,12.439256136349737,43.801029246732114,0.14355113079576254,-18.93940578377733,-16.116819785700027,0
406.8,19.389319775710444,9.349919673677777,40.54931889672716,0.5726007132820938,16.913201192357853,7.726760442818501,0
406.90000000000003,22.020021589956354,10.600063284147637,44.10991643966421,0.5334978890533512,17.171435611641314,-0.7204256544072063,0
407.0,24.650723404200765,11.85020689461679,47.670513982599246,0.4943950648246307,17.42967003092463,-9.167611751628112,0
407.1,27.28142521844667,13.10035050508665,51.231111525536306,0.455292240595888,17.687904450208094,-17.61479784885382,0
407.20000000000005,31.532517511656014,17.966419809980287,55.94820362443588,0.16173602324615569,-22.332740488639498,-21.523511006179213,0
407.3,20.99584746789973,7.688721098339029,34.62948114297373,0.14196183757404743,-5.0921292549586115,-20.093741569411534,0
407.40000000000003,23.803160070754565,9.252589003833462,37.78505628599011,0.23262342481990628,5.06210683282254,-16.44354514406541,0
407.5,26.610472673607802,10.816456909327007,40.94063142900469,0.3232850120657136,15.21634292059792,-12.79334871872136,0
407.6,29.417785276462638,12.380324814821442,44.09620657202107,0.4139465993115724,25.37057900837907,-9.143152293375234,0
407.70000000000005,29.854493539611813,12.245550618476338,47.4541251399847,0.6376429455049135,18.87050052568957,10.886184307039235,0
407.8,22.683031968090745,8.910181615145305,40.849753046311626,0.479475421294458,21.713975620724323,5.054400241129935,0
407.90000000000003,29.97525014726989,18.998533725628235,63.347921099055895,1.5123926101489091,15.886857003703003,-14.517170003333762,0
408.0,24.353373301470747,15.534616876405757,50.16049112643145,2.8875478446863556,7.756514612166404,-1.338888317620242,0
408.1,18.731496455668413,12.070700027181312,36.97306115379951,4.262703079224584,-0.3738277793748175,11.839393368100769,0
408.20000000000005,27.955609933567683,19.599007692414204,51.561992131186095,1.9020955515628628,-24.51230242467688,12.42812624874788,0
408.3,18.842781078687228,8.795396133170641,39.31727251930605,0.7463276016745883,4.558144597351504,16.322345708852666,0
408.40000000000003,24.099333693307052,10.692205923913875,43.8971938234358,0.5880737508775143,-5.751846134502854,5.109977583774752,0
408.5,29.35588630792389,12.589015714656032,48.47711512756294,0.4298199000805303,-16.06183686635135,-6.1023905412967885,0
408.6,34.61243892254372,14.485825505399266,53.057036431692694,0.27156604928345623,-26.371827598205712,-17.3147586663747,0
408.70000000000005,30.550433241122498,13.866797377477772,56.93094541040968,0.5708917063258747,-3.0512046219271554,6.993645195422296,0
408.8,24.64147447348958,13.803023733113253,59.752383476707166,0.5433918330332379,18.464527173475663,12.78639872263708,0
408.90000000000003,26.661783936200226,14.560554352612481,60.252514058960195,0.5837281972654761,20.789077642128866,15.600245833908026,0
409.0,27.913431825599822,14.170901702103087,54.39062718505801,0.5625874041772897,23.824036544576188,12.920425709830559,0
409.1,29.16507971500013,13.781249051593473,48.52874031115249,0.5414466110890913,26.858995447025233,10.240605585751567,0
409.20000000000005,23.91094966633426,11.634616944815804,49.59972567796112,0.7092405914360931,-2.262126344268289,-15.139128765130655,0
409.3,32.262574687975125,15.103353040973866,67.14013711839341,0.39879749291291133,28.044858870711828,-14.944566282830316,0
409.40000000000003,31.22102015015981,13.560180637081,62.23980282043176,0.5547619897611884,14.146469500653648,-4.486557270101402,0
409.5,30.17946561234509,12.01700823318901,57.3394685224729,0.7107264866093768,0.2480801306033733,5.971451742621568,0
409.6,29.137911074529775,10.473835829296144,52.43913422451125,0.8666909834576539,-13.650309239454806,16.429460755350483,0
409.70000000000005,30.646315029871477,14.398450744143348,64.36199803400658,0.8054848815703235,18.288876885625754,24.33280456089366,0
409.8,33.85630427035589,13.068784693322124,56.744310933483206,0.20341794018586423,4.802281939886736,-19.518114099724087,0
409.90000000000003,29.494918090361434,12.98367737560121,54.68197860468398,2.912523384985351,-28.38953210702883,-7.182401977767531,0
410.0,24.76486697536592,12.614170235582737,52.0806265292011,5.785450742182562,-24.115735924821003,-4.126978655039191,0
410.1,20.03481586036771,12.244663095564054,49.47927445371674,8.658378099381407,-19.841939742610744,-1.0715553323091136,0
410.20000000000005,19.324555213329912,8.954848851983005,32.5539704658848,1.9559950366746817,-10.58449358959144,3.343540107049254,0
410.3,31.420499805135474,14.04409635132031,63.52380586553455,0.9286411525206697,-24.60104839384534,18.462953798373174,0
410.40000000000003,30.84231612501188,12.266351606516462,57.3112148042933,0.7980199619020505,-9.202182921537663,10.45963610238595,0
410.5,30.264132444888613,10.488606861713627,51.098623743055576,0.6673987712835057,6.196682550761263,2.4563184064032733,0
410.6,29.68594876476502,8.710862116909782,44.88603268181433,0.5367775806648865,21.595548023068943,-5.546999289583951,0
410.70000000000005,31.811760894722532,17.046662178868885,53.96848628685871,0.1724765912231589,-8.7798848159848,-30.54354752322755,0
410.8,23.48688867734103,9.20947001147766,41.7902094291873,0.5798489207386414,-1.8791312824127557,22.891612376972507,0
410.90000000000003,24.039373874633345,9.952789082052481,43.88433078556973,0.6179547322482145,4.087657209685339,21.336952873591386,0
411.0,24.59185907192535,10.69610815262688,45.978452141950974,0.656060543757766,10.054445701780043,19.782293370211146,0
411.1,25.14434426921766,11.439427223201704,48.072573498333405,0.6941663552673392,16.021234193878136,18.227633866830026,0
411.20000000000005,21.886485626892444,15.099134326027503,49.284470470718624,6.180523778029865,-2.866711634855541,-4.840577907089471,0
411.3,28.967051293416144,16.72663905187727,55.93134905091017,0.5751111980456647,26.685090757429634,-9.86973986651319,0
411.40000000000003,26.09023121393519,15.021907019120912,48.55111779801892,0.6825903045801145,15.502711467350803,-2.1332971098117373,0
411.5,23.213411134455875,13.317174986365522,41.170886545131864,0.7900694111145032,4.320332177278328,5.6031456468853165,0
411.6,20.336591054974917,11.612442953609165,33.7906552922406,0.8975485176489532,-6.862047112800504,13.339588403586768,0
411.70000000000005,31.974990861165896,9.334197515013065,52.0368917291166,0.2392823355371224,7.476220976765818,-26.679069564921047,0
411.8,36.635634779044146,23.656773855042687,77.48235917114245,0.09754356640571415,-22.287646563631792,-28.418651829459762,0
411.90000000000003,30.627058668275,19.791496236452275,64.4751932172825,0.28993290371444946,-10.706028546408549,-18.868415320525422,0
412.0,24.618482557509274,15.926218617864057,51.46802726342994,0.4823222410230754,0.8755894708081122,-9.318178811596507,0
412.1,18.60990644674013,12.060940999273644,38.46086130956999,0.6747115783318107,12.457207488031358,0.23205769733783654,0
412.20000000000005,12.078651018609236,8.787519225980626,33.01755790824447,3.118581140970813,-4.268422705713218,-0.8898266357324705,0
412.3,26.133848941173373,11.853225167693644,53.96931614194522,0.45037644899696405,-6.0421930301099955,2.4111765374618663,0
412.40000000000003,20.191256491282857,10.671166626645304,40.55151562440165,0.858649701737559,-8.52189727312098,18.15279179738645,0
412.5,23.488062362453903,12.962233581047709,43.84740790149408,0.8440635285268409,-7.855896901139442,21.93715145650914,0
412.6,26.78486823362682,15.253300535451418,47.14330017858839,0.8294773553161144,-7.189896529157524,25.72151111563398,0
412.70000000000005,27.86333281783815,14.919076425259624,50.03153313049883,0.47385059353560144,23.59900441689003,-13.717628171092288,0
412.8,26.718675358450593,10.107506483636925,50.73206779802763,0.304587294305608,18.650232324752036,-17.948621564661405,0
412.90000000000003,16.477591843260075,6.8108031307171,31.244577455936927,2.3295599648844574,-5.651783757025517,-13.372236822651182,0
413.0,11.4856119474512,5.517037578451172,22.11362073199281,4.715214568192932,-1.2718713322423998,-7.565622976299588,0
413.1,6.493632051639489,4.223272026184507,12.982664008043503,7.100869171502763,3.1080410925432087,-1.7590091299446904,0
413.20000000000005,6.0797463262283316,4.011615562310247,12.112697821310341,6.2672376026941885,0.058291006225226205,2.2523334718556303,0
413.3,20.31722090970148,9.365168893059147,40.29884906486143,0.12832853630354912,5.494709673898707,-19.541811337060963,0
413.40000000000003,19.845353550522006,9.421684085563792,41.83943157870314,0.27983922107637244,3.1544034965835817,-19.257407899437723,0
413.5,19.3734861913428,9.478199278068404,43.38001409254398,0.43134990584910965,0.8140973192697869,-18.973004461814647,0
413.6,18.901618832163326,9.53471447057305,44.920596606385686,0.582860590621933,-1.5262088580453392,-18.688601024191406,0
413.70000000000005,20.433380178924462,11.794286094070891,41.690108663433946,0.7351103318378132,15.555721866760248,-1.5764435679390045,0
413.8,21.24627163607841,8.252974788357385,39.00386322246673,0.5833096200818396,-8.345778881436052,19.186406059697983,0
413.90000000000003,20.565936702195827,9.946639825577053,38.62557681339665,0.605206950119483,-4.831925575131892,8.221789515253223,0
414.0,19.885601768313627,11.640304862795759,38.24729040432678,0.6271042801571138,-1.318072268829729,-2.7428270291853067,0
414.1,19.205266834431043,13.333969900015425,37.869003995256705,0.6490016101947571,2.195781037474431,-13.70744357363007,0
414.20000000000005,31.09821660603899,15.061014822051893,49.978459972320586,0.6048568538548881,16.134580763485435,26.54731144211025,0
414.3,31.103357261346694,12.32801696501409,52.08062989880437,0.5707695911419378,25.557689486951336,17.712057849738766,0
414.40000000000003,27.898184452587923,12.373109484770547,47.3372107130166,0.6146612932612124,22.24291374954911,16.692336183234165,0
414.5,24.693011643830975,12.418202004526979,42.59379152723154,0.6585529953804622,18.928138012148768,15.672614516730142,0
414.6,21.487838835072203,12.463294524283437,37.85037234144378,0.7024446974997367,15.61336227474654,14.652892850225541,0
414.70000000000005,22.84977653677557,10.384697196871508,36.355926092588575,0.5801317243796413,20.258867428580473,9.377995550639824,0
414.8,24.748901630296878,11.691162222277708,47.02761630781786,1.0602579250173618,3.2123040761917636,14.667116999781719,0
414.90000000000003,27.183805724561083,12.236166350522751,51.315125272970576,21.642888569457746,14.561335102917496,-7.559928855464581,0
415.0,25.08127262442641,10.711474233696343,45.91216069868764,49.56577763019369,-0.5362869530977363,-1.3632236470276986,0
415.1,22.97873952429054,9.186782116869068,40.50919612440164,77.48866669094551,-15.633909009121549,4.833481561412704,0
415.20000000000005,18.503126917502946,9.461862310406168,36.087150751189434,0.5645091906127282,-6.133053097377221,-8.79012484875187,0
415.3,17.900029679959815,8.092067962479609,46.35845020203368,0.6508394921059767,17.36162790462963,1.88772558488796,0
415.40000000000003,17.120470328582833,9.116798693805517,44.442842507912935,11.579434464879283,11.719993334924885,8.743348459280663,0
415.5,16.40073264300195,10.24296061136831,43.782247154914,23.552696775834775,6.2553461680033,11.638631433349527,0
415.6,15.680994957420657,11.369122528931744,43.121651801914695,35.52595908679707,0.7906990010786075,14.533914407420037,0
415.70000000000005,14.757997144958464,10.132488621033456,39.22179709944247,4.36475259877518,-5.2566770318816936,13.12292271065111,0
415.8,16.344617751797216,12.853536017663174,48.91802597699661,0.6749802541618268,4.387755129393613,15.392281482116122,0
415.90000000000003,21.67865143418004,11.89527085418438,49.41095864794171,0.7542956162930536,-6.045913044745733,15.225043462694245,0
416.0,27.01268511655983,10.937005690706133,49.90389131888654,0.8336109784242354,-16.479581218879147,15.057805443272464,0
416.1,32.346718798942646,9.97874052722734,50.396823989831645,0.9129263405554621,-26.913249393018493,14.890567423850587,0
416.20000000000005,23.334400575577558,10.388157228276027,41.63260904661357,0.20343062577821877,-4.8192798573690085,-22.801572826564133,0
416.3,22.579991837400666,14.62492221492299,58.80926443920164,0.514745570819578,7.963341091671161,5.233034690062198,0
416.40000000000003,18.0552121438291,11.141978353480607,41.900055832664165,0.36142884048492424,-5.024801834361026,-14.159014058207784,0
416.5,18.45485345153977,10.81937148411319,38.89537702382601,0.4068931374094783,-10.597048665103324,-10.503226874233022,0
416.6,18.854494759250663,10.49676461474559,35.890698214986145,0.45235743433405823,-16.16929549584879,-6.847439690256184,0
416.70000000000005,29.095043326288277,14.280035475345016,50.232758114190645,0.7777972197383625,-4.491909437383925,25.99587969148113,0
416.8,17.104359535091756,11.11561547628333,39.37222307576194,2.498090439005425,-16.43624309619881,-3.9518212820652825,0
416.90000000000003,15.323020814599715,10.44882537146464,35.01364132060355,3.0593585331261277,-8.053936856604045,-2.7201052269386072,0
417.0,13.541682094108683,9.782035266646329,30.65505956544763,3.6206266272465113,0.3283693829859544,-1.4883891718126323,0
417.1,11.760343373616642,9.115245161827637,26.296477810289232,4.181894721367215,8.710675622580723,-0.2566731166859575,0
417.20000000000005,13.554507771393599,7.481836200470774,31.367171850131754,1.2070524250421228,-0.3554639541678215,4.453589617775661,0
417.3,31.780843428382273,10.80006094638667,54.73517574163293,0.8114486520191535,-30.48759042839479,-7.09228696107166,0
417.40000000000003,25.942934496671036,7.7776227351163785,41.44664174396997,19.98087857188381,-25.14257701340471,4.685518676124419,0
417.5,26.135770401198705,10.658278199130901,45.084322073915246,46.32564015737485,-24.304066532928964,8.022999643841175,0
417.6,26.32860630572648,13.538933663147063,48.72200240386258,72.67040174288087,-23.46555605245274,11.360480611559828,0
417.70000000000005,24.90831053283283,12.056431007104216,42.84847552940782,0.9708721425678428,-0.8085456130711499,-16.568849879679345,0
417.8,20.611687979057336,8.220192543099548,40.55594419044729,0.18596236221347762,7.993201555209861,-17.372233810844893,0
417.90000000000003,22.555496308470914,8.586282266167647,41.856213940527546,0.37535521487943985,5.743472647884764,-4.19140467698087,0
418.0,24.499304637883384,8.952371989235537,43.15648369060707,0.5647480675452945,3.493743740560947,8.98942445687566,0
418.1,26.443112967296962,9.318461712303636,44.45675344068733,0.7541409202112566,1.24401483323585,22.170253590739684,0
418.20000000000005,28.117681636670717,10.829236592435223,51.751390681354465,0.492339726273349,16.45321705802405,-20.4184364078533,0
418.3,20.65196105799309,5.601677125644039,33.9454056249852,0.27110348523877725,3.882121974718141,-18.114097001721497,0
418.40000000000003,23.448082055890154,7.66940972967727,37.6689122932597,0.45193015691650695,-1.1076762569786371,-5.329549264347518,0
418.5,26.244203053785625,9.737142333709325,41.39241896153209,0.6327568285941338,-6.097474488672579,7.454998473019195,0
418.6,29.040324051682685,11.804874937742555,45.11592562980659,0.8135835002718635,-11.087272720369356,20.239546210393172,0
418.70000000000005,29.297933608272132,9.051257241841276,54.96985660905835,0.6779126684504351,21.53282339559657,16.85634372738794,0
418.8,13.98148519243957,10.16604856615337,39.14562080924583,2.196038656785461,-11.194093028883085,-0.013146965587988335,0
418.90000000000003,18.555362711844527,10.990199258181033,40.9486046714778,1.7058785429188534,0.6110085731680197,-1.735972016238949,0
419.0,23.129240231246886,11.814349950208229,42.751588533708755,1.2157184290525245,12.416110175212413,-3.45879706688893,0
419.1,27.703117750651842,12.638500642235892,44.55457239594073,0.7255583151859168,24.221211777263516,-5.181622117539891,0
419.20000000000005,29.247350222536177,11.26599200642161,41.15005382327366,0.45907514923493065,12.812337973878204,-24.650464993971934,0
419.3,19.27146357625399,8.71279668833094,41.15862259295066,0.6102559511546238,11.793695001833026,-2.7548635655442384,0
419.40000000000003,19.14913341354664,9.665099442717455,41.06811320137224,2.3647233964315655,-6.898637389614309,7.426798613957194,0
419.5,18.239099608022567,11.046392703520937,40.15730284049124,4.068873161369529,-2.6177406569039743,-2.258917155722841,0
419.6,17.32906580249798,12.4276859643252,39.246492479609714,5.773022926308463,1.6631560758087929,-11.944632925408385,0
419.70000000000005,14.659775647035778,11.549991993896255,36.0859168253139,2.0449889907971635,-10.356264329446951,8.972266433550823,0
419.8,8.061249766125531,6.491454002058358,24.110374629626854,3.014975930377883,6.373446045526958,4.282534351239429,0
419.90000000000003,8.113236294998142,6.559260205520979,22.24958464756597,25.143976390351167,2.3552376585706263,1.7799233361827618,0
420.0,8.165222823870723,6.627066408983561,20.388794665506147,47.27297685031186,-1.6629707283834216,-0.7226876788724823,0
420.1,8.217209352743332,6.694872612446181,18.52800468344526,69.40197731028515,-5.681179115339753,-3.2252986939291493,0
420.20000000000005,12.814525364905304,10.316781401887269,29.856403391360587,3.579438079083279,5.351363879985181,-9.31813002974568,0
420.3,25.438483497221767,16.207225865786633,67.18888401263551,2.6020147461907217,-25.117199102962,1.7336069549065678,0
420.40000000000003,25.494109569961854,15.49108051764961,63.42638274560588,2.0029796100677553,-12.529205396794403,-4.802489945468674,0
420.5,25.549735642701908,14.774935169512993,59.66388147857839,1.4039444739451297,0.05878830936603663,-11.338586845840199,0
420.6,25.605361715441994,14.05878982137597,55.901380211548755,0.8049093378221632,12.646782015533635,-17.874683746215442,0
420.70000000000005,29.840483566614065,14.807886810708503,64.91751821023144,2.189029092701295,-29.205202592643335,-6.079343017023309,0
420.8,22.901239419026524,13.546979549968379,49.064811190656464,0.36200424821099086,2.095019205879556,-20.610505919594317,0
420.90000000000003,26.855872090482336,10.091930497544979,45.0773551185912,0.7234120318255226,14.715320259146841,20.958937186604224,0
421.0,28.853369603389385,13.802513281415589,54.72488651772525,1.406953026341185,5.2670883704976355,11.527644025355379,0
421.1,27.740002408480468,14.209820685473353,67.69269104975608,2.679437781295901,-27.061148525663764,0.955953993206716,0
421.20000000000005,24.295299108949898,13.602001292658816,51.08997184871344,0.5063913921687563,4.768511004151224,-2.2127103566205015,0
421.3,9.275870490348812,5.294362547458906,21.56572754505795,1.1739244038908825,9.209586599232631,-0.3333521478528086,0
421.40000000000003,29.316427904298955,17.45527515317249,74.47342592686398,2.6025093769342447,-18.889965884655407,-1.4583562212909165,0
421.5,28.317477897835985,15.421204889340752,66.73386194545665,1.343611475279896,-19.134229490386204,-18.07933921869563,0
421.6,25.498011041570148,13.303351430811755,54.587242339962074,1.9534033436347462,-20.06771385200431,-10.236821160821494,0
421.70000000000005,22.67854418530431,11.18549797228276,42.44062273446748,2.5631952119895964,-21.001198213622413,-2.3943031029473616,0
421.8,27.674962660888514,13.454099221962517,51.02494971022463,2.0946149914123158,-21.227123412590053,-8.4139260401769,0
421.90000000000003,31.293642685437558,15.24477449674541,54.732344171982504,0.513934905735079,9.417340893810003,-22.20476097049034,0
422.0,36.038320161517646,16.79964195711814,64.72969633907722,0.7218391517717307,-6.50062731628144,-11.140537529083268,0
422.1,40.78299763760043,18.35450941749175,74.72704850617761,0.9297433978085006,-22.418595526381928,-0.07631408766990688,0
422.20000000000005,45.527675113683216,19.909376877865363,84.72440067327801,1.1376476438452705,-38.336563736482425,10.987909353743454,0
422.3,31.246366770072804,13.399107344676896,64.42693114122179,0.41067242284067923,19.667726970858997,-23.127714795051816,0
422.40000000000003,28.16375040049282,12.030813810105554,54.35280131985715,4.281674708158084,-22.237252186854942,13.646396074808672,0
422.5,25.395063182666377,11.425543857499136,50.08890378832963,3.2685408563475313,-11.276095675086104,9.74547151165228,0
422.6,22.62637596483836,10.820273904892375,45.82500625679968,2.2554070045364027,-0.3149391633110348,5.8445469484936705,0
422.70000000000005,19.857688747010343,10.215003952285613,41.56110872526974,1.2422731527252742,10.646217348464038,1.9436223853350612,0
422.8,23.886426691475865,12.969973033717428,57.2570884409964,0.5679353427247787,18.99377710317513,11.530955035793621,0
422.90000000000003,18.70791232779919,9.299820220439049,29.79720473535741,1.0183464614165176,-8.827704428127738,15.50080933415717,0
423.0,16.353900572262475,9.090417977053818,30.405967994342898,1.2937910856423187,-9.004898090256768,9.651432186881754,0
423.1,13.999888816724422,8.881015733668468,31.014731253328733,1.5692357098682763,-9.1820917523859,3.8020550396030135,0
423.20000000000005,11.645877061186368,8.671613490283118,31.62349451231457,1.844680334094234,-9.359285414515032,-2.0473221076757255,0
423.3,14.840310597866942,10.820790388312254,44.22248945799264,1.7781678460214085,-7.8380447816178,7.423083268207297,0
423.40000000000003,20.547916450047037,10.236669633810463,33.558516736476285,4.524264053791559,-15.888240226402157,-9.526171537720366,0
423.5,18.833610091265225,10.556524612218826,36.117308806260105,3.548992030949307,-7.757940034510199,-5.186851638008925,0
423.6,17.11930373248244,10.876379590627373,38.676100876045375,2.5737200081065,0.3723601573863782,-0.8475317382950163,0
423.70000000000005,15.404997373699654,11.196234569035918,41.23489294583065,1.598447985263693,8.502660349282959,3.4917881614188904,0
423.8,7.492121448824816,5.980873235702761,22.577171053468895,1.6932727581062466,2.732361557794075,6.726252983362247,0
423.90000000000003,18.449347810711288,14.77403146915869,44.5115359394307,4.25673098710246,8.681510405084442,11.97615482593944,0
424.0,19.608933125404775,13.646604335801852,54.13010414837862,6.76245799489978,-15.538385919550592,2.179012817499836,0
424.1,19.387637547157862,11.394869011574272,48.03919203658446,4.157289789630507,-13.031458381750038,-5.6171467998211,0
424.20000000000005,19.16634196891095,9.143133687346694,41.948279924790306,1.5521215843612346,-10.524530843949485,-13.413306417142037,0
424.3,49.448301246949576,16.30034518813337,89.18242530359585,0.655763530040141,47.90151378736511,11.993950397333098,0
424.40000000000003,18.047464025183515,13.368834858863284,35.79695303819589,0.6341561574393476,13.249158161750124,-12.030870199113506,0
424.5,19.12493560792632,12.705090824390263,38.83377809661845,0.5407628989704991,7.438100036480351,-14.47017347718898,0
424.6,20.202407190669742,12.041346789916863,41.870603155042744,0.44736964050159755,1.6270419112072734,-16.909476755265842,0
424.70000000000005,21.27987877341316,11.377602755443466,44.90742821346703,0.35397638203269594,-4.184016214065803,-19.348780033342706,0
424.8,30.180616030643815,13.456707964720595,59.44547033105826,0.6562941476338673,15.547395351212943,25.81581731370167,0
424.90000000000003,26.248327649945075,19.871674396587043,54.5936198542325,1.5920996482921854,-10.647627741398349,-18.476753195887753,0
425.0,29.06773572075499,19.608269940132683,61.41909024041102,0.5853692449799587,-5.800059137493181,-25.73639204785785,0
425.1,29.87330116040937,17.728805884565205,63.589209369019386,0.5113695239874896,2.164145810833425,-26.56682045350106,0
425.20000000000005,30.678866600063746,15.849341828997726,65.75932849762775,0.4373698029950205,10.12835075916003,-27.397248859144263,0
425.3,27.641390927983995,10.276778197549556,43.560772105293736,2.6835483893655407,-25.517938052055268,4.80962172644684,0
425.40000000000003,29.40308497897636,14.632850534402763,60.583184705146216,7.829764754085521,-19.351566719737388,11.376636639501315,0
425.5,23.490864103426055,13.426321111638899,59.68036670135678,0.6416071069055764,11.497883073173707,-20.385595814169676,0
425.6,22.156949307842357,13.059739903821649,57.3755676862994,0.5812758475863379,11.96964986310894,-18.497724990290457,0
425.70000000000005,20.82303451225866,12.693158696004401,55.07076867124201,0.5209445882670993,12.441416653044172,-16.609854166411235,0
425.8,20.853322434528064,10.989593161133353,44.954582366045116,0.8671500786413382,-14.012283047421311,4.959339498238833,0
425.90000000000003,13.120006762508584,6.905704834080599,38.26131115474993,8.515998779321045,-9.054565990953089,-8.18367142981579,0
426.0,22.968290721310012,11.399273925726257,50.660129547821214,9.336313518534409,-19.603994385517662,6.895317637661492,0
426.1,18.34033063487638,12.48197422121757,44.89756363230316,1.9956107936659642,-14.14267748474563,9.14675729650311,0
426.20000000000005,16.93603512452362,12.880122282112282,45.50782587334816,2.298467715868779,-15.52689915364498,1.2953463694767784,0
426.3,17.622341917558657,12.335288713861225,44.274023231810126,1.4215562169017921,10.244833232515013,-2.678991374849365,0
426.40000000000003,23.036298001506026,12.653987775423168,52.33349323643982,0.9278061797348449,14.989120225423477,15.77533777605823,0
426.5,22.59383623330924,11.302229746692483,47.35261744537079,0.717993832061724,6.203720341777171,8.566223909235497,0
426.6,23.24955327954682,10.335979861417107,44.225688887384486,0.4821880484530912,-5.82805412028387,3.787562304824414,0
426.70000000000005,23.9052703257844,9.369729976141729,41.09876032939819,0.24638226484445847,-17.859828582344903,-0.9910992995866685,0
426.8,18.64885035720191,9.591981413539761,35.79330999758603,1.5123677770719732,-16.356498748427992,6.911133364062392,0
426.90000000000003,19.4961991461314,14.445577832402362,43.033759441291124,8.64603989478254,-11.586323458398935,-9.56617846211946,0
427.0,31.15903914150067,15.813664507205507,61.09456976501116,6.395283053409273,8.829190047868021,-6.552486932054585,0
427.1,42.821879136876575,17.181751182009428,79.15538008874145,4.1445262120347275,29.244703554146582,-3.538795401987997,0
427.20000000000005,54.48471913225248,18.54983785681335,97.21619041247176,1.8937693706601815,49.66021706042515,-0.5251038719214094,0
427.3,18.25461883064435,10.933101815129643,46.96291643182984,0.549875040523253,-6.075020559855098,-14.134360716596332,0
427.40000000000003,16.36075394953414,8.898395596517975,36.50939391851792,4.345609083296761,7.108671614961347,-13.111852951535122,0
427.5,20.323482895650194,9.63310289014826,40.71836172878801,3.306766411649848,4.720271394807874,-0.6868835489684937,0
427.6,24.286211841768505,10.367810183778962,44.92732953906049,2.267923740002345,2.3318711746530436,11.738085853605197,0
427.70000000000005,28.24894078788681,11.102517477409666,49.13629734933296,1.2290810683548417,-0.0565290455017875,24.163055256178886,0
427.8,31.392946181215272,11.302183264175575,51.93554869291049,0.4313493940991546,-0.19112784576889652,10.196090169206578,0
427.90000000000003,19.385655696791016,11.320312370438991,34.71257829010768,0.5285816768165519,16.486144109925466,-3.1325241726653426,0
428.0,22.96932351559399,11.446253311278342,39.75472776414128,0.5961537351093662,10.453621218854988,6.9133471009309515,0
428.1,26.552991334399003,11.572194252117766,44.79687723817775,0.663725793402219,4.421098327781081,16.959218374532956,0
428.20000000000005,30.13665915320402,11.698135192957189,49.83902671221421,0.7312978516950719,-1.6114245632928252,27.005089648134962,0
428.3,20.86370920405071,8.322641402281366,33.48751767108205,0.8237753857196947,14.727430559365992,2.4426058832159177,0
428.40000000000003,20.84314300713493,8.372576090317189,30.097298287083337,0.23213645156047188,-20.10329488986334,-5.424885384063295,0
428.5,21.366249057939804,9.611358498877356,37.16796373991771,0.4044838691065254,-19.862282749380633,-0.39367539019614917,0
428.6,21.889355108744976,10.85014090743823,44.23862919275611,0.5768312866526768,-19.62127060889779,4.637534603673857,0
428.70000000000005,22.412461159550144,12.088923315999102,51.309294645594505,0.7491787041988284,-19.38025846841495,9.668744597543864,0
428.8,25.961343659528687,13.621543524199422,57.22530551722833,0.6418130406336593,25.73153945419031,-2.154473982568837,0
428.90000000000003,19.19481679012874,7.58435416912376,30.64171349119863,5.353052664864272,-6.379590286875562,18.07560870938976,0
429.0,22.746942856310007,9.2232296477201,38.655470353645,4.061785279814963,-5.730651507330708,21.869132579962553,0
429.1,26.29906892249329,10.862105126317372,46.669227216095926,2.7705178947649194,-5.0817127277854865,25.6626564505375,0
429.20000000000005,29.851194988676575,12.500980604914645,54.68298407854685,1.479250509714876,-4.432773948240264,29.456180321112452,0
429.3,61.32480919207279,20.778869429472017,96.17995696853599,0.7202060045553007,11.438445123109794,59.0774535608748,0
429.40000000000003,28.856547444393385,15.87322535517594,54.34946923502754,0.9706073984946607,-6.770796969546613,19.46271790391188,0
429.5,29.99273830330159,16.627617874009736,57.06036950525764,1.0237444633839836,-25.170448384191445,16.168702852122447,0
429.6,31.758308761182775,15.624218831865145,58.22364479550411,0.9387684276883749,-27.39089808728055,15.899734547148096,0
429.70000000000005,33.523879219063964,14.620819789720553,59.386920085750575,0.8537923919927661,-29.611347790369656,15.630766242173745,0
429.8,31.269259616209776,12.851238944449422,54.95319909352911,0.43462365408658277,-21.90292395860435,-19.131377127053103,0
429.90000000000003,30.32082844597619,13.643396090324087,50.62225323577937,0.3469063411100356,-22.22036463751889,-6.754586868163166,0
430.0,27.917559767215163,12.81302702435395,44.727829482462916,0.4169203759227908,8.046277522125935,-16.945185396592684,0
430.1,25.105710152425416,11.319541263749821,42.776901029327334,0.5282539239755158,-2.1111598396155102,-7.56149814682853,0
430.20000000000005,22.293860537635666,9.826055503145692,40.82597257619175,0.6395874720282408,-12.268597201356954,1.8221891029356279,0
430.3,35.33984820781936,15.29824928082731,67.22039194989986,0.4231095980477929,25.574990339497518,1.5889721592381623,0
430.40000000000003,30.855326187557946,10.659031703571882,57.15285586702379,0.5091852727751157,27.873753150469067,-6.3210665798854695,0
430.5,30.861470044406538,11.119126171504607,56.921787865537254,0.6568904215891518,10.877942827507308,-2.2101942003771198,0
430.6,30.867613901255137,11.579220639437596,56.690719864050585,0.8045955704032717,-6.1178674954641075,1.9006781791335685,0
430.70000000000005,30.873757758103732,12.039315107370584,56.45965186256392,0.9523007192173917,-23.11367781843553,6.011550558644255,0
430.8,32.962828498849746,14.183610883219119,67.69237473831429,0.5716520897894601,-17.833561230077738,-19.69541903430386,0
430.90000000000003,31.68322129506021,13.08142711831888,50.751839207141984,0.7893836709316147,-10.676225019824152,8.193761435517864,0
431.0,29.20176742237212,11.33838665499218,44.678847167337175,0.30572725296500136,-21.394112660731835,-5.252645683851979,0
431.1,25.25135052906152,9.527807891693774,41.409778879314416,0.467051526397125,-12.109949735966982,4.369995222024031,0
431.20000000000005,21.300933635750912,7.717229128395368,38.140710591291665,0.6283757998292486,-2.8257868112021285,13.992636127900038,0
431.3,29.306809090742732,11.24328361297226,57.015114439965984,0.1273727116435977,-26.130313985297484,-11.200959041529481,0
431.40000000000003,28.517361391334344,12.422528703605373,52.68622645959148,0.2339069440979695,-4.461526781719236,-27.580839111064282,0
431.5,26.210272410466253,11.079228795005891,47.07159692175326,0.40254457248467923,-9.008337474461783,-20.687121358623358,0
431.6,23.90318342959685,9.735928886405645,41.456967383911845,0.5711822008714849,-13.555148167206914,-13.793403606178513,0
431.70000000000005,21.59609444872745,8.392628977805401,35.842337846070436,0.7398198292582905,-18.101958859952045,-6.899685853733672,0
431.8,30.88841669072459,20.010627353221203,61.53415395838636,0.6570937270962134,11.373488117360678,27.774474883516728,0
431.90000000000003,20.483464238119016,11.63023803290331,34.01189858929282,0.5808341345906997,16.535191526712378,4.910987167062952,0
432.0,23.94535707893384,11.712165103275224,41.088230371105595,0.5983853750243898,5.018179834999497,9.915719544083139,0
432.1,27.407249919750633,11.794092173647183,48.16456215292239,0.6159366154580901,-6.4988318567199315,14.92045192110617,0
432.20000000000005,30.869142760567424,11.876019244019144,55.24089393473919,0.6334878558917902,-18.01584354843936,19.925184298129203,0
432.3,33.27569748672643,13.317008859403513,56.85198111641447,0.15033969572512032,-14.681549255403803,-23.098056520140556,0
432.40000000000003,21.15914612576631,9.052895965469315,32.40281306458397,2.7062704251249072,-17.376585296411875,0.7146181023491265,0
432.5,24.345400586985814,10.091723643183837,40.67022081762658,2.070257449905548,-6.704605403472076,8.1278173346504,0
432.6,27.531655048207128,11.130551320898952,48.937628570673894,1.4342444746858272,3.967374489473791,15.54101656695589,0
432.70000000000005,30.717909509428445,12.169378998614066,57.2050363237212,0.7982314994661062,14.639354382419658,22.954215799261377,0
432.8,20.848709055805557,6.297196342568587,34.14337801056229,0.546191359751603,19.603790595745725,6.926222053498175,0
432.90000000000003,28.84626785480074,12.851992979134744,46.250790281438476,1.0623495518301813,-16.344362375319495,23.767537772060603,0
433.0,25.942148444155187,13.277120662697657,49.3138586483897,1.0062694520132858,-14.99513649164131,21.15585610772013,0
433.1,23.038029033507986,13.702248346260811,52.37692701534266,0.9501893521963583,-13.645910607962357,18.544174443378175,0
433.20000000000005,20.133909622860784,14.127376029823967,55.43999538229563,0.8941092523794307,-12.296684724283406,15.93249277903622,0
433.3,15.926389437307273,11.272429571788743,42.3106515907809,1.1060705715832089,-14.459192157074586,6.478153657700213,0
433.40000000000003,18.18671655892867,12.298125401588196,33.20126245168972,0.696967041911497,1.7154041725495097,-15.616988464556876,0
433.5,15.16772413388095,10.654031965220321,39.22759972685775,5.22455519599084,-4.855693695881863,11.844527102954185,0
433.6,16.699986314729546,11.583220263093418,40.78039747555116,3.8729867409690084,-10.34506405706392,8.916330880961336,0
433.70000000000005,18.23224849557814,12.512408560966517,42.333195224244584,2.521418285947177,-15.834434418245976,5.988134658968487,0
433.8,17.53512538786313,13.743423515546985,49.5299466615238,0.7173291571280462,2.4042002814675723,-7.146804952840689,0
433.90000000000003,16.618052000269287,9.19305183673121,49.681203363911415,6.607936450666854,-1.983445905227216,-15.602974679655254,0
434.0,16.103995858916043,9.851023358107367,48.28922962783093,4.973870739387611,0.5057115077626739,-7.256319861150162,0
434.1,15.58993971756251,10.508994879483899,46.897255891749644,3.33980502810744,2.994868920753979,1.0903349573596728,0
434.20000000000005,15.075883576208977,11.16696640086043,45.50528215566836,1.7057393168272688,5.484026333745284,9.43698977586951,0
434.3,15.080610710543493,12.328670729656546,45.59061557326635,0.8023295572167857,8.96219939440181,11.458697330496399,0
434.40000000000003,25.831846009757943,13.234085326583227,49.385836446052394,0.896123449927583,15.127192210552042,-12.957897481667331,0
434.5,23.088317387313122,12.566811294160038,49.17245539936691,0.7314342374557405,14.726005622744797,-15.074823227110882,0
434.6,18.956404674895317,11.384821742550287,45.036283369458815,0.9688147452029473,7.439005922926778,-14.098591093219142,0
434.70000000000005,14.824491962477516,10.202832190940535,40.90011133955072,1.206195252950154,0.15200622310875644,-13.1223589593274,0
434.8,18.27350113393381,12.804616927068919,53.66396183905053,0.9412157940061334,2.02416838560597,-2.7153388867552337,0
434.90000000000003,20.942976845641784,10.070808123307618,34.17867152385648,9.814044383351254,-12.165872120494559,4.368237329475398,0
435.0,17.495734502294706,9.086262972532495,32.22854315201233,8.961299485598861,-17.24358891082663,2.9150540435119456,0
435.1,15.230796060509583,9.270953358824896,33.7485676433889,6.2613921625496145,-14.95665064936557,2.8224451945504803,0
435.20000000000005,12.965857618724462,9.455643745117294,35.26859213476548,3.561484839500368,-12.669712387904507,2.729836345589015,0
435.3,17.728977688986507,12.344694641745454,47.624756444290085,3.110236835287439,-12.913646973105404,-0.8720150563586326,0
435.40000000000003,23.539607628284422,13.020431429379322,47.421409408070815,0.686937039202228,22.664568038516407,-5.7469921914785465,0
435.5,14.441052640421915,11.00479465946166,43.9104304948826,1.2589964222980954,-3.2202850670878282,10.438013074072636,0
435.6,16.196699414669517,11.729442366133917,47.97586832202272,1.77709832039235,-9.258269418453686,4.916089323560255,0
435.70000000000005,17.952346188917115,12.45409007280617,52.041306149162835,2.2952002184866043,-15.296253769819543,-0.6058344269521267,0
435.8,16.17984076586132,9.10985327764811,42.71367167045722,0.8274338273544,0.457022684039444,8.49699334933211,0
435.90000000000003,22.367699215302743,12.483627960146116,38.32596823110624,0.1461515070732191,-6.170016397394846,-21.465336284954986,0
436.0,20.891731088586617,11.275646862212726,39.06413180717231,0.2585570595715657,-3.7296276794846803,-20.206695121075253,0
436.1,19.415762961869653,10.067665764278651,39.80229538323881,0.37096261206997627,-1.289238961573127,-18.9480539571948,0
436.20000000000005,17.93979483515269,8.859684666344577,40.540458959305305,0.4833681645683868,1.1511497563384259,-17.68941279331435,0
436.3,21.483407173173852,9.570676888810405,44.10109890476289,2.2892199335972694,-15.325015903504008,-10.529370328380072,0
436.40000000000003,17.5559616956369,11.55704295047509,35.40176164521669,5.079665411194957,-10.238055418282734,-8.39235789401963,0
436.5,18.701218206683066,10.03231443943154,32.23515842972665,5.208220495618383,-9.484605180117917,-9.810459373304298,0
436.6,20.231101287109933,9.59779102991028,36.96849397193711,3.3279152097110463,-14.253786485889119,-2.429873180964318,0
436.70000000000005,21.7609843675368,9.163267620389021,41.70182951414756,1.44760992380371,-19.02296779166032,4.950713011375662,0
436.8,23.45863506444696,8.726394575555613,44.15629649949887,0.2136379535544815,-7.809493792282836,-18.93313522760791,0
436.90000000000003,20.47359577218233,8.35640798992221,33.384276199395536,0.7169287422220096,9.710930392792555,16.84770625331536,0
437.0,21.214135343906335,7.817434796009151,34.603327912647586,0.6288622077147454,13.31461424412349,9.940503207109673,0
437.1,21.95467491563076,7.278461602095784,35.82237962590032,0.5407956732074313,16.918298095456475,3.0333001609000636,0
437.20000000000005,22.69521448735519,6.7394884081824165,37.04143133915306,0.4527291387001171,20.52198194678946,-3.8739028853095476,0
437.3,19.4890981408136,9.942003468518537,43.249131625073844,39.47716356168013,1.7981482278141456,6.567098649677121,0
437.40000000000003,35.696631957772716,23.757127363922702,62.740856833151874,0.63071664967363,26.902298595620483,22.920953993268814,0
437.5,29.752511330856578,20.134252720369673,57.38628784423002,0.7626453732766152,16.716744308361008,19.678646922503482,0
437.6,23.808390703937064,16.511378076814587,52.031718855305115,0.8945740968796754,6.531190021095746,16.436339851736303,0
437.70000000000005,17.86427007701755,12.888503433259501,46.67714986638022,1.0265028204827358,-3.6543642661695195,13.194032780969128,0
437.8,4.115041655206014,3.29323590302809,12.560085488346823,1.51323400876975,2.8775450005949414,-2.825306497724428,0
437.90000000000003,30.930756405761535,13.102237565442904,46.812197478213896,3.7325904741188602,-25.69370230922046,16.63625665826313,0
438.0,30.457644427457417,12.230478168351857,48.7278027191642,3.1087230670902404,-21.633783639977377,19.19146395205506,0
438.1,29.98453244915303,11.358718771260316,50.643407960115596,2.484855660061266,-17.573864970731982,21.746671245848443,0
438.20000000000005,29.51142047084864,10.486959374168773,52.55901320106699,1.8609882530322917,-13.513946301486593,24.301878539641823,0
438.3,29.038308492544523,9.615199977077728,54.474618442017295,1.237120846003672,-9.454027632243509,26.857085833433754,0
438.40000000000003,31.031441273889726,14.575602746176102,52.83215475207976,2.5149962028441832,-29.2963048131731,-9.016510318247976,0
438.5,27.301345418729532,13.337293016870857,50.222122076343595,1.965011253643531,-15.614958547816876,-8.605499685552743,0
438.6,23.571249563567218,12.09898328756491,47.61208940060595,1.415026304442566,-1.9336122824528736,-8.194489052857278,0
438.70000000000005,19.841153708404903,10.860673558258963,45.00205672486831,0.865041355241601,11.747733982911132,-7.7834784201618135,0
438.8,18.640453282394862,12.616058185019176,47.77343700245454,0.251875042503416,-7.314191962932906,-10.146731089723964,0
438.90000000000003,33.55809706186933,11.830992253512852,64.51578064051543,4.576849629011773,-30.95094867551668,12.94596890254518,0
439.0,26.56196400575946,10.646827554680728,54.33012888378531,3.8323851371848328,-24.116358156421896,10.905877951634436,0
439.1,19.565830949645612,9.462662855847931,44.14447712704939,3.08792064535747,-17.281767637323227,8.865787000722532,0
439.20000000000005,12.569697893531764,8.278498157015134,33.95882537031348,2.343456153530107,-10.447177118224555,6.825696049810628,0
439.3,16.85940174031951,11.698292440606663,46.944721830657514,1.8942993092556797,-12.222455265116018,-8.764900752333796,0
439.40000000000003,29.335226523926423,12.047513343576817,66.98782364810151,0.48230248843957735,25.79931682034872,-12.558236979785923,0
439.5,25.50985656164223,10.997377341560417,62.50114494321562,0.7768667565688894,20.829946837251562,-10.916183130049038,0
439.6,19.08916621509494,9.650219684536989,48.75978893963894,1.1058421968160497,11.77674974537247,-10.201940777653533,0
439.70000000000005,12.668475868547656,8.303062027513558,35.01843293606224,1.4348176370632097,2.723552653493382,-9.487698425258028,0
439.8,12.433365323473213,9.828570097514229,36.819146964516754,2.0142630076279784,-1.9622702642555954,7.394098809195253,0
439.90000000000003,31.837841770522918,12.995286460454453,44.60973771990463,1.0505859440970773,-13.10238692194209,26.280448492649555,0
440.0,27.622817092697645,13.202987518581736,46.97221824339927,1.2388759402979532,-7.073177616317518,14.345017417360097,0
440.1,23.407792414869974,13.410688576709136,49.334698766895244,1.4271659364989362,-1.0439683106895181,2.4095863420638537,0
440.20000000000005,19.192767737042303,13.618389634836536,51.697179290391226,1.6154559326999194,4.985240994938481,-9.52584473323239,0
440.3,17.032879867270136,10.84161079689074,45.01511957644463,0.9495802521544598,15.681298646917055,-6.628033901672332,0
440.40000000000003,34.647102778902955,10.418780272421804,50.445640356510225,0.5296224315165204,28.334986555395762,-19.75087145823414,0
440.5,30.34288841216936,12.142106551731532,53.03039351931033,0.6457523593260878,25.728025182764032,-15.240306100199842,0
440.6,26.03867404543332,13.86543283104224,55.615146682111906,0.761882287135721,23.121063810130817,-10.72974074216298,0
440.70000000000005,21.734459678697284,15.588759110352946,58.199899844913475,0.8780122149453544,20.514102437497606,-6.2191753841261175,0
440.8,17.9585575213852,11.470753120113322,43.96366259912479,1.0093699515660584,15.071673282268788,8.988309436905702,0
440.90000000000003,17.470134816515042,9.88790976981599,33.076186607106216,0.710176174915019,15.975740126617588,6.555500426110339,0
441.0,17.16410554825387,9.389762430194137,33.91823371499117,0.7186527806331381,16.053420396525798,3.9255489970602158,0
441.1,16.858076279992524,8.891615090572001,34.760280822876595,0.727129386351262,16.13110066643405,1.2955975680085974,0
441.20000000000005,16.552047011731176,8.393467750949865,35.60232793076202,0.7356059920693858,16.208780936342304,-1.334353861043021,0
441.3,20.141105304743185,15.424035037033784,57.60902162019745,0.8825677961306589,5.777659195560933,-16.430543224374645,0
441.40000000000003,17.76915311241491,10.157776672922024,42.02233933475853,0.7630213323673147,4.175483831371705,17.271568443148634,0
441.5,26.11958826674158,17.817717627050076,53.99777962373716,0.5587066049840053,17.632579833294113,-19.261551870360158,0
441.6,20.783953952903563,14.709252708190697,47.72021939817102,0.6755390741032306,14.23281879123222,-15.133196747699438,0
441.70000000000005,15.448319639065543,11.600787789331319,41.44265917260488,0.7923715432224557,10.833057749170324,-11.00484162503872,0
441.8,10.514639365108646,8.259842167583034,29.96102516415795,1.2463059338351552,4.198555074850541,8.886553309144835,0
441.90000000000003,19.1536928655717,10.1849332314123,35.70248066147385,0.6182381595604794,16.843910502253564,0.37260299179298506,0
442.0,21.128357139464143,10.844874003519793,42.12050951442653,0.5060024656661206,6.179423444109343,-3.9011841243308236,0
442.1,23.103021413357705,11.504814775627661,48.53853836738286,0.39376677177169794,-4.485063614040943,-8.174971240457062,0
442.20000000000005,25.07768568725127,12.164755547735531,54.956567220339196,0.28153107787727527,-15.149550672191229,-12.4487583565833,0
442.3,21.622837879983784,6.851613269980681,39.46122889947069,0.3288717902103744,11.932543690576768,-17.888882341945457,0
442.40000000000003,29.938782377882006,13.308973881691912,56.12133032087078,0.3688060143087892,-20.03770559191503,-21.18867117743114,0
442.5,26.57403826900606,12.776951978649633,52.41095978514544,0.4298642800397412,-9.389344442695887,-16.9772933112709,0
442.6,23.209294160128202,12.244930075607051,48.70058924941797,0.4909225457707279,1.2590167065293123,-12.76591544510826,0
442.70000000000005,19.844550051250344,11.71290817256447,44.99021871369052,0.5519808115017146,11.907377855754511,-8.554537578945622,0
442.8,8.326873162844784,6.648623430115894,24.895474507889055,1.3500445413296074,3.184913866747962,-7.146467104631954,0
442.90000000000003,17.867042993687257,14.018552690075197,45.7148769593388,1.1049622760498419,-9.238126506474611,8.3916285516435,0
443.0,15.933054478205833,11.358451806592486,41.89616133289307,1.1354930020385068,-6.375380164229604,14.580255462635003,0
443.1,16.173475397992704,10.165864540616617,40.23300335701573,1.0175256869437002,-5.973527386927744,15.004780139324057,0
443.20000000000005,16.413896317779574,8.97327727464075,38.56984538113839,0.8995583718488936,-5.571674609625884,15.429304816013108,0
443.3,11.762275719859229,7.814176834356429,28.92389057409963,1.670877945898263,0.36727453963526235,-9.723325568025352,0
443.40000000000003,26.26912062041296,19.052488163123307,49.54744491035295,10.14685555609811,-25.539523647896843,6.14803492033799,0
443.5,22.32495628989589,16.432720708796726,46.077367169426104,7.903144052332875,-21.70989228802851,5.20394709911779,0
443.6,18.380791959376584,13.812953254468656,42.60728942849728,5.659432548566365,-17.880260928158,4.259859277897053,0
443.70000000000005,14.436627628857275,11.193185800140588,39.13721168756845,3.415721044799854,-14.050629568287487,3.3157714566763166,0
443.8,15.149136646833234,9.35791195555335,42.26302962225515,1.9843429051499624,-6.811669495081366,-12.874115439562868,0
443.90000000000003,29.90988552760834,17.723354980306375,48.44620860330609,4.701002372423234,-28.0490725763498,-9.103160875798862,0
444.0,29.454585819605917,17.370093076482526,54.33904131276563,3.907276406213071,-27.051210917653485,-11.540467641060193,0
444.1,28.646531082097255,16.862542541731067,60.01052269756343,3.132169329597988,-25.874127497221327,-12.167479541165978,0
444.20000000000005,27.83847634458859,16.354992006979604,65.68200408236123,2.3570622529829057,-24.69704407678917,-12.794491441271765,0
444.3,30.84545098727942,15.152456577277734,59.35437484815731,0.5225042513628463,26.341999199193936,1.4517900530831902,0
444.40000000000003,30.375077020641957,15.962172624254773,50.1427139366034,0.9431732853766732,-4.207515407454315,29.70244611594976,0
444.5,28.95905877239314,15.987364160292268,55.77917995626504,0.8187668763845941,2.874675185642049,25.545805728502536,0
444.6,27.543040524143514,16.012555696329777,61.415645975929884,0.6943604673924443,9.95686577874244,21.389165341052948,0
444.70000000000005,26.127022275893893,16.037747232367284,67.05211199559473,0.5699540584002944,17.03905637184283,17.23252495360336,0
444.8,16.791972629586308,13.498303170916113,46.905556313206674,1.329763917764322,-14.23331885101993,6.293689354661666,0
444.90000000000003,22.265062768467825,8.339122556721945,35.624475889322696,0.7464197029681332,6.073408046511121,21.420678515169158,0
445.0,19.668757653940066,10.722422757036778,45.93256946836255,0.7621685356289462,3.6974537459198276,-15.543606988608694,0
445.1,19.86490226651944,9.300820744962431,42.66395656386032,1.5459039196854303,-5.781977416569109,-10.333738838147646,0
445.20000000000005,20.061046879098814,7.879218732888084,39.395343659358076,2.3296393037419145,-15.261408579058045,-5.123870687686598,0
445.3,25.40679359184087,15.66646078630335,65.42238670417947,2.4426380626597517,7.145328239916356,15.966935096939682,0
445.40000000000003,30.546776414297256,15.44155271449643,77.69172126911565,4.031348407817121,-25.030877715009414,17.450464228310427,0
445.5,27.93936007097593,15.08162938602371,73.40418263475172,3.1232286280244157,-21.936488860789385,17.04962281121109,0
445.6,25.331943727653126,14.721706057550787,69.11664400038535,2.2151088482311945,-18.842100006567602,16.648781394111527,0
445.70000000000005,22.724527384330322,14.361782729077863,64.82910536601898,1.3069890684379737,-15.747711152345817,16.247939977011963,0
445.8,10.041763770546812,7.677426635408826,22.675384973070603,3.1977766421463176,0.9287791682388615,-8.833446829890438,0
445.90000000000003,29.663568104290977,22.387783992297088,76.49790388457146,6.386025550659245,-16.401249919365096,-24.716874374314738,0
446.0,24.614619607549475,18.76416624381499,64.92078895559294,4.863578590714108,-8.708585029777577,-16.207813966074383,0
446.1,19.565671110805106,15.140548495330835,53.34367402660783,3.341131630768106,-1.015920140185683,-7.698753557829193,0
446.20000000000005,14.516722614060733,11.516930746846679,41.76655909762273,1.8186846708221038,6.6767447494062075,0.8103068504159943,0
446.3,14.276515979175716,7.9853493485955,33.161780479141335,1.2662574538427411,2.864242107286435,3.190584355633735,0
446.40000000000003,16.659773279041502,13.385808140242013,37.86270558351471,6.974910609694853,-3.27232901526523,6.265876299330528,0
446.5,18.84778366272192,13.741291105958837,41.248019087475384,4.081618544267512,4.766410524710181,8.751833472478438,0
446.6,19.64673719612575,12.248748643480013,40.155340036918176,2.5445529556774793,-4.611126792710676,1.6464315051047667,0
446.70000000000005,20.445690729529577,10.756206181001192,39.06266098636097,1.007487367087446,-13.988664110131532,-5.458970462268907,0
446.8,26.43596563780931,11.53708963794801,47.789656977254694,0.47615468903869523,-2.9054670723838765,-2.001402061544507,0
446.90000000000003,17.07679280704204,10.882791217672956,28.87298211715528,4.708252332641759,-15.180060460990786,6.871527098235562,0
447.0,17.997703232454406,9.816479060139457,30.48726065367637,3.5302501871988676,-11.316362281650095,10.733411050869925,0
447.1,18.918613657867297,8.750166902605354,32.10153919019837,2.3522480417553058,-7.452664102307208,14.595295003506484,0
447.20000000000005,19.83952408328019,7.68385474507125,33.715817726720374,1.1742458963117444,-3.58896592296432,18.45717895614304,0
447.3,27.564613799786596,13.601435184640039,60.4322028254117,0.8762276194395251,-18.452913207987933,11.493449276126444,0
447.40000000000003,28.71423776803088,17.40317982843027,50.89787540153968,6.036636523052629,-27.70766951179524,4.96461587466866,0
447.5,28.44729157589201,17.785435189419093,54.96614400599246,4.581823340881386,-15.208128461424272,9.322333099139728,0
447.6,28.18034538375299,18.167690550408132,59.034412610447546,3.1270101587093158,-2.7085874110461994,13.680050323613273,0
447.70000000000005,27.913399191613966,18.549945911397174,63.10268121490264,1.6721969765372453,9.790953639331878,18.03776754808682,0
447.8,28.057936297547293,16.877087596827366,58.64846032041376,0.5209905385573075,15.68722937412632,2.6279935774473433,0
447.90000000000003,29.773623602697675,11.9885923214648,51.39389498601435,0.47406707634944345,-7.229933466570255,-26.542228992250923,0
448.0,27.11700814828259,11.27644519312513,42.917046230042395,0.4215098707775788,-2.696132088053811,-26.86916510773039,0
448.1,24.899917886175054,9.844230753117243,40.17082740304281,0.295248353190162,-3.96471062618624,-24.43292732123914,0
448.20000000000005,22.68282762406752,8.412016313109355,37.42460857604321,0.1689868356027452,-5.233289164318669,-21.996689534747887,0
448.3,21.155335233093094,10.317851076164963,43.1728627151305,0.3353489821024499,-12.804619279617782,-10.05008075657251,0
448.40000000000003,11.250477221463228,8.460942710823764,24.170289399702504,2.007381886973003,-3.5343404430626104,-9.571257979553595,0
448.5,16.590970634996005,9.085064291560341,30.51444287051781,2.282642887376047,-11.146783457111447,-6.478348706979341,0
448.6,21.931464048531815,9.709185872297272,36.85859634133673,2.557903887779247,-18.759226471164613,-3.38543943440333,0
448.70000000000005,27.271957462067625,10.333307453034205,43.202749812155645,2.833164888182447,-26.371669485217776,-0.29253016182731884,0
448.8,26.04415662586367,10.736392951766934,43.52084630011895,2.000470326209119,-23.231377139268297,8.106930341682013,0
448.90000000000003,21.71498533232443,11.850261449965334,49.72532674864034,0.8313063193694522,-5.64604562598692,-20.941081889854036,0
449.0,23.621873834172796,12.372269338806968,52.42931942987235,0.6886387584183887,-3.8574237116502235,-23.0701387674603,0
449.1,25.528762336022243,12.8942772276489,55.133312111105894,0.5459711974672441,-2.0688017973125103,-25.199195645067775,0
449.20000000000005,27.435650837871695,13.416285116490831,57.83730479233944,0.40330363651609946,-0.2801798829747968,-27.32825252267525,0
449.3,24.73070614954723,13.326958679816745,49.84871879290031,0.923997710451812,-18.486165578106462,5.5741306497932,0
449.40000000000003,9.419481833583731,5.965158203969508,21.066208590389802,4.742966248075476,1.1666239774619624,-2.647817576834832,0
449.5,11.960463254633655,6.262794017822406,27.74338600998034,4.93280950320109,-3.8712303091293467,-11.293455677817395,0
449.6,19.003976815383595,7.98323859331842,39.18191030219212,3.03488557703222,-6.676223291718785,-17.773477910825896,0
449.70000000000005,26.04749037613354,9.703683168814432,50.6204345944039,1.1369616508633493,-9.481216274308224,-24.253500143834398,0
449.8,31.136103289533747,12.657688471560824,53.145410529751935,0.7373391233639345,22.50960356834238,21.48454224351283,0
449.90000000000003,7.738319780420086,4.252396031448371,16.258137831808344,6.273599176256968,1.1824640650607692,7.399538435926247,0
450.0,11.679825213810343,5.785251179424719,23.173573546188397,4.713751568898738,-2.7499416186405066,10.283453719409591,0
450.1,15.62133064720284,7.318106327401938,30.089009260572382,3.1539039615396223,-6.682347302344018,13.167369002894576,0
450.20000000000005,19.562836080595336,8.850961475379156,37.004444974956364,1.5940563541805055,-10.61475298604753,16.05128428637956,0
450.3,39.83131578574964,7.961212142219038,49.30905440333689,0.511334255093381,36.60792662637974,15.696914156319803,0
450.40000000000003,33.097110286383675,13.138620219103709,52.07549166007862,0.5634937843455536,29.527883944822538,8.854783146269748,0
450.5,33.267461660508886,12.881729730100812,53.479716736839016,0.6953452798405029,11.255999258528984,4.527156462515641,0
450.6,33.437813034634196,12.624839241097767,54.8839418136002,0.8271967753355272,-7.015885427774958,0.1995297787590733,0
450.70000000000005,33.60816440875951,12.367948752094724,56.288166890361396,0.9590482708305513,-25.287770114078892,-4.128096904997493,0
450.8,26.229767325145954,7.225908939508108,38.67974579087091,0.3042507428273969,7.401137339899412,-17.60282599891137,0
450.90000000000003,18.601742839669082,7.858034558133858,34.21683844098518,3.835697751963723,4.437131966085726,17.961786408123036,0
451.0,22.855148784017,9.288816415360493,39.54330378502814,2.9265816729215435,8.11772993105649,21.01733674500965,0
451.1,27.108554728367338,10.719598272587941,44.86976912907412,2.017465593878847,11.798327896029345,24.072887081898003,0
451.20000000000005,31.36196067271767,12.150380129815389,50.1962344731201,1.108349514836151,15.4789258610022,27.12843741878635,0
451.3,31.87307735219552,12.38004270459884,51.02421912547898,0.437442234257193,30.093573596861482,7.379939480312006,0
451.40000000000003,19.01406687661397,10.205699690187041,40.70400971620552,0.8587851767249879,8.81323541610657,-14.04795198003554,0
451.5,20.56724497738789,9.050160815608592,39.7553541716738,1.4600791000711615,-0.888738168825018,-10.827961753100185,0
451.6,22.12042307816269,7.8946219410294844,38.80669862714155,2.0613730234176764,-10.59071175376212,-7.607971526163,0
451.70000000000005,23.67360117893749,6.7390830664503785,37.85804308260929,2.662666946764192,-20.292685338699222,-4.387981299225816,0
451.8,30.563163939340633,19.61285680005242,58.69464280224943,0.33098548334547134,19.565704247828382,-23.392692951603273,0
451.90000000000003,17.192979787148218,10.523067160281839,28.865112309571764,0.9223859256769709,-0.4121497501846912,13.39726172461151,0
452.0,18.651423123457324,10.089768526353437,33.11133107169652,0.7312323187899414,-2.784439924494199,3.705533764507674,0
452.1,20.10986645976726,9.65646989242479,37.35754983382368,0.5400787119028034,-5.156730098805055,-5.986194195601673,0
452.20000000000005,21.568309796077195,9.223171258496142,41.603768595950854,0.3489251050156654,-7.529020273115911,-15.677922155711016,0
452.3,19.349969872728177,7.082483088879575,38.47372783074961,0.36693954331257134,13.065114352524477,-12.8480222738951,0
452.40000000000003,10.142534658795334,7.0870763626240985,26.631759666717947,1.6544297155846697,-7.060111504331435,2.1708461459914936,0
452.5,12.634399982304593,5.89130713209506,25.42552607819719,1.4312634566999813,2.9541514793158408,-2.931454028222764,0
452.6,19.579705262121056,8.484711127075817,38.06088388082809,1.0269090154434783,13.904285712292996,-1.1772750266577359,0
452.70000000000005,26.52501054193752,11.078115122056575,50.69624168345898,0.6225545741869754,24.85441994527015,0.5769039749072924,0
452.8,35.54727078321169,20.11541379715409,71.96416948504145,0.474750526662099,-11.638024448673391,-25.59925201270203,0
452.90000000000003,21.2642485602954,16.6603553131047,48.471533922854455,2.174432282930263,-20.318932993753208,6.256684492517609,0
453.0,21.721843345054893,14.034292659587216,45.387461560905564,1.7329420591357585,-20.45312499260931,7.193849624478603,0
453.1,22.179438129814653,11.408230006068239,42.30338919895491,1.291451835341003,-20.587316991465492,8.13101475644013,0
453.20000000000005,22.63703291457441,8.782167352549262,39.219316837004264,0.8499616115462472,-20.721508990321677,9.068179888401659,0
453.3,22.126254124006127,7.924692460824504,35.046033640978635,0.22761844017978874,-0.30782345647606446,-21.648155349217063,0
453.40000000000003,31.571684261742124,15.040726576944477,59.00307369860475,0.27177472716347273,-12.257630389607364,-27.43615175768013,0
453.5,28.165052193586316,12.573134680646511,51.43859602185349,0.3529990282645315,-9.246636906374876,-13.957411632550235,0
453.6,24.75842012542857,10.105542784347143,43.87411834509793,0.43422332936563646,-6.235643423140677,-0.47867150741268105,0
453.70000000000005,21.351788057270824,7.637950888047777,36.30964066834238,0.5154476304667415,-3.224649939906479,13.000068617724875,0
453.8,21.36968290615843,7.116551501073859,34.98739406835435,1.935975038463054,-21.122603725764755,-3.2402037121857354,0
453.90000000000003,35.34261600939234,16.514873552164232,53.900979823206384,0.8128037385875687,-13.061774041667698,30.62158009009802,0
454.0,34.118502274660685,15.649664724156036,55.41007061413979,0.6316431585405969,-10.910872429962302,14.318343991978633,0
454.1,32.89438853992834,14.784455896147348,56.91916140507406,0.45048257849352225,-8.759970818255681,-1.9848921061500207,0
454.20000000000005,31.670274805195994,13.91924706813866,58.42825219600833,0.26932199844644755,-6.609069206549062,-18.288128204278678,0
454.3,20.04358345143096,8.102187636329802,37.96642195477208,0.38652389075931276,17.545050693232998,8.097275395346273,0
454.40000000000003,20.269216925677103,10.747314005792095,32.806400580586846,0.37364122484145496,15.001693056230588,-11.906177805963598,0
454.5,22.9526572485465,13.072464276359998,46.89857834288796,0.3199006683845745,14.407138022568324,-17.831334658150514,0
454.6,24.92993080970213,14.387918686146893,58.16061947287773,0.3298202513783204,16.252071867535005,-18.86400281052717,0
454.70000000000005,26.907204370857762,15.703373095933788,69.4226606028675,0.3397398343720663,18.097005712501684,-19.896670962903833,0
454.8,25.230252544587323,10.823068517225195,49.76460284431258,3.8611838745781517,-11.560944114443396,13.119478443296218,0
454.90000000000003,20.24841545807909,11.536454516125024,40.43595890266906,10.697620587493837,-18.603024848349357,-0.8498161494737162,0
455.0,22.807517456037935,11.821855297840068,45.10948225313704,7.74292440629219,-4.999238408772513,1.4342008423580819,0
455.1,25.366619453998233,12.107256079555276,49.78300560360768,4.788228225088862,8.604548030812065,3.7182178341911785,0
455.20000000000005,27.92572145195853,12.392656861270481,54.456528954078316,1.8335320438855351,22.208334470396643,6.002234826024275,0
455.3,28.114462550028847,12.062503811136004,50.20081247254668,0.5480534683668898,21.370893754526463,-0.6159485526142507,0
455.40000000000003,30.408464639728535,16.538352338700403,53.125169885190104,0.6021520686400763,17.28700217149001,25.016655744181904,0
455.5,28.336321839948333,14.17283721582718,49.36123071571045,0.8400253323437588,5.320967806085086,16.613102179150303,0
455.6,26.264179040166947,11.807322092952614,45.59729154622866,1.0778985960475764,-6.64506655932664,8.20954861411392,0
455.70000000000005,24.192036240385566,9.441806970078048,41.833352376746866,1.3157718597513939,-18.61110092473837,-0.19400495092245862,0
455.8,27.236514427469366,16.711047070072045,56.124821571848955,0.22038860182897915,-6.740400057752879,-23.002691927033776,0
455.90000000000003,15.20386744392636,11.551797894349402,34.22489389308563,6.0154644904166945,-1.46079888994565,15.036258264744506,0
456.0,17.175962889249146,10.735516521412706,34.079332145682265,4.452820777031377,0.26862513637810514,4.351888687087433,0
456.1,19.3195392181293,9.772860438833984,33.93281761528209,2.720753899582713,1.6792600391421015,-6.415395672613856,0
456.20000000000005,21.46311554700946,8.81020435625526,33.78630308488191,0.9886870221340489,3.089894941906098,-17.182680032315147,0
456.3,35.377603750098274,12.812800297796997,53.21721076143194,0.18633489587021718,-5.3102125485670015,-28.655663339791555,0
456.40000000000003,20.46554670744457,12.335128046263241,34.87824485470565,0.484344284509339,17.61759865435976,-1.6373028053638938,0
456.5,20.337775011926837,11.22720077978678,35.672632592368885,0.37694089277733783,7.0898299118331565,-2.96394441950273,0
456.6,20.210003316409026,10.119273513309691,36.46702033003257,0.26953750104527563,-3.4379388306994336,-4.29058603364232,0
456.70000000000005,20.082231620891218,9.011346246832602,37.26140806769626,0.16213410931321348,-13.965707573232024,-5.6172276477819105,0
456.8,24.06988349108082,9.337803665517432,40.45555500746187,0.3657383871341266,10.964817898950727,-4.049044296876723,0
456.90000000000003,19.82728736139932,9.779728761462591,32.688464814109814,0.4799592427194751,19.76610383930886,0.5104889607606002,0
457.0,22.236516011580967,10.575623328783584,39.972681255538646,0.492097129619103,21.742706752210243,3.05066249269934,0
457.1,24.64574466176398,11.37151789610503,47.25689769697162,0.5042350165187378,23.71930966511275,5.590836024639523,0
457.20000000000005,27.054973311946995,12.167412463426473,54.541114138404595,0.5163729034183726,25.695912578015257,8.131009556579707,0
457.3,30.747530452626712,11.438775507738763,60.18443911392841,0.9291463755244169,-24.29241641791925,-2.7583394793538525,0
457.40000000000003,34.51534441749611,11.668872074354486,48.09671277481567,6.125558261306433,-24.57412643750161,-17.239637934144508,0
457.5,32.39285722859031,12.443117647377239,46.7800959676476,0.44340951049967736,25.691929831113477,-9.243399211180677,0
457.6,27.18935708192381,11.902775347011396,45.91409521629356,1.303651149087788,12.673716809874104,-3.7571602526561674,0
457.70000000000005,21.808660780293888,10.929618033198519,45.23606777208778,2.245911904679271,-8.518838985347113,-1.0193906812370122,0
457.8,15.048829703916867,7.007939834878623,34.65888909643222,0.7908812078105399,9.445106304324856,10.359751015891376,0
457.90000000000003,27.404993471343353,15.746485183125097,49.0100491545889,3.8852489298030597,-19.687631967081135,17.423207275790418,0
458.0,23.78091882375774,14.569963542868358,48.08674228901282,3.009794032242021,-9.999128039815975,14.128406779944644,0
458.1,20.15684417617007,13.393441902610949,47.16343542343621,2.1343391346804843,-0.31062411254530886,10.833606284096994,0
458.20000000000005,16.5327695285824,12.21692026235354,46.240128557859606,1.2588842371189477,9.377879814725357,7.538805788249348,0
458.3,17.732747695796576,12.250371580908851,45.84736623580137,1.045929615805123,-15.486923139433408,-6.817289277623445,0
458.40000000000003,30.22255893184433,14.14030922893732,46.84616739388133,0.6168124669360414,26.353147132746294,14.678776203322931,0
458.5,26.588274943809363,12.528358537277324,44.09129134110042,0.6916701527160034,19.654289178684614,15.340485999263757,0
458.6,22.953990955772333,10.91640784561641,41.33641528831795,0.7665278384960078,12.955431224619124,16.00219579520496,0
458.70000000000005,19.3197069677353,9.304457153955497,38.58153923553547,0.8413855242760122,6.256573270553638,16.66390559114616,0
458.8,19.997797814535602,14.715895071367328,57.74130277226593,2.4996934599804304,-19.718248958021547,0.7208886620643149,0
458.90000000000003,18.899834266660925,10.455100503328557,48.000737364173176,2.4787664753792593,-15.985993324157228,-1.8718162160679093,0
459.0,19.28572310337172,13.48615116955174,37.61490229330024,1.2359712327689012,-5.637778341051708,17.200247396316463,0
459.1,22.056044889825095,12.684728207425986,45.02335999384031,1.0284852405575093,-11.646216356004294,16.894489440125007,0
459.20000000000005,24.826366676278468,11.88330524530023,52.431817694380385,0.8209992483461177,-17.65465437095688,16.58873148393355,0
459.3,31.654546643866688,15.780989894083811,71.55863827286309,0.6718021312522549,12.211838829331743,-21.95255782742585,0
459.40000000000003,15.24180831138112,10.666635887690386,34.649663352879145,4.720805215751691,-4.117452344644822,9.286959298696674,0
459.5,20.966157945621962,12.243551237492285,40.922791014726776,3.649753152026191,6.9941634360037455,14.621916046629227,0
459.6,26.5665696689996,12.73635339492212,46.35159927903838,2.406112107606357,17.326947023061745,13.635563762616986,0
459.70000000000005,32.16698139237724,13.229155552351953,51.78040754334999,1.1624710631865232,27.659730610119745,12.649211478604748,0
459.8,52.25806950293315,8.845309016818552,65.83177510760429,0.26855734902212514,40.89190393372432,-31.869255782099906,0
459.90000000000003,30.95496868180798,12.811379738845089,60.87889276949257,0.37468633060396306,10.075995508011317,-29.220327153369045,0
460.0,28.45119059618296,11.16989364538255,54.73774570227615,0.30826473113277864,6.343468212522208,-27.170914915133864,0
460.1,25.947412510556525,9.528407551919077,48.59659863505624,0.24184313166155652,2.6109409170309785,-25.121502676897517,0
460.20000000000005,23.443634424930085,7.886921458455607,42.45545156783632,0.1754215321903344,-1.1215863784602504,-23.07209043866117,0
460.3,29.046983928398994,14.57929043116447,67.34864627879755,0.9985525938971704,-23.12319864506582,14.718601625970601,0
460.40000000000003,11.844511151438804,7.5452956394251185,26.71209544469435,9.093973239377656,-7.152229241600473,9.44129329937426,0
460.5,20.813819627333075,14.005036304672263,45.229836485248036,0.7556490274884954,-1.0681867421843925,-20.41897423840216,0
460.6,18.48688801208543,13.292284458568691,45.366008206553865,0.7717686307774936,-3.2765401613383176,-17.668174078159527,0
460.70000000000005,16.159956396837785,12.579532612465115,45.50217992785969,0.7878882340664918,-5.484893580492243,-14.917373917916896,0
460.8,17.138112940812672,11.044157815810538,44.189433158432884,0.7922215058287766,7.763229225268725,15.278968925312997,0
460.90000000000003,30.997674888084592,8.878392728855145,44.70068274888754,3.8202465064454154,-23.1949196187325,20.446311859439817,0
461.0,30.98006757123134,13.191038678033673,48.877697984981545,0.7974438460736603,-13.278662728831769,-23.752430315657932,0
461.1,25.398831787727154,11.91321233930294,45.00568583789544,1.429491510245174,-14.415220156323215,-12.7373510026401,0
461.20000000000005,19.81759600422297,10.635386000572206,41.133673690809346,2.061539174416688,-15.55177758381466,-1.7222716896222678,0
461.3,34.2237737218744,18.007831585590274,69.66326921920482,0.2970487887996905,7.023061459018239,-29.854420793388584,0
461.40000000000003,27.736772540783242,12.738798742655678,50.15479200636393,0.6320247500193571,18.751294148956507,20.001475574072227,0
461.5,28.41580653196929,13.23251280785227,55.21249874317604,0.5556905358965958,21.11164531582814,10.033098451875464,0
461.6,29.094840523155725,13.726226873049143,60.27020547999103,0.47935632177379095,23.471996482701122,0.06472132967303423,0
461.70000000000005,29.773874514342157,14.219940938246015,65.32791221680601,0.4030221076509862,25.8323476495741,-9.903655792529396,0
461.8,24.41249463556222,10.285105881729441,53.18363008597578,0.5022121621053659,14.609047126026017,3.2612606483206754,0
461.90000000000003,28.16297486568511,12.8111410615092,44.2958503175167,0.7650061369342923,10.05372842656189,25.821650756101338,0
462.0,29.300306523023636,13.1204605676856,51.140782469605384,0.6854154049964459,15.18004882363666,22.97876337390638,0
462.1,30.437638180362807,13.429780073862176,57.98571462169796,0.6058246730585543,20.306369220714345,20.1358759917098,0
462.20000000000005,31.57496983770198,13.739099580038753,64.83064677379053,0.5262339411206627,25.43268961779203,17.292988609513223,0
462.3,21.635106583189753,6.834717200463837,34.4525761238214,1.269013331580501,-8.040132588204754,20.02090626602922,0
462.40000000000003,13.57660901709473,9.667493738724657,28.275668170458466,7.111204954357927,-12.943599544285068,-1.3724440209270474,0
462.5,23.307110390895218,16.878774946214147,50.22810283538762,0.7410738098474928,-2.1059215495103896,-18.33120189126275,0
462.6,28.21081138679221,18.614114962055687,57.729678313982404,0.5226869846674187,8.844149065758133,-21.31037906002749,0
462.70000000000005,33.11451238268919,20.349454977897228,65.23125379257718,0.3043001594873447,19.794219681026654,-24.28955622879223,0
462.8,33.64334176481175,13.010458641539044,55.35639524952713,1.1979924088866925,-13.744612621265311,4.133837427492613,0
462.90000000000003,30.955358876824832,15.175604187626341,50.49806545334418,0.16943134569003832,8.64694543011128,-29.037328358505242,0
463.0,32.185688646466595,15.040739199666659,54.39928149284026,0.12929251304051376,-0.4622187230162904,-28.303035366714887,0
463.1,33.41601841610906,14.905874211706902,58.300497532338554,0.08915368039096641,-9.57138287614904,-27.568742374924117,0
463.20000000000005,34.64634818575152,14.771009223747143,62.20171357183684,0.04901484774141904,-18.68054702928179,-26.834449383133347,0
463.3,27.584732636404638,11.510729964907574,55.32352839261003,0.2757724678042312,17.15223055367305,-18.70083549355197,0
463.40000000000003,33.061811379262984,16.178676039449183,72.70522503993675,1.0020337669895756,-22.41878522158147,24.29978578341851,0
463.5,30.18716911929882,14.200890678970211,50.62582523955243,0.4199030795510715,19.827261972330856,-13.936353220251217,0
463.6,27.28882877811301,12.359017778107123,49.131898312902074,0.40891216822454846,8.162764568469317,-16.833845044901345,0
463.70000000000005,24.3904884369272,10.517144877244037,47.63797138625172,0.39792125689802543,-3.5017328353922217,-19.73133686955147,0
463.8,20.068521221465385,8.881102027829408,41.320313299929346,0.7067755576203246,8.93546971295446,17.68312589341366,0
463.90000000000003,30.557728543834912,15.791050738755468,58.07773492090506,0.26582292887058717,-22.02571068665066,-19.95685968345094,0
464.0,23.67532740972956,12.819039108283448,47.303944244467424,0.6795882386030037,-15.601415075295037,-12.02589139210604,0
464.1,16.792926275620296,9.847027477809739,36.530153568023664,1.0933535483356553,-9.177119463935764,-4.094923100756635,0
464.20000000000005,9.910525141511027,6.87501584733603,25.756362891579904,1.507118858068307,-2.7528238525764905,3.836045190592774,0
464.3,13.820710948003786,10.616980263973456,34.153346308861934,1.6631407011851485,-0.363956129251946,1.5555412217492464,0
464.40000000000003,30.493833616738634,14.597198581344703,51.277041986315375,2.620638363530768,-30.479767724193557,-0.9079334604072334,0
464.5,25.818680126282455,13.648765261165547,48.71376693512424,2.5821017025715594,-25.807694525405452,-0.5645587101202827,0
464.6,21.14352663582362,12.700331940985851,46.15049188393166,2.5435650416123283,-21.135621326614697,-0.22118395983313677,0
464.70000000000005,16.468373145364787,11.751898620806156,43.58721683273907,2.5050283806530973,-16.463548127823934,0.12219079045400927,0
464.8,13.25503534745631,10.804381602147764,39.704066939068326,1.2736849526051313,-2.5015203208515278,7.458826159218175,0
464.90000000000003,28.77670779859288,14.37154520687305,55.95288393807131,0.7925863295489795,6.468193297078388,27.03095950986804,0
465.0,24.391527108069802,13.329358472652778,51.29154739507535,1.087834632762105,1.4569686923712268,17.42580624117887,0
465.1,20.00634641754423,12.287171738431915,46.630210852076736,1.3830829359753982,-3.5542559123387827,7.820652972484236,0
465.20000000000005,15.621165727018656,11.244985004211054,41.96887430907813,1.6783312391886915,-8.565480517048794,-1.7845002962103962,0
465.3,14.781039613915082,11.821060441475305,44.13954842476645,1.3053333225083708,9.333330320247594,-10.754678986515295,0
465.40000000000003,28.171892847706424,12.691195003836203,45.32356399781701,0.6375802908397473,23.8156960206589,15.029877961559002,0
465.5,22.707177153277375,11.193924206061341,40.51268896612162,0.9430975284356495,19.46056695171492,11.575045062960564,0
465.6,17.242461458845213,9.696653408285629,35.7018139344235,1.2486147660317253,15.105437882768463,8.120212164360161,0
465.70000000000005,11.777745764413055,8.199382610509915,30.890938902725377,1.554132003627801,10.750308813822006,4.665379265759761,0
465.8,9.712604991421307,7.088971769169567,24.946506329276705,1.1251143636597503,-0.39007413782263134,-5.306669620823714,0
465.90000000000003,30.066160425591626,11.652914863075095,69.92021959679754,3.549957796271527,-13.677276850067257,17.787657459896984,0
466.0,29.600207923752926,11.077229534852341,52.680409362988314,0.8717138907264659,7.505584764501751,-21.997289137617607,0
466.1,24.214250542878467,10.46223031103215,47.767925565151145,1.5647016151553281,-1.616212127100754,-11.896595897305147,0
466.20000000000005,18.828293162004012,9.84723108721196,42.855441767313984,2.2576893395841906,-10.738009018703261,-1.7959026569926912,0
466.3,20.34616881162409,8.055263649752728,41.277342937449305,0.3918042489820453,-9.272899160389713,-18.110212489279107,0
466.40000000000003,12.022403818915624,9.253987579312264,26.769326093982578,2.0368346982677044,-7.601412835152344,-6.998882844851829,0
466.5,17.435385705996087,10.650096602870669,36.62721295143637,1.689682890175145,-9.304710611560163,2.7971057421695864,0
466.6,22.848367593079626,12.046205626429867,46.48509980889577,1.3425310820823884,-11.00800838796895,12.59309432919657,0
466.70000000000005,28.26134948016317,13.442314649989065,56.34298666635516,0.9953792739896317,-12.711306164377739,22.38908291622355,0
466.8,60.94977842260343,17.830824409856824,107.83966420791623,0.6796271608632302,-28.02741267142906,54.12109920388022,0
466.90000000000003,17.599735910743433,7.238741738208432,41.83333872105255,1.8345781253749935,-15.619357837461909,8.088443005602407,0
467.0,21.3527126895288,10.214890568506014,51.270272123243835,1.5836569827463702,-17.538089858497965,11.807567731862893,0
467.1,25.1056894683163,13.19103939880529,60.70720552544048,1.3327358401176044,-19.456821879535116,15.526692458125492,0
467.20000000000005,28.858666247103802,16.167188229104564,70.14413892763713,1.0818146974888385,-21.375553900572264,19.24581718438809,0
467.3,17.59813374506998,8.220907380935623,37.74766784138072,0.6789881351228608,17.192342236761686,-3.7573151775146343,0
467.40000000000003,27.203014535609608,10.568402680197615,50.96458715156004,0.8153697765443522,8.990895094418969,24.133369110013863,0
467.5,26.179683328477495,9.559956998007088,47.44552542926737,0.6559300178204783,5.491335730943117,10.290576539590809,0
467.6,25.156352121344803,8.551511315815988,43.9264637069727,0.4964902590965138,1.9917763674652749,-3.552216030840114,0
467.70000000000005,24.133020914212107,7.543065633624889,40.407401984678025,0.33705050037254924,-1.5077829960125673,-17.395008601271037,0
467.8,18.595905894731377,9.503931153344574,40.37145207889674,1.8225973560293278,6.725935335659356,-17.273993349889423,0
467.90000000000003,19.698085204248954,13.094140706724234,38.63686563964752,3.7766581923241196,19.625939267773614,-0.9976802958472604,0
468.0,25.69066334381356,12.785423266260546,48.29485826285073,5.814831635243673,-21.417217724967017,-9.29739692951028,0
468.1,22.829407143192913,11.15418383483359,44.776533531602105,4.3585793659132435,-18.258660546398726,-0.18841903494934975,0
468.20000000000005,19.968150942572265,9.522944403406633,41.258208800353486,2.9023270965828143,-15.100103367830433,8.92055885961158,0
468.3,28.016010942989652,16.52634689052577,64.18821622423557,0.6482620019801765,19.46307491858451,-1.0540010167943539,0
468.40000000000003,31.068073320203688,11.805993843913715,50.7166994035657,0.1569513519910528,-16.908704032465817,-25.009989043078917,0
468.5,26.546531172423844,11.272273068020827,47.64609832573561,0.31222244358160733,-8.09583759793457,-14.910140158747659,0
468.6,22.024989024641435,10.738552292127636,44.575497247903776,0.4674935351722501,0.7170288366016848,-4.810291274410659,0
468.70000000000005,17.503446876859023,10.204831516234444,41.504896170071945,0.622764626762893,9.529895271137942,5.289557609926341,0
468.8,19.707495505873432,14.282788651591499,47.45250274594734,1.387968123743286,-7.743125668012164,-8.324857133428619,0
468.90000000000003,30.11067390183108,11.424306825404287,70.53220262851264,0.6449034181040844,25.886640345234873,15.362137487162826,0
469.0,26.515350087626988,10.554056081271021,60.21100536930336,0.6402005541948251,23.2174821061884,12.642895379673972,0
469.1,22.920026273420852,9.68380533713726,49.88980811008821,0.6354976902855631,20.54832386714041,9.923653272183572,0
469.20000000000005,19.32470245921472,8.813554593003499,39.56861085087307,0.6307948263763012,17.879165628092423,7.204411164693171,0
469.3,19.71996650433112,9.575296655192528,38.91346059197362,0.5858642148421214,12.620089734866001,-7.284180735507092,0
469.40000000000003,32.30579849685834,14.872552008623558,72.56491022545735,0.40793872023351097,21.32989446239483,-22.69031268991813,0
469.5,31.00347897685669,14.5450463108286,70.0205224370818,0.7482507588994582,9.095196775979367,-21.177289886655323,0
469.6,29.701159456854306,14.217540613033455,67.47613464870479,1.0885627975655991,-3.139500910443047,-19.664267083391657,0
469.70000000000005,28.39883993685192,13.89003491523831,64.93174686032779,1.42887483623174,-15.374198596865465,-18.15124428012799,0
469.8,15.261603351088912,11.383025569582996,43.7046711261529,0.885068123554311,12.322977588082008,0.7679744157659485,0
469.90000000000003,17.105542602831132,13.412294032121128,32.63667768725787,1.5786484400071301,15.024560029753282,-6.8174073977027145,0
470.0,13.765160068271127,10.212102329197537,27.559469124701277,3.6435986759922754,8.970183836988394,1.669324062404852,0
470.1,11.676974545695922,8.845330237207524,26.855037686601865,3.090284418541555,2.0014725632217356,-0.13365809928781136,0
470.20000000000005,9.588789023120714,7.478558145217511,26.15060624850245,2.536970161090835,-4.967238710544924,-1.9366402609804747,0
470.3,6.897112736792275,5.5579773583525585,20.84954933465628,1.8983335052496098,-6.737024359696888,-1.4773849935002503,0
470.40000000000003,24.252169634640406,11.623433194452133,64.31927513483025,0.6891673621606196,-7.4792567060769555,-22.72162983075058,0
470.5,22.263907093503587,11.26847673610993,57.6127364169934,0.6803565534491605,-3.0620436460564378,-20.694448137445534,0
470.6,20.275644552365637,10.913520277767525,50.90619769915273,0.6715457447376965,1.3551694139665909,-18.667266444139337,0
470.70000000000005,18.287382011227688,10.558563819425117,44.19965898131206,0.6627349360262323,5.7723824739896195,-16.640084750833136,0
470.8,14.65710454963241,11.73349974551348,42.358534359971905,2.85597757494495,-12.6435461780705,-7.263095735270837,0
470.90000000000003,23.29994112771227,18.585449202346425,54.843231743198224,0.807232520504101,14.172340483830478,-18.480969784059898,0
471.0,20.098658878756595,16.032274595873734,49.65501163306843,0.8630598178573682,12.690237574305838,-15.516195354796842,0
471.1,16.897376629799098,13.479099989399593,44.466791522935694,0.918887115210667,11.208134664780353,-12.5514209255321,0
471.20000000000005,13.696094380841604,10.92592538292545,39.278571412802954,0.974714412563966,9.72603175525487,-9.586646496267356,0
471.3,13.178098139778704,10.574948581329163,39.807700374851294,1.7547212833895696,2.009463930710284,-10.69596889954899,0
471.40000000000003,28.52079020237673,11.312673034605261,65.54449938144964,0.8363862943700412,9.723096530969606,26.467132051487503,0
471.5,26.34519354247042,10.081737429035277,57.53914845492985,0.8466935930556884,1.8119006884349211,21.334954896080554,0
471.6,24.16959688256287,8.850801823464593,49.5337975284055,0.8570008917413413,-6.0992951541042615,16.202777740670683,0
471.70000000000005,21.99400022265532,7.619866217893907,41.52844660188116,0.8673081904269944,-14.01049099664344,11.070600585260818,0
471.8,16.894224432355553,11.93880234835499,45.8983792257209,1.2951613244499307,7.611213596252551,8.127879771944132,0
471.90000000000003,14.977178500216423,11.851921017546468,44.417561944726664,4.320853984109823,5.586668448643178,12.09063990488941,0
472.0,15.258101092095075,11.687781941050464,42.85059846853615,3.8722106735962867,-0.3511921333737291,9.025821038095652,0
472.1,15.539023683973888,11.523642864554366,41.283634992344744,3.423567363082496,-6.289052715394012,5.961002171300151,0
472.20000000000005,15.8199462758527,11.359503788058268,39.71667151615334,2.974924052568705,-12.226913297414296,2.8961833045046497,0
472.3,23.300266814252062,14.888640864134219,65.67526849461564,0.7762099540058618,14.197595371341443,-14.982878491817068,0
472.40000000000003,16.890453683123546,10.832975599085719,41.365407759077705,1.028853425267269,-5.425628868026686,-8.772479511870817,0
472.5,15.75883623756283,10.049529130662277,39.928431793857705,0.7943869114323093,15.091663243926503,2.325382039555848,0
472.6,15.676539004972682,9.88373926349987,40.50645204450751,2.0832306608763105,-8.94939409418214,-1.7324920872726355,0
472.70000000000005,11.895432121421619,8.399020843311325,33.44491717643476,1.7229864487260051,3.6085060141405023,1.7953692979200397,0
472.8,23.407525006742382,11.718349988566976,47.9447455609118,2.5731095413783445,-23.065341512544958,1.2033770751630763,0
472.90000000000003,32.515095160090674,12.965089908372978,45.13220414013084,0.41168865232576324,25.636612656347765,-19.433377665046272,0
473.0,21.65078769780508,10.93633819751558,39.12930519421655,0.7110888706010203,16.714517190626587,-7.489042165340393,0
473.1,11.431997008289809,9.101654572915963,33.71862979507347,1.0797463153067142,8.681582453945904,5.16617733250216,0
473.20000000000005,10.141927831422953,7.850188523721987,29.79487409946869,1.423193769089149,-3.8375716479287765,9.017777282817654,0
473.3,25.969866550093123,11.80114320602134,43.59085513156404,0.8467574653160728,16.96210256453606,17.060618403939337,0
473.40000000000003,28.715043722879983,12.817409116834646,48.88163518145712,0.4076459923478073,-21.303336086552477,-17.24105167157965,0
473.5,11.01682310414728,8.622939794316908,33.31218230548832,2.11590076234601,-10.25883667162082,4.015800519903794,0
473.6,13.088534247779831,9.280019843514415,33.47785834967861,1.1333891096615178,9.94299189652542,6.875469023229103,0
473.70000000000005,18.271954316339958,11.616598695255089,41.350709800534005,0.994827177410617,16.250379960584485,5.813994303230137,0
473.8,23.455374384897134,13.953177546994436,49.22356125138492,0.8562652451597951,22.557768024639966,4.7525195832317735,0
473.90000000000003,30.968421176372004,15.191701398797814,56.388521063139706,3.4760531594312436,-1.795795020596966,7.4766904327027275,0
474.0,18.319150617187443,7.519493918741146,36.84286132175453,0.721236212616755,12.030732418293528,11.157628719032443,0
474.1,26.954627012343348,14.419293775237541,69.23866961902051,1.3247581299356415,-22.305410129409758,13.732812397547711,0
474.20000000000005,24.063022120352844,12.423302568935245,56.81326125302026,1.861872645071375,-21.40619616082955,7.611518592985018,0
474.3,21.171417228363985,10.427311362634082,44.38785288702707,2.3989871602068034,-20.50698219224985,1.4902247884258042,0
474.40000000000003,16.10738649030794,12.549712067816905,39.33708349580999,4.248622572980956,0.2265186063341642,7.914393870795477,0
474.5,17.148901563033142,10.567251752934993,42.046658627723424,0.9698065497193191,-5.99141532341085,14.967796232881518,0
474.6,17.74504209864585,10.559542409118048,41.754951462636896,2.397453435410175,-0.4561653237585359,9.264046600125928,0
474.70000000000005,18.020565598381044,11.940943481508228,43.13877553895374,4.308958618779212,-4.802063057362693,-0.46432926296918,0
474.8,18.296089098116077,13.322344553897622,44.52259961526978,6.220463802147164,-9.147960790964378,-10.192705126058758,0
474.90000000000003,20.432827992450843,14.813670448776499,39.32926544301642,4.407382488427381,-13.05941579975335,14.052892132554362,0
475.0,33.26559178843237,13.150929307021208,59.30065589185816,1.7331626769863604,-26.535935994587405,14.396123365709045,0
475.1,15.520344070632262,8.280741141750951,36.79495178181324,3.0294699406724077,-11.77780171653967,3.550763216624564,0
475.20000000000005,13.075741951477974,7.955737932251742,33.27048369971553,3.8159015049198577,-4.1271208923882075,4.042143235707805,0
475.3,10.631139832325076,7.630734722752717,29.74601561761982,4.6023330691668605,3.523559931758907,4.533523254790765,0
475.40000000000003,15.716560159734966,10.074931768686683,38.99043405497411,0.8670816260573215,-9.922527135988465,-11.238443057863368,0
475.5,9.837746809041196,7.781834569475118,29.38846952259916,2.019300344185325,-8.404239978268107,4.535203043229871,0
475.6,8.863333591874174,6.10432340140735,24.881826972182303,2.498210902796381,3.698967840577342,-3.840917748017663,0
475.70000000000005,11.600027796921106,7.088548581715539,31.439188814464345,4.113794665767738,-0.4123452161403378,-8.134291809196853,0
475.8,14.336722001966482,8.072773762023168,37.996550656742656,5.729378428738178,-4.5236582728556805,-12.427665870373602,0
475.90000000000003,17.05707976848824,9.234471255712918,49.515068389920366,4.393531072585308,14.022109571423249,9.113544655127267,0
476.0,26.881230493968435,14.626571485420362,64.46081424724561,2.29824196598084,-20.14981685948173,4.894170739575156,0
476.1,20.51295562498023,14.30263151630775,57.74524730590065,1.2646042007607936,-2.6906237887706856,-15.92477387045186,0
476.20000000000005,22.779164448527744,12.761614223431604,57.765732163344225,1.7861358840269295,-11.639902617590206,-11.775503500633443,0
476.3,25.045373272073967,11.220596930556335,57.78621702078779,2.3076675672927687,-20.58918144640464,-7.626233130817383,0
476.40000000000003,13.076742467782514,8.994697080722556,32.31608404018441,8.335147983985781,-12.328387415845171,4.150409911160985,0
476.5,10.472139812028477,8.503004950811139,31.44336958994078,1.780786447150766,-9.21988384337142,4.03416947309446,0
476.6,14.867285329254319,8.544952579274936,31.2204746895164,1.6105271348322938,10.748861875688096,-9.842359486246227,0
476.70000000000005,22.293136222793777,10.23975544287359,37.08989480635328,1.0517484563366697,14.496043779981212,-16.61069587280293,0
476.8,29.71898711632901,11.934558306471285,42.959314923186824,0.4929697778413633,18.243225684272197,-23.379032259355778,0
476.90000000000003,28.523881101502823,10.21465158689958,44.59144877585153,1.188892534003298,15.016199969562923,10.224190047089957,0
477.0,27.221146216360125,9.954224647445848,49.83422576625251,0.9883518995409573,6.630894839282114,-17.55000296137628,0
477.1,29.902637678282606,12.285081096221981,58.29247496045584,0.33443595955183913,9.330464545863736,-28.387010331896796,0
477.20000000000005,24.021910038971217,11.695408456886504,50.2721497489425,0.5416624012534769,6.811027013056452,-22.9932341295448,0
477.3,18.141182399663172,11.105735817551361,42.25182453743373,0.7488888429549968,4.2915894802506,-17.599457927195864,0
477.40000000000003,10.991969441299739,8.650911180508968,24.67007020030176,5.308981439218744,1.8799997261920662,9.818777056883205,0
477.5,19.21196795200543,10.634828605186566,43.69940942701573,0.5853278646755323,15.255702630014321,8.72894412264724,0
477.6,18.857092773994733,10.069487166397218,38.42979119677379,2.2371022940107204,-16.755828473367558,6.208432012655273,0
477.70000000000005,18.126026640453098,11.580423297619227,37.58448191169768,4.292785674924186,-13.192822310899174,9.863494188360217,0
477.8,17.39496050691188,13.091359428840377,36.73917262662205,6.348469055836484,-9.629816148432814,13.518556364063087,0
477.90000000000003,18.954453453660086,11.227127608018726,44.94863374982155,5.379412043846959,-12.998984310093153,-11.926774498802764,0
478.0,13.458631032284172,8.43876176848553,34.849594110321114,1.621281304516758,0.565970038546233,-0.32392920377822865,0
478.1,20.003118007546334,9.172976329085348,40.498065805313836,0.4891353212099846,1.5740445300992811,-19.063345006444134,0
478.20000000000005,23.38297760987113,11.629303237447797,47.51940152778236,0.4320426115722553,6.749099216729798,-21.29669127326604,0
478.3,26.762837212194007,14.08563014580885,54.54073725024689,0.37494990193455846,11.924153903357372,-23.53003754008667,0
478.40000000000003,24.555049618772244,10.70365469931351,38.703927299050584,0.4664433273236335,-9.651913954639225,3.6850597277530106,0
478.5,31.71329835406116,13.714490831011242,58.32974714120618,0.2988537541302555,-6.481373450347607,-25.483340465729277,0
478.6,30.81053747207976,12.735157977008171,52.235111680100836,0.383613645681002,11.985405762474608,-17.17700770260554,0
478.70000000000005,31.274075940098204,13.213552330982314,50.481288981968895,0.5130181701262913,17.142852073266617,-0.5121241333955808,0
478.8,31.737614408116386,13.691946684956184,48.72746628383794,0.6424226945715069,22.300298384055694,16.1527594358049,0
478.90000000000003,20.016336992641918,10.716693173860046,44.871369018845286,0.8919808157354929,-8.14979186473377,17.572663084472083,0
479.0,20.44662548445949,9.206337531788023,42.62569537467295,0.6327405581561709,17.15767568665413,5.4724720693594975,0
479.1,22.37525317825765,11.220581248120949,45.42652926480888,2.0170370447329886,-19.934012382640596,-9.63027958274455,0
479.20000000000005,26.33515418850122,12.590541984236477,45.481749795176256,1.5306786250112132,-24.535465612209617,-8.73801957941117,0
479.3,30.29505519874254,13.96050272035123,45.5369703255436,1.0443202052897143,-29.136918841776023,-7.845759576078296,0
479.40000000000003,32.84191048696186,15.198639404626674,56.3728072124964,8.648025617159583,-26.33213623335112,7.756336093286054,0
479.5,13.984013674541183,10.96261174422431,41.74497135973699,0.9424033891029125,8.183047543655743,11.146681846677065,0
479.6,17.509824157554274,9.79830250786699,42.738596948388135,0.7716323920817199,11.329235720838486,10.881926013783907,0
479.70000000000005,21.577193708479225,10.417291895882064,45.41334186395954,0.6653764888517644,17.918993460860214,7.343334107521371,0
479.8,25.644563259401863,11.036281283896784,48.08808677952941,0.5591205856218692,24.508751200878198,3.8047422012608454,0
479.90000000000003,19.48822681958172,9.306446601675612,30.319592217623846,0.7977661328427924,3.7644039408528203,11.760521967625934,0
480.0,22.392570810768916,6.608842995873109,37.363495842516926,0.5364301810538398,3.1159844602297326,9.128355596438027,0
480.1,21.000772649005544,9.806532198206522,41.93246121469376,1.069225424288787,-11.408962276632844,8.387721777017616,0
480.20000000000005,24.686413374416073,11.87399189817851,48.31606427625526,1.398135811867553,-16.889886303338642,-2.2217331468219967,0
480.3,28.372054099824506,13.941451598149321,54.699667337813125,1.7270461994461321,-22.370810330041326,-12.831188070655578,0
480.40000000000003,19.135291047670346,9.258429878911244,30.197439033955682,0.3167880769787972,3.075235460513756,-18.193029225864322,0
480.5,14.517254859179483,11.266700403893124,42.95700489655941,1.9531619385502084,-1.6894888327121493,14.412161173664913,0
480.6,18.933545739179152,13.101859787550277,48.24769828589628,1.5876565733832222,3.619165060305842,14.820987467496634,0
480.70000000000005,25.00062152349099,14.588713005207765,53.081461641230426,1.1601931447044787,14.387823152261728,15.283003216854688,0
480.8,31.067697307799378,16.07556622286441,57.915224996561825,0.732729716025978,25.15648124421149,15.74501896621248,0
480.90000000000003,29.814291636034742,18.21428155587805,47.790507053514375,0.9069488412431879,16.224214982135535,22.63258528754972,0
481.0,19.579776902882084,8.044709745284322,38.130126577702086,2.6148454345654337,-15.622008189509835,3.8896131258899036,0
481.1,23.025107262280052,8.992224730980977,41.7490179289581,2.176059763872202,-8.79427537750898,-3.8195872316712647,0
481.20000000000005,27.268834009773197,11.76219953019427,48.982305881339656,1.460237555943019,8.619880108353119,1.4929764214831591,0
481.3,31.512560757263927,14.532174329405986,56.2155938337171,0.7444153480142428,26.034035594205314,6.805540074634565,0
481.40000000000003,18.988352168086518,10.304405328656383,31.558656564564483,0.4397045485508291,18.984854161453356,0.36412436134892806,0
481.5,21.719617052765486,6.79630400407008,36.704070708084515,0.327183884304111,21.701372809824633,0.889919306794255,0
481.6,32.5015440213729,18.91543641818895,67.63335271141338,0.2595524536021759,11.097820330550713,-25.171047715661473,0
481.70000000000005,33.961594316758145,14.885710313291984,59.25856941008006,0.2192293534706856,-7.926783929049783,-20.516431706680358,0
481.8,35.42164461214256,10.855984208397308,50.883786108751494,0.17890625333921822,-26.951388188639466,-15.861815697701887,0
481.90000000000003,30.906212584233142,9.65267509274386,53.71158266511393,74.34887045884675,-22.506781042198618,-1.4873882297226344,0
482.0,32.2012517355953,13.552489091802371,64.56345424110206,0.7789525176040076,-7.001480417130354,25.720224176070236,0
482.1,30.972053214043335,13.753221947530141,60.5346064866202,0.691422348389746,9.111725800814275,23.889701541504945,0
482.20000000000005,31.420219712691004,13.867749150655234,59.07528324062534,0.7932377564773321,-3.0055225089034714,24.179420152423198,0
482.3,31.868386211338418,13.982276353780263,57.61595999463131,0.8950531645648602,-15.122770818614335,24.46913876334129,0
482.40000000000003,28.986266541112293,15.174986977294685,52.399012130195345,10.286776348648967,-23.212199855688894,-1.333909785771818,0
482.5,21.958893109215367,11.993961510904885,46.56531195159254,0.686352554181893,-1.401170939918135,11.902172790043181,0
482.6,51.54354875338035,22.173228918847073,91.84004565979973,0.7488669711096338,9.179093592557589,49.01623918723466,0
482.70000000000005,38.63551672709599,16.677012130757486,67.00699276507521,0.7420669088577375,12.558365056618069,31.952782166197174,0
482.8,25.727484700818962,11.180795342671024,42.17393987036482,0.735266846605845,15.937636520676627,14.889325145169394,0
482.90000000000003,18.00077409573724,10.289489152635417,42.10617888607385,0.75750897696597,14.23654320933113,8.952206652144836,0
483.0,20.62566158028363,8.510760858378262,37.11308256414596,0.40418133950349544,17.32724668233673,-4.24460290457516,0
483.1,25.81227423455655,15.615497876987597,62.16105084609687,18.57966354203581,14.033802823971106,7.462822036442299,0
483.20000000000005,25.631350593002992,17.781040497137163,67.44671922959452,39.70018569385202,0.5509933652676899,11.278545878131158,0
483.3,25.450426951449533,19.946583117285495,72.73238761308917,60.82070784565624,-12.931816093428065,15.094269719817852,0
483.40000000000003,16.81283252565724,13.231227647393437,45.22127635257706,1.2784475519857317,15.55657333469416,-3.0400524661442763,0
483.5,23.379631288691794,8.18099732369648,47.27824184382031,0.16342284866788623,-9.3252248189614,-21.320747503509246,0
483.6,25.765734532311896,20.289619328597816,68.64466792145825,0.6999136562121332,-7.12876989197329,-19.315463494890178,0
483.70000000000005,25.773277207875573,19.542244851261287,59.584294519801205,0.722555069069828,4.081934639468011,-4.610024564668873,0
483.8,25.780819883439246,18.794870373925182,50.52392111814932,0.7451964819275099,15.29263917090294,10.095414365544073,0
483.90000000000003,29.745943821794757,19.601543400056247,54.694488534691104,0.6889521350224997,16.98473633632301,17.802167564718705,0
484.0,31.745530167547155,12.260507565060397,60.00686922169043,0.12452375437999366,-12.53607542813476,-28.35112659798852,0
484.1,30.781957293157397,12.65923939177772,60.071946247924906,0.6654673062036458,-13.19381549062938,16.53730147797757,0
484.20000000000005,30.95057469560487,12.922499076732976,60.598120742013435,0.5250968584516346,-16.889092065501043,0.5436460884232446,0
484.3,31.11919209805225,13.18575876168808,61.12429523610167,0.38472641069970315,-20.584368640370606,-15.450009301121987,0
484.40000000000003,29.141304985832285,8.995813442800554,45.85205615835019,0.6228129762909096,26.03797322188588,4.230873524334003,0
484.5,17.991463328951525,6.708986146761492,32.402509810804965,0.5130572619414618,17.982216171876924,-0.5633090621329941,0
484.6,20.45912667739352,9.15116400504064,41.512552707579744,0.4952766083731506,-6.711184831370599,-14.346477775944091,0
484.70000000000005,16.01447341124505,8.636526405476863,36.60078053449687,0.962252956614212,-3.91015428512015,-3.9174635421672583,0
484.8,11.569820145099106,8.121888805913377,31.689008361416782,1.4292293048550078,-1.1091237388712933,6.511550691603645,0
484.90000000000003,24.801463067476917,18.253749363829556,54.30130047660022,0.6891348311443334,22.976874695410157,-9.336784214460405,0
485.0,27.164193904845146,15.067967654964292,53.60230979278251,0.3469737251751689,17.42671983529957,-4.987235990299123,0
485.1,33.02511382869874,11.861429148705671,53.094581073955915,0.31189176785958145,24.996572324430876,-19.285384692869204,0
485.20000000000005,29.482428311351264,9.670202982304339,45.18757952462989,0.2933959413179089,17.139659640517106,-21.303754867279828,0
485.3,25.939742794005795,7.478976815904251,37.28057797530836,0.27490011477624693,9.282746956607802,-23.322125041689308,0
485.40000000000003,30.01184745023724,12.44195310273409,50.250125677688004,0.44087995158878057,27.727802186633138,-9.533912559701307,0
485.5,30.53041171693384,12.120582939173453,53.974448077108676,0.868975612210791,-20.43854887205638,15.584087294158339,0
485.6,26.17746409120405,7.225562245272779,39.04035428789288,0.22669362135643017,-2.8780937931000317,-25.02576372840036,0
485.70000000000005,29.810156998790315,9.311276663391553,46.132467079018454,0.18661989023994258,-9.13443741421446,-27.08136489871704,0
485.8,33.44284990637452,11.396991081509142,53.224579870140005,0.1465461591234777,-15.390781035325332,-29.136966069032553,0
485.90000000000003,29.126813786774367,9.902671737537597,62.24308748937619,0.7030322820019397,20.35010055638706,2.7150867876867473,0
486.0,31.951882480507024,13.308731111656227,63.44166304967546,0.77027919918625,-26.951204985627285,12.60653142093059,0
486.1,29.29112731863105,11.782279842382172,53.76992783150369,0.3265355493477407,19.44971343929106,-12.67245048436138,0
486.20000000000005,24.92184572049283,11.09293429084596,44.26391995342583,0.29655934502269377,4.542703111097186,-12.04210701286245,0
486.3,20.552564122357087,10.403588739310143,34.75791207535336,0.2665831406976639,-10.364307217088218,-11.411763541363879,0
486.40000000000003,21.76074009433773,10.891234982490968,46.500429026307366,0.6919886626286429,10.199772873548591,18.888441921588516,0
486.5,32.791958585055205,12.892865621848816,55.15332664603808,0.4896892633221583,20.174016439082592,6.447894277365997,0
486.6,28.04986493459907,10.646661431512678,49.965604518636255,0.7551663869255206,-7.1471410166521645,26.968459189122644,0
486.70000000000005,24.519350937347212,9.714782311211334,47.83567467287489,0.8326690284554679,-8.049299352887523,22.91565346841735,0
486.8,20.98883694009736,8.782903190910517,45.705744827114735,0.9101716699853709,-8.951457689122368,18.862847747714355,0
486.90000000000003,22.835515320614274,12.569206031409863,37.619542245786825,1.9520488441590307,-10.207589137631622,12.126545596908993,0
487.0,21.762502383100866,8.3787660453278,38.252674044320955,0.6964316127944198,2.883030620354694,20.577822454465327,0
487.1,31.929011312842803,12.408942636042575,51.445010571564154,0.5832253264881875,-13.09143590657747,17.621002053393916,0
487.20000000000005,32.53217088427232,13.588739800135825,50.92748802280095,0.39850515222779526,-16.90815728761843,-0.17145853170422853,0
487.3,33.13533045570149,14.768536964228405,50.40996547403804,0.21378497796750806,-20.72487866865722,-17.96391911679226,0
487.40000000000003,31.660277913709,15.46504823091919,52.548554227933,3.2499646297896763,-22.904413567459013,21.413729895675026,0
487.5,19.86433329883821,9.204115177926433,38.4819724070864,0.7017738514662919,6.042248720195487,13.567521078454636,0
487.6,23.65011387967421,10.670002928746676,41.53484666937832,0.7934642975109324,-21.51330595018603,-1.8017167966452874,0
487.70000000000005,28.265314896087727,12.113178485418823,44.72313028697665,0.5236655508199644,-24.10576474868555,-9.91990925587744,0
487.8,32.88051591249862,13.556354042090149,47.911413904573166,0.25386680412914975,-26.698223547183602,-18.03810171510498,0
487.90000000000003,28.943506330515966,12.619837647910623,47.22785089361219,0.3535441943070477,19.358886935647014,-2.276561138855264,0
488.0,20.018644364683926,9.066871635466399,40.31858995896091,0.4629756414844447,-12.414162408502024,-7.994305769484363,0
488.1,23.462862832527442,10.49087553583331,44.71403080030728,0.9302168461629762,-18.18438237650846,13.103599964462397,0
488.20000000000005,26.597423772868847,13.557967822004958,52.994904565975645,0.9259199487404851,-17.085254422544594,18.830123252349683,0
488.3,29.73198471320847,16.62506010817486,61.275778331639316,0.9216230513179964,-15.986126468581357,24.556646540233714,0
488.40000000000003,31.442479386308488,15.410520068443494,60.986905095260035,0.5980901636593104,24.36087688915722,13.614628445790794,0
488.5,20.52531026618741,8.603672447508407,41.081322781202644,0.6040030070589077,8.866450618547436,12.484022984186154,0
488.6,26.590645125167267,11.451162128414516,50.916827492825014,0.36630575808429633,4.90411072267883,-20.14378204483034,0
488.70000000000005,30.38189907116861,13.160718542927224,55.7684303145522,0.4576372511394853,-7.533686442493021,-22.309271026664,0
488.8,34.173153017167806,14.870274957438959,60.62003313627662,0.5489687441946223,-19.971483607657802,-24.474760008496432,0
488.90000000000003,27.448567931457163,13.942770273997674,46.143425558201955,0.6429283837754327,22.317201355333943,-7.073881870424408,0
489.0,31.66262500083588,16.462223030600217,61.230476878411366,0.5928355109516381,-20.888088825837887,-10.724180150695055,0
489.1,29.150748838790765,18.32797826187578,61.24219379544522,0.9195203290744521,-22.603891590970896,0.5151277304082811,0
489.20000000000005,28.60856184239341,16.478275375271526,57.89147449439393,0.8248504871815323,-16.702012285669113,-10.841445643056714,0
489.3,28.066374845996364,14.62857248866832,54.54075519334455,0.7301806452886664,-10.80013298037068,-22.198019016515246,0
489.40000000000003,18.0429321972846,9.536422498832922,33.56803715867395,1.0928601369857258,-5.7989310592106476,17.08562272342034,0
489.5,33.431293632859976,12.913714371655654,52.912641000038995,0.1762669455100879,-14.65644376509464,-20.13335685154091,0
489.6,33.04765478443972,12.189601076457011,50.02801665686036,0.25434579862359724,8.283964680438363,-29.431767395659875,0
489.70000000000005,32.458891864719185,11.831238242366164,52.89899937331449,0.26349399056422146,-1.3177466708530616,-29.01892475957246,0
489.8,31.87012894499899,11.472875408275518,55.76998208976699,0.2726421825048405,-10.919458022139029,-28.606082123485276,0
489.90000000000003,30.802694103786564,11.512620092221063,51.12788139618448,0.2722917141976877,14.667667269679425,-26.27678444338403,0
490.0,34.19456858914851,9.985303541735577,58.786723336373186,0.4362401862797761,30.06020637816735,-13.47443396729061,0
490.1,28.895094236647854,12.755646596240542,51.21274576357178,0.6260973038297487,-2.2428889316842047,18.74108004482998,0
490.20000000000005,30.166012341104867,13.835415914493245,50.43544517100845,0.4163984397394513,-11.513528298285676,2.806739444569871,0
490.3,31.436930445561156,14.915185232745335,49.658144578445565,0.2066995756492731,-20.784167664881874,-13.127601155681184,0
490.40000000000003,29.852463497359274,14.8146152610875,50.29832651575902,0.47867854571587815,24.355317540073457,-13.381120460029965,0
490.5,19.009486566446,11.566577578936009,46.752154340115176,0.5669725729859458,-9.640837934081313,-3.7034888287608005,0
490.6,20.605094688297232,10.243272675223341,45.46823542454931,0.41626241034980727,-10.943559639325102,-15.681777911033203,0
490.70000000000005,26.285204800785554,11.771620870572123,48.19741441262666,1.445250195876309,-20.75891131873923,-7.72001283480769,0
490.8,31.965314913270646,13.299969065920035,50.92659340070245,2.474237981402226,-30.574262998147773,0.24175224141329466,0
490.90000000000003,26.51553312982003,13.560723745476658,53.77718351030205,1.9774915520914482,-22.71282110300614,-5.57908886028414,0
491.0,15.360532083795395,12.514328851242224,45.49385282535736,1.1939111638780382,7.464031259080146,4.658817516630522,0
491.1,17.11203898212533,13.700113108555351,45.52550026387677,1.5633292872559972,-14.767280875331856,6.266337816819547,0
491.20000000000005,17.6297671830511,13.676682230902822,40.67521964525337,1.1706835181347643,-15.841103873864844,0.9253168862796883,0
491.3,18.147495383976576,13.653251353250305,35.82493902663273,0.7780377490137549,-16.914926872397224,-4.415704044257135,0
491.40000000000003,19.36693868004252,9.055331915533657,36.42089162554588,0.631335165393113,-11.6168281518985,-10.602851656608511,0
491.5,30.136915544408723,12.50140821042,60.775145464490876,0.5217073564613625,9.908866175060819,27.857918467814862,0
491.6,24.68425166866684,8.66235563783615,41.89787576189189,2.508439191615,3.11151041399018,11.83019714380554,0
491.70000000000005,28.882275119915924,10.816478089963681,48.4800671198478,5.070653382785908,-12.617861990749493,8.570365287555411,0
491.8,33.08029857116263,12.970600542089986,55.06225847779997,7.63286757395536,-28.34723439548023,5.3105334313071335,0
491.90000000000003,34.830027375057085,9.820226766713947,69.38682993135242,2.8152850244079777,-31.2421361124135,1.5365646180944879,0
492.0,33.1422090024878,15.017638606509255,64.53806103755704,0.5692508648623893,26.574603217412765,19.803943357232413,0
492.1,20.63643365534105,9.75431220671157,40.603477930748205,4.841905710947359,16.97965220348337,-1.5307648536831324,0
492.20000000000005,24.94366390311821,13.568977872719962,48.75732046589491,30.653947911279207,-0.22183837302271314,-9.896014846364448,0
492.3,29.25089415089292,17.383643538726183,56.91116300103698,56.465990111596376,-17.423328949519018,-18.261264839041008,0
492.40000000000003,28.188471821466617,18.840520008614305,56.14174110636883,3.456922055179027,-9.622780455752025,20.20397133369738,0
492.5,33.868381254585906,13.029046763339727,59.823363850817,0.9724529284664818,-2.689977570906084,4.685952645303297,0
492.6,27.39715060328594,11.806640031259604,44.829025922184485,0.6804538125496298,11.595276236825214,18.74655256990674,0
492.70000000000005,23.03464906510503,12.45701309140417,41.843153919527715,0.7903012252980879,7.3621583412660305,4.293224261117221,0
492.8,18.6721475269266,13.107386151548365,38.857281916872644,0.9001486380464834,3.129040445709254,-10.160104047664081,0
492.90000000000003,17.322381629074286,11.163380469813779,30.648891580888314,2.5454358997017446,-16.06138811459156,-1.000084328345114,0
493.0,28.273973793709935,8.805669481369335,46.2467510825744,0.5493269317011493,-13.410117645396708,-7.654684526556963,0
493.1,34.405552633487694,15.221076054242765,61.36862293068023,0.2584858097974596,-10.34519958397173,-15.326395921162941,0
493.20000000000005,33.41073037648212,17.163349732109,56.959623397017594,0.4429463257956625,-2.533071337579626,4.902341711858071,0
493.3,32.41590811947711,19.105623409974136,52.550623863357465,0.6274068417937604,5.2790569088080375,25.131079344867587,0
493.40000000000003,26.102232123902212,14.214715894396344,53.42566917644246,0.42358098528471,4.083945777023076,-25.443596245793884,0
493.5,12.724519952391969,10.17561464270659,38.01873142053586,1.3367820633261713,3.9038282073695187,-2.8402629045119383,0
493.6,17.80470591033946,12.541772296982588,42.84511203909869,0.9124519416015696,5.665347937546416,15.9763014121952,0
493.70000000000005,18.773494828531316,11.481223405686425,38.32614457771611,0.7273238374136517,11.773532065304044,9.480034871506362,0
493.8,19.74228374672262,10.420674514390864,33.807177116336106,0.5421957332258389,17.881716193058203,2.983768330821219,0
493.90000000000003,27.782070512738045,14.51413652818283,53.01607094535492,0.7902103678902872,19.697349027117774,19.21043136865614,0
494.0,7.660570842195249,6.076150629217548,22.66068922900094,1.651164490462249,6.525742894052658,1.643249798810059,0
494.1,13.130108007970323,8.717573314277177,30.422878721869104,1.2160129222987979,10.657810225516378,6.387283138834658,0
494.20000000000005,19.95546098420678,11.667812436935442,37.96443282139727,0.9811977224138497,14.162777036202804,13.125937551009741,0
494.3,26.780813960439357,14.618051559592029,45.505986920921146,0.7463825225290351,17.667743846887237,19.86459196318099,0
494.40000000000003,31.944321287000832,17.262733557334176,54.13334812486933,0.7318984334737261,13.572062233677926,24.718696751687816,0
494.5,18.25085055755513,8.292161327446264,34.07966310759157,0.6062928823383558,-6.1873325935043955,2.254356873005417,0
494.6,20.529139840367517,14.276921394559448,52.28395881449281,0.7330534820760113,13.806894377588804,-1.1061905614137642,0
494.70000000000005,25.63683913367415,14.47423865423897,52.573185217887705,0.5906104574653369,9.676731958487867,-14.087447246853598,0
494.8,30.74453842697789,14.67155591391838,52.86241162128243,0.4481674328547436,5.546569539389276,-27.068703932286056,0
494.90000000000003,20.05522999184481,10.10929410632161,49.63886496250946,0.4676941556842931,0.5856839080715422,-19.01537302603561,0
495.0,19.492463732794405,12.620526182592032,44.817558433747365,0.6255353721041491,13.662637950391119,11.895511009258135,0
495.1,17.46647626789482,13.727513962952571,51.53262159099017,3.0498147558762043,-12.94086631892637,-5.626650821760984,0
495.20000000000005,17.246977501086313,13.651524175561594,50.60663331469113,3.637439837930287,-6.5339013572405875,-10.513480135784699,0
495.3,17.02747873427793,13.575534388170658,49.68064503839262,4.225064919984035,-0.12693639555844882,-15.400309449805633,0
495.40000000000003,15.32345268569611,8.921492091361566,35.32838844173804,0.98302508043818,10.649464297985062,-3.951415931273422,0
495.5,18.770763776434382,12.311634716798896,49.49346018938299,2.0745514674485683,-11.577509301355462,-10.648124926942877,0
495.6,16.430634772284318,9.923090490802581,42.84059898398727,1.4483570214016719,14.041999484413285,-0.1482615873720743,0
495.70000000000005,17.51758966291647,10.214213125770518,43.26139532560445,2.727878390846227,12.928136578556128,5.979203539236121,0
495.8,18.604544553548006,10.505335760738289,43.68219166722138,4.007399760290055,11.814273672699604,12.106668665840834,0
495.90000000000003,11.864682942498522,8.106767006431138,30.3231111332029,5.155740106182383,6.962486712677823,-1.6766026947459594,0
496.0,19.428451021298773,13.409674624392053,43.735272182144556,1.7955628833005544,-5.054397698664383,-12.245272136429566,0
496.1,24.856121428135815,19.755161589825093,68.70978534711021,2.6833567662513036,-13.86635139706411,-14.68753594678128,0
496.20000000000005,18.675956828201652,14.850527342879317,49.39866117715823,4.382363670751106,-4.8590643954626955,-6.043530003554228,0
496.3,12.495792228271004,9.94589309593633,30.08753700721723,6.0813705752499425,4.148222606133597,2.6004759396679127,0
496.40000000000003,11.638594926484458,9.402727968497958,35.22991763384361,33.85813924733355,11.234392300392544,0.5922779616822895,0
496.5,19.56537648054916,13.349233672891913,49.958257970607185,0.34841048325848206,1.026977779771109,-18.74583442755584,0
496.6,20.25309222576461,11.73057157462456,45.062996825292714,0.2774548802801442,-0.1563541441817513,-15.269950568140766,0
496.70000000000005,26.244715349538623,12.54913761222942,48.98634014229601,0.31784827105628294,11.608471730792989,-17.524268582492564,0
496.8,32.23633847330923,13.36770364983381,52.90968345929707,0.3582416618323987,23.37329760576104,-19.77858659684308,0
496.90000000000003,29.60801369639258,14.255770014371832,48.25318828232523,1.1538205699462503,-6.802045744510938,25.161740249398072,0
497.0,23.522297840977277,18.436569321582734,63.0571214558933,1.8743312074716096,-12.084366845895376,19.549927091520512,0
497.1,19.299534302603245,14.15179934128486,47.93690120486826,1.2799715078563911,-6.019669287950224,-11.418973942601108,0
497.20000000000005,23.478713464570788,15.685941149305377,50.31822833557323,0.9892844622672863,4.986762457393379,-15.890835017031696,0
497.3,27.657892626535954,17.22008295732502,52.69955546627684,0.6985974166783466,15.993194202730727,-20.36269609145974,0
497.40000000000003,15.090559279986776,12.12030723986466,36.275682813705664,7.101151935080092,-14.156357425479127,-3.156181268433554,0
497.5,10.32537381960279,8.158055004824657,31.242816174809217,1.3378390906266675,9.330814906534748,0.16118519636402984,0
497.6,16.53612288459439,11.147681003590387,41.45774575149534,2.18275043907291,-13.880796687256359,-0.758341628799462,0
497.70000000000005,21.6505546590626,12.490636402230246,45.03142151434286,3.027976249195113,-17.554157827083714,7.021252820442703,0
497.8,26.7649864335279,13.833591800869343,48.60509727718836,3.8732020593168364,-21.22751896690898,14.800847269680443,0
497.90000000000003,17.760409012196945,7.644904287505971,33.035585093708264,2.340035941798959,-13.742496959381324,0.9902258040095289,0
498.0,16.33433536607002,10.06283244068261,38.47380077081167,0.8499101536192215,8.20082456542282,-4.445703611517725,0
498.1,23.779818961663345,11.01519761193131,45.882748063671166,2.2908343877671724,-13.365659135704798,-5.846331302833515,0
498.20000000000005,24.77923665758495,12.560093613345817,51.59689380847636,1.5937085765478247,-1.189211981011269,-12.627265392389724,0
498.3,25.778654353505985,14.104989614759445,57.311039553278306,0.8965827653288734,10.98723517367534,-19.408199481942077,0
498.40000000000003,17.365914263709293,13.215918992190424,36.1372422442071,2.407740177688978,-13.59464551626952,0.09950149650209794,0
498.5,17.518813437025823,9.361526080475262,39.37508757025337,0.7776287676491007,7.460998546448,7.99654037335763,0
498.6,23.13323584310494,11.955084594005639,51.611112384050614,0.8431227619273198,22.382146480831217,-4.144202557629739,0
498.70000000000005,17.699694780616106,11.839324711160648,36.46813595132957,3.192397218355386,8.785342116353332,-13.571286614077989,0
498.8,19.03716398371068,14.391282635997104,36.65601146689043,3.23421238342073,15.803285422780453,-2.0207127832719554,0
498.90000000000003,20.673790177037734,14.7620527990974,36.86852677952732,1.2837152245453711,17.69261057420161,7.474500437218078,0
499.0,14.692446917585603,11.732639439594191,43.60773034947866,2.1929175942785895,-9.879254449324208,-5.693734446072053,0
499.1,15.968380932238334,11.354496840444785,38.668872779584504,1.1961755502137508,4.469842356461521,-2.665584590404165,0
499.20000000000005,23.61114943318429,14.301164567641635,44.49655781592883,1.4370047947153193,-10.599183843883939,-11.708841991534603,0
499.3,33.46410207339159,12.81926183697951,74.1441908081827,0.6140306189685436,21.69425248333339,-17.85521584389652,0
499.40000000000003,23.19655029265884,10.303575537765669,50.53423115323609,0.7436193296627722,18.930075491732094,-12.768985988819306,0
499.5,11.247764504972718,7.824156923264324,25.998091876320565,2.1285640431591664,-9.10329673634659,4.609219349310153,0
499.6,13.686409544767077,8.68347420542835,28.072472130314512,0.9778834175891762,6.6997789567637565,-7.453525072386483,0
499.70000000000005,29.331371565654784,13.371673960882394,56.018278922288445,1.4014969800039097,-13.481157828661757,-26.049700040200992,0
499.8,25.959529662902636,16.22126260258685,60.40050549480973,3.5434523887231153,-14.790167364805608,6.329871041031776,0
499.90000000000003,20.68206501008721,12.116097361677816,49.65296413271645,1.9565811099474018,1.9589052632804105,-0.098808154796167,0
500.0,16.819777582809866,9.764196730149699,43.41972227514222,0.949774725653393,-2.492798616132072,5.105560167706851,0
500.1,23.315738103916267,13.073508352344724,48.28919485962308,0.7915870459476428,14.620292447502035,17.428528067071902,0
500.20000000000005,32.21548009469157,12.217553925532481,59.459849326250065,0.2953932410335146,-16.31717449772876,-27.738169726710602,0
500.3,17.905992091072747,10.407029472326563,36.609841879153905,0.5999299034044172,13.369239106024775,-2.9951861704042484,0
500.40000000000003,17.03824073434051,11.599625506222747,43.29646039081254,0.7273223142356234,11.135941510717595,6.068937388045493,0
500.5,17.96917833456258,10.229482724661796,43.15888352802011,0.5937123221033871,17.80599024265356,-0.04528190904971674,0
500.6,16.91630923459229,10.029162721567218,41.084326442481526,0.7363016042125066,16.815043050827526,0.330940197704654,0
500.70000000000005,20.46764209230421,11.413061271479206,37.88030298414792,1.8112259350092978,-5.339828076008361,18.530432322341383,0
500.8,17.98538418428638,10.820761833504012,37.346566483077446,0.9525941547585686,-3.2239140714045496,17.380204126890753,0
500.90000000000003,16.878395658622825,10.694534762429058,42.50264242178312,0.9797458418300173,-5.4578675534794,15.65972304477444,0
501.0,15.76036803590849,9.014252459869098,40.90500628944677,0.7398738952239918,11.404323624473633,-10.737944019481239,0
501.1,16.88530242033417,10.923750302600425,38.57919862027575,0.6993810890906362,12.825385471994108,-10.573807669455292,0
501.20000000000005,25.156806197403746,14.210860650507641,55.70853033619072,1.6397808950979433,10.053702501274941,-9.759455018219372,0
501.3,23.372252396827786,16.290596190571637,57.46983000331986,3.106733462654252,-9.360152950742636,21.29586860051915,0
501.40000000000003,23.60187706455809,14.933943627223886,64.4869915505302,1.7878310061566127,-11.034791322468674,20.756842321787627,0
501.5,21.252882717129147,9.028380987896387,44.80423914906704,2.5085607311724942,-19.814544545909882,5.154596922210088,0
501.6,20.86494031522164,12.612007550910114,52.906025739714615,0.8480435680444853,-0.31619809551800593,5.283508264620242,0
501.70000000000005,16.352414663232782,9.969613662730348,32.68504962655342,2.9642454857345406,-8.437396565305459,0.9028022589727236,0
501.8,16.688296669473257,10.334764412351204,35.51380510086415,3.786161612313716,0.2462711586206563,9.474033221222184,0
501.90000000000003,19.11694887745405,9.796072913893624,42.00695056147209,3.210423606366616,-12.078969480693234,4.336671320238924,0
502.0,15.91027413463205,6.113185781902592,35.36381300525199,1.6415729166100284,-3.0086946469679408,-4.64371615603007,0
502.1,21.972539482193895,12.31733932010923,45.738673381867166,0.7215823970645083,21.447063025701013,4.162638259656167,0
502.20000000000005,29.138366911816114,15.171195671787764,67.17084737397589,0.9928260470253063,-20.736294484211818,19.01396824323738,0
502.3,22.677945204888452,12.626362855617042,57.99160831665679,1.2570242415000903,-19.17879125154718,9.236498219952205,0
502.40000000000003,15.68470865927119,9.71820296171791,41.928707781865214,1.4821284273263944,-13.248995953596976,2.3802328668879813,0
502.5,8.691472113657902,6.810043067820432,25.865807247082763,1.7072326131525706,-7.3192006556501426,-4.476032486172345,0
502.6,17.52446794489462,8.417624618141973,35.4001589040945,1.4386301453586898,-10.173219042130597,11.323753030673366,0
502.70000000000005,34.61415212925959,14.966002714264222,57.72507974533085,0.5516149089784645,26.16653554451677,3.2436203885622206,0
502.8,28.644371643791025,13.182827642445977,52.39013453508165,0.5230753532066414,17.45704765363749,5.263479079455699,0
502.90000000000003,23.30026199911437,11.180148865382904,49.90138961121086,0.38848277709466866,5.3275606381914,-7.827259481013581,0
503.0,20.22762140213166,8.153858858030421,43.80217062372482,0.2823104573975598,5.433924668470992,-17.382200006768795,0
503.1,21.046055286637667,10.542803858733048,42.386154729247984,1.7317873528140564,-8.814565761063538,-6.6698932064658685,0
503.20000000000005,24.153506690661743,17.225770042111932,50.75983536226198,0.9046681080176914,7.913403422127052,21.251691007420593,0
503.3,25.17951355210301,14.938142710019106,50.52577408961447,5.117662780425235,-15.27915490741882,-9.914578254356908,0
503.40000000000003,23.272412868953115,10.161257375090354,43.98244080917225,2.75581277893695,-15.337124029624878,4.226839141265614,0
503.5,27.790060567973647,11.863873886899684,62.53461963046079,0.4582186321379626,16.90386830660075,20.916399702001257,0
503.6,16.76551880466438,6.497188827481679,36.24681614598279,0.9476180843274637,10.614578657219301,10.038577157680395,0
503.70000000000005,12.737395791465524,8.374916184544828,29.90649475782703,4.938404566763424,-8.26123698330262,-0.9445476913736233,0
503.8,17.395835679284712,8.522842060455657,31.84971204231133,0.883940451605875,6.92534072260873,10.275586350051324,0
503.90000000000003,20.26003621089857,8.137842553749724,37.76073832533686,0.8244818550516437,-2.7860441120824238,15.926075420953055,0
504.0,20.691939862908697,7.818059892557513,40.312187823070985,0.49790252261680235,-0.3943147301468919,0.7670871227111213,0
504.1,17.210317178515975,9.123162697122602,32.66597077664419,0.8603876410630135,12.46805276210382,8.466283350360293,0
504.20000000000005,23.108395694853698,18.233197832172003,50.73638562052206,3.9205139512614164,13.76068336792445,-18.56346737583598,0
504.3,17.13950748715605,10.9002960080142,35.44074839259936,1.1161716070764012,4.319401748617251,-0.46701234561503213,0
504.40000000000003,18.867236943283846,9.297812752887504,40.056823088804364,0.6533618586616406,-6.623471130122487,-8.199272546818808,0
504.5,20.05566311218147,9.763387558888548,50.598450551638734,0.5643476482008032,18.718997325185654,1.2382005717784894,0
504.6,13.250315422495284,6.4894297522473305,30.639881341557665,0.9983776312906509,10.397430845317071,6.281990847610063,0
504.70000000000005,7.03247186394421,4.141987971346648,15.66676448008472,1.9439347572920456,6.6747165701534446,-1.8455290617734752,0
504.8,13.332537298703034,7.615737069100372,39.715746692540826,2.139488454622243,-12.875021979078264,2.1418477413279127,0
504.90000000000003,21.44167338009673,12.295870934634294,63.70140294974074,2.5152847177598936,-20.256532565907577,6.437453655980922,0
505.0,20.062939588627366,8.408973341270215,43.41075663382488,1.6981140025012906,-17.062823850118296,9.928197527336756,0
505.1,27.901454024891233,12.392617281776737,62.01606558179536,0.6180039411833367,19.51928222775125,4.738245835263594,0
505.20000000000005,31.067479555373698,13.609055109910942,47.31018576934541,2.9639403856672772,-13.388498969616876,8.387673252677804,0
505.3,25.08002690927922,11.356115357293731,41.06705723014654,4.875632929887922,-22.315582632030218,7.2162082249120125,0
505.40000000000003,19.990442473064327,9.570866365374734,39.10837579529379,2.4005842357903893,-17.987557736409407,-0.3539474126587443,0
505.5,18.814635240961238,9.467212718031337,48.131017910388096,2.451950304420639,-15.579912059170628,1.9910815302133016,0
505.6,21.84262074440046,11.689494414256073,50.01968862077682,0.8143815551917867,7.124512957007148,19.42677367953132,0
505.70000000000005,25.610655808276125,14.42939591857801,60.31759217221885,0.7066212078870864,13.970818968015806,-11.805631768452393,0
505.8,27.10137489470759,15.438439567879975,63.605422855628795,8.93403668328513,-26.386122991788778,3.0160101838143367,0
505.90000000000003,21.61307303360729,11.956705619098228,53.21444878772208,4.333714663562688,-17.070040236033552,9.57763996749271,0
506.0,17.701466981940793,9.615396224849963,46.317743386445855,0.6435227969497981,9.099755565871455,-4.300642316237022,0
506.1,16.55504005022734,11.006832000699035,41.59987332050526,2.960792696037303,1.5192049195693205,5.95531666869503,0
506.20000000000005,8.56714528786846,6.8628666204424285,18.83386477687286,5.364938670331185,8.038127815466279,1.204612077044778,0
506.3,10.649949864999797,6.699336452581349,24.249558807861796,3.958157527551105,7.283834275122226,-6.996447050029504,0
506.40000000000003,14.969147006409536,7.468048436924092,35.02469687621226,1.9451312346028864,7.773053941735309,-12.318391850686831,0
506.5,18.472005117656472,7.70325345015942,40.7853499376902,2.737488893827921,-18.178442921630833,-1.4309517457859022,0
506.6,16.73400768596538,9.51295167664337,34.41614075793602,4.06839938588382,-6.718168068879622,3.9090749578665953,0
506.70000000000005,19.086152136564394,11.267679150692334,54.44981125318557,6.803405035494208,-5.6718668844769775,17.532633270579243,0
506.8,14.32668732570652,10.787048522328615,32.69407667734456,4.4845254624883495,0.17798747204356102,-13.975123763926653,0
506.90000000000003,16.263872035110523,11.265939109311292,37.72991807775474,2.168380198436449,-2.7963796943757813,-15.670994271092379,0
507.0,19.637210541451715,11.371261163339964,43.24654238509554,0.20998685248804988,-8.659042430358436,-17.625005180348225,0
507.1,18.474347330488182,11.949780586409918,37.51500767059207,2.5542239977727883,-4.333128632222127,11.340060384925632,0
507.20000000000005,20.3417560898607,15.341035984855687,37.83305537986161,2.664411237624251,4.432511238922778,1.571134275703022,0
507.3,22.524502537864656,17.267544358021063,48.90963324948562,0.6838279811929235,12.453345670211544,-18.44281010606861,0
507.40000000000003,19.997773331127473,15.155738631074124,47.56361820338451,0.6890440275852692,8.809392638417638,-17.57925000449284,0
507.5,18.03306284661321,13.193917355066345,46.584748371025874,0.6690560428260974,-1.8576529100213977,-13.545245154924025,0
507.6,20.580736582916572,11.903762720699905,50.6405402145056,0.6306429809619589,10.330576964413371,-3.469318701909172,0
507.70000000000005,24.802603153336772,10.710209770889431,49.431698340940585,1.8094850405311926,-18.162402038700844,-7.772292433361104,0
507.8,18.540356525025818,8.002093829399293,35.51165412506692,1.0251615376373604,-9.13574403305986,14.510397085065442,0
507.90000000000003,16.468344571947362,10.311916387336467,39.22563856311327,1.2099996804295352,-12.0627579701058,8.779457499324998,0
508.0,16.818915060649886,12.644390863629908,43.8023525067774,1.0120340490132047,5.46145365290783,12.876453798080009,0
508.1,22.552425175554816,15.357910280489433,53.95873209048683,5.248851560153847,-1.595870468924911,6.208110526799574,0
508.20000000000005,26.786114944323888,12.342608540960374,44.72796562990687,0.43208087855183813,4.195753140517425,-17.759111868789688,0
508.3,24.126722146077537,13.610566370813649,43.21565558372364,0.6802448150328857,7.544726935695787,8.727432674937173,0
508.40000000000003,21.62762186980844,9.480707018732483,38.241683680704746,0.46068648694870057,1.648763834207788,-8.12645528923516,0
508.5,19.50297507316416,8.65804163147785,39.96311494013458,0.6436477026636134,-10.90956191538106,-1.9451986719811902,0
508.6,26.543851818131813,14.105134820975461,47.524789732654526,0.5250100954857815,-15.76312141871598,-7.216634426187053,0
508.70000000000005,31.463597660083426,12.960757992527379,50.511711941715355,0.3148182502305306,10.569341575038292,-20.914665909556817,0
508.8,22.16443202126171,8.656054472254306,32.0642125398778,0.354678099233679,-12.466314782316958,0.9876251246496164,0
508.90000000000003,21.50763308229276,7.305355301180971,34.30446412412153,0.5268894211701876,0.8522335369043113,10.290518635390997,0
509.0,21.642084740179723,6.8793786589232875,41.63047530141366,0.32344713771641587,6.662392654990572,-16.989082625453115,0
509.1,25.043177545437743,9.653626748186051,38.76561652919786,0.7253809880624003,0.931180081406878,24.630623157113433,0
509.20000000000005,34.60160248045521,17.87124055459191,56.35558752170088,0.41221791841733035,26.75816325168412,-12.700399669711967,0
509.3,33.159179276778616,16.89304150734035,59.9834905732118,0.35910039463266097,12.665933312885311,-18.386523298138123,0
509.40000000000003,31.50934659463715,15.809651330092834,65.45795434536713,0.3509817765160681,-5.915521335119106,-20.81989145396686,0
509.5,20.072260479825232,11.544086266179901,51.28797067963302,0.44432755320114214,-2.932676337966692,-14.800002244711543,0
509.6,23.88327667954858,13.573734189838207,54.32982468244808,0.9203693072706927,-12.062697158745445,20.201736524095228,0
509.70000000000005,19.771619052490355,12.728379809182375,41.998937503505644,5.371364689057914,-14.694093828433434,6.016632990869689,0
509.8,17.61186604347771,11.222921739359183,40.60996463456844,4.4212506882391365,-15.689718803054145,7.498828580774944,0
509.90000000000003,15.255436722632838,9.684404786798503,38.67883489868035,2.860341828196771,-12.582809371948928,8.230164058073493,0
510.0,16.811912515682696,7.946895604155711,36.22546871048297,2.5937564117377887,-16.29188368756818,0.6662898815155387,0
510.1,17.42481601821775,10.178746280786248,40.93517612443493,0.5033621872479848,11.206809380774141,-2.4289022567674508,0
510.20000000000005,30.364582191028628,14.483013903269038,58.18751326907595,3.14074090174011,-24.00262615965026,15.775068624473501,0
510.3,28.030774943753286,14.886399568039987,47.859854310749014,0.7647062146093165,-6.213154552095453,19.93352117861682,0
510.40000000000003,23.492173083988117,11.574901154196532,42.99435069669305,0.5967363024213376,8.439275407257362,10.541538260985833,0
510.5,22.528627344839375,11.040546366863603,46.922628758451765,0.2660281551582333,3.587270542375979,-9.816873552654616,0
510.6,28.774047762201004,11.251694476698967,43.39330035409132,0.34460957399480474,11.803389146487666,-14.557474464620256,0
510.70000000000005,32.10610577078464,10.788072372137698,51.303173666204366,0.32827438807442644,2.912503419117666,-0.33355857505459774,0
510.8,31.446710940316976,16.480653835920435,61.02967840148,0.08865544832835658,-24.72756907832166,-19.382861162409064,0
510.90000000000003,30.81613334212493,20.979594621336997,78.00773976913987,0.11224483534694443,-23.541461635313553,-19.84583603395534,0
511.0,20.018051235191074,8.944491011743823,37.50569375755377,0.12680792347015446,-14.04489197623678,-9.470013879223188,0
511.1,45.188518934345396,15.878692342452482,67.5955055881949,0.7458136721289922,21.408699587239035,37.49599855723457,0
511.20000000000005,16.132119305317165,10.956067097815387,35.0278057737633,0.9390896259188012,1.2793424536144773,14.793502956242435,0
511.3,26.77274413234104,12.510249129123396,54.31799556717132,0.30349335747678924,-17.94196098661537,-1.3171519113298746,0
511.40000000000003,23.971049928471693,14.141433709899736,58.54049253315819,0.5578609214562034,-5.470792709781016,11.024955821905607,0
511.5,20.566467336974586,11.368445245350623,48.701936513718664,0.5923294632215169,-4.115978191835274,0.02031872525104461,0
511.6,21.202365067974775,10.139798014595582,36.83920475368037,2.3020582632233912,-0.6593034275533611,5.161903817645974,0
511.70000000000005,32.21845244551977,23.066538744993665,57.37191641696214,0.32947550476249665,-22.798887173752618,-22.146262854460403,0
511.8,20.316367498149933,8.98852702756773,37.76303690041241,0.35875026323273446,4.781252828865684,-18.427494714762908,0
511.90000000000003,20.113270614359998,9.213642592892572,39.533719670106876,0.4107257358304509,-1.4822907864999308,-18.699425465489128,0
512.0,19.266794201678763,10.3816893900179,42.29961356662943,2.020602881461145,-11.526468659329879,-15.438563892205899,0
512.1,26.466530359982354,9.714981781455274,46.90530711991701,2.3198909393550844,-22.53113531758367,-10.062441249254688,0
512.2,34.952775170202244,12.639047254508267,52.09924550679613,0.1806320897774232,-16.734997120397466,-30.325700823355042,0
512.3000000000001,31.784923394674742,8.71230251918848,47.9599707224687,0.16233348553112095,-15.606299893534,-26.407479445123098,0
512.4,26.473492272546366,6.472408296331039,41.85978097457012,0.14990662821543893,-17.45034490922689,-18.153789505327744,0
512.5,20.738123991248397,7.633238500822241,41.282884392351086,0.569050079361042,-2.398657506865483,14.61355013828362,0
512.6,33.61862662414855,18.7970911831483,73.10487921375551,0.6965755130880373,-2.953628689204489,22.12255164790941,0
512.7,32.85193031760423,14.63783349198663,50.24890377821905,0.510764348539517,24.148382094921217,-17.804479674128125,0
512.8000000000001,34.43248613984122,13.785267354558805,50.61544232877238,0.43049268718712497,1.2537568954728913,-19.131151227246896,0
512.9,35.85358935053915,13.927570212060356,55.19916934543472,0.5976162837230694,0.45865338222666674,11.242920420747055,0
513.0,36.69521817842935,12.835220137927688,59.30253618067471,0.30971069072021584,22.08273297958035,-19.236045632813415,0
513.1,23.02806360364871,8.184284965699751,34.63664860187505,0.6868903644938416,5.1704229600147755,8.580004999560282,0
513.2,23.291734624132182,8.907799292087816,35.876458183459704,0.3525856244867321,3.415459087198247,-20.60981635866791,0
513.3000000000001,36.013627841087576,13.362146309678582,63.77794906266757,0.39286304419529194,23.241577173583536,-27.37682228044467,0
513.4,44.2823081539367,12.362876859523215,69.05966828361329,0.3152245832571672,26.890155386534946,-35.08757924965208,0
513.5,34.91198197057564,11.766172409271851,60.52356175964519,0.7275267451761696,-17.43062740217031,1.8692795309824604,0
513.6,27.742157263974185,17.758837531234498,65.41964761356901,0.7073849748668658,10.394036210167412,22.362431343233588,0
513.7,36.40543402859971,24.7064630797782,89.19798639853626,4.405978410590571,-28.82635060537117,22.23491775349257,0
513.8000000000001,33.2433508593847,22.317326128344988,83.23772446285918,3.4097193838787225,-26.21059317944928,20.446106969726372,0
513.9,30.081267690173288,19.928189176914486,77.27746252718889,2.4134603571680064,-23.594835753530358,18.65729618596221,0
514.0,19.67092094524279,11.240835524896852,43.73343917244373,0.3991391401797833,3.2728923730214463,-17.106609387157565,0
514.1,19.258345431943873,12.678991477583606,47.19170729342174,0.8059872312783996,0.17869307441209425,18.799595082493937,0
514.2,21.337638665313396,11.68629549917939,34.01758903817942,0.4367811260179973,-7.008822479223728,0.33941831336195527,0
514.3000000000001,23.99088864873521,10.99426731673147,38.536361643551714,0.5470289664583184,-6.861878452700106,8.824251005510805,0
514.4,28.92825735941942,12.323686250214859,50.674163913608176,0.27580087364205663,-19.601865062757,-4.590696798285851,0
514.5,64.14910366456667,25.36380886948473,121.6364663717084,0.2987955771021557,43.43773155727937,-40.43863509645282,0
514.6,17.87675308477629,8.730977017505829,33.48088316929987,2.3117202689086005,5.282598876600827,17.048011891222956,0
514.7,17.785847712004667,9.27810108655456,32.30502355803234,5.948450687120825,-7.677716886775131,8.321488279849655,0
514.8000000000001,30.933817508883134,16.84327196614552,72.07307075054209,0.34165140198264876,13.277928799881154,-26.561708436540123,0
514.9,33.13592648886787,18.775180605056164,77.2976083696879,0.2584094248657267,-9.334913370208481,-23.54196774005828,0
515.0,19.59563104793767,12.914740916182595,49.94251469633337,0.3841541900185044,-12.72597873088227,-14.880428334878093,0
515.1,23.08055379984037,12.829505470665152,45.41038364002933,2.191768262086291,-16.85493750361067,4.45765316365023,0
515.2,31.30105396061036,13.308450837756293,45.098157571449065,3.353271180590285,-9.218327570036706,-3.7941512279595173,0
515.3000000000001,19.267009850589556,10.020381110894231,38.84702579087268,0.8670664408355953,-3.372556456376704,-10.80135786765923,0
515.4,17.284017715682413,11.544048349372545,44.32676978715297,1.6384782769130317,-8.297605450550849,1.36645270137155,0
515.5,9.026404874424102,7.126076638539427,27.06648611296939,1.236004896794099,7.132309189889411,-1.4526872283368018,0
515.6,22.435368415180317,12.321272306841173,45.80394018384504,0.8661435186560734,13.272004620667884,-17.808787712718512,0
515.7,27.696905393619872,10.931953620105007,44.83696836204392,5.006336986382436,6.89974884391841,-10.58816646219708,0
515.8000000000001,21.4872809598776,9.22473431249504,39.01543398180571,0.6942919549731384,12.973598004054223,11.883404468971499,0
515.9,24.188574921803706,10.958122366062675,48.53885912902942,0.7242795939883704,6.505440184995306,19.73904796111299,0
516.0,20.907834003979474,6.322661404042045,37.100389849427515,0.5775271137068341,-7.6480009317136535,16.646425025624023,0
516.1,23.504018955761648,10.098800102172683,40.509485042360595,2.283925992164472,-6.393721239057418,-0.9910973312540285,0
516.2,27.02034509568815,15.92043425900047,63.6387334770003,4.860227447977447,-23.925531666985798,12.481039894113074,0
516.3000000000001,26.219032091780388,13.49500937550164,47.453809451855484,7.800992781161963,-9.84734856716954,10.916952383706285,0
516.4,27.760828040604384,12.271426130567875,48.44210850924438,4.133466999946985,8.081559110853416,12.52467743562067,0
516.5,29.806695911202073,12.76500254835612,52.76241143993517,0.49366338939927457,24.770173367141577,7.064488879710394,0
516.6,32.28113382395195,12.030704345226953,51.74159525050997,0.17843169244892637,-9.269407808005582,-28.42109237809443,0
516.7,33.44748579328863,10.458789512019662,50.995622828315696,0.32730569059296244,16.124342859911945,-28.97454231583374,0
516.8000000000001,34.913354022472625,13.739887346333154,54.51277945599846,0.35791132813827986,22.511309307923337,-11.422399866182872,0
516.9,36.75289963225939,13.860522505977617,60.32293084761125,0.40048013866953935,22.56229033222134,10.415502935359203,0
517.0,36.41225493956404,16.00668748795256,65.96518904758207,0.5545311931117816,6.232120417436686,26.88051246117159,0
517.1,31.974994277188678,13.157157428972186,52.47092616053752,0.13797291619873003,-14.940708769989286,-27.387162884663052,0
517.2,34.27694431480759,10.355346233312757,52.93397397776997,0.7470913587204522,16.115258302294,29.678851550296578,0
517.3000000000001,30.499128292206006,8.679541575372456,46.383804039465126,0.5210333987478559,8.145373047530088,10.551163490621924,0
517.4,26.72131226960872,7.003736917434061,39.83363410116772,0.2949754387755166,0.17548779277523963,-8.576524569030983,0
517.5,20.360382083842225,7.8188163133363835,36.627878974731125,0.9976486254271082,10.700444361142564,-1.0508085182260274,0
517.6,25.845471502284038,10.193283347533121,43.07534462309816,1.7230867251312458,-11.464727059808574,15.288252921183533,0
517.7,34.776286531103466,9.59527442795135,65.01550295081475,0.5465742291173817,34.72942264157204,1.8035698261789221,0
517.8000000000001,29.793162968735523,9.050859571018943,56.733843508405315,0.48939911554221566,29.734919376889046,0.5655501337388051,0
517.9,24.810039406373242,8.506444714087156,48.4521840660053,0.4322240019671145,24.74041611221172,-0.6724695586998992,0
518.0,21.04862459611547,6.479021999345696,37.694281909482456,0.25166366488653336,3.1735924106675526,-12.69247134658233,0
518.1,31.0890814995406,14.092056892571229,50.94628818946411,1.8300544254097553,-3.509611645426485,3.3623982092909124,0
518.2,29.179550497255594,16.284541120300116,59.13971256699306,0.45133148270027806,25.608473744331253,-9.62143725613036,0
518.3000000000001,21.037944914217377,13.52604588512245,47.97463927509551,0.5429973636495444,6.597531869054354,-8.24372937869397,0
518.4,30.939677913367973,12.964679772870312,56.67328162725956,0.28277012039523897,16.118507244369134,-26.40877713154596,0
518.5,32.07134902063859,12.329505652438941,55.57289102683683,0.624254260994305,3.1113912801148853,28.919365529785285,0
518.6,20.51198135464182,9.370482476825941,40.80904763175329,3.6454924449395825,1.8820579839364928,15.845971401375731,0
518.7,15.560093096718028,12.451879438406353,35.60050051657194,2.691174234312027,12.0115173360363,9.891393824973274,0
518.8000000000001,15.631285287316508,8.856188227633362,30.622581059797362,5.059748412157662,14.127111625352397,4.571486935142079,0
518.9,25.274581810825623,11.1356933800624,45.884085604318734,2.5069492763490864,24.56911254908111,2.9121030675852784,0
519.0,27.89868718020545,8.88481189776761,44.763627512024385,1.7021897492080265,-0.5817415034505089,2.5905708981745255,0
519.1,17.953058322177892,7.825227209648371,34.52141418882618,0.7809294246558713,13.459549418761696,5.41553578461056,0
519.2,16.56234541475431,11.583496245115365,32.994305654027464,6.329596130145376,1.1708862991347821,-2.523535071426868,0
519.3000000000001,20.76615291140773,14.819830676265486,42.9897673375673,2.8643905507848433,17.839158905264405,-10.426147036594063,0
519.4,26.49907592939186,17.329150901815417,53.60465832002643,1.3567230300274575,23.67016653298719,-11.75635956123904,0
519.5,50.97793850960586,17.57138322818011,87.0497246413905,0.4392786479930823,46.52812654294353,-3.8853644468055926,0
519.6,49.368013543978876,19.07461774877069,84.3960926755276,0.4773459784130579,35.002290094933166,-27.339160310145,0
519.7,29.60361580422792,10.343077164044502,47.85999462953251,4.31003608149662,-22.13757305361831,-15.161330729047986,0
519.8000000000001,26.346478873727794,12.332676981466019,45.87713502354279,0.4427115320195028,-10.641901789685797,-11.778348557294093,0
519.9,22.13575224868037,9.434897700810001,39.9865914232298,0.6614503422687412,-6.421940721512475,5.1671146591280035,0
520.0,20.72307127124819,7.557336027482903,37.96077000147519,0.3003559871103963,3.2593500097684833,-20.16989569634405,0
520.1,31.038951062065152,12.828599692600665,54.11015594561836,2.3324686566447075,-10.195299172303855,6.455359083981673,0
520.2,31.625030869220808,13.309972631976143,47.67310182126867,0.8197966490114827,4.291242186428352,24.042915882614828,0
520.3000000000001,25.100068827563145,11.992101594539454,40.88955678611436,8.435545485901367,-20.10889503726562,1.2243062086475336,0
520.4,15.528444876450209,8.905832493238485,31.559757171568858,4.376812741165946,-4.453746192545285,2.2073301812594894,0
520.5,13.061962416022402,9.286394541165457,39.58471461615309,1.5728612600688483,-1.5128313792346901,-4.262743866575271,0
520.6,21.595968936921373,11.675601510498094,44.83214267094214,1.2686225280148715,-0.8444269726334888,-9.780485521975525,0
520.7,24.18981580280404,18.27239661036042,47.20370171077659,3.3426130950425352,-12.189204921339375,-19.70159005219041,0
520.8000000000001,16.128538496096965,11.873494599198926,32.90736245132778,0.9257072732595824,13.116420102303024,-7.417959302085126,0
520.9,13.742728782678748,10.543396249985923,34.27793548400389,1.249907841624146,8.222269646161381,-9.391160167923616,0
521.0,22.68919732356119,12.705090542986998,46.78308860114055,0.7207536988630172,-9.113849920906016,-18.63773209890796,0
521.1,30.582835679058288,15.371606485142511,54.07693382230485,1.8207039971614871,-29.16951658024974,8.862378767949728,0
521.2,24.975172744174138,11.670057472686251,40.74453988083438,0.8093460819402148,1.8304970537277896,15.461170438639119,0
521.3000000000001,18.443835047390312,10.402273130131709,34.176101344768256,0.7846896038750477,14.270782441928297,3.8564690628087748,0
521.4,15.408432554868114,10.029248022244808,37.760399599148506,0.9120747781394619,10.329758070771991,-4.776109494868157,0
521.5,21.312466040409888,9.433184086252238,51.36926141617997,0.6348736946808593,-0.695534993568006,1.9734283563276271,0
521.6,25.56735270428353,9.135964203982951,50.38493026286987,0.7588487818759606,6.644906948106966,18.47154569866811,0
521.7,22.95938682011176,10.681186694034562,36.791597835208044,0.35167563702408433,2.1222945565258353,-17.49747082958011,0
521.8000000000001,24.195321518642558,8.998297465480935,35.215230478669994,0.40030821605287437,17.254932700644936,-8.819509407864748,0
521.9,26.906398662696436,10.081211990117335,42.66348424898784,0.29782110279880436,10.473609270767339,-19.9464998342681,0
522.0,30.993764292744128,11.426306178173032,47.17215514516658,0.7681079305645554,-14.66924420019252,24.560608291786988,0
522.1,29.498890804586285,13.495795357065594,45.86595376225811,0.449423073557078,24.879556199946688,-2.4506210194930063,0
522.2,31.51711540229352,15.257528195349611,57.91657577613347,0.883150445928227,-20.808424230359066,23.57077773521445,0
522.3000000000001,27.82707017495154,12.512488452951958,49.2927013762917,0.7005009009683443,-5.962177780440468,14.494593308013814,0
522.4,23.941710599506507,9.116765061976976,40.44083980756901,0.5180381876700424,8.878129333691724,4.526538543376748,0
522.5,31.131479249187485,13.118687426540506,62.43793323485914,2.403440986215375,-29.35987959679739,5.753724846777324,0
522.6,20.760729924736207,8.992017994147998,32.46907445050656,1.0314038408949595,-7.431511110095567,5.002980883299617,0
522.7,30.927031214661103,15.280118849042944,47.596899063106534,2.0623666945234373,-30.340663582570162,2.82203084798826,0
522.8000000000001,29.644688664833495,9.893363467064457,52.7263747652102,0.6068807467794697,19.818561777887293,21.340865449362987,0
522.9,24.051689076927318,8.204391792061926,42.77856815115809,0.5774323910258204,11.793363905985796,19.717435034525163,0
523.0,19.227796255515806,7.055542302456461,35.0958080639505,0.5497168899357245,4.2292780499546705,18.743788889661005,0
523.1,21.355099466295624,9.016654251442166,35.70416809918402,0.17410810208810393,-7.817551076226305,-19.867135077931106,0
523.2,30.942825176553157,13.845534230048214,52.69286721830956,29.65630866347518,-25.334171545960128,-13.260868816924818,0
523.3000000000001,31.16280700186884,13.508646473863813,68.64590900006485,9.277133026373704,-24.88309687508484,3.9074201812731664,0
523.4,24.003225819188906,11.347737196477741,55.643837896498006,4.972732716076588,-7.91263910029663,9.65557088183081,0
523.5,17.362321461405067,9.212841902184786,42.75018893870895,0.8141596086573258,6.7689827851807784,11.518146607969374,0
523.6,20.54485847607382,6.836834457839256,35.67519836403583,0.21309618266682562,6.838568016717559,-19.37329932461944,0
523.7,16.463671960580097,11.915481174618689,41.9658110947076,3.3336122069760665,2.692986085679996,16.08926529425056,0
523.8000000000001,19.866921651179453,11.916297493028742,48.35994227950931,3.0369808474863293,1.394710965054299,19.817741445615205,0
523.9,24.56798591333593,11.862334076599627,51.69935892533526,1.74540452375882,1.6610694129768833,24.511634820633812,0
524.0,24.751920283354124,6.49941515061469,38.27765828746615,0.4417259106511344,14.54545089194462,-4.449355410336066,0
524.1,28.320264295858486,12.611882524239212,57.58601735092089,1.6093546641698462,-24.94573018532111,-4.763234525712794,0
524.2,14.518806990556644,11.156857186609269,31.669440568702495,2.5985859820319757,10.069040875242726,-10.447054817239604,0
524.3000000000001,16.112347314604563,9.029770774741564,31.365115704716064,2.909568469087736,5.856624530385208,-13.306845544160812,0
524.4,19.266807010814464,7.048192825332858,32.63514599118488,1.4256815088273487,1.5944877160068387,-17.91706361429084,0
524.5,23.477312675013433,7.852283266032714,41.88247140723819,1.0048255733308786,-13.578771374512588,-13.358947056358744,0
524.6,24.804885354400156,11.332487563932709,50.53388657067456,0.5757998857948485,17.519577580975444,13.77189746607174,0
524.7,20.42682527063124,9.53965038411739,38.62430026802303,0.6992045860475875,5.289476401646619,-4.843154422948082,0
524.8000000000001,20.650517730464177,11.321774170465048,48.91805836629495,0.8024747959545645,18.790153759085914,2.475612901352843,0
524.9,20.307640295380498,11.105602110978348,50.90057094430152,0.6216084911558046,18.242438344937842,-4.214344864909144,0
525.0,19.948074663365112,7.85330168332971,38.87839151281171,2.2328250863401804,-16.680020821431846,8.575872837555135,0
525.1,12.40343172814428,5.790684763051868,24.002262877989565,4.437508325187936,9.372274021316441,1.1828105272370433,0
525.2,3.342298678224879,2.6872580161178927,8.016010839908565,5.272494122244549,3.33133232326718,-0.19267322000517845,0
525.3000000000001,7.96850822636767,3.724724396032909,17.126104041960172,1.5482701119392983,0.4996671509127226,-6.34695910347127,0
525.4,15.630266799643653,6.487402647712851,31.613738210537484,0.9023743860352662,-1.2486436144370037,-14.84175886435672,0
525.5,18.82012351634256,9.581541096460512,45.20562536126467,1.6049688400153121,-14.386185485507124,-8.81242873607788,0
525.6,26.672987782718852,9.359757917058948,58.53166264147772,0.33027899720529896,-7.473653998574298,-23.632525415672205,0
525.7,26.662771978728895,16.13984158205272,49.722661478933645,1.1183451693397735,14.95372128174569,-13.83528509105751,0
525.8000000000001,26.775631523311464,16.169176782654088,57.48571093851164,0.5105032484212317,4.199850896309249,-18.25897526169653,0
525.9,26.83568521864681,16.12506727926944,64.96503766279554,0.3681094583653526,-10.21195624859088,-17.20184108872917,0
526.0,17.93990309296958,10.19771993669527,37.94936318927161,1.010841014889392,-3.689565903590399,16.259482432604173,0
526.1,20.056264693235086,11.691662450702482,40.28655430430398,1.343135110676838,-7.903524737391445,-6.790307345507781,0
526.2,16.998044611326343,7.236529542564286,36.656354224357926,1.5357190337040598,11.128564492704752,-3.060762412713167,0
526.3000000000001,24.775768287750402,13.208545840200951,48.09563758390658,0.8470246148679494,4.516246663221724,18.947610969577696,0
526.4,25.913562800277425,11.895518208791636,50.63853826643052,0.6596760427263315,15.566546218196105,14.308347946154006,0
526.5,29.633773768087853,13.504995263879483,67.76431148646935,0.7288796964972937,-22.823825019671624,18.900612356170047,0
526.6,22.35125504335884,12.036356811703502,50.0652379607408,0.7788103418242084,10.310552875817443,-6.9358363064923445,0
526.7,27.090329561585474,13.502423267082449,52.39558117577182,2.085434184972938,-18.718159099613047,-1.1157384044150809,0
526.8000000000001,19.30817036413951,8.818874474629462,37.33780588465212,0.7435391996291676,6.317669415415623,4.697712044874795,0
526.9,23.0020495858152,10.819325843593504,49.64523768959092,0.5514431105728849,-7.4108491032825246,-8.809368200206109,0
527.0,29.27594027537201,13.695161197673574,61.6821644794584,0.5659449210646683,15.742231418994209,22.400059953002007,0
527.1,20.455765547529303,11.050959494322443,44.27866552913146,2.5916595500708954,0.43883368810446477,-12.55900072803163,0
527.2,17.46901784472312,11.098936998585293,48.16303628423315,4.933221522939829,0.5595193826385652,5.775723088916958,0
527.3000000000001,16.079665227443073,8.31745796371965,42.07400020149996,1.761020207950979,-11.419206848639025,-7.527646350704746,0
527.4,18.214073442162228,7.927925100523531,41.60171507671549,1.0766622674906159,-8.400700162909,-13.606013053132239,0
527.5,21.00610470871412,8.27555325741173,44.259482785458246,0.4158970746879903,-2.224080396684232,-18.963159369804682,0
527.6,19.571817114472996,8.196904995489827,45.64825280916241,2.586068150279244,-1.3649882713115753,18.291014449311994,0
527.7,18.78607210333176,15.023184244950228,43.08168846588497,2.242354984016431,-7.731706010014984,-17.12124886788159,0
527.8000000000001,21.70024410494167,13.678872740788872,57.05829044530357,6.6632174476139125,-14.261495766546334,-4.303889502692218,0
527.9,21.99136806892302,10.662995958719105,49.49318658938323,3.102973824133576,-4.644596110782828,-14.264651220517935,0
528.0,31.237122996535945,14.294693650189839,72.03947419142737,0.7205583763725769,-21.205494211175345,15.229127018379087,0
528.1,18.073704441993275,7.808391728129167,34.013578827952,0.7154759103115494,6.549818685409617,8.53505887208029,0
528.2,19.963250825833292,14.318680917970262,41.35551110246075,2.6099343733293585,15.780239708481087,-5.386603759327221,0
528.3000000000001,14.209340214869833,9.09056548229492,32.13027226918916,1.6635733931685177,-1.3471742415398023,0.34518974910082534,0
528.4,19.706162172531307,10.244784401963612,45.116392904489814,1.103652647837169,5.137599667877929,12.353324094716813,0
528.5,22.996896520903462,8.938574636127374,45.579901000228624,0.6544757684801767,10.776019305150042,18.06714770827282,0
528.6,13.762934231300864,6.866320466985339,31.68442515737268,3.7332797342754307,11.45884193916756,7.568923011115669,0
528.7,6.694626575478856,5.031184673456078,14.814562431756297,5.691753520060889,2.9954212026447418,-3.2260188078857195,0
528.8000000000001,30.844962063444076,15.970816527872424,75.12657071231158,2.683547976689633,-30.619589980325376,3.7218439218020385,0
528.9,25.393984915658265,10.66780719850243,53.71211242410091,1.454089217083681,-4.46142331302736,-1.675878689686892,0
529.0,26.16451607435659,9.501107717198012,50.741539487118374,0.30559979900447937,21.399563595860656,-13.906107315671198,0
529.1,25.589245639110366,15.35210129005669,50.89591416376473,0.28768794991450597,-15.156460852557675,-20.017821204717517,0
529.2,17.953177622732973,11.508688165225971,33.74915821852258,0.6646150998453514,-2.0758499690426704,3.6973682626844333,0
529.3000000000001,18.374664956750657,11.457271727110957,37.04463398627075,4.9329249706525395,-6.126555521330415,5.0479020625824065,0
529.4,18.126808563194498,9.476992359669095,38.04365527204503,2.356620983784353,7.474543114442813,0.4060349251094788,0
529.5,21.861824291640097,5.864176975811791,36.658403364488976,0.2165081368610407,0.8726530809885986,-8.202962287141563,0
529.6,24.190757233666222,9.854507756117172,53.3178462291933,0.580698293894234,15.163224695815636,10.53871529122673,0
529.7,26.220786804465984,15.775382385463118,57.519136555595175,0.756624903277107,15.611889962536912,20.512371584393918,0
529.8000000000001,26.913240323442206,12.043746233465018,66.46646767150906,2.338111795944449,-24.72088829214468,10.388524786108103,0
529.9,23.89315071028222,9.61713573230302,51.58821028116928,2.3400516070710307,-22.693472034425923,7.019943556937899,0
530.0,24.233354696879864,12.014179562087268,53.34646580709372,1.7439034227834198,-20.408066444972814,11.09341006209932,0
530.1,20.830276911072584,11.901482910245313,38.459133161862354,2.4860605366999957,-20.53011320102925,3.195905876859043,0
530.2,19.06068472095158,13.001500490812644,30.044997597248052,0.6971154876523162,18.58724063261577,-4.221856068362577,0
530.3000000000001,22.888975544257516,18.552150879711192,46.91973169048778,0.7017568793769628,-16.350522991026246,-9.173469745735646,0
530.4,15.826824042743525,12.65410747118511,37.53366613643762,0.9966096195177913,-5.048159597643846,0.8699750446586147,0
530.5,9.415929684599647,7.45683800498844,28.30692208716681,2.0960291239123263,-1.652658541097392,-9.269759313687734,0
530.6,10.303850522208528,6.350617706199065,27.739834484642852,4.093244947594096,-3.5935332006077783,-9.21790979983918,0
530.7,16.038008409200398,10.70479444082309,40.09222271289311,3.4414281156791486,-12.674120069316086,-2.3917225407366782,0
530.8000000000001,32.31011068252938,20.31585637836449,79.97235418514795,1.289187818551996,2.7249058030020095,-5.941175846587479,0
530.9,46.2423405079552,22.047631579697512,97.71655011247553,1.9764560413732442,-28.049416130753762,8.848316478561282,0
531.0,21.874007913444842,10.612405168769317,48.90470175667253,0.9289034417387483,8.78515422942224,-2.1071482594397217,0
531.1,15.14210190406813,11.973268775117146,36.62335029516515,1.3313823772103999,3.6916460796817816,4.51537002664807,0
531.2,16.086140910197702,12.957040786138416,32.433773608011194,7.067178084724025,1.138946263485706,15.558857195962842,0
531.3000000000001,15.876302378805988,11.530778998372496,30.955799843020685,5.0429782235306995,-1.0869816373574492,12.97109321896493,0
531.4,16.7928432440623,10.842497766293189,34.69657100714008,2.788934613917147,-8.682999597190527,10.96936492341801,0
531.5,66.67954764482008,21.542763203726174,110.15013921135923,0.41951140138007537,66.67852517037949,-0.36701056443376956,0
531.6,18.001011923813557,12.036312344915586,37.63763722345245,4.7276163970588865,-3.031513784681721,3.83600773125251,0
531.7,16.71313703600829,9.909004047781393,48.115257954525006,5.77015816013333,15.550179660159351,-1.2223491001532079,0
531.8000000000001,22.824668696200167,15.247619804598152,49.535523149858044,4.600434110722526,-17.230397495100924,-12.604813827521117,0
531.9,21.79695415761455,11.050526799787662,43.77850760318029,3.6175884915568886,-19.40979676315872,-6.329398916737372,0
532.0,27.771956275743193,11.347761938915934,52.99561240165423,0.39014159413981775,-8.16059544321495,10.680581676456201,0
532.1,22.719666361267777,11.805298853479375,46.18497695811046,1.1208546490710596,-14.967606106707738,0.413785580167394,0
532.2,14.802064125675694,7.951602173651738,33.758146433906305,0.9182290828454911,9.216660367098312,-11.52004100982395,0
532.3000000000001,19.862877073974452,11.327806203290468,46.50780384624645,1.1616624884298088,12.015413071293423,15.644254141988643,0
532.4,16.86780590489235,10.424205997829366,42.02921068656006,1.0593120746126647,8.364120954858087,14.394035508584201,0
532.5,20.209624350212735,13.219428828549825,53.382374392730334,2.1661280616044305,-14.43936632833474,4.694101493554834,0
532.6,21.033218470112608,10.89187707251929,46.66577507307852,0.9411388473821907,-0.8604238875659505,-4.695532816947377,0
532.7,16.820132662322774,13.068890945213745,36.94013153008497,0.8841675663989799,-15.171882331119424,-7.249830457027332,0
532.8000000000001,15.143712699410365,11.689771851898445,33.254094988737236,1.116893808616871,-13.23406716334907,-7.109711695137005,0
532.9,14.203995045234825,11.149827925579759,37.2439858325221,1.4309320399659229,-11.639238411641946,-7.918811884834648,0
533.0,14.668310913202198,11.720621747201779,43.35981823135905,1.2818872634889422,13.728364096858837,2.2512225170349014,0
533.1,16.047132819110736,10.436938300989786,37.28318314540316,3.441123018600634,0.6089174316991208,1.77280715220573,0
533.2,15.714264792127013,12.381882610323157,33.02192680736852,8.967156682591758,-14.024017249088612,6.938637641423403,0
533.3000000000001,14.176640644733844,11.38520568117067,35.07942268292725,6.222186261433612,-6.493213290709601,8.49678826441419,0
533.4,12.877674570155786,10.287533284845175,35.28282560857854,3.253225054026897,1.1460355642151807,9.23795678194487,0
533.5,18.474760314352313,12.438286242574003,55.43999444038913,1.2266989608557408,7.058007771179071,6.303720445245714,0
533.6,16.45759600499521,12.07311614189327,40.58360945454189,0.9169675628627957,2.719214475361248,2.7456725636860053,0
533.7,15.421332690035701,11.525542049859528,33.450647978936075,4.975211367871436,14.00574175521584,-5.850335074601039,0
533.8000000000001,15.461631697400481,6.394195741718868,38.99922874044701,4.633883661384575,2.10359225013946,-0.6893553160577047,0
533.9,17.847925939372864,5.638680597247976,37.915890350134454,3.659598269540667,-9.424731700935657,-1.3951518565570955,0
534.0,20.89654612552483,6.794766034097961,43.090167157181725,2.4371984624234937,-13.626806146705203,1.1363488456568342,0
534.1,15.814967383331336,12.540458766025797,47.51523113144396,0.9104942483444651,9.180882541989106,12.877287524104803,0
534.2,16.03038367115678,12.841941019248443,36.62937734240238,5.250562753368425,-13.333923783414571,-8.04461442544519,0
534.3000000000001,13.664197781087543,11.02912230176508,30.68749071895719,6.649468129157212,-7.710923893832329,4.069336283888843,0
534.4,12.053713429747038,9.68249064571868,31.39397532045148,3.5541343314923504,1.4878985250472834,5.311070073973564,0
534.5,13.845597190781405,9.022499200302292,38.72647768923363,0.8671268198563613,12.521153712438165,-5.746147170453715,0
534.6,15.736870122016445,9.617362124087448,38.17019284884133,4.040274740802973,0.34837789303387545,-8.904974365430647,0
534.7,14.766269631516753,12.012399082375014,32.16604252272036,5.972891694113274,13.514773666590404,4.563010539684049,0
534.8000000000001,16.893270614219514,9.950488606703157,40.417612260164226,5.074447578871848,9.639553506073966,7.999520318136376,0
534.9,11.964094176336065,8.117536928051738,31.456458125089085,3.3196480490501226,0.2559636548773945,0.5611116280975281,0
535.0,12.978986784705436,10.176444230689654,39.466958585617654,1.5765325691045549,-2.760951687057659,-5.691813711627386,0
535.1,13.290096978110782,9.915761519231106,33.42619922440224,4.2178592327565845,3.7679627785700753,12.563738385155908,0
535.2,14.269615032192263,9.6450401110366,30.85537028118679,6.2949734106555395,4.434896565838012,-2.6902176480134754,0
535.3000000000001,18.690744354023312,13.470573730481934,41.64362992168992,5.2773859751803895,2.2707656191998575,-13.910194942063578,0
535.4,22.17549364462237,13.46179328999835,53.83135250694827,2.617397570943668,13.661514000877062,-12.181624477758643,0
535.5,18.21481031240303,8.869504690139728,41.085939158743486,0.7471794350870987,15.642909763799842,6.894293841597472,0
535.6,18.63029962283467,13.565135224945942,55.257060075913095,3.850299953372305,-15.39625347001077,-8.788493385155473,0
535.7,12.383646584915388,10.00241425630867,35.39728389014227,6.282526817122776,6.443055515085343,8.207795371813273,0
535.8000000000001,18.700517133762766,9.625459868907553,41.51220890917048,3.4908902115852127,-4.79954983356409,-2.051986360691533,0
535.9,18.79725819901385,9.014310228696209,40.46904645890882,1.773123208219531,7.998524272088865,4.5694870754176495,0
536.0,18.38938931236648,9.650820800833884,42.717446063979985,0.6270721597335421,17.03710053832805,-6.669838358155841,0
536.1,15.25104953048468,8.514443840261675,35.438426257676205,3.529771043395267,7.338974571851908,13.289307403429335,0
536.2,13.278876538552364,7.363646481738767,29.7030188623514,6.931857440864345,5.04440330651574,12.263951500075144,0
536.3000000000001,20.729695652728218,11.66156131998805,47.96424258722238,1.9489662691106193,-15.01424523968728,10.21209412848306,0
536.4,18.38572139585768,11.047439821054969,45.45416721215211,1.2360570380950588,1.6469015434887453,8.173150247106236,0
536.5,19.332296516860847,12.492145964764113,49.78979856261741,0.8331251377456647,15.221864731615213,-0.527669856393461,0
536.6,15.96008873152663,10.75868149857174,35.00340076277903,1.4514545975860431,-3.886443271683563,14.704410586652674,0
536.7,15.549754843209481,11.610986977012947,36.553005457709055,2.8931696527803332,6.833122544753391,7.052177623166117,0
536.8000000000001,14.854111658842054,7.78373980808231,33.787774741247574,7.2579317678857995,-14.542382452473232,-0.5774315923333426,0
536.9,15.486722938384322,7.880916583108422,36.22270982214695,4.673492872397564,-14.825108720597513,-3.200126810430123,0
537.0,15.492462830019251,8.465290039122381,38.804663211711365,1.3351620411512102,2.9398170074288856,5.302331102775247,0
537.1,15.155806064220613,7.928487984782918,34.51755796351391,3.5592979778577507,-13.644151978945708,0.4454229782443937,0
537.2,9.499036783103756,7.48808895132154,21.053887041649208,4.837326850829676,-6.287847415594754,-6.786115300699839,0
537.3000000000001,17.524696633521835,10.093220757851869,36.453901038586096,0.9774043089670744,2.1375993999616916,10.619468918945492,0
537.4,18.278533789535583,13.10828634540509,48.271651698415056,1.0036780690114628,-4.187005648401984,-4.725913605102026,0
537.5,10.502149477185675,8.301155496706608,31.46298460986017,1.7265727365045187,-8.700195723344617,-5.488042432452801,0
537.6,23.183936629243277,18.3085136278151,63.214991307900576,3.4743719200061527,-17.775871436366828,10.420608232580662,0
537.7,22.49823389014328,12.953081186681771,56.0305709261717,3.3388726233052806,10.193095521635417,-7.19593320403942,0
537.8000000000001,23.6892778493919,13.892285532336887,65.18688430033646,0.9771628302128155,22.152070476294952,1.8907800556231136,0
537.9,18.704098023921816,12.848011700529595,53.510995844024606,1.176317882792433,16.361418433922875,-4.246848744567845,0
538.0,12.404640969653254,10.013615124753505,37.154722834537566,1.4683970261778305,11.468467546488787,4.014326653052342,0
538.1,11.942809401080076,9.519134735139875,31.123352301434934,1.2431153901916472,0.49358012101587256,4.768051522447411,0
538.2,14.148405940544736,11.300354551595712,31.885283056755963,3.0200014562355433,1.462716357611793,6.523633376162685,0
538.3000000000001,20.083926194873825,12.135560591176672,49.98206995952316,2.0622671292702908,-18.430969288277815,-1.92666900481662,0
538.4,22.199277815511152,15.740930648857521,62.19147430606924,1.8379227833415686,-18.48048433617382,7.203247327202651,0
538.5,22.591929352443127,17.71360878696008,66.20059756263932,1.442473270733604,-13.854878662053274,8.188434637120407,0
538.6,19.457590368396268,12.904246908353908,53.73954412025166,1.5115171959033755,-4.106510834610964,-6.011041532337098,0
538.7,19.04952732326471,6.584701930702825,32.838882194094275,0.6298566449652792,19.04932138262254,-0.08658455644145935,0
538.8000000000001,24.58610842332198,13.42054459735421,49.1381970496659,3.2833706448809306,-12.012361709536636,21.15140581028028,0
538.9,19.18460527550102,12.583922464297135,44.79335414899791,2.518857851097443,-7.19363659867531,17.467193864359526,0
539.0,16.452750674299992,11.484697235336846,41.2345631407635,0.8902029954415789,13.871318855678943,2.1233499603093353,0
539.1,15.050558008407146,10.682430968737677,39.721549265363514,4.800273326012058,1.83711403595035,-4.172161929333761,0
539.2,18.37261245129764,11.039783601810182,38.269354270113084,3.2028019117883386,-14.57760196385378,-11.051189596531321,0
539.3000000000001,28.11497212619561,15.604731955144189,55.65084835846515,0.5579363177763248,-13.466475305670187,-9.414586807018953,0
539.4,28.524058807431704,15.908656792707994,59.61495520313139,0.575214496377329,-4.506169637680848,0.0378418327908463,0
539.5,28.933145488668266,16.212581630272144,63.57906204780213,0.5924926749783529,4.454136030318676,9.490270472611392,0
539.6,29.34223216990483,16.516506467836294,67.54316889247288,0.6097708535793769,13.414441698318196,18.942699112431942,0
539.7,7.189358547316593,5.436083822058406,20.24585482322713,5.565771071615101,5.124201766571199,3.1617512757087307,0
539.8000000000001,23.371715486208394,10.734411919144492,44.47445193404232,2.2941510071999502,1.1050818468389174,23.231688955999267,0
539.9,27.204608866672775,11.121925465406814,49.89771376971089,0.343037832859035,-2.1111900385157574,-11.497767985289315,0
540.0,21.826269896538165,7.5483307273742275,35.596390999265026,0.6496541972775884,5.644647694166469,16.74523606328802,0
540.1,29.568368136440604,12.756158946558552,58.636387293866974,0.22592982629608532,14.132430493869698,-25.9294576874911,0
540.2,22.372950473036692,16.749694628796604,54.609069250758274,0.9122290004593179,16.458222546373886,12.768494131052917,0
540.3000000000001,27.14143499682215,14.113306870784232,69.32623269010239,3.3984937021673636,-0.12824869724516574,8.693705553541124,0
540.4,28.787609489361255,13.50938360006324,61.61932991310064,1.5688939126127237,13.899701660332306,-7.538072467052196,0
540.5,31.421464161918607,14.10851855904739,60.232098008203714,0.3711532518824422,28.415288473020052,-6.370221323948204,0
540.6,30.655498273321918,11.726512192779568,52.77271770151805,0.4306694926014982,12.263302676554435,-12.590761095590599,0
540.7,12.988264463284615,10.18581425600838,35.81187961687691,1.6677596938430823,10.306494927927908,5.687206704918982,0
540.8000000000001,18.924199634075567,11.974017415601558,39.433125164706404,5.528087502626088,-0.8085298709701529,1.4180788493385847,0
540.9,25.273901116364534,12.53219717727769,49.024961782600826,2.6398042486812967,11.700551834321702,-11.156366691387332,0
541.0,30.651725468404443,12.556163997930366,55.00640938198728,0.5847845887864679,1.4882781258812336,-9.456548727918715,0
541.1,30.436252327847356,12.563401420389157,56.485518839215885,1.9634611412565348,-25.4644025964571,-7.454821982202429,0
541.2,20.582182638316137,13.337411504975728,36.50717092916987,1.6138119866522875,-2.525502407477825,-4.200076068945933,0
541.3000000000001,24.55489420112279,14.772815390305462,50.191100244910444,0.9972462693435498,8.221571321212528,-9.368008780027107,0
541.4,22.709002620610686,14.740492154540153,54.40806441913454,1.631349755095644,-7.822633117815489,-3.5597006555326782,0
541.5,20.015564731585147,13.790478433118771,52.91679562481046,1.8090891816353287,-10.812878191508796,2.583304640454969,0
541.6,24.5619059927482,15.51970723430128,55.60625191775092,0.4965041715394061,-6.613247230869423,-5.778087000916519,0
541.7,13.996035586080115,9.724029613872046,33.01163921595752,5.204419431351335,6.443891061380902,-7.794420727234351,0
541.8000000000001,15.636285311305928,8.575555019521538,40.00326820228243,1.2101819878409787,8.30699665414485,-0.8539321436393428,0
541.9,15.591265039515546,8.18902320249095,41.016840162470885,1.590733420622636,-0.45660750981610043,-2.3724382625007943,0
542.0,15.546244767725112,7.802491385459925,42.03041212266049,1.9712848534047258,-9.220211673787011,-3.8909443813639717,0
542.1,15.932363336080213,8.349027188324632,36.892840571060766,3.3608472634976367,-10.748729140209278,3.4695333823596606,0
542.2,27.019435662394393,11.95985088903918,52.04540247621729,0.9991688187923111,17.00737656692826,3.728620177652687,0
542.3000000000001,18.083273553738454,10.247048130837216,47.56679745345873,1.2619721561423956,-0.9483907044802007,-11.648827648304191,0
542.4,21.581138182044295,12.426634105783652,57.36078908594557,1.1165630282318268,-7.148745268908763,2.590522351178791,0
542.5,25.079002810354112,14.606220080732566,67.15478071844355,0.9711539003210929,-13.349099833344372,16.829872350677967,0
542.6,20.44308354694534,9.965801794137104,41.858071542199326,1.7011163066657846,-13.860045587113095,14.098136732482228,0
542.7,26.607428936141755,19.303293221821736,50.98266831122453,0.3617787047846499,-3.999892345181985,-24.90294573472203,0
542.8000000000001,21.43506840457849,11.684164501569812,38.55802399938081,0.33772421407389525,5.2193270264261695,-9.25093485048891,0
542.9,21.07122466256433,8.76535221933914,36.474328059722964,0.4675368929679369,4.578410363706448,7.209884413469755,0
543.0,20.753007289498367,7.178867319680401,36.16807515162352,0.19253179762333505,-15.986981649748794,-1.2104467488320942,0
543.1,22.733209523104726,10.597747478888937,39.748730308448096,0.5700512046460089,13.866495471123471,10.285314569171213,0
543.2,20.731658325997103,13.815950814351659,37.06475754845291,0.5395534570725405,16.480743266772997,-3.2431127601671896,0
543.3000000000001,25.31430535524834,10.545992137490645,40.21572502455509,0.44899830463040735,17.299202435770873,-10.694590489064868,0
543.4,33.12723352011516,9.20867282849959,47.426548644721805,0.340204416759765,16.216651820740065,-24.84097265663155,0
543.5,32.97080398789563,19.623872075421513,61.05721946948645,0.21375929381570744,-22.890655247775136,-19.16690282636387,0
543.6,30.385962787619977,18.365050924614607,57.28662640365242,0.5415984516355404,-9.107719925389278,1.1994232898791637,0
543.7,25.07713741012578,11.474197776466184,40.20383088675193,0.8919095121303435,-9.380981410306816,21.39529411521958,0
543.8000000000001,24.94437474877597,9.074254336530034,41.99437111133784,0.42043591108443557,-11.238579819669601,-11.154481931297754,0
543.9,29.357182875524913,10.970203196158307,49.345873126527465,0.6794995980403525,-21.157200551002006,0.7899459345482285,0
544.0,33.76999100227887,12.866152055788737,56.69737514172546,0.9385632849965639,-31.075821282345693,12.734373800407788,0
544.1,33.52737083121002,20.31712734989833,64.27729353128106,0.49145463941085643,25.341745893707703,17.557222793838143,0
544.2,21.930120164463272,13.735591426866788,39.639789516894965,0.46497589374485304,18.90526046477305,-8.280177550007373,0
544.3000000000001,26.91516816651323,11.649887996565068,51.4073360737216,0.5445994363891932,11.41760634051963,7.267900966491119,0
544.4,24.249454192675792,9.709524967499473,42.76358590537844,0.31288972150602473,1.4084432326596072,-8.258332176520646,0
544.5,34.79496186814927,21.09420199299419,69.14680843058292,0.34776592891515956,25.159665921489875,-15.556307127636998,0
544.6,27.087777787569003,11.700754078457056,43.74453765985018,0.1770038855685393,-5.126598321993985,-23.560409325589855,0
544.7,28.66417799061343,10.327803854317024,58.662264428599784,0.7806794500928175,-1.8624742645739862,28.59468972888263,0
544.8000000000001,31.169673511017493,11.183783321943618,55.23451863907279,3.7065536841486475,-25.647754486778688,15.034928568937769,0
544.9,31.591878283705125,11.94619625655518,60.29621413902308,3.1170620047987523,-29.16212808122191,8.11939087542293,0
545.0,26.334124723357306,10.91239437521903,55.119601421724695,0.6688429005678109,-8.998255633419213,4.226286234642307,0
545.1,27.08225771756098,9.689135836099263,39.88337665153746,0.5864886440425632,-7.180039840788771,13.74938274525217,0
545.2,32.9784068287533,14.729410014892009,53.75242452719107,0.7103794884945622,-4.178093497124198,17.047536444785163,0
545.3000000000001,30.87975001274093,15.936252103782872,54.360379309238574,0.6786425453875471,8.812065118886334,12.908048698107056,0
545.4,29.789832568698337,17.135967939666756,54.328444288890815,0.4496341143698447,12.682349075786428,-7.8629419103972005,0
545.5,32.747294385420766,13.172755171118832,53.45625452647954,0.19940458809190087,12.148882345562301,-30.2755544795382,0
545.6,31.775256167050987,11.963555063236063,47.53717642749522,0.6739267456208397,8.894223589528378,28.898929899860967,0
545.7,32.406712868005485,13.340506203627791,58.854567808570664,0.5586352536674831,-3.016617148779549,-32.26599703706603,0
545.8000000000001,32.69604680358829,13.439410145524166,61.907921020284824,0.40536264768189545,-7.81380167653214,-31.095150471016257,0
545.9,32.98538073917076,13.538314087420428,64.9612742319955,0.252090041696482,-12.610986204279275,-29.924303904967818,0
546.0,32.23349135559976,13.61012414874784,64.86130063872193,0.12889078190202063,-11.400292171876922,-30.150143755875586,0
546.1,22.817563342083393,7.467559027948525,34.62533430515644,0.2564738606670972,1.5366314486852177,-22.5473325720832,0
546.2,33.63281475991618,15.596029339579584,56.06636147533637,0.3671134381602731,-8.169410251536512,-20.8681332403317,0
546.3000000000001,19.71784670010199,9.450643357561763,35.92925259524268,0.6666665911710223,-5.96280239383471,8.884608150484464,0
546.4,20.246180002239075,9.132228052934051,39.54483255178045,0.43640033863335476,-6.640501548441203,-5.561854555099174,0
546.5,20.820812422264996,8.817284241473528,42.81757717342887,0.2144277936541335,-7.869728770861317,-19.045118014659913,0
546.6,22.983127975835995,9.391155439791586,41.62542404287693,0.29696807166752465,-7.730666128472636,-12.063870289440533,0
546.7,22.609084692600344,10.37018676482188,32.49069623574385,1.1453330359624534,18.51071382451719,6.830388319833667,0
546.8000000000001,25.788864085116533,13.288491551565038,44.36049302364333,0.5607905616154472,25.479713655201227,3.4810608991389063,0
546.9,22.173952042303902,10.121615780086298,39.38086193760045,0.48768085812796624,21.660567520787655,4.367143832847948,0
547.0,19.19048384396169,7.585257612057546,36.15478940975198,0.6698840298243858,-1.7681136735818668,17.176741704838076,0
547.1,24.90290207697942,16.883220345587766,53.80655999193588,2.7017697199313626,-10.351867667842702,-8.283220230473093,0
547.2,14.217343936873245,11.376363946051933,32.44210179272484,7.673620503899138,-12.796982372838544,4.334912943667702,0
547.3000000000001,18.470132724857645,12.01077483154574,46.40837462453873,4.824605664216183,-1.0953584687759683,-6.994951544329391,0
547.4,24.5262903678069,12.47135415948092,54.27064465735065,3.194065220233614,-16.840317207719757,0.4740110379683653,0
547.5,20.600161481085305,6.181120439768037,34.60157289544533,0.7345736225636608,0.3622381010103424,20.348491016117755,0
547.6,28.62847262975713,11.880897434250242,59.65700373498573,1.4368988449027844,-13.213440250122758,18.121087081239263,0
547.7,30.36861498755954,17.55773506735919,51.35755778292186,0.7262606559141539,14.516575771743458,22.788508625321064,0
547.8000000000001,21.035429906598736,9.898885575791631,35.29451421464336,0.6501730746903154,-3.6742383820938174,5.5068914668538085,0
547.9,21.226588921175743,10.33049604902515,41.45528166841004,0.4256451855478752,0.08816338476468655,-10.5800088130235,0
548.0,19.10438432113643,11.108728965151158,45.22400557425659,0.40021784632376217,-14.642958405285064,-10.941080462918144,0
548.1,18.691300761340646,14.210345165786702,46.75950280949008,1.7056247612389135,-14.042904412371533,7.120308219583613,0
548.2,27.82587558319914,21.678980853692817,51.6408158728772,0.7926267276760575,-20.4394729377071,-18.784595764470865,0
548.3000000000001,28.011150548885073,13.38083890327971,50.30463823614626,0.6084100835811005,1.3365543885471993,-14.762402944220515,0
548.4,30.3587349306037,13.383807668623964,52.91546785089188,0.6525843364795048,-12.516078155295206,-1.951430295575733,0
548.5,32.70631931232499,13.386776433968224,55.52629746564047,0.6967585893779593,-26.36871069915336,10.859542353083615,0
548.6,30.8533859623712,13.104851333923829,60.935922410764974,0.2771414951077679,23.299539646590254,-9.779892692346737,0
548.7,29.245604652533093,14.731010406375699,59.485225870634295,0.9438996554513857,-21.780386806547934,-14.881946621713332,0
548.8000000000001,29.865298971775854,11.194281375166849,52.394223559196874,0.6918818134497544,-25.229149717992566,2.697817405818297,0
548.9,30.597694307909588,11.794622175992448,55.26686666343853,0.7846677711699008,-22.125450056888596,14.560912848249112,0
549.0,33.415200886969494,13.217195120443568,61.601340943506756,0.405444221620866,-20.920612544687188,-7.6298590441768575,0
549.1,18.238351010618167,10.394149547108976,44.41966343307732,1.9851127133736366,-4.987927981416055,-3.745488553838012,0
549.2,24.31339670147058,16.909347179293487,49.420194033792754,1.1331933121141025,18.770813997679905,-6.309727794157364,0
549.3000000000001,18.49004616589088,9.156342570611287,29.950249757680165,0.4953821282486181,2.126762330181677,-11.762169971695906,0
549.4,18.633226027119594,8.082022882360539,31.870177330141473,0.5078715135224948,11.19688213182735,-1.3972629277857358,0
549.5,32.61086385602964,11.883174753968603,50.67602518395966,0.5961577703626499,-19.814620578889063,17.837392908684237,0
549.6,25.51953765924319,10.019472917601604,39.077199416252824,0.2855922579228638,10.435827205060496,-14.079238918789441,0
549.7,30.736984257018204,8.966814450242932,44.63595946457065,0.49273029248337075,30.627527595689855,0.7012856959483162,0
549.8000000000001,21.89889155998865,10.331012182914467,30.980172804283384,0.8821351394714849,3.183826123153633,15.85973544264481,0
549.9,28.697287524343547,15.157982827771912,51.63570498607952,0.1371104150610988,-11.891724304477657,-25.450304106278917,0
550.0,33.19516529803219,19.37183079508173,66.87199054828997,0.15064086663305676,-10.779918589536342,-25.615439300965875,0
550.1,34.02704765211562,13.403728724019276,58.78522289575049,13.610565976570687,22.183090510699028,15.539314651695138,0
550.2,29.8029233877146,11.143914687862228,51.97863873215387,0.8074730440846792,15.700827801662427,22.204483877110913,0
550.3000000000001,32.284443097204644,12.803813921294832,51.29722275483329,0.570039363630984,29.053217070827646,5.936491041704054,0
550.4,34.14602483884047,12.730623616792023,58.03919047698284,0.4278023045552803,31.644921327462562,-4.372839800611262,0
550.5,32.768449585181706,19.463911467861276,60.60345089336634,0.11434720942473976,-12.508242515050839,-28.295727593282006,0
550.6,30.82338524403261,14.429766552341363,59.02727014943005,0.519208815862789,8.765806765551044,14.48098436884601,0
550.7,31.33922911848161,11.790137851511698,52.23603071025133,0.43381917922146696,-8.91052279171629,-26.27958790569591,0
550.8000000000001,26.352585102377816,12.541675764587628,58.52559311968102,0.6093640546099336,23.86959141014023,7.555095505039737,0
550.9,21.880156647638596,11.05143392234434,50.1214747349774,0.4918532562924035,20.308617473314353,0.2481014039371452,0
551.0,18.45322971356027,10.486744313671501,45.569944203210085,1.5291248178206844,-0.44603619984579623,-1.5017790709971353,0
551.1,23.990395242638233,11.00366482615918,43.46802627895294,1.3610438603712516,-9.896920114893488,-12.06360024143422,0
551.2,19.731867841910173,8.306253987907002,29.70731956144571,0.7270037129417993,10.547333941389038,16.67633870566993,0
551.3000000000001,23.967822096671238,10.343769222568852,44.9353472846785,0.6416543460076444,16.358289465754126,16.69890775951551,0
551.4,28.203776351427493,12.381284457228388,60.16337500789398,0.5563049790735866,22.169244990112603,16.721476813361065,0
551.5,21.149166192858267,5.405632875188786,36.2486869533567,0.358910439082461,15.93181032412816,-4.606581263464438,0
551.6,37.880369088721594,11.738481997740314,56.0942742547947,0.23794558477426048,-7.771875518107002,-29.29354310835539,0
551.7,31.25948492991794,13.022251654341988,45.266163749753616,0.8901124419614745,-7.258191351288016,28.574197549431634,0
551.8000000000001,32.03091713771525,12.942383031048566,51.32011272745458,0.45757189193295894,20.647659990143218,-5.597550297273451,0
551.9,31.56902539136147,12.813975131660639,57.770930662332475,0.38121343529703633,2.695947969590563,-15.716108613495704,0
552.0,31.107133645007163,12.685567232272566,64.22174859721771,0.30485497866102695,-15.255764050982506,-25.834666929729465,0
552.1,18.259593579249337,5.5268154288412585,32.62975946149626,0.6317535543719763,16.44749815498461,3.5761355342083045,0
552.2,18.70579733391823,11.65705405571832,31.886243468196206,2.208990271846885,-10.680227104135868,-0.4286685246541704,0
552.3000000000001,22.249072283128253,12.063262600559312,38.60191380620448,1.9333160234197169,-13.18012214282611,-8.196258978517882,0
552.4,24.506890987838197,11.419011090320529,44.82541656573069,1.0693909847035454,-5.249049301220422,-17.61030012613144,0
552.5,29.36474338696049,11.489368591188658,53.727145396392515,0.22967181206849294,1.344095259339371,-29.300983622498883,0
552.6,32.18398456869884,13.539952182594687,60.04978939688226,0.24407297506978629,12.011894756309403,-25.473439413250233,0
552.7,28.950441588408687,15.72865390784781,52.1226108906577,0.8996646132206124,-23.499045568295685,13.002035175933207,0
552.8000000000001,22.441850452693338,11.683560648817929,32.55574057127703,0.31542566520514853,1.3914152911156736,-10.43356706415927,0
552.9,21.401510985044045,9.509722992405612,34.2852895600194,0.4471569227083557,-1.9122416469924524,6.402824986405623,0
553.0,24.902768855459165,9.934518585864282,45.78994338479113,0.38376123974220416,-6.118057857949155,0.4066966408963033,0
553.1,26.789534762212597,9.74575018846317,42.62607877160791,0.2589019041838603,-4.0702261543022935,-11.21825589591841,0
553.2,30.77656455999576,15.2599879545321,49.5607793079003,4.052018382648669,-26.317575245220752,-8.994503181969653,0
553.3000000000001,23.482734844067178,10.156352186011182,44.00389663128604,0.44242493456402,12.454289216986687,-4.129368263015799,0
553.4,27.923984591019014,11.251806004323772,53.16532547542414,0.2777148170026518,7.349277494730908,-19.575403252300504,0
553.5,29.103265285771176,11.671651226577872,56.21960525728918,0.4018454936469887,27.649170961594102,-0.04195403018920807,0
553.6,26.2817269544884,10.008706932123742,41.11210283180096,0.5131798819250507,-2.53574670287691,5.460548709373938,0
553.7,23.57937710251918,9.834044719513827,45.694846017602806,1.8661899715405625,-15.009402010123072,18.0176965522698,0
553.8000000000001,27.966587234412547,11.115823155274283,43.0879022683285,1.0819298949031455,10.03124979364715,15.87247428554904,0
553.9,23.876797463201083,9.416522398990324,42.013445022240234,1.7075345162254907,-6.390680240337495,8.07316397969878,0
554.0,20.04050880022842,8.565949124281346,41.363771918544124,0.9780814762010073,-2.7219670737433788,15.971937524234976,0
554.1,25.7084100035436,13.061751708607215,56.204966563241044,0.7081705051555781,0.7251472801108925,18.552500320396994,0
554.2,32.677972977956586,8.999209471350913,45.95409576222429,0.802429856015725,-2.2383059852904883,32.58886643090398,0
554.3000000000001,28.004343690521967,9.119306936317038,43.56902285018822,0.8234036181126944,-4.6745305838330635,27.121483481077647,0
554.4,23.330714403092657,9.239404401283027,41.18394993815485,0.8443773802096399,-7.110755182372869,21.654100531257534,0
554.5,18.415042870683312,10.727663835340463,42.31670602680975,0.7118851495828818,-0.30433042489846507,16.306943940108546,0
554.6,15.734475514923236,9.910574534955176,32.41145603153032,0.7884343725552857,6.828671467146442,10.535475478147923,0
554.7,14.054666326102783,10.321796185961304,34.67794536401888,40.564232127090634,-13.116263613253947,-1.9044098311393611,0
554.8000000000001,20.233069804564593,15.373746158408503,60.11502966897005,1.2475685144059026,9.733101685198346,4.995298271896083,0
554.9,17.242707694432717,13.473853030153338,51.2460670605105,1.714523256484632,-3.662314199567831,0.1571299878451704,0
555.0,10.942771524305021,8.860763838733545,33.07679334804043,1.6078803120266907,-0.13218037499961532,8.351061744820313,0
555.1,20.714466086405444,11.23128435224015,41.60320455902417,1.2313316106125352,7.294450320694459,-18.02034693990405,0
555.2,25.842680150762117,11.577368530313533,51.97635739971794,0.6638515401044898,7.83985227138151,-22.268038327935308,0
555.3000000000001,16.586129542303677,11.298835213290099,44.58504041665838,0.9127613983094147,6.510563413125578,-1.0208406746042646,0
555.4,16.295522410423132,12.312664164350066,46.447701960305636,0.8464040058655151,-5.1839982965456315,-5.688041626768717,0
555.5,19.663819148998325,14.320997797953945,47.304251567454465,1.5309091441747182,-8.089526287362931,-10.834742777564008,0
555.6,23.903199984837734,17.198242027404163,51.697917344679055,0.8991546066200642,-9.568760116379917,-20.444808953382697,0
555.7,23.680670847370045,18.864668633211608,52.61812038099072,8.610536282949987,-20.190464684272133,10.136549471142345,0
555.8000000000001,16.292274656292513,10.062894981949656,37.29749758142026,7.062963480706074,-6.308344258268608,-1.9579776378435998,0
555.9,17.017584160188324,12.077812021170644,46.48177511957043,3.5460883038619233,6.73938145497082,-2.655425748622973,0
556.0,18.88149857503042,11.034915516410491,42.5091116622437,1.5403834130088647,-9.606344197028172,-13.803555329801021,0
556.1,20.700659140459276,12.27645437173496,50.15443935283082,0.6655738995272271,11.370112271485906,3.3208514425463243,0
556.2,15.109130016892117,8.127951237277081,38.50320282135009,5.786757529208067,2.368903042764238,-9.415366241107996,0
556.3000000000001,17.73637815122842,12.71558328008092,47.42764863701803,3.2648418313379164,5.174142630428358,-0.9628494500128468,0
556.4,18.427981962620123,11.676330311129252,44.34815725281372,1.943023755510914,-6.276667137385262,5.707818231476531,0
556.5,21.31621526551597,9.370089572688546,41.35846982071758,0.9076930764213273,-16.973446420314858,-6.034508590062552,0
556.6,22.164173893070075,13.238552321421317,51.54534038523207,1.1027322606508991,7.222788610786406,-5.950607282607236,0
556.7,19.064339647218333,11.870027181562598,43.08753494741789,3.5681113519664907,-6.60822248878063,-15.294283960427816,0
556.8000000000001,18.38558925842542,14.098480281620136,42.48314143096986,1.5064194765793737,0.059963317926436055,-3.2308501844627138,0
556.9,22.665816285453463,16.515200744904572,55.24237136727083,1.7113307868706147,-9.045325892635635,9.305565859444833,0
557.0,25.297866766816757,16.62694763417545,60.53231443466809,1.5994208701091102,-14.85209822548523,13.01438819042372,0
557.1,18.21801547158839,7.6885973127833935,38.556141821651174,0.49808579700693434,14.33054197122026,-9.813987634278933,0
557.2,31.264938985515393,11.667817077674115,50.87864355872426,1.382081038353336,-12.58192161874836,-3.537919759665881,0
557.3000000000001,30.716650491321698,15.474141009733698,53.327209891208504,3.6657921534487388,-24.192194636759133,17.675160800553417,0
557.4,29.77636222675022,15.525428947389422,59.51363003387191,3.0742141184886775,-26.179061913734103,12.572525441131221,0
557.5,27.945336359538018,12.029524202694848,55.18707697325032,0.33614901404052167,-12.210321750449737,-17.368158239066297,0
557.6,26.78444925307787,11.794505814492599,44.18684792597561,0.6202976297560654,12.820348666827417,6.431888485814564,0
557.7,29.857816909020084,13.273637159768953,44.0143926431189,1.1226819056319215,-13.996388690868802,26.330950329158384,0
557.8000000000001,26.137068801910324,10.609049406193966,41.49723426192315,1.4187742032293675,3.958950017816349,17.090903573925726,0
557.9,22.380303126832395,8.844806902544052,38.2461299530386,2.2416053558812874,-9.704466331893798,9.124467140176694,0
558.0,16.104789188103144,8.890358125920677,36.24158678259498,0.7813154281926515,2.308266209915142,-13.769502166702516,0
558.1,20.724172507905678,10.60701691033526,44.01974837362056,1.3346856104379405,-6.850925226628821,5.326788383663136,0
558.2,29.465237975409142,15.690973204804308,51.1818645372208,2.495988216869036,-21.288820861240723,-19.092362912542946,0
558.3000000000001,18.922444880698183,9.87243650240802,32.893874881516574,8.209105367625083,-17.80203521238588,-4.204371382321354,0
558.4,19.302507328856194,12.024412190336761,39.369502914062316,4.1333103968251015,-16.617076385385076,-8.258989626208681,0
558.5,18.88786180816471,13.790080413366143,44.441291196616405,0.49007103764705684,0.49359211020157545,-2.2968619104964922,0
558.6,15.361640828255657,11.854878834952759,41.01806969916523,0.7842877812309683,4.792296725133759,-13.019572050697784,0
558.7,7.615430221605331,6.178554798234646,16.598250641918817,5.56457805217524,5.050918016964399,-4.031818465826896,0
558.8000000000001,10.724999952376258,7.366348962415842,24.31365861350235,4.950103076940567,1.5976490478638903,-3.7401849359068526,0
558.9,17.36620099802534,11.168999827712714,40.386180312494844,2.2243168017798443,6.386132816236872,-13.128722401962083,0
559.0,19.0446136767154,14.970859915825985,51.339179764778585,0.5006566959232231,13.107201689751458,-13.768955207394352,0
559.1,15.481722554881713,11.532018117999382,39.17587104033532,1.6236263886875197,-2.8142457950922877,12.349118346403186,0
559.2,22.952801181050447,14.387232287719906,49.54484443364781,1.0936410194465314,-18.513073811881842,7.479512652716217,0
559.3000000000001,22.927525473400497,15.002469359825831,57.31935702349454,0.9860688476200576,-10.527774283110071,6.17631642838842,0
559.4,20.24983369326051,12.788233240441276,48.68799437914526,0.6420159901609478,-2.144737764519329,-7.091408880466496,0
559.5,18.80190927872651,10.727968161245503,40.74193416117018,0.7835989216074712,-4.501039740731959,15.061559199859015,0
559.6,19.481068211261867,13.244180981757578,44.83407994006751,0.8908005704705182,13.517195428705115,-13.622561674014563,0
559.7,33.97683085841523,11.338442821340657,62.765148139618745,0.6479395064737921,-27.137945894676903,3.768795265368759,0
559.8000000000001,27.99745145707872,12.437395956476013,51.69646381788285,0.4488858352252646,16.61984930827216,-11.37912020267009,0
559.9,26.218160112090224,11.761253457779894,54.253514505321654,0.37250051820494856,2.1268889596537264,-18.68011828662904,0
560.0,17.664219716811672,7.0696789717751924,36.72661388966106,0.7547017398097797,1.0372921534558093,16.08788926701458,0
560.1,15.445763926294145,10.492946600111159,39.78275606739857,1.8404015885769847,-13.104850556396622,7.022553074165781,0
560.2,28.94084448148155,13.962670602798307,48.419077621798046,3.993575140278437,-16.35844375621842,21.465808589158236,0
560.3000000000001,32.2724984641297,13.040623140944719,46.86765954934901,0.8701434347605761,23.305199374529796,-10.218972744140334,0
560.4,25.216940127415377,9.773098414188318,41.22777242381861,1.8123949398581212,0.1673294526445943,-4.167025170793069,0
560.5,23.81003872060719,13.292598099469583,60.2420473601244,1.197304363854193,-8.976217063764594,20.959626541660356,0
560.6,24.392140820758595,14.181260757276265,63.696153232913275,0.7811108916955362,14.798668396052527,18.62782405592337,0
560.7,27.411012704437557,16.872182092538083,51.89679009469215,7.560472247105105,-13.529381815999809,3.6309274407268752,0
560.8000000000001,25.081974718790697,13.115956659825649,46.33609599157984,7.438905849069126,-14.059724104854688,0.7932018824250355,0
560.9,21.581750062287433,10.683897755295003,42.058629394136744,3.988857680493756,1.440982130796428,4.298505483437776,0
561.0,18.51321907589089,8.286699810046123,38.049245677360254,0.6004587747984417,13.809428141207789,3.8738333423584335,0
561.1,20.781551200459578,8.705327639494811,41.225509916598135,0.6017229399094947,11.999468072561891,10.483707394821991,0
561.2,9.647864545521093,7.457586690160983,28.812117415481964,1.0945880854773486,7.9445932744643315,-4.321464829217377,0
561.3000000000001,20.066586801504105,10.137791519206237,48.20102265659162,0.9049808751708608,-6.238793485672341,10.903231453383789,0
561.4,32.20891928110733,14.405787827474327,67.54967682792729,0.7906489954716521,-29.211935507427373,11.440797875514825,0
561.5,29.439491451874805,15.352176767060799,65.64198409852771,0.7646866439042861,-21.178832610109026,-3.8798824970598034,0
561.6,26.67006362264228,16.29856570664727,63.73429136912814,0.7387242923369202,-13.14572971279068,-19.200562869634428,0
561.7,14.591191539887946,10.928350671184472,36.78582299547282,3.8849897330168712,-4.152447232746004,-1.2544562069044236,0
561.8000000000001,13.613736841722059,10.878168221040065,39.965114378555896,4.680792127557795,13.367869699283055,-0.9722203920636836,0
561.9,12.138465915974022,9.748983960563718,31.733934478674506,4.683343886150871,11.319614967115188,2.211421934823541,0
562.0,11.484231267773838,9.206297457477282,34.602571714434816,2.131104837980732,-1.5781515210513624,-11.256261229196404,0
562.1,15.354983504009036,10.42801763188135,43.913333914576576,0.958905491363625,13.7032315172386,-5.4954466303451355,0
562.2,20.666548977781826,15.257178207561642,54.94064784307229,0.8922582338395668,-2.0071283232494204,11.60674356173613,0
562.3000000000001,19.854470188069946,11.526839042099763,39.85524716880608,0.632874609243254,2.1266937715882257,-6.174347206846733,0
562.4,20.78899801353873,11.69345128025456,33.21001924644845,0.4342939358918362,-3.541911799579224,-20.424492292481627,0
562.5,23.792823309328604,14.339053879916852,64.73061678720376,1.2112888196250227,4.365623431638422,-16.128886220577233,0
562.6,14.467239106461967,9.981407744689713,42.65111905714945,2.101275819521558,-11.193486588815905,-2.751689936039604,0
562.7,18.193297246139323,12.231065758754763,42.391444448410496,1.5636573900044841,-7.354467813155077,-16.17777030184802,0
562.8000000000001,28.71566328345214,16.349883319511925,59.96403772167373,0.7775045090245695,-11.134924983442204,6.1414435204200934,0
562.9,20.306024563981197,9.587732505879206,34.60175847652765,6.825639572770697,-19.64519369142821,5.13816730885676,0
563.0,17.099921887956324,9.691743712597328,36.667584985337655,4.759534367998826,-16.542043250345124,4.332193073324091,0
563.1,13.893819211931454,9.79575491931545,38.73341149414765,2.693429163226954,-13.438892809262038,3.5262188377914225,0
563.2,18.771500176265043,11.810965827006461,47.03901509728557,0.9046225757467345,0.16219502472821112,1.1176040376135425,0
563.3000000000001,29.206462203569984,16.84960750614729,50.634445459605786,0.4273326132378017,15.423351802576345,-24.441883161520416,0
563.4,29.532365494106497,16.69026841916946,53.35543763012011,0.4481543182868837,18.891389274069063,-19.704456813828376,0
563.5,29.85826878464338,16.530929332191445,56.07642980063753,0.46897602333598937,22.359426745565724,-14.967030466130954,0
563.6,30.184172075180264,16.37159024521343,58.79742197115495,0.48979772838509505,25.827464217062385,-10.22960411843353,0
563.7,30.510075365717146,16.212251158235418,61.518414141672366,0.5106194334342007,29.295501688559046,-5.492177770736106,0
563.8000000000001,33.735932669295224,12.7597773797477,56.86544801698049,0.7769482390943693,21.459113265322756,24.855319076589055,0
563.9,33.241181280076546,13.304622102057706,60.322115686329504,0.7839854988267208,14.985116544000732,26.16102699514317,0
564.0,32.74642989085731,13.849466824368333,63.77878335568244,0.7910227585590802,8.511119822671349,27.466734913698772,0
564.1,32.25167850163807,14.39431154667896,67.23545102503539,0.7980600182914398,2.0371231013419653,28.77244283225437,0
564.2,31.756927112418833,14.939156268989585,70.69211869438833,0.8050972780237993,-4.43687361998742,30.078150750809968,0
564.3000000000001,30.617541131576566,14.192299648328204,57.10917240140114,0.4902580133133544,30.172307766173546,-2.247103709701713,0
