time_s,amp_mean,amp_std,amp_max,phase_std,i_mean,q_mean,label
0.0,30.99,10.82,48.92,0.113,-21.7,-21.87,0
0.1,31.609397715472483,11.192689511941849,51.824776739356174,0.1224319833852544,22.11823468328141,-22.2306230529595,0
0.2,31.545015576323987,11.169844236760124,51.71470404984424,0.12378193146417446,21.550218068535827,-22.607570093457944,0
0.30000000000000004,31.48063343717549,11.1469989615784,51.60463136033229,0.1251318795430945,20.98220145379024,-22.984517133956384,0
0.4,31.416251298027,11.124153686396676,51.49455867082035,0.12648182762201454,20.41418483904465,-23.361464174454827,0
0.5,31.351869158878504,11.101308411214953,51.38448598130841,0.12783177570093457,19.846168224299063,-23.73841121495327,0
0.6000000000000001,31.287487019730012,11.07846313603323,51.27441329179647,0.12918172377985462,19.278151609553476,-24.115358255451714,0
0.7000000000000001,31.223104880581516,11.055617860851505,51.164340602284526,0.13053167185877468,18.71013499480789,-24.492305295950153,0
0.8,31.158722741433024,11.032772585669782,51.05426791277258,0.1318816199376947,18.142118380062303,-24.869252336448596,0
0.9,31.09434060228453,11.009927310488058,50.94419522326064,0.13323156801661476,17.574101765316716,-25.24619937694704,0
1.0,31.029958463136033,10.987082035306335,50.8341225337487,0.1345815160955348,17.00608515057113,-25.623146417445483,0
1.1,33.118275862068955,16.2462068965517,58.8420689655172,0.1842758620689658,6.595862068965438,-2.5962068965518235,0
1.2000000000000002,20.398510638297836,7.635744680851031,34.32234042553183,0.09817021276595743,-6.321489361702081,18.148297872340528,0
1.3,27.867924528301888,9.645094339622641,44.72320754716981,0.272754716981132,-5.712264150943394,-21.604150943396228,0
1.4000000000000001,30.97372549019608,11.024575163398694,50.760457516339876,0.20075816993464077,21.568431372548996,6.397647058823526,0
1.5,31.646928104575164,11.137864923747278,51.30511982570806,0.3652461873638344,7.9867320261437875,3.3584313725490196,0
1.6,32.320130718954246,11.25115468409586,51.849782135076254,0.5297342047930285,-5.59496732026145,0.31921568627450725,0
1.7000000000000002,32.99333333333333,11.364444444444445,52.394444444444446,0.6942222222222225,-19.176666666666694,-2.720000000000004,0
1.8,33.66653594771242,11.477734204793029,52.93910675381264,0.8587102396514161,-32.75836601307191,-5.75921568627451,0
1.9000000000000001,32.86311827956989,11.372437275985664,52.53777777777778,2.4167526881720414,-31.17326164874552,-1.781111111111099,0
2.0,32.78784946236559,11.336594982078854,51.98222222222222,1.4468602150537628,-30.03706093189964,5.441111111111116,0
2.1,32.71258064516129,11.300752688172043,51.42666666666666,0.4769677419354821,-28.90086021505376,12.663333333333345,0
2.2,31.915161290322576,11.511290322580644,52.44451612903226,0.14677419354838708,29.03290322580645,12.299032258064516,0
2.3000000000000003,29.005023041474647,11.730184331797235,49.24635944700461,0.14239631336405528,26.793271889400916,9.545576036866354,0
2.4000000000000004,26.09488479262672,11.949078341013825,46.04820276497695,0.13801843317972348,24.553640552995383,6.792119815668194,0
2.5,23.1847465437788,12.167972350230414,42.850046082949305,0.1336405529953917,22.31400921658986,4.038663594470044,0
2.6,20.27460829493087,12.386866359447005,39.651889400921654,0.1292626728110599,20.07437788018433,1.2852073732718843,0
2.7,25.34272727272721,8.651818181818161,40.13272727272717,0.1836363636363635,11.381818181818282,-14.930909090908926,0
2.8000000000000003,34.13999999999999,18.631999999999998,64.776,0.15500000000000005,-26.291999999999994,-9.225999999999981,0
2.9000000000000004,33.561686746987945,16.4898313253012,61.590457831325296,0.17909638554216872,-23.005253012048186,1.80291566265063,0
3.0,32.983373493975904,14.347662650602413,58.40491566265061,0.2031927710843373,-19.71850602409639,12.831831325301192,0
3.1,32.405060240963856,12.205493975903615,55.21937349397591,0.227289156626506,-16.431759036144577,23.860746987951803,0
3.2,33.32047210300429,11.636480686695279,52.4862660944206,0.3110772532188841,18.491158798283266,-25.095085836909863,0
3.3000000000000003,32.85695278969957,11.546351931330472,52.06137339055794,0.2715922746781115,20.89888412017168,-17.328991416308995,0
3.4000000000000004,32.39343347639485,11.456223175965665,51.63648068669528,0.23210729613733888,23.306609442060097,-9.562896995708126,0
3.5,31.929914163090128,11.36609442060086,51.21158798283262,0.19262231759656648,25.7143347639485,-1.7968025751072894,0
3.6,31.466394849785406,11.275965665236052,50.78669527896996,0.1531373390557939,28.122060085836917,5.969291845493583,0
3.7,28.51018348623853,10.48270642201835,46.421605504587156,0.18405963302752293,-13.555963302752298,24.57380733944954,0
3.8000000000000003,29.01935779816514,10.61802752293578,47.50188073394496,0.18704128440366974,-15.854128440366978,23.264174311926602,0
3.9000000000000004,29.528532110091742,10.753348623853212,48.58215596330275,0.19002293577981652,-18.152293577981656,21.954541284403668,0
4.0,30.037706422018346,10.888669724770642,49.66243119266055,0.1930045871559633,-20.450458715596326,20.644908256880736,0
4.1000000000000005,30.546880733944953,11.023990825688074,50.74270642201835,0.1959862385321101,-22.748623853211015,19.335275229357798,0
4.2,32.53396396396396,11.854977477477478,53.059617117117114,0.13112162162162164,30.41887387387389,0.6025450450450419,0
4.3,32.795225225225224,11.893265765765765,53.210518018018014,0.1243648648648649,16.33328828828835,3.775968468468454,0
4.4,33.056486486486484,11.931554054054054,53.36141891891892,0.1176081081081081,2.2477027027026857,6.949391891891895,0
4.5,33.317747747747745,11.969842342342341,53.51231981981982,0.11085135135135137,-11.837882882882852,10.122815315315307,0
4.6000000000000005,33.579009009009006,12.00813063063063,53.66322072072072,0.10409459459459457,-25.923468468468513,13.296238738738747,0
4.7,28.634654788418707,10.526837416481069,46.53536748329621,0.14646993318485574,10.599999999999959,24.64993318485521,0
4.800000000000001,28.60792873051225,10.411024498886414,46.112204899777275,0.2538195991091325,1.5999999999999055,19.999599109131353,0
4.9,28.58120267260579,10.295211581291758,45.689042316258345,0.3611692650334083,-7.400000000000068,15.349265033407539,0
5.0,28.554476614699333,10.179398663697103,45.26587973273942,0.4685189309576841,-16.40000000000004,10.698930957683723,0
5.1000000000000005,28.527750556792874,10.063585746102449,44.84271714922048,0.5758685968819609,-25.40000000000009,6.048596881959867,0
5.2,33.77461538461538,20.505384615384607,65.81230769230767,0.1335384615384615,12.05000000000002,30.32384615384613,0
5.300000000000001,33.31521367521367,18.437008547008524,62.37427350427347,0.12392307692307683,16.188888888888933,25.695641025640978,0
5.4,32.85581196581196,16.368632478632463,58.936239316239295,0.11430769230769225,20.327777777777804,21.067435897435868,0
5.5,32.396410256410256,14.300256410256404,55.498205128205115,0.10469230769230767,24.46666666666668,16.439230769230754,0
5.6000000000000005,31.937008547008542,12.231880341880323,52.06017094017091,0.095076923076923,28.60555555555559,11.811025641025601,0
5.7,29.828275109170306,11.343144104803496,48.657379912663764,0.0998231441048035,28.331441048034932,-4.21991266375545,0
5.800000000000001,30.89596069868996,13.688122270742372,53.20323144104806,0.09916812227074236,26.78122270742357,2.92855895196511,0
5.9,31.96364628820961,16.033100436681227,57.74908296943232,0.09851310043668123,25.231004366812222,10.077030567685606,0
6.0,33.03133187772926,18.378078602620082,62.294934497816584,0.0978580786026201,23.680786026200874,17.2255021834061,0
6.1000000000000005,34.09901746724891,20.72305676855896,66.84078602620089,0.09720305676855895,22.13056768558951,24.37397379912666,0
6.2,22.248558951965066,7.805764192139738,35.90235807860262,0.21291703056768557,1.540480349344979,-20.130480349344978,0
6.300000000000001,23.617554585152845,8.32978165938865,38.16218340611355,0.19173799126637545,7.584148471615751,-14.674148471615695,0
6.4,24.986550218340614,8.853799126637554,40.42200873362446,0.1705589519650655,13.62781659388647,-9.217816593886457,0
6.5,26.355545851528383,9.377816593886461,42.68183406113536,0.14937991266375553,19.671484716157188,-3.76148471615722,0
6.6000000000000005,27.724541484716163,9.901834061135371,44.94165938864629,0.12820087336244537,25.71515283842796,1.6948471615720635,0
6.7,30.916652267818577,11.062591792656589,50.162116630669544,0.24109503239740815,15.515723542116607,21.093477321814234,0
6.800000000000001,31.072159827213824,11.071231101511879,50.302505399568034,0.21474514038876868,5.701468682505325,12.538401727861707,0
6.9,31.227667386609074,11.079870410367171,50.44289416846652,0.1883952483801295,-4.112786177105868,3.983326133909255,0
7.0,31.38317494600432,11.088509719222461,50.58328293736501,0.16204535637149028,-13.927041036717064,-4.571749460043197,0
7.1000000000000005,31.538682505399567,11.097149028077753,50.7236717062635,0.13569546436285085,-23.741295896328346,-13.126825053995727,0
7.2,29.372401746724893,10.614978165938863,47.083318777292575,0.18028384279475973,19.48189956331874,17.284235807860203,0
7.300000000000001,29.774148471615725,10.593144104803493,47.402096069868996,0.16412663755458498,12.881462882096,6.52004366812216,0
7.4,30.175895196506556,10.571310043668122,47.72087336244542,0.14796943231441037,6.281026200873319,-4.244148471615787,0
7.5,30.577641921397383,10.549475982532751,48.03965065502183,0.13181222707423576,-0.3194104803493616,-15.008340611353734,0
7.6000000000000005,30.979388646288214,10.527641921397379,48.35842794759825,0.11565502183406101,-6.919847161572104,-25.772532751091777,0
7.7,32.06750000000023,11.050000000000066,50.78250000000039,0.4935000000000705,-0.770000000002451,-23.744999999998875,0
7.800000000000001,34.09234192037471,11.584262295081965,54.236299765807956,1.156135831381732,-20.189601873536255,-9.778969555035133,0
7.9,32.94011709601874,11.207213114754099,52.3768149882904,0.8573067915690871,-6.065480093676836,-11.045948477751756,0
8.0,31.78789227166277,10.830163934426231,50.51733021077285,0.5584777517564421,8.058641686182582,-12.312927400468377,0
8.1,30.6356674473068,10.453114754098365,48.65784543325529,0.25964871194379713,22.182763466042005,-13.579906323185,0
8.200000000000001,29.06420131291026,10.000940919037191,46.53507658643323,0.23932166301970198,-27.548971553610482,-8.551969365426663,0
8.3,27.38805251641136,9.42763676148796,44.093063457330395,0.7828665207877517,-26.198862144420115,-6.328774617067812,0
8.4,25.711903719912463,8.854332603938728,41.651050328227555,1.3264113785558014,-24.848752735229752,-4.105579868708961,0
8.5,24.035754923413567,8.281028446389497,39.20903719912472,1.869956236323851,-23.49864332603939,-1.8823851203501105,0
8.6,22.35960612691467,7.707724288840266,36.76702407002189,2.4135010940919006,-22.148533916849022,0.34080962800874026,0
8.700000000000001,36.087760180995446,21.295022624434356,68.73884615384608,0.10284162895927619,-22.455158371040653,-27.61753393665157,0
8.8,33.06739819004523,18.24977375565609,61.54653846153842,0.11958371040723992,-15.138416289592717,-26.04966063348415,0
8.9,30.047036199095018,15.20452488687782,54.35423076923075,0.13632579185520366,-7.821674208144781,-24.481787330316738,0
9.0,27.026674208144804,12.159276018099552,47.16192307692309,0.1530678733031674,-0.504932126696847,-22.913914027149325,0
9.1,24.006312217194587,9.114027149321284,39.96961538461542,0.16980995475113111,6.811809954751087,-21.346040723981908,0
9.200000000000001,34.12044150110375,12.009381898454745,55.04584988962471,0.14267549668874321,-18.186710816777087,-27.310309050772517,0
9.3,33.81801324503311,11.832781456953642,54.28867549668873,0.2499602649006631,-21.38980132450334,-19.398609271523117,0
9.4,33.51558498896247,11.656181015452539,53.53150110375276,0.35724503311258293,-24.592891832229586,-11.486909492273721,0
9.5,33.21315673289183,11.479580573951436,52.77432671081678,0.46452980132450283,-27.795982339955835,-3.5752097130243214,0
9.600000000000001,32.91072847682119,11.30298013245033,52.017152317880786,0.5718145695364246,-30.999072847682143,4.33649006622522,0
9.700000000000001,38.35746835443037,22.41691983122361,73.8077215189873,0.22255696202531638,34.08590717299574,-14.296666666666688,0
9.8,36.585316455696194,19.760801687763706,68.21278481012656,0.21243037974683543,28.720928270042176,-17.463333333333342,0
9.9,34.81316455696203,17.1046835443038,62.61784810126582,0.20230379746835445,23.355949367088613,-20.629999999999995,0
10.0,33.04101265822786,14.448565400843895,57.02291139240509,0.19217721518987346,17.99097046413505,-23.796666666666653,0
10.100000000000001,31.268860759493656,11.792447257383943,51.42797468354425,0.1820506329113923,12.62599156118139,-26.96333333333336,0
10.200000000000001,20.954832214765112,7.217651006711414,33.978926174496664,0.08943624161073827,4.068187919463051,-18.71919463087243,0
10.3,22.787046979865778,7.868657718120808,36.90510067114095,0.09234451901565996,-2.0772259507830233,-10.247158836689001,0
10.4,24.619261744966447,8.519664429530202,39.83127516778524,0.09525279642058165,-8.222639821029098,-1.7751230425055695,0
10.5,26.451476510067117,9.170671140939596,42.75744966442953,0.09816107382550335,-14.36805369127517,6.696912751677861,0
10.600000000000001,28.28369127516782,9.821677852349003,45.68362416107387,0.1010693512304251,-20.513467561521352,15.168948545861443,0
10.700000000000001,22.147111111111137,7.989333333333341,36.24155555555559,0.20477777777777761,19.705999999999907,-4.03088888888896,0
10.8,23.98266666666668,8.536000000000003,38.999333333333354,0.19366666666666657,12.385999999999951,-9.435333333333372,0
10.9,25.818222222222225,9.082666666666666,41.757111111111115,0.18255555555555553,5.065999999999995,-14.839777777777783,0
11.0,27.65377777777777,9.629333333333332,44.514888888888876,0.1714444444444445,-2.2539999999999623,-20.244222222222195,0
11.100000000000001,29.489333333333345,10.176000000000004,47.27266666666669,0.16033333333333324,-9.574000000000048,-25.648666666666703,0
11.200000000000001,29.06478448275863,10.1898275862069,47.50952586206898,0.35671551724137884,23.4067241379309,-0.0850862068965893,0
11.3,29.980732758620697,10.422586206896552,48.774612068965524,0.31576724137931006,11.329137931034401,-3.4687068965517462,0
11.4,30.89668103448276,10.655344827586207,50.03969827586207,0.2748189655172413,-0.7484482758620992,-6.852327586206904,0
11.5,31.812629310344825,10.88810344827586,51.30478448275862,0.2338706896551725,-12.826034482758594,-10.235948275862063,0
11.600000000000001,32.7285775862069,11.120862068965518,52.56987068965519,0.192922413793103,-24.903620689655313,-13.61956896551728,0
11.700000000000001,32.13684759916492,11.204885177453026,52.63538622129436,0.11840292275574112,3.7838204592901787,-29.10876826722335,0
11.8,31.349791231732777,10.95436325678497,51.205323590814196,0.11568893528183716,0.6648225469728564,-16.966805845511473,0
11.9,30.562734864300626,10.703841336116911,49.77526096033403,0.1129749478079332,-2.454175365344466,-4.824843423799596,0
12.0,29.77567849686848,10.453319415448853,48.34519832985387,0.11026096033402923,-5.573173277661788,7.3171189979122815,0
12.100000000000001,28.988622129436315,10.202797494780791,46.91513569937368,0.10754697286012523,-8.692171189979167,19.45908141962437,0
12.200000000000001,32.935000000001274,11.58250000000037,53.34500000000217,0.12475000000000999,-19.090000000011727,13.087499999998013,0
12.3,31.49461538461538,10.940769230769229,50.976153846153835,0.1316153846153846,-26.281538461538453,3.532307692307681,0
12.4,28.59018648018649,9.870839160839164,46.11368298368299,0.1271864801864802,-20.202284382284397,-3.8593006993006806,0
12.5,25.685757575757595,8.800909090909098,41.251212121212156,0.1227575757575758,-14.123030303030344,-11.250909090909042,0
12.600000000000001,22.78132867132865,7.730979020979014,36.38874125874122,0.11832867132867131,-8.043776223776185,-18.642517482517533,0
12.700000000000001,29.585622222222224,10.141266666666667,47.525644444444445,0.0918022222222223,-28.116111111111067,-7.873844444444513,0
12.8,29.667844444444444,10.147933333333334,47.450088888888885,0.0960244444444445,-25.727222222222192,-11.578288888888936,0
12.9,29.75006666666667,10.1546,47.37453333333333,0.10024666666666669,-23.338333333333317,-15.28273333333336,0
13.0,29.83228888888889,10.161266666666666,47.29897777777778,0.10446888888888889,-20.949444444444442,-18.98717777777778,0
13.100000000000001,29.914511111111114,10.167933333333334,47.223422222222226,0.10869111111111117,-18.560555555555524,-22.69162222222227,0
13.200000000000001,31.569166666666668,10.783157894736842,49.106337719298246,0.1366425438596491,-21.018114035087724,-21.270855263157863,0
13.3,31.485833333333332,10.83578947368421,49.371688596491225,0.12721271929824562,-22.250570175438597,-12.514276315789463,0
13.4,31.4025,10.888421052631578,49.63703947368421,0.11778289473684211,-23.483026315789473,-3.757697368421063,0
13.5,31.319166666666668,10.941052631578946,49.90239035087719,0.10835307017543863,-24.715482456140347,4.998881578947337,0
13.600000000000001,31.235833333333332,10.993684210526316,50.16774122807018,0.09892324561403498,-25.94793859649124,13.755460526315893,0
13.700000000000001,34.32995717344751,11.714325481798708,54.43220556745179,2.3894346895074854,-32.62458244111339,0.28858672376862504,0
13.8,33.01732334047107,11.290342612419694,52.53284796573873,1.8626680942184084,-27.076402569593075,-6.028329764454043,0
13.9,31.704689507494635,10.86635974304068,50.63349036402568,1.3359014989293316,-21.52822269807276,-12.345246252676711,0
14.0,30.392055674518197,10.442376873661669,48.734132762312626,0.8091349036402551,-15.980042826552445,-18.662162740899383,0
14.100000000000001,29.079421841541734,10.018394004282648,46.83477516059954,0.282368308351169,-10.431862955032031,-24.979079229122163,0
14.200000000000001,34.08459161147903,20.670176600441494,67.31664459161146,0.09257395143487862,-16.031103752759368,29.42019867549669,0
14.3,33.378189845474616,18.489161147902866,63.755938189845466,0.10427373068432672,-10.399757174392935,29.466556291390727,0
14.4,32.671788079470204,16.308145695364242,60.195231788079475,0.11597350993377481,-4.7684105960265,29.51291390728477,0
14.5,31.965386313465785,14.127130242825615,56.63452538631348,0.1276732891832229,0.8629359823399305,29.559271523178808,0
14.600000000000001,31.25898454746136,11.94611479028695,53.073818984547415,0.13937306843267122,6.494282560706463,29.60562913907285,0
14.700000000000001,35.741390728476794,21.10640176600438,70.4868211920529,0.09335320088300224,-27.876887417218487,21.789006622516574,0
14.8,34.19834437086091,18.638410596026464,64.87092715231782,0.09511920529801327,-23.71132450331121,23.034039735099352,0
14.9,32.655298013245016,16.170419426048543,59.25503311258273,0.0968852097130243,-19.545761589403934,24.27907284768213,0
15.0,31.112251655629127,13.702428256070622,53.63913907284764,0.09865121412803533,-15.38019867549666,25.524105960264908,0
15.100000000000001,29.56920529801321,11.23443708609266,48.02324503311246,0.1004172185430464,-11.21463576158931,26.76913907284771,0
15.200000000000001,29.676601307189532,10.515664488017427,47.22673202614378,0.2410457516339868,27.114836601307154,-1.8013071895424573,0
15.3,27.807320261437905,9.964466230936818,44.42934640522875,0.21620915032679733,19.774967320261425,3.4797385620915153,0
15.4,25.938039215686274,9.41326797385621,41.631960784313726,0.19137254901960787,12.435098039215692,8.76078431372549,0
15.5,24.068758169934647,8.8620697167756,38.8345751633987,0.1665359477124184,5.095228758169959,14.041830065359461,0
15.600000000000001,22.199477124182984,8.310871459694983,36.03718954248363,0.14169934640522847,-2.244640522875901,19.322875816993527,0
15.700000000000001,30.697709251101326,11.46251101321586,51.00376651982379,0.11575770925110149,12.23662995594718,27.81504405286341,0
15.8,30.948810572687226,11.475726872246696,51.023590308370046,0.1250088105726873,14.692577092511035,26.36790748898677,0
15.9,31.199911894273125,11.488942731277533,51.0434140969163,0.13425991189427314,17.14852422907489,24.92077092511013,0
16.0,31.451013215859028,11.50215859030837,51.063237885462556,0.14351101321585896,19.604471365638744,23.473634361233493,0
16.1,31.702114537444935,11.515374449339207,51.08306167400881,0.15276211453744493,22.060418502202644,22.026497797356825,0
16.2,20.967208791208787,7.5175164835164825,34.0476923076923,0.1017912087912088,18.356263736263877,-5.589384615384607,0
16.3,21.268307692307694,7.557076923076923,34.50923076923077,0.10069230769230769,9.389230769230748,-6.11246153846154,0
16.400000000000002,21.5694065934066,7.596637362637363,34.97076923076924,0.09959340659340657,0.42219780219761915,-6.635538461538472,0
16.5,21.870505494505498,7.6361978021978025,35.432307692307695,0.09849450549450549,-8.544835164835188,-7.158615384615386,0
16.6,22.1716043956044,7.675758241758243,35.89384615384616,0.09739560439560438,-17.511868131868315,-7.681692307692319,0
16.7,28.72636363636366,10.378484848484858,46.37212121212125,0.09221212121212106,17.33757575757575,21.793636363636445,0
16.8,26.927662337662333,9.694502164502163,43.41541125541125,0.1036839826839827,17.971774891774892,15.592337662337652,0
16.900000000000002,25.12896103896101,9.01051948051947,40.45870129870125,0.11515584415584434,18.605974025974035,9.391038961038857,0
17.0,23.33025974025975,8.3265367965368,37.501991341991356,0.12662770562770556,19.240173160173157,3.189740259740283,0
17.1,21.531558441558424,7.642554112554105,34.545281385281356,0.13809956709956722,19.8743722943723,-3.0115584415585097,0
17.2,32.809823788546254,11.178722466960352,51.45973568281938,0.08820264317180616,4.755748898678395,-31.601607929515435,0
17.3,32.41775330396475,11.086211453744491,51.371629955947135,0.08908370044052864,10.172048458149831,-27.304251101321547,0
17.400000000000002,32.02568281938325,10.993700440528631,51.283524229074885,0.08996475770925112,15.588348017621268,-23.006894273127656,0
17.5,31.63361233480176,10.901189427312774,51.19541850220264,0.09084581497797356,21.004647577092513,-18.709537444933922,0
17.6,31.241541850220262,10.808678414096914,51.10731277533039,0.09172687224669604,26.420947136563946,-14.412180616740034,0
17.7,33.076739606126914,11.470328227571116,54.13398249452954,0.15374835886214444,28.489190371991274,-10.205207877461698,0
17.8,33.17958424507658,11.433129102844639,54.149299781181625,0.14893435448577674,17.447614879649777,-14.148315098468311,0
17.900000000000002,33.28242888402626,11.395929978118161,54.1646170678337,0.14412035010940907,6.406039387308283,-18.091422319474923,0
18.0,33.38527352297593,11.358730853391686,54.17993435448578,0.13930634573304157,-4.63553610503282,-22.0345295404814,0
18.1,33.488118161925605,11.321531728665208,54.19525164113786,0.1344923413566739,-15.67711159737432,-25.977636761488014,0
18.2,24.135986984815595,8.708459869848127,39.136616052060674,0.22214099783080285,4.047310195227722,-22.941908893709318,0
18.3,26.381106290672466,11.380911062906742,44.86763557483735,0.2000151843817786,8.038633405639938,-23.65774403470716,0
18.400000000000002,28.626225596529338,14.053362255965357,50.59865509761402,0.17788937093275436,12.029956616052157,-24.373579175705004,0
18.5,30.87134490238613,16.725813449023878,56.32967462039049,0.15576355748373089,16.02127982646423,-25.089414316702822,0
18.6,33.116464208243,19.39826464208249,62.06069414316716,0.13363774403470663,20.01260303687645,-25.80524945770067,0
18.7,31.827236842105265,18.697828947368446,60.77554824561407,0.13535745614035075,24.511315789473773,-18.562982456140315,0
18.8,31.656184210526316,16.849144736842103,58.27774122807017,0.1447872807017544,18.11657894736841,-21.334912280701758,0
18.900000000000002,31.485131578947367,15.00046052631576,55.77993421052627,0.15421710526315804,11.72184210526305,-24.106842105263205,0
19.0,31.314078947368422,13.151776315789482,53.282127192982465,0.16364692982456136,5.327105263157918,-26.878771929824552,0
19.1,31.14302631578947,11.303092105263136,50.784320175438566,0.173076754385965,-1.067631578947445,-29.650701754386,0
19.200000000000003,21.50863736263747,7.779912087912124,35.95316483516501,0.08779120879120893,-8.316087912087632,18.734989010989075,0
19.3,23.919626373626418,8.612879120879136,39.966351648351726,0.09108791208791214,-1.883120879120761,20.214109890109917,0
19.400000000000002,26.330615384615452,9.445846153846178,43.97953846153858,0.09438461538461547,4.549846153846337,21.69323076923081,0
19.5,28.7416043956044,10.278813186813188,47.99272527472529,0.09768131868131869,10.982813186813207,23.17235164835165,0
19.6,31.15259340659344,11.111780219780231,52.005912087912144,0.10097802197802201,17.415780219780306,24.651472527472546,0
19.700000000000003,30.511943844492443,10.64267818574514,48.58494600431966,0.15532397408207343,22.237473002159685,-13.984946004319557,0
19.8,30.51842332613391,10.718272138228942,49.16809935205183,0.1564038876889849,11.529049676025947,-6.5680993520518545,0
19.900000000000002,30.52490280777538,10.793866090712743,49.751252699784025,0.15748380129589634,0.8206263498918247,0.848747300216111,0
20.0,30.531382289416847,10.869460043196545,50.3344060475162,0.15856371490280777,-9.887796976241919,8.265593952483815,0
20.1,30.537861771058314,10.945053995680349,50.91755939524839,0.15964362850971925,-20.596220302376036,15.682440604751783,0
20.200000000000003,32.11108843537411,11.387392290249418,53.50850340136047,0.3705532879818693,-24.12045351473922,19.072517006802645,0
20.3,29.811768707482994,10.521179138321997,49.42006802721089,0.9517324263038538,-23.662403628117914,14.630340136054429,0
20.400000000000002,27.512448979591802,9.654965986394545,45.33163265306116,1.5329115646258589,-23.204353741496593,10.188163265306056,0
20.5,25.21312925170069,8.788752834467124,41.24319727891158,2.1140907029478435,-22.746303854875286,5.745986394557841,0
20.6,22.913809523809494,7.9225396825396714,37.154761904761855,2.6952698412698486,-22.28825396825396,1.3038095238094698,0
20.700000000000003,29.742396514161143,10.443071895424808,47.46479302832232,0.09593681917211329,-11.770827886710306,-26.109281045751395,0
20.8,27.509281045751603,9.626078431372537,43.99856209150322,0.09571895424836602,-13.635751633986954,-19.279215686274412,0
20.900000000000002,25.276165577341985,8.809084967320237,40.532331154683995,0.09550108932461873,-15.50067538126367,-12.449150326797183,0
21.0,23.04305010893244,7.992091503267966,37.06610021786489,0.09528322440087146,-17.36559912854032,-5.619084967320198,0
21.1,20.809934640522822,7.1750980392156665,33.59986928104567,0.09506535947712418,-19.230522875817037,1.2109803921570297,0
21.200000000000003,30.901075268817205,10.600537634408603,49.612365591397854,0.2850967741935668,14.748172043010365,-22.424838709677193,0
21.3,30.961290322580645,10.630645161290323,49.70483870967742,0.782516129032266,4.285806451612736,-16.295806451612805,0
21.400000000000002,31.021505376344088,10.660752688172044,49.79731182795699,1.2799354838709829,-6.176559139785265,-10.1667741935482,0
21.5,31.081720430107527,10.690860215053764,49.88978494623656,1.777354838709682,-16.638924731182893,-4.037741935483812,0
21.6,31.14193548387097,10.720967741935485,49.98225806451613,2.2747741935483994,-27.101290322580898,2.091290322580793,0
21.700000000000003,31.025766738660902,10.885529157667388,50.04023758099352,0.14317062634989192,30.4950323974082,-3.8085961123110317,0
21.8,30.88753779697624,10.90280777537797,49.88473002159827,0.1405788336933045,30.292008639308854,-4.272958963282942,0
21.900000000000002,30.749308855291574,10.920086393088555,49.72922246220302,0.137987041036717,30.088984881209498,-4.73732181425487,0
22.0,30.61107991360691,10.937365010799137,49.57371490280777,0.1353952483801296,29.885961123110153,-5.201684665226782,0
22.1,30.472850971922245,10.95464362850972,49.418207343412526,0.13280345572354207,29.682937365010797,-5.666047516198709,0
22.200000000000003,27.94383259911889,10.296497797356807,46.686806167400775,0.1987312775330389,-12.870484581497728,24.173678414096887,0
22.3,26.221365638766503,9.629096916299552,43.4555286343612,0.17582378854625527,-10.698678414096895,23.233149779735676,0
22.400000000000002,24.498898678414058,8.961696035242277,40.224251101321514,0.15291629955947084,-8.526872246695987,22.29262114537443,0
22.5,22.776431718061673,8.294295154185022,36.99297356828194,0.13000881057268723,-6.355066079295154,21.35209251101322,0
22.6,21.05396475770923,7.6268942731277445,33.76169603524225,0.10710132158590281,-4.183259911894245,20.41156387665197,0
22.700000000000003,35.26473118279565,20.567849462365505,68.10473118279555,0.2640537634408596,-6.523655913978381,-33.56086021505372,0
22.8,34.049677419354815,18.247419354838673,63.88967741935477,0.247064516129032,-3.4483870967741437,-32.4490322580645,0
22.900000000000002,32.83462365591394,15.926989247311756,59.67462365591385,0.2300752688172038,-0.3731182795697974,-31.337204301075236,0
23.0,31.619569892473105,13.606559139784924,55.45956989247307,0.2130860215053762,2.7021505376344397,-30.225376344086012,0
23.1,30.404516129032228,11.286129032258009,51.24451612903215,0.19609677419354798,5.777419354838784,-29.11354838709675,0
23.200000000000003,32.12742980561554,11.055183585313172,51.44725701943843,0.196103671706263,9.80213822894148,-27.743002159827114,0
23.3,31.699784017278617,10.942872570194384,50.890021598272135,0.1738574514038877,0.9058099352051876,-23.494622030237583,0
23.400000000000002,31.272138228941678,10.830561555075592,50.332786177105824,0.15161123110151162,-7.9905183585314195,-19.2462419006479,0
23.5,30.844492440604757,10.718250539956806,49.77555075593953,0.12936501079913632,-16.886846652267714,-14.997861771058366,0
23.6,30.416846652267818,10.605939524838012,49.218315334773216,0.10711879049676025,-25.783174946004323,-10.74948164146868,0
23.700000000000003,21.209595505618054,7.7857752808989,34.614988764045066,0.18419999999999942,-7.085280898876547,18.409640449437976,0
23.8,23.778134831460694,8.612741573033713,38.93633707865172,0.16419999999999985,-12.0515730337079,10.692786516853877,0
23.900000000000002,26.346674157303426,9.439707865168556,43.25768539325851,0.1441999999999996,-17.017865168539426,2.975932584269504,0
24.0,28.915213483146065,10.266674157303369,47.579033707865165,0.12420000000000003,-21.98415730337078,-4.740921348314597,0
24.1,31.483752808988797,11.093640449438212,51.90038202247196,0.10419999999999975,-26.950449438202305,-12.457775280898971,0
24.200000000000003,31.1708315098468,11.556520787746154,54.73148796498898,0.12094091903719965,22.48100656455125,17.938708971553144,0
24.3,30.59096280087526,11.167024070021874,52.904354485776764,0.13319474835886239,18.568533916848935,7.3916630196934285,0
24.400000000000002,30.0110940919037,10.777527352297579,51.07722100656449,0.14544857768052558,14.656061269146477,-3.1553829321666633,0
24.5,29.43122538293216,10.3880306345733,49.25008752735228,0.1577024070021883,10.74358862144416,-13.702428884026375,0
24.6,28.8513566739606,9.998533916849006,47.42295404814,0.16995623632385148,6.831115973741703,-24.249474835886467,0
24.700000000000003,31.539420935411986,11.422004454342966,52.41792873051217,0.19668374164810645,10.734988864142455,27.027683741647884,0
24.8,29.4837416481069,10.537817371937637,48.56492204899776,0.17396659242761686,6.44545657015589,15.804966592427585,0
24.900000000000002,27.42806236080174,9.653630289532275,44.711915367483215,0.15124944320712647,2.1559242761691735,4.582249443206887,0
25.0,25.37238307349665,8.769443207126944,40.8589086859688,0.12853229398663688,-2.133608017817391,-6.640467706013414,0
25.1,23.31670378619149,7.885256124721582,37.005902004454256,0.10581514476614648,-6.423140311804108,-17.863184855234113,0
25.200000000000003,32.15657266811277,10.829978308026023,50.11236442516265,0.09159652928416508,-15.011214750542281,-28.281930585683277,0
25.3,30.078481561822137,10.196572668112802,47.153579175705005,0.1102516268980476,-13.481930585683306,-26.655032537960963,0
25.400000000000002,28.00039045553143,9.563167028199558,44.19479392624726,0.1289067245119308,-11.952646420824278,-25.028134490238592,0
25.5,25.922299349240795,8.929761388286337,41.23600867678961,0.1475618221258133,-10.423362255965303,-23.40123644251628,0
25.6,23.844208242950085,8.296355748373095,38.277223427331855,0.1662169197396965,-8.894078091106273,-21.774338394793908,0
25.700000000000003,30.868318777292583,10.994082969432311,50.58700873362445,0.09070524017467244,15.907358078602376,22.02696506550164,0
25.8,31.01024017467249,10.935131004366811,50.501855895196506,0.0896135371179039,10.416091703056665,9.867576419213743,0
25.900000000000002,31.152161572052407,10.876179039301308,50.416703056768554,0.08852183406113534,4.92482532751076,-2.291812227074587,0
26.0,31.294082969432313,10.817227074235808,50.33155021834061,0.0874301310043668,-0.5664410480349495,-14.451200873362485,0
26.1,31.43600436681223,10.758275109170306,50.246397379912665,0.08633842794759823,-6.057707423580858,-26.610589519650812,0
26.200000000000003,30.95398249452954,10.67929978118162,49.24798687089716,0.24428665207877398,24.52564551422318,-17.416411378555818,0
26.3,30.929912472647704,10.716498905908097,49.47993435448578,0.21343326039387314,23.788227571115975,-18.48205689277899,0
26.400000000000002,30.905842450765864,10.753698030634574,49.7118818380744,0.18257986870897125,23.050809628008746,-19.5477024070022,0
26.5,30.881772428884027,10.79089715536105,49.94382932166302,0.15172647702407038,22.31339168490154,-20.61334792122537,0
26.6,30.85770240700219,10.828096280087527,50.175776805251644,0.12087308533916849,21.57597374179431,-21.678993435448575,0
26.700000000000003,21.27174008810577,12.203898678414086,40.377929515418536,0.10122026431718065,2.2283700440527214,-18.485484581497644,0
26.8,23.238700440528632,11.699493392070485,41.80964757709251,0.10210132158590308,-4.5381497797356705,-11.267422907489,0
26.900000000000002,25.205660792951566,11.195088105726866,43.24136563876654,0.10298237885462556,-11.304669603524303,-4.049361233480099,0
27.0,27.17262114537443,10.690682819383266,44.673083700440515,0.103863436123348,-18.071189427312696,3.16870044052855,0
27.1,29.13958149779736,10.186277533039647,46.10480176211454,0.10474449339207048,-24.83770925110133,10.38676211453745,0
27.200000000000003,34.903333333333286,20.121241830065284,66.83932461873623,0.10705228758169923,-24.19154684095818,-19.836143790849476,0
27.3,33.56999999999998,17.91862745098036,62.42320261437902,0.10378431372549014,-11.886535947712241,-14.202156862745017,0
27.400000000000002,32.23666666666663,15.716013071895361,58.00708061002166,0.10051633986928095,0.41847494553413256,-8.568169934640357,0
27.5,30.90333333333332,13.513398692810437,53.590958605664454,0.09724836601307187,12.723485838780068,-2.9341830065358963,0
27.6,29.56999999999997,11.310784313725438,49.174836601307085,0.09398039215686267,25.028496732026444,2.699803921568762,0
27.700000000000003,28.944957805907165,10.72569620253164,48.69453586497889,0.30114135021099275,-6.478312236287099,26.198354430379506,0
27.8,28.816265822784807,10.59911392405063,48.27892405063291,0.9072594936708953,-11.330632911392478,19.6793670886075,0
27.900000000000002,28.68757383966244,10.472531645569616,47.86331223628691,1.5133776371308194,-16.18295358649803,13.160379746835257,0
28.0,28.558881856540083,10.345949367088606,47.44770042194092,2.119495780590722,-21.03527426160341,6.641392405063247,0
28.1,28.430189873417717,10.219367088607592,47.03208860759493,2.725613924050646,-25.88759493670896,0.12240506329100498,0
28.200000000000003,32.49851769911502,11.661438053097337,53.04719026548669,0.26086946902654706,28.442831858406816,11.502743362832037,0
28.3,31.87241150442477,11.47780973451327,52.129048672566356,0.22215265486725597,22.265840707964493,15.706283185840782,0
28.400000000000002,31.2463053097345,11.294181415929197,51.21090707964599,0.18343584070796354,16.088849557521954,19.909823008849674,0
28.5,30.620199115044247,11.110553097345132,50.29276548672566,0.14471902654867247,9.911858407079631,24.113362831858417,0
28.6,29.994092920353975,10.926924778761059,49.3746238938053,0.10600221238938001,3.734867256637088,28.316902654867313,0
28.700000000000003,30.664781659388662,10.917751091703062,49.58460698689958,0.09716157205240186,-11.280895196506638,-26.77441048034916,0
28.8,31.4267903930131,11.116441048034936,50.55622270742358,0.10327510917030569,-15.706659388646298,-17.481834061135352,0
28.900000000000002,32.18879912663757,11.315131004366815,51.527838427947614,0.10938864628820973,-20.132423580786114,-8.189257641921213,0
29.0,32.95080786026201,11.51382096069869,52.49945414847162,0.11550218340611354,-24.558187772925773,1.1033187772925928,0
29.1,33.71281659388647,11.71251091703057,53.471069868995656,0.12161572052401759,-28.983951965065593,10.395895196506736,0
29.200000000000003,30.07036697247705,10.629518348623854,49.03298165137614,0.10891055045871549,28.421444954128333,-8.853142201834585,0
29.3,29.749266055045865,10.613463302752294,48.7990366972477,0.10592889908256876,25.469610091743075,-1.291215596330158,0
29.400000000000002,29.42816513761467,10.597408256880733,48.56509174311926,0.10294724770642193,22.51777522935771,6.270711009174537,0
29.5,29.10706422018348,10.581353211009175,48.33114678899083,0.0999655963302752,19.565940366972452,13.832637614678964,0
29.6,28.785963302752286,10.565298165137614,48.09720183486238,0.09698394495412838,16.614105504587087,21.39456422018366,0
29.700000000000003,36.61781456953639,21.66838852097125,71.82540838852086,0.28923841059602556,-9.164083885209674,-34.317571743929335,0
29.8,35.10788079470199,19.07015452538631,66.53181015452537,0.24486754966887414,-7.228101545253862,-33.30653421633554,0
29.900000000000002,33.597947019867526,16.47192052980128,61.238211920529714,0.20049668874172114,-5.292119205297983,-32.29549668874171,0
30.0,32.08801324503312,13.873686534216345,55.94461368653424,0.1561258278145697,-3.3561368653421715,-31.284459161147907,0
30.1,30.57807947019866,11.275452538631317,50.65101545253857,0.1117549668874167,-1.4201545253862928,-30.273421633554072,0
30.200000000000003,33.554615384615374,11.676425339366514,54.90230769230767,0.10413122171945718,-29.078506787330127,-13.447737556560968,0
30.3,32.900769230769235,11.540678733031674,53.82538461538462,0.11544343891402707,-16.86357466063356,-5.9251131221719895,0
30.400000000000002,32.24692307692307,11.404932126696831,52.74846153846153,0.12675565610859738,-4.648642533936556,1.5975113122172555,0
30.5,31.593076923076932,11.269185520361992,51.671538461538475,0.13806787330316725,7.566289592760011,9.120135746606234,0
30.6,30.939230769230768,11.133438914027149,50.59461538461538,0.14938009049773754,19.78122171945701,16.642760180995477,0
30.700000000000003,31.280955414012713,10.742292993630565,50.414649681528616,1.4227834394904417,-27.316942675159183,-9.74337579617825,0
30.8,29.200276008492587,10.081995753715505,47.06645435244164,1.116626326963909,-23.308450106157146,-2.9471974522293536,0
30.900000000000002,27.119596602972386,9.42169851380042,43.71825902335454,0.8104692144373654,-19.299957537154967,3.848980891719785,0
31.0,25.038917197452264,8.76140127388536,40.37006369426757,0.5043121019108328,-15.291464968152928,10.645159235668684,0
31.1,22.958237791932063,8.101104033970277,37.021868365180474,0.1981549893842891,-11.282972399150747,17.441337579617823,0
31.200000000000003,31.486805251641147,11.317396061269148,51.09273522975931,0.09872210065645574,13.309978118161737,24.27273522975888,0
31.3,31.78221006564552,11.345842450765865,51.449409190371995,0.11688402625820588,7.579124726476967,11.629409190371861,0
31.400000000000002,32.07761487964989,11.374288840262583,51.80608315098469,0.13504595185995666,1.848271334791992,-1.013916849015608,0
31.5,32.373019693654264,11.4027352297593,52.16275711159738,0.15320787746170678,-3.882582056892776,-13.657242888402624,0
31.6,32.66842450765864,11.431181619256018,52.519431072210075,0.17136980306345756,-9.61343544857775,-26.300568927790092,0
31.700000000000003,22.77064516129039,8.839892473118345,38.640430107527045,0.09143010752688176,20.204408602150536,9.592795698924833,0
31.8,25.89322580645161,11.9194623655914,46.12215053763441,0.0931505376344086,20.142043010752687,14.323978494623658,0
31.900000000000002,29.015806451612946,14.999032258064563,53.603870967742054,0.09487096774193551,20.079677419354837,19.05516129032265,0
32.0,32.138387096774174,18.078602150537616,61.08559139784942,0.09659139784946236,20.017311827956988,23.786344086021476,0
32.1,35.26096774193551,21.15817204301078,68.56731182795706,0.09831182795698927,19.954946236559138,28.51752688172047,0
32.2,35.455964125560534,21.2691255605381,68.07468609865468,0.11124439461883413,31.47795964125559,-15.779529147982071,0
32.300000000000004,34.4290582959641,18.8632959641255,63.839260089685986,0.11954035874439482,29.197690582959584,-17.176390134529182,0
32.4,33.40215246636774,16.457466367713067,59.603834080717604,0.12783632286995494,26.917421524663737,-18.573251121076197,0
32.5,32.37524663677131,14.051636771300469,55.36840807174892,0.13613228699551563,24.63715246636773,-19.970112107623308,0
32.6,31.34834080717488,11.645807174887867,51.13298206278023,0.14442825112107632,22.356883408071724,-21.36697309417042,0
32.7,30.72116883116883,11.158095238095235,51.132965367965355,0.09270129870129866,9.486298701298523,28.498744588744568,0
32.800000000000004,30.552337662337656,11.062857142857139,50.66759740259739,0.09140259740259735,3.6875974025971843,27.754155844155818,0
32.9,30.3835064935065,10.96761904761905,50.202229437229455,0.09010389610389613,-2.111103896103744,27.00956709956712,0
33.0,30.21467532467533,10.872380952380954,49.73686147186148,0.08880519480519483,-7.9098051948050845,26.26497835497837,0
33.1,30.045844155844158,10.777142857142858,49.27149350649351,0.08750649350649352,-13.708506493506423,25.52038961038962,0
33.2,32.15044943820219,11.144044943820205,51.76835955056171,0.16735730337078597,-29.434921348314557,11.229752808988621,0
33.300000000000004,30.296516853932502,10.45865168539323,48.68521348314594,0.1484808988764037,-27.684359550561723,6.29941573033687,0
33.4,28.442584269662948,9.773258426966303,45.60206741573038,0.12960449438202276,-25.933797752809014,1.3690786516854683,0
33.5,26.58865168539326,9.087865168539327,42.518921348314606,0.11072808988764048,-24.183235955056183,-3.5612584269662833,0
33.6,24.734719101123574,8.40247191011235,39.43577528089884,0.09185168539325819,-22.43267415730335,-8.491595505618035,0
33.7,29.649331797234975,10.5550921658986,48.10389400921651,0.12020046082950975,-3.6187557603687717,29.069838709677228,0
33.800000000000004,27.8359677419354,9.856935483870936,44.98177419354824,0.7642096774193844,-7.793870967742127,21.666612903225467,0
33.9,26.022603686635954,9.158778801843322,41.8596543778802,1.4082188940092133,-11.968986175115186,14.263387096774231,0
34.0,24.20923963133638,8.460622119815657,38.737534562211934,2.052228110599088,-16.144101382488543,6.86016129032247,0
34.1,22.395875576036804,7.762465437787994,35.61541474654367,2.6962373271889626,-20.319216589861895,-0.5430645161292915,0
34.2,34.43372294372291,11.750432900432894,56.0050216450216,0.07896969696969706,-26.041082251081836,-16.93627705627703,0
34.300000000000004,33.632857142857105,11.564285714285706,54.64571428571423,0.08200000000000013,-13.57571428571378,-16.23714285714283,0
34.4,32.83199134199136,11.378138528138532,53.286406926406954,0.08503030303030296,-1.1103463203466113,-15.538008658008675,0
34.5,32.031125541125554,11.191991341991345,51.92709956709959,0.088060606060606,11.355021645021438,-14.83887445887447,0
34.6,31.230259740259747,11.005844155844157,50.567792207792216,0.09109090909090906,23.820389610389498,-14.139740259740266,0
34.7,21.604172185430485,12.331390728476816,42.419801324503325,0.09505298013245034,-19.801258278145717,-7.546490066225125,0
34.800000000000004,23.579889624724128,11.878852097130228,43.96064017660049,0.09527373068432672,-21.931501103752833,-3.9901986754965657,0
34.9,25.555607064017632,11.42631346578367,45.50147902869755,0.09549448123620309,-24.061743929359796,-0.43390728476825835,0
35.0,27.531324503311275,10.973774834437082,47.04231788079472,0.09571523178807947,-26.191986754966912,3.1223841059603004,0
35.1,29.50704194260492,10.521236203090492,48.58315673289189,0.09593598233995586,-28.322229580574025,6.678675496688861,0
35.2,32.41,11.625384615384613,54.781538461538446,0.10069230769230762,-12.505384615384568,24.61615384615363,0
35.300000000000004,32.271111111111104,11.501452991452986,54.14692307692305,0.09705982905982892,-9.575897435897325,11.577692307691809,0
35.4,32.132222222222225,11.37752136752137,53.5123076923077,0.09342735042735047,-6.646410256410289,-1.4607692307690883,0
35.5,31.993333333333332,11.253589743589743,52.8776923076923,0.08979487179487175,-3.7169230769230452,-14.499230769230916,0
35.6,31.85444444444444,11.129658119658115,52.2430769230769,0.08616239316239305,-0.7874358974358024,-27.537692307692733,0
35.7,24.389350649350693,8.527922077922094,39.62878787878795,0.13898268398268354,-15.479783549783217,-14.562380952380936,0
35.800000000000004,25.668571428571482,9.021428571428592,41.750000000000085,0.12642857142857092,-5.572857142856741,-14.038571428571407,0
35.9,26.94779220779218,9.514935064935052,43.871212121212075,0.11387445887445917,4.334069264069033,-13.514761904761917,0
36.0,28.227012987012966,10.00844155844155,45.99242424242421,0.10132034632034653,14.24099567099551,-12.99095238095239,0
36.1,29.506233766233755,10.501948051948048,48.113636363636346,0.0887662337662339,24.147922077921983,-12.467142857142862,0
36.2,31.29451612903214,11.16408602150533,50.66612903225787,0.15168817204301024,27.471612903225544,-13.437741935483963,0
36.300000000000004,29.15258064516116,10.34043010752683,47.130645161290104,0.1424408602150532,22.678064516128735,-15.108709677419458,0
36.4,27.010645161290327,9.51677419354839,43.59516129032259,0.1331935483870968,17.88451612903227,-16.779677419354833,0
36.5,24.868709677419346,8.69311827956989,40.05967741935482,0.12394623655913975,13.090967741935462,-18.45064516129033,0
36.6,22.726774193548366,7.869462365591389,36.52419354838706,0.11469892473118269,8.297419354838656,-20.121612903225824,0
36.7,30.664400000000004,11.0168,49.5444,0.087,7.620800000000033,29.356799999999982,0
36.800000000000004,30.911066666666674,11.110133333333337,49.90217777777779,0.087,11.403022222222344,27.339022222222155,0
36.9,31.15773333333333,11.203466666666666,50.25995555555555,0.087,15.185244444444386,25.321244444444474,0
37.0,31.404400000000003,11.296800000000001,50.61773333333334,0.087,18.9674666666667,23.30346666666665,0
37.1,31.651066666666676,11.390133333333337,50.975511111111125,0.087,22.74968888888901,21.285688888888824,0
37.2,31.786623376623382,11.114805194805196,51.368571428571435,0.08536363636363639,-19.679090909090863,24.400389610389634,0
37.300000000000004,32.18922077922079,11.259826839826845,51.98761904761907,0.08687878787878793,-15.633636363636228,26.443679653679723,0
37.4,32.59181818181818,11.404848484848483,52.606666666666655,0.08839393939393937,-11.58818181818188,28.486969696969666,0
37.5,32.994415584415584,11.549870129870131,53.22571428571429,0.08990909090909092,-7.5427272727272445,30.530259740259755,0
37.6,33.397012987013,11.69489177489178,53.844761904761924,0.09142424242424246,-3.497272727272609,32.57354978354984,0
37.7,29.714140969162983,10.1295154185022,47.44378854625549,0.16866519823788528,-25.193171806167353,-11.4274008810572,0
37.800000000000004,28.148061674008776,9.669162995594704,45.042907488986735,0.1506035242290745,-19.706387665198122,-3.458237885462383,0
37.9,26.581982378854683,9.208810572687241,42.64202643171815,0.13254185022026496,-14.219603524229276,4.510925110131865,0
38.0,25.01590308370048,8.748458149779747,40.241145374449395,0.11448017621145416,-8.732819383260043,12.480088105726683,0
38.1,23.449823788546272,8.288105726872253,37.84026431718064,0.09641850220264336,-3.2460352422908088,20.449251101321497,0
38.2,33.843793103448256,12.21540948275871,54.35881465517251,0.08985560344827648,22.591228448275942,-24.835064655172275,0
38.300000000000004,33.49896551724136,13.877047413793196,56.15407327586217,0.10127801724137994,24.076142241379394,-22.255323275861926,0
38.400000000000006,33.15413793103446,15.538685344827682,57.949331896551826,0.11270043103448342,25.561056034482842,-19.675581896551577,0
38.5,32.80931034482759,17.20032327586205,59.744590517241356,0.12412284482758608,27.04596982758619,-17.09584051724141,0
38.6,32.46448275862069,18.861961206896538,61.53984913793102,0.13554525862068956,28.53088362068964,-14.516099137931059,0
38.7,32.49648471615721,11.996768558951993,53.489192139738044,0.17729257641921395,31.04255458515281,1.8380786026201623,0
38.800000000000004,33.520502183406144,14.503318777292648,58.11582969432328,0.17467248908296934,28.38534934497809,8.571703056768753,0
38.900000000000006,34.54451965065507,17.009868995633305,62.74246724890852,0.17205240174672476,25.72814410480337,15.305327510917342,0
39.0,35.56853711790392,19.516419213973784,67.36910480349343,0.16943231441048037,23.07093886462884,22.038951965065454,0
39.1,36.59255458515285,22.02296943231444,71.99574235807866,0.1668122270742358,20.413733624454117,28.772576419214044,0
39.2,30.212879818594118,10.751473922902496,50.2400680272109,1.9694376417233548,-27.785782312925196,7.278775510203998,0
39.300000000000004,30.69360544217689,10.855782312925173,50.96795918367349,1.918870748299318,-28.656530612244932,4.176734693877441,0
39.400000000000006,31.17433106575966,10.96009070294785,51.69585034013608,1.8683038548752813,-29.527278911564665,1.0746938775508825,0
39.5,31.655056689342395,11.06439909297052,52.42374149659862,1.8177369614512482,-30.39802721088434,-2.0273469387754544,0
39.6,32.135782312925166,11.168707482993195,53.15163265306121,1.7671700680272113,-31.268775510204076,-5.1293877551020115,0
39.7,22.710769230769255,8.05153846153847,37.08846153846158,0.1837692307692304,21.166923076923066,-5.641538461538525,0
39.800000000000004,24.21290598290604,8.611367521367542,39.500854700854795,0.16090598290598204,20.547264957264932,-9.534700854701004,0
39.900000000000006,25.715042735042825,9.171196581196615,41.913247863248,0.13804273504273368,19.9276068376068,-13.427863247863483,0
40.0,27.217179487179504,9.731025641025647,44.32564102564105,0.11517948717948694,19.30794871794871,-17.321025641025685,0
40.1,28.71931623931629,10.29085470085472,46.73803418803426,0.09231623931623857,18.68829059829058,-21.21418803418816,0
40.2,30.66411889596601,11.008004246284493,49.98220806794052,0.11719745222929895,29.387622080679275,2.2408067940548784,0
40.300000000000004,30.324416135881084,10.853014861995744,49.38772823779189,0.1101910828025473,27.181677282377773,-3.2071762208071517,0
40.400000000000006,29.984713375796154,10.698025477706995,48.79324840764327,0.10318471337579567,24.975732484076275,-8.655159235669181,0
40.5,29.64501061571125,10.543036093418257,48.19876857749469,0.09617834394904452,22.76978768577493,-14.103142250530825,0
40.6,29.30530785562632,10.38804670912951,47.60428874734607,0.08917197452229289,20.563842887473427,-19.551125265392855,0
40.7,31.216365591397842,10.990473118279574,50.73948387096775,0.10009247311828078,-26.492516129031895,13.51197849462388,0
40.800000000000004,31.117440860215048,11.050688172043015,50.85561290322582,0.12095268817204435,-20.176387096773787,17.40015053763466,0
40.900000000000006,31.01851612903225,11.110903225806457,50.971741935483884,0.14181290322580795,-13.860258064515676,21.28832258064544,0
41.0,30.919591397849462,11.171118279569892,51.087870967741935,0.16267311827957004,-7.544129032258017,25.17649462365594,0
41.1,30.820666666666664,11.231333333333334,51.204,0.18353333333333363,-1.2279999999999092,29.064666666666717,0
41.2,29.225789473684213,10.332631578947371,46.737894736842115,0.20215789473684181,28.42105263157894,2.1994736842105613,0
41.300000000000004,29.541578947368432,10.468596491228075,47.604122807017575,0.17781578947368337,27.883771929824544,5.322280701754493,0
41.400000000000006,29.857368421052648,10.60456140350878,48.470350877193034,0.15347368421052493,27.346491228070146,8.445087719298424,0
41.5,30.173157894736846,10.740526315789475,49.33657894736843,0.1291315789473682,26.809210526315784,11.567894736842133,0
41.6,30.488947368421062,10.87649122807018,50.20280701754388,0.10478947368420974,26.271929824561386,14.690701754386065,0
41.7,21.62311804008909,7.50599109131403,34.91449888641426,0.2307527839643843,6.72977728285057,-19.21884187082394,0
41.800000000000004,21.638708240534523,7.485946547884186,35.03699331848553,0.8245167037862215,0.22866369710434764,-15.61305122494414,0
41.900000000000006,21.654298440979957,7.465902004454342,35.1594877505568,1.418280623608059,-6.272449888641875,-12.00726057906434,0
42.0,21.66988864142539,7.445857461024499,35.28198218262806,2.012044543429854,-12.773563474387634,-8.401469933184796,0
42.1,21.685478841870825,7.425812917594654,35.404476614699334,2.6058084632516914,-19.274677060133854,-4.795679287304997,0
42.2,30.634865470852024,10.355829596412558,50.560426008968626,0.18427578475336312,-21.640784753363178,-19.95251121076235,0
42.300000000000004,31.533968609865493,10.728026905829607,52.62993273542606,0.1661143497757843,-13.97934977578456,-22.835919282511284,0
42.400000000000006,32.43307174887896,11.100224215246653,54.6994394618835,0.1479529147982055,-6.317914798205937,-25.719327354260216,0
42.5,33.332174887892364,11.472421524663675,56.76894618834079,0.12979147982062794,1.3435201793721383,-28.602735426008948,0
42.6,34.23127802690584,11.844618834080723,58.838452914798225,0.11163004484304914,9.004955156950757,-31.48614349775788,0
42.7,28.598490990991046,10.032117117117139,46.798671171171264,0.33809009009008734,-11.763873873873948,24.449256756756796,0
42.800000000000004,29.66380630630637,10.433018018018043,48.557680180180284,0.2849369369369337,-13.178288288288373,25.212770270270315,0
42.900000000000006,30.729121621621694,10.833918918918947,50.31668918918931,0.23178378378378015,-14.592702702702798,25.976283783783835,0
43.0,31.79443693693694,11.234819819819823,52.07569819819821,0.17863063063063034,-16.007117117117126,26.7397972972973,0
43.1,32.859752252252264,11.635720720720727,53.83470720720723,0.12547747747747676,-17.42153153153155,27.50331081081082,0
43.2,32.98161147902868,11.392516556291387,52.227527593818955,0.13341280353201165,25.519845474613113,-15.507417218542578,0
43.300000000000004,32.57984547461366,11.313046357615889,51.761743929359795,0.18528918322296126,14.928233995584334,-6.904768211919997,0
43.400000000000006,32.17807947019865,11.233576158940393,51.29596026490063,0.2371655629139109,4.336622516555554,1.6978807947025842,0
43.5,31.776313465783662,11.1541059602649,50.8301766004415,0.2890419426048568,-6.254988962472474,10.300529801324558,0
43.6,31.37454746136865,11.074635761589404,50.36439293598233,0.34091832229580643,-16.846600441501252,18.903178807947135,0
43.7,30.771741935483874,10.859870967741935,50.442838709677424,0.11835483870967743,-10.922709677419423,27.604064516128968,0
43.800000000000004,30.958838709677426,10.920086021505378,50.7847741935484,0.11943010752688175,-15.324860215053928,23.373956989247155,0
43.900000000000006,31.14593548387098,10.98030107526882,51.12670967741938,0.12050537634408608,-19.727010752688436,19.14384946236534,0
44.0,31.333032258064517,11.040516129032259,51.468645161290326,0.12158064516129033,-24.129161290322628,14.913741935483825,0
44.1,31.52012903225807,11.1007311827957,51.8105806451613,0.12265591397849465,-28.531311827957133,10.68363440860201,0
44.2,22.688185745140405,8.163930885529163,37.18319654427649,0.3669092872570269,17.839244060475032,-4.240626349891999,0
44.300000000000004,24.22814254859615,8.660691144708435,39.70803455723548,0.9939071274298206,6.897559395248118,-3.3637365010798925,0
44.400000000000006,25.76809935205189,9.157451403887707,42.23287257019447,1.6209049676026142,-4.044125269978796,-2.486846652267787,0
44.5,27.308056155507522,9.654211663066944,44.75771058315329,2.2479028077753638,-14.98580993520493,-1.6099568034557432,0
44.6,28.848012958963267,10.150971922246216,47.282548596112285,2.8749006479481576,-25.927494600431846,-0.7330669546436375,0
44.7,30.812162740899353,10.636059957173446,49.661284796573874,0.10952248394004327,-28.22049250535327,-11.778286937901571,0
44.800000000000004,30.690107066381152,10.591092077087792,49.697687366167024,0.11765952890792337,-27.351113490363975,-13.063083511777375,0
44.900000000000006,30.568051391862948,10.546124197002138,49.734089935760174,0.12579657387580348,-26.48173447537468,-14.34788008565318,0
45.0,30.445995717344758,10.501156316916488,49.77049250535332,0.133933618843683,-25.612355460385448,-15.632676659528894,0
45.1,30.323940042826553,10.456188436830836,49.80689507494647,0.14207066381156308,-24.742976445396152,-16.9174732334047,0
45.2,31.42962962962963,11.241220043572985,52.915838779956424,0.15068409586056697,27.4795642701518,3.5958169934642035,0
45.300000000000004,31.392592592592592,11.24557734204793,52.793834422657945,0.16027015250544724,14.906579520696372,6.295163398692981,0
45.400000000000006,31.355555555555554,11.249934640522875,52.67183006535947,0.16985620915032748,2.333594771240943,8.994509803921758,0
45.5,31.31851851851852,11.254291938997822,52.549825708061,0.17944226579520703,-10.239389978213595,11.693856209150345,0
45.6,31.28148148148148,11.258649237472767,52.42782135076253,0.18902832244008727,-22.812374727669024,14.393202614379124,0
45.7,32.15,11.620393013100436,53.38336244541484,0.1032139737991265,-18.933406113537067,25.7407860262009,0
45.800000000000004,32.15,11.572358078602619,53.250174672489074,0.09928384279475963,-17.35043668122263,26.644716157205284,0
45.900000000000006,32.15,11.5243231441048,53.11698689956331,0.09535371179039275,-15.76746724890819,27.548646288209667,0
46.0,32.15,11.476288209606986,52.98379912663755,0.09142358078602614,-14.184497816593865,28.452576419213987,0
46.1,32.15,11.428253275109169,52.850611353711784,0.08749344978165927,-12.601528384279426,29.35650655021837,0
46.2,33.87287356321839,11.48137931034483,53.85264367816092,0.10827586206896565,-14.695057471264283,-30.261609195402315,0
46.300000000000004,33.7303448275862,11.50896551724138,53.905517241379314,0.11379310344827605,-11.396206896551611,-30.893793103448296,0
46.400000000000006,33.58781609195402,11.536551724137933,53.958390804597705,0.11931034482758644,-8.097356321838937,-31.52597701149428,0
46.5,33.44528735632184,11.564137931034482,54.01126436781609,0.12482758620689645,-4.7985057471265,-32.158160919540215,0
46.6,33.30275862068965,11.591724137931035,54.06413793103448,0.13034482758620686,-1.499655172413826,-32.790344827586196,0
46.7,20.970269058296086,7.714394618834115,33.61408071748898,0.14709865470851957,16.086816143497323,9.308834080717094,0
46.800000000000004,23.346950672645868,8.36686098654712,37.32708520179393,0.13521524663677065,7.629417040358286,1.6765470852013777,0
46.900000000000006,25.723632286995652,9.019327354260128,41.04008968609887,0.12333183856502174,-0.8279820627807517,-5.955739910314337,0
47.0,28.100313901345267,9.671793721973087,44.75309417040354,0.11144843049327367,-9.285381165919187,-13.588026905829514,0
47.1,30.476995515695048,10.324260089686092,48.46609865470849,0.09956502242152476,-17.742780269058226,-21.22031390134523,0
47.2,29.770753424657535,10.668904109589043,47.46712328767124,0.17076712328767116,-0.9582876712328733,29.35342465753425,0
47.300000000000004,30.33468036529682,10.878949771689504,48.435159817351625,0.15706849315068452,-0.16148401826481684,29.947031963470337,0
47.400000000000006,30.898607305936103,11.088995433789966,49.403196347032015,0.1433698630136979,0.6353196347032397,30.540639269406423,0
47.5,31.462534246575345,11.299041095890413,50.371232876712334,0.12967123287671223,1.4321232876712393,31.13424657534247,0
47.6,32.02646118721463,11.509086757990875,51.339269406392724,0.11597260273972557,2.2289269406392958,31.727853881278556,0
47.7,30.701403508771946,11.02995614035088,50.46912280701756,0.1510877192982455,-20.360131578947264,18.50929824561366,0
47.800000000000004,31.245263157894758,11.106710526315792,51.00421052631581,0.14757894736842092,-17.129868421052503,6.737368421052169,0
47.900000000000006,31.78912280701757,11.183464912280705,51.53929824561406,0.14407017543859632,-13.899605263157742,-5.034561403509322,0
48.0,32.33298245614034,11.260219298245612,52.074385964912274,0.140561403508772,-10.669342105263212,-16.80649122806998,0
48.1,32.87684210526315,11.336973684210525,52.60947368421053,0.1370526315789474,-7.439078947368451,-28.57842105263147,0
48.2,29.057152777777777,10.493125000000001,46.98451388888889,0.14175694444444503,25.693888888888868,12.177291666666665,0
48.300000000000004,29.628912037037054,10.597291666666669,47.80164351851854,0.5336550925926032,12.490185185184828,10.420347222222174,0
48.400000000000006,30.200671296296328,10.701458333333338,48.61877314814819,0.9255532407407615,-0.7135185185192157,8.663402777777685,0
48.5,30.77243055555556,10.805625000000001,49.435902777777784,1.317451388888892,-13.917222222222318,6.90645833333332,0
48.6,31.344189814814836,10.90979166666667,50.25303240740744,1.70934953703705,-27.12092592592636,5.14951388888883,0
48.7,30.866995708154434,10.637167381974225,50.98776824034323,0.08850214592274692,-6.897296137338897,-29.41223175965656,0
48.800000000000004,28.858412017167286,9.97193133047207,47.524248927038464,0.09279399141630922,-2.4895708154504312,-26.87575107296125,0
48.900000000000006,26.849828326180138,9.306695278969917,44.0607296137337,0.09708583690987149,1.9181545064380323,-24.339270386265945,0
49.0,24.84124463519313,8.64145922746781,40.59721030042918,0.10137768240343348,6.325879828326183,-21.802789699570816,0
49.1,22.832660944205983,7.976223175965656,37.133690987124425,0.10566952789699577,10.733605150214649,-19.266309012875503,0
49.2,31.204736842105223,10.803596491228065,49.770614035087675,0.1063771929824568,8.439561403508588,-26.301403508771227,0
49.300000000000004,30.507368421052586,10.709298245614029,49.02280701754381,0.11843859649122883,5.152280701754177,-13.770701754385168,0
49.400000000000006,29.80999999999995,10.614999999999993,48.27499999999995,0.13050000000000087,1.8649999999997666,-1.2399999999991067,0
49.5,29.11263157894736,10.520701754385964,47.527192982456135,0.14256140350877203,-1.42228070175441,11.29070175438606,0
49.6,28.415263157894724,10.426403508771928,46.77938596491227,0.15462280701754405,-4.70956140350882,23.821403508772118,0
49.7,30.31199566160519,11.026876355748364,49.54173535791755,0.24558568329720604,23.369067245118636,12.712255965292723,0
49.800000000000004,30.06036876355747,10.855509761388277,49.192494577006485,0.7152169197397231,11.26928416485831,10.558242950108337,0
49.900000000000006,29.80874186550975,10.68414316702819,48.843253796095425,1.1848481561822404,-0.8304989154020177,8.40422993492395,0
50.0,29.55711496746204,10.512776572668114,48.494013015184386,1.6544793926247243,-12.930281995661485,6.250216919739717,0
50.1,29.30548806941432,10.341409978308027,48.14477223427332,2.1241106290672414,-25.030065075921815,4.096203904555331,0
50.2,31.688678414096945,11.671365638766591,51.88801762114551,0.08390748898678459,18.69947136563879,-25.446740088105745,0
50.300000000000004,32.68207048458154,14.028193832599221,56.128105726872434,0.09844493392070548,19.496828193832634,-26.030440528634387,0
50.400000000000006,33.67546255506613,16.38502202643185,60.36819383259936,0.11298237885462636,20.294185022026475,-26.614140969163028,0
50.5,34.66885462555066,18.74185022026431,64.60828193832599,0.12751982378854623,21.091541850220263,-27.19784140969163,0
50.6,35.662246696035254,21.09867841409694,68.84837004405291,0.1420572687224671,21.888898678414105,-27.781541850220272,0
50.7,29.13614379084965,10.746470588235285,47.52222222222218,0.10217647058823535,22.366470588235153,13.484836601307123,0
50.800000000000004,27.556623093681857,10.001372549019582,44.92962962962953,0.10609803921568642,12.288039215685902,8.567625272330975,0
50.900000000000006,25.977102396514066,9.256274509803877,42.33703703703688,0.1100196078431375,2.209607843136652,3.6504139433548293,0
51.0,24.397581699346386,8.511176470588227,39.74444444444441,0.11394117647058828,-7.868823529411884,-1.2667973856209684,0
51.1,22.818061002178595,7.766078431372524,37.15185185185176,0.11786274509803935,-17.94725490196113,-6.184008714597116,0
51.2,30.396450216450233,10.839696969696972,49.106493506493514,0.145298701298701,2.988528138527969,29.347878787878763,0
51.300000000000004,30.82285714285716,10.870000000000001,49.314285714285724,0.1368571428571425,-2.0785714285716343,28.55999999999997,0
51.400000000000006,31.24926406926409,10.900303030303032,49.52207792207793,0.128415584415584,-7.145670995671238,27.772121212121174,0
51.5,31.675670995670988,10.93060606060606,49.72987012987013,0.11997402597402611,-12.21277056277048,26.98424242424244,0
51.6,32.10207792207792,10.960909090909091,49.93766233766234,0.11153246753246762,-17.279870129870083,26.196363636363643,0
51.7,29.875302013422818,10.282818791946308,47.35389261744966,0.24877852348993273,15.360805369127496,-22.283959731543526,0
51.800000000000004,29.626979865771805,10.29847874720358,46.93107382550334,0.23088143176733722,13.031946308724756,-10.583736017896712,0
51.900000000000006,29.37865771812079,10.31413870246085,46.50825503355702,0.2129843400447417,10.703087248322015,1.1164876957501022,0
52.0,29.130335570469796,10.32979865771812,46.085436241610736,0.19508724832214747,8.374228187919439,12.816711409396085,0
52.1,28.882013422818783,10.345458612975392,45.66261744966442,0.17719015659955195,6.0453691275166985,24.51693512304289,0
52.2,32.39698072805135,11.210064239828679,50.10293361884362,0.19436830835117744,25.61509635974302,-18.315096359742977,0
52.300000000000004,29.471927194860722,10.293576017130592,45.91663811563156,0.17316916488222633,24.24036402569589,-13.940364025695793,0
52.400000000000006,26.546873661670094,9.377087794432503,41.7303426124195,0.1519700214132752,22.865631691648755,-9.56563169164861,0
52.5,23.621820128479676,8.46059957173448,37.54404710920774,0.13077087794432563,21.490899357601723,-5.190899357601738,0
52.6,20.696766595289045,7.544111349036392,33.357751605995674,0.1095717344753745,20.11616702355459,-0.8161670235545557,0
52.7,37.55213043478249,21.484673913043324,69.65471739130406,0.20346304347825964,-18.24667391304299,-30.657956521739024,0
52.800000000000004,35.591260869565076,18.886847826086772,64.66993478260835,0.18237608695652024,-9.848847826086363,-28.84491304347813,0
52.900000000000006,33.63039130434766,16.289021739130217,59.68515217391263,0.16128913043478085,-1.451021739129736,-27.03186956521724,0
53.0,31.669521739130385,13.691195652173848,54.70036956521727,0.14020217391304296,6.946804347826291,-25.218826086956476,0
53.1,29.708652173912974,11.093369565217294,49.71558695652156,0.11911521739130357,15.344630434782914,-23.40578260869558,0
53.2,20.943377483443832,7.523024282560747,34.1130242825609,0.18844591611478928,18.189359823399425,-7.181368653421192,0
53.300000000000004,23.353973509933915,8.315518763796955,37.90551876379713,0.16879911699779132,15.569050772626778,1.423487858720156,0
53.400000000000006,25.764569536424002,9.108013245033165,41.698013245033366,0.1491523178807934,12.94874172185413,10.028344370861504,0
53.5,28.175165562913918,9.900507726269318,45.49050772626933,0.12950551876379685,10.32843267108167,18.63320088300224,0
53.6,30.585761589404,10.693002207505527,49.28300220750556,0.1098587196467989,7.708123620309022,27.23805739514359,0
53.7,33.316585365853626,11.378536585365854,52.73268292682924,0.1259268292682924,14.473902439024599,-28.586829268292263,0
53.800000000000004,32.75560975609752,11.371884700665188,52.24487804878046,0.12104878048780454,18.218913525499147,-21.072416851440728,0
53.900000000000006,32.194634146341414,11.365232815964523,51.75707317073167,0.11617073170731668,21.9639246119737,-13.558004434589186,0
54.0,31.63365853658535,11.358580931263857,51.269268292682916,0.11129268292682915,25.70893569844798,-6.043592017738181,0
54.1,31.07268292682925,11.351929046563193,50.78146341463413,0.10641463414634128,29.453946784922536,1.4708203991133573,0
54.2,31.234545454545447,11.415108225108218,52.53406926406922,0.22858658008657845,27.295281385280756,-3.052900432900143,0
54.300000000000004,31.052727272727264,11.315541125541118,51.590346320346264,0.19893290043289857,15.836406926406216,2.2154978354981623,0
54.400000000000006,30.87090909090908,11.215974025974019,50.64662337662331,0.16927922077921873,4.377532467531676,7.483896103896469,0
54.5,30.689090909090908,11.116406926406926,49.70290043290043,0.139625541125541,-7.081341991342047,12.752294372294397,0
54.6,30.507272727272728,11.016839826839826,48.759177489177475,0.10997186147186111,-18.540216450216587,18.020692640692705,0
54.7,28.847352941176535,10.417352941176482,46.05970588235304,0.16199999999999962,18.234705882352515,19.279999999999408,0
54.800000000000004,30.057760180995555,10.62776018099549,48.057443438914156,0.1543076923076918,10.040135746605793,7.972307692306945,0
54.900000000000006,31.268167420814578,10.838167420814496,50.05518099547527,0.146615384615384,1.8455656108590723,-3.335384615385518,0
55.0,32.47857466063351,11.04857466063349,52.052918552036246,0.13892307692307676,-6.349004524887064,-14.643076923077182,0
55.1,33.68898190045253,11.258981900452497,54.05065610859736,0.13123076923076896,-14.543574660633784,-25.950769230769644,0
55.2,32.96493243243242,11.32344594594594,52.47567567567565,0.1269797297297298,31.20304054054046,-2.523108108108129,0
55.300000000000004,30.931148648648588,10.546418918918894,48.98018018018007,0.13351126126126148,19.556644144143778,-5.410495495495587,0
55.400000000000006,28.897364864864752,9.769391891891848,45.48468468468449,0.14004279279279316,7.910247747747096,-8.297882882883044,0
55.5,26.863581081081062,8.992364864864857,41.989189189189155,0.14657432432432438,-3.736148648648758,-11.185270270270298,0
55.6,24.829797297297226,8.215337837837811,38.49369369369357,0.15310585585585607,-15.38254504504544,-14.072657657657755,0
55.7,31.44091903719898,10.899037199124743,50.02120350109397,0.16554266958425423,-25.533610503282198,-17.822866520787574,0
55.800000000000004,28.94420131291011,11.181312910284484,47.918358862144274,0.3246236323851315,-24.22507658643317,-14.868818380743775,0
55.900000000000006,26.44748358862124,11.463588621444224,45.815514223194576,0.4837045951860087,-22.91654266958414,-11.914770240699973,0
56.0,23.950765864332546,11.745864332603945,43.71266958424503,0.6427855579868748,-21.6080087527352,-8.960722100656383,0
56.1,21.454048140043675,12.028140043763687,41.60982494529533,0.801866520787752,-20.29947483588617,-6.0066739606125825,0
56.2,32.417789934354495,10.887986870897162,50.21402625820573,0.16450984682713338,-11.632275711159977,-29.22133479212234,0
56.300000000000004,32.588468271334804,11.023654266958435,50.942691466083204,0.1627592997811815,-15.783260393873377,-25.761816192559934,0
56.400000000000006,32.75914660831511,11.159321663019705,51.67135667396067,0.16100875273522963,-19.934245076586777,-22.302297592997526,0
56.5,32.92982494529541,11.294989059080967,52.40002188183809,0.15925820568927787,-24.08522975929988,-18.842778993435367,0
56.6,33.10050328227572,11.430656455142238,53.12868708971557,0.15750765864332597,-28.236214442013278,-15.383260393872957,0
56.7,32.30357917570497,11.074859002169188,50.79431670281993,0.18080477223427205,8.988915401301025,27.12737527114922,0
56.800000000000004,31.895770065075897,10.896984815618211,50.16308026030365,0.15759436008676658,0.08219088937042152,18.893101952277185,0
56.900000000000006,31.48796095444683,10.719110629067234,49.53184381778738,0.1343839479392611,-8.824533622560182,10.65882863340515,0
57.0,31.08015184381779,10.541236442516272,48.90060737527116,0.11117353579175727,-17.731258134490155,2.424555314533702,0
57.1,30.672342733188724,10.363362255965296,48.26937093275488,0.08796312364425181,-26.63798264642076,-5.809718004338329,0
57.2,32.429161290322575,11.394645161290324,52.323032258064515,0.23353548387096718,24.40645161290315,18.931548387096825,0
57.300000000000004,32.399053763440854,11.407548387096774,52.303677419354834,0.19891182795698792,19.8688172043009,21.93584946236571,0
57.400000000000006,32.36894623655913,11.420451612903227,52.28432258064516,0.16428817204300866,15.33118279569865,24.940150537634594,0
57.5,32.33883870967742,11.433354838709677,52.264967741935486,0.12966451612903185,10.793548387096722,27.944451612903265,0
57.6,32.3087311827957,11.44625806451613,52.245612903225805,0.09504086021505262,6.255913978494473,30.948752688172146,0
57.7,35.74642543859649,12.16519736842105,58.37087719298243,2.7444912280701415,-30.85489035087646,-7.819802631579144,0
57.800000000000004,35.652127192982455,12.10598684210526,57.77438596491224,2.1304561403508386,-17.55445175438513,-11.37901315789496,0
57.900000000000006,35.55782894736842,12.046776315789469,57.17789473684206,1.5164210526315358,-4.254013157893802,-14.938223684210776,0
58.0,35.46353070175439,11.987565789473685,56.58140350877193,0.9023859649122765,9.046425438596579,-18.49743421052634,0
58.1,35.36923245614035,11.928355263157894,55.98491228070174,0.2883508771929737,22.34686403508791,-22.056644736842156,0
58.2,34.25967741935483,11.475483870967743,53.184516129032254,0.09580645161290331,-2.868064516128946,-30.337419354838545,0
58.300000000000004,33.89193548387095,11.460430107526882,52.66623655913977,0.10182795698924753,3.405053763441085,-18.46215053763398,0
58.400000000000006,33.524193548387075,11.445376344086021,52.147956989247284,0.10784946236559174,9.678172043011118,-6.586881720429417,0
58.5,33.15645161290322,11.43032258064516,51.629677419354834,0.11387096774193553,15.951290322580704,5.288387096774301,0
58.6,32.78870967741934,11.4152688172043,51.11139784946235,0.11989247311827976,22.224408602150735,17.163655913978864,0
58.7,30.468403547671844,10.588381374722838,48.390022172949,0.14648558758314845,26.96317073170723,-5.4201552106429665,0
58.800000000000004,30.60365853658537,10.62829268292683,48.485365853658536,0.13451219512195098,15.597317073170496,0.912439024390375,0
58.900000000000006,30.738913525498898,10.668203991130822,48.58070953436807,0.12253880266075347,4.231463414633758,7.2450332594237175,0
59.0,30.874168514412414,10.70811529933481,48.6760532150776,0.11056541019955682,-7.134390243902168,13.57762749445661,0
59.1,31.00942350332594,10.748026607538803,48.771396895787134,0.09859201773835934,-18.500243902438903,19.91022172948995,0
59.2,32.674354485776654,11.361444201312857,50.85919037199102,0.09630634573304164,17.051597374179305,27.677986870897048,0
59.300000000000004,30.01133479212235,10.438030634573238,46.892013129102565,0.09740043763676157,14.878730853391533,25.813654266958295,0
59.400000000000006,27.348315098468053,9.51461706783362,42.92483588621411,0.09849452954048149,12.70586433260376,23.94932166301954,0
59.5,24.685295404813942,8.59120350109407,38.95765864332594,0.09958862144420134,10.53299781181614,22.084989059080918,0
59.6,22.022275711159637,7.667789934354452,34.99048140043749,0.10068271334792127,8.360131291028367,20.220656455142162,0
59.7,31.031454138702465,10.332930648769578,48.87091722595079,0.2191319910514533,13.86753914988786,-25.618769574944004,0
59.800000000000004,31.275302013422827,10.408993288590606,48.993959731543626,0.19049664429530094,4.147181208053329,-23.258590604026757,0
59.900000000000006,31.519149888143186,10.485055928411636,49.11700223713647,0.16186129753914857,-5.573176733781203,-20.89841163310951,0
60.0,31.762997762863527,10.561118568232661,49.2400447427293,0.13322595078299826,-15.293534675615046,-18.538232662192435,0
60.1,32.006845637583886,10.63718120805369,49.363087248322145,0.1045906040268459,-25.013892617449574,-16.17805369127519,0
60.2,36.051092077087766,12.713940042826655,57.70132762312643,0.276481798715202,25.11280513918614,-19.261241970020766,0
60.300000000000004,35.554304068522455,14.54905781584593,59.352291220556836,0.25142826552462383,22.326937901498766,-7.676659528907257,0
60.400000000000006,35.057516059957145,16.384175588865205,61.00325481798725,0.22637473233404562,19.541070663811396,3.907922912206253,0
60.5,34.56072805139187,18.21929336188435,62.65421841541754,0.2013211991434692,16.755203426124226,15.492505353318936,0
60.6,34.06394004282656,20.054411134903624,64.30518201284795,0.176267665952891,13.969336188436856,27.077087794432448,0
60.7,21.627235421166414,7.489632829373684,34.526695464363016,0.10503239740820723,17.157343412526632,-3.188660907127572,0
60.800000000000004,24.61859611231116,8.457235421166352,39.23511879049698,0.10200863930885515,6.805291576673374,-7.246976241900839,0
60.900000000000006,27.609956803455905,9.424838012959022,43.94354211663095,0.09898488120950305,-3.5467602591798837,-11.305291576674106,0
61.0,30.601317494600437,10.39244060475162,48.65196544276458,0.09596112311015119,-13.898812095032405,-15.363606911447086,0
61.1,33.592678185745186,11.36004319654429,53.360388768898545,0.09293736501079909,-24.250863930885664,-19.42192224622035,0
61.2,23.194612068965615,7.790387931034519,36.677112068965684,2.2859245689654983,-21.253297413793046,0.8874137931031711,0
61.300000000000004,25.75064655172428,8.734353448275915,40.983146551724374,1.7857090517241103,-19.777004310344747,-6.405689655172816,0
61.400000000000006,28.306681034482942,9.67831896551731,45.28918103448307,1.2854935344827225,-18.300711206896445,-13.698793103448802,0
61.5,30.862715517241426,10.622284482758637,49.595215517241456,0.7852780172413703,-16.82441810344825,-20.99189655172427,0
61.6,33.41875000000009,11.566250000000032,53.90125000000015,0.2850624999999827,-15.348124999999948,-28.285000000000256,0
61.7,30.623630289532294,10.895189309576837,49.04483296213809,0.10247884187082403,-3.1915590200445196,27.8515144766146,0
61.800000000000004,30.699354120267262,10.868463251670377,49.12723830734967,0.0995835189309576,-0.089109131403037,14.637706013362685,0
61.900000000000006,30.77507795100223,10.841737193763919,49.20964365256125,0.09668819599109119,3.0133407572384456,1.4238975501107731,0
62.0,30.850801781737193,10.81501113585746,49.292048997772824,0.09379287305122497,6.115790645879709,-11.7899109131402,0
62.1,30.92652561247216,10.788285077951002,49.37445434298441,0.09089755011135854,9.218240534521192,-25.003719376392116,0
62.2,22.756982758620772,8.230301724137956,38.04463362068976,0.2410431034482739,-14.868943965517154,16.11448275862084,0
62.300000000000004,24.231120689655256,8.682887931034509,39.99506465517253,0.20569827586206696,-13.28489224137922,18.83862068965533,0
62.400000000000006,25.705258620689744,9.13547413793106,41.94549568965529,0.17035344827585996,-11.700840517241286,21.562758620689817,0
62.5,27.179396551724125,9.58806034482758,43.89592672413791,0.13500862068965552,-10.116788793103463,24.286896551724112,0
62.6,28.65353448275861,10.040646551724134,45.84635775862068,0.09966379310344856,-8.532737068965531,27.011034482758596,0
62.7,30.405458515283843,10.876113537117904,50.440436681222714,0.20923144104803484,23.536593886462835,16.08155021834059,0
62.800000000000004,31.243886462882113,11.05515283842795,51.66751091703059,0.18958078602620043,11.165414847161307,9.987663755458385,0
62.900000000000006,32.08231441048038,11.234192139737997,52.894585152838474,0.16993013100436605,-1.2057641921402222,3.893777292576182,0
63.0,32.92074235807859,11.413231441048032,54.12165938864627,0.15027947598253302,-13.576943231440872,-2.2001091703055877,0
63.1,33.75917030567686,11.592270742358078,55.348733624454155,0.1306288209606986,-25.948122270742402,-8.29399563318779,0
63.2,31.095299539170504,10.761013824884792,50.58539170506912,2.971921658986173,-30.090875576036836,-1.1201382488479144,0
63.300000000000004,30.516958525345608,10.611244239631333,49.67525345622118,2.303949308755745,-17.938801843317698,3.3775576036867374,0
63.400000000000006,29.93861751152071,10.461474654377874,48.765115207373235,1.6359769585253172,-5.78672811059856,7.875253456221389,0
63.5,29.360276497695857,10.311705069124425,47.85497695852535,0.9680046082949367,6.365345622119712,12.37294930875572,0
63.6,28.781935483870964,10.161935483870966,46.944838709677406,0.30003225806450873,18.51741935483885,16.870645161290373,0
63.7,29.847840172786093,10.383822894168432,49.08723542116614,2.427952483801267,-29.031792656587356,1.9799136069112828,0
63.800000000000004,28.227969762418926,9.750993520518326,46.01380129589617,1.892315334773191,-26.876285097192117,-1.084881209503394,0
63.900000000000006,26.60809935205176,9.11816414686822,42.9403671706262,1.3566781857451151,-24.720777537796874,-4.149676025918071,0
64.0,24.98822894168471,8.48533477321816,39.866933045356454,0.8210410367170771,-22.565269978401787,-7.214470842332529,0
64.10000000000001,23.36835853131743,7.85250539956801,36.79349892008627,0.28540388768896285,-20.40976241900639,-10.279265658747425,0
64.2,33.74080962800875,11.535711159737417,54.22634573304158,0.188754923413572,22.3655798687083,-20.304595185995492,0
64.3,33.70798687089716,11.52039387308534,54.32043763676149,0.28787964989058873,9.706936542669848,-17.821006564551475,0
64.4,33.675164113785556,11.50507658643326,54.41452954048141,0.38700437636761953,-2.951706783370401,-15.337417943107104,0
64.5,33.64234135667396,11.489759299781182,54.50862144420131,0.4861291028446363,-15.610350109408852,-12.853829321663087,0
64.60000000000001,33.609518599562364,11.474442013129103,54.60271334792123,0.5852538293216671,-28.2689934354491,-10.370240700218716,0
64.7,22.673412017167518,8.133133047210341,37.59184549356243,0.08406437768240374,6.881931330471673,16.24866952789654,0
64.8,25.16912017167377,8.87133047210299,41.21845493562225,0.08964377682403422,-0.9506866952788169,7.866695278970122,0
64.9,27.66482832618038,9.609527896995743,44.845064377682576,0.09522317596566551,-8.78330472103042,-0.5152789699574853,0
65.0,30.16053648068663,10.347725321888394,48.47167381974239,0.10080257510729598,-16.61592274678091,-8.8972532188839,0
65.10000000000001,32.65624463519324,11.085922746781147,52.09828326180272,0.10638197424892727,-24.44854077253251,-17.27922746781151,0
65.2,33.88200863930887,11.865399568034562,54.572570194384475,0.1876177105831535,-20.79444924406068,24.86358531317491,0
65.3,33.294535637149075,11.694773218142561,53.79935205183591,0.18329805615550787,-14.245853131749948,26.062289416846564,0
65.4,32.707062634989185,11.524146868250536,53.02613390928724,0.17897840172786167,-7.697257019438288,27.260993520518387,0
65.5,32.11958963282939,11.353520518358536,52.25291576673868,0.17465874730021608,-1.1486609071275566,28.459697624190042,0
65.60000000000001,31.532116630669503,11.18289416846651,51.47969762419,0.17033909287256987,5.399935205184104,29.658401727861865,0
65.7,22.254797441364694,8.045884861407284,36.468251599147266,0.12507675906183324,9.962857142857365,-18.535543710021035,0
65.8,23.958422174840045,8.708997867803824,39.27848614072489,0.11633475479744157,14.248571428571331,-13.015287846482002,0
65.9,25.66204690831564,9.372110874200457,42.0887206823029,0.10759275053304865,18.534285714285907,-7.495031982942184,0
66.0,27.365671641790996,10.035223880596995,44.89895522388051,0.09885074626865697,22.819999999999872,-1.974776119403149,0
66.10000000000001,29.06929637526659,10.698336886993628,47.70918976545853,0.09010874200426405,27.10571428571445,3.5454797441366708,0
66.2,32.742866972476946,11.365091743119228,53.85128440366953,2.0158211009174094,-32.12665137614666,4.8616972477064575,0
66.3,30.355252293578037,10.580688073394514,49.86963302752304,1.5704082568807447,-29.507385321100983,5.600229357798147,0
66.4,27.96763761467879,9.79628440366969,45.88798165137597,1.1249954128440167,-26.88811926605493,6.338761467889941,0
66.5,25.580022935779883,9.011880733944976,41.90633027522947,0.679582568807352,-24.26885321100925,7.07729357798163,0
66.60000000000001,23.192408256880636,8.227477064220151,37.92467889908241,0.2341697247706238,-21.649587155963196,7.815825688073424,0
66.7,34.2351724137931,12.006982758620689,55.24866379310343,0.19172844827586183,19.014353448275777,-22.75405172413778,0
66.8,33.75241379310347,11.830258620689662,54.17754310344832,0.17082327586206986,12.262198275862351,-10.534224137931544,0
66.9,33.26965517241377,11.653534482758612,53.106422413793055,0.1499181034482749,5.510043103447963,1.6856034482764315,0
67.0,32.78689655172414,11.476810344827587,52.03530172413794,0.12901293103448291,-1.242112068965465,13.905431034482675,0
67.10000000000001,32.30413793103445,11.300086206896538,50.96418103448267,0.10810775862068797,-7.994267241379852,26.125258620690644,0
67.2,33.420838709677426,11.845720430107528,54.48836559139785,0.09104086021505377,23.156365591397275,-21.74800000000001,0
67.3,33.53051612903226,11.875827956989246,54.47976344086022,0.09125591397849461,12.347763440860334,-21.947999999999997,0
67.4,33.6401935483871,11.90593548387097,54.471161290322584,0.0914709677419355,1.5391612903218572,-22.148000000000014,0
67.5,33.749870967741934,11.93604301075269,54.46255913978495,0.09168602150537634,-9.269440860215084,-22.348000000000003,0
67.60000000000001,33.85954838709678,11.96615053763441,54.45395698924732,0.09190107526881722,-20.07804301075356,-22.548000000000016,0
67.7,30.977881548974946,11.393439635535318,50.00348519362188,0.12485649202733484,-28.08999999999994,8.81845102505692,0
67.8,31.287676537585412,13.320546697038655,53.042209567198064,0.12326195899772215,-15.09000000000047,3.0234624145787956,0
67.9,31.59747152619592,15.247653758542267,56.080933940774685,0.12166742596810923,-2.0899999999991543,-2.7715261959001527,0
68.0,31.907266514806388,17.174760820045606,59.11965831435087,0.12007289293849654,10.910000000000313,-8.566514806378276,0
68.10000000000001,32.2170615034169,19.101867881549218,62.15838268792749,0.11847835990888363,23.910000000001627,-14.361503416857222,0
68.2,30.906280623608023,10.977126948775057,50.371848552338534,0.1442873051224943,13.55095768374169,26.482694877505516,0
68.3,31.507616926503314,11.106302895322933,50.76160356347437,0.13136971046770657,18.17456570155882,20.400289532294252,0
68.4,32.10895322939869,11.23547884187083,51.15135857461026,0.118452115812917,22.798173719376607,14.317884187082125,0
68.5,32.710289532293984,11.364654788418706,51.541113585746096,0.10553452115812925,27.421781737193736,8.235478841870865,0
68.60000000000001,33.31162583518935,11.493830734966602,51.93086859688199,0.09261692650333969,32.04538975501152,2.153073496658738,0
68.7,31.271061946902673,10.871194690265488,49.82035398230093,0.22901327433628163,18.719070796460226,21.83097345132684,0
68.8,31.594070796460176,10.922079646017698,50.594690265486726,0.2018008849557521,19.623938053097348,11.335398230088458,0
68.9,31.917079646017726,10.972964601769917,51.369026548672636,0.17458849557521872,20.528805309734597,0.8398230088485832,0
69.0,32.24008849557523,11.023849557522126,52.14336283185844,0.14737610619468916,21.43367256637172,-9.6557522123898,0
69.10000000000001,32.56309734513278,11.074734513274343,52.91769911504435,0.12016371681415577,22.338539823008965,-20.151327433629675,0
69.2,32.70449999999997,11.392249999999994,51.63374999999997,0.1250749999999992,30.614499999998877,5.504749999999333,0
69.3,32.381772727272725,11.321795454545454,51.39511363636363,0.11666590909090899,18.928136363636224,-1.4520681818182641,0
69.4,32.05904545454543,11.251340909090905,51.15647727272725,0.1082568181818176,7.241772727271908,-8.40888636363685,0
69.5,31.736318181818188,11.180886363636365,50.91784090909091,0.0998477272727274,-4.444590909090749,-15.365704545454445,0
69.60000000000001,31.413590909090896,11.110431818181816,50.67920454545453,0.091438636363636,-16.13095454545506,-22.322522727273032,0
69.7,21.511831896551715,8.299073275862073,35.53278017241378,0.10139655172413799,17.667715517241675,-3.687004310344931,0
69.8,21.80278017241377,8.21071120689656,35.79786637931032,0.0996724137931036,8.775474137931809,-0.5641594827588925,0
69.9,22.093728448275865,8.122349137931034,36.0629525862069,0.09794827586206896,-0.11676724137932126,2.55868534482759,0
70.0,22.38467672413792,8.033987068965521,36.32803879310344,0.09622413793103457,-9.009008620689187,5.68153017241363,0
70.10000000000001,22.67562500000001,7.945624999999997,36.59312500000001,0.09449999999999995,-17.901250000000317,8.80437500000011,0
70.2,22.479368191721044,7.858518518518491,36.03047930283211,0.11789542483660112,17.68710239651444,-7.797712418300527,0
70.3,25.477189542483472,8.784444444444386,40.58385620915004,0.1244313725490192,8.159869281046342,-12.065686274509538,0
70.4,28.475010893246328,9.710370370370413,45.137233115468625,0.1309673202614382,-1.3673638344231094,-16.333660130719156,0
70.5,31.472832244008757,10.63629629629631,49.690610021786554,0.1375032679738563,-10.89459694989121,-20.601633986928167,0
70.60000000000001,34.47065359477161,11.562222222222337,54.24398692810514,0.1440392156862753,-20.421830065360663,-24.869607843137782,0
70.7,32.04769230769231,11.348461538461537,52.70230769230769,0.17899999999999988,7.8615384615384,25.39923076923063,0
70.8,32.29128205128204,11.288632478632481,52.51427350427352,0.16788888888888948,2.310256410256706,12.897094017094684,0
70.9,32.534871794871805,11.228803418803416,52.32623931623932,0.15677777777777752,-3.241025641025777,0.39495726495696104,0
71.0,32.77846153846153,11.168974358974362,52.138205128205136,0.1456666666666671,-8.792307692307471,-12.107179487178982,0
71.10000000000001,33.022051282051294,11.109145299145297,51.950170940170935,0.13455555555555515,-14.343589743589956,-24.609316239316705,0
71.2,23.076535947712355,8.24544662309366,37.3797385620914,0.19340958605664516,-9.262854030501028,20.670021786492338,0
71.3,25.168039215686143,8.988366013071849,40.89607843137233,0.1844771241830071,-11.376143790849543,21.876993464052212,0
71.4,27.25954248366023,9.731285403050144,44.41241830065376,0.17554466230936777,-13.489433551198356,23.083965141612257,0
71.5,29.351045751634018,10.474204793028333,47.92875816993469,0.16661220043572972,-15.602723311546871,24.29093681917213,0
71.60000000000001,31.4425490196081,11.217124183006627,51.44509803921612,0.1576797385620904,-17.716013071895688,25.497908496732176,0
71.7,32.91002257336343,11.477223476297992,53.662505643340886,0.35231151241534675,-22.887471783295478,-20.638916478555444,0
71.8,32.83327313769752,11.917404063205417,54.14331828442438,0.29316930022573356,-18.4834085778781,-23.32288939051919,0
71.9,32.75652370203159,12.357584650112907,54.62413092550794,0.234027088036112,-14.079345372460095,-26.006862302483313,0
72.0,32.67977426636568,12.797765237020332,55.10494356659144,0.1748848758464988,-9.675282167042717,-28.690835214447056,0
72.10000000000001,32.603024830699766,13.237945823927822,55.585756207675004,0.11574266365687721,-5.271218961624712,-31.37480812641118,0
72.2,26.778251599147126,11.203901918976545,45.37825159914713,0.07522814498933908,19.395906183368883,18.307739872068222,0
72.3,27.187633262260114,11.095159914712157,45.787633262260115,0.08034541577825144,20.378848614072464,17.71498933901921,0
72.4,27.597014925373163,10.986417910447754,46.19701492537316,0.08546268656716452,21.361791044776183,17.12223880597011,0
72.5,28.00639658848615,10.877675906183367,46.60639658848615,0.09057995735607687,22.344733475479764,16.529488272921096,0
72.60000000000001,28.415778251599196,10.768933901918965,47.0157782515992,0.09569722814498996,23.327675906183487,15.936737739871997,0
72.7,32.40142212189612,11.413905191873575,52.77702031602704,0.11873589164785542,29.401128668171303,-12.372212189616437,0
72.8,31.566207674943563,11.136252821670428,51.90794582392776,0.11670428893905191,24.563656884875844,-15.850767494356662,0
72.9,30.730993227990894,10.858600451467243,51.03887133182836,0.11467268623024812,19.726185101579695,-19.329322799097383,0
73.0,29.89577878103834,10.580948081264097,50.16979683972909,0.11264108352144461,14.888713318284237,-22.807878103837606,0
73.10000000000001,29.06056433408567,10.303295711060912,49.30072234762969,0.11060948081264083,10.05124153498809,-26.286433408578326,0
73.2,27.120089086859757,9.992048997772844,46.43316258351904,0.25622494432068715,22.872516703786573,10.783496659242864,0
73.3,25.320534521158294,9.602293986637006,43.54897550111385,0.9123496659242162,13.035100222718048,8.150979955456812,0
73.4,23.520979955456575,9.212538975501115,40.66478841870825,1.5684743875278384,3.197683741648124,5.518463251670384,0
73.5,21.721425389755108,8.822783964365279,37.78060133630305,2.2245991091313675,-6.639732739420403,2.8859465478843305,0
73.60000000000001,19.921870824053386,8.433028953229385,34.89641425389745,2.88072383073499,-16.47714922049033,0.25342984409790326,0
73.7,33.041404255319165,13.351191489361725,59.02429787234051,1.3344680851063926,-28.068382978723662,-12.784127659574333,0
73.8,32.45204255319154,12.729914893617078,56.56897872340448,1.0546808510638546,-20.625829787234704,-16.70327659574433,0
73.9,31.86268085106383,12.108638297872343,54.11365957446809,0.7748936170212768,-13.18327659574469,-20.62242553191489,0
74.0,31.273319148936203,11.487361702127695,51.65834042553205,0.4951063829787389,-5.740723404255732,-24.54157446808489,0
74.10000000000001,30.683957446808492,10.86608510638296,49.20302127659567,0.21531914893616122,1.7018297872342778,-28.460723404255447,0
74.2,33.62694989106756,20.221132897603553,64.71339869281057,0.1584204793028324,5.468823529411976,31.55189542483672,0
74.3,32.6509150326798,17.983660130719095,61.000980392157096,0.15297385620915066,-1.707647058823082,27.558431372549272,0
74.4,31.674880174291893,15.746187363834316,57.288562091503096,0.14752723311546817,-8.88411764705916,23.564967320261253,0
74.5,30.698845315904123,13.508714596949858,53.57614379084962,0.14208061002178643,-16.06058823529422,19.571503267973803,0
74.60000000000001,29.722810457516218,11.271241830065083,49.86372549019562,0.1366339869281039,-23.237058823530298,15.578039215685784,0
74.7,35.60555066079294,20.759999999999973,69.81392070484577,0.10838325991189444,-18.376387665198088,-27.382378854625497,0
74.8,35.378678414096925,18.76000000000006,66.53859030837013,0.12248017621145332,-6.444669603524586,-23.142290748898805,0
74.9,35.15180616740086,16.75999999999986,63.26325991189404,0.1365770925110142,5.4870484581506105,-18.90220264317151,0
75.0,34.92493392070484,14.759999999999946,59.98792951541841,0.15067400881057308,17.418766519824114,-14.662114537444817,0
75.10000000000001,34.698061674008784,12.759999999999748,56.712599118942315,0.16477092511013394,29.350484581499312,-10.422026431717523,0
75.2,21.318622129436477,7.458705636743275,34.549812108559784,2.0615093945719987,-16.967640918579775,3.3260542797496524,0
75.3,23.894822546972872,8.454530271398752,39.355657620041775,1.6212171189979103,-6.863256784968641,6.2488100208768405,0
75.4,26.47102296450963,9.450354906054372,44.16150313152445,1.1809248434237594,3.2411273486439285,9.171565762004443,0
75.5,29.04722338204602,10.44617954070985,48.96734864300644,0.7406325678496708,13.345511482255063,12.09432150313163,0
75.60000000000001,31.62342379958278,11.442004175365469,53.773194154489104,0.30034029227551984,23.449895615867632,15.017077244259234,0
75.7,34.118695652174196,19.547826086958192,63.98347826087176,0.10930434782608846,15.65347826086986,-30.10434782608712,0
75.8,30.30625298329355,10.783866348448687,49.32317422434367,0.17807398568019092,26.767446300715957,8.504463007159952,0
75.9,29.890978520286367,10.588162291169438,48.471145584725484,0.17926730310262537,23.242386634844628,13.253866348449014,0
76.0,29.475704057279245,10.392458233890219,47.619116945107415,0.18046062052505965,19.717326968973797,18.0032696897374,0
76.10000000000001,29.06042959427206,10.19675417661097,46.767088305489224,0.18165393794749407,16.19226730310247,22.75267303102646,0
76.2,29.651948051948107,11.078722943723058,48.94238095238116,0.10616017316017391,25.052402597402153,7.081017316016794,0
76.3,30.62597402597402,13.106861471861457,52.46619047619045,0.11958008658008648,17.25370129870135,-2.0769913419912776,0
76.4,31.600000000000072,15.135000000000144,55.99000000000025,0.13300000000000095,9.454999999999444,-11.235000000000651,0
76.5,32.574025974025986,17.163138528138543,59.51380952380954,0.1464199134199135,1.6562987012986454,-20.393008658008725,0
76.60000000000001,33.548051948052034,19.19127705627723,63.037619047619344,0.159839826839828,-6.142402597403262,-29.551017316018097,0
76.7,33.4455,11.481782608695658,54.60447826086958,0.2525652173913027,19.849956521739152,-22.242152173912444,0
76.80000000000001,33.49550000000001,11.61656521739132,54.74795652173915,0.222130434782605,20.23691304347831,-11.087804347824727,0
76.9,33.5455,11.751347826086963,54.891434782608705,0.1916956521739116,20.62386956521741,0.06654347826140139,0
77.0,33.595499999999994,11.886130434782606,55.034913043478255,0.1612608695652182,21.010826086956513,11.220891304347536,0
77.10000000000001,33.6455,12.020913043478267,55.178391304347834,0.13082608695652048,21.39778260869567,22.37523913043525,0
77.2,32.14486899563317,11.318253275109162,53.18689956331876,0.09182532751091631,29.518340611354,0.7746288209604315,0
77.30000000000001,32.60993449781662,11.519126637554596,53.69344978165942,0.11191266375545958,21.409170305676426,8.342314410480755,0
77.4,33.075,11.719999999999999,54.2,0.132,13.3,15.910000000000002,0
77.5,33.54006550218338,11.920873362445404,54.70655021834058,0.1520873362445404,5.190829694323579,23.477685589519254,0
77.60000000000001,34.00513100436683,12.121746724890837,55.21310043668124,0.17217467248908366,-2.918340611353994,31.04537117903957,0
77.7,19.819395248380175,7.164384449244075,32.276954643628585,0.2009330453563714,17.12665226781855,-7.652807775378056,0
77.80000000000001,22.666047516199033,8.026155507559494,36.540453563715396,0.19466954643628437,15.813477321814103,-12.721922246220888,0
77.9,25.512699784017485,8.88792656587479,40.8039524838016,0.18840604751619824,14.500302375809841,-17.791036717063,0
78.0,28.359352051835934,9.749697624190087,45.06745140388781,0.18214254859611212,13.187127429805578,-22.86015118790511,0
78.10000000000001,31.20600431965479,10.611468682505508,49.33095032397462,0.1758790496760251,11.87395248380113,-27.929265658747944,0
78.2,32.7768995633188,11.111244541484723,51.97397379912666,2.889591703056791,-28.881462882096546,-1.9652620087335688,0
78.30000000000001,32.283449781659364,10.94312227074235,51.36698689956329,2.264045851528351,-15.438231441047318,-3.535131004366896,0
78.4,31.79,10.775,50.76,1.6385,-1.995000000000001,-5.1049999999999995,0
78.5,31.296550218340638,10.60687772925765,50.15301310043671,1.0129541484716489,11.448231441047312,-6.674868995633103,0
78.60000000000001,30.803100436681206,10.438755458515278,49.54602620087334,0.38740829694320933,24.89146288209654,-8.244737991266431,0
78.7,31.574052287581704,10.842287581699347,50.119738562091506,0.1262352941176473,30.959281045751627,-3.394640522875843,0
78.80000000000001,31.78755991285405,11.016579520697181,50.3855337690632,0.15368627450980632,30.19021786492368,-6.176775599128784,0
78.9,32.00106753812637,11.190871459694993,50.65132897603486,0.18113725490196142,29.421154684095843,-8.958910675381329,0
79.0,32.214575163398685,11.365163398692804,50.91712418300652,0.20858823529411652,28.652091503268004,-11.741045751633877,0
79.10000000000001,32.428082788671034,11.539455337690638,51.182919389978224,0.23603921568627556,27.883028322440058,-14.523180827886817,0
79.2,30.89729613733907,11.109356223175975,50.31032188841204,0.3618154506437641,25.426587982832952,-8.238669527896956,0
79.30000000000001,30.489570815450616,10.821802575107277,49.45409871244629,0.7927167381974545,14.102553648067893,-9.577725321888504,0
79.4,30.08184549356222,10.53424892703862,48.597875536480664,1.2236180257510838,2.778519313304443,-10.91678111587986,0
79.5,29.674120171673827,10.246695278969963,47.74165236051503,1.654519313304713,-8.54551502145901,-12.255836909871219,0
79.60000000000001,29.266394849785375,9.959141630901264,46.88542918454929,2.085420600858403,-19.86954935622407,-13.594892703862765,0
79.7,31.85572687224672,11.074779735682826,50.590418502202674,0.10670704845815014,22.636718061673758,-17.745330396475143,0
79.80000000000001,32.27863436123353,11.17389867841411,51.15209251101329,0.11353524229074972,17.863590308369467,-5.846651982377416,0
79.9,32.70154185022029,11.27301762114538,51.713766519823814,0.12036343612334834,13.090462555065855,6.05202643171862,0
80.0,33.12444933920704,11.37213656387665,52.27544052863435,0.12719162995594696,8.317334801762243,17.950704845814656,0
80.10000000000001,33.54735682819385,11.471255506607934,52.83711453744496,0.13401982378854654,3.5442070484579524,29.849383259912386,0
80.2,23.593148558758333,7.88733924611974,36.33751662971178,0.1532084257206208,8.325853658536586,-19.13230598669611,0
80.30000000000001,25.131951219512366,8.446097560975671,38.65902439024416,0.14943902439024348,8.496585365853678,-8.048048780486576,0
80.4,26.670753880266183,9.004855875831524,40.98053215077621,0.1456696230598667,8.667317073170743,3.03620842572138,0
80.5,28.209556541019996,9.563614190687375,43.30203991130826,0.14190022172948993,8.83804878048781,14.120465631929342,0
80.60000000000001,29.74835920177403,10.122372505543307,45.62354767184065,0.13813082039911262,9.0087804878049,25.20472283813887,0
80.7,37.787312775330385,21.900132158590303,68.71894273127751,0.18514977973568272,-18.681321585902968,-28.17321585903068,0
80.80000000000001,36.73444933920693,21.525682819383217,67.71453744493381,0.17744052863436036,-9.436828193831563,-15.728281938324598,0
80.9,35.68158590308363,21.151233480176185,66.71013215859024,0.1697312775330391,-0.1923348017614721,-3.2833480176202805,0
81.0,34.62872246696032,20.776784140969152,65.70572687224667,0.16202202643171784,9.052158590308618,9.161585903084035,0
81.10000000000001,33.57585903083687,20.402334801762066,64.70132158590296,0.1543127753303955,18.296651982380027,21.60651982379012,0
81.2,33.78953124999999,11.210669642857141,52.417834821428556,0.1732678571428561,-0.4219866071429712,-33.239062499999974,0
81.30000000000001,33.52390624999997,11.161562499999995,52.143281249999966,0.15362499999999762,-2.642968750000266,-32.70781249999994,0
81.4,33.25828124999999,11.112455357142855,51.86872767857142,0.13398214285714194,-4.863950892857245,-32.176562499999974,0
81.5,32.99265625000001,11.063348214285716,51.59417410714286,0.11433928571428624,-7.084933035714224,-31.645312500000017,0
81.60000000000001,32.72703124999999,11.01424107142857,51.31962053571428,0.09469642857142777,-9.305915178571519,-31.114062499999978,0
81.7,31.576581196581223,11.277264957264967,52.01136752136754,0.1285982905982907,-7.62564102564048,27.43307692307669,0
81.80000000000001,32.068034188034254,11.42042735042737,52.31478632478637,0.1300940170940173,1.5602564102576704,23.49076923076869,0
81.9,32.55948717948721,11.563589743589755,52.618205128205155,0.1315897435897437,10.746153846154517,19.54846153846125,0
82.0,33.05094017094017,11.706752136752138,52.921623931623934,0.13308547008547011,19.93205128205136,15.606153846153811,0
82.10000000000001,33.5423931623932,11.849914529914543,53.22504273504276,0.13458119658119672,29.117948717949513,11.66384615384581,0
82.2,35.73247747747751,12.676711711711727,57.50828828828834,0.1051801801801804,-21.408063063063054,-28.349819819819864,0
82.30000000000001,34.964459459459405,12.296081081081054,56.13891891891882,0.09932432432432389,-21.60851351351353,-27.205675675675593,0
82.4,34.19644144144141,11.915450450450434,54.769549549549495,0.09346846846846822,-21.808963963963972,-26.061531531531482,0
82.5,33.42842342342342,11.534819819819814,53.400180180180165,0.08761261261261255,-22.009414414414415,-24.917387387387375,0
82.60000000000001,32.660405405405314,11.154189189189141,52.03081081081064,0.08175675675675603,-22.20986486486489,-23.7732432432431,0
82.7,33.05092592592589,11.34694444444443,52.61430555555548,0.1915787037037017,-27.42273148148059,-17.200972222222465,0
82.80000000000001,32.59722222222214,11.19416666666664,51.8295833333332,0.1705138888888852,-18.05930555555391,-19.74958333333378,0
82.9,32.14351851851847,11.041388888888871,51.044861111111025,0.14944907407407168,-8.69587962962856,-22.298194444444732,0
83.0,31.689814814814792,10.888611111111103,50.260138888888854,0.12838425925925817,0.6675462962967842,-24.846805555555687,0
83.10000000000001,31.236111111111054,10.735833333333312,49.47541666666657,0.10731944444444166,10.030972222223461,-27.395416666667003,0
83.2,32.27479657387577,10.97970021413276,51.71556745182008,0.9750706638115516,-26.62218415417491,-7.007665952890381,0
83.30000000000001,31.720192719485997,10.951862955032116,50.94683083511766,0.7887751605995437,-15.682141327621483,-0.4337901498919443,0
83.4,31.165588865096304,10.924025695931475,50.17809421841534,0.6024796573875624,-4.742098501069613,6.14008565310556,0
83.5,30.610985010706614,10.896188436830833,49.409357601713026,0.41618415417558097,6.197944325482261,12.713961456103062,0
83.60000000000001,30.056381156316846,10.868351177730188,48.64062098501061,0.22988865096357314,17.137987152035684,19.2878372591015,0
83.7,21.091239316239452,7.766239316239367,34.88292735042759,0.1341025641025638,1.768525641025682,-20.835940170940304,0
83.80000000000001,23.44594017094049,8.620940170940287,38.94489316239372,0.12897435897435827,2.4672435897436853,-23.12226495726527,0
83.9,25.800641025641195,9.475641025641087,43.00685897435927,0.12384615384615348,3.1659615384615893,-25.408589743589907,0
84.0,28.155341880341897,10.330341880341887,47.06882478632482,0.11871794871794869,3.864679487179493,-27.69491452991455,0
84.10000000000001,30.510042735042934,11.185042735042808,51.13079059829094,0.11358974358974315,4.563397435897496,-29.98123931623951,0
84.2,33.11895322939866,12.900066815144703,57.21821826280616,0.2351202672605802,-20.09465478841867,-25.25378619153677,0
84.30000000000001,33.26371937639199,14.550400890868682,59.20930957683752,0.20572160356347288,-21.067928730512296,-24.772717149220465,0
84.4,33.4084855233853,16.200734966592425,61.20040089086859,0.17632293986636977,-22.041202672605788,-24.291648106904233,0
84.5,33.553251670378614,17.85106904231617,63.191492204899674,0.14692427616926662,-23.014476614699277,-23.810579064588,0
84.60000000000001,33.69801781737195,19.501403118040148,65.18258351893104,0.11752561247215931,-23.987750556792907,-23.3295100222717,0
84.7,32.12791757049875,11.109436008676747,52.44535791757024,0.09259652928416479,-20.981193058568103,-21.321973969630665,0
84.80000000000001,29.34700650759178,10.39793926247278,48.20457700650696,0.09129501084598679,-17.17859002169141,-11.812212581343488,0
84.9,26.566095444685203,9.686442516268913,43.96379609544428,0.08999349240780899,-13.375986984815256,-2.3024511930576637,0
85.0,23.785184381778627,8.974945770065048,39.7230151843816,0.08869197396963117,-9.573383947939103,7.20731019522816,0
85.10000000000001,21.00427331887166,8.26344902386108,35.482234273318326,0.08739045553145319,-5.77078091106241,16.717071583515338,0
85.2,33.7600216919738,22.023665943600683,68.86433839479348,0.07157483731019564,20.686789587852285,26.458373101952198,0
85.30000000000001,30.805574837309763,18.722147505422516,60.974967462037895,0.07873318872017457,16.944924078090565,25.04188720173515,0
85.4,27.851127982646148,15.420629067244818,53.085596529283436,0.08589154013015249,13.203058568329379,23.62540130151831,0
85.5,24.896681127982532,12.119110629067121,45.19622559652898,0.09304989154013042,9.461193058568192,22.208915401301464,0
85.60000000000001,21.942234273318498,8.817592190888956,37.3068546637734,0.10020824295010936,5.719327548806472,20.79242950108442,0
85.7,28.274570135746607,10.247873303167422,45.86004524886878,0.09492307692307697,14.732398190045268,23.808552036199078,0
85.80000000000001,28.729321266968373,10.313484162895934,46.44375565610866,0.10261538461538544,17.669049773755972,21.1298190045246,0
85.9,29.184072398190075,10.379095022624439,47.027466063348456,0.11030769230769281,20.60570135746626,18.4510859728505,0
86.0,29.638823529411777,10.444705882352942,47.61117647058825,0.11800000000000019,23.542352941176546,15.772352941176402,0
86.10000000000001,30.093574660633543,10.510316742081455,48.194886877828125,0.12569230769230866,26.479004524887245,13.093619909501925,0
86.2,23.202510729613724,7.816180257510726,37.09281115879827,0.2409527896995929,-19.3751502145923,-12.407703862660863,0
86.30000000000001,23.02010729613732,7.7518025751072885,36.8031115879828,0.6435278969957574,-19.821502145922803,-10.942038626609262,0
86.4,22.837703862660938,7.687424892703859,36.51341201716737,1.0461030042918649,-20.26785407725324,-9.47637339055787,0
86.5,22.655300429184557,7.623047210300431,36.22371244635194,1.4486781115879723,-20.71420600858368,-8.010708154506476,0
86.60000000000001,22.472896995708147,7.558669527896993,35.93401287553647,1.8512532188841369,-21.16055793991418,-6.545042918454875,0
86.7,22.637995689655085,7.689633620689625,35.70650862068951,1.437540948275851,-22.07312499999992,2.9117456896552474,0
86.80000000000001,25.260840517241522,8.631443965517294,40.21081896551749,1.770515086206915,-24.510625000000132,0.6595905172412553,0
86.9,27.88368534482759,9.57325431034483,44.715129310344835,2.1034892241379315,-26.948125000000005,-1.5925646551724162,0
87.0,30.506530172413655,10.515064655172365,49.21943965517218,2.436463362068948,-29.385624999999873,-3.844719827586088,0
87.10000000000001,33.129375000000095,11.456875000000034,53.723750000000166,2.769437500000012,-31.82312500000009,-6.09687500000008,0
87.2,30.30895522388059,10.441343283582093,47.18970149253731,0.18913432835820954,7.190597014925506,-28.38402985074627,0
87.30000000000001,30.477398720682313,10.388038379530913,47.36027718550108,0.16951812366737606,2.7065884861404186,-28.366972281449893,0
87.4,30.645842217484013,10.334733475479744,47.53085287846483,0.14990191897654537,-1.7774200426440316,-28.349914712153517,0
87.5,30.81428571428571,10.281428571428574,47.70142857142857,0.13028571428571467,-6.261428571428482,-28.332857142857144,0
87.60000000000001,30.98272921108743,10.228123667377396,47.87200426439234,0.1106695095948812,-10.74543710021357,-28.315799573560763,0
87.7,33.57448275862068,12.288620689655112,55.24862068965508,0.09837931034482722,27.64931034482803,-10.704137931034424,0
87.80000000000001,33.68224137931035,14.096810344827684,57.869310344827724,0.10893965517241436,14.647155172413093,-12.404568965517333,0
87.9,33.79,15.905000000000001,60.489999999999995,0.1195,1.6449999999999996,-14.105,0
88.0,33.89775862068965,17.713189655172318,63.110689655172266,0.13006034482758563,-11.35715517241309,-15.805431034482666,0
88.10000000000001,34.005517241379316,19.52137931034489,65.7313793103449,0.14062068965517277,-24.359310344828028,-17.505862068965577,0
88.2,31.454696016771464,10.843270440251565,49.124696016771466,0.1730566037735847,-14.87224318658261,-23.912851153039192,0
88.30000000000001,30.99348008385738,10.736352201257846,48.66348008385738,0.16928301886792402,-11.241215932913565,-12.204255765197615,0
88.4,30.532264150943366,10.629433962264143,48.202264150943364,0.1655094339622639,-7.61018867924504,-0.4956603773577051,0
88.5,30.07104821802935,10.52251572327044,47.74104821802935,0.16173584905660376,-3.979161425576512,11.212935010482202,0
88.60000000000001,29.609832285115267,10.41559748427672,47.27983228511527,0.15796226415094308,-0.34813417190746954,22.921530398323778,0
88.7,29.93931350114416,10.247162471395878,45.532654462242554,0.15013958810068823,12.589954233409577,-26.142631578947345,0
88.80000000000001,28.598352402745867,9.771189931350069,43.78437070938198,0.5961350114416898,4.033890160182256,-19.616315789473067,0
88.9,27.257391304347767,9.295217391304327,42.03608695652166,1.0421304347826281,-4.522173913043847,-13.08999999999972,0
89.0,25.916430205949666,8.819244851258585,40.28780320366134,1.4881258581235663,-13.078237986269954,-6.563684210526372,0
89.10000000000001,24.575469107551378,8.343272311212775,38.53951945080077,1.9341212814645679,-21.634302059497273,-0.037368421052097034,0
89.2,30.385540540540543,10.400675675675682,49.04256756756758,0.09950675675675678,-28.370945945945945,9.19547297297295,0
89.30000000000001,31.33599099099107,12.63040540540559,52.84887387387419,0.10513738738738786,-27.159234234234134,1.2562837837831307,0
89.4,32.28644144144146,14.86013513513518,56.65518018018025,0.11076801801801812,-25.9475225225225,-6.68290540540556,0
89.5,33.23689189189185,17.08986486486477,60.46148648648632,0.1163986486486484,-24.735810810810865,-14.622094594594248,0
89.60000000000001,34.187342342342376,19.319594594594676,64.26779279279293,0.12202927927927948,-23.524099099099057,-22.561283783784067,0
89.7,30.345682819383235,10.647885462555058,48.644449339207014,0.0994096916299557,8.956740088106018,27.849427312775386,0
89.80000000000001,31.0240969162996,10.837312775330409,49.51669603524235,0.10645814977973612,1.040440528633864,26.296563876651884,0
89.9,31.702511013215872,11.026740088105731,50.38894273127755,0.11350660792951556,-6.875859030837162,24.743700440528603,0
90.0,32.38092511013214,11.216167400881053,51.26118942731276,0.120555066079295,-14.792158590308194,23.19083700440532,0
90.10000000000001,33.05933920704851,11.405594713656402,52.13343612334808,0.12760352422907545,-22.70845814978035,21.63797356828182,0
90.2,32.20353333333333,10.861066666666668,51.019133333333336,0.08604666666666666,-20.552466666666607,-20.599399999999925,0
90.30000000000001,32.26797777777778,11.05662222222224,51.44357777777781,0.0862688888888889,-11.754688888888133,-9.406066666665707,0
90.4,32.33242222222222,11.252177777777781,51.86802222222223,0.08649111111111112,-2.9569111111109088,1.7872666666669232,0
90.5,32.39686666666666,11.447733333333325,52.292466666666655,0.08671333333333332,5.840866666666315,12.980599999999551,0
90.60000000000001,32.46131111111111,11.643288888888895,52.71691111111113,0.08693555555555556,14.638644444444786,24.173933333333768,0
90.7,33.19371002132195,11.727078891257992,53.351535181236656,0.08622388059701509,-25.55624733475458,12.753603411513756,0
90.80000000000001,32.37068230277176,11.524520255863516,52.35579957356065,0.09517910447761298,-13.434712153516717,7.069168443496143,0
90.9,31.54765458422169,11.321961620469068,51.36006396588479,0.1041343283582096,-1.31317697228058,1.3847334754793366,0
91.0,30.72462686567162,11.119402985074622,50.36432835820893,0.11308955223880622,10.80835820895556,-4.299701492537469,0
91.10000000000001,29.90159914712143,10.916844349680145,49.368592750532926,0.1220447761194041,22.92989339019342,-9.984136460555082,0
91.2,21.77039215686276,8.165555555555562,37.04228758169937,0.08542483660130716,17.39529411764701,-6.714705882352858,0
91.30000000000001,23.286732026143923,8.7581481481482,39.44315904139455,0.08368191721132881,12.532549019607412,1.4225490196085637,0
91.4,24.803071895424875,9.350740740740754,41.844030501089385,0.08193899782135072,7.669803921568507,9.559803921568827,0
91.5,26.319411764705823,9.94333333333331,44.24490196078422,0.08019607843137261,2.8070588235296015,17.69705882352909,0
91.60000000000001,27.835751633986987,10.535925925925948,46.6457734204794,0.07845315904139427,-2.055686274509995,25.834313725490517,0
91.7,30.24477516059954,11.30246252676659,49.89997858672373,0.1456980728051356,18.592269807280914,17.26706638115649,0
91.80000000000001,31.144132762312683,11.452355460385448,50.985631691648884,0.25340685224839987,6.513040685224176,12.001541755888361,0
91.9,32.0434903640257,11.602248394004283,52.07128479657388,0.36111563169164884,-5.566188436830842,6.736017130620983,0
92.0,32.942847965738714,11.752141327623118,53.15693790149887,0.4688244111348978,-17.645417558885867,1.4704925053536009,0
92.10000000000001,33.842205567451856,11.902034261241974,54.24259100642402,0.5765331905781621,-29.724646680942605,-3.795032119914527,0
92.2,33.339200000001235,12.061200000000454,53.724800000001665,0.08668000000000063,-26.87599999999933,-19.057600000003866,0
92.30000000000001,33.998309859154936,12.211126760563365,54.692957746478896,0.11629577464789263,-13.654366197180762,-19.26253521126729,0
92.4,34.03821596244132,12.128967136150225,54.83145539906105,0.14681220657277338,-0.23183098591398021,-17.452676056337822,0
92.5,34.078122065727705,12.046807511737084,54.9699530516432,0.17732863849765415,13.190704225352803,-15.642816901408358,0
92.60000000000001,34.11802816901409,11.964647887323933,55.10845070422537,0.20784507042253925,26.61323943662149,-13.832957746478634,0
92.7,31.067256637168224,10.453274336283211,47.505442477876215,2.901179203539847,-29.468252212389693,-1.4643141592918674,0
92.80000000000001,28.881415929203428,9.77185840707961,44.616061946902505,2.258480088495542,-21.156305309734083,-5.917853982301115,0
92.9,26.69557522123894,9.090442477876106,41.72668141592921,1.6157809734513284,-12.844358407079653,-10.371393805309728,0
93.0,24.509734513274456,8.409026548672603,38.83730088495591,0.9730818584071144,-4.532411504425227,-14.824933628318343,0
93.10000000000001,22.32389380530966,7.727610619469003,35.9479203539822,0.33038274336280926,3.779535398230383,-19.278473451327592,0
93.2,24.018000000000022,8.809806451612932,38.981935483871034,0.1056322580645162,-3.082903225806392,-22.850193548387104,0
93.30000000000001,26.151333333333525,11.392602150537865,44.82064516129084,0.11294408602150603,2.3256989247316646,-23.600731182795766,0
93.4,28.28466666666672,13.97539784946243,50.659354838709824,0.1202559139784948,7.734301075268951,-24.351268817204318,0
93.5,30.417999999999918,16.558193548386996,56.49806451612881,0.1275677419354836,13.14290322580624,-25.101806451612873,0
93.60000000000001,32.55133333333342,19.14098924731193,62.336774193548614,0.1348795698924734,18.551505376344295,-25.852344086021535,0
93.7,30.49174887892375,10.667533632286991,49.32089686098653,2.818903587443971,-27.563677130045342,-0.36392376681597494,0
93.80000000000001,30.854977578475353,10.770672645739916,49.73793721973096,2.2065717488788934,-15.173542600896246,-4.563475336323079,0
93.9,31.218206278026905,10.873811659192825,50.15497757847533,1.5942399103139029,-2.7834080717489122,-8.763026905829587,0
94.0,31.581434977578454,10.976950672645733,50.572017937219705,0.9819080717489126,9.606726457398423,-12.962578475336095,0
94.10000000000001,31.944663677130055,11.080089686098658,50.98905829596414,0.3695762331838348,21.996860986547517,-17.162130044843195,0
94.2,28.37785714285715,10.360000000000001,46.022857142857156,0.13135714285714278,-1.5971428571427837,26.51428571428568,0
94.30000000000001,29.280454545454624,10.511515151515166,46.970909090909174,0.12334848484848415,5.623636363637001,23.345454545454267,0
94.4,30.18305194805197,10.663030303030308,47.918961038961065,0.11533982683982666,12.84441558441576,20.176623376623297,0
94.5,31.085649350649316,10.81454545454545,48.867012987012956,0.10733116883116915,20.06519480519452,17.007792207792335,0
94.60000000000001,31.988246753246788,10.966060606060612,49.815064935064974,0.09932251082251052,27.285974025974305,13.838961038960917,0
94.7,35.114285714285685,20.19732919254647,64.36478260869549,0.23165217391304171,26.40803312629365,-20.508198757764134,0
94.80000000000001,34.685714285714226,18.16006211180097,61.40826086956483,0.20121739130434374,20.372836438922583,-23.297018633540745,0
94.9,34.257142857142824,16.12279503105576,58.45173913043458,0.17078260869565007,14.337639751552379,-26.08583850931696,0
95.0,33.82857142857142,14.085527950310553,55.495217391304344,0.1403478260869564,8.302443064182171,-28.874658385093177,0
95.10000000000001,33.39999999999996,12.048260869565054,52.53869565217368,0.10991304347825842,2.2672463768111086,-31.663478260869788,0
95.2,33.389369369369355,11.458828828828919,53.36013513513524,0.26096846846846644,32.05846846846833,0.41351351351321697,0
95.30000000000001,33.08306306306302,13.247117117117348,55.461486486486756,0.22065315315314793,29.24315315315279,-5.4513513513521135,0
95.4,32.77675675675674,15.035405405405525,57.562837837837975,0.18033783783783514,26.42783783783765,-11.316216216216612,0
95.5,32.47045045045045,16.8236936936937,59.664189189189194,0.14002252252252234,23.61252252252251,-17.181081081081107,0
95.60000000000001,32.16414414414412,18.61198198198213,61.76554054054071,0.09970720720720383,20.797207207206974,-23.04594594594644,0
95.7,31.670276679841926,10.964901185770758,50.640711462450646,0.14393280632411062,6.604901185770354,-22.288814229248903,0
95.80000000000001,33.20782608695668,11.344347826086997,53.308695652174194,0.14195652173913023,-13.015652173915104,-16.842173913042906,0
95.9,34.58499999999926,11.68785714285698,55.668571428570004,0.1394999999999975,-28.875714285696194,-12.58428571429147,0
96.0,23.833160621761554,8.422124352331572,38.003471502590514,0.11803108808290133,2.823678756476706,23.444559585492122,0
96.10000000000001,29.98341968911966,10.47393782383436,47.2832642487054,0.13098445595855027,1.523160621761555,29.67772020725438,0
96.2,32.37958963282937,11.386565874730024,52.26609071274299,0.28741036717062757,-5.368272138229198,27.651598272138422,0
96.30000000000001,32.32127429805615,11.319611231101508,52.026349892008625,0.2457257019438416,3.3509503239746845,21.141879049675573,0
96.4,32.262958963282934,11.252656587473,51.78660907127429,0.20404103671706156,12.070172786177325,14.632159827213655,0
96.5,32.20464362850972,11.185701943844494,51.546868250539966,0.1623563714902815,20.789395248379968,8.122440604751734,0
96.60000000000001,32.1463282937365,11.118747300215977,51.3071274298056,0.12067170626349555,29.50861771058385,1.612721382288889,0
96.7,32.12030837004408,11.140176211453747,51.69801762114539,0.1275506607929519,7.017312775330094,27.818546255505932,0
96.80000000000001,32.576255506607986,11.18643171806168,52.05264317180621,0.13459911894273213,1.1869162995587708,14.811938325989628,0
96.9,33.03220264317183,11.232687224669606,52.40726872246697,0.14164757709251133,-4.643480176211725,1.8053303964751706,0
97.0,33.48814977973567,11.278942731277532,52.76189427312774,0.14869603524229055,-10.47387665198222,-11.201277533039281,0
97.10000000000001,33.94409691629958,11.325198237885465,53.11651982378856,0.15574449339207078,-16.304273127753543,-24.207885462555588,0
97.2,30.08374999999999,10.32177631578947,48.24513157894735,0.10630921052631577,-13.917499999999993,26.48684210526315,0
97.30000000000001,28.625416666666542,9.806425438596447,45.79337719298225,0.10301973684210498,-13.000833333333254,25.328947368420955,0
97.4,27.167083333333302,9.291074561403498,43.34162280701749,0.09973026315789467,-12.084166666666647,24.171052631578924,0
97.5,25.70875000000006,8.775723684210547,40.88986842105273,0.09644078947368434,-11.167500000000038,23.013157894736892,0
97.60000000000001,24.250416666666613,8.260372807017525,38.43811403508763,0.09315131578947357,-10.2508333333333,21.855263157894694,0
97.7,35.45677852348978,11.624228187919416,54.61624161073802,0.10086800894854694,-24.491700223713057,-23.16628635346732,0
97.80000000000001,32.59771812080499,10.751744966442837,50.28067114093902,0.12122595078300047,-13.500648769573486,-18.62042505592781,0
97.9,29.738657718120606,9.879261744966382,45.94510067114064,0.14158389261745108,-2.5095973154354745,-14.074563758388948,0
98.0,26.87959731543622,9.006778523489928,41.60953020134225,0.1619418344519017,8.481454138702532,-9.528702460850084,0
98.10000000000001,24.02053691275143,8.134295302013347,37.27395973154326,0.18229977628635521,19.472505592842104,-4.9828411633105745,0
98.2,34.656137339055874,11.695772532188869,56.40439914163104,0.2563154506437744,-29.2359012875537,-17.001759656652435,0
98.30000000000001,31.93081545064359,10.74083690987118,51.70268240343315,0.3372167381974305,-27.538476394849667,-14.521072961373221,0
98.4,29.20549356223169,9.785901287553624,47.00096566523594,0.41811802575107493,-25.84105150214588,-12.040386266094359,0
98.5,26.480171673819797,8.83096566523607,42.29924892703872,0.4990193133047195,-24.143626609442094,-9.559699570815498,0
98.60000000000001,23.75484978540751,7.87603004291838,37.59753218884083,0.5799206008583755,-22.446201716738067,-7.079012875536284,0
98.7,21.11829493087571,12.828940092165885,41.90327188940106,0.1011474654377882,-6.864930875575613,19.33774193548351,0
98.80000000000001,23.825668202765357,12.552442396313324,44.735069124424356,0.104834101382489,1.7617972350242495,12.03129032257962,0
98.9,26.533041474654617,12.275944700460805,47.56686635944725,0.10852073732718928,10.388525345622885,4.724838709676767,0
99.0,29.24041474654388,11.999447004608285,50.39866359447015,0.11220737327188955,19.015253456221522,-2.5816129032260875,0
99.10000000000001,31.947788018433528,11.722949308755725,53.23046082949345,0.11589400921659035,27.641981566821386,-9.888064516129976,0
99.2,22.767000000000024,7.786000000000011,35.62200000000005,0.10290000000000009,-18.245999999999967,-11.94000000000006,0
99.30000000000001,24.719083333333508,8.54850000000007,39.001166666666975,0.10894166666666723,-16.0709999999998,-16.044166666667042,0
99.4,26.671166666666714,9.31100000000002,42.380333333333425,0.11498333333333349,-13.895999999999944,-20.14833333333344,0
99.5,28.62324999999992,10.07349999999997,45.75949999999987,0.12102499999999977,-11.721000000000085,-24.25249999999984,0
99.60000000000001,30.575333333333404,10.836000000000029,49.13866666666679,0.1270666666666669,-9.545999999999918,-28.356666666666825,0
99.7,24.08026785714299,8.250736607142901,37.77866071428593,0.09297991071428732,6.239799107142566,-22.617968750000077,0
99.80000000000001,26.66062500000031,9.096718750000102,41.87687500000049,0.12445312500000377,0.5545312499993189,-24.13359375000018,0
99.9,29.240982142857263,9.942700892857182,45.975089285714475,0.15592633928571575,-5.13073660714312,-25.64921875000007,0
100.0,31.821339285714217,10.788683035714262,50.07330357142846,0.18739955357142773,-10.816004464285559,-27.16484374999996,0
100.10000000000001,34.40169642857153,11.634665178571463,54.17151785714303,0.21887276785714416,-16.501272321428804,-28.680468750000063,0
100.2,32.08475054229932,11.875791757049813,51.71125813449011,0.11023644251626906,-3.8096746203906835,30.68323210412152,0
100.30000000000001,32.88084598698486,14.175140997830926,55.65268980477245,0.10785032537960942,2.847592190889732,29.412082429501016,0
100.4,33.67694143167028,16.474490238611715,59.59412147505424,0.10546420824295011,9.504859002169201,28.140932754880694,0
100.5,34.47303687635571,18.7738394793925,63.535553145336024,0.1030780911062908,16.16212581344867,26.869783080260373,0
100.60000000000001,35.26913232104124,21.073188720173615,67.47698481561837,0.10069197396963116,22.819392624729087,25.59863340563987,0
100.7,32.76666666666651,11.139999999999242,51.096666666665655,0.2206666666669351,14.93666666680322,1.5466666665353905,0
100.80000000000001,33.117780373831835,11.26355140186919,51.87591121495341,0.22818224299065099,28.056985981308213,-3.8556775700921513,0
100.9,33.489275700934606,11.469158878504688,52.770771028037444,0.20715420560747516,26.75091121495318,4.6840420560753575,0
101.0,33.860771028037384,11.674766355140184,53.665630841121484,0.18612616822429937,25.444836448598153,13.223761682242868,0
101.10000000000001,34.232266355140204,11.88037383177571,54.56049065420565,0.16509813084112057,24.138761682242937,21.763481308411592,0
101.2,23.443778705636767,7.8804592901879005,38.31933194154492,0.1738643006263046,8.637077244258805,-16.989394572024935,0
101.30000000000001,25.48970772442609,8.615323590814269,41.25043841336146,0.1567453027139858,2.960668058454554,-7.020709812107576,0
101.4,27.53563674321512,9.350187891440534,44.18154488517758,0.1396263048016694,-2.71574112734889,2.9479749478083654,0
101.5,29.581565762004153,10.085052192066797,47.1126513569937,0.12250730688935302,-8.392150313152335,12.91665970772431,0
101.60000000000001,31.627494780793477,10.819916492693165,50.043757828810236,0.1053883089770342,-14.068559498956589,22.88534446764167,0
101.7,31.339999999995243,10.78749999999746,51.10999999999218,0.14374999999984545,0.8074999999682575,-15.312500000105995,0
101.80000000000001,28.871267605633484,9.814154929577356,46.99816901408397,0.7838591549296946,-8.105704225352898,-23.021126760562105,0
101.9,27.054366197182894,9.192089201877863,43.9559154929574,1.452403755868621,-12.596314553991121,-15.73943661971748,0
102.0,25.2374647887323,8.57002347417837,40.91366197183083,2.120948356807547,-17.08692488262934,-8.457746478872856,0
102.10000000000001,23.420563380281447,7.9479577464787905,37.87140845070382,2.789492957746568,-21.577535211268202,-1.1760563380271982,0
102.2,31.88498905908085,11.300328227571073,52.31056892778974,0.09992997811816212,29.18010940918976,2.8966739606125564,0
102.30000000000001,29.744945295404555,10.501641137855483,48.592844638949224,0.10364989059081008,17.58054704595046,0.32336980306314667,0
102.4,27.604901531728565,9.702954048140006,44.875120350109235,0.1073698030634575,5.980984682712805,-2.249934354485897,0
102.5,25.464857768052575,8.904266958424529,41.15739606126925,0.11108971553610493,-5.618577680524851,-4.8232385120349415,0
102.60000000000001,23.32481400437628,8.105579868708938,37.43967177242873,0.11480962800875288,-17.21814004376415,-7.396542669584352,0
102.7,28.183464912280687,10.110789473684207,45.739561403508745,0.13057017543859642,25.444166666666675,11.532938596491185,0
102.80000000000001,28.619868421052665,10.229210526315798,46.50710526315795,0.13276315789473703,25.15249999999998,12.890394736842211,0
102.9,29.056271929824582,10.347631578947373,47.274649122807055,0.1349561403508773,24.86083333333332,14.247850877193045,0
103.0,29.492675438596496,10.466052631578949,48.04219298245615,0.13714912280701758,24.569166666666664,15.605307017543879,0
103.10000000000001,29.929078947368474,10.58447368421054,48.80973684210536,0.13934210526315818,24.277499999999964,16.962763157894905,0
103.2,31.404330357142864,10.637857142857145,48.90589285714287,0.1155267857142858,5.226071428571396,-27.90334821428558,0
103.30000000000001,32.317276785714384,10.95928571428575,50.27196428571443,0.1240089285714295,1.8153571428567687,-13.588616071427005,0
103.4,33.23022321428577,11.280714285714307,51.638035714285806,0.132491071428572,-1.5953571428573738,0.7261160714295372,0
103.5,34.14316964285717,11.602142857142866,53.00410714285718,0.1409732142857145,-5.006071428571516,15.040848214286076,0
103.60000000000001,35.05611607142868,11.923571428571469,54.370178571428745,0.1494553571428582,-8.416785714286144,29.355580357144657,0
103.7,31.52617391304343,10.733760869565202,48.35899999999994,0.1442739130434781,21.409304347825994,21.96786956521738,0
103.80000000000001,28.84791304347795,9.86636956521729,44.65899999999957,0.1360130434782599,15.92234782608632,21.476565217391247,0
103.9,26.169652173912848,8.998978260869503,40.95899999999973,0.1277521739130429,10.435391304347428,20.98526086956518,0
104.0,23.491391304347747,8.131586956521714,37.258999999999894,0.11949130434782584,4.948434782608537,20.493956521739115,0
104.10000000000001,20.813130434782266,7.264195652173802,33.55899999999953,0.11123043478260763,-0.5385217391311379,20.00265217391298,0
104.2,33.80075630252102,11.41088235294118,54.896134453781535,0.2865924369747912,28.348193277311236,-3.1477310924372057,0
104.30000000000001,33.35537815126048,11.307941176470582,54.228067226890715,0.24604621848739272,18.606596638654928,4.016134453781906,0
104.4,32.91,11.205,53.56,0.2055,8.864999999999998,11.18,0
104.5,32.46462184873952,11.102058823529418,52.89193277310928,0.16495378151260726,-0.8765966386549238,18.343865546218094,0
104.60000000000001,32.01924369747898,10.99911764705882,52.22386554621846,0.12440756302520878,-10.618193277311235,25.507731092437208,0
104.7,22.591877828054315,8.133687782805435,37.40787330316745,0.29296153846154144,-9.751674208144834,19.27350678733029,0
104.80000000000001,24.671063348416517,8.891606334841711,40.8603619909506,0.6660384615385022,-14.629502262443971,15.963552036198735,0
104.9,26.75024886877842,9.64952488687788,44.31285067873327,1.03911538461541,-19.50733031674241,12.653597285067647,0
105.0,28.829434389140324,10.407443438914047,47.76533936651593,1.4121923076923175,-24.385158371040852,9.343642533936563,0
105.10000000000001,30.908619909502526,11.165361990950322,51.21782805429908,1.7852692307692783,-29.26298642533999,6.033687782805007,0
105.2,31.74770562770564,11.50114718614718,51.92354978354979,0.08887229437229453,12.422207792207457,24.297619047618333,0
105.30000000000001,31.933852813852837,11.40807359307358,52.03177489177491,0.09168614718614757,6.526103896103099,11.77380952380783,0
105.4,32.12000000000001,11.314999999999992,52.14000000000001,0.0945000000000002,0.6299999999995798,-0.7500000000008917,0
105.5,32.306147186147186,11.221926406926405,52.24822510822511,0.09731385281385284,-5.266103896103939,-13.27380952380961,0
105.60000000000001,32.49229437229439,11.128852813852806,52.35645021645023,0.10012770562770587,-11.162207792208296,-25.797619047620117,0
105.7,31.021490280777485,11.805917926565796,51.42207343412512,0.13688984881209534,17.265961123110472,22.413045356371462,0
105.80000000000001,32.68239740820746,14.386911447084408,56.42855291576708,0.12717062634989135,6.909589632828672,23.32881209503246,0
105.9,34.34330453563719,16.967904967602653,61.43503239740833,0.11745140388768877,-3.446781857451654,24.244578833693325,0
106.0,36.004211663066926,19.548898488120898,66.44151187904959,0.10773218142548616,-13.803153347731978,25.160345572354192,0
106.10000000000001,37.66511879049689,22.129892008639512,71.44799136069153,0.09801295896328216,-24.15952483801378,26.07611231101519,0
106.2,32.74824295010854,11.197613882863369,52.365119305856965,0.09990238611713657,-23.73455531453372,19.574728850325688,0
106.30000000000001,30.39900216919727,10.377657266811235,48.50611713665923,0.10272234273318888,-20.93629067245104,10.5270065075917,0
106.4,28.049761388286335,9.55770065075922,44.64711496746204,0.10554229934924078,-18.138026030368763,1.4792841648589992,0
106.5,25.700520607375395,8.737744034707202,40.78811279826485,0.1083622559652927,-15.339761388286483,-7.568438177873702,0
106.60000000000001,23.351279826464125,7.9177874186550685,36.92911062906711,0.111182212581345,-12.541496746203807,-16.616160520607693,0
106.7,27.21721311475431,9.220000000000057,43.79508196721345,0.10888524590163809,-17.71032786885264,-8.129672131148293,0
106.80000000000001,22.328560606061146,7.983106060606291,35.97507575757668,0.4957878787879685,10.750075757573542,1.4738636363636857,0
106.9,25.558358585858937,9.36441919191934,41.533156565657166,1.0331616161616743,-2.5251767676782,1.7693181818182138,0
107.0,28.788156565656724,10.745732323232392,47.09123737373765,1.5705353535353799,-15.800429292929945,2.0647727272727416,0
107.10000000000001,32.01795454545497,12.127045454545637,52.64931818181891,2.1079090909091622,-29.075681818183572,2.360227272727312,0
107.2,30.508697674418645,12.762697674418618,51.64079069767452,1.5463627906976427,-29.333767441859102,-6.396790697674356,0
107.30000000000001,30.943581395348907,12.89758139534886,52.68032558139552,1.2145023255813407,-15.022139534881363,-5.73632558139524,0
107.4,31.37846511627911,13.032465116279083,53.719860465116376,0.8826418604650857,-0.7105116279056567,-5.075860465116218,0
107.5,31.813348837209308,13.167348837209305,54.75939534883723,0.5507813953488307,13.601116279070052,-4.415395348837197,0
107.60000000000001,32.24823255813957,13.302232558139547,55.798930232558234,0.2189209302325288,27.912744186047792,-3.7549302325580807,0
107.7,30.0162280701754,12.346929824561403,51.66771929824558,0.20033333333333364,29.158859649122796,3.447807017543764,0
107.80000000000001,31.097368421052714,12.331578947368419,52.606315789473754,0.1919999999999994,29.50315789473687,6.186842105263363,0
107.9,32.17850877192987,12.316228070175438,53.544912280701794,0.1836666666666663,29.847456140350893,8.925877192982572,0
108.0,33.259649122807026,12.300877192982455,54.483508771929834,0.17533333333333326,30.191754385964916,11.664912280701781,0
108.10000000000001,34.34078947368434,12.285526315789472,55.422105263158,0.166999999999999,30.53605263157899,14.403947368421381,0
108.2,29.308577680525058,10.736630196936568,47.14748358862138,0.1032669584245081,-2.861356673960647,28.99752735229748,0
108.30000000000001,27.339212253829082,11.224595185995682,45.81706783369787,0.111363238512036,-3.5090590809628797,26.881553610503026,0
108.4,25.369846827133387,11.712560175054728,44.486652078774554,0.11945951859956275,-4.15676148796502,24.765579868708873,0
108.5,23.400481400437688,12.200525164113772,43.15623632385124,0.12755579868708952,-4.80446389496716,22.64960612691472,0
108.60000000000001,21.43111597374171,12.688490153172886,41.82582056892773,0.1356520787746174,-5.452166301969392,20.533632385120264,0
108.7,22.32890792291233,7.511477516059999,35.958693790150086,0.09360385438972268,1.08830835117747,-19.122312633832404,0
108.80000000000001,24.444539614561336,8.237387580299892,39.27346895074995,0.1120192719486108,-3.4384582441120073,-9.171563169163434,0
108.9,26.560171306210044,8.963297644539681,42.58824411134934,0.13043468950749632,-7.965224839400841,0.7791862955041218,0
109.0,28.67580299785875,9.68920770877947,45.903019271948736,0.14885010706638183,-12.491991434689675,10.729935760171678,0
109.10000000000001,30.79143468950776,10.415117773019364,49.217794432548594,0.16726552462526995,-17.018758029979153,20.680685224840644,0
109.2,30.81967177242885,10.85820568927789,50.059146608315054,0.11335010940919056,27.85266958424504,12.771115973741795,0
109.30000000000001,31.88750547045959,11.162363238512055,51.435514223194836,0.10766083150984646,29.03428884026266,12.740481400437634,0
109.4,32.95533916849018,11.466520787746179,52.811881838074434,0.10197155361050314,30.215908096280113,12.709846827133479,0
109.5,34.02317286652077,11.7706783369803,54.188249452954025,0.09628227571115984,31.39752735229757,12.679212253829322,0
109.60000000000001,35.091006564551506,12.074835886214467,55.56461706783381,0.09059299781181573,32.57914660831519,12.648577680525163,0
109.7,35.302907488986754,12.250264317180607,57.23365638766514,0.11692511013215952,-18.19030837004348,26.473436123347533,0
109.80000000000001,34.81612334801756,12.06964757709249,56.068458149779595,0.1347665198237907,-7.146255506606604,17.12541850220152,0
109.9,34.329339207048434,11.889030837004396,54.903259911894224,0.15260792951541935,3.897797356828704,7.777400881056838,0
110.0,33.842555066079306,11.708414096916306,53.73806167400885,0.17044933920704797,14.941850220264012,-1.5706167400878464,0
110.10000000000001,33.355770925110114,11.527797356828188,52.572863436123306,0.18829074889867914,25.985903083700887,-10.918634361233856,0
110.2,29.44954545454549,10.32404958677686,46.48950413223146,0.1750413223140481,1.1268181818179617,16.753553719006895,0
110.30000000000001,30.04045454545462,10.332314049586778,47.40685950413234,0.14859504132231077,-2.7368181818186605,-7.320826446283977,0
110.4,32.49500000000193,11.235000000000909,51.85000000000364,0.13800000000001422,11.505000000018105,-6.234999999976171,0
110.5,33.38316666666667,11.773833333333334,53.39083333333333,0.09896666666666666,9.045166666666667,31.945,0
110.60000000000001,31.977611111111045,11.212722222222196,51.529722222222134,0.14007777777777972,9.839611111111148,30.11166666666658,0
110.7,33.66762749445676,11.44840354767184,55.15725055432372,0.09631042128603126,-27.99565410199539,11.879667405764954,0
110.80000000000001,33.36607538802657,11.441751662971173,54.31246119733915,0.11427050997782906,-14.144212860308862,10.7532815964522,0
110.9,33.064523281596436,11.435099778270509,53.467671840354704,0.1322305986696243,-0.2927716186243039,9.62689578713961,0
111.0,32.76297117516629,11.428447893569844,52.62288248337026,0.15019068736141955,13.558669623060261,8.500509977827019,0
111.10000000000001,32.461419068736106,11.421796008869178,51.7780931263857,0.16815077605321738,27.410110864746784,7.374124168514268,0
111.2,34.24847682119205,11.700860927152318,54.462980132450326,0.19711920529801308,1.0582119205297476,-31.02172185430456,0
111.30000000000001,33.95046357615892,11.579448123620299,54.017064017660005,0.172615894039733,-6.074238410596642,-20.44556291390637,0
111.4,33.65245033112582,11.458035320088298,53.57114790286975,0.1481125827814564,-13.206688741722019,-9.86940397350969,0
111.5,33.35443708609272,11.336622516556297,53.12523178807949,0.1236092715231798,-20.339139072847395,0.7067549668869901,0
111.60000000000001,33.05642384105959,11.215209713024278,52.67931567328916,0.09910596026489972,-27.471589403973784,11.282913907285177,0
111.7,33.05425213675211,11.215299145299149,52.45188034188032,0.5666047008546949,-28.378952991452376,-8.706324786325021,0
111.80000000000001,32.633311965811906,11.283675213675222,52.02452991452986,0.465536324786311,-17.889636752135324,-12.723418803419351,0
111.9,32.212371794871764,11.352051282051287,51.59717948717945,0.3644679487179414,-7.400320512819761,-16.74051282051311,0
112.0,31.79143162393162,11.420427350427351,51.169829059829055,0.26339957264957187,3.088995726495803,-20.75760683760687,0
112.10000000000001,31.370491452991416,11.488803418803425,50.742478632478594,0.16233119658118794,13.578311965812858,-24.774700854701198,0
112.2,32.62218818380747,12.086564551422331,53.08807439824948,0.10485557986870865,-22.196630196936923,-19.430787746170772,0
112.30000000000001,31.836630196936493,11.729890590809603,52.21936542669579,0.11470240700218884,-10.426389496716938,-16.467986870896958,0
112.4,31.051072210065627,11.373216630196929,51.350656455142214,0.12454923413566762,1.343851203501373,-13.50518599562356,0
112.5,30.265514223194764,11.016542669584252,50.481947483588634,0.1343960612691464,13.11409190371969,-10.542385120350165,0
112.60000000000001,29.47995623632379,10.659868708971526,49.61323851203494,0.1442428884026266,24.884332603939676,-7.579584245076347,0
112.7,33.363004291845456,19.7788412017167,65.46484978540762,0.19139914163090102,-28.535064377682307,11.650085836909748,0
112.80000000000001,31.206351931330225,17.074978540772225,58.94768240343274,0.17272961373390347,-22.185278969956364,3.517038626608521,0
112.9,29.0496995708153,14.371115879828139,52.430515021458774,0.15406008583690858,-15.835493562231319,-4.616008583691549,0
113.0,26.893047210300374,11.667253218884051,45.91334763948481,0.13539055793991367,-9.485708154506277,-12.749055793991623,0
113.10000000000001,24.736394849785142,8.96339055793958,39.39618025750992,0.11672103004291615,-3.135922746780331,-20.882103004292848,0
113.2,21.635936794582292,7.651873589164753,34.99259593679443,0.12558013544018012,10.427065462753946,18.751422121896056,0
113.30000000000001,24.035485327313886,8.450970654627579,38.65399548532749,0.13686681715575674,10.548961625282173,21.2615801354403,0
113.4,26.435033860045138,9.250067720090291,42.315395033860035,0.14815349887133178,10.670857787810384,23.77173814898419,0
113.5,28.83458239277639,10.049164785553003,45.97679458239258,0.15944018058690682,10.792753950338593,26.281896162528078,0
113.60000000000001,31.234130925507984,10.84826185101583,49.63819413092564,0.17072686230248346,10.91465011286682,28.79205417607232,0
113.7,34.87369803063453,12.187768052516413,54.820021881838024,0.11858643326039385,-15.38590809628002,30.644573304157515,0
113.80000000000001,31.517024070021503,12.290612691466094,51.33862144420092,0.11705470459518581,-10.407789934353922,28.031881838074103,0
113.9,28.160350109408956,12.393457330415762,47.85722100656431,0.11552297592997801,-5.429671772428534,25.419190371991064,0
114.0,24.803676148796406,12.49630196936543,44.37582056892769,0.1139912472647702,-0.45155361050314724,22.806498905908025,0
114.10000000000001,21.447002188183383,12.599146608315113,40.89442013129059,0.11245951859956217,4.5265645514229504,20.193807439824617,0
114.2,34.42584615384615,11.721692307692308,57.169560439560435,0.15742857142857133,-24.23417582417577,-20.5161098901098,0
114.30000000000001,33.90276923076918,11.675538461538457,56.38934065934058,0.14314285714285577,-17.14626373626305,-8.661164835163689,0
114.4,33.37969230769229,11.629384615384613,55.609120879120844,0.12885714285714223,-10.058351648351342,3.193780219780738,0
114.5,32.85661538461539,11.58323076923077,54.828901098901106,0.11457142857142871,-2.9704395604396296,15.048725274725165,0
114.60000000000001,32.333538461538424,11.537076923076919,54.048681318681254,0.10028571428571315,4.11747252747309,26.90367032967127,0
114.7,34.47394557823122,11.813854875283427,53.297551020408115,1.4227278911564332,-32.79065759637056,5.060566893423538,0
114.80000000000001,33.773265306122326,11.612040816326495,52.76693877551011,1.1193265306121913,-19.173877551018,-0.05734693877641561,0
114.9,33.07258503401353,11.41022675736959,52.23632653061219,0.8159251700679926,-5.557097505667375,-5.175260770975643,0
115.0,32.37190476190473,11.208412698412687,51.70571428571426,0.5125238095237938,8.059682539683251,-10.293174603174869,0
115.10000000000001,31.671224489795826,11.006598639455756,51.175102040816256,0.209122448979552,21.676462585035814,-15.411088435374825,0
115.2,36.21749999999565,19.10499999999032,64.11499999998328,0.11174999999999201,-23.705000000008866,-20.769999999965147,0
115.30000000000001,32.16199999999996,10.918588235294116,50.18258823529413,0.10591294117647067,-17.10788235293986,7.413835294117531,0
115.4,31.761999999999983,10.906823529411765,50.37082352941177,0.10685411764705886,-2.590235294117061,6.129129411764654,0
115.5,31.362000000000005,10.895058823529412,50.559058823529405,0.10779529411764704,11.927411764705742,4.8444235294117775,0
115.60000000000001,30.961999999999968,10.88329411764706,50.74729411764707,0.10873647058823536,26.445058823530605,3.5597176470587177,0
115.7,30.63496703296702,10.848197802197793,50.183054945054934,0.17020000000000068,28.530197802197943,-6.6504615384613475,0
115.80000000000001,30.962439560439577,11.083362637362649,50.50393406593408,0.15019999999999892,24.565362637362426,-12.065846153846445,0
115.9,31.28991208791209,11.318527472527473,50.82481318681319,0.13019999999999998,20.60052747252747,-17.481230769230773,0
116.0,31.617384615384598,11.553692307692295,51.145692307692286,0.11020000000000105,16.635692307692516,-22.896615384615103,0
116.10000000000001,31.944857142857156,11.78885714285715,51.466571428571434,0.09019999999999928,12.670857142856999,-28.312000000000197,0
116.2,22.124197002141237,8.031905781584552,36.11608137044953,0.2918865096359753,-18.653211991434606,8.1108993576019,0
116.30000000000001,24.76231263383312,8.94411134903645,40.51008565310516,0.2634068522483925,-21.100749464668226,2.6762098501067753,0
116.4,27.400428265524624,9.856316916488222,44.90408993576017,0.2349271948608137,-23.548286937901498,-2.7584796573875767,0
116.5,30.03854389721613,10.768522483939993,49.29809421841517,0.20644753747323497,-25.99582441113477,-8.193169164881928,0
116.60000000000001,32.67665952890801,11.680728051391894,53.6920985010708,0.17796788008565217,-28.443361884368393,-13.627858672377053,0
116.7,31.65006507592191,11.315097613882863,53.04351409978308,0.2050238611713673,-4.193579175705276,28.829370932755058,0
116.80000000000001,31.68477223427332,11.367158351409982,52.91770065075921,0.1844164859002158,3.8975271149678923,23.827201735357654,0
116.9,31.71947939262473,11.419219088937092,52.791887201735356,0.16380911062906725,11.98863340563991,18.825032537960958,0
117.0,31.754186550976137,11.471279826464205,52.666073752711505,0.1432017353579187,20.07973969631193,13.822863340564265,0
117.10000000000001,31.78889370932755,11.523340563991324,52.54026030368763,0.12259436008676719,28.1708459869851,8.820694143166858,0
117.2,30.03973451327437,10.96247787610621,51.18752212389387,0.10475221238938044,28.95132743362824,-6.55185840707986,0
117.30000000000001,30.725575221239037,11.22796460176995,52.422035398230264,0.10320353982300863,27.522123893805105,-10.500973451328,0
117.4,31.411415929203603,11.493451327433652,53.65654867256649,0.10165486725663703,26.092920353982173,-14.45008849557558,0
117.5,32.097256637168165,11.758938053097355,54.8910619469027,0.10010619469026542,24.663716814159237,-18.39920353982316,0
117.60000000000001,32.78309734513283,12.024424778761095,56.125575221239096,0.09855752212389361,23.234513274336102,-22.3483185840713,0
117.7,29.787205240174654,10.549606986899562,47.93716157205238,0.08568122270742479,-6.209694323143773,-24.859825327510226,0
117.80000000000001,29.51427947598249,10.51903930131004,47.605283842794705,0.1053318777292606,-0.7970305676847778,-13.62401746724722,0
117.9,29.241353711790367,10.48847161572052,47.273406113537085,0.12498253275109361,4.615633187773447,-2.3882096069858108,0
118.0,28.96842794759824,10.457903930131003,46.941528384279465,0.1446331877729266,10.028296943231673,8.8475982532756,0
118.10000000000001,28.695502183406077,10.42733624454148,46.60965065502179,0.16428384279476244,15.44096069869067,20.083406113538608,0
118.2,30.655,12.885,52.1875,1.66025,-18.585,8.7,0
118.30000000000001,32.232710843373276,11.041445783132465,51.352289156626185,0.09454216867470139,-7.616084337350004,-24.283072289151193,0
118.4,30.81704819277092,10.61975903614453,49.26795180722867,0.11140963855421883,-11.549819277108892,10.988012048196875,0
118.5,30.467441860465176,12.255000000000113,50.02883720930253,0.10343023255813945,20.23802325581405,-15.03093023255772,0
118.60000000000001,32.839534883721235,16.75500000000057,58.47069767441968,0.09994186046511583,24.05585271317878,1.9225581395370384,0
118.7,35.21162790697696,21.255000000000393,66.91255813953563,0.09645348837209272,27.87368217054297,18.876046511629387,0
118.80000000000001,33.9348214285714,11.81401785714286,54.88892857142851,2.606249999999911,-28.309107142855748,-3.561785714284459,0
118.9,33.69821428571427,11.825178571428573,54.46928571428568,2.012499999999955,-19.001071428570718,4.822142857143495,0
119.0,33.46160714285715,11.836339285714285,54.04964285714286,1.4187499999999986,-9.693035714285688,13.20607142857145,0
119.10000000000001,33.22499999999999,11.8475,53.62999999999997,0.824999999999958,-0.3849999999993372,21.5900000000006,0
119.2,32.988392857142856,11.858660714285714,53.21035714285714,0.23125000000000195,8.923035714285692,29.97392857142855,0
119.30000000000001,31.048609271523226,10.6580794701987,49.43174392935993,0.10517439293598266,9.196843267108708,-26.310044150109384,0
119.4,31.492317880794722,10.889867549668883,50.46264900662256,0.10826490066225178,14.267483443708828,-16.99437086092675,0
119.5,31.936026490066215,11.121655629139068,51.493554083885186,0.1113554083885209,19.33812362030895,-7.678697571744117,0
119.60000000000001,32.37973509933777,11.353443708609285,52.524459161147966,0.11444591611479046,24.40876379690979,1.6369757174398387,0
119.7,32.82344370860927,11.585231788079469,53.55536423841059,0.11753642384105958,29.47940397350991,10.952649006622472,0
119.80000000000001,22.358823529412064,8.027843137255008,35.68352941176522,0.11409803921568631,-2.5413725490189774,21.46901960784333,0
119.9,24.267320261438087,8.711938997821413,38.958039215686576,0.11431590413943357,1.5000217864927476,22.689063180828,0
120.0,26.175816993464107,9.396034858387818,42.23254901960794,0.11453376906318084,5.541416122004473,23.909106753812672,0
120.10000000000001,28.0843137254904,10.08013071895432,45.50705882352976,0.11475163398692813,9.582810457516771,25.129150326797514,0
120.2,29.992810457516423,10.764226579520725,48.78156862745112,0.1149694989106754,13.6242047930285,26.349193899782186,0
120.30000000000001,38.7012747252746,22.288527472527296,74.11907692307655,0.09644175824175892,-24.302285714285517,-24.332769230768392,0
120.4,36.89028571428569,19.58742857142854,68.39599999999993,0.1067714285714287,-21.330857142857106,-11.501999999999843,0
120.5,35.07929670329678,16.88632967032978,62.67292307692331,0.11710109890109849,-18.359428571428694,1.3287692307687067,0
120.60000000000001,33.2683076923076,14.185230769230639,56.949846153845876,0.12743076923076974,-15.387999999999856,14.159538461539086,0
120.7,31.45731868131869,11.484131868131882,51.22676923076926,0.13776043956043954,-12.416571428571443,26.99030769230763,0
120.80000000000001,31.20331210191083,12.119851380042597,51.69450106157131,0.17559023354564673,29.440106157112496,-8.739554140127478,0
120.9,31.209681528662422,13.831104033970352,54.010849256900315,0.16518683651804625,29.074925690021214,-9.873312101910878,0
121.0,31.216050955414012,15.542356687898106,56.32719745222932,0.15478343949044576,28.709745222929932,-11.007070063694279,0
121.10000000000001,31.222420382165605,17.253609341826103,58.64354564755866,0.1443800424628438,28.344564755838597,-12.140828025477841,0
121.2,31.2287898089172,18.964861995753857,60.959893842887666,0.1339766454352433,27.979384288747315,-13.27458598726124,0
121.30000000000001,30.596168831168807,11.225454545454566,51.10590909090908,0.13420779220779191,1.022272727273493,-24.144090909089904,0
121.4,30.261753246753234,11.498181818181829,50.90136363636363,0.13031168831168816,11.135909090909522,-10.848636363635801,0
121.5,29.92733766233766,11.770909090909093,50.69681818181818,0.12641558441558437,21.24954545454555,2.446818181818305,0
121.60000000000001,29.355999999999405,11.58499999999955,50.49399999999922,0.37170000000011516,25.40400000000827,4.388999999987263,0
121.7,32.29349112426003,12.018639053254315,53.14130177514741,0.18933727810650747,-11.883491124260193,-26.926863905323838,0
121.80000000000001,26.228402366862955,9.705029585798455,43.35431952662569,0.16271005917159348,-8.818402366863426,3.404497041424868,0
121.9,24.0428158844769,8.738158844765449,39.46718411552396,0.1532166064981966,-9.067400722022207,21.641913357400814,0
122.0,27.4399277978341,9.709277978339397,44.07007220216629,0.1683790613718419,-14.085451263538149,22.475848375451303,0
122.10000000000001,30.83703971119178,10.680397111913482,48.672960288809264,0.18354151624548934,-19.103501805054805,23.309783393501913,0
122.2,31.538228105906317,10.829246435845214,49.42309572301426,0.2954236252545896,26.871323828920406,3.6218329938900102,0
122.30000000000001,31.62376782077394,10.796659877800405,49.5839918533605,0.8542830957230694,14.117759674133161,2.809205702647578,0
122.4,31.709307535641553,10.7640733197556,49.744887983706725,1.4131425661914696,1.364195519347728,1.9965784114052607,0
122.5,31.794847250509164,10.731486761710794,49.90578411405295,1.97200203665987,-11.389368635437705,1.1839511201629436,0
122.60000000000001,31.88038696537679,10.698900203665985,50.066680244399194,2.5308615071283502,-24.142932790224954,0.3713238289205112,0
122.7,32.14500000000396,14.83999999998657,55.64499999998738,0.28099999999985437,4.734999999994369,-1.4750000001093007,0
122.80000000000001,33.47900677200906,11.113092550790075,52.45943566591428,0.2282753950338584,7.125304740406875,-30.914898419864375,0
122.9,33.70248306997745,11.167268623024835,52.83641083521448,0.21631151241534888,11.181738148984543,-29.562753950338486,0
123.0,33.92595936794583,11.221444695259596,53.21338600451468,0.20434762979683935,15.238171557562211,-28.210609480812597,0
123.10000000000001,34.14943566591425,11.275620767494363,53.59036117381494,0.1923837471783281,19.294604966140454,-26.858465011286516,0
123.2,32.2220177383592,10.774035476718504,49.95372505543252,0.23884257206208273,-18.37141906873562,-24.280421286030624,0
123.30000000000001,32.25084257206209,12.83168514412441,53.00694013303805,0.2080221729489986,-7.677405764965487,-15.715011086473497,0
123.4,32.27966740576497,14.889334811530023,56.060155210643146,0.17720177383591884,3.016607538803129,-7.1496008869175895,0
123.5,32.308492239467846,16.946984478935637,59.11337028824825,0.14638137472283907,13.710620842571739,1.4158093126383164,0
123.60000000000001,32.33731707317073,19.00463414634154,62.16658536585378,0.11556097560975492,24.404634146341873,9.981219512195441,0
123.7,29.67284482758621,10.327155172413795,47.17577586206897,0.1833922413793102,28.45616379310343,-2.1131896551723663,0
123.80000000000001,30.021982758620723,10.478017241379325,47.930086206896625,0.16334913793103256,25.712629310344564,4.313534482759234,0
123.9,30.371120689655186,10.628879310344834,48.68439655172417,0.14330603448275778,22.96909482758609,10.740258620689923,0
124.0,30.720258620689652,10.779741379310343,49.438706896551714,0.123262931034483,20.22556034482762,17.166982758620613,0
124.10000000000001,31.069396551724164,10.930603448275873,50.193017241379366,0.10321982758620538,17.482025862068756,23.593706896552213,0
124.2,30.483252212389385,10.661548672566372,49.049911504424784,0.16219469026548616,-1.7530309734510208,-29.302743362831336,0
124.30000000000001,30.52971238938054,10.683672566371685,49.19150442477878,0.15069026548672407,4.346526548673419,-18.913362831856958,0
124.4,30.576172566371685,10.705796460176993,49.33309734513276,0.1391858407079636,10.44608407079699,-8.523982300884057,0
124.5,30.622632743362836,10.727920353982302,49.47469026548673,0.12768141592920315,16.54564159292056,1.8653982300888465,0
124.60000000000001,30.66909292035399,10.750044247787613,49.61628318584072,0.11617699115044106,22.645199115045,12.254778761063228,0
124.7,32.55707692307695,11.077494505494512,51.26962637362644,0.13752307692307825,-29.533714285713515,9.637296703295794,0
124.80000000000001,32.80323076923081,11.145626373626385,51.9025934065935,0.15136923076923292,-21.47657142857019,0.15817582417436782,0
124.9,33.04938461538463,11.213758241758248,52.535560439560484,0.1652153846153856,-13.419428571428014,-9.320945054945714,0
125.0,33.295538461538456,11.28189010989011,53.168527472527465,0.17906153846153827,-5.362285714285832,-18.800065934065792,0
125.10000000000001,33.541692307692315,11.350021978021982,53.80149450549453,0.19290769230769292,2.6948571428574866,-28.279186813187216,0
125.2,33.125365853658536,11.265787139689579,56.0590465631929,0.10729933481152995,-30.313126385809294,-12.437184035476738,0
125.30000000000001,33.296097560975625,11.330088691796016,55.826230598669596,0.11062527716186288,-26.68119733924574,-16.517006651885126,0
125.4,33.46682926829269,11.394390243902443,55.59341463414633,0.11395121951219532,-23.0492682926827,-20.596829268292936,0
125.5,33.63756097560976,11.458691796008871,55.36059866962306,0.11727716186252778,-19.41733924611966,-24.676651884700746,0
125.60000000000001,33.808292682926854,11.522993348115307,55.127782705099754,0.1206031042128607,-15.785410199556104,-28.75647450110914,0
125.7,33.49178260869567,11.659913043478266,55.00147826086959,0.27370869565217515,32.26156521739134,0.9936521739131629,0
125.80000000000001,32.933086956521706,11.516434782608687,54.44060869565214,0.24305652173912867,31.344173913043427,-1.9802608695653918,0
125.9,32.37439130434782,11.372956521739129,53.87973913043477,0.21240434782608653,30.42678260869564,-4.954173913043523,0
126.0,31.81569565217393,11.229478260869568,53.318869565217405,0.18175217391304435,29.509391304347854,-7.928086956521655,0
126.10000000000001,31.25699999999996,11.08599999999999,52.75799999999996,0.15109999999999785,28.591999999999935,-10.90200000000021,0
126.2,30.216263269639075,10.561932059447985,48.85460721868367,0.08269851380042433,-17.728598726114956,-21.224904458599045,0
126.30000000000001,29.99757961783438,10.521592356687895,48.52764331210189,0.09119108280254838,-9.021592356687266,-12.199426751591703,0
126.4,29.778895966029715,10.481252653927813,48.20067940552016,0.09968365180467123,-0.3145859872608163,-3.173949044585644,0
126.5,29.560212314225055,10.440912951167729,47.87371549893843,0.1081762208067941,8.392420382165636,5.851528662420417,0
126.60000000000001,29.34152866242036,10.400573248407639,47.54675159235666,0.11666878980891815,17.099426751593327,14.877006369427761,0
126.7,30.811017699115038,10.752013274336285,49.66300884955753,0.11315265486725819,-15.941902654866976,25.963141592920376,0
126.80000000000001,30.68269911504423,10.78077433628319,49.84884955752215,0.14390486725664148,-10.397654867255863,26.436592920354048,0
126.9,30.55438053097344,10.809535398230091,50.034690265486745,0.17465707964602037,-4.853407079645535,26.910044247787653,0
127.0,30.42606194690265,10.838296460176993,50.22053097345133,0.2054092920353993,0.6908407079647922,27.383495575221254,0
127.10000000000001,30.29774336283184,10.867057522123899,50.406371681415955,0.23616150442478256,6.235088495575905,27.856946902654926,0
127.2,32.4822077922078,10.8252380952381,50.646363636363645,0.10665367965367954,-27.407012987012394,-14.041861471861587,0
127.30000000000001,32.68350649350652,10.920476190476203,50.87363636363639,0.1044891774891772,-16.07584415584268,-16.240995670995957,0
127.4,32.88480519480521,11.015714285714292,51.100909090909106,0.10232467532467518,-4.744675324674574,-18.440129870130015,0
127.5,33.0861038961039,11.110952380952382,51.32818181818182,0.10016017316017316,6.586493506493532,-20.639264069264076,0
127.60000000000001,33.28740259740262,11.206190476190484,51.55545454545456,0.09799567099567083,17.917662337663245,-22.838398268398446,0
127.7,23.4379915433405,7.7811205073996215,36.75238900634268,0.1128816067653286,-20.327801268498884,-9.75008456659577,0
127.80000000000001,25.91790697674445,8.692325581395446,40.67627906976786,0.13169767441860664,-19.10581395348824,-0.9509302325572104,0
127.9,28.397822410148045,9.60353065539114,44.60016913319247,0.150513742071882,-17.883826638477775,7.848224101480097,0
128.0,30.877737843551643,10.514735729386835,48.52405919661709,0.16932980972515738,-16.66183932346731,16.647378435517403,0
128.1,33.35765327695523,11.42594080338253,52.4479492600417,0.18814587737843275,-15.43985200845684,25.446532769554715,0
128.20000000000002,34.850000000000676,11.820000000000213,55.70000000000084,0.9590000000012405,-14.700000000028538,-14.40499999997241,0
128.3,31.84635514018681,10.956448598130804,51.36532710280356,0.1931495327102791,20.779252336448145,-11.220186915887785,0
128.4,28.94915887850471,9.928411214953284,46.65738317757015,0.15880373831775746,8.575981308411379,-9.45850467289722,0
128.5,26.051962616822614,8.900373831775767,41.949439252336745,0.12445794392523582,-3.627289719625388,-7.696822429906654,0
128.6,23.154766355140517,7.872336448598248,37.24149532710334,0.09011214953271418,-15.830560747662162,-5.935140186916089,0
128.70000000000002,20.722155172414,7.460689655172476,33.79043103448304,0.16206896551723987,19.141206896551292,-0.5361206896544757,0
128.8,22.732931034482856,8.064137931034512,36.54258620689669,0.14741379310344757,14.947241379310139,6.233275862069298,0
128.9,24.743706896551714,8.66758620689655,39.29474137931033,0.13275862068965524,10.753275862068985,13.00267241379307,0
129.0,26.754482758620572,9.271034482758585,42.046896551723975,0.11810344827586294,6.559310344827832,19.772068965516844,0
129.1,28.76525862068943,9.874482758620623,44.79905172413762,0.10344827586207062,2.3653448275866786,26.541465517240617,0
129.20000000000002,29.629411764705914,10.322200435729856,46.376427015250584,0.10715904139433632,26.71141612200329,8.721285403050413,0
129.3,29.982352941176483,10.409346405228762,46.779477124183025,0.11543790849673231,15.935816993463673,11.80189542483671,0
129.4,30.33529411764705,10.496492374727667,47.18252723311546,0.1237167755991283,5.160217864924057,14.882505446623005,0
129.5,30.688235294117614,10.583638344226571,47.58557734204789,0.13199564270152428,-5.615381263615561,17.9631154684093,0
129.6,31.04117647058818,10.670784313725477,47.98862745098033,0.14027450980392026,-16.39098039215518,21.043725490195598,0
129.70000000000002,35.81842450765844,12.925492341356556,65.99754923413474,0.12667177242888245,33.116433260393094,12.166477024067994,0
129.8,34.986914660831346,12.435339168490056,62.14853391684826,0.12010722100656326,29.84509846827069,3.6960175054687934,0
129.9,34.15540481400425,11.945185995623557,58.29951859956177,0.11354266958424407,26.573763676148292,-4.774442013130404,0
130.0,33.323894967177154,11.455032822757058,54.450503282275285,0.10697811816192487,23.302428884025893,-13.244901531729603,0
130.1,32.49238512035006,10.964879649890559,50.6014879649888,0.10041356673960569,20.031094091903498,-21.715361050328806,0
130.20000000000002,24.114705882353157,7.942788671024037,37.62082788671059,0.10411764705882645,-20.667668845315188,-10.219978213508085,0
130.3,26.29117647058831,8.676993464052314,41.198169934640646,0.13352941176470692,-13.436732026143536,-14.862679738562255,0
130.4,28.467647058823466,9.411198257080589,44.775511982570706,0.1629411764705874,-6.205795206971885,-19.505381263616425,0
130.5,30.64411764705862,10.145403050108865,48.35285403050076,0.19235294117646787,1.0251416121997678,-24.148082788670592,0
130.6,32.820588235293776,10.87960784313714,51.93019607843081,0.2217647058823483,8.256078431371417,-28.790784313724764,0
130.70000000000002,23.96288840262598,7.984573304157618,37.06967177242917,0.15019693654267052,-19.45323851203412,13.321247264770678,0
130.8,25.059168490153283,8.470350109409239,39.058730853391886,0.1567614879649897,-13.22785557986808,16.362822757111903,0
130.9,26.155448577680588,8.956126914660858,41.0477899343546,0.1633260393873089,-7.002472647702046,19.40439824945313,0
131.0,27.251728665207896,9.44190371991248,43.036849015317316,0.1698905908096281,-0.777089715536011,22.445973741794354,0
131.1,28.3480087527352,9.9276805251641,45.025908096280034,0.1764551422319473,5.448293216630024,25.48754923413558,0
131.20000000000002,23.75706140350888,8.105899122807052,36.304692982456324,0.10192324561403503,-22.24649122807027,8.007982456140407,0
131.3,25.857938596491266,8.761600877192995,39.80030701754393,0.10082675438596489,-24.05350877192986,9.12201754385967,0
131.4,27.958815789473654,9.41730263157894,43.295921052631535,0.09973026315789475,-25.86052631578945,10.236052631578932,0
131.5,30.059692982456042,10.073004385964882,46.79153508771914,0.09863377192982462,-27.66754385964904,11.350087719298195,0
131.6,32.16057017543843,10.728706140350827,50.287149122806746,0.09753728070175448,-29.47456140350863,12.464122807017457,0
131.70000000000002,34.07800000000073,11.722500000000302,54.10700000000055,0.11574999999996963,24.101500000037927,11.957499999991462,0
131.8,30.44364238410597,10.56311258278146,48.93880794701987,0.14483443708609256,24.72033112582772,14.379668874172301,0
131.9,30.836578366445902,10.711015452538625,49.1374834437086,0.13909492273730703,21.331810154525506,18.43485651214114,0
132.0,31.229514348785834,10.858918322295791,49.336158940397326,0.13335540838852153,17.943289183223293,22.490044150109977,0
132.1,31.622450331125766,11.006821192052955,49.534834437086054,0.12761589403973603,14.554768211921077,26.545231788078816,0
132.20000000000002,32.15000000000062,10.966923076923042,50.876923076924264,0.11723076923078335,25.959230769230874,-14.59576923079048,0
132.3,31.948126410835176,10.940293453724603,50.59544018058684,0.12240857787810414,22.995553047403696,-20.770067720090545,0
132.4,31.61629796839726,10.919977426636567,50.0649661399548,0.12489164785553072,19.918803611737843,-22.842302483070185,0
132.5,31.28446952595934,10.899661399548531,49.534492099322755,0.1273747178329573,16.84205417607199,-24.91453724604983,0
132.6,30.952641083521424,10.879345372460495,49.00401805869071,0.1298577878103839,13.765304740406135,-26.986772009029472,0
132.70000000000002,31.035594713655893,10.87458149779719,49.36233480176137,0.14630396475771068,-19.484052863433526,23.243083700439595,0
132.8,29.29550660792915,10.28427312775318,46.7345814977968,0.1513700440528645,-10.384933920702922,19.961145374448645,0
132.9,27.555418502202404,9.69396475770917,44.10682819383224,0.15643612334801832,-1.285814977972315,16.679207048457698,0
133.0,25.81533039647566,9.103656387665161,41.479074889867675,0.16150220264317214,7.8133039647582905,13.39726872246675,0
133.1,24.075242290748914,8.513348017621151,38.851321585903115,0.16656828193832596,16.912422907488896,10.115330396475803,0
133.20000000000002,34.78911111111366,19.257777777781847,64.92266666667479,0.11631111111110637,-20.81822222222732,-17.516444444464323,0
133.3,33.996476190475946,19.2969523809519,65.25999999999905,0.12426666666666415,10.340095238092983,21.033809523808024,0
133.4,32.70838095238083,16.770761904761663,60.25999999999952,0.11093333333333208,-1.5575238095249375,13.12904761904687,0
133.5,31.420285714285715,14.24457142857143,55.26,0.09759999999999999,-13.455142857142857,5.224285714285717,0
133.6,30.132190476190598,11.718380952381192,50.260000000000474,0.08426666666666793,-25.35276190476078,-2.6804761904754386,0
133.70000000000002,21.51137500000037,8.281958333333451,36.09545833333393,2.701462499999877,-18.403541666665514,2.8105833333345482,0
133.8,23.280125000000307,8.846541666666765,38.93504166666716,2.1145874999998977,-12.913958333332378,8.606416666667677,0
133.9,25.048875000000244,9.411125000000078,41.77462500000039,1.5277124999999185,-7.4243749999992374,14.402250000000803,0
134.0,26.81762500000018,9.975708333333392,44.61420833333362,0.9408374999999394,-1.9347916666661007,20.19808333333393,0
134.1,28.586375000000118,10.540291666666706,47.45379166666686,0.3539624999999602,3.5547916666670396,25.993916666667058,0
134.20000000000002,28.32320675105495,10.520421940928292,45.417890295358795,0.08053164556962064,25.892616033754443,-8.385485232068008,0
134.3,29.274683544303866,10.737721518987357,46.83139240506339,0.08432911392405089,17.839873417720966,-13.210379746835772,0
134.4,30.226160337552777,10.955021097046421,48.24489451476798,0.08812658227848114,9.787130801687493,-18.035274261603536,0
134.5,31.17763713080169,11.172320675105485,49.65839662447257,0.0919240506329114,1.7343881856540158,-22.8601687763713,0
134.6,32.1291139240506,11.389620253164548,51.07189873417717,0.09572151898734163,-6.318354430379461,-27.685063291139063,0
134.70000000000002,30.761932584269672,10.772966292134845,50.61357303370788,2.83785393258424,-27.947640449437568,-8.903820224719071,0
134.8,30.955191011235957,11.06959550561798,50.97087640449438,2.223247191011232,-14.71168539325834,-8.28584269662921,0
134.9,31.148449438202242,11.366224719101114,51.32817977528089,1.6086404494382238,-1.475730337079117,-7.667865168539348,0
135.0,31.341707865168527,11.662853932584246,51.68548314606739,0.9940337078652157,11.760224719100108,-7.0498876404494855,0
135.1,31.53496629213481,11.959483146067381,52.042786516853894,0.3794269662922076,24.996179775279337,-6.431910112359624,0
135.20000000000002,30.723492723492726,11.027338877338867,49.70451143451139,0.1232224532224541,13.432266112265518,-27.09927234927245,0
135.3,30.74012474012474,10.96704781704781,49.392661122661096,0.12904365904365966,9.538295218294802,-27.762474012474083,0
135.4,30.756756756756758,10.906756756756753,49.080810810810796,0.1348648648648652,5.644324324324085,-28.425675675675716,0
135.5,30.773388773388774,10.846465696465696,48.768960498960496,0.14068607068607078,1.7503534303533677,-29.08887733887735,0
135.6,30.79002079002079,10.786174636174637,48.4571101871102,0.14650727650727632,-2.1436174636173497,-29.752079002078982,0
135.70000000000002,30.830434782609057,10.750869565217569,49.46869565217473,0.18373913043482457,1.2591304348010546,-24.01304347828759,0
135.8,32.721767441860415,18.729953488371923,61.21986046511602,0.24171627906976628,0.3170232558138757,31.995441860465068,0
135.9,32.03339534883716,16.432279069767286,57.82683720930209,0.22590232558139428,-0.7341395348837916,31.32334883720926,0
136.0,31.34502325581391,14.13460465116265,54.43381395348816,0.21008837209302228,-1.785302325581459,30.651255813953448,0
136.1,30.65665116279066,11.836930232558014,51.04079069767423,0.1942744186046503,-2.8364651162791263,29.97916279069764,0
136.20000000000002,32.87022172948983,11.224035476718328,52.31656319290431,0.12290687361419024,-10.208093126383625,-30.701463414633302,0
136.3,32.20725055432361,10.957960088691749,51.09261640798204,0.1213547671840352,-2.5096452328145915,-27.725853658536053,0
136.4,31.544279379157377,10.691884700665168,49.86866962305977,0.11980266075388016,5.188802660754444,-24.750243902438807,0
136.5,30.881308203991154,10.425809312638588,48.64472283813751,0.11825055432372511,12.887250554323478,-21.774634146341562,0
136.6,30.218337028824926,10.15973392461201,47.42077605321524,0.11669844789357006,20.58569844789251,-18.799024390244313,0
136.70000000000002,22.19945652173917,7.646630434782625,35.309239130434854,0.14563043478260737,-10.835543478260643,19.06945652173926,0
136.8,22.46250000000002,7.757500000000008,35.837500000000034,0.13649999999999934,-9.272499999999889,19.93250000000006,0
136.9,22.72554347826087,7.8683695652173915,36.365760869565214,0.12736956521739132,-7.709456521739135,20.795543478260868,0
137.0,22.98858695652172,7.979239130434775,36.89402173913039,0.11823913043478332,-6.146413043478382,21.658586956521674,0
137.1,23.25163043478257,8.090108695652157,37.42228260869557,0.10910869565217529,-4.5833695652176285,22.52163043478248,0
137.20000000000002,21.205589519650804,6.990851528384333,32.82847161572076,0.20433187772925654,0.005895196506240263,-19.236026200872885,0
137.3,24.01781659388646,7.997401746724891,37.278253275109165,0.18380786026200874,-5.871834061135367,-10.205458515283848,0
137.4,26.83004366812212,9.003951965065449,41.72803493449758,0.16328384279476094,-11.749563318776975,-1.1748908296948102,0
137.5,29.642270742357777,10.010502183406006,46.177816593885986,0.14275982532751313,-17.627292576418583,7.855676855894227,0
137.6,32.45449781659343,11.017052401746565,50.6275982532744,0.12223580786026532,-23.505021834060187,16.88624454148327,0
137.70000000000002,29.730400000005275,9.776800000001495,45.78000000000759,0.11183999999997019,5.408399999991072,-27.233200000014584,0
137.8,31.653372641509414,17.66441037735836,60.56325471698091,0.39280660377357934,21.743349056603844,20.360872641509367,0
137.9,31.353844339622643,15.657334905660392,57.16231132075474,0.3064858490566045,22.823537735849047,19.31134433962265,0
138.0,31.054316037735873,13.650259433962425,53.76136792452857,0.22016509433962955,23.903726415094255,18.261816037735933,0
138.1,30.754787735849103,11.643183962264457,50.3604245283024,0.13384433962265468,24.98391509433946,17.212287735849216,0
138.20000000000002,34.703806451612785,11.827677419354796,55.6992258064514,2.2135612903225095,-33.1192258064515,5.119354838709203,0
138.3,33.91240860215047,11.530903225806426,54.26696774193536,1.7352817204300672,-32.35363440860208,1.9258064516126336,0
138.4,33.12101075268816,11.234129032258059,52.834709677419326,1.2570021505376245,-31.588043010752674,-1.2677419354839357,0
138.5,32.32961290322584,10.937354838709691,51.40245161290329,0.7787225806451821,-30.822451612903258,-4.461290322580505,0
138.6,31.538215053763526,10.640580645161322,49.97019354838726,0.3004430107527396,-30.056860215053845,-7.654838709677075,0
138.70000000000002,31.832166301969583,11.188358862145053,50.75118161925701,0.09131509846827207,23.782800875273907,-20.96277899343529,0
138.8,32.60021881838088,13.42468271334832,54.26102844639012,0.09394091903719959,25.139474835886457,-20.402603938730753,0
138.9,33.368271334792176,15.661006564551585,57.77087527352323,0.0965667396061271,26.496148796499007,-19.84242888402622,0
139.0,34.13632385120348,17.89733041575485,61.28072210065635,0.09919256017505462,27.852822757111554,-19.282253829321682,0
139.1,34.90437636761477,20.133654266958118,64.79056892778945,0.10181838074398213,29.209496717724104,-18.722078774617145,0
139.20000000000002,36.56878787878763,21.222510822510355,70.27536796536702,0.127549783549783,-20.540303030300926,-28.514545454544876,0
139.3,35.311212121211916,18.86320346320307,65.55891774891697,0.12473593073593027,-9.979696969695217,-25.605454545454062,0
139.4,34.0536363636362,16.50389610389579,60.842467532466905,0.12192207792207756,0.5809090909104917,-22.69636363636325,0
139.5,32.79606060606048,14.14458874458851,56.12601731601685,0.11910822510822483,11.141515151516199,-19.787272727272438,0
139.6,31.538484848484764,11.785281385281229,51.409567099566786,0.11629437229437212,21.702121212121913,-16.878181818181623,0
139.70000000000002,30.875905172413685,10.501249999999965,47.82515086206881,2.545073275862039,-29.060905172413598,-6.529396551723845,0
139.8,28.85435344827586,9.876249999999999,44.90489224137931,1.9980905172413788,-25.539353448275858,-1.2104310344827525,0
139.9,26.832801724138037,9.251250000000033,41.984633620689806,1.4511077586207186,-22.017801724138117,4.108534482758341,0
140.0,24.811250000000214,8.626250000000066,39.06437500000031,0.9041250000000585,-18.496250000000373,9.427499999999434,0
140.1,22.789698275862392,8.0012500000001,36.144116379310816,0.3571422413793983,-14.974698275862634,14.746465517240527,0
140.20000000000002,31.87161925601747,11.273435448577667,51.17207877461697,0.10482494529540447,-17.975579868708493,-24.7430853391661,0
140.3,31.687811816192532,11.207789934354475,50.692866520787675,0.10307439824945269,-15.531378555798316,-12.473938730851529,0
140.4,31.504004376367597,11.142144420131284,50.21365426695837,0.1013238512035009,-13.087177242888137,-0.20479212253695778,0
140.5,31.320196936542658,11.076498905908092,49.73444201312907,0.09957330415754911,-10.642975929977958,12.064354485777613,0
140.6,31.136389496717722,11.0108533916849,49.25522975929977,0.09782275711159734,-8.198774617067778,24.333501094092185,0
140.70000000000002,30.374727272727092,10.54290909090902,49.31799999999968,0.19350909090908908,22.83527272727232,18.295999999999086,0
140.8,28.558818181818097,9.829272727272693,46.04299999999985,0.1748727272727264,18.651181818181627,8.995999999999567,0
140.9,26.7429090909091,9.115636363636368,42.768000000000015,0.15623636363636373,14.467090909090931,-0.3039999999999523,0
141.0,24.927000000000106,8.40200000000004,39.49300000000019,0.13760000000000105,10.283000000000238,-9.603999999999473,0
141.1,23.111090909091107,7.6883636363637144,36.21800000000036,0.11896363636363838,6.098909090909544,-18.903999999998994,0
141.20000000000002,21.737111111111712,7.665777777777994,35.1991111111121,0.14120000000000094,8.69211111110951,-18.919777777775455,0
141.3,24.279333333333692,8.581333333333463,39.38133333333393,0.14520000000000055,1.934333333332373,-9.11533333333194,0
141.4,26.821555555555676,9.496888888888932,43.56355555555575,0.1492000000000002,-4.823444444444764,0.6891111111115791,0
141.5,29.363777777777656,10.4124444444444,47.74577777777758,0.1531999999999998,-11.581222222221902,10.493555555555094,0
141.6,31.905999999999636,11.32799999999987,51.92799999999941,0.15719999999999942,-18.33899999999904,20.297999999998613,0
141.70000000000002,34.562186147186,12.05621212121206,54.866493506493306,2.8000432900431464,-32.138419913416776,-2.097835497836275,0
141.8,33.927987012986925,11.798636363636327,54.02233766233754,2.1944155844154984,-18.893831168829287,-5.379220779221246,0
141.9,33.293787878787846,11.541060606060594,53.17818181818178,1.5887878787878502,-5.649242424241798,-8.660606060606217,0
142.0,32.659588744588774,11.28348484848486,52.33402597402601,0.983160173160202,7.595346320345691,-11.941991341991187,0
142.1,32.0253896103897,11.025909090909128,51.48987012987025,0.37753246753255354,20.83993506493318,-15.223376623376158,0
142.20000000000002,32.175793991416334,10.712618025751091,51.02776824034337,0.19284120171673755,-16.7785407725314,-23.420901287552333,0
142.3,32.45476394849788,10.875708154506453,51.216609442060104,0.18704721030042862,-9.671244635192439,-11.57540772532073,0
142.4,32.73373390557942,11.038798283261816,51.40545064377684,0.1812532188841197,-2.5639484978534792,0.27008583691087296,0
142.5,33.01270386266096,11.201888412017178,51.59429184549357,0.17545922746781076,4.543347639485479,12.115579399142476,0
142.6,33.291673819742506,11.36497854077254,51.783133047210306,0.16966523605150183,11.650643776824442,23.96107296137407,0
142.70000000000002,34.14941431670271,11.469522776572644,53.342494577006335,0.16256182212581533,29.04570498915322,-16.611887201735897,0
142.8,33.583253796095384,11.34154013015183,52.420585683297084,0.17232321041214854,24.89386117136615,-19.436182212581645,0
142.9,33.01709327548806,11.213557483731018,51.49867678958783,0.1820845986984818,20.742017353579083,-22.260477223427394,0
143.0,32.45093275488073,11.085574837310203,50.57676789587858,0.191845986984815,16.590173535792015,-25.084772234273142,0
143.1,31.884772234273402,10.95759219088939,49.65485900216933,0.20160737527114825,12.438329718004947,-27.90906724511889,0
143.20000000000002,31.947639484978215,11.462896995708032,51.228240343347125,0.14749570815450677,17.113390557940008,26.41118025751016,0
143.3,29.745922746780955,10.619549356223116,47.696051502145664,0.14985622317596584,17.74858369098717,22.51203862660916,0
143.4,27.544206008583693,9.7762017167382,44.16386266094421,0.15221673819742487,18.383776824034335,18.612896995708162,0
143.5,25.342489270386434,8.932854077253284,40.63167381974276,0.15457725321888394,19.0189699570815,14.713755364807167,0
143.6,23.140772532189175,8.089506437768367,37.099484978541305,0.156937768240343,19.654163090128662,10.814613733906167,0
143.70000000000002,32.730948275862026,11.331681034482745,52.51163793103443,0.1732349137931044,-14.782219827586259,28.648146551724043,0
143.8,31.94646551724138,11.077370689655172,51.52025862068966,0.190260775862069,-15.74127155172414,26.954181034482755,0
143.9,31.16198275862073,10.8230603448276,50.528879310344884,0.20728663793103358,-16.70032327586202,25.260215517241466,0
144.0,30.377500000000083,10.568750000000026,49.53750000000011,0.2243124999999982,-17.659374999999898,23.56625000000018,0
144.1,29.593017241379435,10.314439655172453,48.54612068965533,0.24133836206896278,-18.618426724137777,21.872284482758893,0
144.20000000000002,32.69,11.085969827586212,50.63178879310353,0.11165517241379329,-13.725237068965713,27.99267241379259,0
144.3,32.69,11.170021551724139,52.22015086206897,0.11510344827586208,-17.27911637931035,18.690948275862056,0
144.4,32.69,11.254073275862066,53.8085129310344,0.11855172413793086,-20.832995689654986,9.389224137931524,0
144.5,32.69,11.338124999999991,55.39687499999983,0.12199999999999964,-24.38687499999962,0.08750000000098979,0
144.6,32.69,11.422176724137918,56.98523706896526,0.12544827586206841,-27.940754310344257,-9.214224137929545,0
144.70000000000002,31.78246861924691,10.805188284518842,50.1518410041842,2.274870292886939,-28.484351464432613,1.935983263597847,0
144.8,32.020962343096265,10.874225941422601,50.66020920502098,1.8106443514643797,-15.41322175732062,-0.5368200836823029,0
144.9,32.25945606694562,10.943263598326363,51.16857740585776,1.3464184100418204,-2.3420920502086275,-3.0096234309624523,0
145.0,32.49794979079497,11.012301255230122,51.676945606694545,0.882192468619261,10.729037656903365,-5.482426778242601,0
145.1,32.73644351464432,11.081338912133884,52.18531380753133,0.4179665271967017,23.80016736401536,-7.9552301255227515,0
145.20000000000002,31.754999999982118,10.676666666661298,51.244999999976436,0.17650000000027238,-28.154999999997514,-13.394999999966014,0
145.3,28.905769230768886,9.809411764705777,46.69316742081389,0.17904072398189896,-16.971855203618084,-9.099751131221248,0
145.4,26.790384615384426,9.162352941176412,43.10040723981868,0.16999095022624353,-5.781809954750123,-6.210610859728247,0
145.5,24.67499999999996,8.515294117647048,39.507647058823466,0.1609411764705881,5.4082352941178335,-3.321470588235245,0
145.6,22.559615384615505,7.868235294117683,35.91488687782825,0.15189140271493262,16.598280542985794,-0.4323303167422452,0
145.70000000000002,33.198004338394746,11.365835140997826,53.51878524945761,1.2889631236442003,-31.041518438175988,-4.199479392623295,0
145.8,32.93553145336223,11.33980477223427,53.011193058568274,1.0199826464207957,-21.176008676788534,3.3037744034715164,0
145.9,32.673058568329715,11.313774403470715,52.50360086767895,0.751002169197391,-11.31049891540108,10.807028199566327,0
146.0,32.4105856832972,11.28774403470716,51.99600867678962,0.4820216919739865,-1.44498915401363,18.310281995661143,0
146.1,32.148112798264684,11.261713665943605,51.48841648590029,0.2130412147505818,8.420520607373824,25.813535791755953,0
146.20000000000002,32.95604347826087,11.069608695652178,51.97565217391305,2.9045130434782247,-31.59534782608659,-1.3007608695647797,0
146.3,32.92560869565217,11.143521739130438,52.01913043478261,2.285382608695624,-25.251869565217103,6.231847826087302,0
146.4,32.89517391304348,11.217434782608699,52.06260869565217,1.6662521739130227,-18.908391304347617,13.764456521739382,0
146.5,32.864739130434785,11.291347826086959,52.10608695652174,1.0471217391304217,-12.564913043478128,21.29706521739146,0
146.6,32.834304347826084,11.365260869565219,52.149565217391306,0.42799130434782073,-6.221434782608643,28.829673913043543,0
146.70000000000002,37.423354978354816,22.023701298700747,71.0515800865792,0.09014718614718635,17.386666666666034,-32.90385281385286,0
146.8,36.73720779220769,19.69253246753214,67.2961688311683,0.09101298701298713,14.71999999999962,-33.102987012987036,0
146.9,36.051060606060574,17.361363636363528,63.5407575757574,0.09187878787878792,12.053333333333207,-33.30212121212122,0
147.0,35.36491341991345,15.030194805194917,59.7853463203465,0.0927445887445887,9.386666666666793,-33.5012554112554,0
147.1,34.67876623376633,12.699025974026306,56.0299350649356,0.09361038961038949,6.720000000000379,-33.70038961038958,0
147.20000000000002,21.279323467230824,7.518731501057225,34.59215644820365,0.0906046511627938,2.2686469344614597,19.24551797039982,0
147.3,23.27509513742093,8.260803382663926,38.23063424947184,0.1068837209302343,5.260190274841755,9.467505285411221,0
147.4,25.270866807611036,9.00287526427063,41.869112050740036,0.12316279069767477,8.25173361522205,-0.3105073995773786,0
147.5,27.26663847780114,9.744947145877331,45.50758985200822,0.13944186046511525,11.243276955602347,-10.088520084565978,0
147.6,29.262410147991247,10.487019027484035,49.14606765327642,0.15572093023255573,14.234820295982644,-19.866532769554578,0
147.70000000000002,28.43909090909105,10.005363636364093,47.01900000000076,0.16366363636363476,-19.749454545454782,-19.627999999998316,0
147.8,29.166363636363737,12.389454545454878,50.994000000000554,0.15525454545454428,-20.985818181818352,-10.827999999998772,0
147.9,29.89363636363643,14.773545454545664,54.96900000000035,0.1468454545454538,-22.222181818181927,-2.0279999999992278,0
148.0,30.620909090909116,17.15763636363645,58.94400000000014,0.13843636363636333,-23.4585454545455,6.772000000000318,0
148.1,31.348181818181807,19.541727272727236,62.91899999999993,0.13002727272727285,-24.69490909090907,15.571999999999864,0
148.20000000000002,30.265982532751334,11.827467248908413,49.588689956332296,0.07887991266376282,19.268777292576363,-20.317772925761425,0
148.3,31.248515283842984,12.29471615720533,51.278646288209934,0.10879257641921974,19.04606986899559,-9.090698689954165,0
148.4,32.23104803493463,12.761965065502249,52.96860262008757,0.13870524017467667,18.823362445414816,2.1363755458530953,0
148.5,33.213580786026284,13.229213973799167,54.65855895196521,0.1686179039301336,18.600655021834044,13.363449781660357,0
148.6,34.19611353711794,13.696462882096085,56.34851528384285,0.19853056768559052,18.377947598253268,24.590524017467615,0
148.70000000000002,33.643974082073285,12.728855291576563,56.06907127429769,0.0878660907127459,-27.12246220302395,19.551987041035936,0
148.8,33.11049676025909,12.333606911447015,54.786133909287024,0.09823326133909471,-27.80280777537809,16.7852483801291,0
148.9,32.577019438444886,11.938358531317467,53.50319654427636,0.10860043196544351,-28.48315334773223,14.018509719222262,0
149.0,32.04354211663069,11.543110151187918,52.220259179265696,0.11896760259179232,-29.16349892008637,11.251771058315425,0
149.1,31.510064794816486,11.14786177105837,50.937321814255036,0.12933477321814113,-29.84384449244051,8.485032397408588,0
149.20000000000002,30.150501089324752,10.328235294117682,47.95860566448821,0.13115250544662085,-27.444509803921417,10.099934640521429,0
149.3,30.841132897603575,10.504705882352965,48.94989106753825,0.11960566448801593,-26.66019607843127,2.662026143789877,0
149.4,31.5317647058824,10.681176470588246,49.9411764705883,0.108058823529411,-25.875882352941122,-4.775882352941675,0
149.5,32.222396514161225,10.85764705882353,50.932461873638346,0.09651198257080607,-25.091568627450975,-12.213790849673224,0
149.6,32.91302832244005,11.034117647058812,51.923747276688395,0.08496514161220114,-24.30725490196083,-19.651699346404776,0
149.70000000000002,32.2946021505374,11.400774193548303,53.276150537634,0.08126451612903315,-6.628193548386501,30.88593548387042,0
149.8,29.89890322580637,10.54916129032255,49.177225806451474,0.0902967741935487,-0.615290322580436,25.35690322580626,0
149.9,27.50320430107534,9.697548387096798,45.07830107526894,0.09932903225806425,5.397612903225629,19.8278709677421,0
150.0,25.10750537634431,8.845935483871047,40.979376344086404,0.1083612903225798,11.410516129031695,14.298838709677938,0
150.1,22.711806451613278,7.994322580645296,36.88045161290387,0.11739354838709534,17.423419354837762,8.769806451613775,0
150.20000000000002,30.82333333333422,10.516666666665783,49.33666666665802,0.45033333332953746,-3.366666666415483,-16.933333333549083,0
150.3,31.409594594594672,10.690743243243276,49.62027027027038,0.24866216216216197,4.518581081080311,-28.498378378378405,0
150.4,31.954639639639666,10.913716216216228,50.368018018018056,0.24731081081081074,-0.9070945945948505,-28.678558558558567,0
150.5,32.49968468468466,11.13668918918918,51.11576576576573,0.24595945945945952,-6.332770270270011,-28.85873873873873,0
150.6,33.04472972972965,11.359662162162131,51.86351351351341,0.2446081081081083,-11.758445945945173,-29.038918918918895,0
150.70000000000002,32.146666666666746,10.798995726495756,50.989957264957326,0.12447435897436049,-21.54151709401514,-21.955619658120064,0
150.8,32.48000000000005,10.92506410256412,51.25064102564106,0.1308846153846163,-13.287243589742417,-23.675705128205372,0
150.9,32.813333333333354,11.051132478632484,51.5113247863248,0.1372948717948721,-5.032970085469696,-25.39579059829068,0
151.0,33.146666666666654,11.177200854700848,51.77200854700853,0.1437051282051279,3.2213034188030285,-27.115876068375986,0
151.1,33.479999999999954,11.303269230769212,52.03269230769227,0.1501153846153837,11.475576923075753,-28.835961538461294,0
151.20000000000002,31.389237288135583,11.021949152542367,51.5403389830508,0.10248305084745846,6.740932203390014,28.15296610169356,0
151.3,31.28542372881355,10.981694915254232,51.142033898305044,0.10989830508474649,8.395593220339142,15.917796610168313,0
151.4,31.181610169491517,10.941440677966098,50.74372881355929,0.11731355932203451,10.050254237288271,3.6826271186430652,0
151.5,31.077796610169486,10.901186440677963,50.345423728813536,0.12472881355932254,11.7049152542374,-8.55254237288218,0
151.6,30.973983050847455,10.860932203389828,49.94711864406778,0.13214406779661056,13.35957627118653,-20.787711864407427,0
151.70000000000002,30.656921348314548,10.289325842696625,47.663820224719025,1.0308516853932288,-29.202696629211626,-6.792696629213065,0
151.8,30.22096629213479,10.266853932584267,47.12449438202242,0.8259078651685183,-16.292584269661603,-3.882584269662624,0
151.9,29.785011235955032,10.244382022471909,46.585168539325814,0.6209640449438076,-3.382471910111576,-0.9724719101121826,0
152.0,29.349056179775275,10.22191011235955,46.0458426966292,0.41602022471909716,9.527640449438454,1.9376404494382582,0
152.1,28.913101123595517,10.19943820224719,45.506516853932595,0.21107640449438658,22.437752808988474,4.847752808988699,0
152.20000000000002,32.29560000000014,10.997199999999964,50.55319999999999,0.15108000000001173,-0.8212000000093518,-27.007600000000537,0
152.3,33.976735632183974,13.421770114942639,54.9531724137933,0.1599747126436777,-17.512229885057543,-28.586091954023022,0
152.4,35.613517241379384,16.210275862069086,59.91179310344849,0.14871034482758572,-19.323724137931112,-29.390689655172448,0
152.5,37.25029885057479,18.998781609195532,64.87041379310368,0.13744597701149375,-21.13521839080468,-30.195287356321877,0
152.6,38.887080459770196,21.787287356321976,69.82903448275887,0.12618160919540172,-22.946712643678254,-30.999885057471307,0
152.70000000000002,31.385311827957096,10.428387096774248,49.09847311827969,2.769169892472975,-30.332838709676626,1.8297419354853515,0
152.8,31.82832258064524,10.654193548387138,49.61890322580654,2.1760516129031204,-27.05541935483813,7.945870967743024,0
152.9,32.27133333333338,10.880000000000026,50.13933333333339,1.582933333333266,-23.77799999999963,14.062000000000697,0
153.0,32.714344086021526,11.105806451612914,50.65976344086024,0.9898150537634114,-20.50058064516113,20.17812903225837,0
153.1,33.157354838709665,11.331612903225803,51.18019354838709,0.3966967741935572,-17.22316129032263,26.29425806451604,0
153.20000000000002,32.69468750000081,10.90875000000003,50.953437500000845,0.09849999999996537,-7.1899999999879896,-30.23187500003806,0
153.3,33.503272727272694,11.33018181818181,51.56163636363632,0.11172727272727259,-30.835636363636304,12.098909090909146,0
153.4,32.694181818181825,11.132454545454548,50.53209090909092,0.10831818181818186,-29.331090909090925,13.410272727272714,0
153.5,31.88509090909096,10.934727272727285,49.50254545454552,0.10490909090909112,-27.82654545454555,14.721636363636282,0
153.60000000000002,31.075999999999862,10.736999999999966,48.47299999999983,0.10149999999999942,-26.321999999999743,16.03300000000022,0
153.70000000000002,34.170500000001866,20.921500000006297,65.49200000001004,0.1661499999999965,13.960500000019927,29.120750000031876,0
153.8,33.105657015590026,18.746971046770227,61.42641425389686,0.15034521158128936,5.622182628060946,26.127527839642983,0
153.9,31.949755011135778,16.279265033407405,56.88743875278365,0.1345322939866359,-3.658440979956092,21.73109131403088,0
154.0,30.79385300668153,13.811559020044582,52.34846325167045,0.11871937639198243,-12.939064587973126,17.334654788418778,0
154.10000000000002,29.637951002226956,11.343853006681059,47.80948775055596,0.10290645879732449,-22.219688195992802,12.938218262805425,0
154.20000000000002,28.190000000000392,10.030000000000115,45.40000000000063,0.12699999999999878,-9.100000000000563,26.439999999996452,0
154.3,29.566126126126388,10.435405405405481,47.61396396396438,0.1227207207207199,-11.08423423423461,13.946756756754391,0
154.4,30.94225225225238,10.840810810810849,49.82792792792814,0.11844144144144103,-13.068468468468657,1.453513513512334,0
154.5,32.31837837837838,11.246216216216215,52.04189189189189,0.11416216216216216,-15.052702702702703,-11.039729729729725,0
154.60000000000002,33.69450450450476,11.651621621621699,54.255855855856275,0.10988288288288207,-17.036936936937312,-23.532972972975333,0
154.70000000000002,33.679735099337705,20.48836644591599,63.41726269315652,0.1158918322295805,13.710397350993393,29.751258278145027,0
154.8,32.81880794701982,18.179315673289057,59.52101545253842,0.11434657836644584,14.001788079470213,17.34066225165497,0
154.9,31.957880794701943,15.870264900662129,55.624768211920326,0.11280132450331118,14.293178807947035,4.930066225164911,0
155.0,31.09695364238406,13.5612141280352,51.728520971302224,0.11125607064017652,14.584569536423857,-7.480529801325151,0
155.10000000000002,30.236026490065935,11.252163355407612,47.83227373068301,0.10971081677704142,14.87596026490076,-19.891125827818737,0
155.20000000000002,32.905575221238905,11.600442477876094,53.536991150442404,1.420548672566343,-31.10522123893667,-5.404336283185711,0
155.3,32.60026548672565,11.480973451327428,52.74938053097342,1.1274070796460043,-17.04548672566308,-4.08353982300879,0
155.4,32.29495575221239,11.361504424778762,51.96176991150443,0.8342654867256659,-2.9857522123894853,-2.762743362831868,0
155.5,31.989646017699133,11.242035398230096,51.17415929203545,0.5411238938053274,11.073982300884111,-1.441946902654947,0
155.60000000000002,31.68433628318579,11.122566371681396,50.386548672566235,0.24798230088490558,25.1337168141617,-0.12115044247765017,0
155.70000000000002,22.263926247288428,8.024078091106235,35.50887201735342,0.32961171366593506,-12.142472885032923,16.468828633403923,0
155.8,22.0079609544468,7.824511930585643,34.94704989154002,0.2996767895878465,-13.48954446854691,10.46232104121354,0
155.9,21.751995661605175,7.624945770065053,34.38522776572662,0.26974186550975787,-14.836616052060895,4.455813449023157,0
156.0,21.49603036876355,7.425379609544462,33.82340563991322,0.2398069414316693,-16.18368763557488,-1.5506941431672239,0
156.10000000000002,21.240065075921848,7.225813449023814,33.261583514099655,0.20987201735357222,-17.530759219089248,-7.557201735359314,0
156.20000000000002,30.86896103896091,10.45792207792206,49.796883116882825,0.10361038961038899,-26.46714285713933,-10.594545454544594,0
156.3,30.418744588744502,10.390822510822499,48.779567099566904,0.10144588744588703,-14.062380952378602,-7.564242424241851,0
156.4,29.968528138528097,10.323722943722938,47.762251082250984,0.09928138528138507,-1.657619047617871,-4.533939393939107,0
156.5,29.518311688311687,10.256623376623377,46.74493506493506,0.09711688311688312,10.747142857142858,-1.5036363636363639,0
156.60000000000002,29.068095238095154,10.189523809523797,45.72761904761886,0.09495238095238054,23.151904761907115,1.5266666666672393,0
156.70000000000002,29.94902807775392,10.422829373650128,46.63267818574536,0.09254427645788423,-10.770496760260324,27.439114470841467,0
156.8,30.44362850971931,10.494103671706275,47.42533477321828,0.09556803455723596,-14.828812095033115,24.378639308854748,0
156.9,30.9382289416847,10.565377969762425,48.2179913606912,0.09859179265658768,-18.887127429805908,21.31816414686803,0
157.0,31.43282937365009,10.636652267818572,49.01064794816412,0.10161555075593942,-22.9454427645787,18.25768898488131,0
157.10000000000002,31.92742980561562,10.707926565874741,49.80330453563726,0.10463930885529202,-27.003758099352645,15.197213822893719,0
157.20000000000002,21.223943355120092,12.569738562091475,40.54405228758195,0.1768039215686259,-3.3816339869276884,20.5014596949893,0
157.3,23.894967320261532,12.282156862745087,43.00156862745107,0.16111764705882298,0.8209803921570109,22.440457516339936,0
157.4,26.565991285402973,11.9945751633987,45.459084967320194,0.14543137254902005,5.02359477124171,24.379455337690576,0
157.5,29.237015250544417,11.706993464052314,47.91660130718932,0.12974509803921713,9.22620915032641,26.318453159041216,0
157.60000000000002,31.908039215686614,11.419411764705846,50.37411764705914,0.11405882352940976,13.428823529412304,28.257450980392406,0
157.70000000000002,23.062609649122965,7.774605263158053,35.51657894736879,2.7854451754385656,-22.796732456140415,0.436030701754117,0
157.8,26.099890350877253,10.840394736842164,42.75342105263172,2.191804824561392,-24.035767543859674,-4.763530701754487,0
157.9,29.13717105263154,13.906184210526275,49.990263157894645,1.5981644736842182,-25.274802631578932,-9.963092105263089,0
158.0,32.17445175438583,16.971973684210386,57.22710526315757,1.0045241228070445,-26.513837719298188,-15.162653508771694,0
158.10000000000002,35.21173245614098,20.03776315789537,64.46394736842255,0.41088377192970205,-27.7528728070178,-20.362214912281775,0
158.20000000000002,21.144185022026473,7.585814977973576,33.776343612334855,0.13862995594713612,20.166123348016907,-2.3896475770920036,0
158.3,21.571497797356866,7.658502202643178,34.355638766519874,0.1340044052863432,13.11766519823725,2.6147577092515526,0
158.4,21.99881057268726,7.731189427312781,34.93493392070489,0.1293788546255503,6.069207048457592,7.619162995595109,0
158.5,22.42612334801765,7.8038766519823834,35.514229074889904,0.1247533039647574,-0.9792511013220633,12.623568281938663,0
158.60000000000002,22.853436123348164,7.876563876652007,36.093524229075086,0.12012775330396318,-8.027709251103726,17.627973568283643,0
158.70000000000002,32.370438596491255,10.676798245614046,50.29997807017549,0.11242763157894756,-0.048596491228453664,-31.613925438596286,0
158.8,32.835350877192994,10.882938596491233,51.376732456140374,0.11571710526315797,-6.9608771929826165,-27.87489035087711,0
158.9,33.30026315789473,11.089078947368419,52.45348684210525,0.1190065789473684,-13.87315789473678,-24.135855263157932,0
159.0,33.76517543859647,11.295219298245605,53.53024122807013,0.1222960526315788,-20.78543859649094,-20.396820175438755,0
159.10000000000002,34.230087719298346,11.50135964912285,54.60699561403531,0.12558552631579017,-27.697719298247065,-16.657785087718516,0
159.20000000000002,31.55316348195323,11.03093418259021,49.5975371549893,0.11973036093418209,19.071507430996895,22.619957537154857,0
159.3,30.98840764331208,10.80375796178343,48.741910828025446,0.1148471337579616,9.50038216560473,21.312101910827977,0
159.4,30.42365180467093,10.576581740976652,47.886284501061596,0.1099639065817411,-0.07074309978743187,20.004246284501097,0
159.5,29.858895966029774,10.349405520169872,47.030658174097745,0.10508067940552061,-9.641868365179597,18.696390658174217,0
159.60000000000002,29.294140127388463,10.122229299363028,46.175031847133646,0.10019745222929874,-19.212993630574484,17.388535031846967,0
159.70000000000002,24.479336188437184,8.369229122055831,38.62858672376938,0.10070449678800826,0.9920128479672072,-22.219892933616972,0
159.8,25.954710920771106,9.018051391863056,41.31809421841583,0.09941970021413257,7.1311991434699005,-14.393340471090868,0
159.9,27.430085653105028,9.666873661670282,44.007601713062286,0.09813490364025687,13.270385438972593,-6.566788008564764,0
160.0,28.90546038543895,10.315695931477507,46.69710920770874,0.09685010706638118,19.409571734475286,1.2597644539613384,0
160.10000000000002,30.380835117773294,10.964518201284918,49.38661670235596,0.09556531049250512,25.548758029979723,9.086316916489668,0
160.20000000000002,33.93138528138518,20.300346320345923,64.54562770562714,0.16333333333333003,26.223290043287605,-17.265844155842757,0
160.3,33.44004329004321,18.30251082251049,61.7058008658004,0.1466666666666639,13.993852813850783,-10.239870129868963,0
160.4,32.94870129870123,16.30467532467506,58.86597402597365,0.12999999999999778,1.7644155844139604,-3.2138961038951717,0
160.5,32.457359307359255,14.306839826839628,56.0261471861469,0.11333333333333168,-10.465021645022865,3.812077922078622,0
160.60000000000002,31.966017316017144,12.30900432900363,53.18632034631935,0.09666666666666082,-22.69445887446316,10.83805194805441,0
160.70000000000002,35.48578828828813,21.50781531531516,69.37801801801761,0.11008108108108147,-29.34835585585532,19.46418918918897,0
160.8,32.06461711711706,18.28934684684679,61.17981981981967,0.11818918918918933,-18.18394144144125,14.88310810810803,0
160.9,28.64344594594599,15.07087837837842,52.98162162162173,0.1262972972972972,-7.019527027027177,10.30202702702709,0
161.0,25.222274774774924,11.852409909910053,44.783423423423784,0.13440540540540505,4.144887387386895,5.72094594594615,0
161.10000000000002,21.801103603602886,8.633941441440768,36.58522522522351,0.1425135135135152,15.30930180180414,1.139864864863906,0
161.20000000000002,32.09991341991349,11.289696969696982,51.929696969696984,0.09745021645021701,30.22753246753255,-10.360259740259716,0
161.3,32.47437229437236,11.35030303030304,51.99030303030304,0.10026406926406974,30.64961038961046,-10.236883116883098,0
161.4,32.84883116883122,11.410909090909099,52.0509090909091,0.10307792207792245,31.07168831168837,-10.113506493506478,0
161.5,33.223290043290085,11.471515151515158,52.11151515151516,0.10589177489177518,31.493766233766276,-9.99012987012986,0
161.60000000000002,33.59774891774905,11.532121212121234,52.17212121212123,0.1087056277056287,31.915844155844304,-9.866753246753204,0
161.70000000000002,33.11734341252669,11.224751619870307,51.70157667386562,0.19015550755939323,10.029740820734572,-30.24477321814178,0
161.8,30.154060475161806,10.248509719222403,47.15946004319626,0.17093304535637033,12.228444924406183,-22.918639308854843,0
161.9,27.190777537796922,9.272267818574496,42.617343412526914,0.1517105831533474,14.427149028077793,-15.592505399567905,0
162.0,24.227494600432042,8.296025917926592,38.075226781857566,0.13248812095032447,16.625853131749402,-8.266371490280967,0
162.10000000000002,21.26421166306632,7.319784017278408,33.533110151186925,0.11326565874729608,18.824557235421636,-0.9402375809919477,0
162.20000000000002,22.800368763557998,7.877917570499487,35.48167028199699,0.12489587852494564,-3.736464208241596,-20.204316702818208,0
162.3,25.490173535792046,10.864902386117457,42.42960954446929,0.12424511930585676,3.3481344902393664,-11.043796095443708,0
162.4,28.179978308026094,13.851887201735426,49.37754880694159,0.12359436008676788,10.432733188720327,-1.8832754880692093,0
162.5,30.86978308026014,16.838872017353395,56.32548806941389,0.122943600867679,17.51733188720129,7.277245119305288,0
162.60000000000002,33.55958785249495,19.825856832972214,63.273427331888165,0.12229284164858993,24.601930585684265,16.437765726682393,0
162.70000000000002,32.18799999999938,10.9079999999998,51.07999999999821,0.10019999999998806,-5.664000000022099,1.9620000000161681,0
162.8,31.832465116279092,10.759069767441865,49.65395348837212,0.1270930232558173,-24.501209302325414,19.028790697674587,0
162.9,32.1092093023256,10.80558139534884,49.95627906976746,0.17244186046511933,-22.240744186046356,21.28925581395364,0
163.0,32.38595348837211,10.852093023255817,50.25860465116281,0.21779069767442136,-19.980279069767303,23.549720930232695,0
163.10000000000002,32.662697674418695,10.898604651162806,50.56093023255824,0.26313953488373626,-17.719813953487606,25.810186046512392,0
163.20000000000002,35.016073752711286,20.077114967461444,66.5326247288493,0.11340563991323434,-23.143210412144047,-22.846399132319064,0
163.3,34.272039045552994,18.005531453361836,62.936095444684746,0.12121475054230092,-11.049934924075652,-15.937505422992098,0
163.4,33.52800433839471,15.933947939262229,59.33956616052019,0.1290238611713675,1.0433405639927393,-9.028611713665132,0
163.5,32.78396963123642,13.862364425162621,55.74303687635563,0.13683297180043408,13.136616052061136,-2.119718004338168,0
163.60000000000002,32.03993492407792,11.790780911062425,52.146507592190055,0.14464208242950288,25.229891540132968,4.789175704990761,0
163.70000000000002,19.323443708609744,11.979271523178792,38.58576158940447,0.13492715231787908,14.543708609270531,10.465231788078157,0
163.8,22.583929359823667,11.860066225165554,41.983112582781736,0.12300662251655532,7.696026490065668,1.4122516556284008,0
163.9,25.844415011037587,11.740860927152315,45.380463576159,0.11108609271523158,0.8483443708608043,-7.640728476821357,0
164.0,29.10490066225151,11.621655629139077,48.777814569536275,0.09916556291390782,-5.9993377483440575,-16.693708609271113,0
164.10000000000002,32.36538631346636,11.502450331125806,52.17516556291451,0.0872450331125807,-12.84701986755087,-25.74668874172344,0
164.20000000000002,34.65728260869549,21.199108695651823,67.22047826086893,0.12802173913043322,22.61504347825961,24.419565217389753,0
164.3,33.51597826086948,18.74476086956505,62.78134782608665,0.11715217391304272,13.893304347825477,13.636956521738378,0
164.4,32.37467391304348,16.290413043478274,58.342217391304374,0.10628260869565223,5.171565217391343,2.854347826087004,0
164.5,31.23336956521748,13.836065217391496,53.90308695652209,0.09541304347826172,-3.5501739130427907,-7.928260869564369,0
164.60000000000002,30.092065217391156,11.381717391304026,49.46395652173855,0.08454347826086814,-12.271913043479408,-18.710869565218808,0
164.70000000000002,36.43500000001354,19.89250000005835,68.40750000009683,0.0895000000000746,8.365000000288518,19.285000000222865,0
164.8,36.23419864559806,20.138239277651984,68.58327313769685,0.09009480812641038,22.805079006772146,18.454446952594196,0
164.9,35.38995485327308,17.621309255078835,64.17243792325026,0.08716027088036098,23.719300225733697,7.054898419863775,0
165.0,34.54571106094809,15.104379232505682,59.76160270880368,0.08422573363431156,24.633521444695244,-4.344650112866642,0
165.10000000000002,33.70146726862287,12.587449209931815,55.350767494355836,0.08129119638826131,25.547742663657054,-15.744198645600303,0
165.20000000000002,34.02454157782534,11.894200426439884,54.40174840085389,0.0858336886993672,-26.281428571424826,-16.439573560767542,0
165.3,34.66846481876344,14.203368869936444,57.992366737740504,0.1101407249466994,-12.99571428571193,-16.271130063965856,0
165.4,35.31238805970154,16.512537313433004,61.582985074627125,0.1344477611940316,0.29000000000096193,-16.102686567164167,0
165.5,35.95631130063964,18.82170575692956,65.17360341151374,0.1587547974413638,13.575714285713858,-15.934243070362479,0
165.60000000000002,36.60023454157792,21.13087420042678,68.76422174840138,0.18306183368870294,26.86142857143053,-15.765799573560743,0
165.70000000000002,32.97271523178766,11.230132450330998,51.97748344370801,0.10918543046357967,-6.19973509933786,-31.480198675495092,0
165.8,30.11399558498873,10.342715231788008,47.83841059602615,0.1334679911699799,-6.974569536423904,-20.482406181014554,0
165.9,27.25527593818979,9.455298013245017,43.6993377483443,0.15775055187638012,-7.749403973509948,-9.484613686534015,0
166.0,24.39655629139086,8.567880794702027,39.56026490066244,0.18203311258278038,-8.524238410595991,1.5131788079465238,0
166.10000000000002,21.53783664459111,7.680463576158784,35.42119205297941,0.20631567328918748,-9.299072847682256,12.510971302430193,0
166.20000000000002,31.791857451404333,11.595572354212424,52.85790496760392,0.09447732181425718,28.770280777533827,-1.4452483801283271,0
166.3,33.35773218142577,14.293196544276936,57.56848812095116,0.10268466522678332,14.71628509718973,3.025593952484594,0
166.4,34.923606911447195,16.990820734341447,62.279071274298396,0.11089200863930945,0.6622894168456313,7.496436285097516,0
166.5,36.48948164146863,19.68844492440596,66.98965442764563,0.11909935205183558,-13.391706263498467,11.967278617710438,0
166.60000000000002,38.05535637149051,22.38606911447124,71.70023758099421,0.12730669546436407,-27.44570194384656,16.43812095032463,0
166.70000000000002,31.087777777782016,11.234444444445918,51.69555555556299,0.15772222222222249,11.95500000000694,-16.27111111112356,0
166.8,22.692249999999994,7.955699999999998,36.83514999999997,0.30883999999999723,19.032599999999753,2.4826500000002865,0
166.9,22.529749999999993,7.910699999999998,36.307649999999974,0.25483999999999724,14.222599999999755,8.080150000000287,0
167.0,22.36724999999999,7.865699999999998,35.78014999999997,0.20083999999999724,9.412599999999754,13.677650000000288,0
167.10000000000002,22.204749999999944,7.820699999999984,35.25264999999982,0.14683999999998187,4.602599999998386,19.27515000000188,0
167.20000000000002,31.842946428571395,10.948571428571421,50.24348214285711,0.10776785714285604,-26.078571428571234,17.551160714284006,0
167.3,31.666607142857124,10.912857142857138,50.080535714285695,0.10196428571428504,-25.042857142857024,8.580178571427524,0
167.4,31.49026785714285,10.877142857142855,49.91758928571428,0.09616071428571404,-24.007142857142814,-0.3908035714289575,0
167.5,31.313928571428576,10.841428571428573,49.75464285714286,0.09035714285714304,-22.971428571428604,-9.361785714285439,0
167.60000000000002,31.137589285714252,10.805714285714279,49.5916964285714,0.08455357142857038,-21.9357142857141,-18.33276785714447,0
167.70000000000002,29.10880000000023,10.269600000000045,47.35506666666692,0.09132000000000151,9.011066666666956,26.77839999999639,0
167.8,29.922133333333488,10.42960000000003,48.272844444444615,0.09665333333333434,10.028844444444637,14.085066666664261,0
167.9,30.735466666666742,10.589600000000015,49.19062222222231,0.10198666666666717,11.046622222222318,1.3917333333321302,0
168.0,31.5488,10.749600000000001,50.108399999999996,0.10732,12.0644,-11.3016,0
168.10000000000002,32.36213333333349,10.909600000000031,51.02617777777795,0.11265333333333435,13.08217777777797,-23.994933333335737,0
168.20000000000002,32.33295896328294,11.081727861771059,51.57075593952481,0.1581058315334758,27.193844492439524,13.404751619870728,0
168.3,32.39775377969763,11.090367170626351,51.32453563714901,0.14363498920086304,16.913066954643,16.42850971922265,0
168.4,32.46254859611231,11.099006479481641,51.07831533477321,0.12916414686825028,6.6322894168464686,19.45226781857457,0
168.5,32.527343412526996,11.107645788336932,50.83209503239741,0.11469330453563753,-3.6484881209500557,22.47602591792649,0
168.60000000000002,32.5921382289417,11.116285097192225,50.585874730021544,0.10022246220302064,-13.929265658749507,25.499784017279268,0
168.70000000000002,35.22451403887672,20.795075593952312,65.04697624190025,0.2571987041036703,32.4841900647944,-9.122505399568198,0
168.8,32.2482721382289,17.76915766738657,58.083693304535544,0.2319287257019435,25.190453563714804,-11.97779697624194,0
168.9,29.272030237581085,14.743239740820826,51.12041036717084,0.20665874730021674,17.896717062635208,-14.833088552915681,0
169.0,26.295788336933263,11.717321814255081,44.15712742980613,0.18138876889848998,10.602980561555615,-17.688380129589422,0
169.10000000000002,23.319546436284604,8.691403887688478,37.193844492439446,0.15611879049675603,3.3092440604739473,-20.54367170626398,0
169.20000000000002,23.754600431965425,8.090151187904965,37.07896328293735,0.13828725701943853,2.5038228941684406,-23.400345572354198,0
169.3,23.463023758099347,8.038315334773218,36.86298056155507,0.1397991360691145,2.0502591792656526,-23.139006479481637,0
169.4,23.17144708423327,7.98647948164147,36.64699784017279,0.14131101511879046,1.5966954643628646,-22.87766738660908,0
169.5,22.879870410367193,7.934643628509723,36.43101511879051,0.1428228941684664,1.1431317494600768,-22.61632829373652,0
169.60000000000002,22.588293736501033,7.8828077753779615,36.215032397408166,0.14433477321814278,0.68956803455716,-22.354989200863887,0
169.70000000000002,29.77422657952073,10.630849673202608,48.72705882352939,2.310564270152491,-28.907342047930324,-5.639803921568408,0
169.8,30.09013071895426,10.565490196078429,48.491764705882346,2.1645947712418248,-29.31692810457518,-3.4241176470587456,0
169.9,30.40603485838779,10.500130718954251,48.2564705882353,2.0186252723311586,-29.726514161220035,-1.2084313725490832,0
170.0,30.721938997821322,10.434771241830072,48.02117647058826,1.872655773420493,-30.136100217864886,1.0072549019605797,0
170.10000000000002,31.037843137254942,10.369411764705873,47.785882352941144,1.7266862745097853,-30.54568627450986,3.222941176470873,0
170.20000000000002,33.16729306487637,10.972304250559104,52.57190156599459,0.14153020134227962,-8.428165548097995,-31.25519015659667,0
170.3,30.713154362415676,10.218389261744834,48.60993288590535,0.1321342281879178,-6.591476510066792,-19.158993288588483,0
170.4,28.259015659954983,9.464474272930564,44.64796420581611,0.12273825503355598,-4.754787472035588,-7.062796420580295,0
170.5,25.804876957494287,8.710559284116293,40.685995525726874,0.11334228187919416,-2.918098434004384,5.033400447427894,0
170.60000000000002,23.350738255032894,7.956644295301809,36.724026845636516,0.10394630872482967,-1.081409395972658,17.12959731543952,0
170.70000000000002,31.351315789473972,10.681052631579613,50.08052631579066,0.08684210526315989,-20.083421052632154,-23.88052631578926,0
170.8,32.36228070175458,13.023157894737286,54.25157894736921,0.09385964912280834,-22.111929824561788,-23.134912280701613,0
170.9,33.373245614035184,15.365263157894958,58.42263157894776,0.1008771929824568,-24.14043859649142,-22.389298245613965,0
171.0,34.38421052631579,17.70736842105263,62.59368421052631,0.10789473684210527,-26.16894736842105,-21.643684210526317,0
171.10000000000002,35.39517543859669,20.04947368421097,66.76473684210605,0.11491228070175571,-28.19745614035126,-20.898070175438455,0
171.20000000000002,32.53707423580784,11.153493449781648,51.81703056768555,0.09033624454148495,15.777598253275187,26.76279475982415,0
171.3,32.37331877729257,11.03558951965065,51.36724890829692,0.09273799126637566,16.54615720524021,15.068471615719972,0
171.4,32.20956331877729,10.917685589519651,50.9174672489083,0.09513973799126636,17.314716157205236,3.3741484716157935,0
171.5,32.045807860262016,10.799781659388653,50.467685589519675,0.09754148471615706,18.08327510917026,-8.320174672488385,0
171.60000000000002,31.882052401746694,10.681877729257623,50.01790393013093,0.09994323144104846,18.851834061135506,-20.014497816595892,0
171.70000000000002,32.74282275711157,10.84,50.31676148796497,0.1653501094091897,-5.670743982494189,-30.221444201312284,0
171.8,32.302997811816184,10.84,49.98415754923413,0.15265864332603926,0.6312253829322358,-18.69409190371978,0
171.9,31.8631728665208,10.84,49.65155361050329,0.13996717724288882,6.933194748358661,-7.16673960612728,0
172.0,31.423347921225414,10.84,49.31894967177246,0.12727571115973835,13.235164113785087,4.360612691465221,0
172.10000000000002,30.983522975929905,10.84,48.986345733041524,0.11458424507658432,19.537133479213303,15.887964989061004,0
172.20000000000002,38.37423913043443,22.153565217390675,74.14682608695522,0.08636739130434977,-25.7405869565204,-27.868195652174123,0
172.3,36.9285869565215,19.52747826086913,68.71639130434691,0.09441086956521873,-20.15580434782516,-28.73993478260884,0
172.4,35.48293478260856,16.901391304347584,63.285956521738626,0.1024543478260877,-14.571021739129922,-29.611673913043557,0
172.5,34.03728260869563,14.27530434782604,57.85552173913034,0.11049782608695667,-8.986239130434683,-30.483413043478276,0
172.60000000000002,32.591630434782275,11.649217391303749,52.4250869565205,0.11854130434782792,-3.4014565217378596,-31.355152173913243,0
172.70000000000002,36.6390301724136,21.442564655172298,69.2313577586203,0.15690086206896578,-14.033706896551635,-33.433556034482585,0
172.8,33.05497844827586,19.298168103448276,62.44903017241378,0.16164224137931035,-12.42163793103448,-30.24174568965517,0
172.9,29.47092672413812,17.15377155172425,55.66670258620725,0.16638362068965493,-10.809568965517327,-27.049935344827755,0
173.0,25.88687500000038,15.00937500000023,48.884375000000716,0.1711249999999995,-9.197500000000172,-23.858125000000342,0
173.10000000000002,22.302823275861627,12.864978448275597,42.10204741379226,0.1758663793103454,-7.58543103448256,-20.66631465517202,0
173.20000000000002,31.453747323340448,10.623297644539607,49.00702355460383,0.10921413276231275,29.100149892932414,0.4332976445401502,0
173.3,31.222483940042807,10.539785867237681,48.84214132762311,0.1102847965738759,18.050899357600773,5.349785867238107,0
173.4,30.99122055674517,10.456274089935755,48.67725910064239,0.11135546038543905,7.001648822269132,10.266274089936061,0
173.5,30.75995717344753,10.37276231263383,48.512376873661665,0.11242612419700218,-4.047601713062509,15.182762312634019,0
173.60000000000002,30.528693790149827,10.289250535331881,48.34749464668089,0.11349678800856564,-15.096852248397294,20.099250535333372,0
173.70000000000002,34.37177105831537,11.987343412527123,54.464946004319856,0.10016414686825059,-24.65187904967612,23.640086393088477,0
173.8,34.90740820734342,14.18388768898491,57.91203023758104,0.10102807775377971,-26.29334773218145,22.324751619870394,0
173.9,35.44304535637148,16.380431965442696,61.35911447084223,0.10189200863930883,-27.934816414686775,21.009416846652307,0
174.0,35.97868250539953,18.576976241900486,64.80619870410342,0.10275593952483794,-29.576285097192105,19.694082073434224,0
174.10000000000002,36.51431965442774,20.773520518358897,68.25328293736558,0.10361987041036731,-31.217753779697897,18.378747300215764,0
174.20000000000002,31.542139737991217,10.425109170305673,49.58183406113532,0.39714410480348783,23.30034934497804,-16.332620087335357,0
174.3,31.057423580786004,10.390174672489081,49.09493449781657,0.3410305676855869,22.08855895196501,-7.494192139737573,0
174.4,30.572707423580788,10.355240174672488,48.60803493449782,0.28491703056768597,20.876768558951973,1.3442358078602084,0
174.5,30.087991266375575,10.320305676855897,48.12113537117907,0.22880349344978504,19.664978165938937,10.182663755457991,0
174.60000000000002,29.603275109170223,10.285371179039295,47.63423580786018,0.17268995633186815,18.45318777292556,19.02109170305829,0
174.70000000000002,36.17397260273894,20.90808219177996,68.16876712328562,0.19352054794521267,-19.258767123286006,-29.896164383561153,0
174.8,33.40684931506797,17.876118721460614,60.98155251141416,0.21886301369863492,-13.40488584474775,-28.16557077625538,0
174.9,30.639726027397,14.844155251141263,53.7943378995427,0.2442054794520572,-7.551004566209491,-26.434977168949608,0
175.0,27.872602739726027,11.812191780821916,46.60712328767123,0.2695479452054794,-1.697123287671232,-24.704383561643837,0
175.10000000000002,25.10547945205427,8.780228310501707,39.41990867579772,0.2948904109589089,4.156757990868687,-22.973789954337573,0
175.20000000000002,29.376143790849405,10.20424836601298,46.84385620914991,0.14843137254901806,-0.6910457516340174,29.06104575163372,0
175.3,27.550435729847344,9.5659041394335,44.00289760348561,0.13797385620914945,-0.898017429193917,27.26801742919375,0
175.4,25.72472766884528,8.927559912854019,41.161938997821295,0.12751633986928085,-1.1049891067538167,25.474989106753778,0
175.5,23.89901960784322,8.289215686274538,38.32098039215699,0.11705882352941221,-1.3119607843137162,23.681960784313805,0
175.60000000000002,22.073311546840635,7.650871459694876,35.480021786491875,0.10660130718954064,-1.5189324618736748,21.888932461873324,0
175.70000000000002,32.300377358488056,12.915094339616955,53.1433962264051,0.12307547169813127,-1.4820754716837747,-17.403962264180954,0
175.8,20.628764568764563,11.94235431235431,39.768648018647994,0.11197202797202824,-2.36275058275067,-20.270629370629347,0
175.9,20.53319347319347,11.898065268065267,39.437645687645684,0.11546853146853152,-3.5189277389277547,-19.94195804195804,0
176.0,20.437622377622382,11.853776223776226,39.106643356643374,0.1189650349650348,-4.675104895104839,-19.61328671328673,0
176.10000000000002,20.342051282051266,11.80948717948717,38.77564102564097,0.12246153846153907,-5.831282051282253,-19.28461538461533,0
176.20000000000002,32.972875816993515,11.156492374727701,51.833420479302944,0.11824400871459724,21.764662309366617,-21.317298474943247,0
176.3,33.240849673202646,11.322069716775621,52.41729847494561,0.11976906318082808,13.668801742918331,-9.55041394335358,0
176.4,33.50882352941178,11.48764705882354,53.00117647058828,0.12129411764705893,5.572941176470046,2.2164705882360813,0
176.5,33.77679738562092,11.65322440087146,53.58505446623094,0.12281917211328976,-2.522919389978238,13.983355119825749,0
176.60000000000002,34.04477124183012,11.818801742919428,54.16893246187377,0.12434422657952104,-10.61877995642882,25.750239651418756,0
176.70000000000002,34.558571428571334,11.571620469083134,54.391279317697126,2.8414413646054792,-32.08417910447644,-1.4088059701486448,0
176.8,33.701428571428515,11.379722814498923,53.39767590618331,2.228648187633225,-20.905074626864995,4.397164179104831,0
176.9,32.8442857142857,11.18782515991471,52.40407249466949,1.6158550106609708,-9.725970149253548,10.203134328358304,0
177.0,31.98714285714288,10.995927505330496,51.410469083155675,1.0030618336887163,1.4531343283578977,16.00910447761178,0
177.10000000000002,31.129999999999818,10.804029850746229,50.41686567164158,0.39026865671628785,12.63223880597252,21.815074626866902,0
177.20000000000002,31.989779735682735,10.687092511013208,49.610991189427224,0.12444273127753183,-29.810881057266922,9.01140969163109,0
177.3,31.624140969162937,10.660660792951537,49.25636563876646,0.11937665198237801,-22.273436123346773,13.751497797357612,0
177.4,31.25850220264314,10.634229074889864,48.90174008810569,0.11431057268722421,-14.735991189426624,18.491585903084136,0
177.5,30.892863436123342,10.607797356828193,48.547114537444926,0.10924449339207039,-7.198546255506475,23.231674008810657,0
177.60000000000002,30.52722466960344,10.581365638766513,48.192488986784056,0.10417841409691514,0.33889867841581633,27.971762114538528,0
177.70000000000002,31.11932631578942,10.626105263157882,48.99366315789465,0.23175789473683914,26.168042105262128,14.129200000000674,0
177.8,30.84353684210522,10.562947368421042,48.55576842105256,0.21702105263157664,21.02277894736762,17.489200000000523,0
177.9,30.567747368421024,10.499789473684205,48.11787368421048,0.20228421052631415,15.877515789473115,20.849200000000373,0
178.0,30.291957894736825,10.436631578947365,47.67997894736839,0.18754736842105166,10.732252631578607,24.209200000000223,0
178.10000000000002,30.016168421052548,10.373473684210508,47.24208421052618,0.17281052631578497,5.586989473682639,27.569200000001025,0
178.20000000000002,33.21763157894739,11.072368421052637,50.73421052631587,0.8331842105262688,-31.342105263157876,9.154736842103901,0
178.3,33.28122807017545,11.0921052631579,51.01929824561409,0.668052631578916,-31.276315789473674,4.360877192981548,0
178.4,33.34482456140351,11.11184210526316,51.304385964912306,0.5029210526315633,-31.21052631578947,-0.4329824561408042,0
178.5,33.40842105263158,11.131578947368421,51.589473684210525,0.33778947368421053,-31.144736842105264,-5.226842105263156,0
178.60000000000002,33.472017543859664,11.151315789473689,51.87456140350883,0.1726578947368108,-31.07894736842104,-10.02070175438687,0
178.70000000000002,33.580995575221245,11.548606194690365,53.72429203539836,0.10212389380530981,15.76685840707917,-28.29559734513218,0
178.8,33.73807522123894,13.528694690265482,56.35703539823008,0.10389380530973451,6.293407079646041,-17.08984513274339,0
178.9,33.89515486725663,15.5087831858406,58.9897787610618,0.10566371681415919,-3.1800442477870874,-5.8840929203546,0
179.0,34.05223451327432,17.488871681415716,61.62252212389352,0.10743362831858388,-12.653495575220216,5.321659292034191,0
179.10000000000002,34.209314159292056,19.468960176991395,64.25526548672599,0.10920353982300907,-22.126946902656037,16.527411504426162,0
179.20000000000002,21.687308533916937,7.560503282275722,34.54301969365433,0.1252450765864325,7.223654266957869,18.58192560174916,0
179.3,22.269365426695906,7.630525164113793,34.963150984682756,0.12021225382932113,3.5146827133475247,9.328096280086536,0
179.4,22.851422319474874,7.700547045951865,35.38328227571118,0.11517943107220974,-0.19428884026281956,0.0742669584239124,0
179.5,23.433479212253843,7.7705689277899355,35.803413566739614,0.11014660831509836,-3.903260393873164,-9.179562363238709,0
179.60000000000002,24.01553610503298,7.8405908096280275,36.22354485776816,0.10511378555798555,-7.612231947484562,-18.43339168490396,0
179.70000000000002,32.35339207048459,10.913634361233488,50.210969162995596,0.10602422907488991,22.99896475770975,-22.12281938325859,0
179.8,32.38422907488987,10.946674008810579,50.21977973568282,0.10624449339207052,25.080462555066422,-16.602995594712745,0
179.9,32.41506607929516,10.979713656387668,50.228590308370045,0.10646475770925112,27.161960352423097,-11.083171806166895,0
180.0,32.44590308370044,11.01275330396476,50.23740088105727,0.10668502202643172,29.243458149779773,-5.5633480176210455,0
180.10000000000002,32.476740088105736,11.045792951541857,50.24621145374449,0.10690528634361238,31.32495594713704,-0.04352422907362907,0
180.20000000000002,29.938369098712514,10.222832618025754,48.13493562231763,0.15954506437768023,-18.479699570814947,20.024077253216674,0
180.3,30.294592274678152,10.23570815450644,48.29373390557942,0.14838626609441927,-15.887424892703553,8.633519313303362,0
180.4,30.650815450643794,10.248583690987125,48.45253218884121,0.1372274678111583,-13.295150214592159,-2.7570386266099547,0
180.5,31.007038626609432,10.26145922746781,48.611330472103,0.12606866952789733,-10.702875536480763,-14.14759656652327,0
180.60000000000002,31.36326180257517,10.2743347639485,48.77012875536484,0.11490987124463317,-8.11060085836863,-25.538154506439824,0
180.70000000000002,21.7437860082307,7.665679012345756,35.68777777777814,0.19779012345678842,1.8123456790116605,20.469176954732404,0
180.8,24.06271604938288,8.394074074074124,39.0766666666669,0.18174074074073962,-4.625925925926378,19.465061728394993,0
180.9,26.381646090535057,9.122469135802493,42.46555555555567,0.16569135802469082,-11.064197530864417,18.46094650205758,0
181.0,28.700576131687235,9.850864197530862,45.85444444444443,0.149641975308642,-17.502469135802453,17.456831275720166,0
181.10000000000002,31.019506172840074,10.57925925925944,49.243333333334164,0.13359259259258865,-23.94074074074232,16.452716049382467,0
181.20000000000002,35.46464285713964,19.916071428565573,65.3382142857028,0.2414642857142221,-4.009642857123722,-31.993571428559214,0
181.3,28.72203349282266,9.82811004784679,44.430191387559375,0.13287320574162592,22.51885167464011,-5.857464114831245,0
181.4,26.791411483253423,9.198923444976023,41.68377990430598,0.12737081339712872,15.997320574162112,2.252583732058122,0
181.5,24.860789473684182,8.569736842105254,38.93736842105259,0.1218684210526315,9.475789473684113,10.362631578947491,0
181.60000000000002,22.930167464114398,7.940550239234307,36.19095693779842,0.11636602870813273,2.954258373204258,18.47267942583916,0
181.70000000000002,29.51645161290325,9.771505376344097,47.49935483870967,0.1139569892473118,2.504408602150434,-26.593440860213764,0
181.8,29.748709677419363,9.87903225806452,47.39612903225806,0.11374193548387096,1.4764516129031882,-13.810645161289852,0
181.9,29.980967741935476,9.986559139784942,47.292903225806455,0.11352688172043011,0.4484946236559426,-1.0278494623659427,0
182.0,30.213225806451593,10.094086021505367,47.18967741935485,0.11331182795698927,-0.5794623655913034,11.75494623655797,0
182.10000000000002,30.445483870967774,10.20161290322582,47.08645161290321,0.11309677419354837,-1.6074193548388411,24.537741935485514,0
182.20000000000002,30.772629310344843,10.485387931034495,47.77211206896562,0.2867090517241334,21.729202586207105,-18.83980603448166,0
182.3,30.880387931034495,10.558663793103456,48.44883620689662,0.2567521551724109,23.106357758620824,-11.55316810344757,0
182.4,30.988146551724142,10.631939655172417,49.12556034482762,0.22679525862068836,24.483512931034543,-4.2665301724134785,0
182.5,31.095905172413794,10.70521551724138,49.802284482758616,0.19683836206896585,25.86066810344826,3.020107758620611,0
182.60000000000002,31.203663793103473,10.778491379310362,50.479008620689804,0.16688146551723482,27.237823275862368,10.306745689656776,0
182.70000000000002,35.60817610062878,20.44375262054484,65.57182389937061,0.14823899371069094,-5.404423480083341,-34.45379454926598,0
182.8,34.14905660377353,18.112515723270356,61.030943396226256,0.1394339622641506,-0.276540880502961,-31.822767295597387,0
182.9,32.68993710691828,15.781278825995875,56.4900628930819,0.13062893081761032,4.8513417190774195,-29.191740041928796,0
183.0,31.23081761006303,13.450041928721394,51.94918238993753,0.12182389937107001,9.9792243186578,-26.560712788260204,0
183.10000000000002,29.771698113207364,11.118805031446248,47.40830188679189,0.1130188679245272,15.107106918239637,-23.929685534590867,0
183.20000000000002,31.25999999999957,10.27928571428577,47.98214285714244,0.2159285714285223,3.1621428571554775,-28.2635714285572,0
183.3,28.825986078886046,9.812598607888528,44.734245939674764,0.13360788863109443,20.269605568443765,-0.7906728538288119,0
183.4,27.074245939675055,9.137424593967472,42.01498839907174,0.15959396751740315,8.970301624129164,-4.124779582366816,0
183.5,25.322505800464064,8.462250580046415,39.29573085846872,0.1855800464037119,-2.329002320185431,-7.45888631090482,0
183.60000000000002,23.57076566125258,7.787076566125165,36.57647331786493,0.211566125290028,-13.628306264503244,-10.792993039443772,0
183.70000000000002,32.143982494528935,10.499102844638783,49.30470459518518,0.22729540481399801,-17.82083150984537,-24.440897155358105,0
183.8,30.01050328227533,9.908293216630092,46.42724288840211,0.20475711159737017,-12.661094091902804,-14.031706783367953,0
183.9,27.877024070021726,9.317483588621402,43.549781181619046,0.18221881838074236,-7.501356673960238,-3.6225164113777986,0
184.0,25.74354485776812,8.726673960612711,40.67231947483598,0.15968052516411452,-2.3416192560176725,6.786673960612351,0
184.10000000000002,23.61006564551391,8.135864332603852,37.7948577680521,0.1371422319474803,2.8181181619263604,17.195864332605463,0
184.20000000000002,30.162214765100728,10.340805369127521,46.88765100671149,0.1265302013422844,-3.9963087248314824,29.262483221474756,0
184.3,30.569373601789742,10.367651006711412,47.476017897091765,0.14420357941834594,1.126733780761036,17.0119239373592,0
184.4,30.976532438478753,10.394496644295304,48.064384787472044,0.16187695749440745,6.249776286353555,4.761364653243639,0
184.5,31.383691275167767,10.421342281879195,48.65275167785232,0.17955033557046898,11.372818791946072,-7.489194630871918,0
184.60000000000002,31.790850111856894,10.448187919463093,49.241118568232764,0.19722371364653551,16.495861297540046,-19.73975391499096,0
184.70000000000002,33.69512035010944,11.398533916849024,52.87273522975941,0.13288402625820459,-31.418643326038598,7.350612691464695,0
184.8,33.929256017505494,11.455426695842457,53.55763676148804,0.1254442013129095,-26.142932166301406,-1.9119693654276873,0
184.9,34.16339168490154,11.51231947483589,54.242538293216676,0.1180043763676144,-20.867221006564215,-11.17455142232007,0
185.0,34.397527352297594,11.569212253829324,54.92743982494531,0.11056455142231933,-15.591509846827023,-20.43713347921245,0
185.10000000000002,34.63166301969371,11.626105032822773,55.612341356674136,0.10312472647702212,-10.315798687088332,-29.699715536107462,0
185.20000000000002,21.938093220339287,7.739322033898398,35.96516949152585,0.1619703389830495,2.8497457627123977,18.467711864405686,0
185.3,24.546144067796874,8.544406779661099,39.638898305085114,0.1503177966101683,7.464152542373348,8.997372881354973,0
185.4,27.154194915254465,9.3494915254238,43.312627118644386,0.13866525423728712,12.0785593220343,-0.47296610169573583,0
185.5,29.762245762712055,10.1545762711865,46.98635593220366,0.12701271186440594,16.692966101695248,-9.943305084746449,0
185.60000000000002,32.370296610170385,10.959661016949427,50.66008474576397,0.11536016949152145,21.30737288135751,-19.41364406779985,0
185.70000000000002,31.73058823529414,19.025882352940936,59.44176470588212,0.12737908496731964,25.610522875815715,16.764836601307604,0
185.8,31.867843137254916,17.398431372548885,57.853529411764576,0.12323965141612167,16.880675381262897,19.597080610022022,0
185.9,32.00509803921569,15.770980392156831,56.26529411764703,0.11910021786492367,8.150827886710076,22.429324618736437,0
186.0,32.14235294117647,14.143529411764778,54.677058823529485,0.11496078431372568,-0.5790196078427456,25.261568627450856,0
186.10000000000002,32.279607843137285,12.516078431372264,53.088823529411485,0.1108213507625265,-9.308867102398047,28.093812636166074,0
186.20000000000002,30.463080168776752,11.977004219409777,51.18409282700527,0.20105063291139064,3.6751898734166755,26.208438818562737,0
186.3,32.34071729957837,14.417932489451886,56.38451476793336,0.19218987341772004,-1.483037974684411,13.064978902951378,0
186.4,34.218354430379996,16.858860759493997,61.58493670886145,0.18332911392404946,-6.641265822785496,-0.07848101265998153,0
186.5,36.09599156118162,19.299789029536107,66.78535864978954,0.1744683544303789,-11.799493670886584,-13.221940928271337,0
186.60000000000002,37.97362869198378,21.74071729957891,71.9857805907191,0.1656075949367058,-16.957721518989135,-26.365400843886434,0
186.70000000000002,32.788884026258174,11.57468271334791,53.26759299781177,0.20063019693654252,31.940962800875237,3.9263894967177686,0
186.8,32.241838074398245,11.379934354485775,52.47984682713347,0.19778555798687086,31.256061269146603,4.744770240700228,0
186.9,31.69479212253831,11.18518599562364,51.69210065645517,0.19494091903719923,30.571159737417965,5.563150984682687,0
187.0,31.147746170678378,10.990437636761502,50.904354485776864,0.19209628008752758,29.88625820568933,6.381531728665147,0
187.10000000000002,30.60070021881829,10.795689277899312,50.11660831509834,0.18925164113785511,29.201356673960497,7.1999124726478385,0
187.20000000000002,30.9607692307693,10.91000000000002,49.88846153846162,0.11353846153846277,22.824615384613452,-14.263846153847194,0
187.3,31.515425101214646,11.067894736842126,50.515991902834095,0.12285020242915104,8.099919028338128,-22.19502024291603,0
187.4,32.07008097165999,11.225789473684232,51.14352226720656,0.1321619433198393,-6.6247773279371955,-30.126194331984866,0
187.5,33.21474489795913,14.346887755101921,56.32515306122427,0.10146428571428533,28.846326530612323,-13.259795918367125,0
187.60000000000002,35.770867346939326,19.83158163265425,66.3914795918389,0.11932142857143244,25.254489795917593,-23.504693877553233,0
187.70000000000002,22.880498915401738,8.18592190889383,37.58555314533682,0.08995878524945904,-9.437765726681251,18.636008676787057,0
187.8,24.706963123644535,8.691344902386195,40.088806941432054,0.09559869848156269,-9.954034707158431,8.024295010844352,0
187.9,26.533427331887328,9.19676789587856,42.59206073752729,0.10123861171366634,-10.47030368763561,-2.587418655098354,0
188.0,28.359891540130125,9.702190889370925,45.09531453362252,0.10687852494576999,-10.98657266811279,-13.19913232104106,0
188.10000000000002,30.186355748373437,10.207613882863434,47.59856832971847,0.11251843817787524,-11.502841648590117,-23.81084598698678,0
188.20000000000002,28.633750000002472,10.15000000000048,46.70375000000322,0.10462500000002466,-0.27125000001780597,21.766249999967474,0
188.3,31.763999999999985,10.816000000000004,50.86399999999999,0.1277999999999988,-17.047999999999124,-22.714000000000233,0
188.4,31.629116279069763,10.85786046511628,50.787255813953486,0.11710232558139491,-9.359627906976428,-24.753534883721013,0
188.5,31.49423255813954,10.899720930232558,50.71051162790698,0.10640465116279105,-1.671255813953728,-26.793069767441796,0
188.60000000000002,31.35934883720928,10.941581395348845,50.63376744186045,0.09570697674418413,6.017116279071153,-28.83260465116316,0
188.70000000000002,31.3960580912865,11.332863070539457,51.245435684647525,0.09068464730290576,-21.85360995850592,18.447593360993615,0
188.8,32.34626556016611,11.52165975103737,52.37199170124498,0.09670124481327888,-20.33078838174252,7.296141078836557,0
188.9,33.29647302904573,11.710456431535286,53.49854771784243,0.10271784232365198,-18.807966804979117,-3.8553112033205004,0
189.0,34.24668049792535,11.8992531120332,54.625103734439875,0.10873443983402509,-17.285145228215715,-15.006763485477556,0
189.10000000000002,35.19688796680523,12.08804979253117,55.75165975103764,0.11475103734439991,-15.762323651451883,-26.158215767637785,0
189.20000000000002,32.375000000003766,11.125000000003908,51.56500000000746,1.1274999999862083,0.3100000004517618,3.829999999992184,0
189.3,30.055248868777856,10.571266968325656,48.34278280542925,0.14378506787330098,25.66052036198989,7.190723981901097,0
189.4,27.44438914027126,9.734162895927527,44.55771493212636,0.1304366515837092,19.15599547511254,11.140950226244698,0
189.5,24.833529411764662,8.897058823529399,40.772647058823466,0.11708823529411742,12.651470588235188,15.091176470588298,0
189.60000000000002,22.222669683257323,8.05995475113103,36.9875791855195,0.10373981900452184,6.146945701355989,19.04140271493302,0
189.70000000000002,31.668869565217328,10.928086956521712,51.926173913043286,2.1712782608695558,-31.332173913043395,3.0113043478261727,0
189.8,31.34930434782605,10.791130434782591,50.9022608695651,2.123017391304342,-30.908260869565165,3.4569565217391833,0
189.9,31.029739130434766,10.654173913043472,49.878347826086916,2.074756521739128,-30.484347826086935,3.902608695652194,0
190.0,30.710173913043487,10.517217391304351,48.85443478260873,2.0264956521739146,-30.060434782608706,4.3482608695652045,0
190.10000000000002,30.390608695652116,10.380260869565193,47.830521739130255,1.978234782608687,-29.63652173913036,4.793913043478342,0
190.20000000000002,23.32593406593442,8.074285714285818,37.170439560440094,0.11628571428571484,18.5220879120863,-12.652747252747773,0
190.3,25.185274725274923,8.617142857142914,39.97483516483546,0.11914285714285745,10.042967032966134,-15.38021978022007,0
190.4,27.044615384615426,9.16000000000001,42.77923076923083,0.12200000000000007,1.5638461538459687,-18.107692307692368,0
190.5,28.90395604395593,9.702857142857109,45.583626373626196,0.12485714285714268,-6.915274725274195,-20.83516483516466,0
190.60000000000002,30.76329670329696,10.24571428571436,48.388021978022365,0.1277142857142861,-15.394395604396767,-23.562637362637737,0
190.70000000000002,30.996252676659545,10.384625267665978,48.174561027837356,0.11204925053533196,6.929657387580289,-30.018715203426144,0
190.8,31.06691648822271,10.491691648822286,48.58569593147758,0.11226338329764457,6.88468950749464,-30.100085653104937,0
190.9,31.13758029978587,10.598758029978594,48.9968308351178,0.11247751605995719,6.8397216274089905,-30.18145610278373,0
191.0,31.208244111349035,10.705824411134902,49.40796573875802,0.11269164882226981,6.794753747323342,-30.262826552462524,0
191.10000000000002,31.278907922912218,10.81289079229124,49.81910064239836,0.11290578158458249,6.749785867237679,-30.344197002141343,0
191.20000000000002,37.24892473118272,22.637827956989078,72.29694623655881,0.09251182795698976,20.065440860214775,28.40481720430021,0
191.3,35.980107526881646,19.99481720430091,67.33350537634378,0.10046881720430156,15.725655913978228,15.009118279569066,0
191.4,34.711290322580574,17.35180645161275,62.370064516128735,0.10842580645161337,11.385870967741683,1.613419354837923,0
191.5,33.4424731182795,14.708795698924584,57.4066236559137,0.11638279569892518,7.046086021505136,-11.782279569893216,0
191.60000000000002,32.17365591397807,12.065784946235668,52.443182795697254,0.12433978494623923,2.7063010752673584,-25.177978494628167,0
191.70000000000002,28.630826086956922,10.690652173913715,47.633913043479566,0.10705652173913212,25.714086956521474,-11.902000000000978,0
191.8,30.024304347826384,13.027608695652674,52.155652173914014,0.112926086956523,24.792347826086758,-15.302000000000726,0
191.9,31.417782608695845,15.364565217391629,56.67739130434846,0.11879565217391387,23.870608695652045,-18.702000000000474,0
192.0,32.81126086956531,17.701521739130587,61.19913043478291,0.12466521739130473,22.948869565217333,-22.10200000000022,0
192.10000000000002,34.204739130435165,20.038478260870207,65.72086956521863,0.13053478260869728,22.027130434782354,-25.502000000000933,0
192.20000000000002,30.485622222222226,10.606888888888895,48.99135555555558,0.15987333333333328,-24.8820888888889,17.000155555555548,0
192.3,30.567844444444447,10.69577777777778,49.36691111111112,0.15920666666666666,-25.050977777777785,16.89571111111111,0
192.4,30.650066666666667,10.784666666666666,49.742466666666665,0.15854000000000001,-25.219866666666668,16.79126666666667,0
192.5,30.732288888888885,10.873555555555553,50.11802222222221,0.15787333333333337,-25.388755555555548,16.686822222222226,0
192.60000000000002,30.81451111111113,10.962444444444465,50.49357777777786,0.15720666666666652,-25.55764444444448,16.582377777777754,0
192.70000000000002,30.8633920704846,10.584449339207067,49.20867841409694,0.2593392070484548,-22.974669603523196,-17.403920704844918,0
192.8,31.030792951541866,10.76506607929517,49.44215859030839,0.22607929515418204,-12.783039647576175,-8.577929515417706,0
192.9,31.198193832599134,10.945682819383274,49.67563876651984,0.19281938325990927,-2.5914096916291527,0.2480616740095094,0
193.0,31.3655947136564,11.126299559471379,49.90911894273129,0.15955947136563653,7.600220264317869,9.074052863436723,0
193.10000000000002,31.532995594713714,11.306916299559534,50.14259911894281,0.12629955947135432,17.791850220267783,17.90004405286644,0
193.20000000000002,30.18341517857152,10.298883928571476,48.29194196428592,0.16912946428571346,-11.823258928571267,-25.175892857140944,0
193.3,30.80618303571433,10.624776785714309,49.70488839285724,0.16332589285714244,-10.711651785714206,-12.015178571427628,0
193.4,31.42895089285714,10.950669642857143,51.117834821428566,0.15752232142857145,-9.600044642857146,1.145535714285689,0
193.5,32.05171874999996,11.276562499999976,52.53078124999989,0.15171875000000043,-8.488437500000083,14.306249999999004,0
193.60000000000002,32.674486607142946,11.602455357142901,53.94372767857162,0.14591517857142777,-7.3768303571427065,27.46696428571606,0
193.70000000000002,23.048099688473673,7.938193146417499,37.661433021807085,0.08794704049844282,-22.279345794392643,-3.5379439252333427,0
193.8,25.68049844236762,8.850965732087236,41.6271651090343,0.0957352024922119,-24.316728971962632,1.630280373831817,0
193.9,28.31289719626157,9.763738317756971,45.59289719626151,0.10352336448598098,-26.354112149532625,6.798504672896977,0
194.0,31.148235294117004,10.832941176470186,50.05882352941039,0.118058823529397,-14.434705882381937,11.02588235294271,0
194.10000000000002,32.03333333331982,11.366666666664077,51.6166666666493,0.2473333333348618,9.4066666670527,-2.5233333332498997,0
194.20000000000002,24.48721649484619,8.622989690721921,39.53902061855795,0.12301546391752936,-16.71556701031078,9.621804123707962,0
194.3,28.425360824742533,9.911649484536168,45.46170103092823,0.14002577319587742,-23.839278350515947,-6.393659793815512,0
194.4,29.79928571428586,10.704243697479027,49.240294117647224,0.13671848739496034,5.882647058822729,13.00609243697319,0
194.5,31.870714285714318,11.221050420168075,51.62264705882357,0.17075210084033662,-5.6761764705884,-10.073739495798652,0
194.60000000000002,23.428695652179094,8.3456521739149,37.76869565218206,0.11117391304348406,1.0986956521930358,20.99739130434247,0
194.70000000000002,32.87536697247696,11.846972477064174,54.250642201834665,0.10844036697248105,20.807660550457047,21.899633027523294,0
194.8,32.35013761467883,11.617614678899054,53.26899082568794,0.12816513761468146,12.562247706420953,23.67486238532133,0
194.9,31.824908256880704,11.388256880733932,52.28733944954123,0.14788990825688184,4.316834862384855,25.450091743119366,0
195.0,31.29967889908258,11.158899082568812,51.30568807339451,0.16761467889908221,-3.928577981651241,27.2253211009174,0
195.10000000000002,26.21499999999144,9.129999999997244,42.2649999999876,0.2950000000001222,9.960000000012037,-13.70499999997461,0
195.20000000000002,31.245619469026355,10.72336283185834,50.15818584070763,0.08903097345132732,-23.896349557521518,-15.57070796460188,0
195.3,28.719070796460116,9.864955752212367,45.95022123893794,0.08770353982300881,-16.124225663716615,-16.968938053097382,0
195.4,26.192522123893877,9.006548672566396,41.74225663716825,0.0863761061946903,-8.352101769911716,-18.36716814159288,0
195.5,23.665973451327638,8.148141592920423,37.534292035398565,0.08504867256637179,-0.5799778761068168,-19.765398230088383,0
195.60000000000002,25.561290322588942,11.96129032258859,45.28516129034357,0.12522580645167078,-14.025806451627929,18.070967741932122,0
195.70000000000002,34.51631465517231,19.641616379310154,66.55849137930994,0.18240086206896425,-29.426077586206624,15.773663793103625,0
195.8,33.195193965517205,17.238599137930972,61.4679741379309,0.16645258620689615,-25.990732758620602,17.993491379310402,0
195.9,31.874073275862106,14.835581896551792,56.37745689655187,0.15050431034482803,-22.55538793103458,20.21331896551718,0
196.0,30.552952586207006,12.432564655172612,51.28693965517283,0.13455603448275993,-19.12004310344856,22.433146551723958,0
196.10000000000002,32.90999999997413,11.329999999994126,51.61999999997603,0.08600000000008526,-3.7699999999940315,-32.57999999940826,0
196.20000000000002,32.7919823788545,11.696343612334756,52.88321585903065,0.11839207048458135,21.598722466958627,16.419185022026618,0
196.3,32.01224669603518,11.401189427312751,51.68497797356819,0.11751101321585895,10.567885462554159,17.606409691630052,0
196.4,31.232511013215852,11.106035242290746,50.48674008810572,0.11662995594713656,-0.4629515418503125,18.79363436123349,0
196.5,30.452775330396527,10.810881057268743,49.28850220264325,0.11574889867841416,-11.493788546254784,19.980859030836925,0
196.60000000000002,29.681052631579043,10.531052631579042,47.550526315791494,0.19168421052639514,28.68736842105096,-0.6121052631458777,0
196.70000000000002,31.444792122538267,11.126936542669547,50.75781181619251,0.1690743982494507,15.537746170676348,12.846061269145116,0
196.8,31.302560175054683,10.925623632385092,50.471159737417906,0.1568205689277882,4.7324945295389576,4.730087527351152,0
196.9,31.160328227571103,10.724310722100636,50.1845076586433,0.1445667396061257,-6.072757111598435,-3.3858862144428095,0
197.0,31.01809628008752,10.52299781181618,49.89785557986869,0.1323129102844632,-16.878008752735823,-11.501859956236775,0
197.10000000000002,35.41647058823347,12.159411764705128,56.04941176470292,0.11911764705883415,21.120588235286647,-27.831176470590247,0
197.20000000000002,31.726607142857112,11.003727678571417,50.14303571428566,0.10072098214285866,0.2124330357137687,30.434508928571244,0
197.3,31.423035714285685,10.889888392857133,49.62517857142853,0.11522991071428708,-4.754084821429038,28.680044642856977,0
197.4,31.119464285714262,10.776049107142848,49.10732142857139,0.1297388392857155,-9.720602678571844,26.92558035714271,0
197.5,30.815892857142835,10.662209821428563,48.58946428571425,0.14424776785714394,-14.687120535714651,25.171116071428443,0
197.60000000000002,30.837499999962326,13.20249999993685,54.51749999986981,0.19074999999992007,17.667500000066347,23.41999999992028,0
197.70000000000002,29.981875000000006,10.3953125,47.49343750000002,0.09062500000000018,-8.258124999998753,18.776874999997574,0
197.8,30.013125000000006,10.38861607142857,47.59834821428573,0.09151785714285726,-2.155446428570631,6.9152678571413055,0
197.9,30.044375000000002,10.381919642857142,47.70325892857144,0.09241071428571433,3.9472321428574926,-4.946339285714963,0
198.0,30.075625000000002,10.375223214285715,47.808169642857145,0.09330357142857142,10.049910714285614,-16.807946428571235,0
198.10000000000002,22.705000000001647,7.971250000000085,37.11250000000092,0.09287499999999767,4.599999999999564,4.468749999965162,0
198.20000000000002,32.23702830188671,10.807806603773578,51.35063679245268,0.15290566037735476,-19.241768867921415,-16.19511792452642,0
198.3,31.91155660377353,10.781863207547167,50.77752358490556,0.13781132075471433,-6.649787735846854,-8.588985849055273,0
198.4,31.586084905660346,10.755919811320753,50.20441037735843,0.12271698113207392,5.9421933962277045,-0.9828537735841252,0
198.5,31.260613207547163,10.72997641509434,49.631297169811305,0.10762264150943351,18.534174528302263,6.623278301887019,0
198.60000000000002,25.091290322587067,8.507096774195983,40.25806451613887,0.12809677419351856,-4.7541935484097895,-7.151935483843966,0
198.70000000000002,29.24764705882326,10.183865546218403,46.638655462184474,0.10637815126050507,-21.776638655461614,17.890840336134534,0
198.8,27.144705882352792,9.51369747899155,43.43697478991574,0.11310084033613495,-17.272436974789592,18.516890756302566,0
198.9,25.04176470588232,8.843529411764695,40.23529411764701,0.11982352941176483,-12.768235294117572,19.1429411764706,0
199.0,22.938823529411845,8.173361344537842,37.03361344537828,0.12654621848739472,-8.264033613445552,19.76899159663863,0
199.10000000000002,23.664615384627385,8.385384615388356,38.24615384617259,0.1283846153845952,1.3953846154079446,5.966923076860098,0
199.20000000000002,31.194249422632854,10.670669745958447,49.39762124711324,0.5514110854503379,-28.300762124711067,1.3382217090062927,0
199.3,31.965612009237905,10.890069284064674,50.41147806004623,0.4412494226327903,-25.1021478060045,-6.865011547344418,0
199.4,32.73697459584295,11.1094688221709,51.425334872979214,0.33108775981524274,-21.903533487297928,-15.068244803695128,0
199.5,33.508337182448,11.328868360277127,52.43919168591219,0.22092609699769522,-18.70491916859136,-23.271478060045837,0
199.60000000000002,29.832222222223017,10.321111111111332,48.086666666667746,0.12511111111114884,12.004444444453611,-24.709999999992853,0
199.70000000000002,29.859199999999454,10.22359999999981,47.76959999999912,0.18191999999999603,24.773599999998623,-13.550400000000595,0
199.8,27.941422222221856,9.548044444444317,44.671822222221635,0.16791999999999735,19.93137777777686,-15.648177777778175,0
199.9,26.023644444444262,8.872488888888824,41.574044444444155,0.15391999999999867,15.089155555555097,-17.745955555555753,0
200.0,24.105866666666664,8.196933333333334,38.47626666666667,0.13992000000000002,10.246933333333335,-19.843733333333333,0
200.10000000000002,30.781923076912154,10.887307692303832,51.14769230767354,0.12503846153845732,24.298461538426945,9.361153846162903,0
200.20000000000002,33.286225165562875,18.860662251655278,62.161920529800874,0.12021192052980534,14.017880794700677,17.721390728474844,0
200.3,33.04119205298011,16.728211920529585,59.44448123620281,0.14449448123620556,6.108388520970495,5.776578366444696,0
200.4,32.79615894039734,14.59576158940389,56.72704194260475,0.1687770419426058,-1.801103752759687,-6.168233995585453,0
200.5,32.55112582781457,12.463311258278198,54.00960264900669,0.193059602649006,-9.71059602648987,-18.113046357615602,0
200.60000000000002,29.15166666666805,10.118333333333373,46.41777777777728,1.4360000000027,-11.276666666727614,10.009999999973472,0
200.70000000000002,32.76560344827594,12.79754310344856,54.83017241379358,0.13444827586206964,-4.652629310343599,-26.729956896551325,0
200.8,33.3302586206897,14.980732758620857,58.56293103448304,0.1396206896551728,4.797801724138649,-23.67176724137908,0
200.9,33.89491379310346,17.163922413793152,62.295689655172495,0.14479310344827598,14.2482327586209,-20.61357758620683,0
201.0,34.45956896551722,19.347112068965448,66.02844827586195,0.14996551724137913,23.69866379310315,-17.55538793103458,0
201.10000000000002,31.22454545454408,10.95727272727225,50.90909090908837,0.1609090909091163,-10.83545454542698,26.58454545454532,0
201.20000000000002,32.758937093275456,11.082581344902382,51.550260303687644,1.9224446854663297,-19.887136659434656,-7.514143167027731,0
201.3,32.47911062906722,11.047874186550972,51.63919739696313,1.4660455531452992,-6.908828633404582,-3.0130585683293525,0
201.4,32.19928416485899,11.013167028199563,51.72813449023862,1.0096464208242681,6.069479392625489,1.488026030369026,0
201.5,31.91945770065075,10.978459869848153,51.8170715835141,0.5532472885032373,19.047787418655567,5.9891106290674045,0
201.60000000000002,23.258421052620367,7.842631578943236,37.04473684208552,0.0908947368419881,4.319473684176792,-20.83473684214584,0
201.70000000000002,21.59659242761696,7.243095768374219,34.69977728285088,0.16201113585745575,6.671870824053501,-13.62463251670113,0
201.8,21.716859688196017,7.427951002227211,35.06057906458805,0.14397104677059758,6.841135857461059,-4.519955456568267,0
201.9,21.837126948775072,7.612806236080202,35.421380846325214,0.1259309576837394,7.010400890868618,4.584721603564596,0
202.0,21.957394209354128,7.7976614699331925,35.78218262806238,0.10789086859688125,7.179665924276176,13.68939866369746,0
202.10000000000002,30.22000000000033,10.58000000000018,47.540000000002465,0.09600000000009125,-6.3900000000068955,29.389999999997936,0
202.20000000000002,34.28713656387665,19.08482378854604,63.08160792951521,0.10659251101321685,16.03762114537351,-26.370814977973655,0
202.3,34.2695154185022,17.09143171806148,61.083810572687035,0.11562334801762202,7.3768281938317575,-27.152753303964836,0
202.4,34.25189427312775,15.098039647576922,59.08601321585886,0.1246541850220272,-1.2839647577099953,-27.934691629956014,0
202.5,34.2342731277533,13.104647577092363,57.08821585903069,0.13368502202643237,-9.944757709251746,-28.716629955947194,0
202.60000000000002,22.94662650602454,7.686224899598562,36.43345381526177,0.10460642570281323,-18.02489959839147,-10.57373493975878,0
202.70000000000002,27.404457831325573,9.389036144578418,43.726626506024544,0.12468674698795304,3.1638554216880515,-7.995421686746829,0
202.8,31.86228915662661,11.091847389558273,51.019799196787325,0.14476706827309285,24.352610441767574,-5.417108433734878,0
202.9,32.70131707317059,11.532536585365806,52.381463414633956,1.037756097560904,-26.20668292682688,11.593560975611187,0
203.0,31.7061951219512,11.17156097560975,50.94243902439022,0.5109268292682833,-8.601804878048462,22.125268292683117,0
203.10000000000002,36.641428571425266,18.62357142856295,65.64642857141382,0.1030714285714533,-7.243571428523204,-20.064999999989674,0
203.20000000000002,31.97634782608645,11.073391304347645,50.61547826086877,0.1319130434782631,28.39456521739049,-12.843434782608973,0
203.3,29.532869565217066,10.19947826086945,46.78069565217341,0.1427826086956536,24.448913043477738,-14.189086956521917,0
203.4,27.089391304347682,9.325565217391253,42.945913043478036,0.1536521739130441,20.50326086956499,-15.534739130434861,0
203.5,24.6459130434783,8.451652173913057,39.111130434782666,0.1645217391304346,16.557608695652238,-16.880391304347803,0
203.60000000000002,32.783076923076806,11.190769230768666,51.44307692307711,0.1583076923078336,-21.265384615367193,-4.963846153957803,0
203.70000000000002,32.884530892448545,11.188260869565255,53.05114416475968,0.20084439359267922,-16.39194508008802,-16.939153318075384,0
203.8,32.99208237986272,11.31869565217394,52.88638443935923,0.20725171624714092,-4.31185354690826,-8.62107551487242,0
203.9,33.0996338672769,11.449130434782624,52.72162471395879,0.21365903890160262,7.7682379862715045,-0.3029977116694553,0
204.0,33.20718535469108,11.579565217391309,52.556864988558345,0.22006636155606432,19.84832951945127,8.015080091533509,0
204.10000000000002,30.89000000001876,10.680000000005855,49.65000000003388,0.09500000000093223,-26.199999999984822,16.089999999775753,0
204.20000000000002,33.46695560253681,11.408731501057005,53.989175475686686,0.2260613107822325,-20.509281183931563,-24.542980972516162,0
204.3,32.705856236786346,11.091606765327645,52.283044397462724,0.19138900634248912,-17.329577167018513,-25.788224101480118,0
204.4,31.94475687103588,10.774482029598285,50.57691331923877,0.15671670190274575,-14.149873150105464,-27.03346723044407,0
204.5,31.183657505285417,10.457357293868926,48.87078224101481,0.12204439746300239,-10.970169133192414,-28.278710359408024,0
204.60000000000002,31.80000000000104,10.778333333333823,50.52833333333591,0.12616666666669352,-22.707500000012246,-21.37583333332655,0
204.70000000000002,23.53503355704734,8.001140939597452,37.876107382550934,1.47914093959726,-13.049597315434571,-3.949597315435284,0
204.8,25.716241610738475,8.828881431767421,41.52263982102945,1.140214765100637,-2.8751006711399114,1.8915659955263173,0
204.9,27.897449664429615,9.656621923937392,45.16917225950797,0.8012885906040139,7.299395973154752,7.732729306487919,0
205.0,30.078657718120752,10.484362416107363,48.81570469798648,0.46236241610739093,17.473892617449415,13.57389261744952,0
205.10000000000002,27.331818181824183,9.302727272729403,43.97818181819209,0.12009090909086552,-11.35363636366573,-2.729090909062407,0
205.20000000000002,31.312156448203005,10.72164904862581,50.62088794926011,0.09923467230443997,-28.564207188160744,8.840147991543045,0
205.3,32.047885835095165,10.99014799154335,51.68854122621568,0.10282875264270627,-29.646659619450357,4.184756871035761,0
205.4,32.783615221987326,11.258646934460891,52.75619450317126,0.10642283298097258,-30.72911205073997,-0.470634249471523,0
205.5,33.519344608879486,11.527145877378432,53.82384778012684,0.11001691331923887,-31.81156448202959,-5.126025369978807,0
205.60000000000002,21.285999999999728,7.213999999999975,33.41200000000014,0.12520000000000087,-3.4139999999978006,-20.83,0
205.70000000000002,30.534444444444393,10.775424836601292,49.46272331154676,0.1573398692810452,26.34862745097979,2.3603050108940447,0
205.8,30.089999999999975,10.644705882352934,48.77862745098035,0.1527647058823527,21.3094117647056,9.035686274510176,0
205.9,29.64555555555556,10.513986928104575,48.09453159041394,0.14818954248366017,16.27019607843141,15.711067538126311,0
206.0,29.201111111111146,10.383267973856219,47.41043572984754,0.14361437908496766,11.230980392157225,22.386448801742443,0
206.10000000000002,32.98608695652539,11.056086956522424,51.36217391304744,0.10895652173910303,5.433043478259266,-27.515217391353058,0
206.20000000000002,30.593826879271134,10.392596810933968,47.966492027334965,0.10700455580865735,-25.259248291571296,11.930706150342132,0
206.3,31.370592255125317,10.741116173120743,49.337790432801874,0.1234054669703879,-19.55309794988588,17.472847380410244,0
206.4,32.1473576309795,11.089635535307517,50.70908883826879,0.13980637813211844,-13.846947608200464,23.014988610478355,0
206.5,32.92412300683368,11.438154897494291,52.08038724373571,0.15620728929384897,-8.140797266515047,28.557129840546466,0
206.60000000000002,33.00931034482652,11.506551724137513,52.57758620689579,0.09482758620690648,11.211724137886478,-0.12931034481560655,0
206.70000000000002,32.533058568329814,12.899891540130483,54.60748373102003,0.11770498915401556,-18.84180043383742,7.306963123643579,0
206.8,33.16646420824299,15.09728850325394,57.98709327548829,0.1346247288503265,-5.165010845986082,2.8340780911059973,0
206.9,33.79986984815617,17.294685466377402,61.36670281995656,0.15154446854663742,8.511778741865264,-1.6388069414315858,0
207.0,34.43327548806935,19.49208242950086,64.74631236442482,0.16846420824294836,22.188568329716603,-6.111691973969169,0
207.10000000000002,31.149999999999977,10.77000000000019,50.41999999999994,0.08500000000001053,-16.256666666652386,-3.5933333332970463,0
207.20000000000002,30.030941704035882,10.52856502242153,47.874753363228706,0.1550874439461854,29.654260089686115,1.221569506726356,0
207.3,30.075784753363234,10.55547085201794,47.910627802690584,0.1378228699551549,29.76188340807176,0.6296412556053106,0
207.4,30.120627802690585,10.582376681614353,47.94650224215247,0.1205582959641244,29.869506726457406,0.03771300448426529,0
207.5,30.165470852017936,10.609282511210763,47.98237668161435,0.10329372197309392,29.97713004484305,-0.55421524663678,0
207.60000000000002,24.56000000000359,8.316666666668002,38.63333333333938,0.10466666666668285,1.9066666666764327,-21.70666666666812,0
207.70000000000002,30.82641025641027,10.684871794871801,49.24205128205131,0.14223076923076985,19.907692307692397,-16.932051282050843,0
207.8,31.072136752136757,10.821623931623934,49.72068376068377,0.15441025641025663,21.702564102564132,-8.327350427350282,0
207.9,31.317863247863244,10.958376068376067,50.19931623931623,0.16658974358974338,23.497435897435867,0.27735042735027804,0
208.0,31.56358974358973,11.0951282051282,50.677948717948695,0.17876923076923015,25.292307692307602,8.882051282050842,0
208.10000000000002,29.689999999996957,10.62647058823444,48.567058823525734,0.1711176470587974,24.475294117643656,16.08176470588231,0
208.20000000000002,36.51587196467959,20.481655629138505,67.6996688741711,0.09683885209713049,-31.057814569535694,9.52940397350799,0
208.3,35.02359823399536,17.812781456953243,62.63344370860851,0.09794260485651231,-27.62072847682068,0.4101986754953195,0
208.4,33.531324503311126,15.14390728476798,57.56721854304592,0.09904635761589414,-24.183642384105664,-8.709006622517347,0
208.5,32.039050772626894,12.47503311258272,52.500993377483326,0.10015011037527596,-20.74655629139065,-17.828211920530016,0
208.60000000000002,32.23999999999763,11.022222222221412,50.951111111106584,0.10033333333334912,-7.712222222207768,-30.398888888890383,0
208.70000000000002,29.55576017130616,10.66419700214132,49.56597430406837,0.0931156316916484,5.9717558886515825,19.722162740897158,0
208.8,29.30094218415415,10.623511777301921,48.78867237687357,0.09097430406852225,9.08738758030014,8.645074946465545,0
208.9,29.046124197002133,10.582826552462524,48.01137044967878,0.08883297644539609,12.2030192719487,-2.4320128479660674,0
209.0,28.79130620985012,10.542141327623128,47.23406852248398,0.08669164882226993,15.318650963597259,-13.509100642397676,0
209.10000000000002,29.122857142857768,10.926190476190671,48.01047619047771,0.130238095238083,20.629047619066952,15.245714285688019,0
209.20000000000002,30.901896551724214,11.222327586206914,50.675689655172505,0.0942629310344834,-4.888750000000755,-21.18400862068828,0
209.3,31.462241379310388,11.364568965517252,51.35672413793109,0.09921982758620727,-10.701250000000442,-10.595646551723334,0
209.4,32.02258620689657,11.506810344827588,52.03775862068967,0.10417672413793115,-16.51375000000013,-0.0072844827583899985,0
209.5,32.58293103448274,11.649051724137927,52.718793103448256,0.10913362068965501,-22.326249999999817,10.581077586206554,0
209.60000000000002,28.91545454544186,10.125454545450117,46.17272727270803,0.15936363636361628,-19.169090909076512,-20.816363636359654,0
209.70000000000002,29.578909657321233,10.74009345794405,47.946168224299676,0.12385981308411573,16.05557632398936,18.06825545171069,0
209.8,30.902897196261975,11.198037383177672,50.17046728972012,0.1369439252336478,22.712897196263164,8.186635514016487,0
209.9,32.22688473520272,11.655981308411294,52.394766355140575,0.15002803738317982,29.37021806853697,-1.6949844236777167,0
210.0,26.4944444444476,9.658888888889924,43.10777777778294,0.18233333333338914,8.444444444455556,-2.088888888902428,0
210.10000000000002,20.99922680412383,7.377989690721785,34.460206185567294,0.1133814432989779,-2.3614948453595557,-10.178453608242952,0
210.20000000000002,21.550773195876324,8.012010309278395,35.779793814433084,0.1546185567010338,3.571494845361242,10.718453608248893,0
210.3,29.88303278688539,11.090000000000055,48.87959016393466,0.12193442622950847,29.6481147540985,0.6535245901640363,0
210.4,31.206803278688596,11.590000000000027,50.95745901639356,0.12439344262295095,30.906311475409904,1.5838524590164436,0
210.5,32.5305737704918,12.089999999999998,53.03532786885245,0.12685245901639344,32.16450819672131,2.5141803278688504,0
210.60000000000002,31.942932166302036,11.736389496717702,52.4443326039387,0.34462144420147045,5.061641137852781,26.45306345732797,0
210.70000000000002,32.15737417943113,11.666367614879631,52.32835886214439,0.8542494529541836,-3.997439824947705,18.542778993433345,0
210.8,32.371816192560225,11.59634573304156,52.212385120350085,1.3638774617068972,-13.056520787748191,10.632494529538715,0
210.9,32.58625820568932,11.526323851203488,52.09641137855578,1.8735054704596104,-22.115601750548677,2.722210065644088,0
211.0,32.80070021881841,11.456301969365416,51.98043763676147,2.3831334792123235,-31.17468271334916,-5.188074398250542,0
211.10000000000002,30.421153846154073,10.935000000000056,50.322948717948975,0.3558632478633439,19.271794871791982,10.331709401708427,0
211.20000000000002,31.440384615384808,11.185000000000047,51.48320512820535,0.7832136752137567,6.412820512818058,5.9898290598282316,0
211.3,32.459615384615546,11.43500000000004,52.64346153846172,1.2105641025641696,-6.4461538461558625,1.6479487179480383,0
211.4,33.47884615384628,11.68500000000003,53.80371794871809,1.6379145299145825,-19.305128205129787,-2.6939316239321567,0
211.5,34.498076923077015,11.935000000000024,54.96397435897446,2.0652649572649953,-32.164102564103715,-7.035811965812352,0
211.60000000000002,34.5343624161065,21.282684563757826,69.03427293064688,0.14355704697987282,23.347427293064385,22.82225950782782,0
211.70000000000002,30.984026845636922,19.020939597315014,61.459328859058985,0.17174496644295828,21.389932885905672,14.193624161072211,0
211.8,27.433691275167348,16.7591946308722,53.88438478747109,0.19993288590604374,19.43243847874696,5.564988814316603,0
211.9,23.88335570469777,14.497449664429393,46.309440715883206,0.22812080536912924,17.474944071588247,-3.0636465324390088,0
212.0,20.333020134228192,12.235704697986582,38.73449664429531,0.25630872483221473,15.517449664429533,-11.692281879194617,0
212.10000000000002,28.460909090908626,10.391818181818019,46.50090909090835,0.14954545454545426,6.792727272726644,27.17545454545413,0
212.20000000000002,26.658248337028436,9.762106430155075,43.62507760532088,0.14843680709534343,4.36035476718351,25.579002217294555,0
212.3,24.855587583148246,9.13239467849213,40.74924611973343,0.1473281596452326,1.9279822616403752,23.982549889134976,0
212.4,23.052926829268056,8.502682926829184,37.87341463414596,0.1462195121951218,-0.5043902439027592,22.3860975609754,0
212.5,21.250266075387866,7.87297117516624,34.997583148558505,0.14511086474501098,-2.9367627494458945,20.789645232815822,0
212.60000000000002,28.834183006536126,10.455381263616607,46.317320261438184,0.39931372549024813,4.403834422656642,23.684967320260757,0
212.70000000000002,30.082549019608017,10.806143790849722,48.251960784313994,0.7679411764706395,-4.868496732027438,18.854901960783643,0
212.8,31.33091503267991,11.156906318082838,50.186601307189804,1.1365686274510312,-14.140827886711516,14.024836601306527,0
212.9,32.5792810457518,11.507668845315951,52.12124183006562,1.5051960784314227,-23.413159041395595,9.194771241829411,0
213.0,33.82764705882369,11.858431372549067,54.05588235294143,1.8738235294118142,-32.68549019607968,4.364705882352297,0
213.10000000000002,31.933552631578902,11.197434210526303,51.0830921052631,1.8123092105262475,-26.21552631578739,1.0998026315781302,0
213.20000000000002,31.674780701754347,11.125065789473675,50.7344078947368,1.4107741228069623,-13.961140350875507,-3.7006359649129417,0
213.3,31.416008771929796,11.052697368421045,50.38572368421049,1.0092390350876772,-1.7067543859636238,-8.501074561404014,0
213.4,31.157236842105245,10.980328947368417,50.03703947368418,0.6077039473683918,10.547631578948259,-13.301513157895085,0
213.5,30.89846491228069,10.907960526315787,49.68835526315788,0.2061688596491067,22.802017543860142,-18.101951754386157,0
213.60000000000002,23.644769874477362,8.127071129707247,37.427824267783016,0.24642677824272893,-22.61167364016772,-4.513723849371811,0
213.70000000000002,25.51506276150651,8.794435146443599,40.337866108786976,0.50061087866112,-24.373179916318215,-1.6580753138071707,0
213.8,27.38535564853566,9.46179916317995,43.24790794979094,0.754794979079511,-26.13468619246871,1.1975732217574686,0
213.9,29.25564853556481,10.129163179916302,46.15794979079491,1.008979079497902,-27.896192468619205,4.053221757322108,0
214.0,31.125941422593957,10.796527196652654,49.067991631798876,1.263163179916293,-29.657698744769704,6.908870292886748,0
214.10000000000002,30.62978021978026,10.37736263736266,47.81263736263748,0.08469230769230797,-14.468681318679478,-22.52868131868091,0
214.20000000000002,30.8737362637363,10.504835164835185,48.48516483516494,0.08623076923076947,-3.9324175824159724,-20.192417582417225,0
214.3,31.117692307692337,10.632307692307709,49.15769230769239,0.08776923076923097,6.603846153847531,-17.85615384615354,0
214.4,31.361648351648377,10.759780219780234,49.830219780219856,0.08930769230769248,17.140109890111034,-15.519890109889854,0
214.5,31.605604395604416,10.88725274725276,50.50274725274731,0.09084615384615398,27.67637362637454,-13.183626373626169,0
214.60000000000002,23.723739130435295,7.998434782608879,37.82939130434864,2.6956608695650317,-21.704173913042965,-4.475826086958137,0
214.70000000000002,25.460695652174294,8.620173913043615,40.59895652173974,2.063704347825948,-19.96286956521701,-9.967130434783817,0
214.8,27.197652173913298,9.241913043478352,43.36852173913084,1.4317478260868646,-18.22156521739105,-15.458434782609498,0
214.9,28.934608695652297,9.863652173913088,46.13808695652194,0.7997913043477811,-16.480260869565093,-20.949739130435177,0
215.0,30.671565217391297,10.485391304347825,48.907652173913036,0.16783478260869744,-14.738956521739134,-26.441043478260855,0
215.10000000000002,31.46416485900237,11.8803687635579,51.58054229935,0.1474468546637742,-14.466594360084986,18.255206073750863,0
215.20000000000002,32.589978308026204,14.21442516269017,55.83650759219155,0.14636225596529268,-4.49913232103966,7.912472885030926,0
215.3,33.71579175705004,16.548481561822435,60.092472885033104,0.14527765726681113,5.468329718005666,-2.4302603036890105,0
215.4,34.84160520607388,18.882537960954703,64.34843817787466,0.1441930585683296,15.435791757050989,-12.77299349240895,0
215.5,35.96741865509771,21.216594360086972,68.6044034707162,0.14310845986984805,25.40325379609632,-23.11572668112889,0
215.60000000000002,34.126521739130354,11.386956521739114,53.8957608695651,0.3428152173913883,-23.04358695652212,-23.122173913042367,0
215.70000000000002,33.67434782608688,11.29130434782607,53.219673913043366,0.8112934782609477,-25.18489130434818,-16.904782608694617,0
215.8,33.222173913043406,11.195652173913029,52.54358695652164,1.2797717391305072,-27.326195652174242,-10.687391304346868,0
215.9,32.76999999999993,11.099999999999987,51.86749999999991,1.7482500000000663,-29.467500000000303,-4.469999999999118,0
216.0,32.317826086956465,11.004347826086944,51.19141304347818,2.216728260869626,-31.608804347826364,1.747391304348632,0
216.10000000000002,34.42168918918901,20.065405405404817,68.08259009008894,0.23686036036035138,-12.11020270270351,31.069954954954202,0
216.20000000000002,33.71222972972957,17.795135135134615,63.6614189189179,0.20217567567566774,-15.22506756756828,28.155540540539874,0
216.3,33.00277027027013,15.524864864864416,59.24024774774687,0.16749099099098413,-18.33993243243305,25.24112612612555,0
216.4,32.293310810810695,13.254594594594215,54.81907657657584,0.13280630630630053,-21.45479729729782,22.326711711711226,0
216.5,31.583851351351253,10.984324324324014,50.3979054054048,0.09812162162161689,-24.569662162162587,19.4122972972969,0
216.60000000000002,20.850723981900426,7.244615384615371,33.054027149321264,0.14073076923076858,19.452579185519728,-2.502714932127411,0
216.70000000000002,20.7014027149321,7.1676923076922945,33.03592760180995,0.13688461538461474,15.733122171945102,-6.692760180996151,0
216.8,20.552081447963776,7.090769230769219,33.01782805429864,0.13303846153846094,12.013665158370475,-10.882805429864892,0
216.9,20.40276018099545,7.013846153846142,32.99972850678733,0.12919230769230713,8.29420814479585,-15.072850678733634,0
217.0,20.25343891402713,6.936923076923066,32.981628959276016,0.12534615384615333,4.574751131221223,-19.262895927602372,0
217.10000000000002,30.35093681917218,10.511895424836622,49.58313725490206,0.09233769063180979,-29.14566448801746,-7.917995642701632,0
217.20000000000002,30.812810457516406,10.655686274509824,50.26941176470598,0.10301307189542633,-29.356993464052316,-8.67398692810468,0
217.3,31.274684095860632,10.799477124183026,50.9556862745099,0.11368845315904286,-29.568322440087176,-9.429978213507729,0
217.4,31.736557734204858,10.943267973856228,51.64196078431382,0.12436383442265941,-29.779651416122036,-10.185969498910778,0
217.5,32.19843137254908,11.08705882352943,52.32823529411774,0.13503921568627594,-29.990980392156892,-10.941960784313826,0
217.60000000000002,30.9885714285716,10.964805194805244,50.34562770562793,0.12461038961038774,4.740606060604604,28.839567099566935,0
217.70000000000002,31.77428571428586,11.185584415584456,51.356450216450405,0.11616883116882958,-1.835151515152754,28.107965367965228,0
217.8,32.56000000000012,11.40636363636367,52.36727272727288,0.10772727272727142,-8.41090909091011,27.37636363636352,0
217.9,33.34571428571438,11.627142857142884,53.37809523809536,0.09928571428571326,-14.986666666667467,26.644761904761815,0
218.0,34.13142857142864,11.847922077922096,54.38891774891784,0.09084415584415509,-21.562424242424825,25.913160173160108,0
218.10000000000002,31.77402515723279,10.825702306079688,51.22893081761012,0.2490125786163796,-29.169916142557806,-10.355492662473264,0
218.20000000000002,32.352641509434044,10.978742138364801,51.63773584905666,0.4383207547170075,-30.241194968553607,-6.686729559747916,0
218.3,32.931257861635295,11.131781970649916,52.0465408805032,0.6276289308176355,-31.312473794549412,-3.0179664570225704,0
218.4,33.509874213836554,11.284821802935031,52.45534591194974,0.8169371069182634,-32.38375262054521,0.6507966457027781,0
218.5,34.088490566037805,11.437861635220145,52.86415094339628,1.0062452830188913,-33.455031446541014,4.319559748428123,0
218.60000000000002,31.83009685230024,10.682711864406793,50.005907990314796,0.13265133171912666,5.783075060531209,-30.48903147699526,0
218.70000000000002,31.832518159806295,10.750508474576284,50.153607748184044,0.12393462469733502,-1.8900484261514894,-18.464818401934902,0
218.8,31.83493946731235,10.818305084745774,50.30130750605329,0.11521791767554337,-9.563171912834187,-6.440605326874543,0
218.9,31.8373607748184,10.886101694915265,50.44900726392254,0.10650121065375173,-17.236295399516887,5.583607748185813,0
219.0,31.839782082324454,10.953898305084756,50.59670702179179,0.09778450363196009,-24.909418886199585,17.607820823246172,0
219.10000000000002,30.2616017316016,10.50207792207788,49.030952380952115,0.11741558441558715,-10.848831168830133,27.199437229437173,0
219.20000000000002,29.668528138528025,10.313766233766199,47.84047619047597,0.1297532467532491,-6.173506493505613,26.94835497835493,0
219.3,29.075454545454452,10.125454545454517,46.649999999999814,0.14209090909091102,-1.4981818181810933,26.69727272727269,0
219.4,28.48238095238088,9.937142857142835,45.45952380952366,0.15442857142857294,3.177142857143428,26.446190476190445,0
219.5,27.889307359307306,9.748831168831153,44.26904761904751,0.16676623376623487,7.852467532467946,26.195108225108203,0
219.60000000000002,31.04127982646429,10.441605206073794,48.973839479392865,0.09630151843817822,4.5936008676797275,-29.07494577006469,0
219.70000000000002,31.663839479392692,10.764815618221293,50.84151843817808,0.0989045553145339,10.480802603037512,-26.12483731019491,0
219.8,32.286399132321094,11.088026030368791,52.70919739696328,0.10150759219088959,16.368004338395295,-23.174728850325128,0
219.9,32.908958785249496,11.411236442516289,54.57687635574849,0.10411062906724527,22.255206073753076,-20.22462039045535,0
220.0,33.5315184381779,11.734446854663787,56.444555314533694,0.10671366594360097,28.14240780911086,-17.274511930585568,0
220.10000000000002,33.67695652173908,11.547086956521708,53.68578260869556,0.09872608695652155,13.496217391301396,-24.475130434779775,0
220.20000000000002,33.503043478260835,11.444913043478238,53.366217391304275,0.09807391304347812,3.415782608693446,-14.796869565215275,0
220.3,33.329130434782584,11.342739130434767,53.046652173912996,0.0974217391304347,-6.664652173914501,-5.118608695650774,0
220.4,33.15521739130434,11.240565217391296,52.72708695652172,0.09676956521739126,-16.745086956522453,4.559652173913726,0
220.5,32.98130434782609,11.138391304347826,52.40752173913044,0.09611739130434784,-26.825521739130398,14.237913043478223,0
220.60000000000002,30.916084905659712,10.803490566037533,49.057358490565086,0.18696698113206903,-21.733443396223365,19.040188679244146,0
220.70000000000002,28.616556603773088,10.100660377358338,45.76490566037665,0.16456132075471214,-11.14146226414866,15.096792452829337,0
220.8,26.31702830188646,9.397830188679144,42.4724528301882,0.14215566037735528,-0.5494811320739572,11.15339622641453,0
220.9,24.017499999999835,8.69499999999995,39.179999999999765,0.11974999999999841,10.04250000000075,7.209999999999722,0
221.0,21.71797169811321,7.992169811320756,35.88754716981132,0.09734433962264155,20.63448113207545,3.266603773584915,0
221.10000000000002,30.627917570499083,10.914034707158384,48.85887201735385,1.7881453362255222,-30.0459002169198,-4.406030368763966,0
221.20000000000002,31.56501084598713,11.098416485900247,50.36646420824319,1.3727440347070936,-30.39080260303693,-6.6923644251630465,0
221.3,32.50210412147518,11.282798264642107,51.87405639913252,0.9573427331886648,-30.73570498915406,-8.978698481562127,0
221.4,33.43919739696322,11.46718004338397,53.38164859002186,0.5419414316702362,-31.08060737527119,-11.265032537961206,0
221.5,34.376290672451276,11.65156182212583,54.889240780911194,0.12654013015180765,-31.425509761388316,-13.551366594360287,0
221.60000000000002,34.01147826086956,11.710413043478255,52.82556521739132,0.09985217391304407,-18.278869565215988,-20.612413043473744,0
221.70000000000002,33.994086956521734,11.690847826086951,52.8777391304348,0.10159130434782655,-14.174521739129336,-7.392847826083418,0
221.8,33.97669565217391,11.671282608695648,52.92991304347827,0.10333043478260903,-10.070173913042684,5.826717391306904,0
221.9,33.959304347826084,11.651717391304347,52.98208695652174,0.10506956521739151,-5.965826086956033,19.04628260869723,0
222.0,33.94191304347826,11.632152173913044,53.034260869565216,0.10680869565217399,-1.8614782608693794,32.26584782608755,0
222.10000000000002,37.48549783549742,21.410238095237435,68.96593073592962,0.20905411255410444,31.145692640692445,-16.657424242422277,0
222.20000000000002,35.94870129870093,18.957857142856565,64.78844155844058,0.17896753246752536,30.420584415584244,-9.369545454543731,0
222.3,34.411904761904445,16.505476190475694,60.61095238095154,0.14888095238094629,29.695476190476043,-2.0816666666651855,0
222.4,32.875108225107965,14.053095238094823,56.433463203462495,0.11879437229436718,28.970367965367842,5.206212121213362,0
222.5,31.338311688311478,11.60071428571395,52.25597402597346,0.0887077922077881,28.24525974025964,12.494090909091906,0
222.60000000000002,25.620431034483346,9.783318965518049,41.85952586207064,0.12967672413793255,-6.360258620688448,-16.511034482755015,0
222.70000000000002,27.54715517241428,12.419094827586871,47.340129310346214,0.13463362068965642,-2.4162931034472814,-4.735172413790131,0
222.8,29.47387931034521,15.054870689655695,52.82073275862177,0.1395905172413803,1.5276724137938853,7.040689655174749,0
222.9,31.400603448276144,17.69064655172452,58.301336206897346,0.14454741379310415,5.471637931035053,18.816551724139632,0
223.0,33.327327586207076,20.326422413793342,63.781939655172906,0.14950431034482803,9.415603448276217,30.592413793104516,0
223.10000000000002,31.093115468409746,10.957755991285422,50.846492374727866,0.391949891067749,-14.638888888890353,24.45132897603231,0
223.20000000000002,31.548453159041525,11.01440087145971,51.410762527233274,1.0000108932463594,-18.861111111112308,17.107102396512083,0
223.3,32.0037908496733,11.071045751634,51.97503267973868,1.60807189542497,-23.08333333333426,9.762875816991855,0
223.4,32.45912854030508,11.127690631808287,52.5393028322441,2.2161328976035803,-27.30555555555621,2.418649237471623,0
223.5,32.91446623093686,11.184335511982576,53.103572984749505,2.8241938997821907,-31.527777777778166,-4.9255773420486015,0
223.60000000000002,32.74924731182784,11.510731182795672,52.56862365591387,0.08141935483871131,10.352817204298955,28.17980645161233,0
223.70000000000002,32.27612903225798,11.39890322580643,52.13206451612895,0.0878709677419367,1.9807741935468055,25.91529032258022,0
223.8,31.803010752688113,11.28707526881719,51.69550537634403,0.0943225806451621,-6.391268817205347,23.650774193548106,0
223.9,31.329892473118253,11.17524731182795,51.25894623655911,0.10077419354838749,-14.763311827957498,21.386258064515992,0
224.0,30.85677419354839,11.063419354838711,50.8223870967742,0.10722580645161288,-23.135354838709645,19.121741935483882,0
224.10000000000002,32.08065934065939,11.176373626373648,52.641648351648435,0.0986263736263762,19.797362637363186,-23.061428571427438,0
224.20000000000002,32.34879120879125,11.301648351648371,53.111978021978096,0.11335164835165061,22.924835164835642,-16.575714285713293,0
224.3,32.616923076923115,11.426923076923092,53.58230769230775,0.128076923076925,26.0523076923081,-10.089999999999147,0
224.4,32.885054945054975,11.552197802197815,54.05263736263741,0.1428021978021994,29.17978021978056,-3.6042857142850018,0
224.5,33.153186813186835,11.677472527472538,54.522967032967074,0.15752747252747382,32.30725274725302,2.8814285714291437,0
224.60000000000002,32.71048016701452,11.25075156576197,52.67524008350715,0.12732567849686863,-21.60144050104402,-24.11551148225437,0
224.70000000000002,32.30755741127341,11.098350730688905,51.973778705636605,0.12795198329853874,-22.39267223382062,-22.664572025051903,0
224.8,31.904634655532288,10.94594989561584,51.27231732776605,0.12857828810020888,-23.183903966597217,-21.213632567849434,0
224.9,31.50171189979117,10.793549060542775,50.57085594989551,0.12920459290187902,-23.975135699373812,-19.762693110646968,0
225.0,31.098789144050052,10.64114822546971,49.869394572024966,0.12983089770354914,-24.76636743215041,-18.311753653444498,0
225.10000000000002,20.33881670533643,7.243967517401389,34.295290023201815,0.09206728538283121,-0.7554060324820344,19.322204176333642,0
225.20000000000002,20.382900232018564,7.21380510440835,33.9217401392111,0.09740371229698425,4.367563805104882,15.083225058004249,0
225.3,20.426983758700697,7.183642691415311,33.54819025522039,0.10274013921113728,9.4905336426918,10.844245939674858,0
225.4,20.471067285382833,7.153480278422272,33.17464037122968,0.10807656612529033,14.613503480278714,6.605266821345467,0
225.5,20.515150812064967,7.123317865429233,32.801090487238966,0.11341299303944337,19.73647331786563,2.366287703016077,0
225.60000000000002,34.63999999999992,20.397199999999376,65.36159999999911,0.10616000000000328,19.923999999996973,21.299999999996984,0
225.70000000000002,34.36222222222217,18.19497777777736,62.254933333332744,0.11771555555555774,9.268444444442427,10.68888888888688,0
225.8,34.08444444444442,15.992755555555348,59.14826666666637,0.1292711111111122,-1.3871111111121195,0.07777777777677386,0
225.9,33.80666666666667,13.790533333333332,56.0416,0.14082666666666666,-12.042666666666666,-10.533333333333335,0
226.0,33.528888888888915,11.58831111111132,52.93493333333363,0.15238222222222114,-22.698222222221215,-21.14444444444344,0
226.10000000000002,22.372450331126252,8.02611479028711,36.23710816777105,0.09738852097130256,-14.599492273729034,5.722075055187459,0
226.20000000000002,25.491655629139498,9.017284768212054,40.84417218543109,0.09827152317880807,-2.484701986753322,4.408609271523001,0
226.3,28.61086092715274,10.008454746136998,45.45123620309113,0.09915452538631359,9.630088300222386,3.095143487858542,0
226.4,31.730066225165984,10.999624724061944,50.05830022075117,0.1000375275938191,21.7448785871981,1.7816777041940837,0
226.5,34.849271523179226,11.990794701986887,54.665364238411215,0.10092052980132463,33.859668874173806,0.468211920529626,0
226.60000000000002,31.754999999999253,10.717765957446582,51.307340425530676,0.3154680851063762,-15.324574468082577,-19.823936170209603,0
226.70000000000002,29.65499999999937,10.077340425531723,47.8115957446798,0.2963191489361645,-8.169255319146796,-10.885638297869665,0
226.8,27.554999999999485,9.436914893616866,44.31585106382893,0.2771702127659528,-1.0139361702110143,-1.9473404255297275,0
226.9,25.4549999999996,8.796489361702006,40.820106382978054,0.25802127659574103,6.141382978724767,6.990957446810214,0
227.0,23.354999999999713,8.156063829787147,37.32436170212718,0.2388723404255293,13.296702127660549,15.929255319150148,0
227.10000000000002,23.349193899783057,7.848540305011245,36.24159041394485,2.117562091503096,-22.267233115468667,-0.9579956427033705,0
227.20000000000002,26.000610021787242,8.865969498910964,40.550958605665706,1.6227908496730625,-23.01668845315925,-6.280435729849,0
227.3,28.65202614379143,9.88339869281068,44.86032679738656,1.1280196078430287,-23.76614379084984,-11.60287581699463,0
227.4,31.303442265795617,10.900827886710397,49.16969498910742,0.6332483660129948,-24.515599128540423,-16.925315904140263,0
227.5,33.9548583877998,11.918257080610115,53.47906318082828,0.1384771241829612,-25.265054466231007,-22.247755991285892,0
227.60000000000002,33.079173913043434,11.656934782608651,51.858282608695575,0.1357739130434789,-3.2345000000010957,-31.014173913042786,0
227.70000000000002,32.822652173913,11.415630434782567,51.40393478260862,0.1392521739130441,-9.184500000001021,-27.257652173912398,0
227.8,32.56613043478257,11.174326086956484,50.94958695652167,0.14273043478260924,-15.134500000000948,-23.50113043478201,0
227.9,32.30960869565214,10.9330217391304,50.49523913043472,0.14620869565217443,-21.084500000000876,-19.74460869565162,0
228.0,32.0530869565217,10.691717391304316,50.04089130434777,0.1496869565217396,-27.0345000000008,-15.988086956521233,0
228.10000000000002,32.42704741379296,11.019978448275829,51.21461206896535,0.08976939655172438,-20.094525862068668,25.175840517241404,0
228.20000000000002,31.558512931034386,10.823857758620669,50.184439655172305,0.09127801724137947,-18.279870689654974,25.32454741379312,0
228.3,30.689978448275813,10.627737068965507,49.15426724137925,0.09278663793103456,-16.46521551724128,25.473254310344835,0
228.4,29.82144396551724,10.431616379310345,48.124094827586205,0.09429525862068966,-14.650560344827582,25.62196120689655,0
228.5,28.952909482758667,10.235495689655183,47.09392241379316,0.09580387931034474,-12.835905172413888,25.770668103448266,0
228.60000000000002,29.653710407239842,10.82307692307697,48.79257918552044,0.1387104072398189,-15.995746606334743,24.620814479638092,0
228.70000000000002,29.852805429864276,11.207692307692351,49.394389140271564,0.13780542986425331,-15.16995475113113,25.310859728506863,0
228.8,30.05190045248871,11.592307692307733,49.99619909502269,0.1369004524886877,-14.344162895927516,26.000904977375637,0
228.9,30.25099547511314,11.976923076923114,50.598009049773815,0.1359954751131221,-13.518371040723903,26.690950226244407,0
229.0,30.450090497737573,12.361538461538496,51.19981900452494,0.1350904977375565,-12.692579185520291,27.38099547511318,0
229.10000000000002,30.643493449780852,11.596855895196505,52.765764192138604,0.14144978165939212,-20.052969432312157,17.133580786023707,0
229.20000000000002,27.984104803492784,11.590305676855893,49.02777292576326,0.1528034934497845,-12.642489082967575,8.93270742357873,0
229.3,25.324716157204715,11.583755458515283,45.28978165938791,0.1641572052401769,-5.232008733622994,0.7318340611337533,0
229.4,22.665327510916647,11.577205240174672,41.55179039301256,0.1755109170305693,2.178471615721591,-7.4690393013112235,0
229.5,20.00593886462858,11.57065502183406,37.813799126637214,0.18686462882096172,9.588951965066173,-15.6699126637562,0
229.60000000000002,31.433566739606277,11.069759299781238,50.334223194748645,0.15690809628011582,24.09667396060909,3.5681181619248004,0
229.70000000000002,32.01562363238525,11.282013129102891,51.42831509846851,0.2652231947483825,10.30236323850902,0.5002844638942978,0
229.8,32.597680525164215,11.494266958424545,52.52240700218837,0.3735382932166492,-3.4919474835910407,-2.567549234136205,0
229.9,33.17973741794319,11.706520787746198,53.616498905908244,0.48185339168491587,-17.286258205691105,-5.635382932166708,0
230.0,33.76179431072215,11.918774617067852,54.71059080962811,0.5901684901531826,-31.08056892779117,-8.703216630197211,0
230.10000000000002,32.28034482758613,11.850215517241367,54.06034482758613,0.10979741379310787,-25.4306034482758,19.57732758620682,0
230.20000000000002,32.02172413793097,11.813577586206886,53.80172413793097,0.12423706896552089,-25.22801724137926,19.33163793103442,0
230.3,31.76310344827581,11.776939655172406,53.543103448275815,0.13867672413793392,-25.025431034482718,19.08594827586202,0
230.4,31.50448275862065,11.740301724137925,53.284482758620655,0.15311637931034694,-24.822844827586177,18.84025862068962,0
230.5,31.245862068965494,11.703663793103445,53.025862068965495,0.16755603448275996,-24.62025862068964,18.59456896551722,0
230.60000000000002,32.32008849557521,11.560088495575211,54.048849557522026,0.1334336283185847,-27.219203539821997,4.107964601768959,0
230.70000000000002,32.229380530973444,11.469380530973446,53.22805309734508,0.13896460176991185,-18.2855752212384,-4.30575221238989,0
230.8,32.13867256637168,11.37867256637168,52.40725663716813,0.144495575221239,-9.351946902654802,-12.71946902654874,0
230.9,32.04796460176991,11.287964601769914,51.58646017699119,0.15002654867256612,-0.4183185840712049,-21.133185840707586,0
231.0,31.95725663716815,11.19725663716815,50.765663716814245,0.15555752212389326,8.515309734512392,-29.546902654866432,0
231.10000000000002,31.192398286937827,10.94794432548177,50.06580299785858,0.14204925053534304,-16.419507494645014,23.960449678800842,0
231.20000000000002,30.84978586723762,10.813040685224813,49.665374732333966,0.19215631691649815,-8.91843683083363,23.896209850107052,0
231.3,30.507173447537415,10.678137044967857,49.264946466809356,0.2422633832976533,-1.4173661670222444,23.831970021413266,0
231.4,30.16456102783721,10.5432334047109,48.86451820128474,0.29237044967880843,6.083704496789142,23.767730192719476,0
231.5,29.821948608137003,10.408329764453946,48.46408993576012,0.3424775160599635,13.584775160600525,23.70349036402569,0
231.60000000000002,31.16947826086894,10.372782608695458,48.36747826086867,0.09735652173913127,-18.459913043476686,-23.951478260869425,0
231.70000000000002,29.043391304347356,9.711913043478116,45.34139130434716,0.10018260869565279,-13.105565217390126,-23.47539130434772,0
231.8,26.917304347825777,9.051043478260773,42.315304347825645,0.10300869565217433,-7.751217391303566,-22.999304347826016,0
231.9,24.791217391304194,8.39017391304343,39.28921739130413,0.10583478260869586,-2.3968695652170062,-22.523217391304314,0
232.0,22.665130434782615,7.729304347826089,36.26313043478261,0.10866086956521738,2.9574782608695536,-22.04713043478261,0
232.10000000000002,32.47868534482748,11.032887931034455,51.72790948275845,2.4530172413791655,-30.798275862068195,3.6577155172426705,0
232.20000000000002,32.07997844827578,10.925129310344806,51.04471982758607,1.892672413792989,-27.83275862068905,8.653405172414816,0
232.3,31.681271551724077,10.817370689655156,50.361530172413694,1.3323275862068122,-24.867241379309895,13.649094827586959,0
232.4,31.282564655172376,10.709612068965507,49.67834051724132,0.7719827586206354,-21.90172413793075,18.644784482759107,0
232.5,30.88385775862067,10.601853448275858,48.99515086206894,0.21163793103445894,-18.936206896551596,23.64047413793125,0
232.60000000000002,31.32512455516021,10.843594306049846,50.0635231316727,0.1242882562277591,12.245088967972082,-20.70975088967694,0
232.70000000000002,31.791316725978728,11.010854092526719,50.821530249110445,0.1317615658363002,16.0066548042711,-1.7773665480394882,0
232.8,32.25750889679724,11.178113879003591,51.57953736654819,0.13923487544484128,19.76822064057012,17.155017793597963,0
232.9,32.03454545454684,10.831818181818548,50.387272727274606,1.1280909090935782,-19.763636363654356,-19.706363636340576,0
233.0,35.54496688741733,20.236556291390936,66.2317880794706,0.17182781456953783,-28.542715231789103,-15.405761589403802,0
233.10000000000002,31.862847682118044,13.296158940395156,53.06622516555875,0.12480794701985268,5.523509933785604,-21.094503311260077,0
233.20000000000002,31.43372469635632,11.812145748988161,50.53032388664012,0.14546153846153656,-10.94659919028181,-23.368785425100835,0
233.3,31.984331983805717,15.520647773279665,55.8825506072879,0.12238461538461345,8.251781376519833,-18.79793522267168,0
233.4,32.53493927125511,19.229149797571168,61.23477732793568,0.09930769230769035,27.45016194332148,-14.227085020242525,0
233.5,28.77736263736247,11.000329670329393,45.93494505494451,0.2456923076923119,13.216373626373308,24.445384615384626,0
233.60000000000002,30.3048351648354,13.534395604395993,50.945934065934836,0.20723076923076333,16.1416483516488,24.368461538461528,0
233.70000000000002,31.832307692307893,16.06846153846187,55.95692307692374,0.16876923076922573,19.066923076923462,24.29153846153845,0
233.8,33.35978021978038,18.60252747252775,60.96791208791264,0.1303076923076881,21.992197802198124,24.214615384615374,0
233.9,34.88725274725288,21.13659340659363,65.97890109890155,0.09184615384615047,24.917472527472786,24.1376923076923,0
234.0,31.5616814159292,10.654690265486725,49.87433628318583,0.21130530973451317,2.408849557522035,-30.069690265486702,0
234.10000000000002,31.446637168141564,10.570619469026527,49.55132743362824,0.20488938053097186,-2.6176991150455002,-28.735619469026215,0
234.20000000000002,31.33159292035396,10.486548672566355,49.22831858407073,0.19847345132743235,-7.644247787611606,-27.40154867256611,0
234.3,31.216548672566354,10.402477876106182,48.905309734513224,0.19205752212389288,-12.670796460177712,-26.067477876106004,0
234.4,31.10150442477875,10.318407079646011,48.58230088495572,0.1856415929203534,-17.69734513274382,-24.733407079645897,0
234.5,38.7931034482758,22.678160919540083,72.91965517241354,0.14134482758620695,-30.008275862068988,23.902528735632036,0
234.60000000000002,37.76551724137902,19.990804597700404,68.47827586206773,0.14272413793103486,-30.401379310344936,21.272643678160186,0
234.70000000000002,36.737931034482536,17.30344827586149,64.03689655172317,0.14410344827586236,-30.794482758620774,18.642758620689087,0
234.8,35.71034482758605,14.616091954022576,59.59551724137863,0.14548275862068985,-31.18758620689661,16.012873563217987,0
234.9,34.68275862068956,11.928735632183662,55.15413793103408,0.14686206896551737,-31.58068965517245,13.382988505746884,0
235.0,32.58062906724512,11.121691973969632,51.676334056399135,0.16798481561822048,27.38420824294975,-4.807678958784775,0
235.10000000000002,32.60232104121476,11.145553145336232,51.7913015184382,0.15366811279826104,20.494837310193493,4.237874186553258,0
235.20000000000002,32.62401301518439,11.169414316702824,51.90626898047724,0.1393514099783056,13.605466377439193,13.283427331888722,0
235.3,32.64570498915402,11.193275488069416,52.021236442516276,0.12503470715835022,6.716095444684896,22.328980477224185,0
235.4,32.66739696312364,11.21713665943601,52.136203904555316,0.11071800433839482,-0.17327548806940385,31.374533622559646,0
235.5,23.729540229884975,7.874137931034454,38.051264367815975,1.665057471264347,-22.165172413793,-6.433908045977082,0
235.60000000000002,28.011149425288785,9.339655172414282,43.90183908046172,2.717356321839431,-27.372068965518974,-2.790229885056256,0
235.70000000000002,33.62545454545485,12.83999999999843,56.47545454545303,0.12427272727272595,-25.476363636369367,16.557272727269165,0
235.8,33.768360655737794,13.564754098359051,55.1344262295061,0.15177049180328556,-10.325901639348038,-13.143606557387962,0
235.9,28.88523809523801,9.87771428571425,45.629523809523704,0.1876476190476268,24.12990476190441,14.888380952381313,0
236.0,30.1423255813955,9.960000000000049,46.87674418604675,0.1405813953488356,14.753953488371696,-25.10767441860497,0
236.10000000000002,31.89647840531607,10.53142857142872,49.620930232558855,0.12197674418604168,10.136013289035347,-28.78209302325677,0
236.20000000000002,33.65063122923614,11.102857142857228,52.36511627907018,0.10337209302325304,5.518073089700309,-32.456511627907524,0
236.3,35.84779310344826,21.432068965517235,69.00462068965516,0.11637241379310348,-20.49655172413794,26.027793103448055,0
236.4,35.113310344827596,20.77689655172415,66.80806896551728,0.11844137931034479,-21.25517241379309,7.2933103448279155,0
236.5,34.37882758620693,20.121724137931064,64.61151724137942,0.1205103448275861,-22.01379310344824,-11.441172413792223,0
236.60000000000002,33.39666666666687,11.199999999999958,51.77666666666634,0.8240000000007536,-10.506666666712249,3.716666666674548,0
236.70000000000002,23.19568862275444,7.936706586826321,37.04976047904181,0.42102994011983597,15.746047904190329,9.005389221556344,0
236.8,22.225628742514985,7.445688622754497,34.99586826347308,1.8527664670658488,-8.64317365269428,-1.2820359281435714,0
236.9,27.88478260869564,9.693652173913039,44.94365217391302,0.12868695652173912,26.186869565217343,-5.075565217391269,0
237.0,25.50797101449287,8.890753623188445,41.14075362318859,0.12607826086956533,16.827449275362774,2.2113913043474716,0
237.10000000000002,23.13115942028942,8.087855072463622,37.33785507246307,0.12346956521739083,7.468028985505541,9.498347826088281,0
237.20000000000002,20.75434782608665,7.284956521739026,33.53495652173864,0.12086086956521705,-1.8913913043490282,16.785304347827022,0
237.3,32.51521739130435,19.423913043478255,60.95217391304356,0.13808695652174696,28.482173913043415,-15.080000000000075,0
237.4,32.374803625377645,17.05265861027186,58.415317220543756,0.1582114803625375,21.383836858005917,-19.776646525679837,0
237.5,32.21166163141994,14.415196374622374,55.14039274924473,0.1415951661631421,13.725226586102771,-24.682990936555857,0
237.60000000000002,32.04851963746219,11.77773413897214,51.865468277944785,0.12497885196374199,6.06661631419745,-29.58933534743327,0
237.70000000000002,28.151706263498603,9.697386609071172,45.09453563714852,0.16976673866090508,23.184600431965308,-15.199611231101073,0
237.8,26.56855291576649,9.185507559395168,42.569697624189665,0.15961555075593792,22.52369330453553,-13.016025917926223,0
237.9,24.985399568034378,8.673628509719165,40.04485961123081,0.14946436285097076,21.862786177105754,-10.832440604751373,0
238.0,23.402246220302267,8.161749460043161,37.52002159827196,0.1393131749460036,21.20187904967598,-8.64885529157652,0
238.10000000000002,21.819092872569705,7.649870410367011,34.99518358531239,0.12916198704103357,20.540971922246015,-6.46526997840105,0
238.20000000000002,30.619805194805114,10.493116883116866,50.580714285714095,0.0936493506493513,-24.367142857141502,16.75883116883139,0
238.3,30.085173160173095,10.380562770562758,49.31880952380938,0.0979783549783555,-15.414761904760848,18.2177056277058,0
238.4,29.55054112554108,10.268008658008648,48.056904761904654,0.10230735930735968,-6.462380952380194,19.67658008658021,0
238.5,29.015909090909062,10.155454545454539,46.79499999999993,0.10663636363636386,2.4900000000004603,21.13545454545462,0
238.60000000000002,28.481277056276895,10.0429004329004,45.53309523809485,0.11096536796536928,11.442380952383658,22.594329004329445,0
238.70000000000002,21.40412556053804,7.158206278027088,33.18035874439481,2.8296502242151305,-21.182645739910186,-1.9555605381168095,0
238.8,21.007264573990977,8.113363228699685,34.18932735426023,2.220905829596328,-20.498789237668067,-3.0945739910315484,0
238.9,20.610403587443912,9.06852017937228,35.19829596412565,1.612161434977526,-19.81493273542595,-4.233587443946287,0
239.0,20.213542600896847,10.023677130044877,36.20726457399107,1.0034170403587237,-19.131076233183833,-5.372600896861026,0
239.10000000000002,19.81668161434967,10.978834080717744,37.21623318385677,0.3946726457397487,-18.447219730941523,-6.511614349776089,0
239.20000000000002,31.136666666670518,10.47666666666654,48.883333333335074,1.0843333333423653,9.086666666473462,4.5566666666364135,0
239.3,32.3055555555556,12.59444444444472,52.4388888888893,2.3507777777776955,-17.6511111111093,-3.852222222222483,0
239.4,32.668367346938794,14.782653061224629,55.69285714285735,1.6974897959183257,-3.31551020408072,-5.915714285714417,0
239.5,33.031179138321995,16.97086167800454,58.9468253968254,1.0442018140589562,11.020090702947865,-7.979206349206351,0
239.60000000000002,33.393990929705296,19.159070294785067,62.20079365079438,0.3909138321994008,25.35569160998052,-10.042698412698872,0
239.70000000000002,30.84999999999988,10.129999999999992,47.679999999999836,0.1889999999999953,-7.119999999997748,-29.489999999997686,0
239.8,30.418848758464925,10.098397291196383,47.10212189616241,0.1725214446952563,0.8055079006787871,-21.35004514672523,0
239.9,29.987697516929973,10.066794582392774,46.52424379232499,0.15604288939051728,8.73101580135532,-13.210090293452776,0
240.0,29.55654627539502,10.035191873589165,45.94636568848757,0.13956433408577826,16.656523702031855,-5.070135440180323,0
240.10000000000002,29.125395033859945,10.003589164785547,45.368487584649976,0.12308577878103456,24.58203160271064,3.0698194130944465,0
240.20000000000002,31.80372505543228,11.022439024390215,50.26095343680698,0.12592017738359187,28.64026607538695,-11.091995565408881,0
240.3,31.17844789356978,10.827317073170711,49.4937694013303,0.12503325942350324,21.309889135254224,-2.114168514411478,0
240.4,30.553170731707276,10.632195121951208,48.72658536585361,0.12414634146341458,13.979512195121494,6.863658536585925,0
240.5,29.927893569844777,10.437073170731702,47.95940133037692,0.12325942350332593,6.649135254988767,15.84148558758333,0
240.60000000000002,29.302616407982097,10.241951219512144,47.19221729490002,0.12237250554323702,-0.6812416851460448,24.819312638583284,0
240.70000000000002,33.2997435897435,11.307243589743566,53.599166666666484,0.16367307692307742,-14.552179487179776,-27.59211538461374,0
240.8,32.72709401709395,11.151260683760665,52.40472222222208,0.1668782051282055,-16.41970085470108,-16.983141025639746,0
240.9,32.154444444444394,10.995277777777764,51.21027777777768,0.17008333333333361,-18.287222222222383,-6.374166666665747,0
241.0,31.58179487179484,10.839294871794863,50.01583333333327,0.1732884615384617,-20.15474358974369,4.234807692308252,0
241.10000000000002,31.009145299145125,10.683311965811917,48.82138888888853,0.1764935897435907,-22.022264957265524,14.843782051285267,0
241.20000000000002,23.176220302376045,7.722915766738741,36.13287257019475,0.12222246220302335,4.911490280777733,-22.44773218142567,0
241.3,25.407321814255,8.487494600432012,39.597235421166516,0.11833477321814231,6.768941684665341,-24.186393088553025,0
241.4,27.63842332613395,9.252073434125283,43.06159827213829,0.11444708423326126,8.62639308855295,-25.925053995680376,0
241.5,29.869524838012904,10.016652267818554,46.52596112311006,0.11055939524838022,10.483844492440557,-27.66371490280773,0
241.60000000000002,32.100626349892494,10.781231101512043,49.99032397408281,0.10667170626349809,12.341295896328695,-29.402375809935577,0
241.70000000000002,34.276531914893425,20.121191489361188,63.38248936170132,0.15697446808510349,-14.973340425530143,27.992212765954612,0
241.8,33.49142553191474,18.010553191488963,60.04419148936107,0.14505957446808285,-7.698872340424156,16.358170212763753,0
241.9,32.70631914893606,15.899914893616737,56.70589361702083,0.13314468085106224,-0.4244042553181693,4.724127659572897,0
242.0,31.92121276595738,13.78927659574451,53.367595744680585,0.1212297872340416,6.850063829787818,-6.909914893617959,0
242.10000000000002,31.13610638297848,11.678638297871686,50.029297872339384,0.10931489361701757,14.124531914895872,-18.543957446812122,0
242.20000000000002,29.961052631578927,10.158157894736862,46.56131578947379,0.1081315789473711,-26.578684210524326,12.125000000001078,0
242.3,29.88649122807016,10.226140350877206,46.90561403508779,0.11756140350877371,-19.567719298244285,15.916666666667385,0
242.4,29.811929824561396,10.294122807017551,47.24991228070179,0.12699122807017632,-12.556754385964247,19.70833333333369,0
242.5,29.73736842105263,10.362105263157895,47.59421052631579,0.13642105263157894,-5.545789473684209,23.5,0
242.60000000000002,29.662807017543845,10.430087719298259,47.9385087719299,0.14585087719298423,1.4651754385978215,27.291666666667385,0
242.70000000000002,33.96660831509836,11.795536105032788,57.20910284463873,0.14121225382932087,-27.13582056892592,-17.082450765864174,0
242.8,33.277330415754854,11.565776805251616,55.73645514223179,0.1359606126914655,-14.641291028445053,-16.032122538293102,0
242.9,32.58805251641134,11.336017505470444,54.26380743982485,0.13070897155361016,-2.146761487964188,-14.981794310722032,0
243.0,31.898774617067822,11.106258205689272,52.791159737417914,0.1254573304157548,10.347768052516674,-13.931466083150962,0
243.10000000000002,31.20949671772411,10.876498905908035,51.318512035010556,0.12020568927789796,22.842297593001096,-12.881137855579592,0
243.20000000000002,21.910000000000064,7.696862745098066,35.12764705882372,0.10311764705882372,21.79960784313732,-0.16254901960783116,0
243.3,22.132222222222275,7.790544662309389,35.781241830065504,0.1037712418300655,22.019651416122056,-0.12115468409585123,0
243.4,22.354444444444482,7.884226579520712,36.434836601307296,0.10442483660130729,22.23969498910679,-0.0797603485838713,0
243.5,22.57666666666669,7.977908496732035,37.08843137254908,0.10507843137254907,22.459738562091527,-0.03836601307189136,0
243.60000000000002,22.79888888888896,8.071590413943385,37.74202614379106,0.10573202614379106,22.679782135076323,0.003028322440100345,0
243.70000000000002,32.974464285713736,19.446517857142556,62.4464285714276,0.1376607142857127,-30.38258928571273,11.657321428571748,0
243.8,30.086071428571096,17.8594642857141,57.357142857142264,0.12917857142857045,-22.197321428570476,13.34035714285734,0
243.9,27.197678571428447,16.27241071428565,52.267857142856926,0.12069642857142822,-14.012053571428218,15.023392857142928,0
244.0,24.309285714285803,14.685357142857193,47.17857142857159,0.11221428571428599,-5.826785714285965,16.706428571428518,0
244.10000000000002,21.420892857142334,13.098303571428286,42.0892857142848,0.10373214285714133,2.3584821428586196,18.38946428571459,0
244.20000000000002,33.21694323144102,11.446943231441413,52.785633187773364,0.10244541484716457,19.224410480349828,-25.840480349343323,0
244.3,33.07283842794758,13.302838427947863,55.00834061135403,0.11772925764192359,21.689475982533104,-17.40598253274989,0
244.4,32.92873362445414,15.158733624454314,57.231048034934695,0.1330131004366826,24.154541484716376,-8.97148471615645,0
244.5,32.78462882096069,17.014628820960766,59.45375545851536,0.1482969432314416,26.619606986899655,-0.5369868995630149,0
244.60000000000002,32.64052401746721,18.870524017467744,61.676462882096665,0.16358078602620496,29.08467248908363,7.897510917032822,0
244.70000000000002,21.822243589743692,7.319038461538499,34.932457264957435,2.764685897435861,-19.69869658119621,-0.3513247863243887,0
244.8,23.431217948717997,7.915192307692325,37.742286324786406,2.1794294871794704,-13.773482905982736,6.00337606837625,0
244.9,25.0401923076923,8.511346153846151,40.55211538461537,1.5941730769230802,-7.848269230769263,12.35807692307689,0
245.0,26.649166666666602,9.107499999999977,43.36194444444433,1.0089166666666898,-1.9230555555557878,18.712777777777525,0
245.10000000000002,28.258141025641365,9.703653846153973,46.1717735042741,0.42366025641013305,4.00215811965937,25.067478632479972,0
245.20000000000002,34.67017467248893,20.720043668121818,66.14694323144033,0.2124366812228109,11.9071615720505,30.789999999998724,0
245.3,33.92126637554574,18.407816593886132,62.50283842794708,0.740165938864704,2.201921397378527,24.28999999999907,0
245.4,33.17235807860255,16.09558951965045,58.858733624453826,1.2678951965065974,-7.503318777293444,17.789999999999417,0
245.5,32.42344978165936,13.783362445414763,55.21462882096057,1.7956244541484905,-17.20855895196542,11.289999999999765,0
245.60000000000002,31.674541484715956,11.471135371178423,51.570524017466276,2.3233537117905336,-26.91379912664015,4.789999999998262,0
245.70000000000002,33.44309417040336,20.285381165918828,64.22403587443863,0.1337937219730932,16.549910313901727,28.708968609864748,0
245.8,32.27044843049311,17.919910313901017,59.8249327354254,0.12863677130044773,18.547668161435254,24.933183856501717,0
245.9,31.09780269058286,15.554439461883202,55.42582959641218,0.12347982062780224,20.545426008968782,21.157399103138687,0
246.0,29.92515695067261,13.188968609865388,51.02672645739895,0.11832286995515678,22.54318385650231,17.381614349775653,0
246.10000000000002,28.752511210762023,10.823497757846903,46.62762331838448,0.11316591928250984,24.540941704036406,13.605829596411551,0
246.20000000000002,22.10466367713045,7.7782511210763685,36.479596412556674,0.10063677130047059,21.30645739910088,-2.477130044842749,0
246.3,24.221255605381458,8.484529147982162,39.71950672645785,0.2165560538116753,9.467892376679972,-0.9053811659190643,0
246.4,26.33784753363247,9.190807174887954,42.95941704035902,0.33247533632288007,-2.3706726457409317,0.6663677130046204,0
246.5,28.45443946188348,9.897085201793747,46.1993273542602,0.4483946188340847,-14.20923766816184,2.2381165919283053,0
246.60000000000002,30.571031390135094,10.60336322869974,49.43923766816229,0.5643139013453224,-26.04780269058611,3.8098654708524364,0
246.70000000000002,31.341238938053003,10.64203539823007,51.007964601769714,0.25603539823025007,-6.43132743362984,-29.481858407077628,0
246.8,31.0182300884955,10.575663716814145,50.32433628318568,0.8146637168142914,-11.692389380532216,-22.497345132741714,0
246.9,30.695221238937993,10.509292035398218,49.640707964601646,1.3732920353983327,-16.953451327434593,-15.512831858405798,0
247.0,30.37221238938049,10.442920353982291,48.95707964601761,1.931920353982374,-22.214513274336973,-8.528318584069883,0
247.10000000000002,30.049203539822894,10.376548672566347,48.27345132743338,2.490548672566574,-27.475575221240845,-1.5438053097319866,0
247.20000000000002,29.19777777778501,10.073703703705934,47.25518518519687,2.75970370370605,-26.951851851875432,-3.6837037037256195,0
247.3,31.96995594713654,11.098920704845803,51.453634361233426,0.26397797356828495,-26.472929515418514,16.601982378854544,0
247.4,31.159383259911877,10.739889867841402,49.82588105726869,0.35869162995594905,-26.87601321585904,14.077753303964705,0
247.5,30.348810572687217,10.380859030837001,48.19812775330395,0.4534052863436132,-27.279096916299565,11.553524229074867,0
247.60000000000002,29.538237885462326,10.021828193832498,46.57037444933875,0.5481189427313042,-27.682180616740204,9.02929515418431,0
247.70000000000002,30.938571428570732,10.88809523809519,50.45714285714228,0.12271428571432921,-5.6528571428455425,29.756190476190582,0
247.8,31.473905882353122,13.160752941176861,53.37576470588313,0.2415058823529355,27.376376470588145,-3.163270588234064,0
247.9,32.676258823529494,15.741929411764879,58.481647058823874,0.20385882352940923,26.766964705882312,4.9684941176476105,0
248.0,33.878611764705866,18.3231058823529,63.58752941176462,0.16621176470588295,26.157552941176483,13.100258823529284,0
248.10000000000002,35.08096470588257,20.904282352941653,68.69341176470682,0.12856470588234598,25.548141176470477,21.23202352941327,0
248.20000000000002,29.331812366737818,10.436439232409395,48.20409381663119,0.1,25.46560767590489,8.14705756929649,0
248.3,30.090874200426484,10.568635394456297,48.82456289978682,0.1,13.143646055436353,9.232345415778317,0
248.4,30.849936034115153,10.7008315565032,49.44503198294244,0.1,0.8216844349678141,10.317633262260145,0
248.5,31.60899786780382,10.833027718550102,50.065501066098065,0.1,-11.500277185500721,11.402921108741975,0
248.60000000000002,32.3680597014927,10.965223880597042,50.68597014925386,0.1,-23.822238805972766,12.48820895522411,0
248.70000000000002,31.77833702882473,10.896718403547627,50.01084257206193,0.14400221729489826,-25.989445676273288,15.574368070951556,0
248.8,31.26170731707309,10.663902439024355,49.21926829268281,0.13402439024390092,-17.48390243902309,5.918048780486332,0
248.9,30.74507760532145,10.431086474501083,48.427694013303686,0.12404656319290355,-8.978359201772896,-3.738270509978893,0
249.0,30.228447893569808,10.19827050997781,47.63611973392456,0.1140687361419062,-0.47281596452270236,-13.394589800444116,0
249.10000000000002,29.71181818181802,9.965454545454472,46.84454545454521,0.104090909090906,8.032727272729911,-23.050909090912086,0
249.20000000000002,32.8360980810232,11.246823027718465,52.38671641791,0.2013432835820841,30.715394456288,1.059637526654201,0
249.3,31.944840085287687,10.94191897654579,50.789701492537034,0.18194029850745924,23.696204690830314,7.266460554372101,0
249.4,31.053582089552172,10.637014925373112,49.19268656716407,0.16253731343283442,16.677014925372625,13.47328358209,0
249.5,30.16232409381666,10.332110874200437,47.5956716417911,0.1431343283582096,9.657825159914939,19.6801066098079,0
249.60000000000002,29.271066098080894,10.027206823027674,45.99865671641768,0.12373134328357925,2.6386353944552567,25.88692963752756,0
249.70000000000002,23.04305856833025,7.954251626898213,36.78687635574923,0.1067657266811276,-9.104707158352769,19.902906724510153,0
249.8,24.893383947939636,8.533427331887317,39.76952277657327,0.10546420824294984,-13.853080260304644,13.696832971799182,0
249.9,26.743709327549023,9.112603036876424,42.752169197397315,0.10416268980477209,-18.60145336225652,7.4907592190882095,0
250.0,28.59403470715841,9.691778741865528,45.734815618221354,0.10286117136659433,-23.349826464208398,1.284685466377237,0
250.10000000000002,30.444360086768324,10.270954446854798,48.71746203904625,0.10155965292841619,-28.098199566161625,-4.9213882863355,0
250.20000000000002,22.13911504424812,7.584247787610735,35.543805309735006,0.10890265486725617,6.405840707964821,-20.571681415927156,0
250.3,23.86699115044272,8.19044247787619,38.138938053097704,0.10646902654867223,7.551858407079805,-9.863716814157812,0
250.4,25.594867256637315,8.796637168141645,40.7340707964604,0.10403539823008828,8.697876106194787,0.8442477876115362,0
250.5,27.322743362831915,9.4028318584071,43.3292035398231,0.10160176991150435,9.843893805309772,11.552212389380884,0
250.60000000000002,29.050619469027005,10.009026548672727,45.92433628318653,0.09916814159291971,10.98991150442508,22.260176991153273,0
250.70000000000002,31.20462151394431,12.136055776892826,52.017968127490576,0.10671314741035898,-12.50243027888295,24.850199203187387,0
250.8,32.029322709163466,15.940836653386992,57.12952191235132,0.11069721115537905,2.0035458167351194,26.152988047808947,0
250.9,32.85402390438262,19.74561752988116,62.24107569721207,0.11468127490039912,16.50952191235319,27.45577689243051,0
251.0,31.800710659898474,10.822081218274112,50.292335025380716,0.16034517766497408,27.846446700507535,2.7420812182743077,0
251.10000000000002,31.39461928934001,10.918527918781749,50.81517766497473,0.12024365482232593,21.87690355329814,17.838527918785147,0
251.20000000000002,32.58720720720734,19.190720720720822,60.502882882883185,0.15518018018018104,19.013153153151105,-25.29585585585382,0
251.3,33.2673873873875,19.708738738738823,62.07495495495521,0.1596846846846854,8.341981981980261,-14.69225225225054,0
251.4,33.94756756756766,20.226756756756824,63.647027027027235,0.16418918918918976,-2.3291891891905827,-4.088648648647261,0
251.5,34.62774774774782,20.744774774774825,65.21909909909925,0.16869369369369414,-13.000360360361423,6.514954954956018,0
251.60000000000002,35.30792792792817,21.262792792792975,66.79117117117173,0.1731981981981998,-23.671531531535305,17.118558558562306,0
251.70000000000002,34.367272727268684,20.768181818180388,67.51181818181219,0.1647272727273385,21.104545454628337,-17.25727272724716,0
251.8,33.67832579185517,18.512533936651337,63.44217194570095,0.18641176470588405,25.8489140271488,-17.942036199095437,0
251.9,33.431719457013564,16.37226244343882,59.96479638009035,0.20111764705882415,21.337601809954563,-21.525746606334994,0
252.0,33.185113122171956,14.23199095022631,56.48742081447974,0.21582352941176425,16.82628959276032,-25.10945701357455,0
252.10000000000002,32.93850678733027,12.09171945701319,53.010045248868146,0.23052941176470854,12.314977375564801,-28.693167420815126,0
252.20000000000002,31.29663677130048,11.10165919282512,52.15291479820629,0.09300896860986552,17.474753363228867,-25.797264573990923,0
252.3,31.628475336322886,11.184618834080721,52.29865470852018,0.09345739910313904,19.212421524663753,-24.660493273542553,0
252.4,31.96031390134529,11.267578475336322,52.444394618834075,0.09390582959641255,20.95008968609864,-23.52372197309418,0
252.5,32.292152466367696,11.350538116591924,52.590134529147974,0.09435426008968607,22.687757847533526,-22.38695067264581,0
252.60000000000002,32.6239910313902,11.43349775784755,52.7358744394619,0.09480269058295972,24.42542600896891,-21.250179372197117,0
252.70000000000002,30.81000000000009,10.57000000000001,47.51000000000028,0.12100000000000422,-19.149999999999103,23.84999999999647,0
252.8,31.136576576576637,10.599279279279285,48.52126126126145,0.13586486486486768,-15.994594594593995,11.42432432432197,0
252.9,31.463153153153183,10.628558558558561,49.53252252252262,0.15072972972973114,-12.83918918918889,-1.001351351352529,0
253.0,31.78972972972973,10.657837837837837,50.54378378378378,0.16559459459459458,-9.683783783783783,-13.42702702702703,0
253.10000000000002,32.11630630630636,10.687117117117122,51.55504504504523,0.1804594594594623,-6.528378378377781,-25.85270270270506,0
253.20000000000002,29.61114537444942,10.127444933920732,46.62348017621162,0.1276828193832594,-25.287907488986765,14.133986784139855,0
253.3,30.17942731277537,10.32127753303966,47.77325991189436,0.1241585903083698,-25.153546255506598,6.400506607928973,0
253.4,30.74770925110132,10.51511013215859,48.92303964757709,0.12063436123348019,-25.019185022026434,-1.3329735682819095,0
253.5,31.31599118942727,10.708942731277517,50.07281938325983,0.11711013215859059,-24.884823788546267,-9.066453744492792,0
253.60000000000002,31.88427312775338,10.902775330396501,51.22259911894289,0.11358590308369998,-24.75046255506606,-16.799933920705868,0
253.70000000000002,31.249411764717195,11.085294117651333,49.665882352959144,0.3985882352917398,22.282352941229966,14.199411764719589,0
253.8,34.35323394495393,19.420619266054615,65.17814220183404,0.18038990825687679,16.013188073394836,21.172224770640305,0
253.9,33.09864678899071,16.776123853210773,60.111628440366516,0.156077981651374,18.102637614679086,9.486444954127393,0
254.0,31.844059633027506,14.131628440366928,55.045114678899,0.1317660550458712,20.192087155963335,-2.1993348623855127,0
254.10000000000002,30.589472477063936,11.487133027522333,49.978600917430036,0.10745412844036144,22.281536697248182,-13.885114678901743,0
254.20000000000002,38.574718614718286,22.7532900432895,73.376580086579,0.0986883116883113,-27.169177489176555,24.750779220776757,0
254.3,36.91670995670968,20.02385281385236,67.91770562770472,0.09674025974025942,-22.476536796536017,12.380649350647294,0
254.4,35.25870129870108,17.294415584415223,62.45883116883044,0.09479220779220754,-17.783896103895483,0.010519480517835689,0
254.5,33.60069264069248,14.564978354978084,56.999956709956166,0.09284415584415565,-13.091255411254945,-12.359610389611628,0
254.60000000000002,31.942683982683402,11.83554112554017,51.54108225108034,0.09089610389610321,-8.398614718613075,-24.729740259744606,0
254.70000000000002,31.90978401727853,10.80658747300211,50.53110151187881,2.7345053995678894,-29.70334773218081,-7.926565874730898,0
254.8,31.55557235421159,10.610043196544236,49.53758099352032,2.143360691144589,-27.193628509718714,-11.494600431966163,0
254.9,31.20136069114465,10.413498920086361,48.544060475161835,1.5522159827212885,-24.683909287256622,-15.062634989201428,0
255.0,30.847149028077713,10.216954643628487,47.55053995680334,0.9610712742979881,-22.17419006479453,-18.630669546436692,0
255.10000000000002,30.492937365010672,10.020410367170555,46.55701943844457,0.36992656587451966,-19.664470842331724,-22.198704103672974,0
255.20000000000002,31.192275711159756,10.572647702407021,48.92035010940931,0.18907002188183672,29.468884026256728,4.204135667397555,0
255.3,31.264485776805266,10.647045951859972,49.392997811816294,0.1835995623632374,23.462319474834665,10.287286652080008,0
255.4,31.336695842450776,10.721444201312922,49.865645514223274,0.1781291028446381,17.455754923412606,16.37043763676246,0
255.5,31.40890590809629,10.795842450765873,50.338293216630255,0.17265864332603875,11.449190371990543,22.453588621444908,0
255.60000000000002,31.481115973741822,10.870240700218845,50.81094091903737,0.16718818380743788,5.442625820566775,28.53673960612909,0
255.70000000000002,31.161478260869057,10.901434782608506,50.18895652173832,0.30229130434781376,-3.734260869566408,29.11213043478119,0
255.8,29.39191304347788,10.242739130434641,47.349826086955915,0.2594652173912952,-7.869043478261754,24.17952173912938,0
255.9,27.62234782608671,9.584043478260778,44.51069565217352,0.21663913043477662,-12.003826086957101,19.24691304347757,0
256.0,25.852782608695538,8.925347826086913,41.67156521739112,0.17381304347825807,-16.138608695652447,14.314304347825763,0
256.1,24.08321739130386,8.266652173912862,38.83243478260792,0.13098695652172732,-20.27339130434897,9.381695652172553,0
256.2,31.298830022075048,10.629999999999828,49.55375275938164,0.24948344370861142,-8.795960264900486,-27.935871964680945,0
256.3,31.387130242825624,12.630000000000397,52.59128035320148,0.224317880794697,-10.855562913907693,-15.79459161147662,0
256.40000000000003,31.475430463576203,14.630000000000962,55.62880794702133,0.19915231788078258,-12.9151655629149,-3.653311258272293,0
256.5,31.56373068432673,16.630000000000393,58.66633554083945,0.17398675496688248,-14.974768211920937,8.487969094925134,0
256.6,31.652030905077307,18.630000000000962,61.703863134659294,0.14882119205296807,-17.034370860928142,20.629249448129457,0
256.7,32.9533333333333,11.48337777777777,52.77835555555554,0.12455111111110984,-14.946000000001993,28.01595555555697,0
256.8,33.12000000000001,11.525600000000003,52.88280000000001,0.13144000000000047,-4.145999999999264,20.340399999999477,0
256.90000000000003,33.28666666666672,11.567822222222237,52.98724444444448,0.1383288888888911,6.654000000003466,12.66484444444198,0
257.0,33.45333333333333,11.610044444444444,53.09168888888889,0.1452177777777778,17.45400000000005,4.989288888888851,0
257.1,33.62000000000004,11.652266666666678,53.196133333333364,0.15210666666666844,28.254000000002783,-2.6862666666686437,0
257.2,26.774456521739094,9.569956521739112,43.09039130434776,0.12747173913043447,-9.756652173912906,22.718108695651775,0
257.3,25.850543478260697,9.09604347826078,41.355608695651846,0.11942826086956371,-6.265347826086301,12.602891304345926,0
257.40000000000003,24.926630434782297,8.62213043478245,39.62082608695594,0.11138478260869294,-2.7740434782596974,2.4876739130400765,0
257.5,24.002717391304426,8.148217391304389,37.886043478261016,0.10334130434782676,0.7172608695649227,-7.627543478260023,0
257.6,23.078804347826026,7.674304347826057,36.15126086956511,0.095297826086956,4.208565217391527,-17.74276086956587,0
257.7,23.112571428574356,13.592571428573134,43.9371428571482,0.13471428571430077,9.935142857144811,-20.598285714287933,0
257.8,22.293188073394834,11.578944954128422,40.74000000000038,0.12426146788990912,2.259908256879968,-9.136009174310676,0
257.90000000000003,24.956032110092817,11.445917431192607,43.74000000000121,0.13114220183486516,-3.795137614681339,0.7584862385360971,0
258.0,27.618876146789287,11.312889908256865,46.740000000000336,0.13802293577981728,-9.850183486239203,10.652981651377242,0
258.1,30.28172018348727,11.179862385321048,49.74000000000116,0.1449036697247733,-15.905229357800511,20.54747706422401,0
258.2,29.178336886993613,10.04149253731343,48.05113006396584,0.4488187633262508,-3.9739019189769107,-25.632196162046494,0
258.3,29.302004264392362,9.981791044776102,47.37735607675886,0.8417825159915904,-9.760682302773608,-19.0586353944543,0
258.40000000000003,29.425671641791112,9.922089552238774,46.70358208955187,1.23474626865693,-15.547462686570306,-12.485074626862103,0
258.5,29.54933901918979,9.862388059701479,46.02980810234527,1.627710021322046,-21.334243070363716,-5.911513859273644,0
258.6,29.67300639658854,9.802686567164152,45.356034115138286,2.0206737739873857,-27.12102345416041,0.6620469083185547,0
258.7,28.508484848484837,9.665757575757556,44.22121212121196,0.11157575757575812,23.125757575759234,-11.774545454548795,0
258.8,28.538787878787875,9.722034632034626,44.65411255411251,0.11006060606060623,18.539177489177998,-2.5407792207802444,0
258.90000000000003,28.569090909090914,9.778311688311696,45.08701298701305,0.10854545454545433,13.952597402596759,6.692987012988308,0
259.0,28.599393939393934,9.834588744588736,45.519913419913344,0.1070303030303033,9.366017316018128,15.926753246751609,0
259.1,28.629696969696973,9.890865800865805,45.95281385281389,0.1055151515151514,4.7794372294368905,25.160519480520158,0
259.2,21.37240938166279,12.697889125799616,40.4110234541575,0.11280597014925335,18.71072494669496,9.932857142856793,0
259.3,23.86281449893418,12.35673773987203,42.637036247335004,0.11579104477611973,19.787484008528907,12.647142857143159,0
259.40000000000003,26.353219616205568,12.015586353944443,44.86304904051251,0.11877611940298613,20.864243070362853,15.361428571429524,0
259.5,28.843624733475536,11.67443496801705,47.08906183368875,0.12176119402985082,21.941002132196186,18.075714285714348,0
259.6,31.334029850746926,11.333283582089463,49.315074626866256,0.1247462686567172,23.017761194030133,20.790000000000713,0
259.7,32.57154684095921,19.123616557734824,64.5498257080626,0.20783877995642908,17.534967320262684,-25.444139433553556,0
259.8,29.96806100217868,16.459128540305045,57.70233115468418,0.19890631808278877,12.188562091503336,-15.322135076252849,0
259.90000000000003,27.36457516339815,13.794640522875262,50.85483660130576,0.18997385620914847,6.8421568627439875,-5.200130718952142,0
260.0,24.7610893246191,11.130152505446997,44.00734204793124,0.18104139433551325,1.4957516339876769,4.921873638342809,0
260.1,22.15760348583857,8.465664488017216,37.15984749455282,0.17210893246187292,-3.8506535947716714,15.043877995643516,0
260.2,31.29977578475337,10.858520179372231,48.836816143497835,0.09609192825111891,21.54163677130277,22.311591928253442,0
260.3,31.277354260089684,10.710538116591918,48.51843049327353,0.10528475336322926,11.7053139013447,12.47078475336264,0
260.40000000000003,31.254932735426,10.562556053811607,48.20004484304922,0.1144775784753396,1.868991031386635,2.6299775784718378,0
260.5,31.23251121076233,10.414573991031377,47.88165919282509,0.12367040358744472,-7.9673318385658405,-7.210829596413372,0
260.6,31.210089686098645,10.266591928251064,47.563273542600776,0.13286322869955505,-17.803654708523908,-17.05163677130417,0
260.7,22.45266666666629,7.755333333333229,36.276888888888394,0.15094666666666678,2.63946666666676,20.94777777777995,0
260.8,24.48600000000014,8.322000000000038,38.988000000000184,0.15027999999999994,2.1327999999999654,9.169999999999197,0
260.90000000000003,26.519333333333986,8.888666666666849,41.69911111111198,0.14961333333333313,1.626133333333171,-2.607777777781557,0
261.0,28.552666666666678,9.455333333333336,44.41022222222223,0.14894666666666664,1.1194666666666642,-14.385555555555612,0
261.1,30.586000000000524,10.022000000000146,47.12133333333403,0.14827999999999983,0.6127999999998694,-26.163333333336368,0
261.2,30.688235294117263,15.981029411764265,54.416470588234375,0.43969117647062084,-13.964117647059307,-23.32499999999896,0
261.3,31.66644444444618,10.655777777778582,49.37644444444754,0.12219999999997272,-14.85844444444318,23.38555555559516,0
261.40000000000003,33.3977777777773,11.348888888888677,52.19222222222149,0.10311111111111482,25.94999999998814,-4.977777777773827,0
261.5,31.88543209876526,10.676049382715975,49.87123456790098,0.11483950617284082,-11.605555555559775,7.534567901235972,0
261.6,29.642336769759456,10.117835051546374,47.341512027491326,0.3346701030928325,-0.4095532646062239,22.892646048108546,0
261.7,29.687010309278342,9.973505154639206,46.66453608247437,0.7460103092782637,-12.268659793811931,10.957938144332417,0
261.8,29.731683848797253,9.829175257731954,45.987560137457024,1.1573505154639288,-24.127766323024378,-0.9767697594504945,0
261.90000000000003,32.06602564102566,10.713354700854717,50.63465811965811,0.83766025641024,-30.914679487179384,5.8283974358961075,0
262.0,32.1301282051282,10.766773504273502,50.6132905982906,0.7883012820512844,-30.613397435897447,1.821987179487369,0
262.1,32.19423076923078,10.820192307692315,50.591923076923074,0.7389423076923006,-30.31211538461534,-2.184423076923647,0
262.2,32.25833333333332,10.873611111111098,50.57055555555556,0.689583333333345,-30.0108333333334,-6.190833333332385,0
262.3,32.322435897435895,10.92702991452991,50.549188034188035,0.6402243589743613,-29.709551282051294,-10.197243589743403,0
262.40000000000003,35.177262931034264,20.73536637930998,67.76954741379234,0.119275862068965,-19.740646551722826,25.673728448274264,0
262.5,33.68803879310373,18.332349137931484,62.76739224138024,0.11582758620689719,-11.029439655174047,15.072435344829573,0
262.6,32.19881465517235,15.92933189655162,57.7652370689653,0.11237931034482743,-2.3182327586203186,4.471142241378857,0
262.7,30.709590517241818,13.526314655173124,52.7630818965532,0.10893103448275963,6.392974137928462,-6.1301508620658325,0
262.8,29.22036637931044,11.12329741379326,47.76092672413826,0.10548275862068987,15.104181034482188,-16.731443965516547,0
262.90000000000003,31.548494623655948,10.98935483870964,52.14881720430098,0.10594623655914155,-24.559892473116435,16.03806451612504,0
263.0,31.64096774193548,10.886129032258069,51.892903225806464,0.11067741935483853,-19.60935483870986,5.328387096774586,0
263.1,31.733440860215065,10.78290322580644,51.636989247311796,0.1154086021505382,-14.65881720430047,-5.381290322581954,0
263.2,31.825913978494597,10.679677419354867,51.38107526881728,0.1201397849462352,-9.708279569893895,-16.09096774193241,0
263.3,31.918387096774183,10.576451612903238,51.12516129032261,0.12487096774193487,-4.757741935484507,-26.800645161288948,0
263.40000000000003,31.463000000000182,10.496000000000077,48.93566666666692,0.17183333333333867,8.642000000002389,-28.928999999996947,0
263.5,31.88300000000005,10.669333333333354,49.50677777777785,0.18405555555555703,14.122000000000657,-21.922333333332492,0
263.6,32.303000000000154,10.842666666666732,50.077888888889106,0.19627777777778235,19.60200000000204,-14.915666666664055,0
263.7,32.72300000000002,11.01600000000001,50.649000000000036,0.2085000000000007,25.08200000000031,-7.908999999999601,0
263.8,33.14300000000013,11.189333333333387,51.22011111111129,0.220722222222226,30.562000000001692,-0.9023333333311641,0
