time_ms;amp_mean;amp_std;amp_max;phase_std;i_mean;q_mean;label
13604;30.008218829089;9.44735396488715;4.3965611267178;0.226888699640169;13.57;-26.05;0
13608;3.6866541847099;21.2484695616591;666.636932330946;0.144126450580337;13.7;-33.78;0
13628;35.3118010353535;11.2973757933325;52.4718434027835;0.149210188735502;-30.78;16.61;0
13633;30.6608600084967;9.81936888705456;4.60732506231066;0.132476902913676;-22.07;20.85;0
14669;30.506996133678;10.2488200698792;4.49636254391971;0.20910720041631;6.62;29.19;0
14672;35.2772515970532;11.552196705739;53.1967959165358;19.4512996204657;-33.59;7.81;0
14677;31.8349579985366;10.4849969510897;4.85526495693456;0.219197001902578;6.22;-30.45;0
14689;351.941770769087;11.426172661621;5.24612234933323;0.217480166688286;24.2;-24.57;0
14694;31.9041243430632;1.01380892216397;4.75402269238818;0.123451216521724;-20.36;-24.2;0
14705;3.38474838894538;11.1975898776272;51.1572841399725;0.14870803880677;24.42;22.88;0
14728;3.44559058757344;113.684506606916;51.2923490526242;0.202162901086048;32.28;10.13;0
14732;30.8167043645386;9.83422332941586;4.68543201856909;0.165444172692959;-19.14;23.62;0
14948;2.33862813672676;7.47088395803911;3.58566013570586;0.176000692014886;4.36;-22.6;0
14967;36.4226176333205;11.6289127588387;53.8649302588011;29.5763641127682;-36.05;0.88;0
14973;36.0968696099779;11.909998599628;538.511006714354;0.168088720573285;-4.04;35.35;0
14999;3.13859180533212;10.2009469420522;46.3726250919242;0.116087505325283;30.91;-2.82;0
15009;3.67850744188123;11.6716907304796;55.2225398176588;0.192793112373636;-28.76;-22.08;0
15036;35.9437229394512;11.7579207023559;53.1120253172554;0.117844101614484;11.35;33.84;0
15505;3.52125271241185;11.5166881957268;52.3181135189172;0.18698246284501;32.12;12.82;0
15524;3.21820160684072;10.0034884168866;4.65482203511486;0.119587102941095;-20.77;-24.27;0
15554;3.08953512275987;9.94636489913935;45.6894549755261;0.192792287367763;29.87;5.37;0
15558;3.13349460105381;10.2704161618838;4.59155039294847;0.252423137074174;-13.82;27.09;0
15998;30.8765033078769;11.0745317525086;4.99145704748809;0.146373070883044;22.46;-20.81;0
16020;32.1734410584018;11.6525563415517;524.192932307722;0.222229848495382;-17.22;26.3;0
16042;29.6343643965162;1.07529491118957;480.536639729207;0.138734000720095;3.54;29.08;0
16045;33.1196501955345;117.071527366308;5.33721343125601;0.221297627350297;32.33;-1.85;0
16513;3.40100873296106;12.8506172055274;5.60752468986263;0.123919573377473;-16;-29.77;0
16536;3.64055323917064;13.1735209232169;590.909961862766;0.20925868354392;3.49;-35.62;0
16574;31.8655929691183;11.656956337058;5.21352802862627;0.132912247707631;4.02;-31.36;0
16578;31.4094435512589;11.8013680685811;5.22692798942295;0.123288452201419;-21.64;22.44;0
17008;31.7756697064053;10.1885657018933;4.65461066701892;0.167010867712698;-10.52;29.58;0
17019;3.32386474648917;10.7059232320783;5.30236286349394;0.15042919275518;17.49;-27.84;0
17022;33.5613230988736;1.09389275880354;5.20214581308545;0.171801627533669;-28.18;17.32;0
17043;3.53396605857972;10.9888319203996;5.00353756451066;28.839492530151;-34.83;-3.4;0
17049;3.56389256365661;11.0533143777013;5.10970574923403;0.157052253747192;12;-33.18;0
17501;3.37179277837752;10.323399204652;4.650223682344;3.00645530739977;-33.32;1.44;0
17517;3.79487709942509;11.6796663779569;53.0509860325109;0.132440241223329;14.15;-34.81;0
17545;35.2868871744638;20.2232000865829;6.09683815119719;0.316371036010756;-10.76;-32.11;0
17554;3.70385605814726;11.8674008987431;53.6509125435209;0.188129739401323;36.19;-4.4;0
18005;3.75777938455315;11.7412719448418;5.44648773094275;0.25537075446995;26.33;-25.45;0
18020;21.4776450222604;6.69577336566914;3.56078454343816;0.267107481875496;-13.54;15.68;0
18039;3.70250310668788;11.6159400083452;5.71503044209454;0.195320659080349;-0.55;-36.37;0
18045;31.4835089962252;10.4492554394555;4.81213889735401;0.1368036429571;25.03;18.52;0
18499;3.7785589493722;11.8704101694992;5.4788368163047;0.128058616545831;-3.13;-37.32;0
18521;37.5156231794596;21.7773872436461;6.49997358677589;0.167731215396722;-35.73;9.74;0
18542;3.51353373125317;1.13064581660424;53.6385919946883;0.16078699514874;-32.16;12.81;0
18546;39.4673636225323;12.3540967492264;5.83849707623859;0.144456288078692;-14.29;-36.39;0
18999;3.21211328526096;1.9602968229922;813.875121124132;0.711707330377293;22.26;-11.41;0
19028;23.089604545371;9.50492460885201;38.5272089154329;19.6303106770974;-7.34;-3.06;0
19031;21.8363997531227;8.94884506994597;3.80618634808179;12.4779660521811;0.55;6.64;0
19054;21.2863710302255;12.0044548770036;4.34408521882281;15.4525503805959;10.28;-0.55;0
19058;18.3934135188459;11.2799155195789;3.88077199409154;1.49307634305408;2.74;-9.4;0
19508;301.976717060204;9.92625172066544;4.60433520120434;0.125694076536709;17.9;23.95;0
19518;3.56752323531796;11.6955628530769;5.53362095108567;0.165459776271578;34.81;5.61;0
19522;3.92418853838346;2.26406323438134;7.29764652208317;0.260633525497692;-24.12;-29.66;0
19542;3.06690299553081;9.86344295933673;4.57073921593165;0.148021458023426;-10.47;28.41;0
19546;3.08008834089189;1.8171508093091;5.6258665336641;0.142529181964481;-6.69;29.77;0
19550;21.5729596686483;7.02936151095016;3.31657047330645;0.219648530052422;5.77;20.38;0
20017;356.662058315692;11.2468158337164;507.837169559744;0.150178521741981;-33.12;12.19;0
20027;3.41129696690574;11.0518440527169;503.815750504953;0.211096262912707;14.03;30.4;0
20053;3.72175711610542;11.7267922861151;53.0889057382444;0.244608441475804;-1.4;-36.27;0
20057;3.57851639844189;1.14786394360631;5.49180101687288;0.402813603308435;29.08;15.84;0
20513;3.41889268509549;11.3917217679679;52.173060618636;0.153297125866596;-13.18;31.16;0
20528;33.3951930529516;11.137439756942;51.9645894282131;0.185175714268247;32.82;-0.25;0
20547;37.1198985701928;11.8139280941204;56.6485043832781;0.213089599507918;18.4;-31.2;0
20551;32.7511875274751;10.4847298711285;50.8103808343279;0.234809019730628;19.61;-25.13;0
20557;3.58691853420468;11.5589618885652;5.33917398831443;0.298217754849872;30.44;16.33;0
21045;337.337793326195;10.8799390000538;4.81196462194212;0.162415276842999;-6.28;32.65;0
21060;3.58515386781733;11.2990418947011;541.920950463318;0.163237326791045;0.87;-35.3;0
21083;3.67603896946535;12.625437505754;5.75647551434641;0.191138590648665;-21.28;-29.12;0
21086;3.2410478443475;1.16157295424173;5.26916273270684;0.226081888172356;30.54;-8.38;0
21090;32.8272988780889;12.081361956865;5.50441088406307;0.296481478091333;10.34;29.92;0
21499;3.44822113892013;12.981719837762;55.2935490668597;0.134116111526491;33.41;6.87;0
21512;3.08677577028079;12.601809127159;5.45363999003386;0.208886069170468;14.12;26.74;0
21550;3.53146578122698;11.8637512330984;55.0107452920823;0.116008436522346;-17.69;-30.22;0
22012;3.48772097449295;13.6560263203434;6.20628593695317;0.329048686966652;1.24;-33.25;0
22023;34.3392785911219;12.7290434598265;57.5783205888767;0.13434521537576;11.03;-32.18;0
22060;31.1289065797247;14.4553961083636;59.7695527553596;0.131579059710619;-10.85;-28.96;0
22510;34.7548428574134;13.4121360541591;6.00015635282434;0.275713935605221;-22.31;-24.81;0
22524;332.111727943224;14.1781194317521;6.11805991069064;18.9100510524349;-32.63;4.49;0
22544;3.01762262290764;15.5006426696939;5.87381102869554;0.246763571884263;-29.09;-6.31;0
22548;29.8106271595283;15.7129887665928;6.13689050984962;0.200685230263279;16.62;-24.4;0
22552;2.98899367043477;154.884158996255;6.07288810293599;0.185365889741634;-11.82;27.08;0
23013;21.9753016394966;8.94509906845758;35.3463983836888;0.292715177155793;20.96;-3.43;0
23025;3.35626901022057;13.1165427105994;59.2018143181751;0.155515484992205;-23.72;-23.2;0
23048;3.44618571338602;11.3923460668894;5.02350785585495;0.0918813772466644;15.96;30.38;0
23052;3.48837923239984;11.2069552252228;5.15883879827618;0.224579319183959;27.51;-20.01;0
23507;36.4090820000434;11.7312567947389;5.29288972954952;0.167726961287926;30.29;19.39;0
23518;30.2153739556637;14.3477101959695;592.824568216791;0.143846424526191;-19.91;-22.21;0
23541;2.96669551720251;134.750227002267;5.39408544597944;0.196754847997723;14.66;25.19;0
23545;3.55841747617503;14.6603207300143;6.11297370236554;0.133781319247813;25.41;-24.44;0
24007;31.3062070326214;9.63919886379931;46.5409630995746;0.112666868708295;14.32;-27.67;0
24018;31.0973412969111;11.3243021693933;5.0996554832411;0.105235619425141;29.62;-8.87;0
24048;3.36997504727087;1.12643449669501;53.3130082812257;0.158153440998547;31.72;-10.13;0
24498;3.01277164050273;10.9275012709069;4.91373221272715;0.167424578786454;16.57;24.67;0
24519;30.4301701163802;10.9760083377705;4.86298476470639;0.124168894517623;10.69;28.27;0
24539;30.4507343135921;10.2193230325918;48.861434050309;0.197432696398852;-7.53;28.91;0
24544;30.1017075132551;10.2113794657624;4.51225768288797;0.300974095011817;10.54;27.07;0
24565;34.5668681595127;11.69014909839;5.45602725415653;0.150802116242273;-3.24;-34.1;0
25009;300.111980276924;11.6035621271007;51.0227351874668;0.108191058497418;4.86;29.4;0
25031;3.13131983623294;11.8814862544329;5.31081770103352;0.105736832499881;-12.98;28.34;0
25064;3.36474983335823;1.16038460589576;5.30573412632283;0.121480495495668;7.54;32.59;0
25504;3.07372152377945;10.5339020438051;4.9858727933475;0.147067930333862;14.92;-26.51;0
25515;3.39930708035209;11.7545375543704;5.42318360097216;0.119039125350835;-29.41;-16.51;0
25518;32.9880167349846;11.9246624610592;55.9633894046979;0.156335603384921;32.2;-5.25;0
25544;30.6327271466563;12.0285430629136;5.4036693760962;0.238913595488531;-12.6;-27.28;0
25547;3.38989506828933;13.8424936048366;6.1818510983458;0.218366088933952;31.2;-11.57;0
25996;32.5730762276162;1.18581416114253;5.40913683765375;0.106053698008814;32.3;-2.21;0
26005;3.49770243620754;13.0838229790363;5.72029434969417;0.105711604862879;31.54;-14.8;0
26026;2.24786211084109;10.2376580618238;4.52592466871251;0.775234063594109;14.76;-7.26;0
26030;3.3649547364016;1.67622225262043;8.08338678389342;0.503433157282681;-2.28;-30.01;0
26511;35.4062379983967;11.8438632047854;54.4458970285258;223.731211004735;-34.52;4.73;0
26522;33.4981513979117;12.6524963663926;56.7929079234617;0.208124964650717;3.82;32.61;0
26543;345.420449134016;14.6782776015986;6.21120243303741;0.191133009808539;-27.38;20.32;0
26548;3.2529615700229;21.4329233065009;7.1782383247182;0.110998534237368;-18.44;26.58;0
27007;3.48521131063616;11.7521584845889;55.6893376637028;30.0702634044137;-34.49;-0.79;0
27018;189.233371699684;7.65752752804665;34.8010984016323;0.195010251054357;18.45;1.99;0
27040;30.8417526077668;17.0781684409848;6.35811973413283;0.351726092291511;19.83;22.23;0
27540;2.14228351959265;12.9557783171444;4.00096656040542;0.613891568765644;13.97;-13.32;0
27552;2.10865560291151;12.6802834206857;3.73816696505778;214.224600981878;-19.85;3.34;0
27577;2.94025016575764;17.7448425873058;637.884154786657;0.798665812048176;-23.89;16.59;0
27581;29.1558597154517;17.8375900344596;6.41835207126178;0.263483295476405;23.65;15.94;0
27996;3.27276311555375;11.5319698566847;5.39203767339477;2.893072984397;-32.07;1.01;0
28006;30.4947406242947;1.07989883958282;5.15477299268678;0.144000635479218;6.94;-29.31;0
28028;32.9608994793291;12.1101833643195;558.445167948406;0.138264134058675;-23.17;-23.03;0
28039;3.58560138407497;13.3609194732702;60.3141419971727;0.193569648717832;33.97;9.6;0
28512;33.0133804535128;11.3501396405515;524.225413646208;0.159359743755882;-18.25;-27.03;0
28523;2.26532237130148;8.36464002613747;3.62373984942996;0.176637015092562;17.42;13.92;0
28527;3.56378147602911;21.2309664346411;6.81848763314813;0.155599323173247;-12.7;-32.87;0
28552;3.52259072639978;13.9084392241419;59.5804748697461;0.142666293136055;-22.97;26.21;0
28556;31.2783122397998;12.6229509681071;55.6231007205397;0.329443360881603;25.59;15.66;0
28559;35.9601576965091;13.9853507350574;6.08823638582937;0.83800143971501;-33.47;11.37;0
29011;3.77983926567119;118.318153858988;5.53550898056243;0.203495150624622;29.57;-22.35;0
29025;3.10970244259622;961.490166433097;4.64375045694445;0.327751102133556;21.52;-20.42;0
29045;33.6626071731867;10.8265519471216;53.0544960707578;0.331950063807783;28.94;13.72;0
29049;3.41022898456962;10.6715958559771;5.24259657666761;0.261145264732728;-28.62;-16.68;0
29503;3.4580360494155;1.37419919841827;6.00529514964649;0.210446628912466;16.1;-29.93;0
29515;2.11519795866486;10.0795232663782;4.27850961689636;0.312834179758091;5.43;-19.53;0
29519;29.6245743222226;14.7067757074826;5.99765271394219;0.309583509927433;-10.91;26.2;0
29540;3.4322895977934;13.8458177333757;6.27497198713231;0.215331520821571;-24.6500674501742;-22.8296029585418;0
29544;29.5628040248987;12.3937943787998;5.36695137763707;0.158974389141001;-14.6880257696344;25.1906209328374;0
29997;31.2710977741009;11.2473678381249;50.0100608036141;0.230069062931073;44.3978776598389;30.2702493121427;0
30017;31.1296874382615;11.6992877327432;4.95953086152716;0.114918578083431;26.4240624003381;15.9741199883365;0
30046;3.57542175828911;13.5196915945961;5.71620098224511;2.71926225996175;-3.52631189858809;19.1613265648732;0
30507;32.0669168423235;1.0833681269258;4.83772589747597;0.177831129901939;5.27882388444485;31.2009249642559;0
30521;3.13644852353257;12.9159720194931;567.292437946403;0.103444342252097;6.53605310872027;30.5514378776754;0
30547;3.28564685893055;11.8480091418015;5.54751504507653;0.111411712802659;21.9954524177638;-24.2160692226127;0
30551;3.13033220780619;11.8421769074243;5.36858022114515;0.134722427375813;29.567246517358;9.71165140709437;0
31011;3.2963944511307;10.6683605365756;4.8149534380259;0.119190518218445;1.62978515715506;2.8360249527637;0
31024;32.0549099158019;10.377705233638;5.03560167459204;0.1402591776933;-27.2111195588434;163.966991965113;0
31029;32.4544254513196;10.2074562790111;4.83727501647884;0.190928299156082;-1.80714602498718;-2.61987609171843;0
31077;3.30345499747201;10.7413727219918;4.96618499526432;0.159141880404262;26.3476403634939;19.2384942214931;0
31500;35.0264731105195;11.0737214837824;5.01881270719279;0.150895819417327;-30.702311859673;-15.7993412788603;0
31520;322.369838151768;10.3108286651622;48.3457223303078;0.158201518822666;4.19201352122322;-3.15879438209074;0
31545;3.33709051431979;10.7137051765085;48.7662275760531;2.69081457925269;-32.7093674422027;-48.4946215020453;0
31549;3.21410145201873;10.5400722718714;46.9546997373094;0.128819744593303;21.129491798503;23.7015799173041;0
31999;33.9641380356729;13.3692384527013;6.46591387251221;0.245833389663584;-2.39588013856941;-2.30030222300959;0
32011;3.42576090744095;1.30216304440026;6.33362015259306;0.0804019809140684;30.8581821687768;-1.44890718861099;0
32037;3.28817745036784;12.5681354598777;63.973298907374;0.132017613478173;-268.635590634101;-18.5526437493204;0
32041;3.22996902257626;12.7694334457141;63.2764473666938;0.117515035246152;-22.5161707675782;22.814802280931;0
32506;354.943903653779;12.396751148731;57.8964643291044;2.29687948063457;-3.37399731104272;-8.53515683096767;0
32517;3.57507927989285;12.7498279161802;5.87754934692651;0.290402163271548;-39.7066712798745;3.45543824193457;0
32550;3.22386596917678;11.9733952872414;56.4888444639632;0.181122952637764;-745.642719934762;-30.8835931341291;0
33017;3.27148938308992;11.6362138599413;5.32739193364458;0.159903523868051;30.0066457834163;-12.4221716497883;0
33028;3.49846563845126;12.6232145705106;56.7974803585601;0.193729886559551;-11.2818431619226;-3.26407641400252;0
33032;3.52287748038423;13.1338040956945;5.84304688525104;0.215619409715194;-2.59526189114623;-2.29312226693483;0
33060;3.50220190381091;21.0319936920011;657.305438338918;0.645201806203838;-31.4764737956473;-14.4488384413018;0
33062;19.7994127691343;7.52845470111631;32.7212797908647;0.219754031378257;19.1310739490012;2.74272714284095;0
33503;3.25266894634518;2.11668122422545;6.83424859771;0.261325555283373;16.5028994515223;27.0324961142312;0
33519;3.15714254172598;14.0186188439348;5.84181805628147;0.260842629873264;-12.7601130015096;27.815564958572;0
33535;33.7976842055182;15.1530278546204;63.936233216363;0.221243134271371;7.75587585087363;323.123097729357;0
33552;3.35895824821509;15.0043897596771;6.05908948624193;0.182839255377926;-16.10925927046;-29.3881636679197;0
33556;33.592314224579;15.0501584550714;6.05236718259117;0.242305557684546;-2.34234720406369;-23.546340791783;0
33560;3.21618699054849;15.0047982448875;5.84318363434225;0.223898002292804;25.1531617854744;1.86920463496213;0
34031;3.88066587863404;2.25791630926617;7.00581870747009;0.197301059436032;-15.6227891317585;-348.096486530947;0
34043;3.53618963731436;21.0079193197065;63.9135034958164;0.261379616487176;-19.3627197010649;2.90369937101827;0
34045;31.1496434056564;10.4092312721338;4.86374104642191;0.185040641690998;30.3134649069756;16.9874105617021;0
34083;3.45977377356326;12.2081750543855;5.61662746669081;0.292805103613119;-20.6854332538224;2.56776694730811;0
34087;3.40231846763323;1.20121692189804;5.5623348050271;0.232999026777943;23.8608140250753;23.5737969634385;0
34093;3.8455427259452;12.6312971131437;6.11274017023911;28.8282424435446;-3.740365098728;4.03674199325013;0
34513;3.70603519203481;11.7687789679599;5.50088661653593;0.310957542550901;-9.92956145781212;-3.44232999634727;0
34526;2.20807188030025;7.18035543960646;33.1540288462019;0.253169433684902;-19.0918483844593;-10.0798041559484;0
34546;35.7383918694219;11.3224679290967;51.7867169707463;18.80354884777;-3.31234971304384;-7.9441171831177;0
34553;3.32930185720039;11.0631148217107;5.06902544862992;0.314172223151347;30.2546757459802;-10.9016939113856;0
35002;3.57744561999941;12.5717308491427;5.68247546773461;0.304383298314962;16.5154579057959;-2.95867324776542;0
35017;3.19250324172074;11.6244008216787;51.3432526235554;0.259589546847605;78.3226493624779;-29.3258417276558;0
35021;30.8805970916104;1.17484559290861;50.8903272040006;0.272758063343125;17.7256163454016;2.50117722724795;0
35044;32.8770623035304;11.8908860277899;5.37499944032322;0.298520116224375;31.604705387264;7.27319500465974;0
35053;33.970660074709;1.17400775276757;5.2511692899393;0.291329015059634;-19.1957284775452;-2.73510214920766;0
35507;3.1936737469542;12.4863582414711;5.50722772512767;0.236293274627988;-0.161009902585485;31.125096325364;0
35519;3.59465231735619;13.9320673955989;6.18982548111215;0.210541302717621;33.0803140166704;-12.6250115547605;0
35540;3.08902618069685;1.26367031183713;5.45643619442984;0.173160057425412;23.6159221483948;-19.3092362208455;0
35544;3.60695137912915;14.3266194059162;62.4357839260249;0.203940291160316;-2.56073792062744;-2.53560423898552;0
35999;3.29076491206879;11.2687903186448;5.10123336864187;0.259786035578695;13.8606388875706;-29.2074252999281;0
36009;339.580426594331;11.9051114357288;5.34968217114001;22.5089287273385;-3.29242394195963;3.43169018420875;0
36033;3.44404398129332;1.56275804365789;7.01531356589078;0.272764544005488;-14.5550028300509;30.0547985861696;0
36037;2.28675881572161;74.1555682573;36.454917823625;0.388254419713229;-7.38996074945643;1.98657277318181;0
36510;31.9709519707519;13.6081736954447;5.65203755021786;0.217804768053957;-2.92164617262125;9.96129756064915;0
36520;3.69070279607989;15.0382399686691;6.36324802886028;0.415218738946826;-30.0194840233838;19.4560586012443;0
36543;31.7683259525349;12.2637807378265;53.7070259900658;0.248107703669623;408.579492215395;31.1058675603316;0
36547;3.17856230185934;12.1471247998612;5.50685228907848;0.220650254630156;1.32206073251261;28.7871406711755;0
37007;2.11793029900968;8.91804678518529;3.60117079248291;0.311519525965457;-15.4553549966791;20.205872980404;0
37018;3.3736254576898;12.2207536075429;5.32574094812361;0.246687995910786;8.69876536650611;-3.24440130170058;0
37048;3.27964018829087;11.0682306651577;52.2347062332024;3.06876122565936;-31.9853449740146;-4.68866380425101;0
37054;327.501539761375;10.8226818241606;50.5533435298001;30.514265819417;-3.21013045351903;35.0994601446985;0
37501;3.78625547988905;1.37596492436894;6.00017563576475;0.281562495313432;28.352481443987;23.4092784030377;0
37517;3.32099649334906;19.9674784931535;5.9934933446063;0.275554050339852;19.4712639224281;2.53122909148679;0
37536;36.6432185505109;12.7776640741358;5.78323607535106;0.466449532582874;3.34638371970895;6.14470926034683;0
37540;3.47870609425639;12.3101013112111;560.595277754788;0.241233538736783;-10.7018562421523;-3.15932279553541;0
37999;3.21923965919459;15.0537632781326;62.8605629332171;0.37151104707932;28.6306072034279;12.5418784080937;0
38012;31.7946511496151;17.4751350815783;6.52814311684993;0.274004739139019;-9.954464728954;29.4770661567646;0
38034;2.3278319989777;7.3309703664859;3.42976450648252;0.374777669158978;21.6825823943902;-48.6039368839604;0
38038;3.49857834164159;15.7483086275394;6.64133626004654;0.286127186447095;-17.5803471054453;28.0371486385695;0
38509;3.35376961289935;12.0943695825771;5.409932242789;0.237156687885905;19.8988373866732;-2.4975057515379;0
38519;21.2184311971032;7.69220212109962;3.45820010219422;28.6178688086605;-2.11692933329469;-3.5796535754154;0
38566;3.75223497250686;1.29364950203814;59.7609827002992;2.49087536444058;-36.7600981666272;-6.18923694614519;0
38570;3.70746248795288;12.7807309881673;61.3230512998897;31.218950486689;-3.63196673729097;-12.6540965456621;0
39002;3.28965538943101;12.9473823053062;5.63425500469577;0.334635808319072;1.79838456608573;-2.62004531397485;0
39012;3.34012838053588;13.9556167991313;6.24149551923267;0.301889089004619;-9.15843174348654;-30.9367242490058;0
39016;3.25904294611442;1.32259342325461;57.9221908262711;0.315830037297299;22.8741028706952;-31.4017236858772;0
39036;30.6327260834529;12.3827263500769;53.7999549864886;0.234945665382745;13.9735203883061;29.718903526577;0
39038;35.1095689525467;13.8598741337515;6.0817590231486;28.6635951180765;-3.36137270629901;11.6197095368527;0
39512;21.6728251626097;7.40206149143576;3.46466175437983;0.282717164288352;-37.8090738926253;-20.4383031038104;0
39523;352.621903859367;13.0730524968909;6.15151379620417;0.347147781313703;32.9642955232814;-1.00808162875603;0
39527;3.4704751471101;12.5714333059818;5.71826416175785;0.279930801205287;18.5327095751694;27.4494256663569;0
39551;3.72872424855132;22.6929371448514;7.32786375842245;0.262635438529866;-2.29048317492148;27.7525823825322;0
40010;3.51612218000211;12.1739268410049;55.2421748286011;2.55789599124247;-341.996962869018;-5.77897622300576;0
40023;31.0269815178423;11.1696060693167;5.02221872075264;0.229578180868204;0.165831203263558;-3.00275758409863;0
40046;3.37108125773883;12.8695428214459;56.0194469758135;0.265915131579578;-22.9038753093108;-23.8527602934532;0
40512;3.16023998642783;1.25812949625847;540.010160675984;21.0809206758998;-3.0794442067488;-415.205114842289;0
40540;32.2989036278512;1.63005846685572;6.20251165754248;0.296774333686744;30.9887843334195;14.6334928270675;0
40544;3.27856683710298;15.9213436613199;6.05808629266786;0.219218162160277;-1.61625083325526;-27.8457746414542;0
40567;19.852726973969;11.0366420361095;4.22750266277605;0.595294061089202;-6.62592133148608;-17.3455699777372;0
40571;19.4664279431872;10.9173163831897;41.1927560156196;0.764504779465587;-11.402181059954;14.0215707725771;0
41003;31.7061868470957;14.9992649578106;60.0052321007942;0.295046765406456;-10.1541513398522;29.6216570243966;0
41012;3.20031732259206;15.2443384229937;6.17350502804058;0.206336545764047;-2.60694159781763;16.6582935886268;0
41016;36.0718880432179;1.71200959562224;7.14112482222172;0.281301295553374;18.6861424634463;-30.1714839225264;0
41047;22.7374740701316;962.229585491592;4.22300699545894;0.238470491894373;-17.0692406797627;-13.9786724299353;0
41504;3.01177050637759;14.8100589797675;6.31936966192519;0.235365648063157;9.74060999824429;-28.2353449798526;0
41521;21.3283559622386;980.160932004151;3.6068442881216;0.393560351628411;35.1712759375898;19.5615873644916;0
41540;2.1636613414816;9.64246723245668;3.48899349378911;15.7673542983373;-20.7693957671646;4.81049505611169;0
41558;3.65831978945444;20.1913569026081;7.45196360215882;0.213371071890986;-2.47932932459652;-25.8608299315984;0
42005;32.2049813210689;12.6112741989797;5.53112586348651;0.24637384667053;4.83622165587035;30.9286900223969;0
42028;3.53604237410015;1.4758650755327;640.642043174637;0.208710708338651;-12.9771327221081;-3.45418446011587;0
42049;30.8642112974427;13.4395678532043;55.7074805110159;0.264989209941279;-128.757179645102;27.0784863470802;0
42052;3.41073596254415;1.47788292023396;622.554783923895;0.339321177886469;3.18019788213027;6.71001956997308;0
42071;33.6939730861182;1.67365608104513;6.65239563771334;0.235666715035818;-2.34176133607322;2.33940753199272;0
42501;36.9807546217623;14.0199081297156;5.9797926396944;0.204538431203085;-2.1652897726394;28.7975845895955;0
42518;30.9889380797209;11.5666310552107;5.09029729679343;0.251558303816947;28.8967114216575;8.32431320809721;0
42522;3.23738353892218;11.5778193116248;5.42995396544596;0.287103959737071;-940.430888957036;-3.00692582027968;0
42554;3.40321902663615;11.6014311709372;51.8132071109738;0.301676274666483;23.6261662812707;23.0226547440475;0
43016;3.29462372351307;1.05339815056545;487.582384922301;0.261743181720323;2.72660675117384;-17.0579320997119;0
43028;3.2293788932705;10.4249581037894;47.9383459111135;0.262449383753484;-27.7492741628057;13.691379273042;0
43056;3.30650771440428;10.7413263315188;49.9743952176384;0.237586681627978;2.29097769899521;-22.7804386354507;0
43060;204.829791080247;7.03075732401414;31.7497435506771;0.305536562526595;3.62091827223118;1.91238507412537;0
43502;3.18069904972984;13.7717416675238;59.5765373106007;0.156874097328551;30.6810231375024;-6.42182426522911;0
43515;3.59711966048292;13.9701614928118;6.62234841715754;0.184560622462121;-20.0235796533151;-29.1815525310117;0
43540;32.0744281329633;13.1176649254733;5.737387921083;29.0660651486845;-3.10603618423109;-3.80020815888733;0
44007;3.37419892521096;1.14661351028907;5.37020847611453;0.268107777682388;11.8175485792276;3.01554047725182;0
44020;3.29506773661657;11.1136597523113;5.22922478203572;0.215706295654401;17.171269242882;2.71355723085673;0
44056;3.1803767014482;10.1033766802997;4.57834154120025;0.198561376725243;-17.4563665287509;25.7187136480312;0
44059;3.47191054460222;20.362351607663;6.11365028237363;0.244837263883379;30.3498154142852;14.8554620137943;0
44502;21.5128925566984;7.11517267511231;34.0347558578509;0.55263274681019;-10.5607801771411;-18.6008031334625;0
44525;20.4827115075746;8.3578480275905;34.1604838250438;0.457662221129901;1.86990405472757;-2.22859286902181;0
44551;20.8976358435285;91.976304964089;3.401352103298;0.388865604320422;1.92838978644537;5.50945489106458;0
44555;29.2805960471795;1.57138845034631;6.04484810598111;2.29085546866402;-2.80547609814923;2.68497720906225;0
45022;33.2054611072025;1.83037618755691;7.20375952575233;0.938514832866367;1.91497283822105;-6.25681921668847;0
45041;29.6430399826905;1.88158667312611;8.18551485044916;13.7180562536377;-10.5265416571093;70.5390725426157;0
45045;22.2935917878148;11.680158204907;41.2321343728089;2.00531279249751;-10.1519094497566;-3.31175311023979;0
45066;1.90751558876405;14.2659840511901;5.04093246072203;11.0846463809568;-8.59802177177407;11.2936931119804;0
45073;1.85419563237264;12.5956935383616;37.5703320110273;11.2866580068087;22.356470882041;1.47588502339007;0
45506;2.96891817602538;11.1547856216375;5.03299498144678;0.171640978960857;10.4920056781025;27.3660973852818;0
45518;35.2737730187807;11.5727277462777;5.46518321900648;0.0763812397797842;-0.840514924140081;-35.1085338800602;0
45522;34.7021638988952;11.667750155038;5.46707592748936;0.105784362681225;-25.563060375837;22.9875941803199;0
45551;3.60247724602186;11.1276185116359;53.6818138565008;0.138089290023404;-4.88748400347514;-3.53076198487838;0
45555;3.24982827978639;995.494255318039;47.7445612444538;0.167242949798771;-6.06970710947527;-315.032922745197;0
46000;34.5572755927432;15.2457804595274;6.46706837874251;0.155893855546249;-21.4369886006048;26.5802312950087;0
46021;2.40447241507118;75.9178159082192;3.52046728156052;21.685325649888;-23.5773339737592;2.89370283687063;0
46040;34.9777734723438;14.8586020073955;6.49149615280104;0.147419359992165;-23.072132539791;-2.57512791594854;0
46044;3.41433901331836;14.9848746292269;6.49011222155041;0.155977905357181;1.51528299443034;30.0886206179208;0
46498;30.8573451162307;1.37090133871084;6.3213445964884;0.127060390349995;-14.5712728446526;-2.70386847998853;0
46511;31.3406823734178;12.4777207767564;5.80068299573964;0.124145740456563;10.1887468884348;-29.4704379370529;0
46556;2.21925619711124;7.48946729283344;3.49742712123033;27.9605046078146;-20.5597380794141;-2.65984632251093;0
46560;3.30186967943992;1.63175425098118;6.68027134513967;0.392650584121572;22.01;-21.79;0
47009;3.24823813144862;1.32828457240542;61.753473287101;0.102011513192277;12.93;29.65;0
47022;30.2653568580013;13.3239606531154;58.7872982041849;0.182633827848245;-7.71;28.79;0
47047;30.8071702130333;14.978406636631;6.18762770375768;0.164575922323783;15.98;-25.88;0
47052;31.0925331400469;14.9014320218818;61.698358318269;0.142858125312634;7.69;-29.89;0
47510;33.0330007123771;12.1325803424942;5.67614080462803;0.224311582572037;30.66;10.57;0
47520;3.43532688676757;13.0529604157157;61.3871134713573;0.165448815081025;6.44;33.33;0
47524;22.5632852021212;4.25681233033458;3.20994917611416;0.210295759037613;-0.94;22.09;0
47559;22.4702416819978;9.0401786556021;38.2565119353013;0.570366430482884;-1;19.94;0
47561;30.6780022615158;1.63618965851527;6.710227555088;24.0734381533101;-27;5.39;0
48005;3.53286988637162;1.17090654346112;53.6091255014236;1.44185332118939;-33.66;-9.31;0
48022;33.7133513423357;10.9201327952039;5.07004486224041;0.140058408604333;11.13;-31.31;0
48042;3.57726548906193;11.7388474030113;52.2010369978623;0.214185282863429;13.33;32.37;0
48046;3.24437314982456;10.2416577594177;49.6715142858204;0.141681517293479;2.66;-31.95;0
48048;3.35014967174088;10.5415290804163;5.0486964524806;2.97437684571235;-32.98;-1.62;0
48504;3.33288765527203;10.8041322420512;5.02424262561499;0.17765848683051;5.96;32.23;0
48522;2.07994912997984;7.12823317110011;3.35495509133893;0.172755330941244;8.06;18.79;0
48549;3.58631738995348;11.5603246542553;5.4117262976545;0.178239182870109;16.26;31.43;0
49001;3.299804263892;15.3952197522658;6.44985826277439;0.252469494175525;-22.65;22.91;0
49013;327.887704081451;15.6871008502664;63.0115142844278;0.223748979211363;28.74;-14.35;0
49017;32.3715442092144;15.7889113930781;6.73361474576038;0.263391295561807;4.75;31.25;0
49038;3.06797442777149;14.8967810687153;5.70476132108473;0.259090771876457;1.77;29.95;0
49048;31.4769101908507;13.0415052477956;5.38662229319016;0.175903826302377;-18.19;25.1;0
49509;2.13749200107876;839.956786489581;36.8360743065368;0.168403586154255;20.02;-6.48;0
49519;32.561456788852;13.8555125984822;57.2043884731884;0.227901454163236;11.41;29.64;0
49550;3.289255509976;1.29886382550869;6.03090486533365;0.266245926854484;0.77;-31.8;0
49554;3.59000012386892;14.1118648742907;6.16777531371545;0.227488243905353;23.89;-25.7;0
50015;3.45301352391389;13.3792233746584;59.0289562907662;0.137337126782911;17.47;29.42;0
50025;21.7645008877912;8.14615888989737;3.93499690242427;0.112667332781329;1.51;-21.61;0
50055;3.45070327408398;13.5904504418208;59.3472292312231;0.121686968574265;-27.57;-20.35;0
50062;321.061202907804;12.6459499109035;5.77199591450712;0.153260287603411;-28.31;14.38;0
50504;33.1395796460509;16.8759673278017;6.81057662531387;0.329427842100026;27.4;-16.39;0
50535;21.5002888564372;12.6181880373466;4.40328257339907;1.46871826047666;-15.4;7.08;0
50571;3.03340471848044;13.2737676548934;5.84555208800412;20.349647782049;-19.45;-18.73;0
50577;3.31410759589192;15.0544842056715;6.1732532088241;0.461026945907287;-22.66;19.75;0
51002;29.8864094173597;10.6634976202999;4.60743291895316;0.141030986968998;-4.73;-29.23;0
51016;29.9990102882806;10.9314772674747;47.6447133522237;0.0950671067980063;-20.52;21.62;0
51020;2.94949109278135;1.05691865889199;4.51651901706322;0.112444412989159;28.42;-7.2;0
51040;3.2861212846839;11.2211766571881;5.0740808715293;0.138932732866598;24.58;-21.49;0
51045;323.872162029227;11.4602391563787;5.1873208456693;0.219347976965305;2.67;31.54;0
51506;3.38407502654927;11.2417687000648;5.25860119050312;0.136063626817589;-20.17;26.79;0
51521;3.53276883964615;11.859299075358;5.72184370910822;0.15086155103641;-18.97;-29.24;0
51560;31.629626314207;18.9035715305417;6.58230135631526;0.15292363179203;26.68;-16.35;0
52001;29.5266324082022;9.27870925406787;43.9106949630292;0.239505988916781;5.82;-28.22;0
52014;3.48282369291592;11.2927096133593;52.0370210608059;10.2991406752757;-33.59;7.94;0
52017;340.115144569944;11.5792597024297;5.51634751853091;0.13984072601253;33.61;1.66;0
52037;3.18608669014222;10.4663059369741;48.9493556054945;0.149306727522126;-5.68;-31.06;0
52041;3.51687750274578;11.8573498447374;54.3830773622345;0.158096583113104;-22.78;26.39;0
52045;3.45731854265007;11.8735770961298;5.38353226309882;0.197157184499155;24.83;23.05;0
52521;21.7084488934667;10.9086251028204;43.2645755241072;0.183950402737962;-18.46;11;0
52538;33.3230712991453;11.2970482541212;5.23630726468257;0.127065628527887;26.41;19.82;0
52542;33.8561392076134;10.784947884686;5.24786266275588;0.203570909446522;-9.3;-31.87;0
52567;3.44487256148509;11.6981820284792;5.49321120956171;0.177653219512134;15.94;30.02;0
53004;3.3463249205434;1.26366103752895;5.63133157626544;0.192423524449977;13.72;29.78;0
53016;3.58116451743476;13.4092111740393;5.96019571742365;20.6327982938024;-34.71;6.41;0
53041;30.8634156604296;1.18577030296556;6.11597707227217;0.117072328113742;-5.01;30.25;0
53045;30.4408217416568;11.3290367577751;50.26521439787;0.146464314483676;-1.96;30.15;0
53504;3.29253483425846;12.0645405322172;54.8809948588075;0.0760302118058211;2.31;32.78;0
53514;3.2531458374701;11.4533065728933;53.4051641947753;0.186520386591811;-29.67;12.43;0
53539;3.2160782294365;1.03562120304585;5.06677794204127;0.608876990789395;-30.28;9.17;0
53543;3.2282800571315;1.0206630417321;4.61329488302884;0.162052197431053;3.85;-31.7;0
54007;33.1594256361721;15.0715876257045;6.0207122813959;0.127731863765387;32.39;-5.91;0
54015;31.6888801130463;14.6793734051326;60.0062386856488;0.163049889205702;31.38;1.96;0
54034;3.44143756471196;14.3076005970368;6.13126130800331;0.255161192452255;-18.65;-27.84;0
54038;34.5779882644966;14.3604888400809;59.0367903584758;0.189588932310316;-25.53;-22.73;0
54043;2.99636132849821;12.3621412026219;51.5894594923403;0.152098262777173;10.29;27.88;0
54506;3.3244018337118;12.7815266054995;588.868032008672;0.133792930625435;-19.17;26.76;0
54521;2.43799848984818;61.7281872021208;3.54634543592179;262.641429474681;-23.52;3.77;0
54539;21.7086120917286;8.1294610618556;35.0248235382363;0.192054416226301;3.49;-21.1;0
54543;2.10924228744144;8.16679387981078;3.44256296444746;0.163166434884144;-4.63;20.34;0
54546;327.352091282586;16.9874901495397;688.356565667799;0.191530336404216;22.99;-22.75;0
55004;31.6086363589535;13.5451539200401;5.66123520821157;0.235800218809545;24.65;-18.8;0
55039;3.45023705653119;12.2240799245004;5.44636246297877;0.201003798806964;-2.02;33.92;0
55058;356.703186995285;13.6371092798195;59.1817580060786;2.90486671502485;-34.76;0.64;0
55072;3.37033022575429;12.896537538333;5.54391393016097;0.164865320039826;23.64;-23.56;0
55504;34.0480237307254;11.8370600005901;5.40484559481198;2.84914366917855;-33.38;-4.1;0
55517;3.44797954248585;11.0154290641443;5.24352347549859;0.190179657948135;-14.42;-30.48;0
55546;3.50632367862845;11.5407949879158;5.22661404751332;0.177313080507718;23.77;25.11;0
55550;3.63323221431817;11.4186240314962;5.23939174497723;0.184987371406297;-19.77;-29.9;0
56009;32.8894116359633;12.8840447127453;6.40919584508037;0.22973840322215;-10.96;-30.27;0
56027;32.9025895956569;13.1265236370357;58.419435443001;0.124615185017567;28.22;-16.48;0
56057;30.7890011074876;1.12903348293857;50.5578554391949;0.15542198626766;27.08;-13.96;0
56496;3.02748843107443;10.0380181930816;4.81026387295958;0.177711472846975;25.84;14.65;0
56507;22.8880331904837;7.62282340368901;3.64610520279902;217.624918144369;-21.54;4.94;0
56510;23.6372552050244;7.81164298134749;38.280376212962;2.03774343685282;-21.15;-9;0
56536;35.3356172051634;11.3283955511641;5.42100069377248;0.173780555654054;-30.95;-15.89;0
56538;3.52453496692775;1.14611712192254;54.3454677255324;28.1644318428824;-34.48;2.25;0
57018;19.5871347453941;1.18188152735169;3.78813443079757;21.7921103963115;-14.07;7.04;0
57051;19.3934541958219;12.4389175751201;3.92797453934636;23.0081517822619;-14.37;-1.09;0
57084;27.7433308738403;23.0708968582436;7.86472432103899;2.00712198605694;-18.73;-17.29;0
57089;20.0296614139234;13.9555974085381;3.89314900835834;19.9641020675543;-18.92;2.31;0
57503;1.78079317743124;11.8839334497767;3.44120235655266;13.5995099129898;-1.29;16.43;0
57514;21.1779570133421;13.9372535385772;40.3706004733568;13.3526164918886;11.47;-15.81;0
57537;1.84892912641825;11.1375759399861;3.40431288338413;0.801920249397275;2.03;16.04;0
57541;28.609337725202;19.9130387448855;6.77756762726108;0.772596267062646;-17.15;18.16;0
58002;1.87612687210328;11.2172917074319;3.57849227902451;0.940696779581053;-5.91;13.64;0
58013;1.97924345233951;10.3755789870332;3.91207883203952;23.9376815008115;-14.9;-3.09;0
58016;2.06039313183264;13.1648548319611;4.91137770621509;22.7060484384425;-14.3;5.29;0
58043;30.0347707656165;16.7387794966912;6.22539437393041;0.468615166355073;-0.45;-27.81;0
58047;29.4772294718669;1.64810493611481;62.96659853459;0.552388361249962;23.7;-11.52;0
58515;3.10277173282805;15.0794571841591;5.95261077526158;0.191891758863821;-3.33;-30.28;0
58526;225.226127688039;866.821135541254;3.44924109397899;29.3977660291827;-22.04;-2.47;0
58557;32.9802147654548;1.53370631813811;6.29709958012093;0.21464802929232;-24.19;21.27;0
58995;30.3354162824428;14.1270657950442;59.1422187984484;0.119253681662306;-7.91;-29.09;0
59027;27.998255928192;16.5346075850791;63.4350397990336;0.170394175935215;21.15;17.86;0
59051;18.9472121116258;9.94743529239134;3.41245474337724;0.274334622308832;18.01;3.68;0
59507;3.62297247122256;1.13816143151594;5.37723474885395;0.163899489828549;-5.76;35.31;0
59520;3.48411122514012;116.049033393331;52.9509036821705;0.233488529080417;-20.08;27.33;0
59523;3.40212655887648;11.0247192865918;51.2409591727708;0.443313713925095;-27.06;15.43;0
59543;3.24971392253478;1.063370502409;553.691737115336;0.319515708936598;-7.38;30.06;0
59547;3.6686228631442;11.7905511355574;5.64105184099554;0.285435127663209;15.54;-31.64;0
60003;2.18340176538878;7.85635170829589;39.6806057229236;0.185211980019448;18.2;-11.47;0
60015;37.5734605989893;1.41064755828334;6.38405766822559;2.35830717546194;-34.77;-11.75;0
60056;24.0652328909491;7.21063206011803;3.47755722216408;0.13369829299676;6.88;-22.84;0
60504;19.3056663702184;10.6279069037822;402.485600291082;0.204253520035956;-7.1;17.61;0
60513;3.11771516816157;1.60948362495895;6.20325133542619;0.198801160865962;30.12;6.35;0
60543;3.4346545000162;22.0310048186383;736.500953441003;0.187741856084845;23.63;-24.02;0
60997;3.28262220326556;10.4041685627811;4.87249752482153;0.20775715876502;-6.64;-31.52;0
61014;3.35169198008452;10.9839490185937;50.1716589777253;0.216757290963913;19.36;26.49;0
61040;3.78140386310973;13.3067354961228;59.8827254609271;0.169730126334379;19.25;-32.08;0
61043;20.8105738047956;701.780306561589;34.0838074918649;0.279540551629353;4.59;-19.58;0
61515;3.78830756249093;12.1525622510363;5.60644897553931;13.2180246731369;-36.54;8.35;0
61527;3.37970454060751;10.8279186053924;5.14773418997035;22.5061230612794;-32.6;6.53;0
61531;3.25510711960735;10.7796244553104;49.2239296358236;0.181073319398473;22.32;23.01;0
61552;3.56043388110949;10.8893737313174;49.4766315809175;0.143709081746071;-11.87;-33.16;0
61556;35.0840037024112;11.3979671684305;5.30574403542882;0.20156730559734;-11.32;32.4;0
61559;349.277858793461;20.4520884197269;5.99401125325679;0.155938947058622;17.3;29.87;0
62003;3.65067949654723;11.2703417753473;5.27755643711164;0.25030850571057;21.42;-28.06;0
62014;33.1401560831491;19.708963288562;62.3470829956751;0.187124742792198;-0.52;32.52;0
62039;346.099096370638;1.11662116410394;5.04517321047814;0.180735580361416;-26.39;21.27;0
62042;3.61542799546536;21.321986173413;6.4358827506505;0.340464391861311;34.71;0.57;0
62510;3.23467050558851;15.8470630069505;6.20574609082751;0.209591533924249;-18.91;-25.74;0
62521;32.880991787984;1.67184185451086;63.6804954330729;0.16534578524152;4.1;32.25;0
62552;22.1061649322112;9.0314907557728;3.36462563646222;1.87194436506461;-20.28;-7.6;0
63011;3.0587271399957;15.7304329140737;673.036071299735;0.303946444942264;19.35;22.26;0
63021;2.13815333860044;7.49535604052215;344.275241497438;0.318687947621731;20.48;1.46;0
63040;22.5296918952433;8.64809425194359;3.4473154466719;0.181101905468973;-4.46;21.87;0
63044;3.21842872894431;15.7453197705114;6.17948107061846;0.198217534881354;-27.57;-15.81;0
63505;32.4147644031125;12.6835206635133;5.45153222897745;0.166491412490556;31.7;5.05;0
63519;31.7151524021227;1.18505344223858;5.27970237399242;0.209494097621813;24.35;-19.29;0
63522;3.14373258279821;11.7011375229111;5.36950333967406;0.130340278822621;-4.47;30.81;0
63546;3.49723291995002;13.1709532000446;5.82026448329078;0.0963896132045299;-32.02;-13.58;0
63550;3.3684234881798;13.1733003170911;57.5725530826477;0.266273045890808;14.68;29.08;0
63999;3.21078143110786;1.20523171934086;5.59829877269108;0.197664399016309;7.54;30.76;0
64008;3.38226240084968;11.6997622350418;53.9480539112391;0.139207611985217;-3.31;33.41;0
64011;346.879717304711;11.5581886869919;55.897371764186;0.180677587339168;-31.02;-14.32;0
64044;37.7742006483579;12.1818353309469;5.83796990437311;1.33700891852754;-36.55;-8.54;0
64509;21.171085111776;11.8519880663875;4.71556178025513;0.178632600222511;-7.35;19.47;0
64521;31.2290842741832;14.9960957816844;60.6914850608692;0.201049630094764;7.9;-29.46;0
64542;18.1479701312967;9.43795050255559;3.71029084378896;0.206648288981446;3.63;17.45;0
64546;3.47521545219124;17.384785322461;66.503764678861;0.155469240657511;-27.32;20.84;0
64557;2.12621597131132;8.34808953074597;3.29313038764151;0.151049350088889;1.95;20.92;0
65005;3.32692411863677;11.734292439145;5.31722693128885;0.117631203911425;7.16;32.26;0
65016;3.49140219580815;1.12935138667103;52.7076147968844;0.142332417066154;-33.23;9.9;0
65037;32.3592802541722;10.3000330406234;4.65459773731511;0.114289467915975;-6.94;31.4;0
65041;35.8627256084963;11.1059398111234;52.5267100843997;0.169125286595856;-25.81;-24.01;0
65499;3.24813592718461;10.5401176679344;4.84541930449393;0.120241876635263;12.26;29.81;0
65518;33.9376316770278;10.5776661585981;4.90885588446472;0.103260868666085;-29.71;-15.99;0
65522;3.31836386401669;10.5578406881949;4.8790412045581;0.124554171065599;-24.55;21.92;0
65544;3.66007132000866;11.6802083115951;5.51644475385119;0.166929235429849;24.82;-26.22;0
65548;36.0139285958257;11.8898613473419;5.5275979215765;0.0867032352731549;24.05;26.56;0
65997;3.57241290288446;11.5509832407895;535.180727398997;0.158267662824111;-15.89;31.59;0
66006;351.595421794193;1.17213719478748;53.1650278675564;0.150043576998794;-18.15;29.56;0
66031;3.5083194580151;12.6607271640324;5.72195673793103;0.116732545365447;23.84;25.35;0
66509;32.9911489609564;1.1391580998997;56.9305244621722;0.176601870206868;-19.82;25.62;0
66519;3.70480506820873;12.404985367022;574.285400044609;19.287426667968;-34.52;-11.7;0
66545;32.9166265276438;19.6380857039317;6.29792206340183;0.174533323588709;21.24;-24.69;0
67018;3.49610794695292;1.09670873619817;5.03251924966442;28.4473001008062;-34.59;2.69;0
67028;34.6953507730733;11.3604601163907;5.16165554960537;0.183646396280583;27.57;20.21;0
67056;31.2549223302338;10.7722462071558;50.2260219310179;0.118825792551459;-20.61;23.15;0
67504;32.5323360604216;1.49945178305123;6.10031075412806;10.2803602229276;-31.93;4.74;0
67519;2.98008555772496;13.7048441404936;5.47731941773279;0.30659195545748;27.52;-8.66;0
67522;29.7665926556755;13.9260888199522;5.58978669822673;0.24018672786289;28.36;-7.9;0
67543;3.4590799658978;13.6329872341192;5.88006029344684;0.259364048968795;16.05;29.82;0
67547;31.5642754392662;1.19815268710466;5.26051846041117;0.180768559317492;22.82;-21.16;0
68015;32.1608379807761;10.5072365049456;489.558765731257;0.154874724544974;-10.47;30.05;0
68038;337.948599258402;11.1431553622306;52.4012925204581;0.19712168418405;30.59;-12.66;0
68042;343.879458606123;11.1845991133029;547.170720966491;0.318840445905988;-2.73;-32.63;0
68063;3.43293508839476;1.21223607554179;5.60219215659229;0.156769991221987;25.74;-22.16;0
68070;3.41274610186044;12.1045399584311;5.68746490606926;0.179891798054084;12.8;-31.04;0
68497;31.7418575613508;1.2099590257285;53.6134645641557;0.163699899070398;7.71;-30.39;0
68513;3.30335758257174;12.8767564876447;5.48112216795273;0.178595456427828;26.46;-19.05;0
68537;33.1655929643721;13.1800908460403;5.5362206373138;0.129867759877323;29.82;13.85;0
68541;33.7871776106341;1.3315541524915;57.9465500639973;0.188971574972783;-25.22;21.62;0
69013;33.1620371012828;13.3042950646228;5.90215864782033;2.95191418804187;-32.46;-1.01;0
69023;3.4784651060504;12.8729854887828;6.27118841236042;2.15532926613531;-31.41;11.83;0
69026;30.3051970764899;11.342980140083;53.8148638923675;0.277742908781203;25.55;-14.16;0
69067;3.16209256981548;11.5291367250354;5.24835443147513;0.20007672550025;13.8;27.75;0
69512;3.51991151197699;11.3958530783909;5.34732850556539;0.254196927131479;29.76;16.72;0
69524;3.21086299393226;10.3382532986001;4.89027520933509;0.262665195552315;16.88;26.05;0
69528;3.21855399354071;10.4051873889931;4.84155937462224;0.297351187683792;-6.9;30.23;0
69548;34.9965167132529;1.17887882329329;6.89907099226607;0.283685776066249;10.72;-31.91;0
69553;33.7283445666197;10.9318198499147;5.30183440674598;0.243042536818095;23.43;-22.91;0
70004;32.4704741618965;13.3217848175676;58.0454712424339;0.157928317312546;12.59;-29.63;0
70028;353.298409157086;14.3430326751993;6.43650513459923;0.27225139424897;-25.69;22.48;0
70048;35.4978195182304;14.9444589773625;6.41049384853576;0.16614469581322;-32.88;12;0
70052;30.9471593711325;13.2224638877325;575.527405340601;0.215792123572499;16.07;25.73;0
70496;34.4508084034201;11.0024505796181;5.37792458232018;0.206084322059815;-30.08;-15.02;0
70508;37.0129686354076;12.2783744614979;5.83398047769562;0.220227661665605;23.58;-27.34;0
70538;3.37299246172377;10.4977759874887;5.00015926672056;0.163203759783788;-23.26;-23.86;0
71006;33.5793141228102;11.0923709921153;522.813556423874;0.2340485781843;6.38;-32.21;0
71020;3.60164999149934;12.1795569963916;5.75958136283499;0.124300867111999;-26.72;-23.74;0
71050;21.7713979110928;8.15441818776142;3.9361869617516;0.144827470169414;12.02;17.94;0
71525;282.984058749897;1.65305763755991;5.9797355078043;0.228032656538994;11.66;25.1;0
71538;30.4143121887676;1.84711206452965;6.56489698323904;0.1976193515013;10.75;27.85;0
71562;21.3565088543595;1.19586679734511;4.54268366403744;0.217092609286126;-10.58;-18.12;0
71566;3.26693785459991;18.5804490686032;7.12296181310497;0.375052249993663;26.64;-15.72;0
72000;2.03549924117817;12.2575907521144;37.0960158462099;24.8965636336795;-17.52;-4.48;0
72030;20.9422591459088;9.55162293759588;3.73184357487844;0.562285739061047;-1.17;17.77;0
72034;20.8082416428882;9.03003457590569;37.5038596776445;0.560131660817138;-9.42;15.18;0
72054;22.0614400769417;8.59400574825955;3.96150408665813;25.3015399518227;-18.25;0.66;0
72071;199.617873373002;6.1479547960565;3.48648497804932;0.420607888059501;12.72;13.16;0
72499;2.82553556743983;1.41099485131437;5.82593923596154;0.212067998138195;12.77;24.63;0
72510;3.18254638262654;14.5679696673821;5.9754469660093;0.614748741753419;-28.8;12.38;0
72513;31.2421374008012;14.2889166342895;5.95080952442678;0.20635319898748;27.43;-13.95;0
72544;30.4410299577819;12.7195962949186;5.51518008023795;0.17291240092563;-22.19;20.29;0
72547;3.43940912465129;14.0586694960638;6.1709331740624;0.215724849982578;7.11;-32.83;0
72996;3.42579873957233;10.9233452788842;5.20354098574874;0.163366664421581;0.42;-33.86;0
73007;3.39406141739549;10.6155935082747;50.0240637612644;0.184369155080838;-1.19;-33.37;0
73010;3.28236852236777;10.9665660372472;4.87443617838989;0.250585487276576;30.64;8.89;0
73034;3.20378095779094;10.632324606822;4.9244862608736;0.165606338057667;5.91;30.97;0
73038;32.4887327503548;10.4793094459278;49.0230482862197;0.175372507474922;26.06;-18.57;0
73507;3.54943700383466;1.10743363422422;509.283200603044;0.22057721245951;10.95;-33.02;0
73522;33.4979575720933;10.7463029009284;5.3883977769658;0.159813105756016;-22.13;24.39;0
73526;3.25982583055511;1.03991742582123;4.59268541779394;0.136882532278801;29.59;12.94;0
73544;3.15298767598465;10.1329146594677;4.76618403005413;0.198759454651909;-25.42;17.67;0
73552;3.34275654601581;11.2975678241925;5.1944326953922;0.20828282417327;-13.19;29.92;0
73998;32.6941220576954;16.8001158821989;6.76310223339624;0.169436587195055;-27.9;16.35;0
74011;1.88204529139637;7.09669774055083;3.4407821355871;0.338386573020231;13.95;10.67;0
74034;33.0017994479426;13.5316715727679;5.95382862226881;0.112464069382717;-8.36;-31.66;0
74511;2.35492763898582;5.91422919113935;3.38157042931377;0.317507831825629;19.12;11.88;0
74532;2.97771741433542;16.2288421409229;6.26177623581914;0.228049265181133;-22.9;18.35;0
74556;2.27671617513762;8.50682589167217;3.51061182057837;0.242822493252856;3;-21.88;0
75006;34.4433783338547;11.3529066648644;5.35184749388114;0.200951579210577;33.8;2.12;0
75018;36.1041700990748;11.9154228186284;5.63598835988528;0.206057297069289;19.7;29.52;0
75043;22.7666668365852;7.64775039606346;3.65990491647797;0.205953450653595;16.12;15.43;0
75047;3.3556018394911;10.5651181005692;51.2389201807137;0.336677449026794;-8.73;-30.48;0
75514;3.27245741145841;10.7784381542213;4.96611483977152;0.279440233051311;-14.33;28.18;0
75525;3.72096965157558;11.9094022886278;5.37599320352589;0.171756179604673;36.76;-1.72;0
75554;29.9912263126154;9.64408365206055;4.3344972346628;0.145742167225589;28.25;9.29;0
75997;33.9575067202301;1.0910457316661;516.803037517798;0.203110372189208;31.96;-9.4;0
76013;3.30522476826601;11.9867246024088;697.926087308884;0.184213280104051;-1.47;32.35;0
76048;3.59754537001822;12.8767360982062;629.243032593074;0.230410860571845;-7.69;-34.24;0
76506;19.7966483161595;7.10579081851774;330.245791263415;0.213089970764474;19.05;-3.66;0
76543;20.7855706844991;9.46981439109695;3.45608344233349;0.427743844192231;-9.42;17.64;0
76561;1.96448196166525;10.5792643866533;337.618171109545;0.566569630777457;18.13;5.14;0
76574;22.3359056322335;13.0939449101543;401.590481029748;25.8541199374443;-21.73;2.85;0
77005;3.23640033685486;1.50199169475099;58.8660877130248;0.0989377943746784;-23.32;-22.23;0
77018;30.3491593467823;1.50857444245252;6.05059242595914;0.501328096848631;29.64;-5;0
77045;30.8803581859116;14.5025113256703;5.77461861126491;0.627527440763593;-28.82;-9.9;0
77506;3.12118987621495;13.853459738039;55.6115503078796;0.685978851201182;19.8;23.54;0
77523;33.286351608242;14.0123488791825;5.64925128712095;0.143514207557737;-13.35;-30.15;0
77560;26.9043659062229;12.4724004105811;4.93058664751019;0.920500918555368;-0.97;26.4;0
78011;315.577345408203;13.6032980862562;5.26446799532241;0.180780791621513;-1.8;-31.36;0
78022;307.353727007958;1.3546201740037;54.1191451136378;0.427994105171417;29.97;-5.3;0
78045;2.89829687148411;1.17053034912104;47.6076535656652;0.211314013498072;13.08;-25.62;0
78048;3.28616314932779;1.25821523696738;52.5731779194423;11.3580495123511;-30.26;12.04;0
78502;31.5038208678357;11.7066053589812;4.58642811216324;0.924590083839609;-21.42;22.71;0
78525;2.05613828964857;8.81053019770587;35.1902054421024;0.621083115004994;18.84;-7.44;0
78547;33.2371009979008;14.3417584622131;5.86401153027046;2.09066935092613;-31.35;-9.41;0
78551;3.344068371093;14.4277109509462;59.1298658047815;10.7621220702826;-28.16;17.13;0
79000;3.2378210682256;12.3589702309138;5.18490496107982;0.242594606138741;6.93;-31.31;0
79012;3.28636320168717;13.3068690431393;5.22480012680221;0.140667917735972;-26.31;-19.3;0
79017;33.0000083018725;12.9914988036968;5.11832734369088;0.134069728990813;-22.22;-24.05;0
79040;3.23579254116005;12.8518577511347;50.5028418658051;22.0032607709228;-31.59;-5.59;0
79045;31.0933192400102;1.18935963546134;4.87644396704806;0.683379559269209;11.17;28.55;0
79504;31.1019756446564;12.8115301318136;5.19154406653648;0.910654287169449;2.08;29.29;0
79518;29.0178177665339;11.970763450512;5.01574644185317;0.486250519988928;28.27;-5.15;0
79545;31.5785408047765;12.714448836455;5.70643404907373;0.219620380400891;-3.64;-30.8;0
79548;30.9900407895219;1.3086897200795;5.44792169094924;0.450620951440099;30.25;-3.36;0
79557;29.7948212203405;1.16290230733509;47.321625323779;0.428325528944272;26.76;-11.49;0
80020;17.5747785409886;13.1139070494551;4.06859426029532;2.3383364602252;-13.39;-7.06;0
80033;17.5913118354717;127.102364953216;4.09840988307951;1.51467613457693;3.7;12.15;0
80037;1.71435608171877;12.1490430970669;39.709739176711;15.5057081554859;10.06;7.11;0
80062;19.3638665590867;13.2347854162062;4.44662067884873;10.0625669698692;15.35;-1.66;0
80514;30.2371388993601;12.9679291649509;5.20360049097021;0.602978404400801;29.73;2.13;0
80535;323.025963786665;15.2897460738695;6.04397543925385;29.799581715284;-31.83;-2.07;0
80569;29.1718163988101;15.6709733106389;62.3549610405443;0.639272086012238;19.4;20.83;0
80576;3.02470936183657;15.0956373884936;62.232269920387;0.359427232287948;19.59;-21.85;0
81003;3.07855589152984;11.7512289723021;48.4662226330481;0.880520225931926;-16.21;25.84;0
81015;3.21472634929771;20.4950598873892;60.8104095845429;0.128654203317788;-20.91;-24.1;0
81036;19.1217176483271;7.78660471893344;3.22729439468817;0.463684502413715;18.84;-0.15;0
81040;32.0521003294684;2.05400118339531;6.3389310588357;0.864528370392197;-12.81;28.99;0
81495;1.86887403143439;8.88482951543698;33.8443280107326;0.529541700652602;17.99;-3.97;0
81505;22.6625523497583;884.359322231328;3.82233206404516;12.7329987916502;-22.19;4.09;0
81525;2.97583141442477;12.7594383798677;5.48674714375855;10.2415849298035;-15.02;25.42;0
81529;34.4678559821512;13.9422734270337;600.412129384089;0.195695724419164;-0.09;-34.31;0
82007;32.2851545893351;2.1562074548356;657.783908657213;0.396045851091191;24.48;-20.38;0
82020;32.6819389582637;14.2638249572248;5.46220534931488;0.527213184611218;31.86;-4.91;0
82025;3.40159064364116;14.1780253332133;5.58638083206526;0.155238776325263;-8.65;-32.58;0
82053;3.13112697540072;12.4972052760153;50.5568845194769;11.1098664840566;-28.63;11.37;0
82058;30.7373208883815;11.8760076854675;4.8418984344683;0.346182572399435;21.01;-21.76;0
82515;3.253643716086;12.5534085954445;49.1558929201307;1.10843265978645;-30.74;9.65;0
82546;32.987113990913;20.4958357485723;60.3692886352867;0.925562039662233;-23.62;22.58;0
82579;3.21834169443694;118.816932042536;4.93428793213632;0.408402816028441;30.03;-10.14;0
82583;33.5958142222337;12.4649487758044;5.18000486750685;0.158388384918016;-20.88;-25.83;0
82587;3.27873710213283;12.504411267044;5.11555146173377;0.145858982688041;-24.38;-21.26;0
83004;3.2282520010096;12.8741102358981;55.1023628134009;0.764071480049705;4.47;31.21;0
83037;3.18373161203113;1.30347535601441;53.5349858766492;0.274976849324495;6.28;-30.8;0
83058;31.4199636653047;1.24441171776094;51.3872724325476;0.130712809443507;-23.63;-20.19;0
83063;3.1468448330871;12.5025683121516;5.15031017425453;0.545496232277272;-17.11;-25.97;0
83502;29.7023284639548;14.4337131183715;5.78330100899255;0.584432729329191;21.88;-18.11;0
83512;18.0701134450096;8.08110368856903;3.41869947027472;0.730395990641798;5.98;16.53;0
83517;2.87914237956877;13.2726776552045;5.46828798984328;10.0397106787943;-10.23;26.11;0
83543;3.49633090240328;2.23820956288637;7.27125898095981;0.30182677053224;13.49;-31.46;0
83998;2.97776307145776;13.3097451084257;52.5052732406639;0.249925377267714;7.69;-28.5;0
84014;28.4204862146964;13.2352725354037;5.39059507053663;0.412577473999762;20.4;-19.18;0
84034;32.1917026871642;12.9726632569464;54.4605672468313;0.711584782348574;12.52;28.95;0
84038;2.86489999803662;12.4571400322294;4.93950234517067;0.586494141992912;26.92;8.26;0
84052;325.698226880155;14.4113537783334;5.43504715626125;0.377068729934092;22.93;-22.58;0
84510;17.5797965705946;11.9151327771109;3.76606838945403;14.5958680666478;-6.19;-13.37;0
84526;26.3506515653802;1.9161139438164;6.17016821394888;13.8923372733057;-9.74;22.63;0
84531;29.004171006594;20.3107144313;6.59632267090322;1.15291555595799;20.62;-18.61;0
84562;2.49706072592218;20.3722054120444;6.4384113853601;12.3173179039672;-21.03;9.76;0
84569;1.67051596792988;1.28037940888491;35.1469798432746;14.0131298722207;-4.12;14.78;0
85009;29.0032522742961;1.71948881695225;61.7089735267337;0.441276447094202;25.43;-13.08;0
85023;2.08694211459179;9.70888827691854;3.4561839435257;0.654061602239115;19.27;7.19;0
85044;34.9651919948741;1.79032534581843;6.94325974406021;0.0830051058120508;-20.36;-28.26;0
85048;3.12726783498191;15.8904753532941;6.20835762037841;0.99424626106438;-28.8;11.53;0
85052;30.1974638131441;1.55073592303871;6.07233450880232;0.41491485292948;28.54;-8.63;0
85503;3.26448918994325;18.4206465334946;7.42777906529816;0.549376307895088;11.7;-26.13;0
85515;309.001949224212;15.8786406635814;6.50472904353442;241.783682879917;-21.4;-14.86;0
85518;3.01361181417177;15.3023727010747;6.29287003085816;0.661696819331942;26.17;-1.62;0
85548;2.07554731714787;10.267236955127;3.70389556561513;0.33765756656807;-17.86;-8.51;0
85552;27.1721103279687;1.69062112305481;6.25258505113858;0.454199152569396;22.17;-13.37;0
85555;1.76544340766052;9.8483503285682;33.08144312598;0.940997952531401;-2.86;16.04;0
86001;28.4774879066692;14.2718722905542;5.74678922838255;0.624779486876424;25.38;11.73;0
86011;29.7859324256075;15.170099776978;5.83317434364797;0.607604960758483;22.26;18.9;0
86033;20.1344833052606;8.32122604585013;3.21313189545132;0.515979803001211;19.53;-0.59;0
86037;29.9234965526078;16.7063200053207;61.3293874697982;0.660997713329911;17.82;23.15;0
86041;28.2867187008937;15.301512989316;5.7814661060758;0.985767438553176;-24.82;12.24;0
86512;30.1352067751406;16.7879588787306;6.43556340530839;0.801083219392728;16.77;24.7;0
86535;1.8139140137476;11.2916252643824;3.61003570314648;0.777104511518463;-1.06;17.95;0
86539;1.95291425345533;12.6974523077619;4.02108657289688;0.794907071337113;10.22;16.36;0
86613;1.8629252714544;13.5237993292277;403.768457589477;0.786147726890521;4;-16.04;0
86617;17.8472384045308;1.31879430047886;3.96479282273267;1.19276973913409;2.36;15.2;0
87028;3.22803760045093;12.6438000322155;5.34090836785622;0.223308590147143;7.11;-31.27;0
87053;3.43018363350378;13.141180585023;5.43166053886413;0.729578961189551;8.89;32.66;0
87083;3.04736650657788;12.1439413344265;4.63962746789153;10.4372470437444;-16.3;25.26;0
87507;2.87150159951141;12.0870235914681;50.5118516565559;0.887685324770931;-15.99;23.42;0
87517;31.1268702862916;12.6440465198072;5.14036765607122;0.703634335042303;22.14;21.28;0
87541;3.17234667787541;12.0651325679183;46.6221398370711;285.359898495193;-31.37;-2.48;0
87545;3.54724901191786;1.35341721240904;52.0408933154082;10.652007973539;-31.6;15.63;0
88001;3.18374257915483;14.1364587521267;55.1216685652981;2.27015893931957;-30.96;5.52;0
88012;3.12083400637212;13.1888668016242;5.20513515456665;0.377129865312949;26.64;-15.41;0
88055;3.47369892268793;15.3379678216278;59.4448289305746;0.933546856027228;-27.14;21.28;0
88498;31.3047130737995;19.5604499747897;5.74553337162443;10.1755022379559;-24.21;19.33;0
88517;3.3029610690176;12.7667901864596;5.30648918037852;0.59934517102885;25.66;20.11;0
88537;3.22710242521893;14.1983034621528;5.69161437893898;11.2705894694479;-25.01;19.56;0
88542;27.7234057912628;1.19575114436495;4.90654040935842;0.896614031470653;-4.8;26.71;0
89035;3.28093024415302;12.724587770044;52.6641344352533;0.654468528425826;19.78;25.3;0
89050;348.947066532025;12.9596673487202;51.3790366283949;0.147546007731904;-27.27;-21.1;0
89194;3.4130830123386;12.7734273147382;5.04228401499847;0.831887181372354;-10.38;31.6;0
89198;3.36658453732277;12.7210589859453;4.97368640508936;0.637156240068837;23.4;22.96;0
89504;3.34766475215331;13.2968936696983;5.13414332233272;0.502980569071196;32.17;-7.1;0
89514;32.0062054115467;12.6698384199948;4.72983493009182;11.2639166078485;-24.85;19.65;0
89540;32.2898738834885;12.4321836999124;47.610039011994;0.570715559635621;31.23;6.42;0
89544;3.26836792995258;12.1880167094644;47.459419536745;0.584226288925402;27.86;16.35;0
90001;29.1065453320101;1.65060318024993;59.7932648432196;0.621400283819484;26.49;8.98;0
90016;3.18969341316232;19.7214458602009;6.64478371231541;0.280853857218397;-23.89;-20.61;0
90039;32.3280696456188;1.5135158880332;5.82968996501883;0.202134014124482;-3.03;-31.9;0
90502;20.2349976725561;10.1158849551033;35.1925034841931;0.8471945071536;-18.7;-5.5;0
90516;17.0134281434336;10.0027139425327;34.4551933181436;0.635938321981113;15.55;5.11;0
90538;25.4648593332312;17.6536948481085;61.2299194488587;0.607541464678543;24.78;-1.13;0
90541;1.95326182348669;11.0680762188364;3.53054688285323;0.331791404215781;2.02;-19.04;0
90996;3.43044046516777;13.8708455899176;51.9981738240931;0.732261418385356;23.15;24.94;0
91021;3.09463315057201;1.17099245673977;4.68733982786022;0.574695765243915;27.65;13.17;0
91041;30.145760459987;12.9909771904992;5.1789078264535;0.506074371896353;28.14;-9.09;0
91045;20.0995589140176;881.039418145948;3.520890988845;0.299223219280797;6.74;-18.74;0
91508;3.53644013682892;13.8743822808235;6.02590391242694;0.919809727961369;-25.7;23.5;0
91532;21.3218831117547;8.923406749149;3.67256138523733;25.9105031013497;-17.11;-5.57;0
91535;1.98892276887567;9.4506527713473;3.59838765054271;0.906317420882815;14.38;6.52;0
91556;19.5245751506224;11.9868659443349;368.090661301921;12.693289665621;-18.54;4.08;0
91560;25.1645245352757;1.67107221578815;5.7989640904508;0.510542025675166;24.47;-0.14;0
92008;3.29924767679888;1.24074826511989;52.0743083730917;0.16718121542987;-21.4;-24.41;0
92019;3.33778569041598;1.26136347547809;5.2001089837602;0.206927115612286;-1.87;-32.93;0
92044;3.46397883476441;13.0496491335898;5.19685312493359;0.721539638482478;5.09;33.88;0
92048;3.40051913039516;13.1289001160063;5.04449968101848;0.611344667906088;29.92;15.09;0
92505;31.4564919865911;15.6460393337183;58.846237375332;0.525756166044725;30.38;-5.19;0
92517;3.2833767297767;15.8882396684103;61.5852126090323;0.151457795813942;-22.12;-23.74;0
92544;33.7778002300752;14.8444054782312;61.0758831268417;0.365808806386992;28.08;-17.8;0
92551;3.20148522644139;152.825605372389;6.4178339531313;0.544879755603053;30.65;-3.1;0
93002;34.1482126736099;1.31222791909236;5.26602695658437;0.146338242298295;-23.04;-24.81;0
93030;3.28301996741095;13.2698684527843;6.03031241661396;0.159701168062457;-28.42;-15.81;0
93077;2.95615486211197;12.654015934598;5.42609630185272;0.610137990221395;26.17;12.69;0
93500;3.24666370678246;13.5718910610288;5.47459686684905;0.305257042027262;15.19;-28.33;0
93532;31.3540135988927;14.1425436235213;5.56499484033906;0.776395177865086;17.51;25.45;0
93544;3.23511573173313;14.3264892266468;56.6402235346082;0.972827126801321;-17.97;26.48;0
93579;3.38919880452046;1.4533177942641;5.80723960119171;0.590620445201285;33.12;5.69;0
93998;31.1057275401512;1.26203441289456;5.0877262081543;0.283138327480719;12.19;-28.35;0
94010;35.4591617896016;1.48516074157101;57.6818651568177;0.68676264340949;22.84;26.7;0
94030;29.4578331707619;12.6920144007463;4.94279942883434;0.942745185086669;-4.07;28.74;0
94035;30.4517174254328;12.3682329267075;50.6064797095326;0.779528529988556;-9.1;28.82;0
94509;29.3650727156596;12.2099753529229;4.75000670598632;11.5815664322534;-27.09;10.79;0
94524;3.38905201715954;13.2231823485969;5.3045357740776;0.331230593376574;24.53;-23.03;0
94544;32.7543998825517;13.112370569353;5.2808018007888;0.459891188294677;31.88;6.26;0
94548;321.617479931706;12.6824438302333;5.19655607144482;0.540282756594241;29.1;12.77;0
95005;2.99104621250536;12.1285307737708;5.06348706494203;0.615567645970264;19.91;21.72;0
95016;3.38322118279719;13.85773942652;56.8169306786307;0.18723815951131;-30.99;-12.49;0
95038;1.97033095677446;8.46492921701146;3.43345971241751;0.991563959185261;-17.49;8.64;0
95043;3.23152723336509;14.0219783511525;5.56434594265901;0.145300065465228;-13.28;-29.21;0
95498;3.25752339872297;12.8098777978658;51.9918899360668;0.628035648513252;28.12;15.46;0
95522;31.3676392263472;13.2038044291846;530.946080360747;0.514511420810416;19.5;-24.13;0
95525;31.520748332192;13.6118744643511;561.417991352079;13.5965067876115;-30.75;5.47;0
95547;323.369296256166;1.3101362953911;52.7545925798172;0.59063011847363;29.66;12.03;0
95552;33.6321407089893;14.1320619358702;55.2475591994795;0.576753157477062;-29.19;-16.33;0
95995;3.23473090681035;1.28391670140724;5.16486012689938;0.433039069815232;30.38;-10.09;0
96006;3.21549162029635;12.497500758501;5.09807742704595;0.88578087477227;-18.74;25.8;0
96036;3.11528545303774;12.6074389053441;5.22366531712579;0.97452081263351;-27.03;14.84;0
96044;31.5793822151652;1.30607230745534;5.38052744251864;0.614204530043352;24.71;19.15;0
96505;2.93289902279362;13.3299099784396;5.27908158548851;0.708070275963541;10.97;26.84;0
96516;1.88374474838549;8.34873485926878;3.34869190138415;14.4024684043356;-17.96;5.19;0
96558;2.06841443055989;8.21337046807594;3.29147120852272;24.2180300997206;-20.43;1.43;0
96561;28.5661859322061;15.52603685762;55.9147227910465;0.928999382642626;2.1;28.09;0
97002;30.9619543227772;13.2096486194225;5.25708100777025;0.687145124064353;16.48;25.63;0
97017;3.68723803394882;15.9991344519404;62.5296114947655;0.568702765255971;-30.62;-20.02;0
97039;3.23498279766743;12.4753136918754;51.1953647774305;0.207945888921289;-7.38;-31.03;0
97044;31.707188808091;13.1999001057822;5.14175256861394;0.262386270494651;7.74;-30.3;0
97497;3.50220812184835;13.6732079516532;5.61104101614569;0.185348939751559;-7.06;-33.83;0
97508;21.7579861146927;8.26925743126696;3.39867590105586;0.842923185417088;-20;-7.41;0
97535;3.40966126934917;13.4864353381322;5.52791451441574;0.257537099333736;-3.46;-33.12;0
97995;3.39407711415552;12.9718070646957;5.02433058105113;0.136622438384556;-18.35;-28.09;0
98006;30.9359099567034;11.5629052883603;4.83252444675699;0.289777519883443;14.78;-26.54;0
98056;35.5974053251671;13.2636876960988;5.43599232370175;0.382850149836237;30.9;-16.66;0
98495;3.41506275439561;13.0517738300318;5.35602401900017;0.546256066376491;31.17;13.05;0
98505;31.1097383370594;11.720763982505;4.7414325991057;0.876898243271554;-19.4;23.92;0
98525;3.25748953985047;12.4988724346795;502.867564231245;0.166325437851783;-29.79;-12.15;0
98528;3.55027967722432;13.4285295101348;54.3722498999541;0.494843239988092;34.79;3.08;0
98532;3.03368963579548;1.92896510308323;58.2349599924358;0.81187949970757;7.86;28.73;0
99007;29.9331341888773;12.2573308752662;50.4842530659727;0.802985089937349;5.88;28.88;0
99017;3.28773193596752;12.847061713826;5.26084504310328;0.971495306204115;-27.48;17.53;0
99039;30.6624902969079;1.18962340944757;4.86340419517429;0.138601587553618;-12.5;-27.68;0
99044;3.06576517952364;11.6946747615205;478.868281059401;0.262430486911611;10.77;-28.43;0
99516;2.76189414294248;148.298046415535;5.64373989722438;1.16058111918312;-23.97;13.31;0
99530;2.90589683529301;16.179010717117;6.00586159791258;0.445782522252261;24.91;-14.17;0
99547;2.11813455559023;9.66130436243436;3.41286299597529;0.46907083862136;20.84;0.79;0
99555;19.0168227736394;10.6060031634147;394.433213992286;0.325400718681921;7.47;-17.15;0
100000;33.2874940919619;12.6593500379109;49.0320062844678;23.9807753311877;-32.56;4.92;0
100015;3.0351572531216;11.2009023359693;44.4920074758656;0.315037130162051;21.34;-21.04;0
100024;321.289092252879;11.8175523661448;4.74751313288794;26.3043204329772;-31.52;3.34;0
100049;3.51151342396451;13.4658935475239;536.625116795241;0.13677819545968;-20.43;-28.14;0
100053;31.0551501996606;11.4208763757345;4.6759203638903;0.196065986816566;-1.1;-30.7;0
100503;3.37852757799527;21.8350946525139;6.99374262880142;0.576439237515971;28.52;16.81;0
100516;3.04306382142131;1.18652589111451;4.97047918447816;0.543282275932365;28.79;8.33;0
100539;355.962868142309;13.9947275628052;5.81331308969469;0.58087383387513;-2.77691630042026;-21.6201361488292;0
100543;3.4899582553562;1.35140156381792;56.6067233526665;0.904455294366398;-20.0095716604304;2.80498553319917;0
100547;34.8843442830068;13.8854166696135;5.71716461090234;0.27907997276874;899.030062828851;-33.2028521225015;0
100996;3.4023644179081;12.9468286062964;51.846553325165;0.935924279826096;-26.0127881475443;21.2864766519746;0
101011;3.47221049693165;1.37211788678256;53.9371166607148;0.925734873082928;-1.17676986840494;3.2306375372339;0
101032;33.8413757852561;12.7898278320512;50.0912244882748;0.14471540731311;-2.3555756079341;-23.9163760895017;0
101036;29.6709599705516;11.1188990684225;4.34621190548765;0.379019523498947;26.9912588026357;-11.5375099371605;0
101515;3.70834665605537;1.42204383216798;60.8536986002653;0.077796026791167;-2.62608526289362;-26.0640829122789;0
101533;3.20151984321797;1.27074673630529;5.25647824093143;0.936231983750057;-10.3068803204159;30.06924580212;0
101537;3.22946411463479;12.4842834712157;49.3964279740642;0.655225977491654;1.04822850528998;3.04132752270713;0
101565;29.7013801789763;11.6511335709901;485.711702005805;0.0683529355584235;-1.71278225510084;-24.2336416951874;0
101568;3.31438306796555;13.4897182719946;5.63156137428239;1.22443637585043;-31.7525705103824;912.079698542285;0
101999;3.05957559268038;19.1750295213795;57.1716509466785;0.764004337738059;-0.514335669890187;30.3004537647141;0
102011;30.7578972766367;11.6690193177366;46.7807585482545;0.967921276042033;-2.50590383627738;17.2805289389463;0
102032;333.021613084058;13.5742339695182;5.27504838898008;0.139711841871725;-12.954843580349;-3.03688178060506;0
102036;32.8290449820761;12.5352315195298;5.08182091374725;0.31171264178237;1.89579785262123;-2.62094281758221;0
102508;3.12193894213158;15.6242573210389;6.09164936991216;0.881781097336324;-16.316842755165;26.0692444076343;0
102534;17.2999494451543;10.4463462813675;3.24561830378919;0.825675459151613;5.48957102471139;15.1559600779731;0
102558;3.01983626413946;19.0381923013404;7.03037021777075;24.8909052401573;-21.7761703087116;-17.3683710204239;0
102584;26.706717646423;18.9032599513054;6.50522307072756;1.2391620825831;-2.46979451736516;79.8724150338039;0
103004;34.7495718639483;13.9647898455597;54.411338174702;2.65290653795706;-3.38776243105813;4.72824013753958;0
103025;31.0129930709099;11.512779487899;46.5942903325237;0.274962437743456;26.6238509614242;-3.03562510093352;0
103054;31.1730361539786;12.5977766497326;4.74302204578974;0.747094366504587;2.13040957449289;21.9106447547142;0
103506;335.507091734159;16.8469265636063;6.78666558823461;0.169678575705582;-13.3463675993932;-30.3178001711819;0
103519;28.4791264532172;14.4167054355377;5.87828634197108;2.88081223759642;-28.2248016450882;-20.9667359795156;0
103538;23.0912250080615;8.40961122634637;35.4477988851293;0.193880652684667;-2.23019306742991;-5.50007430744102;0
103541;3.10046051259551;15.1841784836683;5.97295910828163;0.805480376087362;-16.9127641562119;30.7114451707048;0
104017;3.10361745116103;11.5993694582112;4.57218716187664;0.557714702430357;29.1958553586267;779.649312523361;0
104029;346.536861092377;12.8557954669343;50.213015908744;0.997019804863014;-2.8010520720037;19.409944674091;0
104033;3.32849916319241;13.4913916685359;5.06815838364471;0.913965344579211;6.78438132490573;3.21351522203954;0
104053;33.6171611832789;12.7989798542331;514.194035765953;10.7855712559559;-326.266823618487;7.44041163428487;0
104057;3.26007829317294;12.6162864861927;51.6682327303979;0.788878147042655;5.63526174903014;31.2091970700433;0
104517;336.721946011679;13.1925611592801;5.24961953183892;0.409672892284207;25.8812907013728;-20.8409563484924;0
104533;3.43615090571565;2.15768109272117;6.39734010811631;1.66425396293711;-32.593263885333;7.6317637111206;0
104555;3.33685659990895;13.7363132940364;5.45717367216288;10.4197394958253;-2.98890013758212;13.3427107591201;0
104558;32.9493745980041;13.7428786585231;5.47622410621969;0.446299513547413;29.964486180584;-12.0840899567819;0
104562;3.3319306787581;13.7920253065643;5.47542796481951;0.373877302065426;21.7859566133154;-24.771863216809;0
105014;31.9022357684573;12.8718472502955;48.4728721099217;12.6716100389338;-2.93550335438334;9.28249492709178;0
105036;3.36832218658942;13.2909879976328;5.04092713301972;0.700823243987306;28.1451161559271;1.71441062959812;0
105044;3.24758012908322;12.2147170600837;4.87826137436445;0.463621719975997;2.82854522027487;-14.3188264993306;0
105068;3.4929481906127;14.4483430036184;56.5327071679598;0.896027625634969;17.3523014369048;29.4552434979311;0
105493;32.5750070702494;20.4374131590744;59.7001685997665;0.55359126502866;31.7426332609483;0.446018970253494;0
105519;332.783304256962;1.36365533295719;5.09852604717357;12.6409788578862;-30.0233853573911;10.6766219353644;0
105538;3.20901409911184;1.27868407842511;4.94329981232878;0.658023793204633;30.805619010093;55.7191912373735;0
105543;32.9355712969713;20.7525518728433;60.6408309668227;0.827968049415723;6.43304841604659;3.09365645542334;0
106013;307.209615518686;16.8574863245551;61.5013973754755;16.886712707932;-28.3727859213388;9.09056732750455;0
106028;3.09894178484451;16.0307413794404;5.96089161835855;0.389818588629899;7.00653706473073;-28.8761675022673;0
106051;2.99473067009916;14.9339114262102;55.5994140327224;11.8121435018652;-26.5685049333044;1.31359857845993;0
106054;23.23164552588;8.37066024515088;344.786227602459;3.06980039190063;-22.2908046091406;-0.688442277375439;0
106506;29.3910045301683;11.7571515214024;45.7856056754626;0.766831291889605;1.90692056103388;20.884296136836;0
106518;367.404458466874;2.30265531371334;6.73045626396215;0.925859890110682;-11.290796497033;34.2465813508772;0
106540;3.60749744299246;14.1896506904635;5.43683897800079;0.521919247048151;31.9022294107805;-14.4779128086683;0
106544;3.38909993306954;12.7197525199257;5.04844653912675;0.23061066928457;-28.914193819974;-15.5804164368341;0
107005;330.663619587453;15.7322231463628;63.0656490070341;0.270632873524124;-2.45397929016909;-19.8999256887842;0
107016;3.57315531632582;1.7626609466885;6.72883413612045;0.417149963137417;16.2509898118458;-30.8324160297502;0
107039;31.3724868776872;1.74799323219695;63.302628891957;0.401843105810579;8.9760096310105;-28.5748600742235;0
107044;2.95385084316657;1.83525810257534;6.31784610709006;0.710872724254942;27.9347634837875;10.3052920439688;0
107504;22.4751168645888;8.84926874648521;3.57295167245363;2.89811595322266;-21.5242752916917;-32.6428199127227;0
107516;3.41018979651126;13.1507680136492;58.7360556040507;0.324187759107852;0.669027528272773;-32.9600725548484;0
107535;33.3958312741745;13.4045283727097;5.37110420991115;0.53602394099143;3.06436570538778;-12.1054601169053;0
107539;3.21440474977756;13.2201832188923;5.2671853640035;0.718398610868487;2.80725298853334;11.8864342157252;0
108011;2.220444705303;11.5177728379883;4.38787177272597;2.70818215621791;-16.6167372366398;0.506551361138816;0
108027;1.99405575567087;12.6742338008661;4.77093718406089;19.0055936287429;-8.03518186549486;7.33394316957914;0
108048;2.06094438533441;13.6598141263054;5.11937875397668;19.3788073427253;-715.547994310218;14.2267997924872;0
108052;208.832458882708;13.972967526496;4.83675142504926;2.12272947220744;-9.91693968540049;39.1369539372392;0
108502;3.41050465227719;14.741209582019;5.76141423941347;0.489052154707073;2.69327760405032;-19.9192418185844;0
108527;20.4725966310559;8.28352976126191;3.36583756834945;28.4137786136539;-20.4676422064015;-0.869424032402603;0
108549;3.51232560520408;14.2878915499769;58.6456521158446;0.471022510926459;283.857725725085;-20.7044673037501;0
108553;30.1976853118893;13.2023952289841;5.2157511315344;10.0395799657102;3.92749216701745;2.8392469946602;0
109002;1.87692245228567;12.8946969711726;3.9224375583118;17.4712024113049;-1.62220755538896;5.33026267818317;0
109054;3.14137694650364;15.2835046232967;575.169707051652;0.971093995266423;-221.047416576488;31.0740052664171;0
109067;3.20713229211073;14.4688233132582;55.9530165074861;0.285630138363831;-8.65777679807904;-3.00164970864277;0
109098;3.05240450544209;1.25143645511359;4.98004099304399;0.585494016807539;29.2751710839848;-14.7798866978692;0
109511;3.39918017767464;1.29156725795326;5.10675074251455;23.1930183117902;-3.28412054883769;3.94668256744936;0
109525;3.30901801230742;12.7404750538066;5.05238128425969;0.701517182266264;26.0731349645571;19.1558561188736;0
109552;3.65339887606263;22.785708787359;6.67963598073919;11.0500350914854;-30.2924315401757;1.77701973563766;0
109556;3.40332853984035;13.5546622850384;52.5576381099907;0.485804663828759;24.5792938357975;-2.30368271181057;0
109994;31.9130891683978;12.7636776293213;5.11192624058845;0.429728628229651;17.6675702751511;-2.6045517952615;0
110015;33.2767408840814;21.1596020914945;658.478716712307;0.260969076467241;-21.8978829037826;-25.8852686672267;0
110019;19.9353865424831;8.1052079124867;33.5273794367601;0.517019616351336;1.68610872910479;-9.81334837189662;0
110038;3.4203383142155;15.2571378699316;6.06745258902351;0.267080253652758;-32.3391685933093;-10.0716649989482;0
110041;321.816878973069;1.53223609396513;59.8028918192874;0.666040072812591;31.4573112582613;2.90146183710271;0
110046;3.10535347197682;15.0560567198346;5.75146009679883;10.5316087895268;-28.0964878321309;2.98824627322705;0
110509;19.668048937266;9.7085819917267;3.72899234411014;11.7266472073058;-1.67529025196921;8.92678571537032;0
110535;330.980608719601;16.6089523786626;6.40340337942609;0.461094394687751;26.0798262025032;-18.177846831177;0
110557;29.6614664850744;1.4287237515112;55.5551296022362;0.39294836639518;164.083024817892;-24.6090843421339;0
110561;33.6500363806792;16.0754244443618;62.8673912641408;0.369725855308212;15.9342453003018;-28.5427599504836;0
110999;3.21917565717689;14.4004522820288;5.55053053356951;0.288301772796131;-8.21655765719007;-2.95720863179159;0
111011;3.07174268152577;14.355541175931;5.73789412102111;0.956725392596004;-18.680018617824;2.96177025267388;0
111046;3.22401928859781;13.6661731046556;55.1216337178797;0.996697782560456;-19.6729915572804;2.42803892694053;0
111049;3.55782618326911;15.7822568224027;60.9014242641489;12.3914375225819;-3.11280711459048;14.7019202000603;0
111499;31.5194993001071;14.534523356105;5.68738696425153;0.819460946025658;8.50223633062852;29.452836888716;0
111513;32.5947407085916;15.7925737788755;5.87513983386416;10.2345293770878;-11.4876064653839;2.92731580910255;0
111516;320.810468250733;15.1457478437319;58.142762691696;0.561320161287737;29.9239017415057;-5.5118673674789;0
111536;28.088465108328;14.8119588095219;5.37329311357867;0.603452429612718;2.52349169753166;-8.69849988927356;0
111540;32.2316698793699;1.69615122898881;6.37414619401926;0.940332222268252;-10.6580493886852;2.88779503120823;0
111558;3.2005747001351;1.68165463652428;59.311306004369;0.486568616198493;24.4850688147454;-19.2459224960302;0
112008;3.16621318847699;13.4357185277674;55.574582360607;11.4115564109351;-27.0081940858196;14.9647017714181;0
112019;30.2774312204584;12.5734240276796;52.9844561329885;0.901772179163523;-10.3862800972717;2.77829425793243;0
112040;3.4556275665377;13.9103045379012;5.81492130960923;0.472325492567211;29.1666784559331;-15.9266875164995;0
112043;3.33197396249548;13.4806622125822;5.71190117977224;0.506712424835175;32.0251388593974;-5.9016210324039;0
112048;3.31315718455286;13.4599418239423;5.57575208230586;0.244403927946944;-19.9973544247793;-25.3857808518024;0
112497;32.7075696243336;1.21898386724025;5.19032379544031;0.278025664227533;-17.3638245495447;-2.59772924231837;0
112519;31.9453736287589;12.8542357368797;5.44221910796247;0.267127060603964;4.94923774619874;-30.8066926975066;0
112543;3.56435786323928;14.6357063837533;5.9503344922485;0.20612753834406;-14.5848502992513;-31.9771864313264;0
112547;33.9866341546916;13.5416414017917;5.71953839350048;0.724560826131738;1.76570243194092;27.9223079160455;0
112995;3.28558249004972;13.3267797234397;5.67587378216133;0.813438099618387;14.0314098245264;31.6847137530305;0
113007;3.30706816929076;1.26374952961233;54.0347242958053;0.190595157145059;-2.37008771061782;-2.23278994452655;0
113035;331.974285551877;12.4692411258298;4.91679695740891;0.377175088140414;22.1436658355978;-23.4466747244357;0
113040;3.25897160423858;12.5765660430785;4.86474137115581;0.450540367267223;25.6550837851288;-19.4441799620217;0
113508;3.46203337601617;14.0029854298806;55.0992104542425;0.976081712878755;-2.71051640894263;2.07090221375382;0
113520;34.4407284084562;14.1748549119793;5.49357949508161;0.718597612446918;9.16720475887981;3.27719578600123;0
113543;34.267743407565;1.6180475639765;5.94963816762742;0.697949768365154;29.7199054400225;1.59547128588894;0
113547;2.00783479585288;902.123618059307;3.4597938478132;0.28193592359551;2.84682999787538;-1.95289909639252;0
114016;24.1656637960031;8.63898605410203;34.9249031209987;11.9941724820958;-2.33763987622446;-4.98649967498472;0
114029;30.571351862557;1.4736243405597;57.3041801891837;0.21857026923168;-3.27284000727472;-3.01873907468348;0
114057;30.2197175745995;2.05979410140994;6.70167750416271;0.411055409685694;22.9578531414481;-18.6250281034656;0
114061;19.1271339060115;8.35303479411463;344.662007439799;0.203958378527919;-4.016732411746;-1.84041808588988;0
114504;19.2892958632959;11.7381195282507;3.64607978779757;0.684895191828776;15.6861246913636;10.1996195494882;0
114527;206.752455696834;11.6830092286002;3.69365516396822;0.786985151380062;7.38424086135489;18.8043588516877;0
114530;21.9434653705038;11.6279013144044;3.78005100621154;2.89408313724716;-20.9068534036391;-39.7690478138935;0
114551;3.17600166408118;1.90983228779637;6.87140783081105;0.217091796582022;-1.75601168389364;-2.56427009445236;0
114557;2.71414060374751;16.4748846342429;5.83655035777365;0.28344529087362;0.237876495707353;-26.6641590398928;0
115001;31.9052021421875;12.5031493985958;51.2664629967934;0.629732786683345;23.2550649617357;21.2045488441362;0
115012;3.2411867719334;13.1260057005819;5.42146934054611;0.669597520342487;23.9061631940971;21.2239824649977;0
115043;23.5236246101996;6.88144703383156;34.355697250359;27.1785341914672;-22.7772517442801;-37.205014208886;0
115047;31.0613409259201;13.3010553465545;5.7909258364113;0.382777297634304;21.2556886724818;-21.4772810210539;0
115536;3.44273532333933;12.8431322723195;4.98359110456593;0.653668257414941;2.3267084437656;2.48112053422042;0
115550;3.36768796175737;13.2779385273459;4.9149839869765;26.3991206271689;-3.33981148844997;1.51623412106028;0
115572;29.8858079517541;11.4720026523075;4.50001822495928;0.711754623986144;1.87336319721064;22.7757591713774;0
115577;345.080637469172;12.763366917187;5.24054139445196;0.286621222173447;20.2742811477185;-27.6072919404068;0
116006;29.3945081057077;16.0216915710989;60.1351190767803;17.3777518013561;-20.5244605684062;1.90292129033373;0
116024;31.8401503249982;15.4335270224055;608.023675888307;0.226169545143316;-22.2298587824007;-2.20792817753531;0
116051;20.8637291667855;9.47411144893631;37.7300247741688;0.9399505726983;-8.20794372878695;1.87990525136367;0
116512;35.7904300358649;13.5691210629026;5.71098296683454;0.121217825548704;-24.3807622439178;-25.7884425470202;0
116525;3.33244901241457;12.8878047177406;539.705783942229;0.622907764827229;23.1104183745491;2.34590948956665;0
116545;30.9134816986773;12.3555132482526;496.795163136639;0.914658664308687;-11.9503589146122;28.1202471104168;0
117003;33.0551148037327;12.2773421811999;5.01076036635094;0.331386610768318;25.5;-20.4;0
117023;309.047557203654;11.5807698730016;4.97031811320481;0.904950541332496;-22.47;20.45;0
117051;3.43148067688205;15.3290672038401;62.543529361172;0.951886235806002;-17.88;28.8;0
117055;29.9075171295543;13.1324702635711;5.36233752730457;0.690347275087232;11.79;27.02;0
117497;21.0248090227905;7.76332431684235;3.34228227653313;0.952845071523951;1.13;20.41;0
117509;31.6972925938281;1.31984260082882;5.57138058062427;0.78703082399319;-1.44;31.28;0
117538;3.49494063648994;13.1665024660145;56.4759438897499;0.221724127772205;2.9;-34.49;0
117542;2.97203099308536;12.2146321872524;4.9663267865941;0.451751738601518;26.12;-13.46;0
118007;31.2740517732445;11.8999450219444;49.09920133519;0.449001408674551;30.85;-1.21;0
118019;31.0612063535489;13.1747355976873;5.41149163787738;0.432129089777733;24.7;-17.94;0
118022;31.7899982287267;12.5498316438363;5.41211445046909;215.810370956012;-30.9;4.92;0
118118;33.2884452465498;13.6770157419839;5.44700114347107;0.161744533606854;-23.41;-23.06;0
118500;35.2849170159248;14.0588339965154;55.842851690542;0.429898563529643;29.44;-18.16;0
118527;19.3994943286136;1.41048441772269;45.1712364299232;23.8890737893846;-17.67;-4.18;0
118560;27.8316206175402;17.5774152264335;6.61046650284759;0.488831281194053;21.94;-15.26;0
118563;18.641131114962;9.80238804744176;35.01429462645;0.886950404507107;2.68;17.66;0
119012;3.15539642851169;12.864962441189;5.22581220179773;0.35350167193589;25.54;-17.92;0
119034;3.58594637648018;1.39392353198353;550.683366408576;0.22225941104906;5.67;-35.1;0
119054;3.31458764549369;12.3443216404289;4.93416663691066;0.173421536346958;-5.94;-32.25;0
119057;2.08380270539556;8.20482935906692;3.14785852008304;29.4293060707713;-20.57;0.29;0
119508;3.19459036382135;13.3520047117012;5.43808789590497;0.169270743010873;-26.41;-17.38;0
119520;2.17324606495144;8.12244190602557;3.37445476671489;0.192021837216986;-8.83;-19.47;0
119542;3.37800092420615;12.746008624767;53.9601663596677;0.807804679082097;-5.01;32.72;0
119546;323.800423102418;12.3497707440316;56.9689922965611;0.217795270412623;-8.77;-30.59;0
120006;31.973500807204;1.18821635652846;4.89258987904736;0.295487265355693;12;-28.87;0
120018;34.9573743639607;13.2412027685756;54.0619391281641;0.187736130875441;-21.37;-27.03;0
120068;3.41961440413591;1.30658764918262;5.09412658902395;19.9123261444091;-32.67;-7.88;0
120072;34.2269778482466;12.4966245004303;49.9930919550908;0.285031790581006;14;-30.66;0
120506;28.8808932715801;12.3312713941983;4.83688687923305;0.903941139675297;3.79;28.08;0
120517;31.6822278185887;1.31723876552148;5.44776828564651;0.591714101602372;-28.97;-12.11;0
120540;3.19026519422502;13.855992024042;55.4401842881138;0.9872281491964;-17.06;26.49;0
120545;314.871122033575;14.047924334202;5.56482238983035;0.837321852004427;9.97;29.36;0
121000;3.41895898226884;13.7057911327662;5.50817403765793;0.135866060346146;-28.39;-18.47;0
121020;3.85768123838543;25.1295619049195;7.71590626248687;0.651409462269983;25.02;28.64;0
121046;3.23793930413428;14.4484516641144;6.18747412302411;0.216424906997997;-28.57;-14.91;0
121498;3.51312340158852;1.38631419433276;5.73717893939093;0.111185477916375;-19.85;-28.74;0
121507;3.50631290922748;134.831628723812;5.55889921918018;0.177563384458942;-2.04;-34.69;0
121512;3.04366841037461;124.149220042001;489.810705132139;0.205984289534859;-4.75;-29.77;0
121532;317.989111319275;20.0763840832489;59.1649782491642;0.745402952044796;2.45;31.34;0
121536;3.59879764751175;13.4714837238095;5.41184048773912;0.957896009284184;-30.49;18.46;0
122034;27.9948548937409;18.8313312604942;6.6586539023116;0.748447869946706;12.47;-23.74;0
122049;1.79781747193451;1.11798377471402;353.420105483268;0.884549845807114;15.05;8.5;0
122069;17.7931877883364;11.0580285371195;35.3544256054124;2.33734941520142;-17;-4.08;0
122075;29.0420776883393;2.16579957648832;7.57356182715277;0.567003445317239;20.78;-19.06;0
122498;30.9955291201244;12.6867745321827;5.09195613236629;0.511285712663809;0.58;-30.83;0
122512;31.3540460334453;1.31602126066357;5.12134450254774;10.0236035001186;-11.93;28.67;0
122533;3.23962217396137;1.21653086013249;5.15137596942922;0.239165180702199;12.26;-29.81;0
122537;32.5820121085807;13.118399942712;5.29168533862047;0.116904838031521;-15.53;-28.5;0
122542;3.34807914253297;12.7033324479306;53.2138132490906;0.185411039347777;4.59;-33.03;0
122994;30.1199809239076;12.3584286674836;5.09529043842694;0.777867280672632;3.72;29.46;0
123005;31.2023688590333;1.98159164477084;6.22495633254007;0.815194374765574;-18.31;24.81;0
123026;33.1988648457026;1.37077650604176;54.8190232665427;0.160987387826707;-31.09;-10.71;0
123498;2.94037728777401;1.7696588998066;62.9974514283597;0.449769438382872;12.99;-26.07;0
123511;2.66152284282209;15.3289291043521;54.076513611142;0.783796938998842;13.06;22.85;0
123515;30.7331009154137;16.6815036385977;6.0671830190247;0.319227815817603;18;-24.54;0
123538;31.8548873377851;15.9053208409716;58.5720114346947;0.391413545761597;28.15;-14.16;0
123542;29.3306316854552;14.4735530014498;5.37165509237401;0.113184005192254;-15.38;-24.75;0
124011;2.95536539172703;11.5422568990937;4.58107138062934;0.841469647929626;-13.21;25.94;0
124023;325.966355521658;13.8392890221918;5.21740135821936;0.191050299825569;-12.16;-29.81;0
124050;2.90441761426653;14.0143114130336;5.30452695864269;0.44523170910649;21.97;-17.67;0
124055;2.86716725509028;14.5630536963223;54.4300227502398;0.407649126654529;14.22;-23.9;0
124506;35.1135928352262;14.0066391679677;59.136850316373;0.307802683635758;20.74;-27.91;0
124522;3.684632371724;14.1652307618404;5.71529728748893;0.178280370295389;-26.71;-24.73;0
124547;3.35570350449576;12.4782582883459;4.88593683757879;0.259781408714494;9.56;-31.86;0
124555;3.2543156292278;11.9769135421748;4.82031558814982;29.8575735603417;-32.16;0.02;0
125011;33.7594595721397;1.60272794793334;5.99431098897393;0.24617397957147;-28.24;-17.51;0
125025;3.11320707709286;1.4420424523009;5.50065186153269;0.407151126782873;6.79;-29.1;0
125045;32.492672994858;14.1462404647472;5.92439141317756;0.867715486870325;23.02;14.88;0
125049;31.9268238507027;13.2389205193721;54.4078617640118;21.3988946213475;-22.72;14.05;0
125053;31.9227818979691;1.514816871269;8.41525752853506;17.7339469395978;-16.83;16.95;0
125499;1.94392431637567;11.2129632625882;3.45099808929493;0.658113628196502;18.35;-2.83;0
125524;2.92204371703887;1.55809059922056;5.79694108081962;0.503835101939085;19.79;-19.26;0
125562;2.72234503743992;14.217811310309;57.2686813787153;0.500928144635064;26.34;-4.8;0
126000;33.6004046068189;1.70656033611532;6.42520092238606;0.174949323908845;-31.14;-11.77;0
126012;307.910532165353;15.5467265098048;6.13931575936284;0.365774902880418;24.97;-17.18;0
126038;19.7406297565062;9.58575231210991;4.07350171974448;0.159155441997726;-15.37;-11.95;0
126042;28.7395515279662;15.2045040197313;5.9737759430048;0.81639645078213;11.29;25.73;0
126504;2.56193224661404;18.4848492225446;59.2291680862046;0.978580958354237;14.98;19.28;0
126518;27.9261592977002;2.02092641133758;6.58947549220432;0.680852626998232;18.79;-18.04;0
126522;1.88443935684371;11.5437879081449;38.5822513550215;15.7947862254705;-2.61;-17.44;0
126570;1.87389651400503;12.5942421930384;41.4256163290759;20.0161983214379;-2.49;12.47;0
127020;3.47499872958114;15.8323481247147;6.09999135338957;0.170132047246312;-15.62;-30.57;0
127030;32.9070845491676;1.41190207752594;5.5880420854748;0.170635685307105;-21.37;-24.47;0
127033;3.20881553500728;1.46228050361442;5.56280310669745;0.659111781646296;31.58;0.22;0
127059;29.0642910657344;11.0901927916181;43.8554280650367;0.90489886006336;-17.74;22.4;0
127063;32.9629110437126;13.0220250384958;5.17041705311628;11.21445926131;-31.12;9.49;0
127503;3.47483672851841;1.352399648627;5.40192095032947;0.614256700855605;23.79;24.92;0
127524;30.9550183272686;11.6576735843339;45.925826282125;0.492737500343992;-4.24;-30.42;0
127537;31.5750575834841;12.0647138858143;47.0074408567176;0.378096056304155;23.49;-20.43;0
127556;31.6049221098549;12.097630202598;4.60936948176885;0.276316710913253;6.18;-30.59;0
127571;3.4263249915321;21.9316310015017;6.20946904719094;11.0839447406781;-23.63;24.14;0
128004;29.3073621092648;11.5650818473531;48.1817618696912;0.704097867162212;12.94;25.61;0
128014;321.314911118028;13.5220047475336;5.5357200658943;0.476196074653813;5.96;-31.06;0
128044;3.36088865752693;14.6540858403657;60.2292208490824;0.158921533537976;-21.98;-24.92;0
128519;31.5356946139037;12.8221198761464;50.0116072279597;0.796212783946426;11.97;28.68;0
128531;35.5227215591458;2.20727654292368;6.51932024721514;0.897491158916301;-18.51;29.42;0
128555;33.3531591841199;13.3448381390647;54.1690002179664;0.254530090887841;-5.11;-32.05;0
128559;33.5515569746328;12.7052485677083;5.45261945153476;0.238781481780799;-23.82;-22.09;0
129017;3.33193423287446;12.994871997076;515.754927959065;10.6163502146951;-28.13;17.27;0
129037;3.33517008062659;12.7793464881671;4.98850739292634;0.147841125456264;-29.29;-15.36;0
129041;32.1560607487931;12.1386431558861;4.8719236508132;0.695010119996024;12.87;29.03;0
129219;32.4685278604683;1.41252340921858;5.47228963301358;10.2929601950212;-21.72;23.27;0
129231;34.7802662430953;15.1343979958454;5.96254520002336;0.778294496965182;-0.74;34.37;0
129525;3.31031197297144;13.2240769335335;5.28793794070674;0.675075994738422;22.84;23.51;0
129635;2.79013448950468;12.613204637054;5.04832193528306;0.631852087929781;25.2;10.63;0
129657;31.1170213720295;13.5972288496682;5.55688609460406;0.661732207495614;23.25;19.54;0
129661;3.25746506389823;13.1243092977172;5.56547254735632;0.287087137412953;3.26;-31.8;0
129999;29.9063635884948;13.1659509327613;520.866446882862;102.781025738665;-15.93;24.9;0
130013;30.387290600902;1.27161478546495;53.0544277482853;0.458715675555276;29.82;-3.47;0
130032;34.4474651204365;14.0159433233454;5.79336981903214;0.571420486812395;29.27;17.24;0
130037;3.55760446172633;14.6298680258449;6.04564218684311;0.122626585498281;-21.02;-28.32;0
130042;30.967401653753;12.8646504020271;51.9785294840533;0.912540132411407;-8.23;29.55;0
130508;3.10522446391969;13.28738026134;558.386898024546;0.222719358029168;1.97;-30.66;0
130539;31.2938682948378;12.9012267079548;54.066073514707;0.840692003175382;-27.17;14.82;0
130564;3.50932174258853;14.5488355045767;6.05416539275729;0.807651414944359;-7.01;33.96;0
131010;3.35065187930451;14.3419962394026;60.31032274578;0.403920775832101;32.97;-3.08;0
131022;3.28978215983663;13.7494036730865;5.76853570811482;0.622838386234847;24.7;20.96;0
131054;3.49708297816258;13.7020096601046;550.423937458231;0.230429505524089;1.45;-34.48;0
131058;2.99008011767033;11.5755793481979;4.64693151477071;0.702727563074327;11.43;27.17;0
131503;30.0348896776495;11.2959731361395;4.45116352139934;0.953532770899041;-23.09;18.86;0
131526;30.0396600581522;1.28256361313433;5.33471215585609;0.258693966879941;6.41;-28.93;0
131545;30.5025844219245;15.5478560752404;60.7243336065013;0.876419640627452;-3.07;29.69;0
131548;22.5978198683329;8.39562336559842;3.5175661317289;0.552902878892106;21.55;4.7;0
131552;30.5047518690416;15.3327373090778;61.7363386700819;0.4192088138583;26.1;-14.46;0
132001;3.32765730660426;13.6263808049573;5.2730307715275;0.0893726578692817;-13.49;-30.38;0
132013;308.992441505456;12.1728534173973;4.94942594202557;0.839805806459546;-12.07;28.25;0
132058;3.24071519694277;15.0426264714753;61.9395553645903;0.866374176468814;-3.11;31.46;0
132062;3.30176627769757;15.1526892040818;6.22819114604837;10.3781399719329;-24.02;21.89;0
132495;311.743324371944;14.5384844029127;5.91679505254017;20.0976660283289;-30.83;2.91;0
132529;3.21338670879703;13.9956895242643;5.81081212735183;0.797718115981578;-3.99;31.5;0
132668;28.8436516204488;10.8714806593555;4.36228968521597;0.387776829977667;25.81;-12.12;0
133004;30.720461682002;1.39963046754952;56.4516391901377;0.4674793538695;30.06;-4.37;0
133021;2.33974775583955;6.47753557132386;34.2227946752575;2.97039752286856;-23.05;0.2;0
133024;30.0033440463526;12.8817512392066;5.4521226932919;0.506482196028244;29.27;3.55;0
133062;3.3111326756334;14.8613883340979;6.09458052916651;0.127613733662151;-28.58;-16.32;0
133509;33.9125728712358;21.2730104074653;6.02902822933166;0.645853437933647;10.35;31.69;0
133520;3.4825667730525;21.2679443188846;6.03072305406091;0.173063911514162;-18.16;-29.17;0
133524;31.9756611686724;1.25527254122482;4.71498603191609;0.820214172391188;-28.13;-14.4;0
133542;3.58605093766989;13.3708419599272;5.36853917214707;11.9029062709596;-34.33;8.48;0
133547;3.52201001845537;12.9448135186422;52.561558348629;0.319840006243359;18.49;-29.15;0
134002;30.0887599977128;1.23994972847121;4.94156493428661;0.415640498218504;24.26;-16.88;0
134024;2.96100207641054;12.0416317124575;51.0304918701912;0.556265606572249;29.05;1.68;0
134028;329.598513828068;20.7773555605444;6.3823039081234;0.910181651482265;-25.23;20.4;0
134047;3.22128535251318;12.8785984647681;5.42985893669097;0.0953052050686546;-19.37;-25.59;0
134052;30.7917876360279;12.8109745837852;5.35433727734393;0.7273326422805;5.48;30.11;0
134499;3.02962398675149;11.3200586135474;46.0974303691535;0.510508273672746;29;7.07;0
134510;3.21534003186951;12.6028743429112;5.04500271491952;0.599128859318162;30.53;8.61;0
134536;31.8895064507236;12.1551084506518;48.8652520827877;0.281544985657652;11.14;-29.45;0
134540;3.15525496391433;11.9602477216234;4.78775765680866;0.761512391258676;-1.41;31.1;0
134544;32.098066153907;11.9793367165085;4.82807076866972;0.336915754289051;21.77;-22.98;0
135010;3.10669436671099;13.9709390057801;602.543826814688;0.836917361875078;2.98;30.59;0
135022;334.938663062092;15.012262843029;6.64981940255756;0.364773367800917;23.84;-22.93;0
135050;21.0188211143694;7.64469925651291;361.409939200967;0.914432173358486;-12.08;16.32;0
135054;2.07289515980947;8.14041442985439;36.9009479233243;0.433064728518565;12.76;-15.4;0
135494;2.99881437797289;11.779650735379;4.914577415296;0.208333338592275;-1.03;-29.6;0
135518;30.9190361987115;1.16389188401272;4.60758257649723;0.881187172128467;-15.87;26.26;0
135539;31.9430804251936;12.2104840586489;4.81312062935304;0.199973166040685;2.44;-31.63;0
135542;31.6984400496279;12.1459160864716;47.4190098940189;0.335770258341604;18.33;-25.45;0
136002;3.28996207060947;13.8015142929193;5.64070001061707;0.60856642693702;-31.63;-8.37;0
136035;31.8086949589742;13.2627187372173;5.29426048593543;2.92121307166467;-31.03;-2.66;0
136053;31.2805404148775;13.0936933088699;550.721590698519;28.2481793076179;-30.69;2.73;0
136058;30.1900624896512;1.32711594824175;5.38864147992378;0.936246940003674;-13.65;26.5;0
136070;29.8162232732019;1.23943163862788;5.04996329305421;0.28974479790909;8.74;-28.15;0
136502;3.33558604850237;13.2418058761571;5.23504334739692;0.28046475690046;12.52;-30.44;0
136513;3.46092828843898;13.1694477351468;5.4575598737156;0.142325577122404;-10.17;-32.69;0
136516;33.6763930608644;13.5143275193142;5.20734298434973;2.74119018022134;-33.01;-3.9;0
136542;3.45811920220194;13.1142849523269;5.16393332308471;0.174036667585336;-32.55;-10.62;0
136546;33.0269921170191;12.8476384602434;5.11092197176772;0.630757600396693;26.86;18.23;0
137001;3.52346492031906;14.4475542404383;5.84308235087712;0.184978220805662;-31.28;-14.83;0
137016;2.89636622929818;11.1893885680174;46.327952384955;0.645957983800467;16.11;23.39;0
137038;19.6982808505999;7.71826791617997;3.22714779507677;0.524817381906019;19.1;2.25;0
137042;3.42918175473151;13.9613020484798;5.71171824141636;2.38318634814557;-33.54;4.71;0
137496;30.2373367524049;12.3334150462331;5.10828493817566;0.279335927100057;-0.7;-29.7;0
137508;30.4667167737674;12.363886679817;5.21695834409809;0.668998092295539;12.75;27.1;0
137528;30.9834576852495;11.4133874124531;4.69392947682743;0.313099924561389;20.79;-22.35;0
137533;31.6214195768476;1.12744611107506;464.139769627534;0.167287009688936;-16.39;-26.54;0
138014;30.2834278033643;14.2030230036871;5.82529282250227;10.8351560922274;-24.88;15.72;0
138025;31.9541135417332;14.377268124864;56.8013317090984;1.03960520431227;-14.9;27.5;0
138045;20.5738130872582;8.63944220280603;3.66456336066217;0.736619337805283;5.22;19.4;0
138049;2.964714609278;12.9191781374578;513.986897765428;0.338693434394932;13.03;-26.2;0
138053;3.30030123857655;14.1944064881001;58.1364048658052;0.165454489688848;-21.51;-24.41;0
138503;27.7570525667268;14.0649858910937;54.6660867558156;0.654362478626979;17.61;20.64;0
138513;2.9745581200313;1.62264665127843;61.9127096355523;0.452657818839817;23.1;-17.58;0
138517;229.537871312922;9.36187281749849;36.7561908881224;14.1815308636392;-19.8;-10.79;0
138555;3.35944339868905;16.7858118093102;667.888586059066;0.985788789429066;-14.14;29.36;0
138999;3.40978119828752;23.3547608138226;7.28714742905477;0.14554916920458;-24.35;-23.51;0
139009;3.555561715811;15.7329989852927;6.15693706549927;0.495401085121812;6.79;-34.68;0
139042;3.60024215067191;22.9115282628035;6.95250112505967;0.290074837403088;19.18;-30.13;0
139511;3.37470900745484;15.9228068904744;6.25405473357245;0.583504940367211;-23.64;-23.43;0
139530;3.23443027608752;15.3805296207444;60.540114495732;0.687105850885369;12.22;29.46;0
139533;29.4645972509153;13.9803170503784;5.53618490936511;0.792177703093055;-3.79;28.83;0
139555;20.1781697283161;9.17557363829509;3.73497506085344;0.192002325247712;-7.64;-18.38;0
139559;3.28029859757401;15.6550982784255;6.10807973009989;0.182436412119275;-28.16;-16.1;0
140004;33.3253697954867;15.2391344083695;6.05321700081543;2.84819045066496;-32.43;-5.16;0
140018;20.5335133512431;9.10658520314829;3.68907872845397;0.208400319177196;-9.27;-17.8;0
140022;2.02590859588916;9.12041083855072;36.823869050789;0.384946835965703;15.12;-12.91;0
140042;3.02403312114714;1.42924765925226;553.541760265767;3.00472937504912;-29.85;-1.99;0
140046;18.1140344582903;858.071115438933;33.6029199308229;11.9921606076437;-17.18;4.94;0
140500;34.0126638870544;13.4179729580757;5.44134490283494;0.125385223000257;-26.27;-21.2;0
140513;315.768333066307;127.456086165665;52.1441157445557;0.152177423801311;-27.61;-14.85;0
140535;3.38448607655239;14.3418537913278;5.80570697489907;0.564786331776152;28.69;17.17;0
140539;3.45106661549462;14.8980470183902;595.388108354364;0.270967187124695;13.07;-31.69;0
140997;3.02606036745082;1.36281310164641;5.40878144666424;0.375779094412485;25.98;-14.87;0
141009;31.9095729988803;14.627447154174;5.70766155848408;0.976570941893864;-28.25;14.07;0
141033;3.18818573480234;14.0500616704815;5.57051678411247;0.15825150820404;-10.17;-29.89;0
141038;3.17382913104653;13.4903554863079;5.52184211091418;0.150350127957198;-18.35;-25.49;0
141511;31.0924085814821;12.1249708875401;4.7593388498705;0.457746103743076;29.21;-9.32;0
141521;3.03821133107082;11.5407325461577;4.60968112805552;0.623813719367294;21.49;20.87;0
141546;29.6008063321687;11.3191225435176;4.40852992913117;0.655782553019278;13.59;25.86;0
141549;30.4129126821721;11.2991494679686;4.59440394911325;2.86530500313791;-29.87;-2.37;0
142010;32.370280049855;12.0354292153158;5.02916339338156;101.360931684865;-30.25;10.16;0
142023;30.7305431174289;1.14000709853733;4.66660097281412;0.944139552923144;-23.67;19.01;0
142043;3.47318916104659;12.8429118800583;5.09903371778874;0.154558406707291;-14.63;-31.08;0
142048;2.96105359771065;1.19157091313462;4.59288864698509;0.741327729561423;19.95;21.18;0
142497;3.26043918873001;14.2951271989819;57.8054591826459;15.138789823035;-30.89;-9.19;0
142525;29.1523792076381;13.8494634678259;5.73390027895568;1.1339574438079;-24.36;-14.13;0
142528;32.6022767608584;1.52777598219882;62.0411381556177;2.78866561926775;-30.18;-7.37;0
142550;30.8098702967191;20.561264583629;6.66765686921957;0.329952065545741;19.38;-23.33;0
142555;29.0888206378105;12.8541754568516;5.11587306775214;0.210868778520571;-7.31;-27.68;0
142993;31.4788156631512;1.21397102562091;4.81281532468678;0.410881129484469;30.73;-5.11;0
143003;20.2858522618762;8.22938474092982;3.24359669022077;0.943460949893806;-0.89;19.94;0
143037;34.4179879301394;13.3449637484792;5.32669251548284;0.7324382826577;6.78;33.21;0
143042;346.865951747692;1.32224532587673;52.8930100173103;0.879567114533731;-14.47;30.85;0
143505;30.5527522279124;12.4416865579732;4.72911051224276;0.536806337484049;29.77;-4.75;0
143517;3.27058475977594;12.4863868194841;5.040120932319;1.27088298735043;-31.98;5.83;0
143543;31.7291317494263;11.90762384222;47.2063764261964;0.559938387178703;27.73;14.24;0
143552;31.860820233616;12.1870465321005;4.77460683822164;0.18570193626976;-14.66;-27.75;0
144003;33.2660938863668;15.62841995302;61.4774678952712;13.9539897799569;-30.71;-11.51;0
144034;31.616040335358;13.1260465680415;542.980088531637;2.94167406855208;-31.09;0.53;0
144038;31.2556015776362;13.1526067565326;54.0549578135426;0.161756893969651;-22.32;-21.32;0
144060;31.1609426692365;202.035354005527;6.48656981358492;0.28024225228561;10.86;-28.66;0
144064;3.38973521638943;14.0224890972448;5.8683257778457;0.36890341908892;30.31;-14.22;0
144495;25.3962040347059;20.2872590023129;6.42158171398564;11.591663079071;-16.21;18.83;0
144514;26.8297496457296;1.88189229595709;647.941979390873;0.398340470684584;8.74;-24.64;0
144517;2.03412471785454;11.6932003590687;37.7157836645293;0.286121400585761;-7.25;-18.59;0
144545;3.13944715253917;17.7984289971626;6.69068979465761;0.344950787477324;-18.33;-23.82;0
144549;30.5687683170564;17.7429354516972;6.6552081310066;1.23657763961324;-16.87;23.68;0
145007;16.9927719011207;14.5905128473431;4.73299447760708;14.8371924820829;6.73;11.82;0
145022;28.4051877670934;21.9313344442658;724.633050671161;0.576687137764002;-10.94;-23.85;0
145052;16.5391396343406;14.0699194940136;45.0927066229523;11.0282005718244;-0.42;-14.65;0
145056;2.50519795079999;2.15034587159962;6.85368581064759;19.2873730678105;-20.37;8.53;0
145492;3.51453083903581;1.66700559223829;6.72173092739679;0.144129936964318;-15.72;-31.1;0
145505;29.7091896614628;14.1977479215668;5.77876131610329;0.366506547719702;23.59;-17.17;0
145525;21.5056802888052;9.97751202055157;375.313855472926;0.528577668643643;6.92;-20;0
145529;1.95667840379965;11.7925972427197;4.70431262148757;2.25220913942976;-18.79;-3.86;0
146006;32.6407341005473;1.44649455375478;587.462671120313;0.73269862403268;9.25;30.78;0
146017;288.189734799168;13.5334829206901;5.65800271499495;0.988239604080719;-6.93;27.47;0
146021;2.87646574489153;13.0674462700812;5.14416634055153;0.598856246047143;26.23;10.71;0
146043;20.6648510878563;8.83261263336018;34.9063766922198;0.573230212154298;20.09;3.62;0
146047;3.0762025098897;1.23170759913955;5.20237241043981;0.124060478186843;-19.68;-23.27;0
146508;3.21215091477606;12.5336794168716;50.6197591186091;0.967232876868773;-26.69;17.36;0
146520;2.89583236483519;12.0177310301028;4.66575205950374;0.708270717766167;23.93;15.52;0
146541;33.9619235420304;13.6735024429531;5.46681755960557;10.4592158831112;-26.39;20.87;0
147014;34.0199733861685;1.36290269171832;5.63418379596202;269.721445966328;-33.73;1.57;0
147051;3.15377555903443;1.20068500830226;49.9148844290634;0.857877175010134;-16.52;26.51;0
147055;3.13218631796627;12.6349691660963;4.95848679073299;0.348719404696771;19.49;-24.14;0
147090;3.20361142417113;12.2359426812961;4.63308585679827;0.111020106262359;-16.62;-27.17;0
147094;3.58169494006569;1.32407201949759;5.26460680007129;0.221691545362833;9;-34.51;0
147497;30.5970765465312;11.5193179038159;4.76122647953993;0.177169896792821;-10.82;-28.2;0
147511;35.6786463385609;22.7043320520905;689.712163555412;0.162016809455168;-31;-16.85;0
147542;3.44616329580456;21.6469342316932;675.890876816246;0.475625852643064;17.67;-29.28;0
147545;3.06953862695996;1.2570524410302;5.02794623757574;0.606045134111075;29.68;5.76;0
148006;2.24004814676157;6.24948231465348;34.1151717582826;27.2791252243497;-21.88;2.83;0
148024;30.8924328405612;13.2074272457458;5.49606442382958;0.636672411981952;22.77;20.11;0
148055;31.9509974381882;13.3877233557182;5.60736044731566;10.722267561543;-21.58;23.13;0
148492;33.7613304019691;12.7500288870504;52.4493596151177;0.281004133995576;16.36;-29.08;0
148504;33.547140301674;13.0314662763221;5.3731774464203;0.166186561796259;-27.78;-18.1;0
148508;294.824643305106;1.17911840767877;48.2936290302101;0.625678533794137;26.14;12.62;0
148531;3.06425838245296;11.8944829597681;49.8002941059301;0.509406708224265;29.59;5.69;0
148534;2.09289418805904;8.64692217373914;3.46298188808448;0.259996358039512;2.75;-20.5;0
149003;26.9641567344679;15.431465388019;5.62458191972323;0.382478305994236;20.02;-17.39;0
149020;3.03004269595034;17.4895105165931;6.43111663373142;0.896179761212445;-19.31;22.84;0
149047;1.84430504876554;12.6912134633249;3.67619994804756;1.64763245489601;-16.67;-6.88;0
149501;3.54504009476461;13.43816009434;5.67036860217524;0.461544167544822;34.67;-3.22;0
149515;3.33091571144747;13.35237035338;5.5587924123094;0.147047702162235;-21.62;-24.74;0
149547;2.271507350419;7.79933324631411;330.993407013069;0.21448397632392;-1.83;-22.3;0
149551;3.33598829365398;16.0970923278475;62.4464340934386;0.216666628963956;-1.08;-32.91;0
149999;1.81068217326227;12.860623514988;44.0101764415096;17.3987309952673;-12.87;-3.17;0
150012;31.6464302279065;2.08864298489971;785.270219713147;0.845353171059358;20.67;18.51;0
150032;19.6800960435881;7.20465909157594;3.62119526164541;25.2573806146228;-18.73;-3.23;0
150035;19.9852681884639;9.80559795015495;3.89739875338646;0.562405615061591;19.07;-2;0
150045;3.15477532094914;13.2120894910986;53.1251359510286;0.291237951750382;1.93;-30.78;0
150508;30.3295343222346;12.1805741712785;48.7486737652742;112.117089484188;-22.51;19.5;0
150520;33.5920444156053;1.2591079153447;5.15683330217826;0.561916213227832;27.46;18.31;0
150541;31.2670666892329;12.2483006903688;4.86637869525825;0.746242890450963;16.62;25.99;0
150545;3.50958832480024;1.31191963492941;5.44755387315189;0.611481555518152;28.76;19.07;0
150997;29.7792640261762;11.228399703249;4.40717567984513;0.616740041281181;21.49;19.98;0
151021;3.19507080111509;1.19908050192389;48.5237304944771;0.956878770581951;-26.39;17.25;0
151044;35.2269135719957;13.6225671175508;56.5210001473732;0.312394724517818;18.78;-29.23;0
151048;343.221386481136;13.2922336816863;5.59366337798363;0.38252793507104;29.61;-16.41;0
151505;30.7286170343504;11.5672876274165;469.240172830275;0.830535167457649;-9.41;28.37;0
151515;3.56549176561301;1.3293996155767;5.36811239585607;0.236686138417156;-16.64;-30.25;0
151548;3.45596871610061;14.507925761277;57.6650091763332;0.680470024949818;25.87;21.91;0
151552;3.48111412767379;136.938770792361;58.0022473345548;0.429961315809755;31.77;-12.06;0
151556;31.6900222991765;13.3165555354007;5.35499530458951;0.331107156255902;9.91;-29.36;0
152009;28.5202963337362;14.0521446023161;51.198811515537;0.505051165680532;27.16;7.7;0
152019;30.8708076780983;1.52558208374303;55.7022885672145;0.116214586433749;-16.78;-25.71;0
152049;3.46049161120053;15.776892845627;5.82254564352025;0.673661789075678;14.38;30.94;0
152529;1.9583261263794;12.7068534181409;4.35914122147269;16.1009732835174;9.37;5.62;0
152539;263.036091706756;2.16475945194529;707.361354882742;0.952836734968091;-15.97;-16.63;0
152543;16.9554589161918;12.518956124034;3.60443343904032;1.74040268905254;-0.47;14.57;0
152565;17.9452609384234;10.3684243092987;3.31589458398991;0.941965898957554;-1.41;17.43;0
152570;1.764803002376;11.210292180573;4.15777677845165;1.43536249640833;-13.83;10.41;0
153024;17.3368998775453;14.0891652754552;44.4061861223261;11.2293916163332;-7.85;14.84;0
153034;209.940318271425;12.5373074927327;381.555219268535;0.247238340469007;-0.13;-20.85;0
153059;2.98113291755833;17.7529404099642;632.147545623721;0.966799056397019;-17.21;24.08;0
153067;23.2655099137487;10.8225065851101;3.7533501040688;0.15019186187879;-21.59;-8.31;0
153071;28.6848971696929;17.604513373364;6.08175452691869;0.51490251311537;27.26;-7.83;0
153500;2.18030117824671;9.35391709323607;3.35626725038678;2.88804390035874;-21.58;-1.7;0
153511;2.87229230812199;1.66607048763179;58.9391848480254;0.626739250577595;27.12;8.29;0
153534;2.87197854079035;16.7290228355255;5.82810739026274;13.7445472602678;-25.18;12.86;0
153995;3.03366040756115;12.8271199002052;5.25149450344867;0.732500009582589;6.91;29.21;0
154007;3.04338420756147;13.6301493810728;52.5566704466145;11.5417796698647;-24.84;17.34;0
154029;31.4385537021435;12.2987216276552;5.19760041826417;0.187517809858424;3.81;-31.11;0
154034;30.5917960258772;12.4896782940431;5.01415174689897;0.768827047704914;9.06;28.94;0
154504;28.4526597368866;1.86189203732802;6.42674075643328;1.18464719104793;-15.49;14.81;0
154518;17.5136422197332;13.7577073536627;39.8983297233568;17.2525815689487;-13.8;5.4;0
154537;29.857018222569;1.98522288543452;6.8879421366561;1.0150216157819;-25.02;15.4;0
154541;29.1883987771286;1.82897089624867;6.43958531110732;0.342992232480475;12.11;-25.74;0
155013;30.4817128501109;1.26997299983652;5.02932886743961;0.894454926654674;1.66;30.1;0
155036;30.8544716304391;13.6302045622313;53.9676519948459;0.180670094718086;-28.34;-11.41;0
155045;3.57772131630732;15.4854715834074;631.536220812329;0.851963126710914;-34.41;-8.45;0
155072;18.520426594453;8.5613855624173;3.45813491051853;0.756290719036708;-1.5;18.11;0
155501;30.7361053095007;11.8258788764403;4.70566055736809;0.22786940831753;5.68;-29.93;0
155518;3.00960695545261;1.18679001982244;4.88727499243118;0.568851479372599;29.4;-1.82;0
155540;3.04900246953119;1.88090264867449;5.57340862384684;0.243819232833847;8.92;-28.94;0
155543;29.1481357705212;18.6164753359536;5.54515733099874;0.881824370658728;-3.37;28.66;0
155546;3.35231575925108;12.8091878915162;51.7371590520078;0.514925183492659;32.4;6.78;0
155999;3.25072686646508;11.9464892215655;48.2305626681016;0.279990670196434;16.29;-27.7;0
156010;30.3639325645285;11.7262191138671;45.9501425878768;0.85897963306554;-3.33;29.81;0
156013;3.3702418859902;13.1824715943148;5.08310738184616;0.571534975799619;31.53;10.55;0
156041;3.17815982487482;11.8082509742374;4.70980371818155;0.298590451523638;18.99;-25.07;0
156044;31.8624520655617;12.1993011372577;4.82330994310751;0.208766093618034;2.22;-31.45;0
156496;3.06330763777803;1.28760486243419;5.1030258659731;0.172923859889358;-9.94;-28.71;0
156510;3.34016803623613;1.42893490830957;5.50317152278771;2.12208594995124;-32.96;3.25;0
156533;30.5919161053807;12.4984168935839;49.2648194374717;0.975890773167404;-18.67;23.87;0
156536;34.5020725157741;13.7217535187874;5.50144753688171;0.466379594282312;33.96;-3.85;0
157006;31.6607296658564;12.7878064885163;5.22037362456139;0.524602758314572;30.88;-0.06;0
157028;3.18855613466905;12.5797018466885;5.6043404348064;0.957535097220388;-25.44;18.18;0
157031;3.44280184884169;14.2624931242843;56.3922931750727;24.068201816123;-33.22;6.25;0
157060;31.2637179448921;19.9710345917907;58.5607618783441;0.854154435701875;-3.13;30.62;0
157074;31.4624738658253;11.7143428525956;5.05829557340676;26.7362305328322;-30.79;-4.35;0
157502;32.868054504051;13.4574929345158;5.48661686302472;0.215002879501021;1.95;-32.47;0
157520;3.21224653395019;1.40104125429544;5.46696299894916;0.102457716466445;-22.39;-22.73;0
157541;3.36425771357968;1.48206794750335;5.83084901068166;0.668231907357112;24.15;22.78;0
157545;21.0140016071115;9.07110016355325;3.74452902009364;11.0820178258896;-19.57;7.05;0
157998;3.09324881867973;13.5748266961965;5.37440642021382;1.00364018953494;-26.77;14.88;0
158008;3.28268321013204;13.0431410398321;5.22659371526178;0.138983297103904;-21.08;-24.7;0
158046;3.36637583962797;13.1162906501804;5.08239592606484;10.3566595073499;-27.57;18.36;0
158050;30.4740997363014;12.1693775250084;4.7189176110992;0.511040610908907;1.72;-30.03;0
158506;29.2428655198577;10.9668996537338;4.51058132211171;0.223233638133298;1.94;-28.86;0
158518;30.5531605293032;11.6411891421858;4.7815340530005;28.3537988051023;-30.21;0.87;0
158541;29.0512025892493;18.461165391015;5.56174442586519;0.516079505234182;27.87;6.84;0
158545;29.7686712771398;12.299515743024;4.74066208641674;0.381690213449146;18.05;-23.3;0
159006;3.16811552476257;14.4353624137728;5.71208164482183;2.40661997778071;-30.99;-4.99;0
159018;28.9357364209777;13.1404000225059;5.19004943528524;0.895389223968905;-15.82;23.7;0
159042;31.4206867451315;13.8624854351725;5.55749516507422;0.175778871016001;-21.75;-22.02;0
159045;30.4110823042337;14.2435127524487;55.0178269049291;2.28038281382621;-29.87;2.5;0
159047;342.415642017681;15.2213115997203;6.07808717141048;28.2152959609626;-33.63;-3.3;0
159506;3.03308365930457;1.1970225102741;4.87124251314601;0.172789881087007;-6.81;-29.25;0
159520;31.896499740994;12.3464118456877;4.78440609793521;0.446106621067287;29.38;-11.35;0
159523;3.40078397881927;2.12648243294848;6.16302548224685;0.455127803453352;33.01;-5.62;0
159545;3.21554116235779;12.4914805161517;4.88295427034472;0.976050567072178;-18.04;26.14;0
160001;3.11929714545755;14.4438464248703;60.0112169082405;0.895578571761125;-20.91;22.29;0
160012;31.5085132293494;1.47488728832829;6.30092480115651;0.527523209150049;29.57;7.61;0
160016;30.808986869647;14.655146763489;63.0947241668807;0.922039228263952;-5.26;29.29;0
160039;29.8518514843063;12.5484628228711;5.29782058665512;0.289141629125619;-8.22;-27.45;0
160049;3.13164490858818;1.20867327460992;50.4703923469344;0.433374404854524;25.13;-16.82;0
160503;3.23573124368619;15.0333573523859;5.83639697310531;0.499304150087984;-1.11;-32.13;0
160515;29.530569938473;13.5935986062303;5.38109168945178;0.145063841342657;-23.65;-17.31;0
160546;2.84818919946129;15.3115728731967;55.4861861061247;0.651330029313283;17.65;21.98;0
160550;27.8789998010983;15.2177363367421;55.9562959589298;0.718482182522859;13.49;24.09;0
161014;32.7066772011937;14.0283022444723;58.5045400766461;0.780220155136864;-4.2;32.29;0
161023;3.47956399990708;1.48700197123188;60.7547791469633;0.451915714751153;33.97;-6.45;0
161042;31.0107771941379;12.7624803405995;5.26692590388693;0.155408237650272;-9.12;-29.43;0
161056;3.41205784200653;14.7270019484183;5.7597804899112;0.0962225276407788;-16.06;-29.91;0
161515;28.421169074658;18.1968040913349;6.23721335225597;0.717692268600649;25.21;8.72;0
161541;29.9647483661438;17.7291970935097;6.22204971403148;0.77056852245249;-9.83;-27.52;0
161591;3.18744282440243;1.75605525674397;6.35963929253753;0.462681612147293;24.15;-19.22;0
161595;3.18953299421282;17.7432361479561;6.4002687062167;0.702416186814839;11.28;28.94;0
161599;31.7513934598826;17.8870065396809;639.980892346898;0.517154164656479;25.75;-17.01;0
161999;3.25433577530995;12.1263865089174;49.6365317527761;0.899599018782845;-19.35;25.3;0
162011;3.32863499852902;12.7637553026953;51.512936143291;0.834273319989951;-31.6;-9.16;0
162038;3.58387322272922;13.2554738765564;5.55839101368376;26.8246349268205;-35.17;3.52;0
162042;33.925217422579;13.5976668014701;5.26245290052566;0.603880981812769;32.65;6.8;0
162493;3.64803685260644;13.5267486506451;5.44989665110913;0.121203461426739;-28.09;-22.9;0
162506;30.8934865915557;11.4423285184938;4.64052096705817;0.170927114456236;-26.64;-14.77;0
162527;3.27764943947341;2.07280696528558;5.98512726111915;0.527815341820102;32.2;-1.5;0
162531;31.1723897497213;11.3550259955595;47.3886868427372;0.911231310514541;-21.52;21.74;0
162535;31.3328182658841;11.7226901402599;4.97313211175366;0.248859801410092;8.63;-29.71;0
163003;34.224333266818;21.7739177978492;6.65843589984297;0.939606335153346;-27.55;18.93;0
163015;3.32655465561939;12.9545699785478;5.34047019132334;0.752338969243161;7.18;31.59;0
163018;32.9698917104153;12.8162985345356;5.37566929185312;12.2001678682813;-28.39;14.46;0
163040;3.48331516169528;1.29604560686484;52.3167906365678;2.96281392500088;-34.2;-0.17;0
163044;2.97105992732816;11.45237913278;4.48837575759437;0.458494661971485;26.15;-12.84;0
163494;18.2859419884377;9.90229191724395;3.71834136080578;1.08249896804549;3.59;12.64;0
163515;29.6804694704829;15.8781049769141;6.27139779069618;0.86468619310707;22.04;5.44;0
163519;32.7278077662006;1.63225229065116;664.876389165304;0.806380814508255;21.53;16.92;0
163547;21.0905764907744;12.9511359271196;4.53341645576673;2.6043572330888;-18.58;0.58;0
163569;18.0064527173915;11.0187328498693;385.250690941706;0.704520891442987;16.06;-1.57;0
163592;20.4571701964635;12.1831136912195;41.3327475496349;1.01423669741239;-2.06;17.43;0
164006;3.16663679584916;13.8735186590359;56.6862049693522;0.423052227652718;27.17;-15.37;0
164025;18.8026210903671;817.674515800035;34.2423156914738;0.75538278432031;1.18;18.48;0
164049;3.09529777840782;16.5585136266779;6.15427288626635;0.356906772002602;18.47;-24.48;0
164053;30.4214546603907;1.63071753104495;6.17598276192617;0.715379940564625;16.89;24.93;0
164056;31.5980585185017;16.1770755825754;6.21333333322497;13.1761372800854;-30.95;5.22;0
164496;34.4545860684829;1.46897404550898;5.96953235789074;2.93450684628174;-33.66;0.49;0
164505;3.16742541336721;12.6433451537549;5.39201943549285;0.196779799695293;-28.07;-13.17;0
164527;3.27617991006135;12.6995777459263;5.31837395440308;0.257719310937319;-11.29;-29.92;0
164535;30.7330775606035;1.25296333806994;5.18096023997076;0.741542593539391;16.9;24.79;0
164541;3.34932516999085;13.5777617548847;5.58718212859561;0.367019259882188;17.7;-27.56;0
165008;2.08146534673907;10.6629847712899;3.72344361287964;2.4483881530507;-11.85;11.1;0
165023;30.4372332334357;20.4286790438243;7.37875526257993;10.1133600057509;20.33;-5.2;0
165027;2.01401005025908;10.5477509227682;37.0831553261196;22.3036598880853;-7.66;10.33;0
165051;18.4858203438027;11.2987887133243;3.53069351029606;12.7015743175944;11.01;0.67;0
165509;31.8387604808666;12.1465426443238;48.8643257294514;0.253379639855778;6.2;-30.87;0
165521;33.0361451097275;12.2786237065944;4.93564830871583;0.35227115686504;23.79;-22.19;0
165543;36.422643857472;13.4324334309634;5.40915676804124;0.230576065074777;9.39;-34.79;0
165996;3.30018014834327;12.8631925809763;5.23156493223689;0.306818307494322;18.42;-27.01;0
166008;2.98593705114314;12.0415190862246;4.8324116604502;0.830984348346994;1.92;29.41;0
166011;3.17798196550955;12.0427300590079;4.95409603519626;296.652330175799;-31.41;-1.58;0
166033;3.00829475143033;11.972532010267;4.75200842351216;0.749740434514035;12.33;27.05;0
166038;3.43641478336367;13.1437184773753;5.31494701604381;0.738372427185091;4.93;33.56;0
166505;31.3478243146967;11.7845958785826;4.60381053034401;0.660447176645722;16.8;25.98;0
166517;3.18846659860628;12.1988122490936;4.61655041788843;10.2100881169474;-23.82;20.63;0
166543;31.0665282642442;12.460283091564;5.38057213436913;0.194583245045259;-21.87;-21.21;0
167001;3.23892024175915;15.6542656171831;6.10819887937217;0.628805793466855;-29.24;-12.5;0
167016;2.37162589237128;8.01901474502481;3.50814341929442;0.443948229687898;22.56;-5.54;0
167057;32.7176990012108;18.12859674415;67.970857739138;0.955682251502965;-18.56;26.3;0
167061;21.44713259848;9.54561760642679;3.49579516796944;0.588617947931952;20.01;6.51;0
167063;22.70175949006;9.43662041119624;3.60802125714876;28.2844703911485;-22.36;-2.26;0
167504;3.23115408727948;15.6203635745748;61.3696484263405;1.02012762144222;-30.37;-10.2;0
167514;23.507875031655;8.69257028799572;3.50477404442664;212.362067455524;-22.69;-5.3;0
167535;19.1276613379937;898.141056491901;3.61906542817387;0.634296797073296;11.5;14.85;0
167539;3.26013628661212;16.0042782314206;6.29296396235029;0.7109280366866;25.63;19.38;0
167994;335.327714098893;13.4818804935832;5.30858049888526;0.347650286294656;18.45;-27.52;0
168019;3.31900967564425;1.223957175972;4.97743750535974;0.113974181365826;-27.09;-18.82;0
168042;30.2755399972699;11.2880554800396;44.7428115394011;0.567765188468901;27.51;11.8;0
168506;2.16479107194753;9.7582210947425;3.50073917183604;0.777790431422953;0.51;21.29;0
168531;30.5530629181582;1.66639620605845;600.770943880958;0.769151053785347;-0.74;30.06;0
168553;21.1715621645542;8.36343736565388;3.20131209951903;0.547554241299198;20.71;1.58;0
169003;3.5021958763167;1.31589367237628;5.26813181193279;0.756179694295047;5.47;34.09;0
169015;30.2265097151729;11.4858484701016;46.1521686143873;0.628362919971547;17.91;23.76;0
169044;22.6226011857601;9.15192049067046;3.83833282988703;0.141594074547849;-19.34;-11.42;0
169048;22.5963657896803;8.83083809315797;3.79305342253325;0.164767205172939;-4.01;-22.03;0
169504;3.31795263072312;12.9379104161496;63.6607625847309;0.161867575314986;-21.55;-24.5;0
169515;32.5696756837396;1.24812781444443;4.77262823600619;0.346937857652345;15.88;-27.72;0
169537;33.2510328891799;13.6078697704633;54.4002660291304;11.043395256209;-22.97;22.97;0
169542;3.4127266725754;13.2247425961361;54.0563032715616;0.215595723632111;-9.03;-32.11;0
170002;3.18732303318187;14.1969365988185;6.41218948653816;0.740000312143935;19.5;23.97;0
170027;20.9330986883719;8.35118826056958;33.0124267624039;0.593175838584143;20.42;-0.25;0
170049;3.24402212055234;1.57099420642877;60.6535359846253;0.229879135086901;-10;-30.31;0
170066;29.9721760740102;1.52175467312933;5.74033455632766;0.739547558360159;22.95;17.5;0
170500;31.4999342797021;16.7602920709644;6.31716210616208;0.183565764547483;-28.98;-11.58;0
170515;28.4850788981205;1.76601555880926;6.34355783583751;0.883413317026464;-15.96;23.15;0
170540;2.59762002356901;15.5461596735729;5.4694278980165;0.945763420046263;-10.22;23.49;0
170545;21.2008899263103;9.49954592694712;34.0182132207606;0.457500826201635;19.86;-6.58;0
170995;3.51330941948066;13.6694082797396;5.23091865383244;0.867464543844342;-13.32;32.04;0
171012;3.44005134499745;14.0750169260277;546.610207585593;0.182264636926868;-14.22;-30.88;0
171050;30.4825749002716;13.1995483613431;5.54261200536377;0.66421765423783;28.67;7.35;0
171057;22.1564888288462;933.583374483431;38.8439913927405;0.267363488055211;4.49;-21.37;0
171507;1.72174415768939;11.9502484118427;39.111485510849;2.62382599611457;-15.48;-2.02;0
171523;21.7355214009872;11.8683264443369;4.21958958113441;0.650650722661292;-3.74;-20.97;0
171527;3.15812078693904;20.8585677512368;8.00876023204827;0.645701551571652;20.11;-23.14;0
171557;30.4961625918756;14.8246350159308;5.99826474763039;10.663819044782;-25.23;16.15;0
171561;28.4667056688059;13.5610729501705;5.53921241217013;0.878089584525617;-24.12;14.4;0
172014;32.7552289810855;13.8632019221577;5.51505971261856;0.6377980012386;23.48;22.29;0
172026;34.1798490198492;22.044493952706;6.72198889576983;0.136351383539118;-25.59;-22.11;0
172030;3.18458969546811;13.5759524094339;52.3182616123061;0.65464307703503;26.42;17.03;0
172053;31.1693290027381;12.6651199747844;4.91082241672544;0.924862958793375;-10.41;28.97;0
172057;3.19444130848737;12.2555313395764;48.9354204031574;0.242147983187021;10.62;-29.77;0
172530;3.17872269251143;12.6982402300795;5.0074133988809;0.131888361804478;-16.27;-26.95;0
172540;33.1190385368695;12.6383993525219;50.990398995478;0.154926849236221;-31.76;-8.56;0
172559;3.07420311870789;1.27606459916899;48.1229613596828;0.600019930099399;29.82;5.57;0
172572;33.1145296168301;1.25176405320526;5.01930844242513;0.139957965889905;-22.45;-24.06;0
173001;30.6979474256833;13.4978081329847;53.9370293917646;0.374256807575563;19.88;-22.88;0
173012;2.96322314031501;13.2484514186045;51.7109731904826;0.43184445204108;26.55;-12.4;0
173040;32.1366508815029;16.8476688647529;6.42295676943497;0.994264179040041;-21.1;23.6;0
173043;2.83409910352611;14.6006604868277;56.7532405066515;0.411908332831748;25.5;-11.38;0
173514;35.5624065179518;15.6129094817217;6.43576175460372;0.607235099781193;29.29;18.61;0
173523;3.01123771435665;1.41495846195332;5.60816670219871;0.391023775923727;25.62;-14.37;0
173551;1.69509510593395;12.3744426183439;4.38625855701426;0.788257749539322;8.53;14.2;0
173555;2.74126720295721;19.2501042687209;6.71251756490979;0.751023382656185;14.13;23.1;0
174006;32.5806488265681;1.67427839524881;6.22320586262599;22.7257988028418;-28.52;-10.29;0
174026;31.2255777949337;1.32786509881726;5.14918441493645;0.60775029832532;25.31;17.22;0
174029;3.26962241681304;1.38734815117346;53.842342253943;2.37230648618856;-32.07;-2.79;0
174059;3.12408509131384;11.751743797841;46.8662548139578;0.383550088291519;27.94;-13.09;0
174498;33.3306395019651;12.9400747911194;5.53289665376298;0.871245346833473;-25.81;20.84;0
174510;304.211615909609;120.584977212501;5.04893908591309;0.981208929689327;-18.83;23.62;0
174514;30.8844844883087;1.2290523837527;5.31445801951243;1.00543766610027;-23.14;20.2;0
174539;30.0143696986515;1.29283889153576;50.6883755797756;0.23493812624166;-24.59;-16.03;0
174994;3.02115052083839;12.994929845946;504.384940908125;0.819408392282006;11.03;27.78;0
175005;19.3254234743876;7.77792347292123;3.21090736405508;0.486330456368816;18.41;-4.52;0
175009;21.0936828683839;8.27558391670912;347.333505820052;0.116404836956724;-10.13;-18.34;0
175040;1.94949869973026;8.86312294480945;3.42574817383441;28.4003549857777;-19.3;0.72;0
175506;20.8204319949588;10.0879257146689;4.08796061473866;0.241694158062176;4.54;-20.05;0
175517;3.32275262295751;16.6053328276689;63.8893797748412;0.29823898481785;16.68;-28.32;0
175552;1.99233624443938;1.02056493029039;3.89611456025195;0.262954284202715;-18.02;-7.85;0
176015;3.21933479063665;1.4480603354064;54.5809843052349;0.56674925203425;-22.91;-21.84;0
176031;3.3730318954838;1.44174174577525;5.83622313786801;0.817090104513293;-30.87;-12.29;0
176067;20.525288073449;8.37949503837325;32.6580846587052;0.518597972984925;19.62;4.57;0
176070;32.1264499621631;133.934061452741;5.15262048063513;0.546949712748149;31.4;1.67;0
176501;3.50803110715462;14.1781624626481;5.72440272962701;0.234902055202603;12.1;-32.49;0
176519;31.8950693250498;1.3717864280049;5.46730949165224;0.384750971798082;28.1;-14.17;0
176522;20.7349009161634;8.77647492482166;3.59199981829873;2.33800350687619;-20.17;-2.97;0
176540;3.39039057071948;13.3779488207142;5.42496822360755;18.6677440357332;-32.77;6.96;0
176545;3.36224764418827;13.1412767001987;5.37252655301346;0.881414176676514;-17.7;27.97;0
176996;3.06022847417341;11.5284312755304;4.90117803258787;0.573762618837558;26.7;13.63;0
177005;3.42207391090912;13.2878985749141;54.5772610420604;0.140350448794804;-28.41;-18.35;0
177032;3.39942594957051;13.9740485894418;6.21376353379176;0.240756098370609;-3.14;-33.23;0
177036;328.584666613123;13.4947045432993;5.82690202535958;0.750893790910754;-0.22;32.33;0
177507;32.7456595199696;13.9181326000985;5.80392453766028;2.03939480638441;-31.54;6.25;0
177517;35.4693477940683;14.3630802343523;5.98944110522201;0.364907830466048;26.91;-22.4;0
177520;34.2036344494827;14.8945409504516;5.91201271033627;0.599327031258506;33.5;3.55;0
177542;3.50173635852091;13.8045417142654;5.83927478644012;0.612391577388084;27.17;21.01;0
177546;22.7282221501368;950.454503277908;3.82465667320342;13.3014856185847;-21.9;4.85;0
178000;33.239550646472;13.5778267984198;51.2729390036291;0.597413348850972;-31.5;-9.51;0
178019;336.422237623126;13.3028640668734;5.29649159727016;0.173950946074172;-7;-32.61;0
178059;31.7009564052477;13.5461195244378;5.25752523504354;0.586829917427433;30.02;8.78;0
178091;3.23037579791691;14.3961271241647;581.138476148772;11.3440327546862;-26.08;18.32;0
178494;3.23989427548452;12.3759678177563;4.94288161681966;0.426690349160575;31.37;-6.48;0
178506;31.254820964096;1.19083579569446;4.81907473632671;0.121774716394417;-19.27;-24.32;0
178528;3.37750183628517;12.4270815902544;4.97013311406839;0.285235535734103;14.08;-30.26;0
178533;29.7667671654375;11.8837424418311;4.54606002848186;0.286521294416234;9.41;-27.8;0
179016;3.33661655974857;14.5849598052239;6.08272496883346;0.174402014532852;-20.11;-26.05;0
179038;31.8143162534481;13.8063512285451;5.52648681380227;0.597374928280744;29.45;11.38;0
179054;2.87137672797171;13.2685685320768;5.29735924160396;3.00493560763435;-28.59;0.13;0
179059;3.39577144000416;15.5066906779102;63.0505136443618;0.124712205195871;-15.28;-30.18;0
179513;32.8604115141401;14.2867696552637;5.83177684654107;0.581915835296646;32.32;4.2;0
179526;3.19342390152099;12.955722542355;54.5680978184697;0.395060932544754;27.36;-15.55;0
179549;31.1373737313311;11.7663833836254;4.78279896120761;0.426041741817409;29.94;-7.34;0
179553;32.3028980779448;12.1106545660092;48.7718744395405;0.957922108399244;-26.76;17.41;0
180009;338.618708612659;12.7849424640782;54.1013446863588;0.145530769338483;-16.88;-28.94;0
180024;3.26878988758097;12.3342369433069;5.22789266694408;0.193659801546078;-9.34;-30.86;0
180062;33.8982685991968;21.8202980770703;6.50321709234077;0.724629639287115;24.05;22.83;0
180510;3.06251152921646;13.7258589566185;5.57856486805324;0.49358172674456;29.77;5.68;0
180523;29.2501260284322;12.1841937445531;4.92321135807617;0.135011035246731;-22.5;-18.36;0
180543;3.34715595575765;14.2668016297889;5.3701114543121;0.159535386161455;-30.47;-13.2;0
180546;32.5137916627569;13.1811158752618;5.30684936126591;0.501523423010588;31.9;3.19;0
180997;28.0221085155513;13.9919614394831;5.45405964914605;0.742685630664795;13.35;24.25;0
181006;28.2922221984901;1.3102546026472;53.0976075999679;0.463404309686949;27.81;-2.32;0
181028;3.20062489007366;13.8872918825885;5.70903959115767;0.882013530789187;-4.11;31.38;0
181031;3.31139975285712;1.39238115914153;5.79981684567493;0.290816184285859;18.91;-26.87;0
181038;30.6048763899219;1.33114146521861;5.41254391653606;0.874047749054667;5.07;29.81;0
181507;30.1612969126236;11.3439571793063;45.0622404388877;0.604021750272979;21.64;20.35;0
181516;3.13551078278109;11.674883875352;4.60445555772737;0.792408668147994;-5.59;30.45;0
181536;3.20446269591787;19.9166263349504;5.71407630745845;0.783256926609359;-0.96;31.54;0
181540;3.18530272209603;11.9250881916618;466.953627062939;0.79250641040461;0.33;31.39;0
182002;3.34685559074369;13.6424575453369;5.69421367032864;0.255613308845856;7.15;-32.16;0
182016;35.3153485884232;14.8979251815308;6.05105534782148;0.340280706750724;15.66;-30.98;0
182048;21.0864319961582;7.94691725707552;3.41119414020214;0.147456405676573;-3.91;-20.51;0
182498;3.46590905800541;14.1854287020116;5.82453862620852;2.20736757788447;-34.03;4.25;0
182519;30.2448810188883;13.1848583693853;5.37936226324833;0.215354148969029;2.53;-29.82;0
182537;3.09634364107856;14.7991011281207;5.84028494635326;0.738265216305173;2.07;30.5;0
182542;31.0595228801814;14.3913461111751;5.81488191848047;0.329310590414884;21.81;-21.5;0
182547;29.4808573302922;14.6308266229826;58.5941474792949;0.835189322589023;-9.2;27.65;0
182994;3.39582323871139;15.5797605053698;6.27677444334515;0.28150634778267;12.69;-31.02;0
183018;27.5613646543794;1.48433654930635;57.263535452576;0.935081456590558;-2.51;26.98;0
183040;3.28431051419278;15.9269624537526;658.938947912185;0.152476919811073;-23.38;-22.52;0
183044;21.2959025180612;7.92518939913032;33.8119703837885;0.182583243135646;-3.67;-20.79;0
183505;3.61283951970765;13.6632060067853;5.62613355881096;0.870599072580261;-16.83;31.32;0
183522;3.43643452679877;12.6573826947765;51.1289084651974;0.590944231586837;-27.35;-19.97;0
183569;3.5347384126119;13.8878892639564;5.22419585710041;0.130647218134669;-20.82;-28.17;0
183573;31.6637096542386;12.1626002269853;4.67597762075053;0.159330189643312;-11.15;-29.27;0
184000;3.55106988947341;13.6171310582364;5.29089129615308;0.239359245381026;5.34;-34.66;0
184016;3.36195601841643;1.31417391227967;502.653225773651;0.670428875491001;13.97;30.21;0
184056;35.4012115777653;13.188257834754;5.24763265452558;0.115777816639638;-14.05;-32.2;0
184504;3.58858395075354;13.3688431872268;5.33308976481564;0.144926364077756;-12.41;-33.39;0
184515;3.43009629932725;1.35636966574202;54.6899683753647;0.607725262949965;30.35;15.25;0
184537;333.210384834081;12.592655214014;492.795794538225;0.201294059133325;-30.22;-12.97;0
184541;3.27131826769115;12.5941912431645;49.1533752834188;0.422373013400708;26.98;-17.68;0
184997;3.05040772196253;12.1736832953117;50.2173817394801;0.8307809218489;2.22;29.95;0
185018;2.94343584417562;11.4727545820139;4.41630803567203;0.725763026711643;14.76;24.93;0
185022;3.33544995147347;12.2942220876651;5.03135992847323;0.351797867885243;22.21;-24.05;0
185050;3.44686888208569;2.18830404307413;6.58231659535452;0.369113776156126;23.68;-24.38;0
185494;30.7267021388298;13.7702947618703;5.35278807232852;0.980810415756451;-27.29;13.17;0
185511;31.8162676784979;13.8047623662874;5.45203326201994;0.35990644126185;20.78;-23.53;0
185535;30.5095460785868;12.9962497295565;529.455264418688;0.938287468037471;-23.33;19.11;0
185539;3.40110952227816;1.45342094121809;59.0319098725285;0.292895451138138;16.96;-29.09;0
185542;3.4180230482108;14.142071789068;5.92708636836119;0.155670536486958;-29.33;-16.82;0
186006;29.3953687024211;1.33616934905225;527.934311275543;0.680491015355962;13.18;25.97;0
186015;32.295439254153;14.3914426130722;57.1791427749358;0.523491414075974;30.64;8.98;0
186043;1.97882618635226;8.92171560060127;3.58691483755892;10.5001557583164;-16.83;10.08;0
186047;20.1547392807971;8.63496642413183;3.51901078778837;0.167354810277455;-0.18;-20.03;0
186506;21.6834873383612;9.73151114684549;3.88761617190263;0.967332469868397;-12.8;17.19;0
186520;294.426167246615;12.8817070448835;5.1086858701672;0.730256780706415;4.96;28.71;0
186552;3.51036141727002;14.7814855780842;5.75716229240248;0.472641630723167;32.75;-11.1;0
186555;29.2813526886416;11.86586225829;4.78988722470784;0.454745583260193;28.13;-5.95;0
186995;20.5625327022649;8.01581649687797;3.49939164932008;0.569665264167217;18.91;5.6;0
187031;19.4325764662788;12.7656576693564;4.51979641660321;16.7780079419211;-2.73;15.78;0
187035;19.2966451831515;12.6180753288927;4.38982823548535;16.6880261005348;-2.04;15.65;0
187068;2.07449309845874;10.4512656418864;35.8235876080586;16.4232836005889;-19.13;7.42;0
187071;2.12203775496901;10.5574886623301;3.72089095836167;0.242112712280628;2.9;-20.83;0
187503;29.1995372977091;11.1978993814584;44.2106031693557;0.181674240936853;-3.39;-28.82;0
187512;33.3450951321561;12.3833494813351;5.02408604358664;11.6505668883588;-32.33;6.86;0
187538;35.4526787804895;1.35310056991595;5.42111905459518;0.819853377153379;-7.58;34.32;0
188009;3.53449114984149;14.3944081415077;55.3895750770065;0.930652751318179;-26.29;23.01;0
188020;31.5123259492467;1.32628080625876;5.33130114642099;0.419433644398001;28.52;-12.4;0
188048;35.0332355200888;1.33639651753552;5.28025526428518;0.553080729822598;31.91;13.84;0
188053;3.56156943798549;13.822875182392;55.3590937082096;0.0663716494372913;-24.14;-26.09;0
188506;3.4171279162903;13.3241255473948;54.597647800886;0.0989401011465868;-27.51;-19.79;0
188521;3.54717952827352;13.5945584983716;55.5305708382199;0.142881940211805;-11.97;-33.1;0
188544;3.29561886547589;121.898566519758;4.99864633257773;0.164758658228623;-14.33;-29.29;0
188548;3.11403897782245;11.4888386946902;4.60545647586947;0.149085182238535;-26.59;-15.53;0
188555;3.24401638988812;12.6678305834759;48.1821645442102;23.4274637791352;-31.58;5.23;0
189004;1.8074034189235;900.983372307905;3.58922628544586;0.539316770905313;16.82;5.55;0
189017;29.3043275441805;15.9409725720605;5.9139380769852;10.9070781817675;-17.02;23.39;0
189038;18.4659941236806;11.2681457482699;40.1979271901357;0.457831868981698;16.35;-7.79;0
189041;19.4176524878134;11.3653892562879;4.13225948694163;2.94792778437189;-19.15;-1.08;0
189493;31.7069441386163;1.99703034552611;6.32948250090141;0.34778915021561;25.61;-17.83;0
189508;3.31672191933176;13.3378156498584;5.33372688061667;0.859361543981607;-14.13;29.67;0
189529;3.11723693487482;1.24546301555718;5.04696022792367;0.279100611201322;13.29;-27.88;0
189533;3.43180931894256;13.3829988727459;5.49333878781142;0.852936881903664;-14.13;30.97;0
189536;3.49739488957806;133.212650055075;570.921091072936;15.0209437104672;-33.67;-8;0
190004;2.920565078552;13.9588225711993;5.46128311620056;0.793299429765346;15.58;24.2;0
190051;30.4856760185981;13.3122642930496;53.0658806638144;0.322864383729265;22.74;-19.88;0
190075;3.46414487837787;14.1773908788135;58.2274453762611;26.4610377581798;-33.94;-5.17;0
190081;31.3699459014993;1.28666820841328;5.33006019264456;11.5206872063412;-29.64;9.33;0
190512;30.4567031400728;14.9602911161029;56.4250582751956;26.9756510445159;-30.23;1.26;0
190528;321.398987753863;1.78354224828556;6.51717934492124;0.845707347110965;-13.49;28.75;0
190531;2.00863271723602;9.37734325378567;3.32757948172967;0.917365662054223;1.99;19.59;0
190555;2.90500401993214;13.3889959337189;5.60457357370478;18.6152947598743;-28.21;5.09;0
190569;3.27661056825616;12.9082776912378;5.44977265024199;0.160097228417753;-29.26;-13.94;0
190997;3.433990643013;13.3460291536368;5.48807127088769;0.105567073640637;-13.51;-31.36;0
191012;31.8752361209501;20.5029603475372;625.517383479463;0.636744890001043;18.01;25.85;0
191016;18.9929171591042;7.7312231409778;31.0125364838436;0.805136890482422;1.45;18.64;0
191035;3.54823738636234;13.9823998296281;5.81457487427467;0.145273404630687;-4.57;-34.87;0
191039;3.4824644599833;14.1306823222065;5.73948723861051;0.420512128364556;28.3;-19.4;0
191508;3.27142402035751;13.4092397447813;53.7262691989096;0.928041326340157;-14.89;28.7;0
191531;31.9581980355348;13.7617448688183;5.37686094238482;0.147094155173097;-23.55;-21.12;0
191552;29.8762173100057;11.6759600741922;5.01980996201015;0.557340570356811;27.13;10.47;0
191556;29.8423752555551;11.7438557588324;5.16764872351954;0.693359120876496;13.68;25.64;0
192004;3.25279873310112;15.6891179611962;62.7440121209019;0.228670591697477;-15.29;-27.85;0
192015;307.721672208732;16.8864536678528;649.820439857175;0.770498805133395;17.84;23.91;0
192048;1.91199021192748;1.31084905569346;45.1377901470387;14.6189576995042;11.37;3.93;0
192507;19.9294794499238;13.6019159416469;5.26309511308358;16.9545144678014;-9.42;-0.3;0
192531;3.35505714147452;1.76161227551848;8.19620693159971;0.375739778952625;-19.44;-24.73;0
192550;2.19171802715839;8.3809463495414;41.1542652920869;0.552790158165475;19.89;-4.45;0
192609;3.13020044239332;11.4034099221243;50.8894413888494;0.35269448634286;19.59;-23.28;0
192613;30.8793369949863;11.5018613571654;46.1096023138206;0.441375437205628;28.26;-10.22;0
193002;31.7721057407262;16.7805324657112;632.373240989808;0.516859523001038;29.95;9.89;0
193012;29.8707983093233;14.4483876664932;5.6713918845012;0.672697173312015;10.65;27.71;0
193036;30.0879937305043;14.317581780443;55.7481257946585;10.7116916997593;-20.1;21.9;0
193039;329.781991799005;15.5768124843216;6.13571709571854;0.573272199609534;30.74;10.27;0
193498;31.5621406914611;11.668538475491;4.68887805787336;0.393418680616891;28.51;-12.44;0
193524;3.61200698909664;13.429678517937;5.38477439805643;27.1114550089102;-35.54;-4.36;0
193543;31.4492022240692;11.8562380070496;48.707868284863;0.431426190023123;30.5;-5.74;0
193551;3.11546057535719;12.222804233285;4.80863442638336;0.926469776969531;-11.99;28.42;0
193996;31.5931732401321;15.5883793926415;6.25116644058437;2.30160471690221;-26.99;12.25;0
194013;3.52332008862674;13.8334934120028;5.81939288685358;0.275138038684349;12.37;-32.58;0
194036;3.32586939501708;13.4576569022562;5.67263263933801;2.50679806836436;-32.25;4.64;0
194041;29.2743963503368;11.9963843191297;50.0581204234356;0.709047476650224;14.77;24.39;0
194045;30.6770141866264;1.23446299058824;5.11530099337946;11.6526215223375;-28.88;8.55;0
194495;3.57508567151838;2.19020677238685;6.40629892150225;0.144379739049314;-20.83;-28.65;0
194505;31.9799180659708;1.26631862772039;48.9778177258755;0.80370960722821;8.62;30.28;0
194538;30.2983775531581;11.5247605174307;4.56270086372251;2.96077522811292;-29.92;-0.8;0
194563;3.49242599039569;13.2243964096873;525.236369746063;0.663738025849821;13.75;31.68;0
195000;33.4476774030575;1.22729862784006;5.09014668618652;0.169870453080644;-15.81;-29.02;0
195020;3.05125937335287;11.7165725176999;49.0530353719703;0.914456142810801;-19.46;22.96;0
195054;3.24975759018242;13.3936123058488;56.5838373503754;0.240177082759075;-29.25;-12.73;0
195500;31.5752925315893;11.9997738651496;5.08092237716283;0.966505505616548;-27.52;14.34;0
195518;28.8391457239159;11.6257925724926;4.7801385848289;0.790587268700407;0.88;28.11;0
195539;3.66923180356092;14.1251694675011;5.94919256090317;0.213488004145114;-22.15;-28.38;0
195542;3.50923350945462;14.097124909415;5.80624035370286;0.484986821916275;33.56;-7.69;0
195996;3.11416944204878;11.4959920366074;47.4676643269723;0.247185396404623;8.58;-29.57;0
196010;3.22386621720379;1.25152326920828;51.6155248175623;0.547578933624279;28.78;13.51;0
196037;3.29763808585127;12.4563830640587;4.80723460069791;0.812521819088022;-7.45;31.76;0
196040;3.40275084928975;1.2690162929149;5.02352650499275;0.207185803571521;-30.35;-14.55;0
196044;2.97127983966534;11.2013118817234;4.47451768036571;0.852909414541515;-10.05;27.52;0
196508;29.053437774816;20.4080879530239;6.6339217930321;0.873184601847709;-18.54;-21.73;0
196526;2.03076639359235;120.806987321413;3.62916904393403;0.554748785822641;-1.52;-19.87;0
196549;28.7088384232749;2.15045623624154;6.88575071059364;0.517402760412649;-15.66;-23.08;0
196553;26.3327674445389;20.9080707240006;6.72952140390348;0.980055024761207;17;18.49;0
196558;25.8321831229076;2.06542583408764;6.54722706212663;11.1086346583005;12.85;20.65;0
197003;20.2707863500078;10.0697790753789;34.5730239355647;0.878220196566914;-4.25;19.39;0
197013;28.695888657946;17.2800959333414;62.3313133744752;28.5517632441393;-28.19;0.92;0
197036;20.4815124862448;1.00790750233752;34.2110043515068;11.2358909960118;-19.79;3.8;0
197040;19.9297512935402;11.3559752136215;4.16197734194786;0.270730164375936;2.14;-19.38;0
197507;2.11952438219777;8.44254138849785;32.0427511530287;0.91218981863921;0.97;20.86;0
197519;31.0054155510047;14.4017366505771;569.303070291726;0.356848012110386;23.33;-19.83;0
197523;3.15777916190787;14.0875012158498;5.72618894079724;0.249213304231711;7.28;-30.34;0
197543;3.16491931765883;14.445800394114;579.889077048304;0.8997993922856;-20.88;23.46;0
197550;30.6184453530139;14.4473914005752;5.75336565107924;0.641113047225117;15.02;26.22;0
197998;3.42736963371717;1.45721843152394;6.20660734311075;1.03134541938681;-32.53;9.4;0
198021;3.04441264171581;14.0932484367058;5.91917040323847;0.898463956869473;-17.85;24.29;0
198025;31.1509356917672;13.5722558117411;5.80835803715152;0.822909909524645;-10.53;29.06;0
198046;30.0521551569993;11.7210294788933;4.80070743202015;0.418313694939414;27.57;-11.12;0
198050;3.58380491142708;13.4148393141453;5.54870459080395;0.156247247041195;-25.95;-24.47;0
198054;31.0825063702062;1.18765879777682;5.04144156544478;0.903526766273243;-21.15;22.52;0
198493;34.3526803053279;1.27357768102359;51.0328743777355;0.932931041890872;-27.15;20.5;0
198505;2.04487641401849;8.23236791984492;3.31259607337846;0.778849517585189;11.82;16.23;0
198534;20.2229909196607;76.6428327187369;3.3078303489959;2.84814280748077;-19.88;1.34;0
198538;20.0835854739075;7.92355684503924;33.3026872376422;10.2834885278938;-19.31;4.62;0
199005;3.17262519635872;11.7889198341513;4.78578025624827;0.468285573237749;31.25;1;0
199017;3.35117894221477;13.2781095148017;5.19715051561062;30.1118074702874;-33.19;-0.93;0
199047;31.2272735356892;1.95608477217361;5.84540296490416;0.449689085911255;27.49;-13.77;0
199050;3.26868023750398;12.109405581531;4.80811670504211;0.48282547124535;32.22;2.29;0
199503;32.369193738957;1.21455681460107;4.88874085912257;0.155187598012338;-12.31;-29.64;0
199512;33.9630626270724;13.2834870846318;5.24222158114486;0.147886985562861;-32.85;-7.88;0
199534;3.41651089164919;12.8634935989706;5.29609142211305;0.096994919467432;-24.01;-23.89;0
199538;3.28374124990534;1.32986826895456;5.25143505409924;0.354352433178572;17.17;-27.41;0
199991;3.21868716539499;12.1884338025879;495.919350537676;0.162541529913493;-27.31;-16.28;0
200002;3.11132136940338;12.9647781479693;5.4958546865278;0.602886990736869;30.34;2.73;0
200006;3.46754795125463;21.2741298059176;6.37900014419295;0.182414547025277;-21.43;-26.45;0
200030;32.2476079892877;12.5141249899433;5.05111743186481;0.273924380946668;9.62;-30.38;0
200034;3.25290454224488;12.3995788423945;50.2769699649771;0.254323893563983;13.28;-29.29;0
200038;322.736431205054;12.4186863547684;4.96377006631707;0.366332107936037;26.13;-18.2;0
200504;342.714428336859;1.36965491065552;52.4002756587081;0.522382302226883;33.44;-5.05;0
200518;3.19466409826434;11.7259553398883;4.78860883726705;0.170603661813794;-9.28;-30.25;0
200542;321.481643863083;11.8025075432343;4.72382116786759;0.126132269942365;-23.11;-21.9;0
201015;3.28839274582098;12.090730080054;4.74815438304627;25.297044920129;-32.12;-4.86;0
201031;3.02039860695899;18.8331395724279;5.46630559446425;0.960310951552194;-18.56;23.14;0
201054;3.51359923513407;13.0921273743706;5.15414203234535;0.342266065702601;25.04;-24.17;0
201058;31.3321896509361;11.6315854511918;4.53081082980917;0.163432549521045;-12.58;-28.27;0
201195;3.05123261928261;11.3279348819577;4.53364449479737;0.383243671366532;27.88;-11.57;0
201209;29.3923772918029;11.4940485958848;4.50714349808991;0.834858715087998;1.26;28.99;0
201238;33.1264937315429;1.22352343285218;49.468327156276;0.401150886132699;30.13;-12.75;0
201273;31.427137289861;12.356016904672;4.7319395673747;0.142652658809723;-9.5;-29.75;0
201281;3.33501582744207;12.6819513492943;4.96884276327312;0.321809162723034;20.45;-25.85;0
201285;33.3594166751397;12.2442879772816;511.770691299926;0.869535102405171;-18.7;27.18;0
201298;3.25335549905798;12.5198583617506;48.2703894114622;0.814577943778027;3.14;31.98;0
201310;3.23069540261266;1.26289415218896;4.92950193908005;0.510344206747993;31.88;-1.78;0
201314;3.36890546267293;12.8992479200003;5.02734325576079;0.10784340390138;-27.28;-19.36;0
201318;3.23587586628298;12.0418571475516;48.5972708609648;0.643418244513461;21.11;24.01;0
201340;40.1033510327245;15.069413858004;6.02163430753126;0.674582673168955;21.17;33.47;0
201346;33.1276800167108;1.22709585514687;5.04660362614712;0.908135695101701;-22.17;24.22;0
201565;2.99145611138191;11.4622942344199;45.8152932474997;0.55755514439593;29.49;-0.75;0
201569;31.8416307601388;1.15141647195749;4.80122234771073;0.638098948884915;19.5;24.67;0
201878;3.33877237465194;12.2813489462303;49.7130209504289;0.563312219230259;30.83;11.64;0
201888;3.23634103253489;12.1455275972553;4.76896551188624;0.697370875419594;10.63;30.19;0
201920;2.91627475274681;11.3421720088762;4.33918807477906;0.765419585028976;10.6;26.85;0
201924;30.2737428126552;11.1142343640957;4.44096553196209;0.275546978834036;14.12;-26.52;0
202296;32.5255318428776;13.3381555826893;5.01783709053046;0.712539567799816;25.66;19.37;0
202320;3.32319054991927;13.0406185824323;50.8492326607346;0.648097673913092;25.31;20.93;0
202347;34.0628959593791;12.8315432360588;5.18681352307473;0.884369637926132;-19.77;27.42;0
202799;31.9424208165417;1.25470672547222;4.90873384000883;0.846756678021298;-0.56;31.63;0
202810;31.2229263569859;12.3990004685927;4.84441767834752;0.835982697849238;1.34;30.89;0
202837;3.00768486053773;11.7179689745206;4.60321325719328;0.104253203129942;-20.46;-21.84;0
