time_ms;amp_mean;amp_std;amp_max;phase_std;i_mean;q_mean;label
8460;19.55781379555794;8.016258664365791;33.64279364339306;0.21682028741396905;0.7549481266947529;-19.54323754621318;0
8702;20.057518184988286;7.946872097720928;32.692262353156124;0.2009182868579891;1.0451999706101331;-20.03026691690783;0
8716;35.411472358453715;14.640719655392065;59.64308807451143;0.6025385492104361;28.203519138753837;21.413404278243046;0
8734;31.44879970238526;13.512911582110853;53.255716715498146;0.4412636778318092;31.3553715287095;2.422329254527714;0
8739;31.180725066726932;12.946680041181894;51.62755968470289;0.7515850827356513;4.98148968079208;30.780227033713953;0
9209;30.206571813129266;12.317105553685886;48.97297279653839;0.1523298783251212;-12.180975650202228;-27.641649967230897;0
9224;32.737503265069435;12.93867052183026;51.64193781954552;0.35922324520955407;29.626471715955997;-13.928973174433619;0
9260;33.372677127764966;12.825542316384714;53.458465892662346;0.9563602682210739;-29.827609273853593;14.968276576826405;0
9264;29.86033116993054;11.908854648264475;46.92287494675211;0.13645252331154545;-14.565715927626165;-26.066823686318646;0
9702;30.550098366108745;11.550035352378863;44.26830952753215;0.4249249109851258;29.506859831540886;-7.9154111112891075;0
9719;31.211575845096167;12.374584367243076;48.600833610576736;1.1674106613924236;-27.81307955718774;14.1631589795404;0
9756;32.550675005523814;12.472153559713986;48.87066490526685;0.3805821589545504;23.19672323967625;-22.8354652734972;0
10211;32.91408205771356;12.332755900908749;49.281286649288866;0.3613013035057621;32.595067465508826;-4.57147400964171;0
10223;33.99874530321859;13.021873156053179;53.23374633007796;0.5097721829821635;33.608414929513174;5.137034954018145;0
10251;32.87851784901324;12.967235519479482;50.553959837186206;0.9402206714026264;-23.132455125933003;23.36421314306515;0
10255;32.67175925482634;12.522100323197355;48.84846392448604;1.0544213432055343;-28.152722935328967;16.57914485526721;0
10704;31.907115030859625;12.644269895367788;48.80731991029099;0.9196491508058485;-11.250189633260964;29.8579507469648;0
10723;35.24589701805616;13.476574834268586;55.5307498458027;0.5152235915977216;33.12605804446169;12.03900058320354;0
10747;35.68980999094021;14.10529263025037;55.23505244498785;0.3307703393375688;19.119704607830815;-30.13634737154967;0
11214;31.426864173461748;13.197977280860842;52.10727193847217;0.3572276250874324;27.0758105755706;-15.9545690462962;0
11224;30.851204871952653;12.686341083965138;52.11565819169017;1.225906444423921;-28.84766476626973;10.936593600573952;0
11234;30.97413332959932;13.34903908761526;53.47741962388629;0.6520365743645918;21.026538637195134;22.74382572168402;0
11259;31.767554998556655;13.685442453496908;55.56931229150825;0.6390229873938132;24.00291141298233;20.80956016562687;0
11707;31.688365489213236;13.503023774404312;57.82627349030239;0.3667928004165906;24.471831450315705;-20.131616250199574;0
11717;31.724567073452473;14.392545114360423;57.070078680786835;0.8201497505405024;5.370931492375444;31.266615597185993;0
11747;29.47874048254671;12.837694343687797;53.82725147623538;0.5077162597803262;29.435294685949543;-1.5998647407355262;0
11751;34.198337161274644;15.143805066771359;62.753799015937595;0.3996294753114992;30.1010618424161;-16.231215005515132;0
12215;31.257479494765807;14.51107383370476;55.90778736863665;0.7167904991819608;8.931249016811481;29.95434551722686;0
12231;31.030738038888234;14.028417823349562;56.1184345791759;0.6428927537108827;-29.404335779048353;-9.91421911352993;0
12265;28.60173935665028;19.902560855076214;68.87590370628266;0.4073704914475816;16.459220941177506;-23.391313349943854;0
12269;28.212470070288557;18.867638431343703;70.3382069701985;1.1738701366364481;-20.2847484501694;19.607968986620666;0
12724;28.846547634449763;19.250559467201757;68.18254677048273;0.9556335996061651;-15.71161404574867;24.1923230489346;0
12736;29.493583521825276;15.97804879367064;58.89229272145876;0.9686812414403008;-15.84782766335525;24.87403922388713;0
12759;28.976072669105424;16.78949241983938;61.73780228974967;0.6242011709612493;23.87597018085793;16.41800338799031;0
12764;26.20527639232901;15.132546251901958;55.572645780928944;0.24122138333750837;-10.621598406386491;-23.956171607579627;0
12767;29.766138006523654;17.10905490634946;61.32194305367517;2.089830836680086;-28.386645756257224;-8.95663522379782;0
13206;33.47790002770675;15.175543002747983;60.7232729363512;0.7918963977811527;-6.953971179460614;32.74770335611887;0
13219;35.21421793160772;15.610745199227395;63.72129726947907;2.8421695444628514;-34.777215647948196;-5.530498739794598;0
13238;30.288404891337;13.337564551016298;55.82648926072283;0.7355231548377784;7.623058066937392;29.313417688315837;0
13241;31.380409560701118;14.363170802313117;58.204454994116055;2.616437855052057;-31.008388774359858;-4.817668504110218;0
13715;31.178417527134677;19.6327421676442;56.9444749165743;0.6204988603285476;19.960401541419504;23.951536272265223;0
13753;31.895437424918228;12.567728965098468;51.08758245039551;0.9641618541728202;-17.238512931555213;26.83565912057086;0
13794;31.213066745663106;11.939839194044724;50.11753741961811;0.2587262161812334;-6.036445587073273;-30.62379565539719;0
13797;35.07308033468376;14.421408659969897;57.86447865900041;2.7957141663532967;-34.93548460596655;3.1036880496362116;0
14210;31.90065046850438;13.742175006797384;58.94777746823303;2.302287928772417;-30.22635282413514;-10.198975206587486;0
14227;32.297194107334796;12.05527511943718;54.47896225590508;0.6292049108122181;20.77453736643134;24.729078923761186;0
14271;29.572702714208667;12.04611906119876;52.5647421878473;1.7637809391314356;-28.621439161657523;7.440293417500524;0
14274;33.47156147959602;13.545220111689305;58.77204748619405;2.8404358357758546;-33.42035618957322;1.8507350011362647;0
14701;35.63507058639479;22.547614969367242;67.1122396940418;1.5161463924847658;-34.2524670076628;9.82989112789712;0
14714;32.535130666035414;12.254588851039076;49.445525683525446;0.5394954522826679;32.51890543565493;-1.027383435203365;0
14739;29.5094018657;11.898405364224402;51.206484042954415;0.821783709415611;4.939478675776323;29.093063587098033;0
14743;30.328552118639834;11.633855851654513;50.45800419324415;0.3529531923709604;20.9071294238796;-21.970730822305406;0
15211;34.00236791338904;13.765746696878988;57.4613253812314;0.4730384269650701;33.983069752334714;-1.1454230333905113;0
15228;33.72800846543318;14.95402635514733;60.10089797520272;0.641327874330208;22.908850198098904;24.754052953918393;0
15253;28.15554863485889;12.881425210282622;51.73384680726383;0.6247309681549338;20.015857099293104;19.80152477741505;0
15702;29.071413314512547;16.297006195071003;60.26212860768918;0.3298484706934381;17.270962156565098;-23.38505801339209;0
15719;21.962342246363935;8.751474144198497;34.02005887410934;1.011072704817503;-19.494890339048695;10.114036168359686;0
15763;27.907591082991114;15.990390520370234;61.18466635146938;0.4526742048574766;25.06163564720452;-12.27795010342577;0
16211;31.64174595907752;15.359711962828088;58.82022091154147;1.009436021627291;-19.893611289558592;24.605778126260212;0
16221;28.78538489582529;12.83101159466852;51.0524140056676;0.8676507610741672;7.1063758073289565;27.89440457306476;0
16241;30.40051342342055;12.523515583703505;49.498500780713854;0.9794116278482805;-15.20434769494644;26.32525455866951;0
16246;36.858901489989144;24.44092339710884;70.9496411783693;0.8962187635593792;-27.1425222093473;24.93716317394207;0
16249;28.096972059636776;11.252462623114743;46.960736859964946;0.5661865098287355;26.8403712950697;8.308688684913413;0
16716;27.77719101170773;12.838756255411878;52.03318383134639;0.39271518169140057;19.838167978975225;-19.442721819201616;0
16728;32.159940202203764;15.592735502011577;64.99616848159087;0.74935211380422;-21.093305434907126;-24.276206862667802;0
16751;25.61608708265396;15.096903865390878;53.39268077632797;0.6975517767883095;8.836066543698694;24.043873345645448;0
16755;31.08077787608257;16.874331908798247;60.830088478333344;0.123259621190418;-19.440644192062017;-24.25028055054269;0
17212;32.118835817783335;11.965337005053643;49.44063738833892;0.39952657865329577;28.56419732615617;-14.686941322213228;0
17231;31.751907692080202;13.077270015736874;48.82684003023471;0.48917551025240763;28.483278842559137;-14.031623871220502;0
17260;19.30073166828665;9.171718822406243;38.10817696064852;0.1006398145342938;-9.68499124259949;-16.694885071840847;0
17266;17.361027789240687;9.480476920759523;36.82548127859624;0.2810461810716425;-5.209967049580129;-16.560843252717437;0
17706;27.492895320223937;11.073997120616538;44.94158142284543;0.7443054997942968;18.47881987360954;20.356633050862914;0
17725;34.02873354766146;13.766417076589097;55.140689286948486;0.18266858094344865;-24.1607538706492;-23.962735220747447;0
17745;30.006721030499627;14.870125787300063;59.915113315359434;1.0236733071186004;-11.387134689315802;27.762140957959442;0
17753;27.235130649917867;15.115164104169956;61.06547944891101;0.9177345014139466;-22.300104863641835;15.635141975328315;0
18217;32.368198333961395;16.477972079777324;62.49935926546583;0.8834783670295764;-19.70599130378285;25.67828207107897;0
18226;18.988952392013235;9.070308518344058;36.61748505357556;0.37877157208828577;16.70287377954137;-9.032957458709442;0
18254;28.025656541021885;14.292413812612747;55.16841980005652;0.7197526884749896;14.68005394384674;23.87327880206388;0
18258;28.683210119060256;14.232112127749508;56.81550560986204;0.6226247506152903;21.291185194835215;19.220093020934897;0
18706;32.47368779808683;12.772380049244788;51.47992151168902;1.00531775008207;-31.59750461198029;7.492536386531451;0
18716;18.814903200768917;7.858580937829479;31.831647470810235;0.15316859934749716;-7.9611193709504295;-17.047614519802536;0
18740;22.161558878138422;7.650389887696367;32.611542792825304;0.41895876410643534;21.167109718057212;-6.564157074059389;0
18744;31.99676369134154;14.205050860208882;58.14481630268717;0.1472792339237949;-26.40114196433186;-18.076852317224574;0
19221;31.835292561913608;13.023471679663825;52.72082415729184;0.6081298094305865;23.87254541147385;21.061515331992396;0
19233;20.303806609565015;8.010288617000327;31.597308977006005;0.9917299166907867;-19.063846895740895;6.986723436230053;0
19237;35.17030143786602;13.937640299460224;54.30087286147729;0.16994424360592353;-23.441482539705394;-26.219210506249954;0
19261;35.128924616346715;13.523677670684203;53.740844266694154;0.8931655217715726;-21.303568798720857;27.93204792239798;0
19264;34.5644435144876;13.227724294793743;53.601642763899896;0.4944044176758317;33.21722354984638;9.555983209787193;0
19703;33.551982348429036;14.648027666853677;58.82434559840559;0.8069849068509011;-5.193269453526167;33.14763146730646;0
19717;32.55986778707158;13.096754993467954;56.73560428249652;0.3407545409402625;18.851380137917783;-26.5475132019423;0
19737;32.004036182531664;12.813224426580112;54.10898950039735;0.6058650197794948;25.736679764493637;19.023187079790276;0
19742;30.63324347733164;12.886475894202963;54.90818062141059;0.8784782576644828;7.855923270453899;29.608783756011025;0
20203;31.19104353531362;17.22771853974477;65.05617408876965;0.27411601380698375;14.956925646727084;-27.370998739909133;0
20215;32.518025987641494;16.731363397297624;64.61198915654587;0.9858056797585789;-27.172532948198278;17.862683653695672;0
20247;28.26535261024013;15.346899149617286;55.49274261533553;0.17670825210337693;-7.103209743363857;-27.35826327680522;0
20251;30.86316751198937;17.16213569621782;62.72709062336178;0.5970179999912923;25.33512953906008;17.62572892427889;0
20709;33.492229068439336;14.189393288969104;56.076117194375435;0.4056713595425741;33.1472001345191;-4.7950527854185;0
20719;34.846090248931205;15.144616522065549;58.18832704111528;0.3760225201669878;31.53639269240178;-14.82248095250205;0
20744;30.02829490585566;13.579045792282667;53.64328511421947;0.39876383073789534;25.197555606170972;-16.33345298542102;0
20749;29.720226277366756;13.34937468736148;54.44275747898896;0.650392961713187;17.083103484126852;24.319938843025376;0
21227;32.055685256890115;12.922616453313983;54.890960812244984;0.16960879140420138;-23.339458415496747;-21.973544050974123;0
21239;30.354069642438287;13.180933202657576;53.85501429967212;0.9081918628134973;-21.998353593117912;20.915113747004817;0
21269;33.79001004239432;15.101070841274879;58.097338575982775;0.8295687087686588;15.488484959993519;30.031177338045936;0
21273;30.31962542821906;12.747138712239892;50.56472245352952;0.6337207029852123;15.750239151042036;25.907714156067307;0
21710;26.605381717980855;13.0745586444385;53.000320278445706;0.623838226857704;25.61895017549204;-7.177445803705267;0
21734;27.612426601616598;14.427088520397366;59.07235321868489;0.7115406139526963;27.57230621316824;-1.487962673237504;0
21738;28.35786220191186;14.784855289398406;60.42332857475057;0.8797309952148669;16.021667308492333;23.398173546638407;0
21766;29.161466682957673;12.916007271402155;56.26205989460895;0.8556253417533523;-3.831928903566103;28.908605292875425;0
21770;27.55711125112493;12.702115669833203;54.73021786579671;0.6037383296997656;26.751425032547843;-6.614804550011199;0
22214;35.87510973447793;14.181025881884416;58.78819218946959;2.3029318778002836;-35.09783968538617;-7.427324409217946;0
22229;29.97505674826427;11.925927413112673;49.508118799486404;1.0527789767546065;-19.743973407885715;22.553925182335004;0
22250;33.56185282965944;12.594174910964018;51.568391923817074;0.18204397611772333;-20.532810677745257;-26.54810070478847;0
22254;32.41886141766997;12.091346027462816;50.3501044231226;0.8321128491279625;-7.543073998095404;31.529107349833865;0
22258;32.57465932535077;11.853829015566497;51.37475426490416;1.0176210893726156;-29.56585736575711;13.673642835410323;0
22704;27.719399819888768;12.066460830541807;49.205276042950516;0.6602723101994589;25.240240765139955;11.45841928420394;0
22716;30.994647490711;13.153137837419758;54.9946355936165;0.9495326437495458;-8.558267460838822;29.78966651612913;0
22741;31.502436039602077;11.967694408134253;50.15466655699785;0.951879988274214;-18.75154404834838;25.313693373983778;0
22745;28.23811440684556;11.161977000560881;46.66069944460052;0.656809169993049;13.630635572595763;24.730484814115268;0
22749;34.53168121898328;13.251095507362304;53.79365080666348;0.22854579410756118;5.810726619870368;-34.03927825261007;0
23203;16.193970944613;12.35549842159168;38.73950466368554;0.5796441088713122;-13.113480652243652;-9.501648285334573;0
23218;14.812232473409715;12.103404020621918;38.955439275211816;0.772517874092366;11.959679023131516;-8.738896298160386;0
23239;24.667963558245848;17.251162178922307;60.60641483317192;0.42551239136981545;-8.813490781924777;-23.039765761566937;0
23243;27.92295246517255;19.043592107268772;66.34042398061133;1.9387198645132542;-23.76954292645852;14.652648342177994;0
23706;29.344259180996396;17.282741394152342;61.5780327340843;0.28610760478663494;1.6094321079023242;-29.30009001985394;0
23729;32.78567827530992;17.299629022917813;65.47670746891386;0.20227354504093317;-25.090287520733703;-21.10398474457;0
23749;27.581405406687836;14.522864707816467;57.44193324460944;0.39154569036254466;3.3868683702309803;-27.372669706311036;0
24221;13.088887383982875;10.09366698249738;34.34306170295433;1.0025317144094785;13.076562775255304;-0.5678722879251622;0
24241;15.34746774734669;10.257412313390319;35.66122256892904;2.562361841807013;-14.590520590957947;-4.7604070351892185;0
24263;15.936457600938594;12.67251624189379;48.38876423616208;1.1941453265059585;10.361575596881721;12.10819689370051;0
24268;10.915418015843796;8.685886792245448;33.17724620591339;2.238842462761541;-10.766032695912479;-1.799691765595097;0
24718;30.20671653428863;19.445900943907233;67.74170383474507;0.9188750952567407;-21.440214400807196;21.278226670244067;0
24733;21.379591163336222;9.408268013639113;36.07323692364334;0.44166975499729616;20.676075486018824;-5.439376876799001;0
24752;20.661197818473354;8.52981949865176;31.809486987200124;0.5381841702455126;20.659805049624165;0.23989707295412652;0
24757;29.77996063225267;15.030489966445913;58.84581092110509;0.19165542578996644;-8.989448644161863;-28.390770830192253;0
24760;30.764939749699458;15.527191139556999;62.32514842148318;2.5148405890528682;-29.849363106801782;-7.449633542728015;0
25213;35.79453429060124;7.418051838730524;44.17870576723889;0.44825513983559784;34.47389819317646;-9.633225236001342;0
25223;20.531618686091416;7.956127841049779;32.1432365161391;2.113893018814842;-20.097386254092573;4.2002894691757975;0
25246;35.74514915307534;13.332578328012078;54.87587918150787;3.080137650565808;-35.744815571979586;-0.1544270078978511;0
25251;35.266133755848955;13.83191357075501;54.57464497091372;0.7093831654301211;-12.459090641666565;-32.99198767076888;0
25710;29.268591997025357;15.288355365979353;59.92745343509558;0.711634086009968;14.595581892454797;25.369656416849292;0
25730;22.26522517283545;7.45277769569022;32.83617413562381;2.8918484434940708;-22.204633082583644;-1.6414998217780494;0
25757;28.386102404621152;13.99671723153881;57.99082698594081;2.2663464121311687;-27.800533413548894;5.735952549297307;0
25761;20.850080239117226;7.466310981153122;33.53391774336037;0.24309408125029747;-4.50623221017545;-20.357301325215087;0
25764;28.791864044683866;14.56656934052182;57.434845044032144;2.848355369188796;-28.791813261471194;-0.05407665051546621;0
26204;25.970535881717147;16.29827461693177;57.932481881565884;0.6131047643748299;21.573173483239216;14.459146580819429;0
26217;30.137221029118063;16.48401846351092;64.77385195764198;0.3599168664383551;13.885472210388764;-26.747817721310227;0
26241;27.652521791744114;16.448727986615626;59.30552284564706;0.6731178676334197;17.48121646442999;21.425896302526642;0
26246;28.732314053124295;17.241047629690765;61.99520061296631;0.5334947539335265;-2.7959798499930897;-28.595950194490765;0
26716;27.8443757395109;16.637291367414516;59.633719284733196;0.4507405288421459;26.42732586782077;-8.769589944750807;0
26736;32.221627274890565;14.092676297916936;54.24700424990858;0.523591961529393;-1.170551922857205;-32.20035826567566;0
26781;27.58856726438875;12.948793572134692;55.44550355927908;0.8249840529356951;9.536630328432038;25.887868310861997;0
27210;28.755434370471306;11.181103528191542;44.11010332845521;1.0585136953586531;-22.146899418962168;18.340933781049856;0
27228;27.863417533417874;11.457921487197828;50.13373900748646;0.7387613855253289;10.572039505618596;25.779876208648062;0
27250;32.87980724802499;12.313501470552898;50.44929802968137;0.8541420540370894;-16.887962294604705;28.211317838826428;0
27703;35.7114849557012;14.161112346465677;60.19806889378341;0.18373905478930894;-33.37344014608906;-12.709195511781402;0
27720;33.56288574946221;12.210561790140055;51.68575702780547;0.4347888341953116;31.191654613194824;-12.391447951011035;0
27724;33.35007968383266;13.226667465160718;51.366765226223755;0.6231940626935806;22.878521936885363;24.265223034240652;0
27744;30.65464919403336;19.86697130715812;56.97480607167261;0.9142668057184774;-11.442296130491822;28.439081850006726;0
27747;31.990896234743197;19.937819498795783;58.61323345204398;1.9651045864243553;-30.975799861050618;-7.9948273821417155;0
27752;31.010631065359267;12.417999252103275;48.32717498538769;0.8562351139219856;-0.19090482279066837;31.010043444349776;0
28203;31.782003977211616;14.267774454555335;58.13074146766979;0.8705703371968672;-9.402538790127219;30.35931555729885;0
28217;29.675272986851102;14.297851934526893;56.839159725781315;0.338969155419412;-4.157010506160869;-29.38266649737227;0
28221;29.340558352419258;14.355268029468583;58.1559884405996;0.31424283528372887;-7.844087738688895;-28.272577738499013;0
28240;32.8818032865719;12.17949972356137;50.932976938916354;0.5287617972881634;-7.4263669195469;-32.03220351073385;0
28245;32.116026645499275;11.951966366780589;47.24907020885208;0.3698504846841751;19.60489647249266;-25.437908754401658;0
28249;27.716770553415362;11.986669943223008;44.01808574519785;0.6345313776799139;26.995053584148796;6.283824623555954;0
28717;30.266754691737177;16.389756385666793;59.44032523383861;0.6458551599827473;19.232314358762324;23.370804949242526;0
28742;31.06108274189858;15.758830082587446;56.5530844614634;0.7314161302366113;0.4443108184303151;31.057904774721937;0
28746;30.57771263812353;15.877131291594985;59.43195464584717;0.6518015946001209;25.513450822662882;16.85408963128006;0
28770;30.477707432762752;21.84745194338672;68.32762309705211;0.6961931375498518;22.375036285435577;20.694163466603893;0
28774;32.64886570643492;15.942666854938608;58.92953135742337;0.17199464156009936;-4.808395538881129;-32.29284385523347;0
29214;32.84103905484001;16.39055046977505;60.15013933798473;0.19589850617169724;-2.625842871206493;-32.73589460236669;0
29225;29.942093482244577;14.65914547407469;56.44659318201349;0.15626451915433875;-27.785284586271906;-11.158267005200855;0
29255;30.00989311635057;12.96388727934273;50.676153398917506;0.6130917703195712;24.974544986815616;16.639284466475967;0
29259;34.92636254333411;14.965183702092935;58.07955769346725;0.10250318717517884;-23.795780056954666;-25.565829773145452;0
29714;26.941507108972957;14.750247663724219;55.532009019851955;0.6846192037227946;23.309831144604576;13.509129406177989;0
29729;27.97826021493076;22.338064184818965;74.27396382850138;1.2527139300584629;-19.712491065248024;19.854489181464583;0
29733;18.90317797593638;10.832088901794425;40.59773434330189;1.2302231662647243;-16.984985769041295;8.297011270053268;0
29755;30.284952572026572;16.36176501732628;59.473436291693574;3.1174475929632166;-30.265190838132146;-1.0938810819010254;0
29768;30.430664831716214;15.308954621774063;57.47648152487979;0.46378407601958127;30.385580264054315;-1.6558605366886903;0
30216;34.492289748110814;14.481183438600175;57.934469221961365;0.7972861162363821;6.799267359590911;33.81549963316278;0
30234;33.853182612414415;13.679909199969119;53.58789977149897;0.2222418769194654;10.28052444047486;-32.254438302631726;0
30237;31.72964953117239;13.272526994874298;54.04025360103281;0.591448121040682;29.00801403221666;12.85712958936596;0
30268;28.75484034959515;13.87052433544528;63.36743321708694;2.6898354336549564;-27.66967411857313;7.824958639038898;0
30714;32.777104350589205;13.054722350901555;53.825545464625044;0.5313690806514553;31.605067397353608;8.686672804828655;0
30739;28.289038333234064;11.032980354889805;43.910284494240564;0.5272925275763775;24.812076023582073;13.587883323725219;0
30759;31.36309620152166;12.327321367021678;51.22372534867025;2.5942576519918137;-30.746160708761867;-6.190105412421538;0
30763;34.67719569953734;14.077675676066322;57.294434621439656;0.3798300417914427;29.122360622001843;-18.82540871763712;0
31213;19.37859184868231;7.6662683910084795;31.747371053247573;0.9921426009907631;-17.756695431253675;7.7607724744068705;0
31225;32.26256771602409;12.831245788915485;51.897340805239054;0.7016800075837428;23.27869555433158;22.33776194966234;0
31245;32.29436426873968;13.168079150941534;52.13261642108763;0.5162997832255163;8.144359941499605;-31.250525830221584;0
31256;30.02081056322251;11.70408136989914;47.33588254312934;0.2547124399147483;7.635193306925291;-29.03365099395485;0
31712;31.215970964143967;11.884090264295963;48.427746337479654;0.1603366523922888;-30.271551456760427;-7.62036847107703;0
31725;32.571037808968555;12.867535708573593;50.11506667122268;0.11735389032884892;-22.898892410767804;-23.162755240112084;0
31728;32.83197546716066;12.337007172277753;50.77370202633285;2.8947854799825157;-32.82386479293963;-0.7297349731632692;0
31752;36.360185278889205;13.844373572667383;53.96240155432764;0.71163473500401;6.615262191318757;35.75334081810062;0
31757;30.942777885578764;11.41137232163141;46.81839738028018;0.1269222277815923;-16.94169144297558;-25.892751772016627;0
32212;30.526181870490756;11.982255851428429;46.489853330398;1.0299688578818214;-19.82192937836427;23.215057512515838;0
32227;34.821714127789164;13.10604660293179;52.0417691635235;0.17914674525569485;-0.7277910570739421;-34.814107700395176;0
32248;31.01733254481815;11.649071087412954;47.27297091382087;0.17297140077140608;-10.613436042358815;-29.144980589641744;0
32251;33.206366797736486;12.643536167303054;51.926655278252554;0.4709867695428304;33.18811433050647;-1.1008465338307356;0
32707;31.221234344666914;11.877243678199976;48.21996812940104;0.13959725106315687;-28.149744244185246;-13.503976191906165;0
32723;26.200773602252365;10.836093033921507;42.27370699010528;0.7509098518047003;15.494966391503986;21.127862028199782;0
32744;29.771341158604994;11.71785056239724;48.20511331068648;0.6320175229704538;21.044729860305573;21.058302388578493;0
32752;30.517951559393847;11.195854320448587;46.60590340973967;0.12722983619752395;-10.501199916364914;-28.65432197240142;0
33217;29.248848016907363;14.596075126177727;65.9838314349967;0.4131812209072994;20.230936201390094;-21.123549198262815;0
33248;28.736343607949053;15.903379561526016;63.7075802303919;1.0771234562442904;-25.234621948101463;13.747410632206718;0
33272;29.592345703154553;11.807485326009328;48.327000668875726;0.39869080024701303;21.790770281233517;-20.02171957563885;0
33275;29.745433868571318;11.887783535313313;47.437738416619545;0.4029468694061768;23.35734250765031;-18.418072293534458;0
33279;29.592235438713335;11.615189074441185;47.98475628255669;0.652416244848504;17.556140178134648;23.821887840931662;0
33714;34.65653026480298;14.461357278494193;56.89722803322165;2.69247271054249;-34.43712205612653;-3.8935478020243015;0
33726;32.29788155764639;12.57731438502234;53.25354438157981;0.11484916386821467;-16.16839186348215;-27.95954680713976;0
33750;20.457777705014323;9.067783265044914;32.83289400555045;0.9982494491896543;-4.555719730451133;19.944073966102295;0
34208;31.68696050775029;14.064339037236405;55.13361124577272;0.16714291858404268;-29.86629370629181;-10.58621587108636;0
34228;31.45951561260695;14.134251498492656;56.069731457369926;2.4501735647349894;-30.816525111356537;-6.327946162934109;0
34247;32.51622297468171;22.215285651829145;72.67780815222959;0.6013886582073088;-30.3098044694467;-11.773721143424773;0
34258;31.488899527196907;14.387935709060164;60.523472232116234;0.20768512022633545;-9.894204081490882;-29.894071636826435;0
34704;30.91082841504504;13.461161630524233;56.12531472772022;0.5072190249011289;30.156003876399915;-6.789310974679917;0
34716;34.52088197327228;14.61105693175423;61.34414542259132;0.24358227514430897;-26.222858352510855;-22.451124516084864;0
34747;34.15514609382352;22.644173102052807;70.89717245599567;0.3997057939982947;19.748603727016913;-27.866945572195057;0
35216;33.44958976687865;12.697745160121249;50.77818032889232;0.8105617778675377;-9.85249102418048;31.96566089088283;0
35227;33.507823026191694;21.76837082111706;62.263727370925025;0.5801462896165264;30.153000936835927;14.61405961592309;0
35256;28.94291250813971;19.017887045392524;54.73499411522274;0.8650658705952643;6.866193181369267;28.11667789142146;0
35708;29.080704586044696;13.200717871287289;56.81080810987036;0.33655309534736927;18.7234024853453;-22.251327569216325;0
35720;33.73256172062233;17.097629539886924;68.89039785967803;0.22813678039341176;-16.91874099851168;-29.182904640574673;0
35745;29.474028204943178;16.10334455503224;62.79793849366147;0.9211204962741218;-12.123666170585437;26.865127157897245;0
35748;17.939602443627194;8.373577905006794;31.472151132219402;0.5718514434148014;17.865835204317946;-1.6251979225769362;0
36205;34.368767453113165;15.392450319119666;60.91634774150461;2.7452873303762817;-34.335730770980206;-1.5065751454653722;0
36221;32.37586614424216;13.43391288583131;52.95590188248464;0.41846070306082245;30.77182436057892;-10.064369533734713;0
36242;33.99952232603845;22.279359735825807;65.43351291733035;0.2796534440262026;13.833844702843066;-31.057885619217675;0
36246;33.989085737070525;20.937560422380894;64.96732388673547;0.26846376270228967;13.20503770532998;-31.319082496822038;0
36704;15.174964999209285;9.519917198348598;31.265858089549038;0.7975111900051971;14.994324834952844;-2.3344775585006734;0
36720;14.564596393658144;10.96717768578358;37.63625217495327;1.89986941059327;-9.448363720151951;-11.084037672341077;0
36743;14.762800956172093;8.155793047301026;34.98248488508276;1.0778384310523992;2.702210266690253;14.513385261411255;0
36754;17.65143878283768;6.704328352226653;32.11357071810837;0.7566928005090592;15.451226495863338;8.534218820594939;0
37202;29.578511586688354;12.4379910442518;51.656793762471835;0.19815602251156506;-27.563600121269634;-10.73015824853491;0
37213;30.17934107588241;14.058619011744907;55.11431542016552;0.5194829469711575;28.989410794472242;-8.390869416441866;0
37216;29.959967969979456;13.58072139937306;55.3031854660808;0.6173351528194135;28.07945823998614;10.447186497381454;0
37243;28.889523169987967;14.347106105770463;55.64626118797971;0.47901217463813356;28.88273432386848;0.6262642941292695;0
37247;32.617998899020286;16.75485089477113;65.21264925796505;0.6446983319568028;27.239233657057717;17.943188176929503;0
37714;27.285875205168086;14.88982923575061;57.850743198053905;2.240119703462877;-27.12143475336084;2.991113944870266;0
37726;31.558820135708658;17.229961516476575;66.90181726102716;0.3586574874671436;19.80806464630616;-24.56826618477108;0
37780;18.09291886568431;9.758154875963431;38.92834935412773;0.39490201239730854;9.247894369026985;-15.550889454290202;0
38220;21.6392288717008;9.944631205711914;39.683659808362435;0.13809907117456371;-12.049030143861938;-17.974345572347158;0
38232;30.57016018417583;14.325160849074502;56.24906534826343;0.477519591486436;28.569433824450073;-10.877598293581965;0
38236;30.81764765482578;14.342792430390473;57.40882861855164;0.9387998588010023;-14.68974227359022;27.091306334551042;0
38267;31.930035532233955;13.778311871875614;57.90829621705908;1.0481543926009182;-23.395442057538563;21.72971375840185;0
38271;33.12221642454262;15.268219989916128;59.67829912962534;0.22452611683271964;-0.17144950924713254;-33.12177268716184;0
38702;31.349481475332176;15.57271247297337;61.901887702346215;1.0171259499790266;-27.226904392905286;15.53980907063501;0
38713;28.245632039060098;15.374590299664687;59.07334720136268;0.5470966388625642;28.236490800680233;-0.7185517024396442;0
38716;20.358310381151476;8.31874304323086;32.01437053402774;0.5645183599784271;19.67980826753695;5.212096327609874;0
38738;16.928554505514512;9.562576482576455;37.53109358871073;0.41111135927128356;16.87394553927025;-1.3586462320697443;0
38742;27.986213730969776;15.5243455639608;59.54211361455377;0.6670807290290618;17.897044097236524;21.51566804858944;0
38746;28.152034705895232;15.011416759359149;56.808601544432854;0.7262064674463679;4.550157912293499;27.78188476426901;0
39216;28.466129692058125;15.507406178334971;60.12814901241999;1.002494112877736;-6.481668375506383;27.718378645134237;0
39229;32.68441477695812;16.646764886537735;66.60186205264688;0.35043703918216274;19.565439024283144;-26.181378212372557;0
39232;21.24897043734458;8.410283396214169;34.2926562219941;2.9499523432556813;-21.160371250510053;-1.9384099637928767;0
39254;22.379518844629636;6.7217294290489304;32.387230974349755;1.9872177517878207;-21.878256159845137;4.710071243763879;0
39257;21.710243680715237;7.279835532067051;32.80624781912628;2.504491969623455;-21.438754200107727;3.42264503321615;0
39707;20.536722084263314;9.575200669977235;33.53749207203239;2.659050574041895;-19.877156723351224;-5.162905631676972;0
39740;26.58797532710832;16.506789946149432;59.08796418725916;0.3995753978628711;18.950647707043423;-18.649219379868175;0
39761;27.657814556245057;17.83687240076207;62.732290989941795;0.8485671094735213;-13.166359743665346;24.32286325924704;0
39765;20.164689471284916;10.706636686041255;34.85220373662659;0.45163650276759437;19.56735151060015;-4.87169953239757;0
40212;30.79112980306391;13.596054535451664;58.957269738245266;0.2465358969099961;-10.507195170151777;-28.942918377480005;0
40226;30.839759636565248;16.04899685715635;64.63518197849142;0.7452608863182529;16.09854175382778;26.3045191524457;0
40230;31.042960193377965;15.626356975838835;65.60043168474596;0.42473365554452186;26.03386511334688;-16.908673656668316;0
40252;21.029960424384264;9.780999946025423;38.09936750970766;0.892156186159451;-7.546806177105654;19.62918622807294;0
40256;29.494679411840046;16.933229764524825;66.57810263795972;0.5870012849304309;25.647690512861402;14.564754888555465;0
40714;34.81659747330429;14.090921270906643;55.221384068119704;1.2127245685446266;-32.26016729629398;13.09492518624002;0
40725;35.57433517557053;13.27516927495461;55.14476828371251;0.1998670458364136;-0.8954439807324475;-35.56306374964346;0
40747;33.72075082667155;12.85742228070233;51.63604384051546;0.16166539119536844;-14.416357492091041;-30.48372800322658;0
40757;31.489621426175656;13.160293897147644;52.373605921536225;0.7706888124513525;19.07937414599527;25.051421910961224;0
41207;35.40406156424185;13.72888374839506;58.520471183816596;0.30696690093458695;15.530921518432104;-31.815688771939698;0
41221;34.70061403683613;23.11220566602011;66.25758873264866;1.000898727271389;-18.539703062921326;29.332780721782484;0
41226;29.56214634567281;11.99005130594963;45.05487139454751;0.8530534294086484;10.63573886982932;27.582631405574382;0
41246;27.6730429744702;10.879803006912141;41.70479183079366;0.6022078925278502;19.600202761164514;19.535336167778468;0
41250;29.293098144639554;17.72788456266575;53.113684591309834;0.1595041292842469;-20.108151723970245;-21.301357542590512;0
41711;32.236810355285336;13.02982240106639;56.23354234544614;0.25015846789863655;-4.329570528058578;-31.944745435285572;0
41722;29.841432508375366;13.189051796101648;55.9899930886796;0.5172389076771532;29.815421917696096;1.2456765317245801;0
41752;34.31012701936002;15.184115922888607;63.61576768493424;0.6203615946209734;30.714784259091484;15.290089731655739;0
42215;26.656363211109266;14.564511980805646;54.96204961536049;0.9563098683520026;7.426176902794164;25.601046780375718;0
42227;25.2122737433911;15.961855668427189;57.1753094697933;0.943396544828956;14.920345402705985;20.32343574240435;0
42265;18.879087815415605;9.013199014436008;33.778499607025616;2.359918222321431;-18.68277793779761;-2.715467780902017;0
42711;19.014172097468613;9.73807979232691;38.533553961846316;0.29871032931846814;-6.046452030265988;-18.027178326012262;0
42728;18.305139186323647;10.548558762688053;37.07891178008569;0.34515004959601103;-13.83598501913377;-11.985142434739249;0
42748;31.20844398480482;17.858342687274423;70.52717458463805;0.8984322813556344;-16.395747877838573;26.554593340494822;0
42755;30.34529886459968;15.059104766951684;63.52359330754134;2.4659220040067473;-30.303851275205826;1.5854844912772932;0
43203;30.828430571253037;16.728854036928436;61.54468637821199;1.0874926520606292;-20.324418494575042;23.179951344727726;0
43220;34.84268110777389;17.723036194247367;70.64731225117274;0.18628571627359317;-26.428474090965103;-22.70568616010558;0
43242;20.376521216055014;8.114285323196267;32.89222131799773;0.5492046931313748;20.250932157326613;2.2588412134753875;0
43246;18.965361145673082;7.744143647432818;31.253578272130582;0.7874906431150086;-2.4772321899481335;18.802878611076842;0
43706;28.579248110434825;17.31093400910348;58.531469540177945;0.5508450553534636;25.34086699344005;13.214154629735997;0
43734;29.636471150662974;16.354665658816803;59.57191784447043;0.35752992979854376;22.096298533434805;-19.750291475960694;0
43756;29.724160833301678;15.201973325238558;58.613645766125096;0.5930492631578115;28.180337447807922;9.454856877375779;0
43761;33.922157992776675;17.318812439970213;65.27081863743179;0.36227887232086725;25.217167020080147;-22.689365138061593;0
44212;34.39425428314097;23.718950987430727;69.14792845309458;0.11949629464674401;-21.178172101982042;-27.100733460779068;0
44227;32.78503467498839;13.84452098129631;56.401525731614775;0.18475104561824052;-17.49405443098987;-27.72754151030622;0
44270;30.10522581698421;12.797689706544896;52.77357678308722;0.6843812821791635;13.557946760685711;26.87948476303116;0
44274;33.209622091717925;21.751845066303193;67.82547864881563;0.12821203396008257;-20.501830320525617;-26.125733539617517;0
44701;30.706161109351743;13.846308985200581;51.49580500930989;1.0575058511169675;-29.336862475928115;9.067349675729202;0
44723;35.98176650813288;14.973909986816922;56.76664351631382;0.10783668072540671;-22.6029321885038;-27.996338645038776;0
44743;32.05189103760342;12.644777444539702;53.26993578360126;0.44630535718005665;32.05050200146918;-0.2983966156354014;0
44746;32.37425288690461;12.43943972691378;51.65230633199532;0.4639905086475827;32.31828329102149;-1.9028439522284992;0
44750;31.312224198615382;12.82858119072269;50.11340742372482;0.7043301365774045;27.240494433940363;15.44055851511916;0
45209;34.42626490444587;13.444234000389622;53.233564621879;0.5587907099965025;33.269084255065046;8.850748448603913;0
45235;29.147028397967926;17.839313650330222;71.74614787557255;1.100109725046121;-17.215193678966386;23.5199143499211;0
45255;29.037401334534625;16.781957944100355;61.97846410207312;0.2570043390685674;11.190725091529892;-26.79437157666954;0
45259;25.482545352312215;14.952906281870591;55.48601208758701;0.6411167320244318;24.661808362394062;6.415241689071357;0
45712;32.76853736420453;13.491803976820599;54.444163348389395;0.5923260637471016;32.207100545137735;6.0398439934039025;0
45725;36.67179543518851;14.493260619973036;60.14528575478466;1.7733822387042903;-35.87694012440231;-7.593796662432039;0
45748;30.73859778319483;12.671573964111118;49.34898892899947;1.0331475411000473;-29.25069603721693;9.447654471633259;0
45753;35.91120304469742;14.16063674002966;57.56304984198951;0.15294411316169315;-27.621376738124702;-22.949380192241993;0
46209;32.362359140433654;12.44160200022358;52.1122911833344;0.16946695488308805;-28.022818103668545;-16.187771763374844;0
46220;35.144674071509826;14.17175591107637;54.879048319126376;0.5897207437019957;28.755919688298345;20.2050785317155;0
46224;31.257276618409374;12.582005739870414;48.862634767434265;0.5612646725437752;23.395887652981262;20.727995140120047;0
46261;31.108666227353563;19.427663749673037;56.503770433061526;0.4185370421580418;27.929408757113993;-13.70026426471155;0
46264;32.711635858363074;11.790561010648362;51.006176689976975;2.8043367977865725;-32.70389335499142;0.7116740514398745;0
46725;21.010639754483773;8.165361344155182;33.915258944298145;2.8372787789484426;-20.957018328415067;1.5001218867708486;0
46739;33.51425688424356;22.02421484501194;66.10117458275103;0.594118635310336;23.56526187173355;23.830313624031213;0
46743;35.61255453433154;13.618896707665828;54.08406372149595;0.16621131136734135;-32.87525912899777;-13.692018757728405;0
46769;33.65176794398797;13.179368739309313;52.71413447474645;0.3428459601112332;24.59045631659062;-22.972830559116236;0
46773;32.95672416215985;14.181095825211111;54.76228332589918;0.35332935387817377;14.500743115639604;-29.59517049443915;0
47206;30.312488249445984;14.448804109272185;55.97354818134234;1.3190144412605764;-28.79152578618417;9.48129668222089;0
47216;34.78475689054763;15.891359306648681;62.2995245433688;0.2247835104721235;3.5409899491672356;-34.604056151185475;0
47237;31.66342872264926;13.70783643664168;57.17446420422208;0.8401297541384056;-13.285373185245398;28.741460954569668;0
47241;33.20126471741495;15.246894116179696;61.5179270670394;0.15606216087341612;-25.132093590707605;-21.69566432685979;0
47715;31.436162232878775;12.336710149458034;51.4086206935106;0.7144171273328098;5.655855627102688;30.92318859783455;0
47727;30.56040382849762;12.067216595608206;50.98243662398818;0.8282939531593503;-4.943282234202344;30.157954886130316;0
47748;35.724734859585546;13.800541226654294;58.95847896707115;0.5731687135652749;-30.93874891094773;-17.861984677325673;0
47753;27.672700583768584;10.567993172013558;45.16005055346861;0.9447234069918445;-21.65788255088452;17.225402201719355;0
48207;32.76453334627339;13.218979715981755;55.4064088725427;0.727987813242244;1.4067304798686298;32.734320746825794;0
48221;32.43909082813319;13.613043633914884;55.17798382615981;0.6310902849686578;22.374253104250414;23.488026987868;0
48257;29.834588623809665;13.969542058859814;56.92737831886698;0.9786620598982715;-28.44373841442158;9.003134085634356;0
48702;27.167010939111094;17.56723122198394;58.33732687584446;1.033813269675683;-21.64937179199889;16.411922019604667;0
48715;19.038945505003454;11.369093411520591;36.835458425900484;0.7299226092014673;8.39093906297401;17.090160548805503;0
48719;29.750139551402558;21.30922099313553;76.87563379544002;0.682503819772165;22.487110718352554;19.478209744955528;0
48739;29.73783042620185;18.781875524703224;67.55345671433749;1.1984881976721005;-26.53389767798808;13.427242176694186;0
48744;29.10142862912284;18.381593002752485;65.4756634335332;0.9827708397443629;-15.465657618683837;24.65170547198666;0
49211;34.341786825626826;13.241023331524401;55.39968955290886;0.1703838876025537;-18.887693347953373;-28.68123711366848;0
49225;33.042400425795684;13.455845041461114;52.96039759262042;0.6051020056995606;33.024392671414745;1.0907403828735345;0
49228;35.002800717284316;13.31098523940154;53.97767005397946;2.0868239495283225;-33.786714325239146;9.146255690641905;0
49250;33.748868879833736;13.592938803427783;54.169374255439614;0.2899145507289473;8.913542323716287;-32.55049790573914;0
49255;32.18869024258982;13.106729809890158;53.118255576442756;0.19547080834317146;-29.586306562194213;-12.679205162046271;0
49705;30.573005373631744;11.930924556309224;49.719559930374636;0.31551668492173107;10.650550833802118;-28.65788590445416;0
49737;34.985061095218164;13.761694981306395;53.98514753971271;0.5887370208412377;-32.550397128713165;-12.822875909842118;0
49757;31.163521574190398;12.269936317806406;48.12951678856038;0.7375676399262218;9.058559346585877;29.817907026976457;0
49762;32.07671330598046;12.677609987663846;54.37834586051358;0.3688190475565259;20.003040991320038;-25.075762951775452;0
50230;28.904192204067694;13.645737237505877;55.766086220607434;1.2018332068762119;-24.67335288938794;15.055828909941145;0
50247;27.497852210337467;11.258791476992013;46.86484193961626;0.8825825654845361;-0.2658161533300495;27.49656738493352;0
50270;30.443439971795506;12.378436488680721;48.39924128768633;1.282843616873236;-28.83542657571129;-9.763258242670807;0
50704;31.233875852515975;13.569230468384653;54.18144072442646;1.2153919973048626;-28.479937410085807;12.823734475104178;0
50716;33.32138544796239;13.74866828513316;59.3767824846859;0.2346788136778588;-28.15209842083489;-17.82621896744527;0
50760;31.125014749861688;12.683978839329008;53.788334363082114;0.21819741556173883;6.201516918655332;-30.500946396574964;0
51206;30.709665946344234;12.490893548647264;49.07990263863512;0.5516933140162286;30.645271136265745;1.987697039493772;0
51226;33.764405733908134;12.665091452342555;53.24303706150291;0.9450001267279146;-27.701532564097164;19.30440851630096;0
51255;30.251164998652254;11.560096038198836;48.096404777929195;0.7798139985848579;0.7594661095078774;30.241630164463558;0
51714;32.637665134691524;12.290100693721975;48.178974009358065;0.909942709199071;-25.590132986834536;20.257400602258464;0
51735;30.186353239894185;11.964235724527626;46.32990795277844;0.23945980186771018;1.5793472032014595;-30.14500927741456;0
51738;32.34001515348444;13.521728396475247;51.72309586856479;0.5499238083439962;32.19117351227686;-3.099181832369209;0
51756;31.31431857082077;13.23980271160638;49.43213933791193;0.76411317573778;18.719327241259688;25.10325347817457;0
51761;27.80528293364287;10.854930634004482;42.62096132372338;1.0217427875771008;-15.237248032985642;23.258547491217218;0
52206;30.565959797917763;15.587124099946537;61.74404861575257;0.16473044493474479;-23.726637016230967;-19.269784489400585;0
52216;20.800659988724327;8.913906308118001;32.831338789956945;0.24057430726091764;1.7923110784619765;-20.72329792683924;0
52219;30.4921493119711;16.9725742574251;63.382320335773834;0.5456228403874053;28.44415012055194;10.986423147824086;0
52249;28.304778115395095;15.99403674012951;58.82934773346215;2.479102179381373;-28.20623139192238;2.359867544393471;0
52706;16.532376485993357;13.123692854510095;37.83142267593291;0.9081785047055905;8.070040036728052;-14.428926712691846;0
52719;18.512002050667515;12.808880614423982;38.3612223369489;1.514768378961021;-17.82801841089077;4.985577144610038;0
52745;28.120287843911676;15.027255952249222;58.81135663636167;0.32425792040243917;14.353803736195918;-24.18096165844557;0
52749;28.80302724559147;15.487548651945946;56.913165142933174;0.20895575847407202;-6.077727606043494;-28.154495301053103;0
53203;33.91197805902047;13.26563330871244;52.662454011503144;0.5474329527420615;31.957715030486902;11.345779211040432;0
53219;30.196502066251288;11.68769669292015;47.370707993296186;0.940759852295856;-18.23844129396685;24.066324941786252;0
53223;31.046232782651096;11.77148385433072;48.36576752620842;0.24407668400798313;4.167188547903912;-30.76529066335597;0
53242;29.801169371402963;11.667647079348432;48.109823302514066;0.433917309768534;28.73438234315873;-7.902212807828815;0
53247;36.05679816650129;22.32625314152231;70.39422166444223;0.36847308769762505;25.634746792885405;-25.356507071843748;0
53713;30.076375074977452;12.232031121137199;53.99242809427894;0.20711352918287868;0.03699361890387724;-30.07635232409152;0
53730;30.371117654448852;13.334114325697719;56.21105280702445;0.2623226589340812;12.816875715560155;-27.53420571711229;0
53754;26.64528917239617;15.18383699634507;60.20620681150131;0.6690301560357885;12.14988997564675;23.71395388079118;0
54203;32.612156746148116;12.952104726793351;52.762876079131715;0.4820645515356059;32.40199620458592;3.6964049552685303;0
54214;28.747791986711356;11.57452039300581;46.71931757199246;0.9186206368260974;0.4199665992509668;28.74472424927293;0
54240;32.05785691771415;11.858454370364447;51.61514974307179;2.2083554437788875;-31.582640327589825;-5.499365426549653;0
54245;35.16617930985113;14.141616841156738;54.97120109326394;0.4106254750024239;29.155249679490886;-19.66294950863548;0
54715;20.912001964901126;8.90036019626495;36.154848322632056;0.8627641582747441;-8.639141018998421;19.044082247088923;0
54726;31.484065619371552;13.041628159446793;51.533262515354885;1.7567036090728734;-30.56651715224861;-7.545489851970201;0
54752;32.110226389352306;12.399647902191255;49.1056502544175;3.0115564871057736;-32.05775451451883;-1.8349425773863006;0
55206;27.85447612359156;13.937616728743047;56.160906282532075;0.3182950159130671;6.90305709595362;-26.98554507231115;0
55221;29.91782719787574;16.49668500343179;64.40399079690562;0.5333680104701024;13.518222788809343;-26.689586674845103;0
55225;26.66352603711186;15.000406252128531;56.49290158846468;0.2788843081404706;-0.9086731544681722;-26.64803808594717;0
55272;35.16309981925852;15.096373095868453;63.15665475191348;0.16941384404183543;-32.41328428758925;-13.63167600080997;0
55276;31.287649227401793;13.52802945553404;55.1478827981941;0.21655406655322026;1.0739208630424;-31.269213104215755;0
55703;19.269842514826045;10.713375587569802;39.81705267588043;1.0930187938410936;-17.71339961617346;7.586982574379836;0
55715;27.00423253448029;14.961793564116514;56.50540958702499;0.5225669467646002;25.87541332685126;7.726031318917377;0
55736;31.914295971461097;16.14101183736692;64.19445691692515;0.4188734321278159;24.7189204753993;-20.186561318979102;0
55740;16.07860351102777;7.907059462598465;32.88436893650728;0.8698335872047387;0.7083978995463991;16.062990483740965;0
56216;35.201853291464765;25.029617906674556;77.89926737780159;0.15938229243147845;-25.42308411254675;-24.34824982129479;0
56228;34.035172408425886;14.797533310863232;59.652400989515925;0.12474248293434968;-21.75071653122515;-26.178221697616582;0
56248;29.009703977422294;13.842758272252253;53.02321316995241;0.7553649035892253;15.375013285120362;24.600241692716015;0
56252;29.88022910768565;13.882768141672557;55.96107334155259;0.2808482159195657;20.58616740974585;-21.657280598119947;0
56725;34.90416968166644;13.402408307291097;55.199930213033234;0.4631195496276401;32.36382135437476;-13.072265622633248;0
56740;35.92141076512017;14.60316455457808;56.66476065854993;0.4010242075499949;27.741289651045403;-22.82035494582178;0
56767;35.541335253830084;14.624329355422653;57.36426852454293;1.1930751159280804;-28.581325302164945;21.125680003185018;0
56770;35.900025188698;14.374150181261175;56.15140612840692;1.3678074184430613;-34.45409469229289;10.08598867160112;0
57224;35.06508206463535;13.655777101547741;53.65885634355864;0.772831305825179;1.5074260361994622;35.03266542735508;0
57235;34.57072038376279;14.025958137751905;54.02049031706925;0.755914375748243;20.417301706245357;27.897464022531913;0
57267;33.674817691413004;12.886867266841884;51.244929903752464;0.933260498468237;-25.17259143994582;22.36814669898847;0
57272;32.65904829965845;13.463784780406057;51.352779891752505;0.707399908080268;26.522489451281437;19.05704565629438;0
57707;30.72397669943971;12.531030583293843;49.99217597656728;0.1989852388362116;-16.542874563228484;-25.890076195581237;0
57724;32.57180485981578;13.499447201033814;50.53307617351988;0.578567244885121;32.23667209991856;4.660412401091913;0
57728;33.87663129622175;13.133170863695671;51.45728366987293;0.29257902565221827;9.431028723231043;-32.53739149350701;0
57750;31.085850649601465;12.193460246627918;48.60299459332797;0.5849801027177918;-25.564645500494386;-17.685559393001398;0
58200;27.666555938941425;18.345876105687772;59.56111469770455;0.5787891042502195;27.66506393303881;-0.2873240391098182;0
58214;31.575196295691992;17.181562753708604;60.656892271321155;0.25105591003742067;2.9629812454999978;-31.435867464574546;0
58236;31.316117291627645;16.033605995205246;57.75049436502727;1.0119651177954647;-19.37473300043314;24.60322993805706;0
58239;32.2816852264443;16.171135777789797;59.045212245801174;1.1531966882130622;-31.30061195125254;7.898030927790735;0
58713;35.14538874859688;17.448912243786033;67.25025541784612;0.11784449723196172;-25.14056780211015;-24.55911645148299;0
58734;32.695476189619114;15.569937644809542;62.34685874463051;0.3164820063525751;28.464570695468602;-16.086092701107393;0
58743;31.86244058644033;15.233251031448315;61.74527324632907;1.23701027744894;-30.040848026345675;10.618972171657816;0
58768;33.58932164184376;16.157172547236218;58.13206116632074;0.5215640092785763;19.710921720386267;-27.197832510919664;0
59208;33.05628018410141;12.874953786135709;53.13034047918277;0.20467521130690078;-7.620254206425708;-32.16596625999702;0
59220;37.096185054164884;23.719422637226852;72.97193296104743;0.8699554620461525;-24.72565231571752;27.654458286777178;0
59246;17.743512537637944;9.494102529298832;35.49094749303507;0.4082944259856732;14.431561441845552;-10.322900344551991;0
59707;30.88479127616219;12.173812557150061;47.03203887606051;0.8222433175840212;-11.7012199902641;28.582368392271974;0
59728;19.228691312044386;9.96383572260422;40.46237995973461;1.0252042292504806;-17.987357494939427;6.796877218483325;0
59755;29.725020631193054;14.403033310743433;60.34926594092011;0.1283626771868674;-10.926568416391037;-27.643931597491314;0
60200;37.89882801307364;15.283744398709905;61.81080008744414;0.18543409205804848;-4.491764430121607;-37.63170494501717;0
60214;29.847680546108005;11.97768397664175;48.60266297238414;0.7552819448402167;14.441877518864729;26.121183122374525;0
60237;31.402545066404837;12.05962568838079;50.02772292659259;0.5511827115750949;28.761971871729354;12.604317145225924;0
60700;30.449110069802774;13.499735749845579;52.419755501248034;0.3758948579506989;26.74105215610627;-14.562432270310095;0
60713;33.66274613511863;13.691367857757104;53.480899733899776;0.1450114303986819;-31.31125014474494;-12.360667123203926;0
60718;18.581938482311422;7.797972292901755;30.803945914969233;0.7094360945054751;5.975720151044527;17.594863069566824;0
60739;32.690845236671905;12.956559147240391;52.154164835342684;0.5411496796947923;32.65379600543717;1.5559462469281082;0
60744;33.07977188483796;12.655649491388242;49.948570329296;0.20365393853488584;2.7381057517800262;-32.966256761194245;0
61219;31.65284517232905;15.024194005403528;58.74385583019999;1.0337387213928688;-22.478031007726486;22.285437611119985;0
61231;30.93998179437922;16.037920463770423;60.918604156698834;1.0250892271979881;-13.253843451461913;27.957433845055554;0
61261;27.0922204877966;18.683256341862844;66.12862330612973;0.40176163365544315;12.97306604492189;-23.78419576848207;0
61265;15.707588671422908;9.684418673847022;30.650779772902116;0.9814195267821212;-3.5901845387840594;15.291792466813337;0
61716;31.511718237915247;14.377612609745727;60.261327834404625;0.38315210518541365;20.463420687201317;-23.963238514115357;0
61730;30.01724812245808;13.50750455737197;56.59910873109732;0.2613541127145396;-24.204749727289816;-17.752894848009348;0
61755;30.02783952063696;12.052855722040903;50.51024073017156;0.6837989653518523;25.32397731343389;16.135901564703865;0
62207;29.985927743491;15.760209919665064;59.50866423518841;0.4832591986196487;27.791008720483674;-11.261247574574663;0
62227;32.19628553013294;15.1019979847382;60.34275583503563;0.18834702319896107;-10.28643295044929;-30.508852798716617;0
62250;31.471884445993425;13.517546437595675;57.37855643964467;0.36137934801050714;21.178877790994516;-23.279489816060877;0
62254;31.224539962658323;13.71048179020284;58.76870716762906;0.6851331362628121;18.390172927659513;25.23437012430518;0
62705;34.573757244548666;14.516158548302528;60.85043068181659;0.18754933384449357;-14.202023699550912;-31.522170179769912;0
62722;33.04790040901593;13.73386987966534;61.495448200927754;2.912914802620106;-32.97939583065723;2.12677504430149;0
62726;34.021698172663214;14.0615611397729;60.3886182275733;0.23499927299440265;2.389477484091035;-33.93768324303852;0
62746;18.989434365000744;7.964113312397312;33.800065442751716;0.2221552643000839;-2.716225732005288;-18.79416758666006;0
62750;31.690674527998635;13.156409402353775;57.146433735320365;1.3744138593079518;-29.999403542345778;-10.214432884063266;0
63203;28.5152989254054;13.29337471600196;51.002645103980285;0.7292910485574859;7.156251231906484;27.602723436484727;0
63223;28.303742322431344;16.559546121692556;58.360749481878095;0.6105157709927033;19.559520609213795;20.45793203117881;0
63226;29.570489268880305;17.182179372014506;62.561138093600874;0.8986713007059249;-27.3774609142643;11.175350978331545;0
63254;31.84721917427807;13.876612727090228;56.47501738178334;0.5690454592169073;28.295734844974827;14.614949836293732;0
63714;31.447908434274563;20.81462426280469;65.36235650028641;0.6643460156143062;18.285954217629378;25.58505077660155;0
63724;29.855039693535293;13.241348418389899;51.16377892319529;0.4717082081660485;29.544206244356513;4.296891026485729;0
63751;30.23292313573828;15.272158559634967;55.08954759076963;0.8993304927708334;-7.113916703547491;29.38404040404326;0
63755;18.927384822670156;9.025775347730368;35.10255037971959;0.7166421240779249;7.571825724455966;17.34685422270884;0
64203;31.43853758904217;14.666077021891443;59.10814879599905;0.3173284599714117;8.76936869373989;-30.190724046482757;0
64213;27.541885912768375;14.515440016247434;58.46309073138262;0.619196738921696;22.600200556213025;15.74123293935064;0
64217;27.264058167230043;14.93115160814654;58.36624491381875;0.5229886357265221;21.771290980107512;-16.411573867414198;0
64238;20.92270958777342;15.178795756533477;56.94523963372513;0.9011458729166093;16.91631204494486;12.312520590535442;0
64242;24.43799203467148;16.05228585213504;63.838377289458535;0.6344346768188354;17.499292479516104;-17.05843537382658;0
64709;15.745508703160148;11.802948111821037;37.41154027834143;0.4756794335016419;7.270747329420316;-13.966290760005654;0
64725;30.674772789494188;14.327186098887863;60.66803349238203;0.646325840374097;20.052764892764305;23.212675542526597;0
64745;30.15081327358037;15.808535211603894;59.54834211270731;1.0914664387463069;-12.594035691141112;27.394557964467577;0
64749;30.687542655090162;15.265845534445514;59.38832797455298;0.8347518167502177;-5.338263030038032;30.219666146900224;0
64752;30.864270597300692;15.909606288941216;61.421749381412006;0.43736201232414657;28.834311342344314;-11.008437169560171;0
65204;18.55203522727498;8.39598605580173;33.01706683706534;0.5248657329229197;-2.966196249985831;-18.31337464479504;0
65219;33.44243601089801;14.376707689347946;60.414769096882175;0.7645206464157097;13.503100304409903;30.595143544557082;0
65240;27.688596947421818;12.75576519915139;50.81643706738448;0.7894156438864162;14.03730586564544;23.86655494517575;0
65257;32.55026602869236;14.37619792297344;60.23203429970556;0.912401670369448;-19.907916555327336;25.752566415112256;0
65261;33.15421388080276;15.169177885206869;60.326760749553365;0.22348548016314335;-29.030169208889916;-16.01409297329181;0
65715;31.435725508797244;14.290470446455052;61.84917479102332;1.094241408096572;-28.29616988671522;13.69421805020632;0
65731;30.62392255828167;12.605978579400269;51.79436081419646;1.0403831907647596;-13.403361222698686;27.53496941689767;0
65750;34.302292199964704;15.359841449662387;63.214603722938826;1.057921158402007;-30.36056989614168;15.965057023175802;0
65754;32.17663389206988;15.046665994426768;59.548635369651045;0.4656124238213111;29.209056595919918;-13.496917477729767;0
66210;31.10471871244646;12.740693155151158;54.219428076462954;0.4349171087307221;25.86966537213748;-17.270319618178696;0
66222;32.1700312796106;12.698303592539517;56.579909574610696;0.7778106217240474;-0.011871530259938621;32.17002908916766;0
66243;20.596158584177697;8.447943955330613;35.71748745037043;0.695405016974001;4.76433490678342;-20.037536308653358;0
66247;32.09741881901677;13.151664523710085;56.73381493027604;0.7320485478089271;6.652026197468397;31.400554808976956;0
66707;33.99443155922312;13.82987996061783;55.34070476551017;0.1906003204407477;-24.78036960354054;-23.271326978636804;0
66722;17.951239834523086;6.964802825953042;28.530085756822263;0.5172264862268066;17.951106965033663;0.06906755018370445;0
66743;33.76823596671384;13.168380259771133;52.33625039790743;0.637416009744048;15.367589181825757;30.068770560870924;0
66747;31.504924963145502;11.514468892942833;48.923279203370555;0.1689774300858613;-29.55736339388266;-10.905162361716302;0
67208;27.892578557878757;16.74524069227512;63.01862972825809;0.978902349848234;-20.840600409315368;18.538212243543928;0
67218;32.97833751461741;18.174857249526646;68.15744935744758;0.18948035700310903;-28.840320187792383;-15.993957505684358;0
67245;32.63284928190193;15.370628477203226;62.80677342773516;2.683050112327517;-32.18592835034574;-5.382273542076605;0
67706;32.455795731639405;15.488747238690932;61.73166352128006;2.8381763713728785;-31.862517247567705;-6.177270531744024;0
67716;31.297602774478033;14.188179139052602;58.02117085967947;0.7837244415365815;-1.921359044369572;31.238571011677763;0
67748;34.04343488574542;13.707903569376438;55.89301816634557;0.16301110060788063;-20.449949260536997;-27.216815281392687;0
68206;25.64116970591184;14.363668465395893;61.724394475884054;0.5422086416553457;-11.515379199399538;-22.909946001276552;0
68226;28.017870451915858;13.466372834216127;52.31167625946261;1.1188491215277956;-18.022705341512673;-21.45188003027591;0
68256;29.415429651990806;16.163797093193327;58.000145172656474;1.0088866031902235;-26.356326034296288;13.061836761539155;0
68260;29.803052572574135;16.146444374885533;60.688138171670815;1.237072785144101;-19.41636470065719;-22.610323404469277;0
68269;31.277378523689617;15.534667230233087;57.757722247297664;0.5894453882427915;29.266300303899612;11.034404099729437;0
68700;29.937284232917218;12.650916638630742;51.122250203791964;0.5309857717099371;29.31020132192221;6.0953331090977505;0
68710;32.79553932325056;13.73643062071617;57.27441207483553;0.474470603424469;32.77831593966801;-1.0627340505411442;0
68737;35.95403915575256;14.849319143956805;61.19422341278519;0.18750347602009484;-6.488281473973377;-35.36375453946996;0
68741;33.7222701567924;13.766685169684845;59.0298357644227;0.6469358210117526;24.212552746857266;23.472191930204257;0
69214;17.3853197128373;10.029638470415682;31.475612117466873;0.6662516428891451;17.267335848478854;-2.0219926343600663;0
69225;30.06883895279418;18.454402392032375;63.8341834433415;0.6652020676716439;-27.509691972423163;-12.138860059802537;0
69251;31.03258213755234;18.053677552885002;66.58898431542696;1.102466610150576;-14.382682265509436;27.498356404944147;0
69255;28.244315337364096;15.562231753771648;58.522482774933856;0.9950324116869553;-15.632129699053023;23.52398499294805;0
69719;33.18802125490906;16.701723989623005;63.87602368213972;0.666720560522032;29.622484492388107;14.96506489509891;0
69728;32.21341312608545;14.810229148124503;60.272275692353766;0.14969827665153632;-21.20183845351175;-24.252546905903404;0
69733;30.262521606294605;14.900027466181232;57.48677747174819;0.9086856846560376;-6.9911413119869135;29.443915451707127;0
69757;36.87523706835274;23.81137936128092;77.28025255490121;0.9226884193686437;-21.536291763708125;29.93277878706976;0
70214;27.15919792723131;11.921011442742609;54.466515553653565;0.4305831686502936;9.347775137847702;-25.499826117500525;0
70229;29.045217998942064;19.509942251185414;80.52892667798983;0.9880467658026976;19.545413549611133;21.484913259791057;0
70253;20.598151339490006;8.962886059763553;40.06056026409651;0.49238376206856094;18.356010288401283;-9.345625976714464;0
70257;20.11889212133797;8.641140019582028;38.067918293448784;0.60390808049292;-19.271694625322546;-5.776816290860323;0
70712;29.83675470401305;11.859446089991044;47.75153489399977;0.2169058322070152;-1.5703033211229052;-29.795403651353933;0
70728;31.96065862102863;13.820514870617906;58.917125513622594;0.5545673852680135;30.994411529647298;7.799368783484878;0
70750;32.72302389139713;13.415698196795267;58.578241379880524;0.9021475915215017;-23.185883145448006;23.09136451928681;0
70754;17.68118276657451;7.533338863672404;30.696622242680615;1.0137972973771288;-3.9795719513883547;17.227513781992297;0
71204;29.746391936178647;12.157339246713834;48.701658869165804;0.317183974749011;5.064566473272286;-29.31207941546557;0
71214;33.8896137006773;14.73351439669335;62.090975921198236;0.2754560146240098;-27.871462718284967;-19.279198186760407;0
71217;34.229883007023616;14.376520708874159;61.63719235803756;3.0085922895268435;-33.93465897305615;-4.485957094857657;0
71240;32.683648247337544;14.523442051718062;61.42393776976834;0.4764279598414344;29.58586891173394;-13.888744489455682;0
71244;32.31514087947306;15.375339395633857;59.11927565914443;0.661697792356831;23.00097160615552;22.698538173922532;0
71704;33.94218137389821;12.70254495622572;53.040011822597535;0.4085579601679143;30.738323446190236;-14.39538634896591;0
71716;34.59212856679581;13.273602324883884;53.26320369888285;0.8170069007212211;-15.904541152580407;30.71906459362991;0
71739;29.747606109949945;12.312125961949505;47.3081874938846;0.5548163245582578;29.56783643550375;3.2654429708736568;0
71749;36.58900105743701;12.847503264928609;52.87662700863046;2.9125099504075185;-36.57439793396968;-1.0336412089119391;0
72202;31.297806760921794;16.69522795998413;63.46180259269327;0.14258415259787818;-18.62560360289763;-25.15232789369065;0
72218;31.36319747717098;16.158880493876175;60.79979303097208;0.9819057878094132;-15.703051274889456;27.148928830622708;0
72238;33.812796115122715;16.37536805690232;67.37357171625713;0.19098496017889857;-29.77698146136784;-16.01988002989454;0
72252;28.27949955825027;13.981534156288816;54.686352588896625;0.6158056518958447;26.49574587731923;9.884611558862504;0
72710;34.21681628221509;14.184073134550534;56.92212743240447;0.5405224484505411;34.07767030925213;-3.082677859390433;0
72725;32.09425774185732;12.442624248978811;51.30722258975969;0.7605960048803018;1.833601327684466;32.041836498114186;0
72729;33.15076092806422;12.522800485710833;50.2222222910668;0.31500317699785974;18.42722584556782;-27.557400054179762;0
72750;34.80682178845901;13.295894875187056;53.82086584140598;0.7078655778849684;7.475410980070687;33.99460359663845;0
72760;29.120959040083804;11.681061280581494;49.78030820104068;1.0345267239067748;-13.259310640603635;25.927223853513777;0
73206;19.31795716886247;10.493739314190762;40.53828196039183;0.285199650137158;-0.3135421344497839;-19.315412511979382;0
73223;18.376241981953644;10.381415075795546;36.78082990110388;0.7480598922593372;-1.5563775573475895;-18.310214588537743;0
73226;19.21407841300279;10.711775720459967;36.442159426925464;0.6215574605307483;-16.943238775085735;-9.061317181925107;0
73258;33.335713145093244;18.16520342034964;64.00048728883576;0.5309941238881237;28.628687503129033;17.078290978318822;0
73701;29.61400762002164;12.562216904397452;48.624165346436946;0.8195251898608316;4.899832570291061;29.205839965695468;0
73720;19.235166718081878;8.713986156037162;35.76559685194245;0.18830708345332753;-4.501901911109203;-18.700922914529006;0
73744;28.379793467696988;12.172955184820454;48.253665340583254;0.9144871516376163;-9.327518486930256;26.803172874589137;0
73748;36.435411445990404;22.99637165758581;71.74433253056402;0.1299823974239987;-30.31656636457769;-20.21002254082774;0
74212;31.949385024204428;16.703020574146052;62.636653755721355;0.21334365759818824;0.4549889652173532;-31.946145126859808;0
74222;28.045562872719888;16.567175663682157;58.66212344911397;0.2735890751783509;6.745490726207125;-27.22226940779071;0
74247;28.948516592809185;12.924062017641868;51.603725990260834;0.6406643080962027;26.904734410164583;10.684188281879651;0
74250;35.53420008958999;14.81033958565738;59.63609794383896;0.9702362154632975;-32.782422871997504;13.711022086210503;0
74703;31.75851300832214;14.563048915031272;57.962710507778795;0.2866611961989287;17.535982613004375;-26.47815065853684;0
74720;30.523510896252535;12.671926576495963;52.811373100723394;0.968573164334316;-29.54485841733917;7.667206696902728;0
74745;33.344502460519884;13.209954858722934;55.42004808546719;0.2687516015041123;13.736092501493811;-30.383805014020577;0
75213;34.897709751897374;21.90579877886018;65.0055172032318;0.18253076574097588;-28.737201483073672;-19.799580724068413;0
75235;35.45023560540244;13.405837900569056;52.94587233619223;0.15261813253443426;-22.705371407997365;-27.224718799345546;0
75255;29.139527439280034;12.133249473362062;46.47962704929398;0.47714870123443115;27.211335959581216;-10.423783127030047;0
75260;34.53517450411902;13.987189494591522;53.376468662084605;0.2566180107943821;4.320362031113255;-34.26386945384405;0
75265;32.12905779369055;12.456078463530668;49.000854716518944;0.9456625526872897;-21.42684125184813;23.940902837579177;0
75707;33.2010207303007;13.580405997695271;52.67994313407183;0.615417645109561;33.11200677228039;2.429564785370864;0
75717;32.454315777067265;12.557547315307929;49.03169108179279;0.1529269021196452;-14.412419211248094;-29.078596682729447;0
75745;29.076927276975038;12.37652332103455;46.03920859614141;0.8692169534525624;3.8590952563181244;28.819699576386252;0
76217;29.51215860225025;11.637323824225396;49.25114762496387;0.2909243516748369;20.070499209032622;-21.636602479700787;0
76228;33.19588843408475;14.154612694868007;53.94925966337281;0.22024303779642143;8.133347934875031;-32.18409017353863;0
76257;34.62198446662947;14.889409524460358;57.53702092997995;0.2908140592212026;14.952449735281975;-31.226688190094677;0
76261;34.777041534209985;14.422564122618997;59.059374789569766;1.0117543763828298;-27.56833417512955;21.199753976887337;0
76265;30.471095637471304;12.152128433109345;50.52339023193807;0.40163362002325337;28.219941354450473;-11.49445863445942;0
76716;32.2914152107057;19.338446919783458;58.77994387044042;0.1424800757100853;-29.214454888067287;-13.756857268405343;0
76728;31.26779265822301;12.471221376306701;49.10216296642599;0.3026689103348043;16.729277293577727;-26.416020498027507;0
76732;31.12705044643666;11.972502149529156;48.19653751446957;0.2639554107937408;13.187758538623985;-28.195323977957102;0
76755;28.86385842714435;12.109195986657923;46.14306968710174;0.44658644802257214;25.141536089155643;-14.178345685583928;0
76759;30.06107375487124;11.832877160583195;48.09688113255016;1.086499673583996;-27.466166238347537;12.217932208981457;0
76769;29.00458366351174;12.010917714152402;47.953909862885816;0.871494764206852;-6.286834353217144;28.31504171476463;0
77210;32.54457063136434;15.346173716841845;58.8129213895579;0.90094975100567;4.2870872816428385;32.26096651093142;0
77220;29.346669953654857;13.41409294349014;51.99008288230625;0.1464714183427939;-23.598946038111915;-17.44467779178024;0
77223;27.65253220348825;13.055594076535822;50.554165353933705;0.5937611847535925;26.498920837255376;7.903779584845942;0
77244;31.582660353451494;13.980479950620696;59.39785581217343;0.7127515402740376;16.681963518084505;26.81746684873078;0
77248;33.244248569645194;15.572764074529692;60.88403115132458;0.43259062987653435;30.349274363494295;-13.568404790899502;0
77705;30.049649704237424;11.331697570074686;49.78323170768206;0.21652001304790597;2.0746191296054617;-29.977948609176902;0
77714;21.707609153655888;9.05333427126212;37.105395500981636;0.9475305893140354;-11.904183374958835;18.152429956984783;0
77751;30.56588363783872;14.10873968346276;56.0047730187297;0.21947980796747385;-11.65023904392979;-28.258541589777607;0
78215;33.28486510921687;14.23099735788745;57.23483122195278;0.5638017343296591;31.32733457138157;11.246348473681728;0
78226;33.740452743446575;22.907354341241287;73.09802009969108;0.13389526630925086;-18.19379786825078;-28.414852990328576;0
78259;33.91056005547793;15.982346557009535;61.113699132621285;0.12189226500611251;-16.033652416252515;-29.88056347311702;0
78719;31.50894295387682;13.876109512397662;54.717109240911654;0.12616681751637324;-22.42275904175164;-22.13669720229756;0
78752;31.853491997139347;14.25743228873465;56.687928362565124;2.2124759376324246;-31.32292600890649;-5.789581906527443;0
78772;31.646684694276196;14.080018317343917;56.34728148986107;0.17914897506041702;-29.55835982877975;-11.305574570596352;0
78777;31.640998555616942;14.25807852535151;56.44462349229813;0.14139784206799114;-25.009496262055944;-19.38241177755656;0
79201;29.18456071966253;12.589884266237776;50.57440563037536;0.5588034960845161;26.368096028524967;12.508480972130675;0
79215;32.71914337211833;14.542503892870762;58.43667385385038;0.7885897893841192;-5.710038271464795;32.21704216627656;0
79218;28.949424814039922;13.474189512536;52.80031019454322;0.5048363075257011;28.77925505020423;3.134274368820423;0
79239;34.04728329696385;14.214387730353021;58.06190774641219;0.13864716076965447;-29.952711488249562;-16.18803800358141;0
79243;28.292819875212025;12.38724341955014;51.16568084341628;0.8404230651858597;10.984453689851469;26.073462248552666;0
79708;30.089962507884735;14.357144390969458;54.87921020164952;0.9792022863345803;-26.337693805665502;14.551004388870137;0
79725;30.081751680361542;13.60681418321526;55.136668426807425;0.9565532184383322;-26.287668699710267;14.624303692593626;0
79759;28.63740278820873;13.633649830629702;53.619712461164674;0.5254264623895011;28.551525753915254;2.216126254891439;0
80202;19.8869921840656;9.032117631951172;35.824651550516876;0.9755548175366517;-16.45189949969344;11.172621043473775;0
80214;32.710895811070976;14.659707601420786;59.93160417968075;0.632963015588415;24.952518660174682;21.151229687097985;0
80243;28.40463784640809;12.857376336024338;50.29761460111472;0.2740258635879339;11.092724578114415;-26.149090091620685;0
80248;22.231042770061485;6.977845761916624;31.63064107917382;0.4840813040335689;21.909868305665395;-3.7652268819689962;0
80709;18.33993818345558;9.645807035151561;37.01561003964146;1.1901197837535775;-17.623265694273808;5.076794150052158;0
80720;31.291794464941304;16.811479626103313;62.01023379459597;1.0404837282314785;-15.313775611503656;27.288544801008484;0
80747;31.99542027325831;14.063781115049375;54.66167180251276;0.14096017897444768;-14.23245647679152;-28.655612034969067;0
81201;16.635895834730317;7.181632553186961;29.29677536831546;0.7978617312234378;-4.875978418808125;15.905277887648328;0
81212;31.76880957970226;14.575301663106611;58.89772775720028;0.7955798097440723;-0.10797277480406074;31.768626095430744;0
81216;24.837047552622945;17.46447562778377;54.18513806797336;0.6527667733842868;12.879787642236971;21.236525172968697;0
81240;31.38207093189335;15.308078924017828;57.92388312144404;0.17448956555841721;-3.866664641175441;-31.14294913021355;0
81244;29.89357069799785;14.689661635021407;56.98761250575833;0.7401175902805295;-3.8646652160936052;29.64270452984531;0
81247;34.42831380966058;16.78066624719007;66.18394967156047;2.3278313602410328;-33.815111565299325;-6.468927391988974;0
81710;34.526298875136625;14.295143018060147;59.79480107651795;0.9896756758170837;-26.790537902734624;21.779173374979138;0
81722;29.75712587343197;12.322842803955254;51.56831509911537;0.471310961223122;29.558846023712896;-3.4294550578345335;0
81743;33.09268292966821;12.601856118213679;53.51701728520084;0.2216826803230042;-20.347194499580514;-26.098224833880828;0
81747;32.84006740704956;13.167621748562377;53.75163616577692;0.520576740371167;32.147036610346575;6.711040491056203;0
81750;34.31969879783584;13.695204718056265;55.4319910234904;1.0386536344827064;-30.87614235319111;14.983509567509639;0
82205;27.858964841900118;12.107781113017541;50.34300641637544;1.0623304670984148;-15.745732637464737;22.98246779115995;0
82219;30.727763547269607;14.842662300761264;64.1989678678336;0.9266160127905605;-0.5657452573818731;30.7225549868604;0
82256;18.017400926364328;6.0477584032586345;30.139284360531608;0.8733718423448995;0.1471602613945823;18.01679993780306;0
82713;30.78831599403539;20.71110255448639;57.26016586389111;0.38187040026489516;20.399658594012887;-23.060232674374546;0
82728;34.00310180208973;13.282425203781903;50.791979800391026;0.5449829478910726;-21.338443168356505;-26.47417185322513;0
82748;33.96994213847619;13.274752149218774;51.98461027575777;0.38774294415111166;22.303672513797274;-25.622317640851783;0
83205;32.869303067749414;14.159646724218826;58.562594796785156;0.9134432949532003;-21.804754648549245;24.595604462507747;0
83220;22.17265073483146;7.6418619438065045;33.04279309377026;1.0586480196100039;-20.898182044986914;7.408942422735423;0
83246;30.915073391585096;14.651407892066555;57.78918952372094;0.7144566389209343;13.958656151761613;27.584373859922586;0
83712;31.645255998897795;12.995082751611443;51.79447446147324;0.3351166445189108;13.757383276292408;-28.49836192880157;0
83732;34.071761282777146;14.294714811476892;53.352044117464395;0.7632824964169441;11.89887669000565;31.926503886686245;0
83753;30.266434437313155;13.921059614852712;55.26346071975828;2.946437241965456;-30.173032008198447;2.3759614854638684;0
84206;32.61322233084183;21.52415235932601;65.00659197918738;0.6525141935463507;21.481016735020937;24.539523035924528;0
84228;30.01737023685261;11.560442466040922;48.574424007578706;0.7374609189165331;4.854000739461046;29.62230903825015;0
84250;30.778915930906738;12.184671211308752;50.37704892949964;0.6027260984083609;27.40230145074724;14.016259882158304;0
84253;33.057709020951414;12.719645214842615;54.075727479191514;2.6987707954225386;-32.624828599951464;5.332230728098854;0
84300;35.78012437674166;13.83134074584757;61.01789000116612;2.987853978712687;-35.18804793501556;6.482174244661289;0
84704;33.08707991958628;22.225143394260332;68.54872576984175;0.6816764537544605;24.329451473395622;22.423930266765844;0
84714;31.12582104274998;12.849309348401178;51.18139367705955;0.9129445900869017;-8.79472428836841;29.857487507773996;0
84740;33.02875058897639;13.446107399187191;54.15345408834375;0.20908932180709938;-22.07263280721984;-24.570251248744913;0
84743;31.939850523228923;12.567978619238858;52.69760231452018;0.5533776360206122;31.783580672294367;-3.1556379852516128;0
85214;34.116812726863266;12.933407068266886;54.23826943388275;0.8938345175214985;-25.967305409620895;22.128171194279314;0
85230;33.571532299862724;13.048541212668068;53.48437445472983;0.42801779347975866;30.478962222232447;-14.074112505463834;0
85255;32.623589153536884;13.37907174555073;50.10099444859219;0.16653243018081387;-30.56937249541424;-11.393508436622179;0
85259;31.849483637504306;11.91158723844496;50.300910353564795;0.7827506837084122;2.725851111439051;31.73262270430733;0
85263;31.53037240556048;12.355299487209592;50.39798970933691;0.6358624503152439;19.284542109993183;24.945356674965172;0
85703;29.10398246707125;14.498245442161542;61.15510828751761;0.5869880534424771;27.557854858483527;9.359830716543254;0
85737;31.01795002539893;15.702643693667639;61.31056531914097;2.478407509205405;-30.20334391542294;-7.061957243203163;0
85762;33.59313466197557;15.344330313257968;59.323201550947985;2.725142977402236;-33.33710144644748;-4.139609107982761;0
85765;32.567359329803935;14.764706496781828;58.40387186535293;1.1961601093606375;-31.573638758492145;7.983622565277616;0
85778;29.268247589013683;13.585878532096952;54.475550052551576;0.26921323803311664;6.609241765065174;-28.512247196998054;0
86210;34.91632788665666;13.273036352988031;51.343538775600386;0.10616849593007861;-25.15944312930168;-24.2105839357904;0
86230;35.91528848538001;14.41952238864947;54.75021870830075;0.16271127538091074;-25.273347177782487;-25.517951904871676;0
86257;35.06802308764631;13.471664708472575;55.04035850734015;0.3032485417647637;14.869173131608193;-31.759627416862998;0
86261;29.32275542128904;11.580780759042348;44.75550531403996;0.6864012683081723;19.061354703736487;22.282027339429387;0
86701;21.620896552436786;8.07176194595421;32.04464554065791;0.20576693222928408;-2.672863590383167;-21.455045279802533;0
86715;32.761097509151035;16.35760765877266;65.4024577139692;0.6170443895187793;28.21971757827288;16.6414257143617;0
86740;21.49669579010052;7.406781235894482;31.94932481810059;0.40906999267115723;20.666465391793068;-5.916514016035533;0
86745;32.36389869022106;16.19297699879748;63.08908634404452;0.7140825696741091;27.990903723451943;16.245960949581807;0
87214;31.28778723330697;13.990375374374405;57.132417849294846;0.3673219516831217;16.330338951962027;-26.68793097395747;0
87232;30.500930998465318;13.570860131849159;55.368263763481124;0.3874781239441988;24.739150227931034;-17.840438273007823;0
87316;32.19481031247829;12.622927833206916;53.922298818037035;0.6007439653152816;27.959149929996485;15.962197412901396;0
87704;21.585400721380733;7.605457066268037;32.88954652219301;0.4845257557664137;21.359196901160885;-3.116766279338748;0
87723;31.29132650079493;15.106361065562353;58.92770262928198;0.47216142068199873;30.21195190938156;-8.147703725870674;0
87746;31.233271693660626;15.498812079376886;58.520797609829366;1.018660746276333;-29.33902843911707;10.711613834465;0
88213;31.377245722826487;12.727880146550921;52.96708298006488;0.15866036596847966;-11.814316833488373;-29.068083302973147;0
88227;37.3691186091716;14.483416276338154;61.64585095509001;0.1454610445139212;-31.730876655919715;-19.73835079922192;0
88231;18.40996290530858;7.2456046781778385;31.410282884032124;0.41038691803084704;15.79948152640555;-9.45003268098093;0
88251;33.51395257105147;13.842630315510847;56.46041640829974;0.5676158799914776;28.043219010007018;18.351100361871175;0
88255;33.9818228336383;13.821107268976379;58.01263951009823;0.14772882148712513;-19.258368744484592;-27.997848424445763;0
88714;32.857352242175544;13.183000406318007;51.42072749058213;0.8173669604496526;4.383940297605093;32.56357879339174;0
88730;33.098795287708555;12.87821217785881;54.39156995915341;0.27397344698592985;13.143660122667947;-30.37720276913966;0
88751;32.26146174749024;12.114610696218088;51.85257027573676;0.4747909114298813;30.19266933340609;-11.366821570182898;0
88755;31.733287385270216;11.976148384258325;50.59807578653413;0.47527799066135773;29.1682087064986;-12.498685096052672;0
89211;30.899975459640856;11.689393032582474;49.66075572877526;0.4915740499368621;30.779482415614133;-2.726159502543389;0
89223;31.673802542494695;13.269026963065844;52.99385859780127;0.518519770289308;31.666903565381883;0.6610492279305086;0
89249;30.435774890408773;13.31492908601511;54.75764431898487;0.9346614435632106;-24.06138786939002;18.63829410054493;0
89710;18.33865504126602;10.39282604490798;36.424635614880515;0.9801089461320259;-10.471346746550173;15.055137529629702;0
89729;31.367830541932136;14.130810827308347;53.63276887519074;0.576683483321757;-20.076172169326636;-24.101620359115383;0
89732;26.983102197693302;12.5288154557553;45.333345752054285;0.6293300973708219;25.212147212576937;-9.614334981812844;0
89770;32.215425908124175;15.894308693215326;58.20215150961104;1.7563898659719543;-31.648343129377977;-6.017976703759493;0
90209;28.44164145729912;11.645354470035274;46.7129356744263;1.1143402141935925;-21.70098488980376;18.384619212756757;0
90224;31.783813389617833;12.879607219913584;53.28353140568914;1.0374302831126723;-16.268054785876977;27.304966344417185;0
90255;30.353888379216485;11.326423697413176;43.12247224454887;0.16340094616128473;-12.424694012276621;-27.69450339759193;0
90706;31.954760813487542;21.32369088174075;76.11626543409439;0.9415593230940387;-23.13281693727053;22.044943166039886;0
90720;18.1410153839493;10.120664291004713;32.47484600607678;0.8321790092583919;-8.03723991060711;16.26343179590425;0
90743;20.04229616021016;9.379837727191553;32.66186681847542;2.9633895077620083;-19.999734199410057;-1.3054759003990577;0
90751;30.363160922053623;16.43749747018424;61.93949327578915;0.23518291956880585;-2.195312671486027;-30.283694349483472;0
91205;33.15652206896305;14.070048212700081;59.27317104315085;0.6012811140918042;32.636864322561244;5.8472252308562975;0
91215;31.528316296156426;13.147623237507952;56.391671858416686;2.72938087664366;-31.40777563684626;-2.7543344052619005;0
91218;19.334954939001616;8.489336426409254;33.81049005013203;0.3336781737448077;-2.4158315178319523;-19.183436620446106;0
91239;31.6519151278665;16.154495852209294;62.973080993068585;0.4115166152567531;28.288328440855306;-14.199091706301529;0
91242;19.960358587791873;7.595769870667932;32.23053642649741;0.4637238587707266;19.675916748642845;-3.357709792956018;0
91246;27.944223980703764;14.054458697542438;55.32539433146222;2.2024000825187477;-26.38815789079504;-9.194823381349472;0
91702;30.723092645712782;12.689829467545826;50.65853440359401;0.11823382120113601;-14.202047161206874;-27.243536447163144;0
91722;37.611157628547744;14.23117555794288;58.054064714054384;0.11085614597349544;-32.47873924817937;-18.96656729638333;0
91742;29.552027272577153;11.624283986575014;46.45338327356809;0.5342246261071024;28.07987473512192;9.211023329630942;0
91746;33.122126515063044;12.5064518739035;53.13299812412034;0.31135920579929915;17.436730624580797;-28.160889368158255;0
92230;27.720340233445004;11.479255069056968;46.53511078678947;1.0589316661179309;-9.013919199587898;26.21386128217761;0
92245;32.95032400197405;13.397114853049846;59.86273286175331;0.17200617331137402;-13.065527807587886;-30.249228666929923;0
92270;30.932641123535138;15.24312271054383;56.08926967145893;0.813249251991137;-7.2657382608236665;30.067213612215884;0
92273;31.905727386958223;16.209391405979442;57.857045055500045;1.206839448000638;-31.33971942583613;-5.9830950519581;0
92708;33.70129774084541;13.809397523957896;56.21890571526195;0.1999507354597821;-25.310997534720432;-22.251536423682936;0
92727;33.015483296397754;13.023549477584403;50.97291052030692;0.1665070738063838;-28.933484563594448;-15.902063020343014;0
92732;31.938932388060334;12.19669866930485;49.12328613880603;0.9529797859617379;-21.0246644692373;24.042855197440257;0
92754;32.31159042439833;12.4072343005915;51.2003501284816;2.283797675476389;-31.873211214950107;5.304458747247326;0
92758;36.151036692441124;13.915501052739513;58.500777008078366;0.39601733597937117;30.078923819487905;-20.053822473525283;0
93204;20.205396425539238;8.716080158606916;34.00946441506069;0.5208472384641286;19.830904370500082;-3.872115256713633;0
93218;21.79187308592403;9.781970897422207;39.826818468797505;0.6987264271336981;-7.611384840504217;-20.41941608868292;0
93242;32.918490504187965;15.256237826468531;61.32367705779133;0.27679136109821345;7.437540462194776;-32.067273176051756;0
93253;31.61615799175363;14.872277232601556;60.1821731811352;0.6136915945269656;24.336490108883954;20.182088478146174;0
93704;29.8609832712691;11.69701434919855;45.91232764118011;1.2129274323060177;-27.226662665576285;12.263244351391174;0
93721;33.51488849239234;12.938081339124224;51.56149636737908;2.8205687827702706;-33.37358896098628;-3.074298378594167;0
93742;33.15250349470114;13.327768480399357;53.98138568453254;0.173090860811657;-9.568320605707768;-31.74170330578622;0
93751;31.67625892817801;13.250879475599993;53.447700947107236;0.28745228355344676;13.63249808206644;-28.59266297019975;0
94203;33.09958219482136;13.205432712818649;57.05705260082234;0.7943144400978239;-11.710433310684977;30.958812851072548;0
94217;28.182696309409746;13.305814003843539;49.38028162948045;2.9672663734139038;-28.182681743824592;-0.028653005319760505;0
94221;29.898267408622964;14.46780732803439;53.30969355216721;0.23978145333735082;7.498031973784092;-28.942804123955188;0
94245;18.874307425545894;8.450854246775245;36.96686045330167;0.6011918844255705;2.726366634230456;-18.67635954274204;0
94698;29.423429893579613;12.364544989827639;48.616226986660145;0.4073265994414272;29.420228070053938;0.43405876146520506;0
94710;17.311127066361063;7.27457658709447;28.455560427999654;0.5280910690896958;16.640599543525646;-4.771327607669864;0
94730;31.088407004441876;12.505593455075948;51.64647003764102;0.6229167666062246;18.8614918449642;24.7130163164309;0
94740;30.913830577930167;20.324893048440643;62.04453768753794;0.8578544436547801;-15.125685641101267;26.96068535641394;0
95212;25.423724693377398;17.82018555588673;61.3534228309009;0.9210174585763197;22.374823051399105;12.071995307455472;0
95226;29.361340190911708;11.938837857508812;49.215383955758156;0.5636903904889768;25.822538166060312;13.974434531271944;0
95261;26.113635874852385;18.80496798950505;69.2806251131538;0.9311975809861195;14.151489290785905;-21.946692904789764;0
95711;30.540939307954904;13.948982855305848;58.24374698937541;1.1554978371143223;-25.572628284210865;-16.69699543180639;0
95720;26.885547620797965;11.963563110736027;47.560151136698714;0.5040549305183982;25.42690829599955;-8.73527362920157;0
95723;30.471640998679966;13.192791615757377;55.39033744649173;0.8025403056952405;-1.600946230549248;30.42955596651591;0
95742;28.795504136636836;12.888887828438715;56.28396069954312;0.8736811904978825;-8.19036175680929;27.606141214875812;0
95747;28.65012144409406;12.659698902969609;52.79944014567636;0.8547130343677198;-2.840375442472037;28.508976237443886;0
96209;34.272755527964904;13.3752785487293;54.441517740852106;0.1618271729168818;-14.884625783387182;-30.87182674815623;0
96229;32.52038489437349;13.371107503454944;51.686988146121;2.7834955260932497;-32.265962551992736;-4.059937717699375;0
96233;33.13068988490401;21.12709755252498;63.17754126731666;0.24553198710078483;-23.324790103111212;-23.528637421140353;0
96255;30.37701748523043;13.149749065375735;53.01432061099874;0.5564874316394589;30.373210948936705;0.48088246941071877;0
96259;32.531589333156816;13.155824950019106;55.75661153520698;0.20502720950289358;-25.445992167593865;-20.268344459967967;0
96261;32.53496110043705;13.823411106109257;56.85193622941743;0.5055176121811428;32.21070958278191;4.581908115690875;0
96710;32.705379249781195;12.742190051862542;52.26630791699194;0.27229580207912074;-4.640268434816018;-32.37452301926422;0
96726;32.815829804895344;13.022733186354152;53.298035979109365;0.6087013952523029;28.896923396837376;15.551414854641688;0
96751;33.38664562862491;13.072618962330896;54.43923557409793;1.0246993790636503;-23.13901850109865;24.067694720043153;0
96755;30.755347799354023;12.208788897332369;48.06865902846467;0.22109226489022346;-0.27579078844068755;-30.75411123248795;0
97208;13.986173290357554;9.807714650065163;34.586185271674694;0.8354866003646048;13.326604051826653;4.24436894646878;0
97222;14.062612547661882;11.18443115541494;37.091829683278974;1.2791177503160607;-1.5390186843025042;13.978143408730116;0
97226;14.688113815463167;11.482131229583135;37.7483636360166;1.425176172878551;-12.443661273706386;7.80358773650043;0
97250;30.522345161865157;17.443796270347416;62.789559026493734;1.2909072923209384;-25.58477600301997;16.644302059723824;0
97253;31.058867714811647;17.70973890464989;61.90318664010904;1.2414671235033505;-27.823099708308668;13.803202032415642;0
97749;30.961291968929196;17.36554426835118;64.13453516176027;0.31196583464881006;7.4272276965154695;-30.05724353844499;0
97762;20.5384768753032;8.840428837131947;33.870811084727116;0.5107186146265572;20.441671295069177;-1.9917597801213556;0
97766;31.977914914348283;17.75010778374433;66.675635135686;0.6693141516219206;24.873713203759536;20.096901097592557;0
97784;31.676522007710766;15.378898593674755;61.553985170087095;0.540375669341677;30.802309644209526;7.390518729238244;0
97788;33.16441856495872;15.867632173186529;62.70005450723459;2.2840334051586026;-30.890695950103368;-12.068287470475928;0
97791;26.941309376961584;13.60754156173415;51.57064654181052;0.4596811547943785;23.715721753986838;-12.782749807167221;0
98204;29.34083431280732;15.731208943072252;65.65771139469487;0.5783461327980104;28.844671249148362;-5.373034403404212;0
98226;27.329732857489116;14.542615697138151;62.0433286541102;2.6217814920306637;-25.596541274548606;9.57764965124794;0
98244;16.81009864605476;6.578015464949235;30.032239783405867;0.8903632235578648;-5.869038912551446;15.752263289224475;0
98257;17.64366150634709;6.913838532398728;32.77428640569715;0.8656412101252271;-4.7584863455513435;16.989867540677164;0
98721;28.094272607819846;13.443047669637082;52.05199186444201;0.7726048513943028;16.535534648347564;22.712645095976686;0
98740;30.486811586082947;14.840392183673911;60.017605802780096;0.9042622551010612;2.610315747230724;30.374856911351547;0
98764;19.983539999801085;7.40421572080292;30.92241269205454;0.48227093857210346;19.952712916560905;1.1095576564349965;0
98768;21.047187647908014;8.42349257499806;33.834961577414454;0.9961431295221452;-20.328591005287095;5.452751197882802;0
99216;13.465103505653959;10.518726898790426;40.673960516715255;2.0392378613457374;-13.352927468531433;1.73445681356247;0
99252;9.633819862066881;7.689108591902501;30.090262115124755;2.005964898013648;-9.619202983928984;-0.5304894803161115;0
99279;17.55537008181851;14.252926268150548;53.2645392726805;1.476830932312215;-11.756575188588654;13.037406127933197;0
99283;10.840195400588076;8.77159150508325;32.06774262794805;1.5310934811275283;2.77963830683045;10.47775964632381;0
99712;31.30632690312448;15.9180621421055;62.185039471798994;0.8678513545253081;-18.1535587252705;25.505576052570362;0
99728;27.861124018445853;14.425592159844065;52.40180033968979;0.37760079282193415;18.087240786132735;-21.191836926412886;0
99732;28.71960899508123;14.61089070324878;55.444414018748745;0.24068703805480557;6.76035696656586;-27.912604939613843;0
99763;23.83199332333215;18.250376260912173;58.37209800740558;1.6827531050705344;-11.325154541262894;20.969138761042633;0
100208;35.11551191774293;12.28443102312503;50.48839768195348;0.2631344852721053;14.231031660112228;-32.10259981892477;0
100219;34.13642219220686;14.20730058628367;60.951423440285154;0.642849333181817;25.269314736290777;22.951188484321907;0
100242;27.62425576684408;12.118645023205438;49.597453115938194;0.18390563285593875;-10.36506326832867;-25.605955754776314;0
100246;31.26591986266253;12.797782724423262;55.199302468101486;0.25543142981618333;2.8013171869406825;-31.14017287807802;0
100250;32.430894130414906;13.00634698182297;56.49667073059046;0.14582408048867132;-24.45117679906546;-21.304995828185998;0
100705;32.603338483251946;12.76493705059491;50.56022356228361;0.44130566420728273;30.243131774879892;-12.179107549436765;0
100718;33.69622333987653;12.485660803835689;51.3908906092268;0.20094737630164713;-28.217129464872706;-18.418172334231553;0
100737;32.44525953615477;12.31317760004783;51.951908220663896;0.24915771111700982;8.354545952408202;-31.351179057533738;0
100744;35.64670701781924;14.126896772878181;57.08033885692634;0.12616404165629228;-24.10316329978359;-26.262620588170723;0
101201;32.154094182434434;12.496584168615083;50.789356582824375;0.43070222646787143;25.580027390125725;-19.481990950959855;0
101211;29.829019096430887;11.503174273778017;47.20340420121923;0.2728634037238383;7.529733614239771;-28.863012523882986;0
101245;32.41545001816194;12.499812837693742;51.21465988997661;0.2456902285287253;-23.31456320411612;-22.5209356484412;0
101249;32.96500980186856;12.441972278746386;54.2672567228937;0.26594358200496204;-22.57712647853736;-24.02010056618035;0
101252;31.986026995929617;12.749420831464516;53.10456343144534;2.90154386398708;-31.86704907468175;2.7562848648431486;0
101735;34.66985163652923;13.666398397389306;54.17566580449095;0.6227678316601396;27.894495548692774;20.588728241028086;0
101771;32.75544845302402;12.493522820826964;50.02377194587867;0.15372929788528011;-18.455644108522232;-27.06120108011251;0
101796;33.684840521424846;13.862823154696192;58.336251592217636;0.1479458369897119;-27.7043761983166;-19.160793835746315;0
102203;29.886405803521004;15.969734571990205;59.561367904985744;0.20069839428582256;-13.874261603663511;-26.470778545517742;0
102220;30.844325371008072;15.359671827181915;58.43274662945017;0.6672362322686911;23.442433388223726;20.045566203809404;0
102240;29.353452312841572;13.966570534308156;52.224164202213714;1.1044221239925058;-27.177334359414115;11.091332643053914;0
102252;20.459967456609185;8.68659535984316;34.47476384391642;0.24424661505638104;5.151073403480394;-19.800927026719325;0
102699;19.264784867686686;16.02780523444196;56.11895842511372;2.2272005764791167;-14.599162776697362;12.569661181501436;0
102717;13.143493395318892;11.251794758744124;39.22799577966748;0.7231747747679631;0.019916087426129957;-13.143478306074574;0
102721;13.809224946663388;10.00021971376486;39.20326910434868;0.7237562650550294;3.780283936553765;-13.281722289920989;0
102745;30.25988433665874;13.425345737781289;55.30523281637637;0.2679690632416773;-8.347701981636435;-29.085674681769856;0
103212;30.985509927913927;12.257482890991552;48.715605374704964;0.5829832604390026;30.906756179592424;-2.207769903789373;0
103227;31.249457542623666;15.653053888032737;59.704060494396714;0.9629915893180113;-12.277662020871377;28.736520527187903;0
103248;30.683962693054696;14.914405879695021;57.77434026242359;0.32819021990923336;21.721853739602047;-21.67179357284738;0
103252;18.603175152509785;10.126107756428235;37.31952814458607;0.8407895239279323;3.559586445686209;18.259448789343136;0
103724;33.059388784930526;13.303071292025852;54.23667881972606;0.3883927297477739;30.111826066570693;-13.645553040085412;0
103738;34.78593602421135;21.603337203753696;65.9361584910101;0.36266837692472714;25.313186071656688;-23.86009128193375;0
103761;35.59770206663961;14.407942869834358;54.7869514507693;2.9514331566477923;-35.49692771178706;-2.676661250401684;0
104210;33.190868526300626;14.96837653043153;59.18358257998786;0.41666393964162723;29.835974665443246;-14.541264363637787;0
104224;34.81149001009656;14.374425711212488;60.288537820841675;0.20696882390227408;-19.827804121933525;-28.612899545926634;0
104228;27.569256390652487;11.477741298804801;48.26859072649349;0.6495794937281639;22.805593258949933;15.49092682962741;0
104251;31.89945155189226;13.099304950352856;53.71254091951018;1.9352796022781287;-31.125159255538055;-6.985661788901262;0
104254;31.200577235813657;13.080433827950037;51.73743818666462;0.5834436755394287;29.624201872559745;9.791970346248046;0
104707;34.02336603279989;14.33463133033104;57.31986978519913;0.21156774616724763;-29.796031290217126;-16.425162268735228;0
104725;33.285775984383484;13.481478920015208;56.57698031099891;0.13879488741304846;-22.380791600701286;-24.638243651050676;0
104747;31.558968213573095;20.870539884114073;70.17236253473929;0.635412220286981;18.375235429379625;25.65773173178387;0
105208;32.89283603676023;12.317295285588493;49.68826919439049;0.9904654640740926;-27.911281428117523;17.403994701838258;0
105223;31.672313893530237;12.239037379913466;50.58716321316686;0.48722262939603894;31.27279823085873;5.014734108834455;0
105241;34.57419249192121;21.84838272182987;64.79890069727031;0.15543785554688924;-19.757290945613917;-28.37294910577297;0
105255;32.374739765998406;13.862905056655057;52.01188031920117;0.5643939229618489;28.502568733446342;15.353414946235432;0
105702;35.856784387487345;14.481154025160883;58.31396507620569;2.8724393746549355;-35.77691240974813;-2.3919709521577275;0
105714;26.52694467796809;11.964578030297874;45.68854071298795;0.9203492970767115;3.0938847916096663;26.345904251785058;0
105747;31.377673184951608;15.258502671924898;61.07660559489331;0.2090846648842655;-9.638230145952427;-29.86072494356567;0
105751;29.61319241782109;14.995016949675339;57.06876891544725;0.6502123517068928;16.278954763482236;24.7373563054623;0
106219;27.319459311946385;19.509535058401386;67.20929889502175;1.214376730227234;-18.71124331053656;19.905834091315914;0
106232;18.734374110348405;10.686515969744393;33.63556839973842;0.6062500678963355;17.408105506965924;6.923484380341679;0
106236;29.76088137399164;19.53402128599923;67.63601854607347;0.6149450908760058;20.286762725430137;21.775153691280824;0
106261;27.98995333488608;16.1674604831803;59.789712161620166;0.7701943382414216;14.622053694124498;23.86698626670826;0
106705;31.51013707866846;13.001449696817353;54.20240415532986;0.5967654773504582;24.21723681561234;20.159716757261926;0
106727;35.57017056543271;13.823381758279316;55.13361138898548;0.2693778786885239;10.33858247296845;-34.03455224479389;0
106795;32.69099050000376;13.382215972174432;54.607081670972434;0.6851027678769683;20.10544679138541;25.77735186535083;0
107201;36.937451356425576;14.055877769947143;56.37281051419064;0.19827163799566785;-13.572454261521342;-34.353512164365625;0
107214;32.63787460879185;12.673466008072898;53.10382207108939;0.9888803766579055;-27.830583395572724;17.049618378171733;0
107232;28.00156144532375;11.622169600725245;48.288288679250705;0.5193926364800397;26.790437564304334;-8.14615851118505;0
107241;30.098691364182336;12.237544978072421;49.962983836893734;0.9734634372293517;-13.734895079755317;26.782155980884315;0
107713;29.007817733983792;12.807501337776214;52.37356148654986;0.9567493600330184;-17.122423668189693;23.415296227360482;0
107733;16.840262475357957;8.077261884159178;32.660036350899894;0.9036070350923069;1.0113192019934611;16.809868343048635;0
107736;31.334017582619833;14.226930445719045;56.7956307679039;0.5215940562118048;31.040504621315225;4.278753407481791;0
107758;31.740502958370673;13.99223973562095;60.162229099714445;0.5077160661437612;30.82903009455211;-7.551849540313807;0
108205;33.159912747569834;13.508210935653892;55.2853004131174;0.20254275338779867;-12.413171683114479;-30.748869608360717;0
108220;20.891910549766227;8.214980370347323;35.201108177509234;0.1871101156829226;-5.341151219074052;-20.197624367098648;0
108262;33.43927000985488;13.891488293683652;58.17667157479135;0.8334691622631865;1.1883306298046916;33.418148499075286;0
108266;20.11509213817548;8.074754513733328;34.55222094255661;0.36404454032541883;14.35940197929025;-14.086323385626367;0
108701;33.12157445483443;15.493153398627863;61.435851985299685;0.2116059092518;1.8453462101494322;-33.07012839001125;0
108718;36.76653137528667;15.11583450582914;60.639746468315195;0.9902787555996861;-31.030378878771327;19.72038072679737;0
108721;28.003197677037768;11.66624504509757;47.90308865053322;0.4905091137709904;27.665259800488535;4.3373356234820735;0
108741;34.6992412853193;15.118586573940915;59.688198642638845;1.0211866149321625;-18.86165839871988;29.125164175104793;0
108750;29.328825561226797;12.099755356400191;51.778381451955696;0.8074480468115388;1.142106702939478;29.306579484477048;0
109208;32.51583451492778;17.09052266754298;63.88405411251981;2.4201118400553905;-32.14671040473393;-4.885540334122736;0
109233;30.435098187182902;15.49581361605882;59.16092205023383;0.7227651297859379;10.832206508811684;28.442195833196877;0
109236;28.003355106771277;14.260403083552252;57.3635855920308;2.686069293772201;-27.891622906944256;2.499053591413254;0
109258;28.62019468980392;17.751389757754367;69.12838208964503;1.5573915193549326;-25.78130223568324;12.427389070703265;0
109262;28.19060800958858;17.067624117826625;65.75689040094635;1.0593264468999364;-17.869581418307323;21.803404318701368;0
109739;34.6259946796908;14.615462871512982;61.09728939922776;1.632049734341787;-33.25929914416073;-9.632161128075309;0
109748;34.59583700079538;15.1402282451437;60.20465248961588;2.4940658355947947;-34.18538825926139;-5.31330098424285;0
109767;29.049100984630947;12.941573632900422;55.15401363147557;0.40466142424577883;26.30922160882901;-12.315645592205524;0
109775;30.475168349380656;15.273889095511025;59.76553478654139;0.4464385341990133;26.192985311647305;-15.57765728172632;0
110207;19.232761075823344;10.708094657423977;33.00143045904366;0.2678880633985207;5.747607910837491;-18.35385795692513;0
110220;31.056642011920186;19.412013644705432;67.25371641410294;0.8841430908520675;-20.883007377681803;22.98727943712029;0
110223;20.445374255788497;10.52160986345548;34.63230877144543;2.8175316098216197;-20.08443532700571;-3.8247596074242503;0
110255;28.3818189244379;16.981222426995036;59.115301476786165;0.8591331958754628;-6.495104391343485;27.628631243786437;0
110702;25.326493530297533;20.520005103367215;67.52961124632841;0.37771055839787726;-18.80720709244483;-16.96231811758333;0
110715;23.542524009902124;18.010442399533517;67.68299296736238;0.6948770846035862;20.43988366539098;-11.681677640737266;0
110750;14.659512020726602;10.936267538914494;32.867970933065315;1.2216505232222963;-0.40747114886521046;-14.65384795706132;0
110768;18.32667827921171;10.615136414175495;33.67980709214694;0.6358568480464584;17.758446171475327;4.528214474220886;0
110772;19.806734740515953;11.246093411443457;35.34238235962482;1.0104547578295735;-16.257346024098826;11.31394897168445;0
111213;29.557118992521932;14.702674387821029;56.769747471816885;0.5976934245162817;24.189740861918704;16.984690758778076;0
111232;28.68940624432427;14.38922741589762;56.313676349481455;0.471356625688392;25.72435219483058;-12.70195791239239;0
111262;36.31515725415439;16.536262417621465;64.20207625246577;0.13843094094796943;-30.212275637788128;-20.14966618036826;0
111706;32.94669501721072;13.0557553017489;53.44188478757649;0.9284064329048382;-25.96244424453245;20.283890194108277;0
111720;30.441608764523046;12.776244228856733;51.342015073811446;2.607999824933036;-29.722369941022553;-6.5781661016795026;0
111740;32.49000787501452;13.455018766462223;55.5963161997751;1.102111234358769;-28.595846937144547;15.42329892292522;0
111745;32.8988584231326;13.75670186881916;56.93567644978279;0.1949129248040906;-23.778354968747326;-22.735978547790115;0
112212;31.321903265068578;12.173651450570532;49.15287433960021;0.8120262114412173;-5.850337163680484;30.77068701244047;0
112223;31.49032054183197;12.282462755608643;48.7861640574583;0.608894888523157;28.304815926686082;13.8013652652099;0
112227;36.52337897265128;13.498689387568504;58.33819916735152;0.2750598718037146;9.83589469913767;-35.17403000862115;0
112256;31.510632243872678;11.893955697153167;50.49341580531644;0.6997027756609742;12.984467355921462;28.711035367809334;0
112260;31.660168856346836;12.868752208365649;50.5202190400787;0.914650677743847;-3.9184149647355895;31.41675215830768;0
112710;31.552668025013958;13.155024855716823;53.483642626813435;0.5744119938009058;28.407992363483736;13.731599665479179;0
112724;35.6368868637009;15.130241237895188;59.08435433734159;0.23955672864818423;0.8984906673278492;-35.6255585199298;0
112748;33.01151626565802;12.972101210873461;56.322974959834724;0.522836040657213;31.274195554431845;10.568107615886548;0
112751;32.790085055393845;13.692078776938605;56.86001620558449;0.5320253059002941;32.7716486632696;-1.0994188606634232;0
113201;32.51501429959301;13.354490492711397;59.03996510150913;0.5195115820114334;31.674001934368565;7.3473639058069296;0
113211;33.148029621170785;13.45672911520528;56.811231820905;0.5490902695373465;32.40379470167465;6.98469445986993;0
113231;29.551544141883344;11.267649362466743;47.03432905398585;0.26390138606423874;0.6057243790325574;-29.545335658041278;0
113235;33.14801679727277;12.375686376592693;52.53926105824108;0.4098043133522103;30.00051971040106;-14.098220976354245;0
113709;28.46337115974236;11.591751045989161;47.79938197960464;0.42699003430358434;24.368633376195866;-14.708269957877636;0
113722;29.546063255555257;11.840803691984437;46.5206105320568;0.2491515019852286;-26.258453226633435;-13.544869436283859;0
113741;32.26002727317763;12.396474079875686;54.25327901507032;0.31965643945642286;0.5817221189958299;-32.25478195620667;0
113745;33.139893397430065;13.125820106856404;54.73953106955619;0.32949856102816977;7.804550935534156;-32.20778662199068;0
114213;14.975882941998124;10.830848370095106;38.74465021371707;0.7806014714244136;12.33743363762457;-8.489098958643382;0
114226;12.983024616399813;9.576410663856219;34.93229318295897;1.0510952061745953;11.272052801784312;6.442030256357849;0
114253;16.6178594013701;10.771633741981706;36.10300147188588;1.0361985475202016;3.2426226859700544;-16.298424745972753;0
114273;27.08901474797365;19.18247024686946;61.90149808306629;0.49765049884666723;-11.187001427075856;-24.671151555744956;0
114704;33.75645304529263;15.025702046234583;60.55134583320726;0.5439554212929762;17.66762582145904;-28.763746627168718;0
114719;34.39210214188813;22.85921459642017;68.85562225155512;0.4817457959767898;17.33508541046586;-29.703728781920965;0
114748;30.6732591202774;12.804901782427294;53.285913761130594;0.18287497378529796;-2.5123092981389945;-30.57019998381046;0
114750;34.374395290521385;15.54649156355641;61.666476584996836;3.0261989418421975;-34.3724211726524;0.368394243733027;0
115218;32.47094598107113;15.504995895647188;55.831627055777595;0.22141066081500368;-6.5275848837735575;-31.808064519721576;0
115230;34.93757724912447;15.470413743576586;58.32680757088713;0.0869593579903798;-26.249697642411373;-23.05618523781683;0
115255;20.959963152654893;8.246924229888474;32.71760064005659;0.16971572296522494;-5.496236667986678;-20.226503352041092;0
115271;30.542810098795993;12.60823773228547;47.45077804216034;0.3363532339189718;21.5235599535135;-21.67024724498141;0
115706;27.33965647435284;11.617137185188906;47.656084873618084;0.7325588927777051;7.153176846313267;26.387286278452184;0
115720;28.95408012400395;11.944474588199242;48.62565613717933;0.42005150193935453;25.3652033570972;-13.96227826969315;0
115742;32.86536404284241;13.49538448450623;49.940492241406425;1.006381610147861;-20.3883818866534;25.77685081061188;0
115746;33.35322058357104;13.375548633047568;50.82250418316702;0.4649970659895791;31.020719341516273;-12.253664547033472;0
115750;29.19838377112763;10.989780860768802;44.74617930292843;0.7790155421282072;5.038501790170459;28.760374033668242;0
116225;32.146714211379965;11.903005435513249;49.979045572238164;0.7973701065426142;-1.2106081171938239;32.1239110722017;0
116250;28.7687785229224;11.992770333291997;44.00250111940537;0.7279037457911389;23.235303532813223;16.963587104117998;0
116275;35.82159071065695;16.122423124911013;65.23927045353588;0.12990679256311788;-27.555432280750757;-22.888523606007958;0
116280;28.857437763607383;15.447866734430704;60.114949983412096;0.7652818395717393;19.211218367744248;21.533248781995702;0
116708;19.26439331901396;8.463739948287479;36.92491107801696;0.49284584191709435;19.195350773080165;1.6295271240701696;0
116730;32.280663292017586;15.079774849315518;60.9169852131717;1.4309939090370687;-31.16368742189101;8.418183226996417;0
116762;33.82583840473206;15.584976075179632;61.07317874780356;0.21142402497533752;-17.23212112281984;-29.107410489281122;0
116766;32.17400860063758;14.83376902155963;61.338682848614155;0.4917446776869267;30.595373052801644;-9.954394868288068;0
117204;31.39559724761944;19.297353538132462;58.1104795286058;0.1805749275769629;-6.923638288323062;-30.622651083588373;0
117219;33.57217117479973;12.268939328303421;51.335075199733495;0.1418882954173141;-22.67031810734858;-24.761812419564055;0
117240;34.172078666560516;13.067436425303502;51.384128900279954;0.15008958770271408;-11.88067593504072;-32.04029493809544;0
117244;33.9720661678418;12.780781414798875;52.92418475869008;2.9612283449017807;-33.971777558438326;-0.14003296828791748;0
117711;37.0987682248842;14.902727660667361;58.68704782715208;0.2462949099512216;14.107127068758407;-34.31191585542232;0
117730;34.99867768031485;14.059473820289636;56.02386697327454;0.21678648632748737;7.592088528371133;-34.16529863981792;0
117751;34.87093087438097;22.432729136974395;70.81106562355403;0.31613043946327896;23.47171656471053;-25.78876386242173;0
117755;30.15135252354867;13.116735266166911;51.54541429101478;0.8783296530794088;-9.37564621906867;28.656610353881145;0
118205;33.817506433874385;21.632135431969157;67.49083940344497;0.9275536925853232;-18.00039680402423;28.628822125662275;0
118215;35.01625841061068;14.002540808078011;55.89421760602849;2.9038400081695515;-34.9076701730153;-2.7555246634064883;0
118219;31.396659443358352;11.826878051717571;50.201896703522735;0.18685101040748636;-11.644046855706206;-29.157613020004597;0
118241;28.656323542361264;12.429863885658131;49.104577449720345;0.95083791735729;-4.453443291777494;28.30815645377513;0
118248;30.573879455555986;12.762961210347777;51.87493741569293;1.007258711126137;-18.714426848386626;24.17710348034384;0
118715;32.15166124576647;15.856098507575183;62.38190121785905;0.38676763649530943;29.458697879240376;-12.880777931559882;0
118741;30.420839699429663;12.15524953075172;48.21473297014022;0.29965055325649337;16.903356047603758;-25.292371228224795;0
118759;31.73234483520691;11.508072032446371;45.21738509257953;0.4769461509811293;31.643749932564283;-2.3695566981654075;0
118766;34.37364798080502;13.099859061352088;51.495709448482664;0.4641320236564341;33.35705180067621;-8.297877480133385;0
119226;14.464040198017155;8.882745291939338;40.78349222588455;2.6387889706114414;-14.461690801967805;-0.26068754887016427;0
119244;16.174014375734835;11.861765610487616;44.74417748935104;0.7054447485609859;-11.053525206643025;-11.807553579492424;0
119271;28.123384451694555;13.506375849329325;59.68467569707591;0.8798300054265775;-10.959787331513319;25.899957812047017;0
119274;28.4596917497814;13.650801957864545;59.68368300237286;0.5186513109892552;28.01600563349747;-5.005744983158189;0
119713;28.101813947320515;18.368573344541527;70.84565036975336;1.0303221252046417;-16.62829811612522;22.654175087411247;0
119736;15.785485856782337;12.623572733383817;36.44094652331236;1.430818687187932;14.089398945718342;-7.118314483293503;0
119739;11.69987717438999;9.37425467123253;35.33849188031976;1.3790510741549462;11.699439991848726;-0.10114234000940903;0
119779;15.153185857470893;11.76732062850105;34.95213445513774;0.9979342905790181;14.618661981758937;-3.9892058726182302;0
120206;19.190889548360946;8.956574148941211;41.28413512006321;2.850242408777296;-19.183034358571817;-0.5490304684100412;0
120251;15.484746736357064;5.646676206084754;32.46368264439115;0.6057499496247671;15.47018795247138;-0.6713167689921944;0
120300;25.875581431260223;17.84984413857414;67.95525918365541;1.4451815802786705;-21.858893054510336;13.846823059361256;0
120304;17.370591729370123;11.478794473201535;43.76229254294604;0.1749721703574435;-5.451766126825609;-16.49289856656066;0
120701;30.53788026313008;12.757448261947355;51.201372727756905;0.6836417281024846;15.237196643205765;26.46488181385945;0
120737;32.528767162312555;12.418498830270366;51.04011460665084;0.8736854447460702;-2.0223091568215557;32.46584295493002;0
120741;32.665627634757726;13.230665279128148;50.35028219699996;0.8202072897186359;9.179558134649024;31.349305275001655;0
120765;30.944353379610764;12.614331656202959;50.2237703975994;0.9557773488664877;-14.817941952188745;27.165816799496255;0
120770;32.329526969068745;12.954028761316392;52.85315883847709;0.3145496908298867;13.922511066943512;-29.17810822576712;0
121213;32.16881292259313;11.790735502342228;48.96553850201907;0.15651452717180614;-22.81102354283969;-22.68236605332011;0
121231;35.30229531345663;13.192904529979755;52.121608546102244;0.18994804841455962;-28.604942383824305;-20.688386249695604;0
121251;34.2863114588237;13.212676539471678;51.25787225049775;0.5869017929734746;28.85074347883119;18.525273389889414;0
121255;32.37992605407965;12.345735526632591;50.164101776973304;0.1900779483656402;-10.789666500654729;-30.529374511645585;0
121705;27.45355876311993;14.430337400324175;57.411663368345955;0.8492657274805226;0.9917095038099545;27.435641071790762;0
121720;19.56720589436455;7.417316952225943;32.26558724250361;0.6504898578049549;18.447097369258746;-6.525346363339026;0
121743;18.771468066332595;7.853291678454853;33.15606177245894;2.1998825571772147;-18.197313688301264;4.607145308638287;0
121747;28.7501773385052;15.50632925879242;63.18213889810569;0.9275541063948867;-16.640867557733486;23.444705669329082;0
122214;32.45353838539342;15.33328388970694;61.85338474936138;1.207806196131401;-29.596178110897565;13.315344342533251;0
122233;28.803871232505898;14.157211918289097;54.91002401652192;0.5353721039226399;28.782923424994376;-1.0983246740790311;0
122257;29.41142240486368;13.5305664572715;57.016060083023696;0.37670489968162946;16.85483416522714;-24.102828322419118;0
122702;34.529776922293834;14.150669831475401;60.8798916644004;0.8639130134601481;-32.85682373563513;10.617656441455424;0
122716;32.34274078639094;13.283072317677313;57.41812242307357;0.38994461814800896;22.332740581045194;-23.394477547391677;0
122720;31.904728662543945;13.825017598003651;55.53721988395926;1.20467700597778;-28.28788349048766;14.754909645916133;0
122748;29.134819179187506;12.347676681905677;49.06752872215012;0.2837865203423723;5.967374420414351;-28.51715503220012;0
122752;34.187974368761815;13.57515783757281;55.98506605283233;0.17091292439312805;-22.418202195604874;-25.81166018984621;0
123212;29.341118338181147;16.372513716917027;64.9638186575839;0.44319284435553635;21.385464574219554;-20.0888807622513;0
123225;28.15820744779528;14.576076838154657;56.04558498655864;0.624207182641347;23.34189055147468;15.749310847019645;0
123247;32.430378346602296;14.9724760092954;61.292813105312874;0.10007518426110124;-27.447038983966916;-17.273954113530912;0
123254;33.23215038346794;14.83384911439449;59.60430442992431;1.8755701673125786;-32.66464885265141;-6.115270594373348;0
123710;29.10770259802734;13.191279133184038;56.47649082540332;0.2809506889737321;-5.717313402281032;-28.540684609786524;0
123723;30.361542257323702;12.502519751267133;53.30551339196939;2.9193176359406965;-30.349296684885594;0.8622290739966638;0
123741;31.698990370830757;13.977231442710664;55.885892913076354;0.8354173543348837;-10.97645337673458;29.737912868901763;0
123754;30.8171294903935;14.592633372869026;59.06940548741984;0.17635479256686706;-3.6959433034799756;-30.594696813747678;0
124208;26.990395057607227;21.013507613534415;74.76336343185093;2.1440190152929484;-18.725464980101926;-19.43806540385861;0
124219;16.93956263214586;11.987720463590104;36.31375065038909;2.5214310789411534;-16.805836280234534;2.1242996705608905;0
124239;25.058564801723975;19.136370234850297;63.889470404063836;0.4875531420787565;-18.894039622456198;-16.460465870298293;0
124243;28.779546917838882;21.50763778720464;73.90104890455689;0.5874527971574023;-19.75503460366866;-20.928471721650947;0
124247;14.125980742243035;9.692132919829367;34.50154382337028;1.0465811032537244;4.931073993150023;13.237365342253744;0
124702;31.184494168492737;15.374870559702602;59.96935479085163;0.19358657036829185;-13.489002820036958;-28.116178251423015;0
124714;22.20695757155511;9.962007580179222;40.93246016186512;0.16504459400899163;-12.832007458881993;-18.12425306488645;0
124718;30.302426279999246;13.409162702727619;54.4592026897519;0.7216344174011475;8.390021292394787;29.117770882537542;0
124747;31.822032857564572;13.433063895789592;50.091072963527424;0.5099318098631572;31.730213698214445;-2.415639429543144;0
124751;28.71420545002088;11.68326059108478;46.04530765009836;0.8588104339173113;-17.664123470746667;22.63811689686723;0
125211;27.267847062695033;11.36775649427157;46.713630129264914;0.67223296763433;25.055275326394845;10.759584645936654;0
125242;31.36178192849807;12.25859594185759;47.40831557956401;0.19464332281106375;-13.309481773223002;-28.397518565165385;0
125261;32.77996229990339;19.978230962974372;60.26331929120469;0.6276336458485684;-28.320355111145012;-16.507071659192913;0
125266;32.78819814419161;13.081504334817087;51.013109131603215;1.0056085839956102;-26.092315562697525;19.855906076514938;0
125713;29.597190888389644;12.813085763391038;50.74328446186697;0.997446473834052;-7.430904638231908;28.64917738332601;0
125723;27.466311748390492;11.877222330384281;48.54383035764338;0.4887735280906999;23.171813310462934;-14.746706376843147;0
125741;29.16980035107055;13.205685689775676;54.72188032021566;0.4053536301294829;4.245030093630021;-28.859261460153323;0
125745;33.012980364017956;14.3714836188835;61.330476522051086;0.6684954309784423;26.797950645735078;19.280215603145678;0
125750;31.529255150858987;15.115768440863919;61.386480502721334;0.7157931122936719;29.37517143101692;11.453961487901696;0
126203;35.704476750754196;14.622285474386597;60.71029539410548;0.17995923295022592;-14.605562157045346;-32.58047289592083;0
126215;30.446433613331024;12.7535515945463;53.99794787738521;0.39068224679615415;25.641509294361644;-16.4164040178761;0
126239;33.99558265597797;14.098066248834693;55.09654627030658;0.5249071499459773;32.11449184733705;-11.151639050236168;0
126702;32.01463045020784;12.513707994536562;52.60732246003862;0.24361344801129067;6.076099311509793;-31.432746937231645;0
126711;35.99865284566613;14.113561495699269;59.07793262704215;0.7933315606527259;-33.37318546110581;-13.4956844539809;0
126739;32.738947257702364;12.044854689610482;50.6822801206815;0.14749738305985932;-18.043161094552;-27.318180855588867;0
126743;30.567927059282997;11.716012141257218;47.034301971192335;0.9242457942739127;-3.7798387558058058;30.333331232849353;0
127208;30.99305719440471;18.445462665848304;64.93527427370631;1.0263809457168263;-28.68291769010254;11.741372451227509;0
127227;18.570265043684145;10.6719318664519;31.47017886953043;0.8742695137973726;-2.5074873061498355;18.40019704248231;0
127252;30.620238790871806;19.80838096833599;63.36774032376123;1.5830674465326162;-19.509372886131064;-23.600495613437964;0
127711;30.059106111538288;15.65032820864339;61.9097778688458;0.23117660094064685;-22.908607332567744;-19.461386649130166;0
127726;33.726193458811444;16.02969656714241;63.85395046295711;0.21135169317592142;-24.260660268739407;-23.428113209261753;0
127750;18.39331336664412;8.97315257422304;35.85629089764361;0.3091487453127828;5.590824211361833;-17.52303230725834;0
127754;28.858185050159708;15.725438673411551;58.588455186515034;1.0306522740655093;-13.462777947907473;25.525447191275564;0
128210;18.231338474333022;9.274765199824072;30.862178190015396;0.4865295862693429;17.603878824592066;-4.741851209683261;0
128227;18.303393790456223;9.694281193333328;36.56142402315888;0.7077250681889804;3.2517333803975736;18.01223068560137;0
128247;29.960134479656276;13.617136743421858;55.47173826649376;0.17010437973511067;-27.163719820328332;-12.63890753039164;0
128252;33.91077681533475;16.068976622324666;62.827764226087695;0.16618724649234448;-14.238385800473571;-30.776763215392183;0
128704;29.865712953803328;12.510773405789552;50.942496157168954;0.5462341528861576;29.846501439232423;1.0710565236591423;0
128715;29.09457386838569;13.278380938103263;53.95897845041177;0.5776019679598271;29.093191824654532;0.2835807412469365;0
128718;29.84203094555124;12.796706162760453;53.93835675653863;2.6105693058827644;-29.04493766097197;6.8511610129590315;0
128744;19.323192109157656;9.914770312840124;35.158217811590156;0.4729110730873392;19.322746474445974;-0.1312325100666737;0
128747;18.37160591071296;8.52298592288966;31.75944312088713;2.139693082610042;-18.217816602161715;2.372142910649448;0
129218;32.6432480418746;14.00746981563335;52.090976860351404;0.3736186776104385;25.127003087493943;-20.837834785898938;0
129229;28.038947351690677;12.887234989442883;49.16716956298365;0.6801026301138928;24.564432938028062;13.519290034021893;0
129251;19.541011429294894;8.055847656762959;32.95407180813255;0.7916100359734326;-4.178851348925241;19.088958302731434;0
129255;32.14347199119328;21.2465573401582;64.48238726346047;0.14003984967400132;-27.48352671529048;-16.669089685358983;0
129712;34.242809364174;14.095588043921216;57.23407200284311;0.6719407310867777;-3.0858085884472266;34.10348631015058;0
129724;34.18692814896109;15.333191644790931;58.05098512365255;0.36508445361137914;25.48696660014905;-22.78509578178496;0
129747;27.95144132577847;14.135728361664746;54.98753968012245;0.6694561330005259;23.39061989200382;15.302351886433398;0
129752;30.93889777229061;15.686837224205105;60.352902696685106;0.6146817822757814;24.383857734551846;-19.043184537922876;0
130208;19.996816624029428;8.909784400455056;34.274388433491644;0.7742891648040549;-1.7738684912222349;19.917983474009326;0
130223;27.56089461404929;15.750538037469681;61.47722285350287;1.0159529604215443;-16.2010532646538;22.2963850218501;0
130228;32.15808263675884;18.57481998964821;70.10949794470554;0.3916561368514815;23.797570637816;-21.62909870084207;0
130245;20.336808410459877;10.043878417783025;35.59716188803028;0.5217679340501368;20.243566776155564;1.945194207034933;0
130258;20.252160502918773;9.135637994095974;35.36461127400988;0.34644533951783035;8.896161832566085;-18.19363376801835;0
130715;33.195187724654325;14.36001858871193;59.8585833903928;0.15306578745906546;-28.448111071056765;-17.10629897329807;0
130735;32.62501615779798;13.738252507488308;55.605301523200126;0.43055233079411404;28.7611677974025;-15.400873553998052;0
130739;32.6363350828807;13.703419234397582;55.02040880978553;0.7269994349319207;-5.416472130235294;32.1837256591659;0
130761;31.828687438488384;20.573366932272304;64.21288957153926;0.9857991860993959;-26.158383765222833;18.132961778162848;0
130765;32.71191958496651;13.540416410101844;53.43073268946874;0.12012881113823674;-20.551319905393154;-25.450204971267063;0
131199;29.754662327944327;19.485232879895424;57.0301069591202;0.5616920901094418;25.040741520244925;16.071751440532896;0
131209;32.92000838837636;12.825641478220055;52.971929737918195;0.380108067425971;32.67795229003444;-3.9847693058699054;0
131232;31.733892313382377;12.902579290459961;51.76356532752379;0.3812840945181628;27.19095226610728;-16.361296899073267;0
131244;29.00244038395859;13.685903192105389;47.86060276685302;1.0267008732081049;-11.568671400565043;26.595251272564067;0
131713;35.337638417742426;14.426512797467591;54.41896743612903;0.14361410852718917;-20.993740401653294;-28.42554402102263;0
131736;29.131637347295882;12.671537798777074;49.813849118576194;1.4628249805976017;-28.624792440179377;5.410503885130653;0
131759;30.281997938794433;12.892814329125049;51.409424931797965;0.5954939063179052;23.429476989692358;19.184864011887772;0
132213;18.778860854372;7.752591543868258;33.14104767319238;0.5304074569506252;17.979594365496606;5.420313776901457;0
132224;34.183356402846265;22.307658933172416;66.48655284139889;0.10815187507466653;-26.184849867076874;-21.973973068215383;0
132244;32.124196481221745;13.719773047107939;53.39226090320761;0.5358416133191557;31.02509152381451;-8.33112810506912;0
132251;29.908503524733682;12.105821811163612;48.57330944581029;0.49803324745856137;29.70391382833086;3.4922895596015113;0
132710;31.601215828856823;18.632352152996468;64.71087066475924;0.13387002209195725;-17.541371274408966;-26.285683093184605;0
132719;30.62105790530248;19.350194466061964;65.52430654108677;1.8108885747838834;-29.358505726320747;-8.702145066446516;0
132723;19.13508600866139;10.280632012173553;32.45425316046489;0.8476786256787868;-2.371564669331306;18.987553754447895;0
132766;28.82328538576598;16.998543279893948;60.87176058912588;0.496155967885224;28.73660988279582;2.2336143071963983;0
133212;30.250955402061145;16.664365765942385;62.37234694350574;0.6626733019012209;19.138805654033675;23.42704464661774;0
133249;19.277561628454716;11.325107195382621;35.70861370445075;0.4355403400589033;18.680878504489787;-4.759113429974226;0
133268;29.207415383639503;17.253215724059576;63.95259217568817;0.2756972266193179;6.034665699794484;-28.57719236181514;0
133272;29.28198377667583;17.089618607576135;64.63843706943287;1.070434962230832;-23.00823450627014;18.112308489035478;0
133281;22.211422919234593;9.000142451584093;34.59534947562797;1.3364783117850279;-20.814438829297398;7.752834598940988;0
133704;31.50867474410453;12.474918398904244;46.29251863862527;0.28009476061732924;2.730254879724913;-31.390162350989982;0
133717;37.03196684018378;14.065225912764701;52.4597840613149;0.8897769824201325;-24.63675468283905;27.64772841934901;0
133721;31.736694323177066;12.738361603793543;48.695987251775854;0.6135918473730806;29.88858125806183;10.671948132511439;0
133743;30.456824149660413;11.334478700085699;45.68173918006889;0.8128434886345516;-2.264225498959907;30.372543854165354;0
134202;31.503528367680147;12.211032133575278;48.06123643293867;0.48725181870758927;31.36861586660918;2.9124282353978397;0
134215;35.02594826626351;13.70588568018188;57.54510623753534;0.5471583339476189;34.66897826004308;4.987885158624623;0
134235;31.781732537602583;11.843170892014212;54.44292242106671;2.115940991451576;-30.975959032981294;-7.111152162538175;0
134705;33.719166572183525;15.325019598352986;60.27125950360517;3.0228001423080513;-33.70060542727359;1.1186546195663483;0
134729;31.79606324109158;14.317952961809263;60.355304379751715;0.33997423166880303;11.1180275005499;-29.788909045624873;0
134748;33.83271684891849;15.576154312136385;61.38981764855247;2.8428743981055242;-33.60926001444456;-3.882057529268627;0
134756;31.841604959724506;15.99397304609045;61.70301183826906;0.4311541275695267;26.206586084511557;-18.085979437294444;0
135198;19.40429242638002;8.408282120847149;35.954238282909785;2.0583022284207577;-18.96038376229349;4.126791993186293;0
135210;30.16196164105062;12.806273819559733;54.75951412948411;0.409008256348952;23.854905200301758;-18.457720008734153;0
135238;32.147738803910315;12.788978592359413;54.092573644830686;0.6111021596793204;24.97974572554623;20.235844773359368;0
135241;32.140117843955345;12.366399785741725;52.422342189351525;0.4260699082226922;31.159930035781016;-7.876924221329604;0
135713;29.164266419414332;13.526258502373297;52.652128429150544;0.4270448468470966;28.420017823284976;-6.546527530434961;0
135724;33.46914871047685;15.739957511801869;62.129412207153834;0.39317098837273934;22.1392103822792;-25.100583241295315;0
135752;33.838663156981674;14.387286152649663;58.22743037173114;0.7015333762640656;24.440015640216227;23.40386206927513;0
135757;35.549984863166806;15.420683232718872;59.08439018810204;0.12549871214084835;-23.199112249536594;-26.937011983603348;0
136209;18.578118980033494;8.068599145139718;33.7491344989642;0.9291715251177407;-17.663487360450112;5.757405587892856;0
136223;19.723597936623182;8.770167868519849;37.06800662144256;1.512431929691795;-19.102619384151474;-4.910218755799639;0
136261;34.49254185414998;17.08067515772848;67.39547998641139;0.147952313863515;-24.053327512999594;-24.721910911429656;0
136708;31.281668660793326;15.694804153042957;60.01049694479682;2.9246859125089792;-31.014002576738985;-4.083434629535151;0
136729;17.321270043200222;9.820578783619904;37.24899280618497;0.8770133109003155;4.30718605567771;16.777203109912;0
136749;31.51054919764599;18.323403425893833;63.14347641347138;0.3213282881712324;24.17777321643138;-20.207671638070572;0
136759;28.26187793331134;17.923456273743056;60.81699896325428;0.8251790088821686;-10.495858871384888;26.240630534904483;0
137204;17.787717030712095;8.33450187993057;31.256579218512123;0.3043984848059319;2.3071049153984062;-17.637464218929818;0
137216;15.059829382386411;9.426261178135077;31.72294669492354;0.6983819914048067;14.25902698435126;4.845473195275324;0
137241;15.885378738743153;11.939793491156879;34.33788823212668;0.5593584251487461;-5.936352005057688;-14.734482771558714;0
137244;14.720703143386082;10.886608192182438;32.64145957521519;1.3252945708612374;-2.620247176545659;14.485627558704572;0
137715;30.518930749635235;12.36977127478642;49.37277525378336;0.18529236171419403;-24.192380324069596;-18.604673293465847;0
137729;35.51414601434571;13.956864100268945;58.615527368441136;0.17704948636169532;-32.69375986520776;-13.869846178108746;0
137752;20.55208422378817;8.020730772396428;35.44031419805168;2.7331879428502703;-20.452037113630478;2.0254243615509564;0
137755;29.942735197974674;11.821892948873808;49.76467587201682;0.45148802460125537;27.888639336618585;10.899136988222597;0
138207;19.61171181789796;9.392761918977286;33.3901617297855;0.83342872156126;-2.552033327743485;19.444957349461195;0
138267;30.79935986208121;16.95420695030799;61.5165336473211;0.38779762073585694;28.103611250404295;-12.60109529366905;0
138296;18.917092892512134;9.746378298698929;33.088437301177265;1.9220099305435971;-18.665030008429937;3.077833375662661;0
138703;33.40603339587171;14.31804169111709;61.990762347616105;1.0387383572600029;-32.41691640991516;-8.068865949975201;0
138719;21.863164123006957;7.084970239319371;35.181975071420375;0.5195052022404072;20.816525687768195;6.683577167956201;0
138741;33.53620600918324;16.050317701042413;63.51152142429775;1.1307538071369285;-32.07124384586373;9.803694796836846;0
138745;29.819033872432296;13.736256572544976;54.99657647011793;0.9520634119147564;-26.382637933891516;13.89716506106382;0
139199;34.21218239884152;13.812279346336414;57.686051010344244;0.7828300005858491;-2.746935330198182;34.10172680060807;0
139216;34.883882088835264;13.609912569348241;55.33263145121874;0.20997160469401077;-31.171645716295558;-15.659301801980657;0
139238;32.02843239161987;12.299633959961211;48.20084688880117;0.8174305328809106;-16.737288770907032;27.307208683126778;0
139241;32.233304651609586;12.00467259756119;48.972659488062746;0.4476543646674773;31.17753565393417;-8.182126820768534;0
139711;32.43055047288711;12.208479876598654;50.28225341189939;2.8697338371345213;-32.391919161949765;1.5824591559311207;0
139724;29.766877693517625;12.317655666209163;48.327897591814114;0.16301080409450608;-9.125069826394189;-28.333727398354554;0
139744;32.92670265200184;14.291908123088438;60.55937596485054;0.4613818755096985;32.13787486466011;-7.164129166674261;0
139748;31.68912908235011;13.882817514331599;57.72013590646594;0.5011320937293653;31.539379751974888;3.0770808989306864;0
140209;34.94654925776075;16.159102465629513;62.93412884196827;0.28120750185310217;5.891335874744615;-34.44638539289784;0
140221;31.653929358781685;14.220576402626103;57.75315402559333;0.37898694491800056;16.099715036753143;-27.253814771258828;0
140242;18.10322540418946;8.786780163781286;33.857690719522715;0.7859740468818893;-3.156232085633666;17.825963341612344;0
140246;29.484745928732785;13.505491928519563;55.75185461469808;0.9939854736464828;-8.070546107434124;28.35871167753755;0
140258;18.541143289791258;9.93151137250366;39.4270934833362;0.9025001730007156;-3.34019562028749;18.23779284098774;0
140707;30.89805738483215;12.572135063772535;52.97182458742396;0.842235802451067;-24.959203730550314;18.213404385047397;0
140728;31.479811258931306;13.722747718162541;54.96542710413551;0.3236162987357073;12.748188228839025;-28.783019538957834;0
140732;30.721024071451406;14.62752551130125;58.06861500877277;0.6970675399268288;15.50607588474591;-26.520613315969864;0
140757;31.460138511505804;13.516843962735354;55.03526825376557;0.5477420140664442;29.387187206249656;11.230919074945161;0
141199;32.59594149232602;11.851157884806245;49.92787087183327;1.0189969537815389;-31.403497271768984;8.735889243410712;0
141211;32.40021972765071;13.771629757914807;55.70494294732398;0.3209053635393392;20.159641278494632;-25.36460332673195;0
141234;17.561303153946685;8.93999164692474;34.60183841329543;0.3759201152753138;15.911091123362437;-7.432129420891087;0
141238;26.790529947429125;17.528857434240763;69.32435808323297;0.6780452138088472;21.21534135599223;16.3597611844679;0
141708;18.965988853678123;8.967781114061038;31.32062458851527;0.5042850195359775;18.64848240645463;3.455841016886469;0
141722;23.070228610108245;8.623316399254199;34.98234765528962;2.7403078599512085;-22.825090156721807;-3.3542074265284105;0
141745;32.29876152343133;15.591971845925068;60.50873498462343;2.5278134648841513;-32.23752049895449;1.9880311936630644;0
141749;27.952441615744405;13.557323735906799;53.08837480945087;0.27194432243620115;9.57461647297254;-26.261487232772684;0
142206;29.688163967330496;10.99609229799884;44.55382461397565;0.8947782473699194;-24.566060703779307;16.670205195177743;0
142226;27.691617636672486;11.706554403090939;48.432548535432524;0.6856126860985451;19.229928816839678;19.92575030042657;0
142230;33.52838288253645;21.418829330973345;68.91913357663175;0.9654815516700195;-26.164786357896688;20.96560072031294;0
142256;30.464508413320846;14.067472366670975;60.69129860304924;2.561565443526586;-29.926613714040766;-5.6994793162080795;0
142702;30.579850970658423;12.491578610955044;51.801775493054066;0.4934100729984305;30.449158219937733;2.8241899873906173;0
142713;18.22493309778471;9.2878493677198;34.4253863501018;0.29729760377839926;7.188689899533361;-16.747266163379493;0
142716;27.931532292302755;18.17896673979074;68.91453393128435;0.5788608824361219;21.707626446252227;17.576957935488227;0
142740;18.566653584512878;12.025307388466231;42.57831808125317;0.4015471722269328;-12.297304612073177;-13.91031720002059;0
143209;30.370677964016167;13.197439782646985;52.56703497077599;0.6146831024248799;27.172208356206717;13.566472387502476;0
143239;33.77830769721167;13.545243311096488;55.84647569127652;0.16703170903353312;-10.606363004199258;-32.06991011385381;0
143269;27.74518444417233;11.187814444028886;46.084650246831686;0.6545816311455375;16.53397230071008;22.280552502137244;0
143273;34.218889417152305;22.559983770176704;67.74340221980421;0.13945017464866064;-23.256648803514068;-25.10100952896727;0
143704;32.63492392028867;12.51990578056271;54.29090779342891;0.17426278543892434;-24.488157173237166;-21.57239943867772;0
143717;30.654354194117584;12.141920025333278;51.25134700792388;0.21730279646394238;-0.5614721373139265;-30.64921173696698;0
143722;33.819251041354136;13.926524004075256;55.90519198456529;0.15641809840950838;-23.30944091728425;-24.503299882296822;0
143742;35.22534797038649;13.626375931806363;58.918766816774365;0.19205893699463714;-10.657511946846386;-33.574433409033695;0
143745;16.315944053784804;7.010559310563146;28.335372466200347;0.5875233489734891;16.315675570349683;0.09360047719055133;0
144203;32.688536718764425;14.195918707235418;58.99589433344896;0.8906488510015523;-11.14851143465585;30.728669440855356;0
144215;34.149153603123345;14.324346871907732;61.53690063630277;0.16765664882359174;-26.356000715272557;-21.71464754736454;0
144218;34.66178945563731;14.342854209144543;60.592152215787095;0.1437791627569634;-30.370052754077005;-16.70627259389448;0
144247;34.59084232918209;14.56093679354289;60.24147866834726;0.13920751301108353;-29.637745186633875;-17.83621129316694;0
144254;33.82731412019152;14.53502078123795;60.832702657783756;0.11350275585985761;-21.8739840437807;-25.803410678407143;0
144743;31.044554530773656;11.924223825950914;49.63008278490886;1.359260848293399;-30.249728922774707;-6.979847141078848;0
144761;29.617757677035254;11.084732663489442;44.95833929286364;0.7773484992182506;1.8186249217860873;29.561870258991384;0
144766;34.87158847523878;13.270562192498547;52.11837109810682;0.16726205584723167;-19.858187916272062;-28.664962157107976;0
144786;31.266267886203508;12.745857317748591;52.66795136457523;0.5047417259459418;3.000960774236569;-31.12191738892921;0
144790;30.568662842554012;12.933071208160063;50.380891637097484;0.38834285443199873;21.57413785507553;-21.65640145065517;0
145218;30.125617271005623;14.319186862303411;55.996993400495164;0.40474605823152704;20.258909001209158;-22.296399306610898;0
145231;33.95230464136065;13.698163782842466;56.41083228311873;0.19076145680756687;-4.5650130082884814;-33.64401353426664;0
145257;35.11769181928635;13.308096424000805;53.67701749863151;0.19733122409053833;-2.973913823277431;-34.99154348247718;0
145261;35.71035837914026;13.69736587623708;54.51238679189801;0.14130991749731753;-31.248867171709094;-17.284038765621727;0
145703;22.2881583891497;8.34503638667394;34.19186092349449;0.5114237433342942;-6.914326243833679;-21.188536923857132;0
145719;30.35089356266572;13.489430235799212;56.62499057606273;0.19651680930247048;1.3506417318315065;-30.320826290925826;0
145723;34.45201514584705;15.391671925710257;59.965934862994416;0.8370895266801964;9.417659689497688;33.13984057871258;0
145743;33.88790617592911;13.211513416003191;54.41143093667029;1.2414059561586854;-32.2470064134211;10.417329905563763;0
145752;31.316505895021873;12.554793710351754;48.72027353093628;0.23265415463465172;3.5212864220036137;-31.11790615396789;0
146207;29.090767834259267;15.579330450508449;67.57764336437795;0.3135582484443866;-7.704774743384768;-28.051902241033027;0
146219;29.675418717747505;15.472787920543928;65.2215218654555;0.11492231568225975;-26.191224188959325;-13.951711420371014;0
146252;33.16563148965503;13.9437536856235;58.41947436770498;0.7015174933582389;14.851972414727479;29.654308751002294;0
146706;17.591984969792946;12.3727778995356;40.79728992627063;0.426514590656254;7.443785352796688;-15.939510494331701;0
146720;18.35231629905805;11.115525422461054;35.65558114720184;0.63868713596927;16.42282900100037;8.191349165099297;0
146744;33.26973469555124;13.005195798777958;52.71914623874549;0.12881723184423843;-31.559868404435164;-10.52853042960419;0
147219;31.784985651946112;12.851281968233598;53.18259596553169;1.2847302590782834;-29.490626986250234;-11.856990885223354;0
147254;33.30601732601095;13.3904649747007;54.66846642294769;0.5154036388579335;32.99634684302289;4.531212325137167;0
147309;31.683174385369927;12.210266296711248;52.8856493298935;0.3008553906989233;14.536677326253255;-28.15152840337724;0
147324;32.923257851033874;12.986861345894475;50.46867500524603;0.15936667856524436;-9.80640279733198;-31.428893898801835;0
147720;35.06221078298236;13.184035332817324;54.94865756926581;0.8299772968582765;-8.441460464093206;34.030873779899274;0
147732;27.320943388551754;10.994530874929827;46.20967037602473;0.8397831796214255;4.203515754448883;26.99563673897228;0
147754;34.61435967651235;13.519280593978682;59.40563892099765;0.44116236322917335;32.349825902202745;-12.314327424270346;0
148200;34.55195544689126;13.926579283399356;57.56667541576455;0.46869472287722236;33.28276503511686;-9.27874866677407;0
148212;33.2479739947062;13.626871910138693;56.190924626066774;0.28151155215338997;3.9038629755656156;-33.017989469691635;0
148242;33.41584415072995;16.14721773817192;61.29842705209395;0.6828132153089828;28.14907345210869;18.006896014962237;0
148246;32.12626473655771;14.518558261775986;57.38762756798196;0.5420028366532657;-11.303034347130621;-30.072218083656164;0
148709;32.28305257999178;11.909697815372262;49.424181863937385;0.14078585642873503;-25.388346488570345;-19.94059543892338;0
148718;34.22473029410185;12.816789585559581;50.572372453859934;0.31814332077992113;22.49851120123848;-25.7904857928609;0
148722;30.290285133554505;11.191590399409492;44.80966270038313;0.23874694155627935;3.802838506883207;-30.050620505450453;0
148756;31.596202706001385;13.323563115782118;53.25436771251977;0.47567667442188194;30.022759657092426;-9.846518573140086;0
148760;32.709438064050524;13.40490256530572;54.788177685805735;0.17657906336064794;-29.17568089501712;-14.788068933369573;0
149202;16.674333593533895;9.507829997784926;32.06374549208037;0.5958828260820941;16.115227310218785;4.281687696274864;0
149222;22.190129539670963;9.886661973440248;36.88214892294166;0.22114856370663522;5.551935081859631;-21.484363286683507;0
149243;32.20553575837456;15.199127525045231;61.368518275437836;0.13941363326918024;-9.850566333623098;-30.662075539513523;0
149252;33.55571887481364;16.031856452639136;61.44091067422145;0.30208395358038737;18.82279566560254;-27.779284233696494;0
149706;28.71465003308339;14.484810431724986;56.79896836971797;0.4673920225493028;20.845759231862672;-19.748049234536257;0
149717;20.81944222891196;7.53354833399142;33.10571710769589;2.0144563684514165;-19.83011393848826;6.34158938355175;0
149727;20.182132100426603;7.492920700980737;32.36298893169874;0.39623389359834243;-7.35438768933008;-18.794452315353595;0
149746;17.95656904879463;7.543748122813866;33.7771634921837;0.6510058225748262;16.68268428749665;6.642771783513399;0
149750;31.116783825814;16.939357388621946;69.66966085575918;2.468114663074693;-26.432159798954963;-16.419353337599777;0
149754;19.453501968212628;8.837657112411552;33.772968582096055;2.696578164567186;-19.311777495134393;-2.3439259386067035;0
150199;16.854336854318486;8.820858839885851;35.197852438758886;0.7708875295459497;2.7920914032178423;16.621458912950914;0
150209;33.62226076985735;16.942046541301753;67.6379926343344;0.922645551070491;-26.928702645757728;20.132098576468607;0
150214;18.65168550043613;10.223152074456813;40.23365310624573;1.109075544734976;-13.998326859141981;12.32607874191154;0
150246;29.980418956016692;14.538977058904893;59.715595831009786;0.5880670666567582;26.514752876894473;13.992619506564926;0
150703;28.42905936344695;21.05901178121985;67.82652830577629;1.0026173530264295;-16.98790428525432;22.795230296828073;0
150720;28.4633168736609;19.63041722142229;64.49160574174176;1.1542487139514341;-20.057388720086603;20.195582813619716;0
150724;17.619343918781336;9.489386816507222;33.02036600953543;0.7093588255014869;7.407150174122278;15.986725944554662;0
150758;20.21321614447396;10.295558123855633;33.67979402554854;0.48484416312979234;20.129504284891954;-1.837706219105551;0
150762;28.23372878449721;17.30024017241478;60.96402649929596;0.29959397347559885;8.529450862921495;-26.914529701511672;0
151238;34.07254462618981;13.487082595373128;57.52989718947384;0.15103181048283237;-13.335128415451008;-31.35462720950653;0
151253;33.93798084284743;14.546441003426601;57.43074502687552;0.17877546552718201;-4.872577428989757;-33.58637421467192;0
151275;28.922531948276287;12.900347636260557;50.91209109341648;0.9323917802484867;-15.257198784939316;24.570932817781028;0
151278;33.77496015006465;13.932642766174677;58.34861282172466;0.975130038264112;-31.725631171163005;11.585864660429335;0
151700;33.5940441795435;12.831615301471938;53.00161835082733;0.8543146031673116;-29.538497242336557;16.0011557395582;0
151714;35.52027397759592;13.659150466073864;54.815857208412865;0.7790410199574141;-13.077824068435772;33.0251477071416;0
151734;32.84035836638552;12.777033156775843;50.03588578470055;0.7979104776520407;15.446253932481804;28.981069288173583;0
151744;32.03960011138325;12.500958757974415;49.875000859080096;0.44996209948337684;29.913647296319358;-11.476483813814893;0
152203;35.6688141672291;13.227445599285282;54.081583314015575;0.6156574991337588;24.508984514713635;25.914744493315975;0
152225;33.97675189251443;13.469044350289591;51.732134730004574;3.0923209488600314;-33.97542109052457;0.3007172875330681;0
152244;31.674727064504417;12.935535107506157;47.110146124526985;0.786123021070145;8.920906557475426;30.392528042327122;0
152248;32.3368637568473;12.157423364574637;48.180212558930016;0.793397655870093;-2.3411946773532195;32.25200094740848;0
152699;29.098140701843917;11.283015010513093;46.523024091837854;0.6853544828427321;13.012636050886025;26.026392283823874;0
152712;30.555112408437108;12.52313064160136;48.74625624769446;0.743856966014317;21.768697111614475;21.4415186112135;0
152735;28.67009939571221;11.494508578164892;50.79605955013124;0.5863546363381562;22.949000306574277;17.184818424669825;0
152740;31.688399572778202;12.804877184930474;55.99144173139641;0.6949389811844529;16.44184574021547;27.08911914660586;0
153220;20.093082722619776;11.987620816903172;42.73268924740297;1.0131015326830215;-19.457791890383728;5.0126148913075905;0
153231;20.14066613066061;10.109463849299775;33.03761091298346;2.835460830303455;-20.103491007229962;-1.2231441080115757;0
153263;28.33767586228331;15.259286582094163;54.38698343213999;0.7596974782593277;-3.881275830568349;28.07061757786743;0
153705;19.529859039331182;8.710311962192224;33.08773368351351;0.9376489100302344;-18.10156994428582;7.331340917477113;0
153722;28.906305156516584;17.03667652529753;64.84006651373548;0.6832521050009047;17.541860607831286;22.975151886703042;0
153744;33.049169151530876;18.593241646323975;67.29660976944399;0.5418438774723263;28.155125981028636;17.30712173063177;0
153749;29.085178112052947;16.376235169510664;60.95384887842115;0.87854425528053;-5.689323631541962;28.523309457799986;0
154200;29.429890787326297;16.542416148730858;61.43789872700848;0.519541426775666;29.126050529101185;4.218015212181881;0
154214;18.308110679436357;10.504301064996504;37.491040792741224;0.6424877674035028;12.478108556438741;13.397153559776115;0
154237;21.60965649088032;8.630090061927378;34.0834452197427;0.6470151134451644;-0.07447010741707899;-21.609528172936752;0
154714;19.084805190034373;7.616601990915692;32.79051139014485;0.7594563401389531;-1.0414353159705512;19.05636905667531;0
154725;29.34904112775717;11.0997557269766;48.42837679248443;0.9288854487846562;-24.584381579518272;16.030421001066212;0
154746;30.260845341733695;19.669072171020318;59.642703483020576;0.7724084825818448;-0.7781465489010462;30.25083881059762;0
154768;36.53892296291974;14.98108173469435;59.97758858832656;0.09160393011357616;-28.745136358281957;-22.556817750603926;0
155207;32.57514787385144;12.81084344936366;53.73378596777186;0.3184624255887118;20.967940518616174;-24.929615508688897;0
155219;35.76786578942646;15.653207344151912;59.477606627471246;0.10019240783635724;-25.47799597197271;-25.10402247414876;0
155244;30.03458549083974;12.044744512165742;48.62622733332814;0.6818559077149722;11.506777914451636;27.74293401271843;0
155701;32.52812863243698;13.525888604826799;52.66197903350722;1.1076689327378981;-25.191411365962523;20.57843399579329;0
155718;32.56509995408058;12.347435135250901;49.29215263248738;0.4738654814139497;31.39078396846141;-8.666280451534274;0
155740;11.501672767243717;9.31700921409115;33.541456318879625;0.9281476980716126;10.70512281040115;-4.205808133876856;0
155744;15.050305685854237;11.972363869383795;44.688179398991906;2.1165182392237214;-14.907915190144383;-2.065373070686932;0
156207;22.44244960394083;8.932205357008963;37.08393203653539;0.17033611505704221;-17.656956960955416;-13.852632064138279;0
156230;33.39287935079478;12.904310448528422;53.14606871971015;0.587956888428961;26.979645602242197;19.67696913943175;0
156253;19.59351387106487;7.850012680105738;32.489202218756;0.12679649551481154;-5.334900925220297;-18.85323892421923;0
156257;32.45016332675141;12.997766998543575;54.95553126170864;0.7449344580084235;13.598860622573202;29.463266785960275;0
156702;18.531627979569517;7.80238151283092;32.26576283334323;0.49950286717991427;18.29693483000329;2.93996792495704;0
156714;34.44448059713811;14.79632647791619;59.35352767635731;1.1156232971409163;-29.438215257201136;17.88333654767236;0
156743;32.36763461029325;13.151923242647202;54.46727428096779;0.18288292172448156;-7.527740618796494;-31.48010310404931;0
156746;30.988431849200477;12.745088295007417;52.64374779932973;0.600719811651946;26.992736096807917;15.220877322960899;0
157211;29.077551876332848;15.550023907398796;62.40522406847977;0.6284345646435797;24.140130248006326;16.209815999267786;0
157221;27.96155215775041;13.240118505458936;54.57602847417396;0.7609845101188697;9.927754306705024;26.139779905276487;0
157252;31.860261695329964;15.602532991001317;61.77554948847753;1.8626778142073452;-30.355814225977127;9.674751571636063;0
157255;30.23514461487486;15.131312881687217;59.74317853875543;0.5273662067972626;27.045741152674946;-13.516355107235865;0
157730;28.60334894234853;15.080426348057708;59.06356470113332;0.5277405549647709;27.337977419732603;-8.413474984567378;0
157742;15.91744628898545;11.10275932949783;35.310963884853834;0.8046985827399653;-2.102030146551691;15.778040614275417;0
157768;29.30552887157591;16.44715151592753;63.54023602975133;1.005256082378146;-27.197586176381705;10.913538776265929;0
157772;19.558661456591395;8.447148737327328;31.99072457182145;0.22000924542192832;-2.813076335817901;-19.355305203029353;0
157776;29.587440729691338;16.505469248604715;62.79728611504093;0.3172274751043799;16.876494880154297;-24.30227498595808;0
158205;27.723829294428338;15.601235936560215;57.903692459547976;0.3733529095481641;7.50195936292233;-26.689535710904842;0
158218;13.215055577391482;10.433301254979662;37.884710219667916;1.3485734824615767;12.384472248463151;4.61113229484817;0
158237;31.234723540112054;12.990093768783092;52.624828657277256;0.26745952789157135;9.760075625992675;-29.670673709946893;0
158240;17.86780495222471;7.264832242628985;33.52980469244499;0.4578874970632722;17.681793011416197;-2.571507284099961;0
158701;32.819834848615706;13.646536215376907;52.437229150105786;0.37717877393682947;26.93669578720538;-18.74982612073941;0
158713;29.88766816769238;13.34559696766983;53.16681511433588;0.14607363750267943;-12.260917985353712;-27.256973395051077;0
158743;29.68522830100564;16.608888743648862;63.03573264307637;0.6802831179661123;14.301707611402307;26.012957130645173;0
158746;18.836273998625963;7.319888224243662;31.423575550157835;0.4888978416621541;18.592767391751188;-3.0189764602504314;0
159198;17.02696850643723;7.894805760233338;35.65592936367486;0.6649232799397192;11.803854921930125;-12.271375860156478;0
159215;13.982107505662588;7.428252909753332;32.58812802301578;0.915027339677768;13.853526330732937;-1.8918611216458998;0
159256;27.92955235123863;19.375956744237246;66.96503445120214;0.6635969034372046;-22.148390755196985;-17.01495464277481;0
159712;32.45393204496865;15.285563174540538;61.84111026508766;0.26627074094282216;12.999823249748836;-29.73654823032984;0
159722;27.95458684279437;13.60931452087812;52.17444115937243;0.5202273524617314;27.48279578695809;5.114182367074011;0
159750;33.47369169323547;16.385384040387954;62.16282763618984;0.29791561609902845;17.242588544511804;-28.691134098505966;0
159754;33.75778860889008;16.860631437670463;62.36629195595307;0.9068774846601284;-20.930348107319706;26.486011777331203;0
160214;33.7697440743488;15.408451957080775;62.215333746497784;0.16491612276878892;-24.15230821223843;-23.60215292866428;0
160225;20.47562460470839;9.314050826405804;37.30770618663077;1.0279020885992152;-19.647752821541687;5.76342016657993;0
160244;17.709334508133235;8.39288352567053;34.84226708603687;2.561992122049992;-17.59883962394336;1.9751892597115326;0
160248;18.82797675158707;9.408096926674897;37.79671652370529;0.7522120719027426;3.0574337423822984;18.578073298091095;0
160252;21.65492937104114;8.251541358638564;34.72070463593007;0.4299717640568718;20.833549158140077;-5.907554108101003;0
160711;32.194356121826594;12.974802920437321;51.89298384462134;0.5047946237147296;31.846153672998742;-4.722188299373736;0
160735;35.06796517438888;13.48284513573799;56.95465547083021;0.551398565362244;26.65116077861363;22.79205586656539;0
160758;30.80955547905127;12.785988204515936;53.78146516092223;0.9671797389195411;-2.502226443230072;30.707777054738727;0
160762;31.914649840465675;13.25462742282387;54.564339923927044;0.3328577541475366;15.855519083612212;-27.697425675119064;0
160766;34.599583924300234;13.499794573905042;55.17375193170771;0.6443271533228196;19.065058584364284;28.873080003862647;0
161209;19.42398860823587;6.216273585283193;31.203601769110556;0.6003314305232136;18.936719358594324;4.3234238037365555;0
161220;28.200354816317528;11.984061449289117;54.402775086566606;0.3985942177451315;-4.113824659627279;-27.898682019694867;0
161266;33.892933200268196;13.440459537544525;58.220947953466045;0.526812737763412;33.8791135299434;-0.9677744277711875;0
161269;33.609163812491104;14.008976868430384;58.91766183892078;0.5797230498959991;32.75915718743962;-7.5108929258434225;0
161728;31.520470342752606;12.079855042970053;49.129314945135654;0.7295664216111504;5.813154753015188;30.979788289235348;0
161765;31.423735521843263;12.853214649456488;51.48640244153228;0.9468982740332478;-7.842269363760738;30.42942597836794;0
161808;31.547932228490012;12.628642095088104;54.06643632247074;0.23265688656776232;-7.853132557098721;-30.554874192737806;0
161825;33.08269785448896;13.2893906109659;58.2527163110901;0.23442880478715683;-23.93818437141547;-22.83480296239774;0
162208;32.37019269550146;12.635691505118654;52.864079874393504;0.650875112166831;18.97751301561199;26.223717792986058;0
162226;18.230425822766538;7.127148012848728;30.119871921395696;0.47588207407913535;18.15212763767322;-1.6878056478792163;0
162271;29.731098906037584;12.648459833459443;48.84418037666008;0.5784706452401742;22.191840066061612;19.785360159545537;0
162703;19.837100452163074;9.253761273167687;31.955222081461642;1.893139140522256;-19.034627673261475;-5.585114474164059;0
162722;31.544377348844193;17.498654346734153;61.760697294885794;0.8899968070126875;-16.02316645092335;27.17178461588931;0
162743;30.623924221172572;15.143913431535912;60.88388518767096;0.20474868734920965;-23.767176804496227;-19.31181093134294;0
162747;30.42269956342299;15.651413936156088;60.30554316967385;0.17651701347759852;-9.575300896838083;-28.876534789709606;0
162753;31.671423903608986;16.44097370767695;62.87356118258584;0.8721206051281799;10.63441889981814;29.832670459502705;0
163203;33.173479592108535;14.199569186945341;58.92092042846672;0.12997138512042222;-23.9887209586728;-22.913337055413248;0
163215;29.81066847216235;13.91450310322921;54.43496853004379;1.9641738145473444;-28.945667516655526;-7.129115427064403;0
163250;28.019174651355062;14.534869990984944;55.0223327157216;0.22511617647356327;-3.5273444581545017;-27.796258547089835;0
163254;26.94149014492202;14.078241347578064;56.49954524700923;0.3971751145103521;22.41114098813761;-14.952747267266602;0
163703;29.04967701645021;13.172842809233103;52.72871432049312;0.795387892561008;3.7722170819917444;28.80371700052626;0
163725;34.54104681741904;15.670308392377743;62.6999462757302;1.0419494487407712;-29.022485837032683;18.729101181913965;0
163728;29.573303509137332;13.631252986521464;53.95851667954483;0.5713688535800291;29.550393643347242;-1.163836744039886;0
163762;20.23400483148306;9.399717791688428;37.41449669056192;0.409565388034397;17.763395819942332;-9.688999972367375;0
164226;31.05478675102714;14.481738615951325;60.33265353770221;0.45171078477065396;31.010922179621204;-1.649995673099907;0
164241;29.87567281073049;14.504201008006484;54.92636880095198;0.8772547020082853;-15.02294782887483;25.823765496625896;0
164245;30.451768787815805;14.8073811214634;56.8470540578899;0.26411094376377026;11.624854127345733;-28.145567836242453;0
164274;32.07848247439264;15.77306924446374;60.9669363442557;0.40239459531451055;28.80969884526741;-14.107809550207048;0
164278;27.660641260483242;13.821248080269395;53.88348938655308;0.6688635449739818;23.070635899424662;15.259647248128838;0
164700;35.2441256995681;14.489043816142107;59.22846185373454;0.7169057322599772;25.694815889627524;24.12311822143028;0
164714;31.088956874044072;12.57343324719904;51.28234571278095;0.2597548091814553;5.7520790545911105;-30.552198383519087;0
164717;30.321935266306486;12.465597509516632;52.8367766868897;0.563279248376377;28.790026482935673;9.515993558527851;0
164736;33.681134279281956;14.683698119890348;58.945475442625614;0.9852962852131477;-27.34301907580721;19.666675218731434;0
164741;29.176924652437233;12.973726193001617;52.556283111246685;0.6315369173726259;18.347034245592052;22.686543733347133;0
165200;30.491904223925225;15.848588569674268;60.798831035633064;0.2741138939396077;17.37052211409827;-25.06035084919307;0
165211;32.664138782400684;17.235347488071692;65.86103859052973;0.18702300556990067;-16.95868464693664;-27.916822481107836;0
165242;21.375841395456412;9.732397947445943;35.292685449966136;0.27354512263983966;6.764759356783785;-20.277194732223542;0
165702;19.094524577926627;8.601999420620416;31.768191700464687;0.4914233147650539;18.93240356899184;-2.482934545627215;0
165713;32.11488783119871;18.580674033349034;67.54377212059207;0.591192791600931;26.06623206621389;18.759466044660165;0
165737;26.114585971460556;16.382157988488455;56.74136158804837;0.7569983162140543;13.906631845599374;22.10378228203865;0
166201;30.145013005050565;11.276276417327217;48.247623024196606;0.5975199452624912;23.865876197836275;18.415801975049025;0
166220;37.09432910796054;13.719135500109818;57.40843363867938;0.564262283810039;-35.344242483164216;-11.259386096096831;0
166247;30.07009922829197;12.2752510374452;48.394194535039986;0.49546043201801815;28.484559221397788;-9.635390680299757;0
166254;31.017623791410124;12.550828057297462;49.14707883219997;1.1167990263686252;-29.52394337401051;9.50945599462304;0
166705;29.150056775139838;11.222093465670158;42.78294642316947;0.6022546636133925;25.08709544484276;14.844643887113818;0
166722;34.13303034366969;21.68698207101446;63.1924075522074;0.8548415708874988;-7.057004107185978;33.3955454136182;0
166731;33.59285324416011;12.772260652948066;50.72249427477805;0.24594825861895284;-2.9788746307302625;-33.46051546252792;0
166747;35.47620015905334;22.244071346474374;67.40502479599091;0.47166839322668147;33.776032521410855;-10.850825076362284;0
166751;26.88442909104625;9.78318513946424;43.138995188175784;0.5664852374992895;23.820536600910092;12.464131080672916;0
166756;32.404527841162434;12.353436706200048;51.61225235703185;0.1562776198926309;-21.865884508298468;-23.915194318224227;0
167207;32.2381998593991;13.323858791454828;50.479274125255095;0.18901477141080653;-12.22270397197619;-29.831309689452087;0
167221;31.995324127736257;12.900512533770746;49.96374312191087;0.7614989549767633;14.284051853993596;28.629820618916284;0
167225;33.3857926991171;21.106739261570034;62.26609987938147;0.3183956039345054;12.770954651382421;-30.846618476597303;0
167246;32.86160998253843;20.955360092136917;65.24841684169797;0.5407121537873116;31.25677645977899;10.143930992858513;0
167249;31.345382612132767;12.171507127001433;47.73083315288859;2.3854569509724297;-30.62611215631094;-6.676396130402886;0
167701;33.397693217773096;12.965086849308326;52.14528495778945;0.6006388987346556;29.885190639426288;14.909101002865146;0
167713;35.73857389342177;13.861837494672704;58.01688349527188;0.16963571058106133;-22.96123466848858;-27.38662751114431;0
167717;35.42238290948075;13.01466791985343;56.26242819443303;0.19421007282310282;-24.538224553834382;-25.546442936962347;0
167739;31.730614853687744;13.707834284414039;54.041078607407094;1.006152365356534;-2.088161687633893;31.66183032863652;0
168209;34.74178289836693;14.14476398306133;54.2301040453033;0.1531096927886699;-31.48324510819933;-14.690022342198926;0
168236;30.70906208772853;13.301599265908305;52.26867294818815;0.4381299014534579;28.31178719342807;-11.894923296180098;0
168239;31.908524054616063;13.082798712579097;52.98539900269374;0.13587487913897103;-27.89548439465772;-15.491799693109234;0
168270;35.34417727890798;14.594648833602562;58.30068769531228;0.5381625096759679;35.33965295028555;0.5655058587218812;0
168274;31.802032622884404;13.444766044067277;52.65703814754541;0.40527811211773807;27.641186519245924;-15.7268587694829;0
168702;19.250476862820243;8.757904322283;35.32925201346843;0.1547722212987989;-3.947555816156484;-18.84138165115039;0
168721;29.69581383103506;16.887765324239982;59.674637489711145;3.1215602977555155;-29.69420054203437;-0.30953716568285666;0
168746;28.389161246325745;13.891845476525411;55.015793406978716;0.42717638036751643;27.339262372092833;-7.649131272226446;0
168751;27.840006144522356;13.67919041911239;54.31860983892873;0.6517653108289483;17.66493254654978;21.517808909200973;0
169214;31.994589978781352;16.96836810070212;65.91240788743188;0.9128905906407553;-26.634096614590803;17.7279069671233;0
169233;30.339846162018663;13.563251999362748;59.65667163257317;0.7887489628620518;-1.4268808994550437;30.30627453240878;0
169236;31.072826319185175;15.008867775620661;60.512653379498026;0.5865149378705584;28.680472138100203;11.956214007699296;0
169259;20.70378802060899;9.501897626553708;34.87115920767312;0.38446796064839384;18.147813587403043;-9.965124203901418;0
169711;32.538424128206344;13.294307876832844;57.35098811403638;0.31903921531809387;12.03218225556333;-30.232029950301847;0
169722;34.53263396412656;13.402973092655904;54.10140272696389;0.713794016553333;5.638624554985342;34.069175534906385;0
169748;32.789087200248034;11.633061149689182;52.23828629414152;0.1547073268905084;-2.8000564761234834;-32.669311641906205;0
169751;31.942386130312794;12.79138239267368;50.91719608058722;0.5406960057721771;31.728769057532826;3.6879866854080103;0
170216;16.406595557650302;11.096132946629028;42.54357889062362;2.3855753263486696;-14.117973942020846;8.35818099616962;0
170228;13.12285087830346;10.10617727453931;38.250785005122154;2.44711147700552;-13.114574531472574;0.4659935972101149;0
170260;32.54127007988988;15.36693859214118;59.614809244603485;0.16315557340805475;-13.106387144105458;-29.785178771348065;0
170265;31.615967099950062;14.827660466014526;58.29163068069579;0.8188550143756581;8.517885513281126;30.44692106022808;0
170728;30.848977435868434;12.938741429921595;51.22902031961549;0.7214043963972744;15.716313425040592;26.545374383583454;0
170741;35.98611308125218;14.170401644858753;56.98761820374119;0.10667276244930372;-22.225055059705664;-28.302778349302052;0
170745;35.51747490863351;13.557803791069437;55.65429141616953;0.2504248994033384;16.163923753911728;-31.626232667884093;0
170769;34.846572741657944;13.059120829858612;53.633325844690354;0.13265684738107494;-32.079435881048084;-13.608579110009366;0
170773;33.5821317950634;13.426416367149548;52.47849129823275;0.12370416758473429;-23.63229972004228;-23.859463234597243;0
171207;29.704268791920107;12.174758390393826;49.4520761815369;0.5461020815612442;20.524055217626447;21.473396142353902;0
171220;28.70271847745051;10.657792923015;48.242840557716285;0.5913580024554365;24.944577908762003;14.199087328046176;0
171224;31.053707656375583;12.081828700789345;49.5671001944366;0.3474990323177683;22.951902583241505;-20.917526790159283;0
171245;34.859180025202434;13.362462972392223;53.9632521165562;0.1637344222574266;-13.565780165147178;-32.111244767843736;0
171250;31.944200087674737;13.645931990716779;51.251872213434304;0.9149531622817899;2.505194380244577;31.845814801298296;0
171700;32.90141239957766;14.584949122094631;59.856988104742406;0.7569974395900626;2.8647502162048823;32.77645716189956;0
171715;30.037456105527564;14.120836620231579;55.41830473691861;0.14213531712060615;-25.536856037907636;-15.815111538989395;0
171750;32.140373605594476;14.1818297133005;55.645901911996326;0.1675835341734942;-8.893853329209714;-30.885319950839097;0
171753;32.87545544277495;14.323497485075482;60.35161775674732;2.8944577025903215;-32.816629084465596;-1.965814361145933;0
172203;30.317180215539025;13.133389669406673;54.32269159094451;0.7421901084560991;0.6683122452560591;30.309813179304022;0
172213;19.31358907951272;8.73838046137052;35.293141146457536;0.4173944749383443;18.72338254804189;-4.738108176472272;0
172217;31.11094708951576;14.326052134202687;56.04346735232429;0.6044213883910655;-30.367070303951234;-6.762549072763343;0
172252;28.15163617738809;13.991254761845621;53.67416952392395;0.8308626948260909;-4.850795170508632;27.73056807347798;0
172715;29.80554687719555;13.689748267027403;53.62262463479063;0.21886626466570372;-18.99946711158208;-22.96499236064781;0
172729;32.268554814839376;13.963025348400318;58.74712144178337;0.2792731619227196;7.463418283737366;-31.393582423168407;0
172748;31.810088421748084;14.918379141825502;60.644748167067014;0.34479157154142337;18.522363139798067;-25.86124105910003;0
172752;17.609913922474686;8.703439937371597;35.05873657465256;0.9572312518757751;-1.166027547901503;17.57126768660994;0
173211;33.75396711735503;22.720813951586383;67.94173607113862;1.0262686540457526;-20.132030192541805;27.093018593100144;0
173227;33.11372119550952;14.133218541593907;53.09783428630024;2.4231496292071535;-32.966331769067416;3.1208173778215054;0
173253;30.206049969399317;11.834238459924329;47.74318135377881;0.4937610913968378;27.009913544929766;13.5229443927448;0
173257;29.868747665305808;19.461953734713344;58.71969208631195;1.0195660164112124;-8.824863996455175;28.535309049277533;0
173708;32.512274053252376;12.746663836126778;51.89020830528722;0.2810358196356713;12.733866558837471;-29.914822522881668;0
173725;32.89878823649649;12.37837600415697;51.725038987258856;0.249692693209084;6.278009017116654;-32.29422348053661;0
173745;18.117354365835613;7.2563766730671295;30.93135973181225;0.7119806001144062;6.125421831576469;17.05044681533329;0
173748;32.33280038065397;12.925035461122613;52.10379479899157;0.4640316581866672;31.52311414274406;-7.190497562668876;0
174206;21.28278272768681;8.196683980655509;33.582208848233634;0.24253030296650455;8.8299749986419;-19.364616757304624;0
174217;17.598516407127523;7.391155568906804;30.501500050223033;0.5661285817660985;16.972375697914927;4.652552299626883;0
174258;33.12571458289731;14.665405753975561;57.06369520515594;0.19759566785040758;0.8548199055866029;-33.11468329240955;0
174262;31.45160160683662;13.85705535338426;53.77203918479986;0.6330663548779227;27.846112191180158;14.621808351615595;0
174703;31.632198559558056;13.911132713483676;55.53265008099348;0.6742977790687453;20.2253219214833;24.321437845729307;0
174718;33.66125406399269;12.879716821354465;55.1168502672274;2.4881629701465253;-33.57027767865654;2.473152186695978;0
174739;32.66223835423094;15.5321765685815;59.117132786393995;0.10896943966313664;-16.49591017757197;-28.1905438351599;0
174743;30.036726441703365;14.567656583325935;55.55485881975119;0.8796382827262614;-26.0777349556088;14.904921164459106;0
175199;33.42092041307683;16.003534234434404;64.94731384024129;0.16881045165990283;-9.554621192000294;-32.02603839276089;0
175231;19.48663804317386;11.32497809973284;35.043794422067286;0.22792603503394726;-9.232059221201974;-17.16094824774815;0
175258;16.858482747976275;9.490297764788995;32.69578589263131;0.7739574405216997;-2.6568812372338795;16.647805340496035;0
175262;30.765734995410906;19.770573754184408;72.85579803512255;0.9679993027307054;-25.111999456881733;17.774080372424976;0
175709;35.049274982683905;13.024969596248772;53.83623041381842;0.1842544184584754;-25.139537557372538;-24.42243493620666;0
175721;31.799577601653684;14.088725616533303;60.07578821713523;0.18516893878225;-15.1157947074977;-27.977238713003455;0
175748;27.775798404207436;11.018578185218797;48.139697712148;0.5036781267897023;27.29438519457814;5.148933272160944;0
175752;31.31376003421752;13.265590312653085;53.45876345832343;0.8986174172714203;-3.338006323575283;31.135338142765203;0
176231;30.48056156944259;12.527210228243051;49.33303912383661;0.7616535517198426;15.808744920119107;26.060472321874535;0
176256;31.311077881846803;12.590900523632728;51.85127568085534;1.001304485081367;-4.563388365009998;30.976750713287657;0
176276;31.926514081399006;11.869612370587507;48.704541718651775;0.3446931680388246;21.928975383586813;-23.20392940895599;0
176281;30.926886092547317;11.859194682316959;47.33667768882088;0.43379491798925696;27.882694520563533;-13.380120689079492;0
176290;33.23537419294619;12.224103319406362;50.36111383891062;0.16519869780144242;-23.310047208685656;-23.690331295150763;0
176708;19.384161974459463;7.8398912550379025;31.548588887388945;0.5372419984750555;19.237795920022094;2.377591973333843;0
176719;26.910356613252084;16.083078065520997;60.721610865699915;0.6948069177713884;8.528250450099044;25.52324895683905;0
176739;15.916474301545358;9.505359565442538;35.87677137926784;0.5216228778018632;15.57584769197414;-3.275228674181034;0
176745;26.987985480748183;16.474642112421385;58.372315361217616;2.5252126410807314;-26.38515139370034;5.672314011105845;0
177220;32.85803828937261;12.721353552333202;51.774725909941445;0.20844353879903982;-2.3752531598846134;-32.77207428058735;0
177230;31.687581045366063;12.490409053863702;50.4215861038069;0.44780705173085456;31.677014659060614;-0.818251059456444;0
177233;31.40852133941551;19.230480850879037;60.85271095422303;0.274302607926809;5.9175152036818695;-30.84604069475876;0
177260;31.328506630583604;13.042530660722077;54.357111670003405;0.6461732695533624;17.098237644749254;26.25120182289185;0
177714;31.56545733199561;14.498353147839094;62.20263438125549;0.30948612525443536;11.44425445349654;-29.417803054981178;0
177733;35.30543212365575;16.512103578313944;66.78316597453082;0.574297200461231;-32.07641690393841;-14.750492061039788;0
177756;28.213313630749212;11.749281138232812;47.9773199175143;0.5668282585813712;24.45565861997226;14.068113856889124;0
177760;29.94926280927641;12.26172714058668;49.00270661953428;0.18083432472935937;-8.830156674743721;-28.617943251019735;0
178204;32.808615928015925;13.101870065822487;53.76077165438643;0.7125089389155079;7.223770878336312;32.00347502083736;0
178216;32.41522357434181;14.354344429419475;58.45849743850288;0.7183070260497441;16.123797143971505;28.12063095015155;0
178247;31.023765112598582;14.407466995053738;56.54353297434464;0.6503360137328519;22.824579265793094;21.012200815269612;0
178717;29.990469543237566;15.036478125351927;57.54743273669525;0.23167889211855086;9.842735637572734;-28.329292588991976;0
178728;34.33605956853312;15.74389951198812;63.21427495327367;0.15049590218870063;-5.377051174302949;-33.91242113684575;0
178758;30.19795425100697;14.34352655889369;55.30899742914245;0.4340616103917254;29.40983878017974;-6.854037049049685;0
178762;28.789891331582318;14.12825462466254;54.609604492118606;0.9212081307288528;3.788645044608059;28.539516667425982;0
179209;14.418415755449137;10.715829432048956;31.51968124251893;0.984902296207497;3.6771028561456403;13.941650816252338;0
179228;24.774579014875876;19.770640052588302;69.12805475267389;2.0067404145157437;-17.922473542612895;17.104523012310775;0
179256;26.20133406424126;21.58756369423933;70.17580115133998;0.4996462336231352;15.964841484940546;-20.775797051056564;0
179700;28.39379976448133;15.182566227473373;59.64830702347591;0.43683560319279097;24.76620449459929;-13.886791565986364;0
179712;31.302251411346425;17.488184445518066;63.792341218692776;0.822691329491291;-21.031292568091846;23.184384320797996;0
179716;18.807106267699112;8.658597758190115;31.8210828749854;0.8986527334003258;2.8922109553917017;18.58338940974007;0
179738;28.680399719235012;14.741582800191274;58.99719504260081;0.26126277089345423;-3.0804291679850953;-28.51449252917054;0
180214;33.40717753370284;14.941043692180557;60.11545273424674;1.6924495597126235;-31.770345394076905;10.32882686026812;0
180230;32.11764884752953;13.908075255795982;58.02317901922195;0.248455954487132;-10.260718757026096;-30.43453660042202;0
180251;31.126903257407516;14.36950623261608;57.83679171030075;0.2422399692319684;-0.6207368422152866;-31.120713233612165;0
180259;31.0293666843895;13.733611239236597;57.85664203418495;0.30126635196128143;13.496068223078726;-27.940610933769964;0
180702;23.595033056499968;6.809195139932772;32.95325836487964;2.8493724959191007;-23.547619489286635;1.4950589704404438;0
180719;32.79793598483626;14.583022158341755;59.39638655576031;0.9074469985909308;-25.56522060464115;20.54565891621509;0
180723;34.388504229166635;15.51479349757042;61.27282670127058;0.13239498673973363;-28.49108613619491;-19.256874977506964;0
180758;33.28276734636215;14.933390990330194;60.266932807844704;0.8451285593470621;-32.187958174985695;-8.466283172528664;0
181215;32.90729219014192;13.092418465748596;55.64881535226879;0.21437815004045185;14.86684412261034;-29.357568447018597;0
181225;32.67641147352414;12.82062432540424;53.19574685733887;0.1412795048539477;-10.409926902124942;-30.97388074942298;0
181233;34.562139522512545;14.32181628444818;63.365491696854654;0.7037015821097025;6.485318362381713;33.94822726022934;0
181257;32.33879315275887;14.346634547421633;59.66392130416775;0.923798145390806;-23.033787610542973;22.69894647091183;0
181269;31.194861343175614;15.151980104854777;65.73394486496126;1.0482473732826014;-13.104503160958773;28.308856761168823;0
181700;34.86704496074597;12.871340923949358;52.857555214983535;0.370948003743001;29.33478855183334;-18.846246440973562;0
181725;30.310541588655802;11.437076937165426;47.28214616298664;0.5524639206126214;29.516553434178125;6.892169815445686;0
181749;20.43093945297121;8.058685305145735;34.01464887289412;0.8468196979737241;-5.70427305220809;19.618474861130977;0
181753;34.7633052719349;13.47669206002902;53.58361209440068;0.2170114857915976;-9.153370610271562;-33.53659493599124;0
181757;35.525719367583086;13.89674612296869;52.921886299873734;0.2161484772815909;-5.2941745018179205;-35.12902578963113;0
182209;32.5103490413288;12.947056941646856;52.227491376470255;0.93988488340455;-22.347764558706285;23.611442438310704;0
182224;35.385476304474565;14.664991863238487;59.3290150195203;0.3881058051121176;29.18551987068174;-20.008432301721495;0
182247;35.409962831190526;23.143346060345333;67.1685511229067;0.3076501345104299;25.74941047655762;-24.30706333179801;0
182251;32.87683386735799;12.193600716738045;51.99835771092359;0.1564252149912201;-23.50308026694714;-22.988941322020402;0
182704;24.431967295185558;15.235564177049133;57.276443747501034;0.753600361854295;21.704922919105545;11.216833197863986;0
182716;14.868863806612831;10.190273912354495;35.35487522817364;1.059710766414626;3.908826295044507;14.345877034701282;0
182750;32.06916984135509;13.915659904235529;59.427690685268374;2.895709966861446;-31.991496802377295;-2.2306471386488207;0
182754;30.632591086524155;13.582392453538302;57.50228216658639;0.9722887420732218;-10.75385864874724;28.682924551672958;0
183199;31.949745582498206;12.940691156262186;51.160564876581915;0.7630895046989051;9.147834042885952;30.61214424228039;0
183217;32.90148327344701;12.357420871817158;51.087709801848135;0.4814258075677766;31.858539148250646;-8.21833833157862;0
183220;34.178462973864285;13.446798047459964;52.7805138821563;1.8936372999362148;-33.20081242661843;-8.11624207797618;0
183242;30.57942520628071;15.58989318452207;61.775901603623296;2.2027058491726947;-29.123669499953948;-9.322720676067055;0
183249;18.38293141742613;7.935817944005763;31.577676415494036;0.4912968017009416;-0.6155615585152386;-18.372622335025312;0
183710;19.788677722345177;9.251542413823792;33.505909577447724;2.924024185083192;-19.64264445758407;-2.3996426216797624;0
183731;29.299521823081072;15.078403720905833;57.989196913309115;0.4013045563077901;28.246946948171434;-7.782799442899231;0
183751;19.79629053408343;9.611387312283343;34.16167132121052;0.29945082106317916;6.479912233891266;-18.70571721027845;0
183758;21.156045594418465;10.81365408430833;34.860109394308616;0.17396615050620878;-20.616317469022814;-4.74823327244753;0
184199;31.30618505614886;14.163781839938302;57.79284787143793;0.3094179225317841;18.067112874161417;-25.566709901005037;0
184244;26.09131666832202;15.7458056528019;57.71176593045915;0.7115768839939359;6.9193206890760655;25.157102509795962;0
184273;29.688300211861;15.17189382357055;58.355441006317754;0.23986908790132225;-26.43854829255861;-13.5054927215423;0
184705;34.08756484431073;13.44561508212886;53.945048929214444;1.0106562392745424;-32.10340263441825;11.460087971194449;0
184718;30.399635958613864;13.578020807552212;51.28343227638674;0.7872363505786234;14.161329174012192;26.899714170256907;0
184722;31.457522177203717;14.186622605188031;54.41119652178668;0.33420736550985;14.03719613090179;-28.151959546572588;0
184751;31.295071486039184;15.499508929505954;64.75644998140287;1.0481023322989038;-19.6458324076429;24.36027028436078;0
184755;32.81842270296463;15.587821751277177;57.56555454576398;0.6499474795967991;20.661942741278004;25.497705600045933;0
185206;19.329590504922674;11.073481590641238;35.115087162410624;2.85068822411627;-19.117814003436624;-2.8534640032773075;0
185220;21.09145014119555;8.07433698961876;32.584357632267775;0.243733489878018;3.946803217163687;-20.718880602569342;0
185238;29.533898344843628;13.342732106998207;53.28553017147233;1.0066180599287975;-6.255402476593695;28.863837085519013;0
185242;18.35968336040566;8.31299169947977;34.17462914006907;0.6720150842472135;7.074160421492006;16.942084506498972;0
185245;31.990513335096114;13.991261631572616;55.30068251140769;0.49009756693494866;31.873773999560907;2.7304714735513014;0
185709;30.69731808204994;12.273932631065469;47.05861861111107;0.937175070012309;-0.023967859217416277;30.69730872523314;0
185720;34.47101599304998;13.044424301568004;52.21003859644451;2.8815008682881493;-34.4661444616701;0.5795080158163606;0
185746;26.414721641536058;18.439075681321036;61.47451135399562;0.5033999358196785;10.361918393807198;-24.297493010595012;0
185750;26.377124405050733;18.607243158368565;62.537234931915435;0.5275787089961765;21.283440063512227;-15.581009946162204;0
186204;16.485138213261802;12.858745251103185;40.65367243123733;0.4046151938265982;1.3691760348977213;-16.42818124126363;0
186219;29.43255812039928;13.450388478740178;58.14422159396247;0.3998405365083921;20.074533298037142;-21.524139712812673;0
186255;32.547688353016355;12.856691948861933;49.43148582137902;0.41097760136916744;32.51738836157362;-1.4040909043480543;0
186698;29.057330779196146;11.425210007015357;49.39230339580322;0.974172812863328;-19.057911614975094;21.934549844649585;0
186710;35.17612723387729;22.53626062547705;67.17924913761009;0.11271816811353073;-29.155982839320536;-19.679649179982093;0
186733;31.639525693456367;12.811910461127813;52.250203378064704;1.6318165447426212;-30.898822974957845;-6.806050607298102;0
186736;32.0718075159178;12.553991989407836;51.88859123473702;0.1501400686623724;-29.628588675237534;-12.277930218553424;0
186743;31.92185163358274;13.68252711308256;55.60801418824573;0.350332139774914;20.319128249985802;-24.619862690053694;0
187210;34.666081593554615;15.713099813243012;62.034091287242305;1.224193162486372;-33.321221002627155;9.562083661266776;0
187220;30.201511268873936;13.791543876045559;52.306318826670555;0.21317282845622962;-2.7876267216294632;-30.072585857966665;0
187254;33.35330434990258;14.133269248969405;58.26917463184274;2.351481590313663;-32.512784888857595;-7.440546339355975;0
187705;31.0259809345806;12.903094230639038;52.89510095267471;0.17206507308914074;-3.89085828954414;-30.78104473086715;0
187722;33.97916541446333;13.941962902097025;54.684280867713106;0.3939644189591525;31.0242064521431;-13.859375753556272;0
187725;33.01794308486006;13.779748549663177;53.9784892347101;0.5265812079587686;32.53852504114883;5.606153199974883;0
187749;35.29029768949975;14.57289580021499;60.7231181022645;0.2546856121568734;-26.05411758602457;-23.80311046538071;0
187767;32.75278332024173;15.971389891154397;61.129922340478046;0.4504013141736602;19.390399234551726;-26.396159431769632;0
188214;29.347055815562424;12.940726478333364;51.93590972647851;0.6083931133002612;24.324426625895317;16.418646544802993;0
188240;27.78824948542238;14.519367847082176;55.734774277368686;0.85189046912563;6.566451278885212;27.001268989921638;0
188270;26.7017691719556;15.530632220767714;59.556247806180686;0.9598205166937567;-11.699298079576412;24.002310333749502;0
188711;36.17956135710161;22.46154499146816;71.65812218909363;0.12709249340578935;-32.56599052063411;-15.761247457046334;0
188729;19.61583052250777;8.512397788335308;33.81669098601613;0.7135216319649853;10.606866232774083;16.500763491662575;0
188748;21.712042747731775;7.520077102401756;33.41379291619111;2.9246380338918496;-21.379401689008198;-3.7860247885302285;0
188753;30.160936913623278;15.144612698906474;59.26196160195915;0.6359601656127495;24.49863630561487;17.592581808045466;0
189202;31.674131529323173;15.50074334885189;61.09947109750199;0.5545127593766443;31.383275361668183;4.28259684193775;0
189215;23.454874150523636;6.6727079412788;33.3857942256658;0.20877105250406763;-4.0831941523528235;-23.09672372721061;0
189219;31.801018570729195;14.093671342207411;57.99597224858237;0.1713586869750717;-26.10758775160924;-18.157605677177987;0
189242;33.5355315625904;13.974825640134455;58.993399549064044;0.1693707733027398;-19.031661607425413;-27.612093974306738;0
189266;28.675490395637233;14.022521454576117;55.51404038116963;0.8602770408749016;-3.613393874713809;28.446917831928012;0
189713;36.1365975436112;13.440859944138284;55.22737324978386;0.30577040675677325;22.779148531797684;-28.052879962585422;0
189726;28.47107261458243;11.094520641995175;42.36788359396097;0.522275862701731;28.062741819026567;4.804632912458879;0
189747;28.00931058289955;10.510072192208357;42.679109687860624;0.5350571163642391;25.449503350456496;11.698045073619445;0
189755;34.48821226715252;13.094108160159559;54.88016557996639;2.134945543777141;-33.80877237010679;-6.812025852158323;0
190208;20.97299560441782;10.509082235978397;35.43632455998356;2.6756354888892755;-20.750476059913993;-3.0470129487525197;0
190225;27.358923835183493;18.65331994666351;62.98457746490302;2.110253290618135;-26.32722248420577;7.442316150668531;0
190248;18.142110071680023;11.895831966570181;34.89063229344345;1.6256233145072823;-17.87878420494993;3.0798105795302675;0
190713;15.89982164603891;10.097723737346731;39.20213412458522;0.7280350526844195;-0.07882212650932549;15.89962626756428;0
190740;29.124613388691994;13.10548795230663;53.80012691830428;0.8439852991662851;-14.598727978557783;25.201592141149558;0
190744;28.81751163844489;13.475779234253702;53.32895364687853;0.7633183814231754;11.428563742392571;26.454430778566692;0
190765;33.96977547053484;16.145447019824477;65.45812515055496;0.9185423060527697;-24.704666447535967;23.315769368273937;0
190769;19.162706025134188;9.720734610555269;39.74435254046887;0.7692678039851125;3.1988024833599726;18.893834043892845;0
191208;28.772185112095823;13.074105628542378;54.99362409762778;0.7667631348091503;15.014972467968782;24.543619087470535;0
191218;15.315480861643653;7.673106349876452;34.274651452634814;0.8637553595606934;6.927104003687458;13.65939911363125;0
191221;13.72747727683646;8.034355511724385;33.47509706382891;1.052305019691559;7.801181698010755;11.295361725092446;0
191251;31.542342738202915;13.69324315808899;54.39526353339213;0.509586029662276;21.197689967144353;-23.357596740056323;0
191255;32.77121104244116;13.753786825515988;58.4698611365977;0.4071659021102459;9.420214009656775;-31.388084382460864;0
191723;31.29958782757779;12.513931061021411;48.468334677781215;2.2175861337785463;-31.09572107720331;3.5665570043151273;0
191735;34.71746661560311;12.983916229574971;53.13675586681716;0.14513435658045676;-21.972781227730913;-26.879348454227685;0
191762;34.67665491598766;13.570897133137283;49.933919540735346;0.21557112215054214;-2.6170766124420086;-34.5777573906565;0
191765;34.79888797496614;13.129535831581485;52.82922412268963;0.17195655924107625;-31.07825044263295;-15.655828107105293;0
192199;34.32211605516538;14.850089073193105;61.376808969541806;0.6445774521811265;27.6641076246739;20.3151372093496;0
192222;21.291328549496043;9.191793778577704;38.48742288306606;0.7634497592853102;4.331143210524212;20.84614760315477;0
192227;33.16882501449795;14.763215363590124;60.5677243018786;0.4743839680044256;32.71258516687268;-5.4824925483292954;0
192244;33.0015708064367;14.814360473908563;61.8173761026321;0.5523852514620793;32.82566973656455;3.4028050250117796;0
192248;32.150825037088076;15.381706397488685;62.59148301997115;1.1899150618839218;-27.380029584276034;16.852582310424076;0
192711;30.84478570660788;13.256598138943707;55.3202112515974;0.9179916667132701;-22.261708239381516;21.34987474322074;0
192725;30.896846677504215;12.13030611054167;52.091398812388995;0.1460407568181792;-19.098244800494847;-24.287284330562255;0
192770;30.878527931985065;12.58698818383178;53.43021566347613;0.5676614920429128;24.410243522130205;18.910935948193632;0
193209;21.970039000417053;7.712318694023299;32.10923330784033;0.49829659221480865;21.552934506575166;-4.260707433646176;0
193219;31.326141724516617;14.379845667635571;56.9325184085928;1.0837216402819978;-28.451859587859772;13.107968619782891;0
193253;31.52607463161205;14.048136340035887;56.202265604152366;0.31662693948536347;22.004028101587753;-22.576893696487776;0
193256;29.93468924984583;14.479068651410499;55.48550414846929;0.5254107614955;29.485320815052614;-5.1673471838324;0
193708;30.359835395421026;13.474857785439838;52.43624350483485;0.9440820045739795;-20.016195011434096;22.826991534175065;0
193721;32.18069735105892;13.902903210292667;55.9969509163227;0.8890540664583555;-22.531270840179687;22.976925737071944;0
193752;31.334048649098786;15.091805809162882;60.22791961190803;0.9674757931830167;-30.62277521367012;6.63839159413788;0
194202;32.641756513444996;15.871468682557937;62.08134045160952;0.5655649120271627;32.03837628288338;6.247136419144749;0
194221;29.677603655625536;14.510360670418592;56.717208821872454;0.49117920927152026;28.504914569170715;8.260145528056832;0
194243;30.2761392288086;14.84622250598487;56.94337598017145;0.3331397584779162;19.08223946947389;-23.50558962102112;0
194247;30.650676089684342;15.59193921742971;57.7067486555417;0.9066915640067998;-21.50770093715485;21.83764513752927;0
194705;34.160346861574034;13.692004517680882;52.877015248234514;0.9218744820781579;0.2975656520710551;34.15905081213116;0
194720;32.9447685999071;12.647215237330855;49.505122037284075;0.14139977601362994;-25.497187622349124;-20.8626748393429;0
194723;32.5534240387503;12.56392477935372;48.50586193005327;3.1596784028509615;-32.42982666706912;-2.8340358132067154;0
194743;35.83520111909836;15.287466391669868;58.29679855624524;0.5397263863254178;35.79599812719683;1.6757557471031654;0
194748;33.677614731819745;13.143196142149327;54.145934154899415;0.13257743483620554;-23.258271853468212;-24.356406229471755;0
195199;33.87483927694769;12.922050020833492;53.44192967925007;0.20078559316832506;-31.014944090936556;-13.622700872995685;0
195208;35.60769509851288;13.996013856282257;55.67088285666204;1.0505693945247685;-34.360434120615665;9.341762000366348;0
195233;36.21539419330944;13.84231645273556;56.02869630258277;0.12677673406832252;-27.608295967934044;-23.437934429547074;0
195237;30.859646491276198;12.23521747258511;47.857478832712374;0.6675139548077537;11.748333648729934;28.535844792903106;0
195711;35.81664011140385;14.31523166554155;57.61888584271364;0.33387112431271077;18.922704323336703;-30.409915651994133;0
195723;34.206105002476434;12.698134113817359;55.178118654871895;0.9694259240830484;-28.003664151997956;19.64312636783025;0
195745;29.45904303150086;11.374076087956398;45.16107346871754;0.9334314442288193;-18.173199957510835;23.185556271872095;0
195756;31.539749062175755;13.180641579002945;50.365746473552115;0.8456374406293026;9.35580271208008;30.12017142244797;0
196207;29.656426102454947;11.558387316684293;51.782950823931145;0.3048390552107122;8.999929595960758;-28.25782858674956;0
196222;29.497060946934933;11.625991922674828;45.19564668303831;0.992664546751048;-15.519138013477422;25.084516336294666;0
196243;30.01222944428537;11.894726175361173;53.2587525116285;0.6912228022327938;19.072232818849027;23.172912020720396;0
196252;33.440233661128644;13.617949919952126;54.09831188432042;0.912332919233251;-19.022312224109754;27.502742862474022;0
196708;30.720276107061682;12.307275270328685;47.78613317778747;0.3622223532659302;26.48355774620639;-15.567804379470353;0
196734;30.329731304504982;11.547563030417288;46.21328308931531;0.3538977195215266;19.980374843638298;-22.8183527475402;0
196755;30.680602594561662;12.606629648880187;52.04525732719433;0.6041142921344791;27.340367140230963;13.921339741662896;0
196759;27.725967013140647;11.261653253750042;47.01294691815194;0.6121278770361184;19.474507999655565;19.73506485890317;0
197202;18.05316516014931;11.255987000383612;36.53660513204688;1.8770961293293242;-16.98879716211564;6.107171463461653;0
197216;26.081662252311453;18.764141864381838;65.52223068571206;0.4432385347984716;16.82245054207716;-19.931338730828294;0
197245;17.888066123521117;13.882602218143342;37.622408788072896;1.1668271993496666;-3.0350045209908467;17.62871683353695;0
197705;29.642884088876414;13.946469546361046;61.54471957559425;2.666616712928276;-27.47944495946635;-11.11668483974525;0
197716;27.774577084835837;15.901006222110928;64.92509782225974;0.41674352026168304;9.421225000814962;-26.127909440395477;0
197740;27.2959310493134;15.557858528928552;56.428878585255056;0.9626271980920248;-15.295218507637706;22.608054817973358;0
197744;21.466977702222028;9.204818945245501;35.738410840676416;2.9567667059037226;-21.459991823748233;0.5476153689924197;0
198202;28.32035756662393;15.234708300876568;62.4837277907148;0.9530189502207953;-3.101111553970988;28.150057901028568;0
198217;25.70194609295243;17.23059796657458;67.97257575732215;2.49708478105676;-25.678054692947875;-1.1079441100571428;0
198221;13.898857960456963;7.525596318666129;33.98961691705342;0.8747970225298759;5.044021975069686;12.951297036203439;0
198241;10.607461905330789;8.52713351617921;31.770991341894923;2.0684525667752944;-8.130256125736473;-6.813015734824664;0
198246;13.32810941608926;11.054151213745358;40.80119247652521;0.8225146976829072;-0.26903908816666855;-13.325393749390134;0
198700;32.516932077934136;13.086595928205849;53.797608633939944;0.11592601884715303;-30.05861939853422;-12.402833209192343;0
198711;19.940068096506085;8.439401376582069;33.00763037124792;0.7833762551710582;9.258604909951517;17.66025341875709;0
198730;33.346438579255356;21.35734164334828;67.71840771420196;0.8904741362378581;-21.66940430879543;25.346042744815374;0
198735;31.63987821070579;13.438680855730093;53.92789473854862;0.7173151150610165;15.404964669768592;27.63637017973736;0
199200;32.578373007612164;12.21645968315141;47.13178593438072;2.3531879964494933;-32.15728085144132;-5.221079971101589;0
199212;29.47661779788936;11.688350582597046;44.968500610057575;0.7126198468213412;16.777325379561447;24.2361785335719;0
199241;31.21250959769353;12.369920451495142;51.33757803592474;0.4235327059313121;26.145005100428516;-17.04873789125393;0
199704;20.37099792858691;9.14464668852729;34.932027192593196;0.2642205867436627;2.983229758840296;-20.15137456384705;0
199715;20.377619069162137;9.259649360958825;34.30027219113394;0.5749728735859019;18.61061041351863;8.300152948236098;0
199736;31.310888752700414;16.503406544446936;62.529119398745415;1.2346741544816018;-30.32311855616603;7.802578773244184;0
199741;31.310163157398218;15.87298239491364;61.70113520224405;0.3662495970323438;23.38484170452331;-20.820074336977857;0
199744;17.280442442310438;9.27481816063871;35.580369432374056;0.5784788677885125;15.024338309940484;8.537151126134447;0
200198;26.91378477840368;15.840806117876923;61.10734270087096;0.7199805276514281;17.72229230215603;20.25517629286832;0
200216;30.130103303844034;18.822963068237087;75.9390484437162;2.2491432782285443;-23.505169431810383;-18.850202520986347;0
200249;13.966572798893706;9.081692722551702;36.02873321665616;1.234333631053908;-10.708562919638911;8.966149449062966;0
200709;34.20711542899951;13.820664913014722;57.76703287574346;0.5183089754106944;25.484605897228555;22.81801061082757;0
200720;30.88494733194179;12.40594895019243;50.123774259947645;0.6581636839283943;15.6513743486205;26.62544746471245;0
200740;32.405461103007966;13.203746152318592;54.036377980409014;0.5522325748997267;30.056750989992555;12.112209923219782;0
200744;32.46137562458622;13.143098977665044;54.811245310197634;0.13552582538880117;-24.61867457946836;-21.158019032761988;0
201207;32.39036525342887;15.478785262573874;60.08830571075976;0.152173308691657;-9.531517378573437;-30.956193850544427;0
201223;29.832684774245337;14.38839686488765;56.10590613924458;0.4121489933546712;28.308557355090752;-9.413536068504053;0
201249;28.00452599097216;20.037722240016187;68.88593870661212;1.8427378024175607;-19.51270741243863;-20.087501721607836;0
201253;15.568125187410422;11.65886399092075;42.48188130897739;0.9986531042379613;-7.12403904652004;13.842492171373644;0
201702;30.680064034879596;12.16536927630994;52.57866977461422;0.653250206990694;2.8924633712050856;30.54341147990102;0
201717;27.713956732244068;11.46302668629473;53.261014448520065;0.6582800471733592;26.171861934025923;9.11575782165044;0
201756;30.988504553586132;12.88302900521471;55.361304571383194;0.19729490688167955;-26.696138172967732;-15.735425673220394;0
202205;30.835394190318404;13.578431925933506;54.40324771044061;2.5844537687941993;-29.942705774304006;-7.3658608312799;0
202214;32.15692170436929;15.649949854728174;63.772930378859165;0.3103626474176064;11.90054795852515;-29.873810801231564;0
202233;32.309566258662485;15.793463535646218;62.586332198739655;2.305170426300304;-31.96924381792549;4.677127487350976;0
202237;29.077747349148318;13.819705637431996;55.45179438403671;0.21255288180032303;-15.403570017416984;-24.66263209025822;0
202706;30.367533767360147;12.519635914050527;53.00909747333277;0.9516759743695677;-22.27041109171867;20.644996897980214;0
202722;18.64789553653228;8.034299066663534;35.05048957054986;0.7988490194749588;0.775185008715099;18.63177651604065;0
202725;33.327834817334626;22.61309886524552;70.95412529727719;0.9277431933488213;-17.799738451835026;28.17647750620733;0
202749;31.25271784166369;13.638255960328028;54.20556421834588;0.5595297965309648;31.179065499475314;-2.1443523661170967;0
203201;27.696885466793578;14.691645710574656;63.19181501493595;0.6797314700902803;13.684785715083718;24.07995233576931;0
203215;29.2400300742162;16.53146407983791;67.07246447663312;1.768786387001273;-24.93612609223936;15.269871455025651;0
203241;7.3155938138560845;5.914671811919764;21.30323286278518;1.4309137388112698;-0.45592533118794615;-7.301372812129961;0
203700;31.26819295542653;18.601790665315313;68.01349114260552;0.9488571880971273;-18.78923689720598;24.993288449470963;0
203710;17.602493834256748;10.661025128230817;33.07899028272745;0.7713232640949417;-0.8482024807451254;17.58204600541998;0
203740;18.683223028035478;9.55304837126533;32.45008336578618;0.4672142652861591;17.568255374502414;-6.357611643658512;0
204210;16.425948070465736;10.197296812646128;31.899891829851896;0.4149355099975934;2.3412196491211006;-16.258242849957874;0
204221;28.495008327410968;21.45321353620027;70.69840380293073;0.9216898683428151;-23.394793881472;16.268039796566168;0
204224;28.851526853833366;20.938147355390008;69.82467680234902;2.6695646595750873;-25.799049304722008;-12.915868409440801;0
204258;30.63375836182502;21.080634906385136;70.76081152268425;0.9054586010522717;-20.415849778889857;22.83900674671487;0
204703;31.673143684888437;13.27019816168945;51.72615203126477;0.6838387104521605;27.618676550068304;15.504732713152308;0
204721;31.876483931358266;11.770751738922003;50.383993709228825;0.2390605762251352;5.763363348331306;-31.351138268669818;0
204742;32.59105339080946;12.83387317986424;52.28289241942329;0.8010077263640684;-5.9857102198655925;32.03666702836595;0
204751;31.093845663417348;11.97955262303433;49.517905672268896;0.2245392245918161;-3.1878029868370352;-30.930004045546628;0
205204;32.48420494054919;20.87988790092451;63.920287918138406;0.865163505895376;-18.893225240931393;26.424791590758733;0
205224;20.092761579909457;7.805348450858554;32.326323688037945;0.143036107999686;-7.624796748417975;-18.589823626177854;0
205232;33.82628359141855;12.935649709374013;53.86099588719641;0.1977687649749484;0.026684198866412143;-33.82627306636962;0
205249;28.06931577319473;10.63649717245083;46.16488209554926;0.24919559569200514;20.012774621728994;-19.681853061010248;0
205257;32.04260128910695;13.096112087700101;52.11471775963987;0.8932823159350444;-1.9198894644365685;31.985032778113947;0
205701;33.11507203413068;13.004004027795723;50.547852609460385;0.557140867068194;30.18364722303779;13.62187344460616;0
205709;19.50031311896765;7.735476512418317;30.091274092457205;0.8329620331411112;-0.22562557268867667;19.499007791134673;0
205744;35.50204718274288;13.205348053537257;56.822155387724266;0.14166692925111327;-33.03107830976094;-13.013194068334714;0
206202;34.85050978999039;13.32105516893107;55.500780868685936;0.51483075873082;33.89584157062177;8.101231810133894;0
206221;32.280261035382175;12.084420583198236;51.90926686693619;0.12319503688337675;-27.08811858775059;-17.557023776493942;0
206257;34.1762982652472;13.517594163027802;53.843155960640054;0.9513645145846062;-24.906351538398166;23.40284205306847;0
206261;33.09851396537523;13.362879337191355;53.407449686117474;0.8045601943630452;4.5394195398791135;32.785748381836626;0
206700;30.612362795412217;11.56652867540687;45.94090051426727;0.6480875715937887;16.355426019969634;25.876954914039604;0
206713;35.01941570194025;13.330438748544703;52.10799634217582;0.178743496121186;-10.800101573458592;-33.3124193373624;0
206743;32.37460704408472;20.82227386711995;58.492478364856545;0.3756248212411956;27.348470855776817;-17.32559733774354;0
206747;33.35323040810777;12.766023843469604;49.43327473596743;0.13632239898596973;-19.646462801803825;-26.95281948208134;0
207208;31.295673685253774;11.778426215239184;47.488313445111864;0.9015244563391842;-14.634413240809486;27.663209150622883;0
207246;30.98635964901476;12.531197647302255;46.75531588679623;0.6266651306304791;24.86626071153066;18.48847107048814;0
207267;35.04110480707325;12.938059165481487;53.53544696636656;0.38422586984757606;31.03328707545714;-16.273110317101555;0
207301;33.49981022110795;13.4354082287422;51.36281120887076;2.0781817569540992;-32.703686307250784;-7.259902669263963;0
207312;34.970543737898865;13.284052048747823;52.38584047795701;0.5936921638852226;27.007480318458274;22.21564620199886;0
207333;32.234142921715915;12.625060333700926;49.39986052391862;0.8034072806187543;-6.617279035361101;31.547608278057762;0
207348;31.920669039209386;12.448126361218772;49.1257546806669;0.3568920092429055;25.067211874149557;-19.76269214371453;0
207383;31.89295661945978;12.182135202670167;47.356601053254366;0.6719663771335561;-0.23184809456485042;31.892113890298806;0
207396;32.57625388018519;12.207883850223707;48.64301791795617;0.9352694635333146;-24.166542754707244;21.84469107474829;0
207399;30.60117238947519;11.631203014278316;47.13809870629138;0.550152117894064;30.23936568083743;4.691749655615715;0
207402;34.85938373336434;13.353822778662673;53.3317575407869;0.6098537190188809;31.751090612364685;14.389054145264504;0
207429;31.23407758561797;12.35789535674305;49.08604517056139;0.41414296855548827;28.517218636350442;-12.741108423955508;0
207433;31.896062836334647;11.862250859513239;46.418155292591926;0.2731394441435446;14.964826475113028;-28.1675840822241;0
207450;32.527928057549175;12.610544508162356;50.266212192070846;1.0383860980868145;-31.476965763431018;-8.201629718835537;0
207454;32.85458688172355;12.191437214981969;49.46910912814944;0.1482975916564271;-14.422656975322164;-29.51966878101636;0
207498;31.675205293529327;11.794928905204793;47.19933617447706;2.050043074726812;-30.962508413144626;6.681444690572281;0
207692;33.61969960843378;12.327071301020112;50.06394804049777;0.3156098524222328;20.291685693486496;-26.805441490079538;0
207696;33.86883540699996;13.403467518474574;51.87843215759332;0.22335481107521538;1.469551224545945;-33.83693885422986;0
207967;31.249684055926398;11.383376120452377;48.809470885065245;0.9674851127501835;-27.70028651013065;14.465022670286228;0
207981;36.83140576722076;14.056265915439239;56.61715308249373;0.16478326944293056;-3.5292399530261536;-36.661927338093214;0
207985;30.6211975215537;12.523676628227303;51.124292570178;0.6447799269807535;21.74792135663922;21.55656870467659;0
208011;29.035107308094286;19.0281793475556;54.67794296679656;0.6061745485059316;24.52524935636272;15.541866052722892;0
208015;29.812597584106094;11.545707803346758;45.16913041802856;0.4205226902054782;27.240466214463762;-12.113957863989238;0
208426;36.73867304193901;14.034222064394793;57.32447834127925;0.953608774377338;-28.558516749486294;23.11149536381856;0
208442;32.50416356772431;12.600028586344136;49.005675690750024;0.9941278030191875;-24.619242411267944;21.22294871907771;0
208446;32.62159493818278;11.998017981055522;48.73610409004305;0.7640454989848816;-4.403252452245227;32.32305406598623;0
208473;33.99230544975577;21.037150417497518;62.56915847708305;0.15403673223411093;-26.950167372309053;-20.716305375091;0
208477;29.47897557292774;11.48732984252781;44.41754033629832;0.7513708844059543;7.082099627264597;28.615622755739025;0
208950;33.899125888178226;12.89125940559031;51.63592095398801;0.7096649339546788;7.3184485335485645;33.09971370033819;0
208963;31.51870909192771;11.834647004297867;48.64881445828357;2.816873718569271;-31.415388826390505;2.549974060312204;0
208988;33.999427654339364;13.876891691401784;51.46759528133892;0.8877509062275989;-20.635182548263806;27.021293862849816;0
