time_ms;amp_mean;amp_std;amp_max;phase_std;i_mean;q_mean;label
24594;20.800849236743;10.524468491302;3.91096544619727;22.3137497631977;-8.83;3.56;1
24607;18.0210468494918;905.413320492104;34.7115237325357;20.8196333077329;-8.17;0.45;1
24628;20.7112036181208;10.3189355129352;3.78730799182248;20.1441022811606;-7.87;4.99;1
24632;2.03213895135442;9.29353749158304;3.71031579853355;12.5389217089788;4.91;7.54;1
25562;3.32425074363358;17.2458883366468;6.89118491544602;22.6724376025716;-20.13;-0.55;1
25566;30.5314849210746;16.0686247198288;647.839308448849;2.24478947360218;-17.11;-4.99;1
25590;29.9537247066433;16.1142347749942;6.2924383295836;11.0509090133145;13.98;-3.38;1
25594;22.1049942614721;861.678841211199;36.2843504544158;10.7385321450855;10.74;-1.47;1
25620;22.7149494762571;8.71990576962579;37.2401153408708;21.2109476506006;-4;-12.19;1
25624;23.1839990509007;8.59759328483251;38.2780101071526;22.3208376941188;-6.5;-11.69;1
25797;32.1344050359324;1.89529652506131;7.10555547097474;13.4096713940068;-6.5;12.72;1
25802;18.2943550093957;8.87656852307498;3.51147887237108;13.4753493841985;4.06;5.24;1
25836;1.84639384791655;8.18430170732785;33.030541307482;1.17514009528894;7.68;-1.59;1
25840;2.01633886980757;948.580100882096;35.9964988867833;14.1799255040211;-6.45;6.1;1
26051;20.7926651146015;10.3167669067161;38.1451831160889;13.9923930632178;-2.11;7.83;1
26077;3.08623348518621;1.80997436119422;6.86077255587053;13.5881144780799;-5.38;12.69;1
26101;2.08721226599832;9.11513912610455;363.327487865253;10.730487425593;10.58;-0.56;1
26542;20.6203150755817;9.39508276462479;3.67843062390787;2.11584577458243;-0.59;-9.9;1
26557;187.212328458802;8.84016198816445;3.50303723012866;12.0567791860198;7.4;6.24;1
26580;2.01616659044972;9.40489258257437;3.72235357959726;11.5363658310376;8.02;7.45;1
26584;20.6521500926908;9.60856549889689;381.965738540258;20.947608252131;-2.57;-9.67;1
27055;19.9927347867546;9.19581398369692;36.0293401423127;11.3997593732209;9.01;-3.27;1
27068;19.8124287509584;10.1413969319456;45.3486054061527;20.6909839320827;-7.1;-6.15;1
27091;20.2813952516894;9.64250903488295;39.8797697190239;2.13186331111284;-3.99;-9.84;1
27098;27.4996548304921;15.9422818485924;6.36945290273932;2.17361529249497;-11.39;-9.03;1
27547;19.3098587421409;11.2197816699522;3.71614661551077;19.6375619534571;-1.81;-11.24;1
27566;18.7298390797793;11.121201140332;37.8943043290487;18.592485428484;9.1;-5.37;1
27573;2.80699763533296;20.2153197958749;69.920337694152;18.4101789469848;9.56;-12.73;1
27596;17.8610213347163;11.6768462076818;3.59743140189068;18.7684927972255;0.41;-10.82;1
27611;18.551924287881;12.6798914803859;38.9179691944917;1.84396079676485;-2.88;-11.31;1
28053;28.1489768283125;1.8954398170392;65.548041278935;1.00394373449177;17.85;14.27;1
28072;30.0673384109799;20.3029066698359;6.9603635836191;23.5995288259445;-23.21;-11.64;1
28076;1.94679703756036;11.4954409818816;38.1169058765799;12.9192313822942;-15.69;5.76;1
28104;20.8798402963456;10.6441025483984;3.64180806361002;0.604531022365061;2.82;-18.25;1
28108;27.6303643286397;1.72917847303377;6.2078418990857;11.1714463553147;1.39;-24.1;1
28255;2.96819314614855;177.035087888298;6.47548957666544;0.76592221976507;16.96;21.13;1
28289;30.7012053989272;17.6696683531121;643.591875338134;25.0230015990073;-25.47;-11.89;1
28317;28.7705689622601;16.7251933528962;61.8878113256838;0.792086140562055;16.68;20.59;1
28378;29.3982364266817;16.206705242113;6.0539067907788;1.80585224461533;-18.05;-20.5;1
28400;2.73586159880641;1.54381846692074;58.0791838579476;2.34523270928799;-24.12;6.43;1
28412;20.5201542652908;9.28693778572203;35.1498149902012;0.996448322380514;-5.57;-17.41;1
28416;1.86004583880553;10.5840874097331;39.9892186002916;13.5239981410109;-6.23;-15.1;1
28421;287.573835492604;16.2078245143181;61.979674105274;0.657843551412834;24.97;-4.32;1
28425;2.78180838525158;15.5079303875115;594.419635708679;0.580873276555077;14.68;-19.77;1
28474;3.09039818165323;16.5143663094731;6.4033558174987;0.617384573386539;17.77;-20.13;1
28492;21.5517532943507;9.28440716386242;36.222064467653;0.774735436715784;18.51;0.99;1
28716;21.3410194247758;6.85394718676662;333.448273522209;0.764596752973045;14.84;-7.02;1
29043;22.5827884683899;7.68236626993173;43.2861236334604;0.810998028511518;4.87;-14.93;1
29094;2.28023639091949;9.11126157746282;425.145206396064;13.5384976590565;0.44;-4.82;1
29134;3.60724866759566;147.123523836151;6.80127541181475;0.724208532234993;-3.64;-26.91;1
29146;31.0752799876259;1.2543764924098;5.74955488651391;0.630792942103866;-10.72;22.45;1
29429;21.016342003732;7.83256084959031;37.9483707252436;0.823523742132309;6.7;12.91;1
29451;21.696417504513;7.29892002979048;3.90037003306372;0.763679251952674;16.02;-0.3;1
29478;21.2178452772375;7.08178535244825;37.2958929988191;0.622727378579531;3.23;17.46;1
29522;3.0508351446073;13.5679368929861;625.522556228598;0.44000504424693;20.05;19.06;1
29526;30.9306672529727;13.6659335901404;6.88874790835283;0.4798008481228;26.21;9.75;1
29892;2.22291950530199;9.39124867126705;4.29707466361846;1.8920971141145;-4.07;0.25;1
29954;2.19183925895577;8.24726787058094;3.97301796186925;11.4773548651716;6.57;-6.94;1
29957;22.5081087565812;7.86654229284381;40.147691182602;22.0887552987379;-10.92;-3.87;1
30003;2.10072942884792;6.31642825112986;3.41404754872831;2.24382972545562;-11.41;-9;1
30007;22.0440182860078;6.72262177056134;3.72313457119436;0.803955533299099;9.59;11.63;1
30420;220.441396129074;626.260802646042;3.7330202188985;0.801180655473075;12.81;8.7;1
30434;24.4461280945077;6.83767922197374;4.1139962534523;23.2761783230756;-15.4;3.55;1
30461;20.7774330234803;5.93184257747725;3.50767146071054;0.713762911091441;11.69;10.12;1
30911;3.4287515778234;17.7692141713982;6.93410478463412;1.82007715515224;-1.66;-4.3;1
30927;3.50669060652342;1.78798844278211;7.37833922841324;18.8498983689448;-3.24;-4.56;1
30932;3.45565027834284;18.3008337505124;7.1508896483033;18.2659278012849;1.24;-1.95;1
30956;22.5861098372861;8.92893704826434;3.59083103973611;20.7680836690379;-1.58;-0.1;1
31394;3.36383361295473;1.54241440706671;6.40156126562825;0.339199743435082;16.67;-27.92;1
31410;3.26113681633405;14.5973607577761;6.01710393138273;0.819201006709165;-2.95;31.5;1
31433;2.14304826745189;6.52597712285176;33.2018839850583;0.297362202777016;-18.33;-9.11;1
31455;3.26081577652742;15.0807561266986;6.07176341360022;0.515033689810779;29;-12.15;1
31459;2.92783166868558;12.297310587606;5.2882916780137;0.993308893764752;-20.31;19.39;1
31462;2.94473680406727;13.4696760489847;55.0523322477025;0.511399672628586;27.21;-8.39;1
31512;3.45067824487273;15.3908281182735;6.51845942343283;0.264745759288542;-19.14;-27.41;1
31529;3.50343249318973;15.4892347301606;6.56045536532866;0.289889199754726;-11.64;-31.79;1
31558;31.1864985482643;14.3461594287381;5.89507614782166;22.9012336589048;-29.35;-7.14;1
31581;3.32872411563932;15.3331526734079;6.2256878810056;0.546413142960116;11.49;-30.1;1
31590;21.5651334383389;7.01820445311819;3.41891492824984;0.36056165993405;5.34;-20.12;1
31594;32.1541698650057;1.53869276178674;6.18092912393103;0.431714801494861;24.67;-18.88;1
31613;30.3373985841995;1.39897032258464;5.85751839347217;0.264218920432986;-14.87;-25.47;1
31634;2.0707355513199;7.69110960361038;3.29994227854401;0.650401450049778;19.5;0.96;1
31638;3.01810397884562;14.7921555607389;5.94288586859658;0.502909985809459;22.5;-18.17;1
31846;31.0400588752274;13.746191375759;55.5996824301197;0.595502269082784;26.56;14.17;1
31864;3.21830079923935;14.0940165587493;5.60090278017187;0.506250173749149;31.25;-0.25;1
32084;30.1239163923166;12.325652602384;5.06145697236451;0.242131684927268;-7.44;-28.49;1
32088;29.5927408517559;12.5736916413208;52.9707107968587;0.8596943990611;-10.24;27.26;1
32217;2.99827933852012;13.902296390231;55.5025609300469;0.97632484038716;-20.1;19.84;1
32224;19.870971217801;9.17741618100742;366.564859561283;0.308761324146676;-7.07;-17.77;1
32249;29.8416268073232;13.2985458327942;54.7193047719549;0.773075832770261;4.97;28.08;1
32272;32.6720111857846;15.1168725218045;6.33350572562334;2.79147277988228;-30.57;0.19;1
32288;3.11329283089007;13.1043559783241;5.61995523622075;21.532645220555;-29.33;-7.69;1
32609;21.4530607289688;10.6786363271746;376.457583092016;220.279348963619;-12.66;-1.08;1
32632;2.94717415931039;17.7670316947958;6.71716471101286;2.11866041909563;-15.18;7.34;1
32636;27.7931504429801;16.7871231502682;6.24894944794015;2.04105692385965;5.14;13.67;1
32659;19.3330670350251;910.595911526401;3.51313570582219;10.3640372073147;5.59;-10.59;1
32662;29.9130009326223;16.8532025913514;6.43336183688068;16.8893563937604;1.41;18.58;1
33096;31.6729538029186;16.2220446943364;5.92361768332388;0.843949438299923;2.55;30.8;1
33121;3.30060572980801;14.6122028815948;56.9374104485041;0.289341500510509;15.1;-28.83;1
33632;3.06471262954263;2.20678205077076;7.81608062340876;17.2564117767209;14.78;-16.28;1
33642;1.83665955401446;11.1972022674451;37.6649841802373;17.5284569417539;-9.05;-4.99;1
33676;20.1458152578642;13.6717830908614;4.02503085655121;2.11198754946089;-13.46;-1.7;1
34095;29.9759244515224;16.7516527847873;6.54002864989479;1.60921025458788;0.8;3.85;1
34125;3.05864711493324;153.522311577383;5.92698509220107;0.532649891426003;-0.75;-26.67;1
34153;29.0480227045232;1.14113828788712;5.21951498556341;0.558471272198334;27.17;5.84;1
34216;1.94257356742439;9.20980612075541;37.9589315285976;0.693359724440583;-0.12;-15.57;1
34603;3.3425699659637;1.66183100089072;6.58512773299494;0.69337713679664;22.39;-17.47;1
34625;33.5957792120168;15.4592930033335;6.51819428769441;0.748332798637335;22.3;20.86;1
34650;3.20271247436495;1.30079455134542;52.9159528009368;0.834158159665572;14.75;25.49;1
35096;21.2780090360421;10.2615411026261;3.87098266543885;1.11088448571809;-1.5;16.5;1
35125;25.2569832107112;18.2084568168062;6.32976890593963;14.6667379762695;2.27;21.31;1
35154;31.5107271798333;1.49084337300664;6.768269023412;0.889752642475284;-4.52;30.47;1
35596;2.0671975319377;11.8899847096403;3.91177336061002;0.938084378039741;6.78;17.98;1
35600;2.15045562141351;11.9075847615373;40.7362936129209;2.62298774673353;-19.15;6.16;1
35731;28.8448809059558;15.9526663671836;6.31702233643057;0.725965336512524;21.44;-12.25;1
35734;2.99929637841999;15.9783773900013;7.41551860527535;0.552210202796893;-18.31;-18.5;1
35738;19.1426057021174;7.65049140377597;3.39319208837793;11.049326967415;-6.42;14.78;1
35742;22.342959673816;915.388822075981;4.05955862386726;0.436825109597486;-16.37;-11.7;1
35746;3.14020152974937;17.9591190256283;7.54895209233129;0.901696669384383;-12.96;-23.48;1
35749;18.0815052263665;747.091521403212;343.020816498107;11.9389829822076;-6.51;12.99;1
35752;2.08626363990635;9.0246177783688;37.8015073474852;0.734119686806874;16.5;-6.31;1
35880;29.8848996427862;1.6193521478134;6.21213182150618;0.457040177521584;-14.19;-23.38;1
35884;2.78013236541199;14.7579605368082;60.9896773313225;0.483451943656165;-12.97;-21.46;1
35888;21.0890113950694;8.6246931302221;34.041950268564;2.45619037270809;-18.97;-4.89;1
35892;3.24331996221663;1.79146066174387;7.08877089450311;0.322606623315335;-23.27;-20.59;1
36131;2.64641591326182;14.8390573152696;5.57226338011903;0.646653047266648;14.9;-17.51;1
36179;26.4133850058454;17.2913490812547;6.32444617963988;0.988953476988971;19.38;9.61;1
36187;18.3918571151233;9.99357754503289;3.45150033092269;0.694487111287349;-1.06;-15.6;1
36194;32.0919065029862;19.7947008612704;7.29985941045455;0.569297033996684;-15.08;-23.91;1
36285;25.460197216369;20.0157811704193;6.23294250482432;0.880973449158882;16.89;-14.65;1
36288;24.96942342425;17.8675399491795;5.82236295004295;12.9883796331946;2.59;21.22;1
36292;2.93802252256232;21.0949692881383;6.83237057791288;2.36999760517934;-17.92;18.57;1
36422;25.5700569910164;1.77650749166576;5.79649277902023;0.901250443304224;19.44;12.44;1
36598;26.2318671988823;21.7418338860448;6.91588462645192;21.2667143975929;-14.46;-18.51;1
36611;20.8115508027527;12.9549872630368;44.242874267468;2.05642281050394;-4.96;-12.28;1
36615;304.303776857435;21.6349372299788;7.99726476841596;18.9083916582426;-12.85;-10.66;1
36647;19.96885957505;9.8972002886124;35.569575963827;0.582546343848214;17.86;-6.12;1
36650;30.8174190996748;1.8143941579555;6.82647147160013;10.2553293703018;-17.93;22.84;1
36654;30.7156967227768;18.6312960617291;6.82874262920592;0.530026582553671;23.01;-18;1
36657;3.01660613313332;1.85102595528354;6.77510695633708;0.954205489452065;-12.64;25.37;1
36661;22.3767976604691;11.6793437424857;3.95272244436458;0.641110972274846;20.85;-2.02;1
36664;1.97765404985527;10.9572743435179;3.55976396394793;0.414099260035074;-3.61;-18.52;1
37090;28.0353311684299;17.3813075065293;5.8200809746744;19.8058767834095;0.86;11.66;1
37156;30.9773153690655;13.9499136772104;5.76145101013667;0.617798068295212;25.24;-10.65;1
37159;3.20569136587955;14.1451171853796;610.118874169209;20.2573057269086;-25.02;-13.48;1
37258;3.16249180696749;16.4668598547816;5.94462881974553;11.5880187035773;13.68;-0.02;1
37261;2.80527939474797;1.48682599813803;5.47982262975667;13.0097962490567;1.19;12.02;1
37265;324.227315416864;16.3230703713422;60.306057365504;10.9246044845041;15.89;-2.02;1
37607;21.8051028193526;10.3702082485916;3.42565899859641;0.264666951406916;2.29;-21.5;1
37628;30.282115241524;13.3661505196526;5.43850100185384;1.46746135817041;-29.59;5.15;1
37631;33.5938044569327;13.6644431698761;5.70344437626849;11.6762330338783;-32.66;6.52;1
37675;20.8110758291821;10.1898258819612;37.2632164807719;2.41840878687058;-11.12;12.54;1
37679;2.83604028165364;16.9456872176415;6.53595860380707;24.3826657183607;-19.83;11.7;1
37683;185.406924097813;8.95209778579814;3.41591878058661;11.2568579760485;-0.41;14.27;1
38091;20.1002934907027;1.50106254956351;4.49888264413607;14.6135478963176;-18.12;4.1;1
38111;18.7406119153318;1.0822235974346;39.9740798261791;0.676949230613164;16.96;-0.69;1
38115;18.4902894983736;10.7941532997625;3.91265426070628;0.739869590590646;15.02;8.18;1
38140;30.4519502069267;1.55767401931589;668.428096495747;0.123831417534759;-12.87;-27.44;1
38144;2.99086072857183;1.53199437100772;65.624989563223;0.530481811272733;25.38;-15.18;1
38148;3.26987753897025;15.882396866871;7.49308320544611;0.895010153496108;-20.6;25.11;1
38598;30.7780090445953;13.6028468798081;58.6442722932772;0.704427465265423;22.85;16.08;1
38602;2.95786514995093;13.2069868714218;5.6563658022359;0.708150314404902;25.48;8.45;1
38619;21.0756840514008;9.65758993703343;3.73783306292513;0.777010558428232;17.71;-0.84;1
38622;20.2244096165263;939.888643090999;3.3530961498285;265.712809042598;-17.83;0.61;1
38649;30.9757213600053;15.1617664705797;6.13479074892114;10.0316424491979;-12.31;21.74;1
38653;31.726016535199;15.2865509441236;62.2619435841598;2.3486181217079;-20.27;-16.36;1
38657;3.00744482144871;15.4509141199955;608.506448703667;11.7861944051581;-10.77;21.58;1
39102;3.45139304667863;14.2047649428413;6.02094842928496;0.743017152733279;0.82;34.22;1
39116;332.922977977816;13.5178930268169;5.68228400229461;0.57923050816093;26.83;19.36;1
39120;29.9047771841965;12.6880085626604;51.8819556197031;11.1825396839551;-23.27;18.46;1
39148;32.9942064432479;13.153015364435;6.21485969638204;0.0672328424659439;-25.09;-21.27;1
39152;33.0133444826119;13.7462312494646;6.27290719238549;0.0848931560054169;-19.82;-26.23;1
39600;20.4849686135338;9.34494814044101;3.47100384209034;0.687813179764987;17.87;6.01;1
39614;30.2662258024399;15.9880524634644;5.93755801956484;0.516869635530252;29.35;-2.53;1
39619;30.7176582140987;16.2569278840314;6.0511819452611;0.332016396543175;14.7;-26.39;1
39623;30.9279304217805;15.8682457988482;5.9477563741514;0.248070511599569;-18.52;-23.78;1
39626;2.10908206825526;7.87850151617391;33.7866379971753;10.1900068826226;-19.64;-5.85;1
39630;30.8730208013354;15.489825005189;5.97805472576685;0.244107022214637;-18.37;-23.87;1
39661;2.05941252071732;10.6769764580106;3.72750481641785;27.9503801895495;-19.72;1.24;1
39664;20.8160292061332;1.06279709648349;361.540525273445;1.20227939180951;-19.25;-4.79;1
39668;1.77267450297513;11.5402418335151;43.5046723256887;0.430741158413868;3.64;-16.58;1
40103;31.585588023246;15.6631997846824;60.9927299077001;0.441514369357687;25.97;-17.1;1
40114;3.21457057943164;1.63246267162771;60.3722227184698;0.179691461800145;-17.88;-26.24;1
40118;30.9268912583494;16.7853987535843;6.07580918498482;0.518512174971729;13.44;-27.36;1
40140;31.5595093529133;17.2675632026947;6.29027699015452;0.23756034028298;-11.31;-28.77;1
40143;3.11494583122915;17.0636892489034;6.33854592547228;27.6141224761494;-29.75;5.57;1
40147;30.3765405805477;17.1241393951077;6.44957689966874;0.998598132466914;-14.57;25.68;1
40596;29.9661502851926;1.76081417684943;5.85724661902867;0.859838600938357;-1.27;29.68;1
40615;29.1356156351579;15.7435564268506;5.92025677044146;0.991084530209378;-20;20.85;1
40619;31.5172090408464;16.8584124819774;6.02273277383113;1.11615086967741;-24.16;19.92;1
40640;27.8070346643645;15.7311740319925;6.23522254776672;0.882807087853316;-1.53;27.51;1
40645;3.03878086620919;16.4752358299876;6.84298380106452;0.620750826896481;21.87;20.26;1
40649;26.336992944863;14.1141382846403;57.897575220879;0.854141178914672;-8.37;24.56;1
40653;21.583716793678;9.15566286817527;3.83159141081618;0.625489655078516;18.64;10.25;1
40657;23.0731454682439;8.95516528836615;43.158687965734;0.340469435412876;-13.39;-17.36;1
41093;34.0101869359617;13.0936387644974;52.3756077540921;0.332019518515266;26.26;-20.83;1
41108;33.1895164589172;1.32740003103232;4.96483348720055;10.3123746296062;-25.53;20.61;1
41131;38.3502401993458;14.1663352452789;5.56464017166486;0.169308545488793;-18.96;-32.85;1
41134;32.8835476906906;12.3519054441356;4.85901700627974;0.530021994153384;30.47;10.73;1
41600;31.1547201070153;1.45457742953245;57.739819143634;0.432654103916961;27.31;-13.56;1
41621;22.2830380489362;905.753703214357;3.79700267115019;0.444328370148363;1.99;-20.48;1
41625;22.0932822678794;9.75295012183357;399.262061143386;0.485284491068855;7.25;-19.17;1
41649;18.8333553144369;1.32304351505334;3.68403398354764;0.799036917985222;8.27;-15.66;1
41662;27.2736346433245;191.569674515338;62.3877437505358;0.837467831381588;1.71;26.5;1
42099;30.9826108396317;1.72725596101654;63.0336173478994;0.247489260440173;11.18;-28.52;1
42118;30.2638801577273;1.70709651077036;6.29117718075921;0.931471393718793;-20.88;21.06;1
42140;2.9256200795019;1.95227709693829;6.8022816982547;0.820966743289748;9.47;26.08;1
42144;29.3539442058229;20.3352550635021;6.99740516624496;0.405139580460858;-19.25;-20.02;1
42593;3.10830556189904;1.18531468575313;46.6277702711594;0.495301214268479;30.52;0.97;1
42620;29.9132964158383;1.16832286135125;49.556184330949;0.280155630865955;-4.39;-28.67;1
42643;2.85603352499277;13.0357846059017;5.26986601221716;11.4726626301571;-22.41;15.35;1
42647;24.4792337653203;7.53022339568004;34.8552782769757;19.6392606866213;-22.34;7.1;1
43090;20.7907677465237;9.85222460258204;402.495704823856;2.50307956578054;-16.17;1.88;1
43109;2.25745947464191;7.68377388502419;3.41020380845255;11.5137449012336;-10.58;13.15;1
43130;31.9535844871048;15.2605469764821;6.11991329379109;0.88706241588509;23.26;1.12;1
43134;3.28133202575755;15.2523344931295;6.04330219754802;2.3942825837214;-19.39;-14.1;1
43141;29.862474343664;14.3949576519058;5.69496254221365;24.5114278069331;-19.28;8.6;1
43607;2.81906833604102;15.787633675917;5.79970846960739;0.676348384799915;1.7;-23.36;1
43624;27.8411166296138;18.5619217851479;6.23490641307849;11.0570526346123;15.92;15.33;1
43630;28.1413926032908;18.9959578585187;62.4258785193262;14.4266358604297;-12.62;19.82;1
43655;3.04801677190085;17.0694134266856;61.6926009563934;0.599375697080518;12.62;-25.79;1
44132;30.309598234757;15.3743591836414;61.7769209443678;10.115445380475;-8.04;25.24;1
44175;19.9395274463745;13.4550829489903;47.1671841300036;2.24963414205348;-11.29;11.89;1
44208;2.87189488484854;15.8423667923379;5.70081306942485;11.0565477703023;-24.4;13.72;1
44596;2.78183940877768;1.22693583244407;5.05355262063134;10.4755560248578;-22.94;15.41;1
44608;2.24589655247631;7.12120683798906;3.38861059992257;0.240772671760817;-21.35;-6.08;1
44632;2.77687082662391;1.72092664178162;6.0444377884729;12.8044657411136;7.53;24.92;1
44636;28.2896553100858;17.8366211763905;6.22738647188358;16.6567877801289;-13.69;22.7;1
45105;17.7207971932141;12.4746773510649;4.11625231996792;11.5127628410428;-1.74;16.39;1
45175;18.9312681526186;10.3709475912345;3.378968767547;17.7359416809624;8.37;-2.18;1
45203;21.7815980176829;10.0178880655979;353.617446391132;0.574051074749321;0.02;-18.74;1
45600;2.28476078085357;10.1496196855236;4.2461520512184;0.463814201414364;1.15;-20.84;1
45611;2.96374445905939;14.6286151700783;6.13076132085276;0.376089128643409;7.99;-27.17;1
45634;30.9999924687565;13.0639284692208;5.59957678050319;0.948273955163723;-17.72;23.73;1
45638;30.402518438367;1.34631541396918;5.74460346742662;0.924975078571678;-7.18;28.43;1
46093;3.11116548135035;14.1301756746187;5.37225018487974;0.787101204686268;15.15;26.71;1
46106;29.4191011476227;1.40693114219971;53.1043363058536;0.580471578464214;28.9;2.82;1
46128;29.7261631358551;15.5619447494856;58.1814309028044;0.611098594880931;29.07;1.35;1
46131;28.997328019947;1.45238168767009;5.68010016802307;0.519885879680802;28.36;1.95;1
46606;31.3857994901667;13.9084345630665;5.55839374763954;0.33655934498707;18.84;-24.24;1
46624;31.6354028488245;13.1375790547287;53.8935155942801;0.884861861599607;-15.87;26.74;1
46645;3.27250970618478;13.3324113046426;5.29271158357012;0.495565552915266;29.18;-12.69;1
46648;32.8485581469786;1.28727084154951;5.28298160870202;0.460850376323618;31.73;-5.06;1
47100;20.2887505684768;8.58854560384644;3.29551640664181;0.325472693056222;-1.4;-19.58;1
47123;3.23897520468229;17.4469732065671;6.17144529792577;0.111760926568998;-26.72;-18.01;1
47150;3.46804745451688;14.8330337298158;57.7679580034708;0.0891509255354916;-19.77;-28.36;1
47152;3.32109967543377;14.4482296659532;54.6797135466768;0.499275711448998;32.59;-4.97;1
47156;29.3115766627305;12.2385190548179;4.96917992769808;0.640522766785442;15.81;24.38;1
47600;3.19230915459896;15.440770441208;5.79527561135853;0.191274154286029;-24.18;-19.93;1
47615;3.15737447029101;16.3900383833849;6.00079301112024;0.768469484216574;2.78;30.86;1
47637;288.423108046818;15.366449983418;5.7778238719125;0.533499529880399;-17.04;-22.83;1
47647;2.88504424229007;14.5147341998682;56.3691762752929;0.226022685925042;-2.96;-28.27;1
48094;28.6013636816725;176.545414812568;6.13843230499934;21.766729056501;-0.96;14.92;1
48115;3.55597106776518;1.48742186290394;6.80952848482406;0.163979801620961;-32.28;-13.99;1
48143;18.9788714580325;10.4318864641996;36.1797506079438;0.883870887710387;-2.96;18.46;1
48591;26.0499219555518;21.873343469723;7.38975545755093;0.968065434828217;20.53;12.24;1
48604;1.80500987344184;12.5097639858665;4.34716592764662;1.03246856231085;0.68;15.48;1
48607;1.69404202185838;1.1365811942835;38.5830987772514;12.1421723621871;-13.24;8.1;1
48632;1.83898450107434;10.8437303830472;3.74095623839464;0.20132990594335;-6.21;-17.14;1
48635;18.148520231618;11.9740150621435;4.1114930972814;0.52550204739722;17.72;2.37;1
49112;31.3860781379686;16.1511698681157;59.5621837323277;0.866028246943361;-15.21;27.05;1
49140;30.3163311130917;1.40846910843087;51.5804744916729;0.121017621787827;-9.43;-28.72;1
49165;33.1176335322341;15.1558753883937;5.80167622240288;0.252757492521605;11.62;-30.59;1
49168;29.1184708174977;13.8346865082966;5.24785221888957;0.516189547184328;27.86;6.99;1
49858;31.9091695819434;13.7524804971471;53.8778190874664;0.131731099342155;-12.79;-29.02;1
49877;3.40498969386601;14.0126346867075;5.49437450863619;0.140054371271503;-16.1;-29.68;1
49881;3.38097290599747;1.35931699996597;5.50318333647978;0.246710874059322;10.57;-31.75;1
49911;2.83699290853495;12.8377639256548;48.7939884168267;0.513895854492903;27.17;-6.98;1
49914;27.9025672760319;12.5586319660406;47.3326787418616;0.616341473231559;25.33;10.71;1
49918;3.30188717492063;14.0340564455376;5.59327937277764;0.233359952570541;9.26;-31.43;1
50092;2.97493736194373;12.7440825417594;4.99949938212751;0.976719823416094;-25.89;13.87;1
50113;3.26883146196879;14.4244983392948;5.63503145089397;0.830776571910669;-31.61;-7.4;1
50139;3.04070508692115;13.2677576003565;51.0328300622099;3.00983488828687;-30.14;-1.36;1
50143;32.6069311045874;14.7509275277666;55.8167177100939;0.706118758114959;11.29;30.37;1
50147;2.97692690415088;13.5972164072303;51.9087457963456;0.291804319598582;14.08;-26.02;1
50605;3.38194375005532;1.55713722611361;5.99748964828598;0.798167766068041;15.61;29.48;1
50609;346.184177801743;1.52040626883151;598.965411070819;10.3453177135455;-23.4;24.91;1
50629;31.8590080021333;13.6059119224261;530.275162526218;0.177244927533454;-13.86;-28.23;1
50633;31.0682969257331;12.9610487998723;53.13870444562;0.431764900755167;23.87;-18.77;1
50637;31.2288247405366;12.72600556075;5.13201740040342;0.880346814831722;-9.52;29.26;1
50664;31.3884441413655;11.7756079428917;466.328611072671;0.818096071595359;-6.66;30.27;1
50668;33.2455721840107;20.9522208454504;63.2440264739408;0.655637951007259;14.41;29.48;1
50671;3.28830424949437;2.07714699561815;61.0725686128804;0.874434840069908;-5.81;31.87;1
50675;3.36816806833061;2.06958896264255;5.95443247927177;0.312845228325962;17.15;-28.51;1
50679;3.26798864727854;12.1829799698683;4.74677275210236;0.27706772878528;14.57;-28.93;1
50683;3.21693167512868;12.4741721306301;4.82731902998142;0.843789399177776;1.98;31.76;1
50687;29.8168747498532;11.5956541226921;44.6133895235247;0.443327878621756;26.98;-11.8;1
51105;3.40665553398208;13.3186274613748;5.44423776826949;0.179741738239267;-24.52;-22.78;1
51128;3.37664637015174;13.7016297173317;57.531471057526;0.561679751603835;30.76;11.82;1
51132;30.5557552467479;12.2624888931898;5.01594155072179;0.930225394494044;-22.27;19.93;1
51136;3.55146905393822;23.5024511444256;7.20950647951071;0.73033359629435;18.51;29.05;1
51599;2.94144010089926;14.1488760077069;5.28796624086151;10.9849291923835;-26.7;11.94;1
51611;3.18243052170914;14.2445614028049;55.9882203219589;0.103447494233702;-25.15;-19.33;1
51615;31.3046364207558;14.223849588766;56.5638345206359;0.217177789836375;6.1;-30.53;1
51646;31.69480769689;180.236358519353;6.96330281512696;0.967894648033806;-22.14;21.82;1
51651;29.8344560798657;17.9003545744763;6.26745387549033;0.702501243015159;17.24;23.67;1
51655;27.2863951058884;16.6682521341984;5.73642320558914;1.16834910013139;-22.05;15.36;1
52097;1.96667271637532;8.81236615978132;3.45491822058004;0.979022013679173;-9.2;16.88;1
52100;18.7877645504253;7.906716053363;3.30972587346892;0.212920816273868;-2.9;-18.21;1
52104;18.678557575465;8.33285636712505;3.23369037199312;0.263809193095264;1.83;-18.29;1
52116;20.1111337116909;935.456966498904;36.8401190429153;11.0360963947329;-13.88;13.9;1
52120;3.44394380728087;15.7744640801916;647.316784187553;0.202358998554802;-15.96;-29.81;1
52149;30.2462415450103;1.43053235222022;5.83007759731554;0.859363959889944;-9.88;28.01;1
52153;29.9437964793878;14.8767432888345;5.6785019485938;0.832468853216747;8.66;27.88;1
52165;31.3631775472591;15.2314692931289;6.00089663196416;0.265571492859644;3.57;-30.71;1
52598;3.25114435060281;2.25092889823638;7.03033575620426;0.854120862480719;11.97;29.73;1
52621;31.791175072335;1.28783138889001;5.28750498513613;0.364225395934726;22.2;-22.15;1
52625;31.0326812145099;12.6657025858644;5.16915097334143;0.588272024800485;18.18;24.47;1
52655;3.30139299524786;14.9442216913572;5.9640163544368;0.208855525506997;-23.54;-21.99;1
52659;3.29734842420694;14.4064038476518;6.05349948233643;0.262799127326443;-25.62;-19.03;1
52663;3.2383119679042;15.0463510630524;5.84420741659555;28.6385550023471;-31.4;-2.57;1
53106;316.824091287811;1.48829275064705;5.92863883153404;23.6788566988516;-31.47;2.27;1
53131;315.617457573332;14.0300410323032;54.1112939998814;10.6739103388878;-25.64;18.05;1
53134;3.08040194772199;1.39119444443161;5.19565260225553;0.574256502646294;29.04;9.49;1
53159;34.6861165170207;15.1417426992182;5.6613433532031;0.112608424725994;-26.85;-21.68;1
53163;30.947713932909;1.3116604980111;5.02640459176897;0.156514887782791;-20.37;-23.09;1
53167;30.8479609444659;13.5606972144837;4.83124154457889;0.15887304942717;-19.27;-23.69;1
53597;1.71671679434289;13.9283906108626;42.7737716331788;15.5098556943644;-2.55;14.94;1
53617;17.8064608830192;11.9482860339147;40.8965424130747;0.815889878912585;14.68;-3.26;1
53621;1.92084387151607;13.8004799715186;47.79784975304;10.5191838752014;3.7;15.47;1
53676;30.0300103403243;12.575745451207;5.1666283451953;0.729668646209204;18.55;22.56;1
53679;329.401527232165;13.3370218056061;5.57675587330324;14.9591599262784;-31.4;-8.49;1
54098;32.3617541704529;13.0139597590717;5.66524657714577;0.802750442007325;-8.36;30.93;1
54113;2.83796784398078;1.16634873240526;4.80643283951727;0.155749781203617;-8.72;-26.85;1
54117;3.30627680367486;12.8172513219662;5.57478355318153;0.263648580937828;13.66;-29.85;1
54138;28.1448846494651;12.0405418285137;4.88923264035355;0.734900540557407;19.37;19.94;1
54142;3.28226442498231;13.1372574792829;5.80415267331595;0.310201738979521;22.93;-23.16;1
54146;3.10431578544726;13.2281386286117;53.9721857019522;25.5003007187698;-30.63;-3.59;1
54605;30.8826056628162;11.6328130887927;47.2920915953249;0.858484975431656;-12.28;27.62;1
54624;30.5030587773814;1.31152468864339;584.353745298274;0.676186824560105;25.96;13.01;1
54628;20.6640140591547;6.49560006224324;3.5603423548115;0.788895791441294;12.99;14.05;1
54650;1.97648823095351;8.09357086167524;4.1443782713401;0.77522134843574;4.93;18.24;1
54655;3.19429556366072;16.8279498053523;7.65895511407688;0.569560207639487;-18.14;-25.28;1
54658;213.839208507122;8.14130119387116;4.01955741116951;28.3965438436301;-20.85;-0.16;1
54665;20.0340527209585;7.38018923298723;3.53998446848303;22.214572815367;-19.24;-2.83;1
54669;20.4945031469282;8.06124122298306;3.67881375989407;0.190058231747773;-4.24;-19.73;1
55143;29.9549601543945;10.9273003498112;4.46171442104634;0.239133533679883;4.39;-29.19;1
55145;33.5033866986797;12.8480091945864;52.1308209404121;27.3978313075736;-32.87;-4.12;1
55149;29.8507235209335;10.8621085787861;440.684776981312;0.265951180340745;7.25;-28.47;1
55167;30.6429903552453;11.5670416805073;4.62629944197151;0.898378826080766;-21.83;21.08;1
55171;3.076550990577;11.6494572879722;4.68889200142475;0.283843171406351;15.67;-26.17;1
55173;30.9949895269439;12.117426554613;47.5635376566504;28.3621798233576;-30.63;2.04;1
55177;340.672580367823;20.6069290559145;6.01961603913473;0.178583618636779;-10.24;-32.08;1
55181;32.9574287990438;21.0935613012916;5.92650307932337;0.794960752576659;7.23;31.66;1
55184;3.39864431308255;12.8945104399883;51.553917148451;0.461824434342783;33.48;-1.53;1
55188;3.43334293313487;12.2449879606067;4.99045514942533;0.225976660058452;-4.11;-33.43;1
55213;3.2083788228779;1.20618363248741;4.95702130431103;0.159815083931361;-20.39;-24.17;1
55216;3.47645769988503;13.3666987932853;5.36480093722879;0.465644719608241;33.9;-3.21;1
55219;3.53348360490173;13.6619458706733;5.59952262905195;22.0458246570778;-33.48;-8.61;1
55595;284.656504069503;12.6148139846277;5.30791945923835;0.4913115731992;28;-1.65;1
55611;33.0042291891804;14.65586931136;5.83114609552211;0.661678705862541;27.66;16.8;1
55615;29.9355495216597;12.8241197057393;51.7498728620944;0.892458879435692;-15.29;25.02;1
55646;21.025073289088;10.2080572552329;4.13494036253402;11.5222029654979;-17.15;10.19;1
55650;18.4445355776583;8.92682593283865;3.54883721538417;0.719354327311632;9.03;15.15;1
56101;18.3451834445847;9.4423519649851;3.50706965722985;13.0151239114443;-17.62;4.33;1
56112;2.98650891904495;16.2635478715576;58.5973711958615;0.668095709993062;22.23;19.38;1
56142;30.8379168464415;17.4490386169449;6.13287055555226;0.663955736410745;25.7;16.22;1
56462;29.1274876481181;11.9375707205094;4.74145008749149;0.611770714269926;26.75;10.23;1
56597;3.33670150615479;12.72064816494;520.575508084364;2.9023252964233;-32.67;-2.67;1
56616;29.266937674576;1.13671679059029;4.92267174847051;10.2600612621213;-22.23;18.16;1
56621;3.37081462868678;12.6614551710979;51.8012087389786;0.585976848564445;-30.17;-13.48;1
56648;21.0588372274521;7.58148817834991;3.50080815272878;0.786033917474141;2.5;20.09;1
57094;19.3185862881844;789.686277116926;33.2055021069916;0.8334830140285;2.32;18.83;1
57176;1.98569731365322;7.61043537971572;3.22222509007106;0.763289016814818;3.42;18.89;1
57199;33.5290610876938;13.1786194978008;58.5627305012907;0.602111458348142;31.18;2.07;1
57604;1.88889720961467;11.2785698759717;34.6134323006615;0.901017350421971;6.65;15.46;1
57618;19.2002807594903;1.15548157078307;36.3428178120551;22.5291852991817;-8.06;-13.04;1
57651;2.08106669734872;8.75357471242184;33.156657259762;15.847924968521;1.6;-0.9;1
57655;3.28415251924041;1.72381425209028;6.65298639496901;14.5712476039701;2.17;-4.31;1
58101;30.4783860971596;1.45703337900042;5.90548708574387;0.633907657973817;26.6;-6.86;1
58116;31.1199487703513;13.0153744177419;5.5842210979074;17.922208892373;-27.59;11.87;1
58147;30.8388725279387;13.3666049944753;50.4518088498622;0.496207954698376;30.28;4.95;1
58151;30.0486831216657;1.3860151222827;5.11345672862131;0.6946865449287;24.81;16.26;1
58594;28.4303750855728;2.0401949040841;6.51259415542141;2.17809983886462;-17.14;15.23;1
58624;29.0106367336665;2.06716034594769;7.0144000949844;19.6572031500454;-17.34;-7.86;1
58667;21.3933518119274;8.88815757034419;3.67829105591841;10.7530385320554;12.96;2.04;1
58671;2.93245460103826;16.1179769422827;6.32002481009329;10.2393951224825;19.21;-4.14;1
59097;27.7829885290301;14.6371140553626;54.426827252011;0.367611000740518;24.11;-13.47;1
59116;28.0311272986766;15.8667426664667;5.65307159664756;0.179855862658292;0.5;-27.89;1
59151;2.82535110827467;18.1309055536834;6.11312523010936;0.948835340570941;-27.55;-5.46;1
59604;30.3524093458397;16.7126933177975;788.210009475454;0.517812272105327;12.1;-24.72;1
59618;3.39727678685068;14.6229350203316;6.40112511483872;0.277796541260706;1.63;-33.1;1
59643;29.8739930731049;14.0173929289763;60.2734079032968;0.473971977639659;15.85;-22.84;1
59647;29.4663845072926;14.004438745902;5.85676698276411;0.564554603935103;23.92;-12.6;1
60097;32.5146617515937;13.0869099285302;52.0569520852686;0.577900863142211;24.97;20.32;1
60108;31.9750225193806;13.3028921624938;53.1479048329548;0.533502555272994;31.26;4.1;1
60130;350.648519991582;14.9513310628458;59.6147399505663;0.152721221038888;7.85;-33.97;1
60142;3.24333492975798;13.3693160904649;5.43314591904873;0.0945963570021862;-25.41;-19.82;1
60594;30.8532442843457;12.961101388262;5.15559347387925;10.4796183840411;-24.76;17.76;1
60605;32.9133167945159;12.9093755605488;5.18506000575647;0.565666861514331;29.37;13.51;1
60609;28.9434258656124;11.6601294040401;46.4645763290802;0.465148315279998;27.54;-7.56;1
60634;2.27737213182473;9.64203165684957;3.91305914056918;0.208396108066319;-21.26;-6.97;1
61088;30.4028372757185;1.23084987578445;50.7083273271048;0.447775785642122;28.88;-8.51;1
61100;3.314311143234;13.2599359474654;51.6422100410171;10.2741568183572;-24.94;21.42;1
61122;3.36208845979742;13.6041978145924;5.29174719732908;0.146539950311395;-31.97;-9.54;1
61126;330.109474555058;1.30858991669143;52.2999093091364;0.819884371601644;-8.44;31.57;1
61604;30.5706401208184;12.8096428336474;7.24130816290708;10.657459501288;-23.05;19.1;1
61617;31.6315961240446;13.1568711713983;54.2999511949747;28.3034409716837;-31.18;-3.07;1
61638;3.19011307972375;15.0933961433241;607.705191475222;0.476983534422589;29.22;11.53;1
61643;3.06630828000589;1.417375306759;570.176113232078;0.484194026698713;29.99;-2.76;1
62105;3.09832052360384;152.744652494583;6.83279840474562;0.960317888568819;14.82;18.55;1
62119;29.5059080512321;14.246550356233;59.0157716646472;10.4770624434693;13.83;12.09;1
62146;2.20441327748282;1.13914151604175;3.82352758176714;15.3806835701576;-11.27;5.79;1
62151;2.90048697780294;17.4124749237576;6.19031254787956;1.19418463715173;10.5;11.49;1
62592;21.5035363297622;919.051432603103;402.230783470778;10.1986482648917;-3.65;18.7;1
62616;2.77624997243891;1.62339217146061;692.999699292424;24.2678026301039;-19.11;10.64;1
62619;18.3901391290776;8.90270921554231;3.4346596738702;25.6178623409172;-14.78;-4.48;1
62665;2.53689537685887;1.95770528542834;6.69973074785556;22.0039879516472;-16.06;16.94;1
63099;2.09380789907682;8.91086692237073;33.5115505427118;1.42227819422581;4.27;-0.24;1
63121;19.4065485431993;984.431380336598;35.1871987069476;0.882603791828118;14.12;6.62;1
63145;21.1157920759029;7.51806066476062;3.19316688992378;0.490733564572839;20.75;1.68;1
63597;3.76648309234333;2.42057873943285;736.329902560088;0.956451810903651;-29.23;23.27;1
63614;3.21835845446404;13.6290036570582;554.942045919404;0.870969526781123;-16.62;27.21;1
63625;31.621966293046;13.4085801430472;5.32833764924775;0.692215135148339;9.64;29.74;1
63648;3.18121778184804;12.5074737349827;54.322316382404;1.27927096173859;-30.66;7.37;1
63655;3.3933381756101;12.3402548647812;5.00511777976246;0.189992593264298;-9.62;-32.17;1
64090;28.0438083725789;15.9239310464849;6.30898512060167;0.595320766673368;21.24;17.09;1
64104;2.97421868035715;15.6215086841759;6.2687840057706;0.511319128727637;27.11;-8.74;1
64123;21.2112892635037;9.96537728827366;3.74327120128452;10.8973529693258;13.68;2.62;1
64129;29.3196226435803;18.5280515145541;6.68167239471645;11.8762091304359;11.41;-13.18;1
64598;310.612116261469;16.173606233248;61.4009377911245;0.256786731998124;-28.57;-9.53;1
64627;2.49214737265596;17.1993368016141;5.91083350863338;0.766816186159932;21.85;8.38;1
64631;27.8297742121809;19.5648874290543;6.65928315702509;0.82826124285208;20.38;-14.63;1
64669;30.8799538408958;17.3768198802912;6.85042274955195;2.26264554435027;-26.71;13.33;1
64673;2.17995223491871;12.5445926367907;4.81781682681159;0.30759431196366;-13.76;-15.97;1
65090;3.12015178379117;123.543402200496;4.87658537847709;1.15248733107907;-27.5;14.47;1
65117;3.37518589230262;1.30087591120555;5.17702339989958;0.813710617239273;-11.43;31.53;1
65141;31.6295092724897;13.7410021891476;52.2461397352731;0.157588439733515;-10.5;-29.52;1
65144;28.3990424269513;12.9349505545716;5.25027596952108;1.33327367252321;-26.76;7.11;1
65598;25.8382785165716;2.10172003409712;6.72088002334781;10.5998001132783;18.11;16.5;1
65616;16.4494496799663;12.7102890026138;4.11704628489155;11.6089819855582;-1.77;15.74;1
65643;26.3387692975169;1.89996351161775;6.22316192553261;0.461968045040312;6.34;-25.02;1
65647;204.979911046296;12.5224372771581;3.72141873194113;22.1559946347895;-20.07;1.83;1
66104;25.8360144583675;1.49378437647476;59.7886964935108;0.18150234861796;-9.39;-23.74;1
66119;19.1262438093383;11.9012172929263;3.62811456211171;0.300941546389779;-1.64;-18.59;1
66142;19.2050277927171;10.1218173804632;33.671708548857;11.8107622671323;-4.3;17.93;1
66147;29.2353762795981;17.6260247869017;6.70921200554423;0.314132102823109;-20.6;-19.61;1
66150;18.2637334006573;9.23892517025601;3.43602640789843;0.590110931285342;15.85;-7.46;1
66601;3.08422209633825;13.252418252345;52.9483768242818;0.266176858295569;8.21;-29.53;1
66614;3.23987263116744;1.33395030992345;5.49162441213617;0.117627829214446;-18.26;-26.47;1
66645;31.5996786602142;13.1861328877836;5.32261900655652;0.120408783767627;-17.06;-26.4;1
66650;31.9473867932967;12.7970918564133;53.852213202223;0.120090673135609;-19.49;-25.13;1
67098;3.5667533377331;1.59648520978061;6.82177183252216;25.2147503532006;-26.32;14.04;1
67118;29.0092208590646;13.3795652949171;54.5531142936258;2.28503025993324;-18.58;14.95;1
67141;3.21186935779004;13.4895983792838;5.76507455308831;0.333869192611256;-20.55;-22.28;1
67590;20.7494225018975;866.600317479904;3.36342288905512;0.556210945644007;19.93;0.36;1
67603;3.24505103576354;1.64133405077627;6.19812972761859;0.810767901111812;8.3;30.5;1
67631;30.9712918284863;13.5418589562318;546.997600766128;0.554366842446582;28.2;12.11;1
67635;30.560652956201;13.3264918425111;5.26358973750494;0.600014052751016;23.44;18.97;1
68097;2.9279309575375;16.0867778983387;56.8916943141075;0.526007531841224;-6.21;-28.48;1
68112;30.2884501177979;1.67087992985187;59.2794673112136;0.574326514392329;28.95;7.39;1
68142;20.9477760244302;9.93393330667962;3.54178938177352;0.871436237397001;-8.36;18.72;1
68602;3.3456559607263;14.3747850318826;55.7092016975531;0.259492706010538;13.22;-30.47;1
68615;31.5153269625369;12.9159231029256;5.03127039943622;0.470526471010436;30.82;-3.37;1
68621;29.4552760297554;11.3268889474199;48.1887318016377;0.91961802716435;-20.42;20.77;1
68641;3.0604655180591;13.8112204118787;5.5896504895962;0.210370013760167;-21.98;-20.82;1
68652;3.11153434079326;17.4802893466607;6.46506572613625;0.332523056715421;-28.72;-9.99;1
69088;3.16879987052432;12.7788887944618;57.2998347713855;1.15690757572098;-28.31;12.08;1
69113;30.8248761790887;12.3180553647485;5.0436832627569;0.364151946837022;24.83;-17.62;1
69115;31.4940016340954;12.4663798266002;5.18762332113166;1.50052754593968;-30.31;7.06;1
69137;3.22156847737027;12.7041118398873;51.057048767301;15.0890019949559;-31.7;-4.59;1
69141;3.17259134816631;12.6310093165594;49.6545039051468;0.286792214122872;17.66;-26.01;1
69596;3.27352234448474;1.24345152587492;4.86985678657935;0.530657659287647;31.49;1.68;1
69616;3.40735798532904;13.4147756622366;5.08037829072161;0.62092489143847;22.48;23.82;1
69640;3.48551386113209;13.1152518574709;5.09338648538438;0.421010289092765;31.74;-12.46;1
69643;3.55856801042779;13.7301662144283;52.2899419689274;0.191358413046249;-33.16;-11.21;1
70092;30.7580874343812;12.5697618993984;5.64148043579093;0.84537646480931;6.9;27.95;1
70108;31.7383795232229;13.0803822028442;53.5650980561163;0.940350256511768;0.38;30.38;1
70132;29.2871151014466;12.3327416230591;4.99290485426255;0.715214494077009;23.82;15.85;1
70135;333.476968182996;13.1213540602541;5.51338207814388;0.452048549158061;30.88;-10.06;1
70601;31.3885319215592;12.8934224211092;5.32134408412666;0.874122901565941;-17.28;25.78;1
70615;2.12115516313621;6.67113202518853;33.5158453684327;0.482158345242621;20.35;-4.04;1
70619;31.0593211168177;1.47966115960696;5.87015335701658;0.488221740616801;27.44;-13.01;1
70663;3.46601555208304;15.7477844633564;6.46987208428116;0.291454812151386;-22.66;-24.25;1
71096;30.9095806166549;12.4387427595524;52.4780866588535;0.678208506247725;18.87;22.83;1
71111;30.0396879290228;11.6262597814207;5.01704013771754;0.293055066694063;-15.03;-24.66;1
71131;3.32997233340793;13.1259999975384;5.69488030438515;0.350383448301001;-2.23;-31.56;1
71135;3.28615453029781;1.36608404836002;5.83264395069596;0.669869042134501;25.78;17.38;1
71599;29.822434437803;1.68626777286062;5.91944378583923;104.880493969924;-20.32;-21.37;1
71620;2.74332895437313;1.69368694599704;585.275510456592;0.984120323207763;-15.95;22.08;1
71642;16.7646355032193;1.01328439022753;3.58948961673558;0.262538796257693;2.43;-16.44;1
72106;21.0731672968717;8.08713950146899;3.20626650343216;1.25218315840497;-6.04;16.53;1
72128;29.5256735908995;1.34657614645493;54.1961245163248;0.322165097192118;-25.75;-11.98;1
72151;31.068099955896;12.4048111470314;52.3899129469961;0.795296543302564;-4.99;30.24;1
72154;31.1464805454112;12.7022123841365;5.30363365495056;14.7187735553446;-29.84;8.09;1
72601;1.98568856749982;8.68552275873273;3.22342932080458;14.4746129257587;-6.49;13.99;1
72619;28.9976224942254;15.1206938260415;5.72070980471678;11.0788550393003;3.05;21.4;1
72623;3.05200902698497;15.3743601737306;5.99838362959163;0.688537589424549;2.94;-24;1
72649;19.9907627497665;918.450007607689;3.89446117959099;14.5657585415696;0.25;6.7;1
72653;20.412697079264;94.604949462365;3.73451399290216;19.2805036233135;-0.61;-7.97;1
73102;2.78546685856104;18.9864196232376;6.4427201672793;0.960343942215273;21.51;-4.5;1
73114;2.690132614609;15.1812168685153;5.70020267227929;0.705994792752616;6.67;-21.21;1
73139;3.41348150950555;14.4992825938937;5.79785008841132;0.670389092279441;30.7;3.34;1
73143;3.13551109879773;13.5027319772127;5.36534193731926;0.462163762366325;6.05;-28.15;1
73591;31.5151316937686;16.144435626757;5.92053923213384;0.452897985499006;11.62;-26.97;1
73626;28.8350815186246;151.581338500574;5.60961466805597;0.715398572561536;25.4;2.7;1
73652;28.7060602528387;1.31430017950848;5.20015893649628;0.460363798275651;-7.73;-24.84;1
73658;28.9760675276877;13.507822372046;5.40512559672153;0.545785194813107;25.99;-5.81;1
74099;29.5148828919048;1.67685775805118;6.06958034161968;0.821027597732021;11.41;25.63;1
74111;3.14445105315646;17.8106976622968;6.40573279933362;0.360993127422605;-8.53;-28.94;1
74115;30.338339851493;17.4968923538776;6.42276375545506;0.812848878482859;0.28;28.97;1
74146;16.3892088536709;11.361457932037;34.1491947217774;0.983152893456488;13.16;-3.19;1
74158;2.10390450840285;10.365599416941;4.00135115380769;23.9963133880277;-13.12;-5.62;1
74593;28.9179209180808;16.5030927299345;63.0378535364144;0.571069922176819;-1.15;-25.5;1
74609;20.1668526459779;7.34897018476665;3.48903927278618;0.743270147305519;15.93;7.78;1
74640;29.8266098146743;12.9131734725628;56.2600944371758;0.485026561082711;23.45;-15.66;1
75100;3.2054751163835;18.5178864622044;6.37794282291168;0.277757915209187;-18.17;-25.53;1
75113;19.2017016311937;1.14435634591893;3.35193941104786;11.156637616756;-7.9;16.92;1
75116;18.6003497697438;11.2429668503397;33.07901706867;0.844675355585967;-0.69;18.05;1
75169;3.30208820003665;2.1709555682819;7.0812496188481;18.4685452001793;-27.05;-17.43;1
75590;21.232292681699;8.17956323254624;3.29004709843926;0.549517227654485;19.96;-3.81;1
75605;30.6912719811095;20.4768908490914;6.77106022073514;20.2036146284488;-27.33;-12.25;1
75630;3.54398756399415;13.1484002981018;5.58500202616262;29.725886639321;-34.82;-0.89;1
75634;32.8496354881365;12.7812114828661;52.3656602161773;0.424296034600892;24.32;-20.88;1
76101;20.6598493119396;9.00540569249526;3.61394491655191;0.468186440948388;3.8;-18.73;1
76116;3.10288726399613;14.8164700469293;6.45342224056238;0.591715383670783;28.42;-0.36;1
76141;30.7280901355728;14.5915030012544;5.77445934857375;0.830151040734883;17.79;19.14;1
76144;30.3593471207049;13.7934657273889;5.91112086199857;0.660507481474746;20.3;-14.89;1
76595;2.68395993627614;1.31567990795028;5.47608177337368;0.689936573318317;22.83;-1.76;1
76613;3.12893050547408;13.1625089338242;57.9423930299032;0.910830107063099;-12.07;26.78;1
76639;30.6064631889118;12.3093225279169;51.7269136726348;0.562732862411392;28.35;-0.83;1
77106;3.35067961032966;12.7938645630631;52.116112667478;0.822225765296782;-10.54;31.4;1
77121;31.2174227313749;11.8736973543716;480.959881151152;0.793898216656023;-7.43;29.99;1
77149;2.69858817259773;11.1207288985817;45.9264517467289;0.520650036426563;26.45;-0.95;1
77153;2.71251578397035;1.08826657995927;4.65675887550443;0.693045547040219;11.32;24;1
77596;29.6836064062694;12.130856741147;52.2542503770078;0.202675543664788;-9.16;-27.76;1
77607;3.38543685356742;12.7853454349449;5.2170271834883;0.814464571544547;-4.29;32.89;1
77631;34.0440192399774;1.33094686098305;51.8100765668325;0.213638844435468;-16.37;-29.14;1
77637;3.11610111954652;12.0695653955187;4.73296047293626;0.745742987175233;18.34;24.29;1
78094;31.7328738812258;11.6099364629865;4.51208509661267;0.369200033845929;22.34;-21.76;1
78115;3.35608736777635;13.2327004302548;5.30799203460107;28.3248611537446;-31.91;-4.37;1
78149;33.0425676656427;12.8098681952133;547.452899422111;0.331107793190936;-23.67;-19.92;1
78153;3.67212224788915;14.0909584577761;5.98742170731519;0.277714877620732;-23.43;-26.17;1
78593;3.18213948818207;1.68145086126046;6.5756651505887;0.49086947917942;28.72;-11.64;1
78606;17.9303000083259;11.8659376548848;3.49763911775393;10.7809917105333;-1.38;-12.72;1
78642;17.8810243177914;1.09836341275264;3.41168600505677;12.8944422554076;3.83;11.98;1
78645;18.2926456349471;11.3520211064943;36.1466586635941;13.692654778885;-13.08;3.52;1
79091;6.90720858632129;2.24653330813451;11.051374364044;0.647970455209343;64.9;-8.24;1
79107;31.4993615753015;13.0427706579825;5.1523369378384;0.165142003479313;-28.92;-11.79;1
79138;2.35208144631392;59.352924413967;3.47462502352741;19.1612677278405;-22.38;-6.21;1
79606;32.7982835576034;13.1613981409554;57.2185762903357;0.334331683394497;20.86;-24.47;1
79617;3.11783528479635;13.8292727903822;54.4740777891017;0.613202674451087;30.48;2.32;1
79619;28.8081059324929;1.16186805129193;47.903291148162;2.71919092771913;-28.03;-4.47;1
79654;3.11793393127534;15.5835493539045;6.13175687407413;0.143456904210131;-13.87;-27.66;1
80091;2.879060910866;13.7860121875671;5.60008769097792;0.887758066963645;-2.71;27.75;1
80109;3.01834973683101;12.7632897970957;5.39533303881808;0.408187420757621;27.65;-10.33;1
80130;32.3834359311384;12.4903684781799;530.021550441884;0.584953620037493;26.64;17.41;1
80140;3.15500301754039;11.662084193585;4.88503197793166;0.214500863610774;-26.5;-15.85;1
80607;3.12101262059837;14.1715943877384;5.60529717408654;0.226277661299254;-0.95;-30.59;1
80621;3.09090495911283;13.4665700022267;5.3998262409715;0.236676027485194;-1.33;-30.39;1
80639;1.88807683023908;8.78111538653874;355.689832146206;0.608993758352562;17.69;5.53;1
80642;30.3404920955574;14.0875475489309;55.1371511800301;0.454816829902214;29.89;-2.03;1
81098;28.9590963518697;1.65695132669085;59.4978350124994;0.669275423659837;-19.51;-14.5;1
81126;2.16801550233067;9.72453022240882;3.45410390209967;0.698119295251782;-1.08;-19.54;1
81149;20.4894283914199;11.4355120387251;4.38713073808918;0.812824040928573;11.92;15.27;1
81152;2.08579011332022;1.15569159302593;45.0412237440667;10.4641406552126;-2.54;19.4;1
81156;3.04574309235458;14.7013279899754;5.58310660535775;2.7543541180668;-28.78;-4.82;1
81596;31.9471816586818;1.64070372270502;6.11598972885147;0.286551308560683;12.38;-29.13;1
81620;29.1265704601256;15.2372111955601;5.5710067550704;0.356034739024694;17.57;-22.83;1
81644;3.13867221187906;16.555569710134;611.998320041743;0.438940117126086;27.52;-13.88;1
81648;19.2174430506145;10.5036016687631;3.73213070887238;0.598572886243216;18.59;2.63;1
82091;31.8176592241373;15.0657163568726;6.0330104238989;11.9494764168813;-20.45;20.43;1
82110;32.6700919538323;14.9103655830587;6.22478834202729;0.216276953847161;-27.49;-16.04;1
82136;20.7487348669159;8.80603901519668;3.34046150735225;0.479322327061262;20.17;-2.62;1
82587;28.5066213779128;15.4446916171376;603.530652470241;0.80137930907887;17.09;-13.96;1
82609;3.28161205498271;15.1797163157835;6.23221398746943;0.383703443959112;-2.19;-30.64;1
82630;30.5476968067458;12.9254385709509;5.54507057243331;0.406869021740256;18.35;-22.67;1
82635;3.51502231132736;15.0684470856786;6.12666304607348;0.264986467067114;-7.36;-33.21;1
83101;31.2495900005137;12.4376574625245;5.17448667153301;0.288509792327886;-4.01;-30.15;1
83132;31.4588440415946;1.62312649562452;6.24600091438978;2.36792750484044;-17.15;-14.79;1
83136;3.12989294842666;1.64490826050845;62.9310191638759;23.2934713632212;-21.03;-3.5;1
83160;20.0298080682859;13.0936127682955;3.90479222934014;11.9791231547739;-3.65;15.49;1
83164;17.2721762622463;11.7488303714311;3.4192139192519;12.3550279770198;0.3;13.72;1
83598;3.24013256824682;12.7413575379042;5.61842618661036;0.340189655895275;9.48;-29.49;1
83612;3.26313325735272;13.5750398613508;5.71912178470263;10.1763572909559;-9.43;29.87;1
83638;30.1112318835761;12.1514113948609;475.519886584598;0.444386940397316;17.99;-22.51;1
84112;29.0906906255057;14.6289351998669;5.85372872988606;27.6394541142729;-27.11;-1.06;1
84123;2.8560175421943;1.43482050603647;5.74080845175084;0.459673974293948;13.88;-22.83;1
84144;26.9419959668507;14.0660318303197;5.53898546245257;26.9981594084422;-24.65;4.36;1
84157;28.5047590890368;14.9574874072694;58.9504182010865;0.98234003811816;-5.77;24.94;1
84594;32.8235906684288;14.5133373276397;571.257547825341;0.230669313393049;-16.21;-27.5;1
84613;31.8921072727452;13.9008185795427;5.82823892400643;0.289978837529162;-13.1;-27.62;1
84634;27.5940105659633;12.7488911265712;4.89852453818963;0.694658227152669;24.28;10.92;1
84638;29.3836183065344;1.28134968313898;5.16438337487482;0.252919244006329;-24.83;-13.98;1
85089;3.07953577993304;14.5203507924485;59.4598930826742;27.2574952670061;-28.92;4.07;1
85106;29.8867161512753;14.536747780522;5.70042341288282;0.379693585552322;-8.26;-26.92;1
85139;2.8636420206356;18.005137683545;6.36762422337532;0.792649046708814;15.33;21.54;1
85598;3.36796082029138;14.111033842257;5.91498931017367;1.01722053306543;-25.47;17.56;1
85624;3.68887066184849;15.334140861546;5.90824179856421;0.349631801192082;1.88;-35.28;1
85648;3.43198550583874;13.0963444474223;5.59858479586581;0.297380908945058;3.76;-32.83;1
85656;3.31101552383788;12.9201771577267;54.8513119003137;0.775994901295277;5.71;31.35;1
86105;31.6305496814956;12.3311411174844;4.98850189248341;0.795403298569512;8.13;30.16;1
86127;30.8019158782514;11.8927074101329;5.00475811679938;10.4846386636675;-23.8;19.12;1
86131;31.6631017562349;12.0532633428924;5.08998198213496;0.86412862675391;-18.63;25.37;1
86162;29.0228197173164;11.1457011797741;47.395984423949;0.595474715117095;22.24;18.4;1
86591;3.05734197242858;1.70714493296061;6.51445528838128;0.154735592720303;-15.8;-25.8;1
86621;3.4294271643251;18.3460640823115;6.86022321615519;0.157818159586905;-24.77;-23.21;1
86644;27.2047377449617;16.2166852528758;58.3266333343622;0.722331507422609;14.11;22.63;1
86648;29.5734844150038;16.8191726946537;61.9089005424087;0.688596189104821;15.8;23.86;1
87104;28.3652638095414;1.27424155863684;5.21488131996137;0.57039790966139;25.13;-10.02;1
87129;330.738543362054;13.1675823068511;5.50338574859023;0.608152454771712;30.78;9.24;1
87156;21.5870005389532;9.00290707110315;3.76345803144869;0.309914639777522;-2.27;-20.74;1
87161;29.3488102063246;1.1724974768079;51.495699681579;0.717817599385005;10.46;26.13;1
87595;3.22187199072103;14.1218783414921;554.469662595479;0.176088425230266;-20.34;-24.26;1
87608;32.9204019084311;14.4384143958669;5.60777886197156;0.18171059519729;-27.04;-17.97;1
87641;3.46096047224707;14.873326112332;5.8472954982649;0.390730188675316;25.1;-23.13;1
88102;2.08205021852288;56.9996750083217;3.41896167205744;0.59103049997094;18.25;8.52;1
88120;2.87584987985041;11.7275696850045;4.77131718563401;0.573264451963036;22.83;17.06;1
88301;28.679475715793;14.8304695437794;5.50931261209003;0.240176564342193;7.9;-27.36;1
88304;20.0565306721175;9.56631846469605;3.64015184034886;0.450195687318077;19.47;-3.31;1
88589;27.8746222341736;13.5927359970072;49.934538935549;0.785153239962884;-0.91;27.61;1
88602;2.90737130381612;15.4608427665432;54.4243023479911;0.283452984385895;7.93;-27.82;1
88628;31.1125359620772;18.148613302026;6.15791637795431;11.44988745662;-24.1;19.23;1
88632;3.09836598667516;17.6682785525136;6.09899370860817;0.867102213159772;-14.43;27.06;1
89118;3.00153603236958;13.3092309016945;49.6340854331393;11.0671356197053;-27.71;11.21;1
89130;28.7624752130188;12.6302176272985;476.308521001053;0.517347590572434;27.67;6.56;1
89151;2.92235873883366;13.0927211556327;5.22225844597076;0.708705849167054;6.49;28.26;1
89156;31.9318770783403;1.47907110325308;55.3959632603624;0.0782248314842622;-20.85;-24.12;1
89597;3.16134839033837;12.9699874622046;5.16015528522344;2.91920387092157;-31.33;-1.94;1
89607;2.94547459252509;1.26931051433428;49.5539132664952;0.759532268028909;12.17;26.44;1
89611;29.2729537768777;1.25096838117357;5.07001535064218;0.678126814210068;13.14;25.91;1
89643;29.8945423257463;12.6346993168694;4.95376504170876;0.871707240033615;-13.5;26.43;1
89646;3.40242306040727;14.0032621059939;5.64762868018174;0.490715986464076;33.75;2.05;1
90101;2.23162792228536;8.42311144600906;3.45729812156342;0.179566144405134;-3.43;-21.9;1
90112;28.5986424386081;13.4004408470338;5.6587716552362;10.069705565452;-18.94;20.82;1
90138;19.8468876599263;70.4629439533787;3.37731823482848;0.686677884803164;18.31;0.04;1
90598;31.5191173237122;12.238510969435;4.7262339628426;0.560476516466683;30.58;3.44;1
90612;3.65273907388985;13.5028127564219;5.40000781497463;0.330846276149538;19.04;-30.18;1
90636;3.41801292572696;13.6974434608595;52.4477924544359;0.777986556645328;19.97;26.99;1
91096;34.1693021623759;13.2762824224999;52.0759540821652;179.474137668414;-33.3;-6.28;1
91108;3.45671667221953;14.2580710689966;5.55634695076049;0.179315533138009;-6.94;-33.62;1
91130;31.5364454153109;14.7171470168397;5.47146346666401;0.178234926522393;-8.42;-30.18;1
91134;20.5958166881186;935.708930407194;3.62963286538689;0.333513892299531;11.45;-16.91;1
91595;3.07174779968277;15.6729251411124;6.53886583381255;0.355282133516712;-26.17;-12.11;1
91609;19.5100305034615;11.8579181277713;4.44961492013697;20.0480917970168;-10.7;13.19;1
91637;17.3675927025863;12.5100009000358;4.23151489226674;2.56485777148031;-15.24;4.11;1
91641;17.3369078529991;12.9591824795784;4.19525074444811;0.555871234337455;0.11;-16.17;1
92092;22.4468683553489;8.51996391683484;3.6548383379926;26.7916989506725;-20.79;4.38;1
92105;3.44970385551642;14.3889087254039;6.45868888644207;2.77801786120471;-31.98;2.58;1
92125;3.23965671854094;1.31854519692032;5.67229691233481;24.7531576117126;-25.97;12.91;1
92129;28.8758131863576;11.7369245864995;5.32411163520252;27.3236773190582;-25.47;3.38;1
92605;3.2314153137984;21.0621303347828;62.7081196495715;0.720836986423399;16.72;27.26;1
92621;3.31632445376367;13.468457748235;5.18767110799169;0.186640574947814;-9.83;-31.37;1
92643;3.28142922525244;13.3060790709635;5.24133720548563;0.569528948777407;31.23;8.85;1
92648;33.4630325881206;13.0561039788897;5.19814325776549;0.831528762877725;-11.12;31.24;1
93101;3.31459247261716;14.6818416080348;5.71698705531775;0.79034395901863;-20.84;25.61;1
93119;29.1650466982323;15.0144542679643;5.62532517708863;0.875782421860892;-5.58;28.38;1
93142;19.0671417795348;9.21488456922837;3.40958752581166;0.472098842287164;18.83;-0.97;1
93146;20.198851387531;12.167641651188;43.4754858694704;0.348841042656126;16.83;-10.68;1
93155;2.21308102521998;1.10486207576179;37.3102882541837;0.191974907547117;-1.42;-21.94;1
93599;20.2508191994391;1.02627189428324;3.5171154469211;28.5903100384205;-19.51;-2.06;1
93613;22.0419280435666;12.0859827195622;4.00708764294303;0.53522433578263;21.46;-0.44;1
93644;20.9612364274983;11.1456926381537;37.563384596898;14.9672925809484;-20.06;-4.7;1
93648;30.7328730214826;20.1495324420767;7.08668130044626;10.2412604795041;-20.21;22.48;1
94097;3.27828190741895;13.2242744051514;5.01952253733756;0.568951192329881;19.69;-24.85;1
94107;3.14915788715832;12.0137237914009;49.6751274977603;0.779145908840279;3.25;29.68;1
94127;3.62804190797017;15.0926611510514;636.386245413354;0.28345809226168;-22.21;-26.81;1
94594;2.78621743106058;11.6503935965242;51.2412486389418;0.418522157605162;11.52;-23.87;1
94606;34.1842289836577;13.941111680699;60.5154631840013;0.375784529855673;-7.91;-30.86;1
94631;21.1631388033123;7.27791669989601;3.50236433108174;23.1198759834288;-17.99;-7.11;1
94634;30.4239670301952;14.5946075375312;6.44566611789231;0.586292350729996;22.16;-16.05;1
95089;30.213683630985;11.8556732120494;4.87834233216273;10.4156277556347;-23.08;18.81;1
95101;3.49333178883732;13.705936971007;5.41858259131907;0.855710996835702;2.33;34.55;1
95106;3.59337115091302;13.576728297134;55.4810869990547;0.305248047265939;21.02;-28.84;1
95129;3.21213432801693;12.5220472083886;4.95574712545592;0.112175616270051;-19.18;-25.52;1
95133;3.04943354523792;19.5147214648123;5.82111943699533;0.686584088096624;13.06;27.17;1
95599;3.1023709899754;14.3035096599238;60.8012550427966;0.673255711050686;23.87;17.46;1
95612;30.2638471362267;14.1652423004283;53.9611850929649;0.738339480533149;15.83;25.27;1
95639;3.51054472180898;14.4197956406538;57.4943455061232;0.133282040829727;-20.47;-28.19;1
95643;3.2985972612317;14.6860245887336;5.54923916047085;0.841253564308441;4.09;32.4;1
95646;3.39480853277227;1.4339928623841;56.5880138676225;12.3880775945409;-32.18;9.53;1
96087;18.0282229808837;12.2308943634296;4.08738882380812;0.943575863740012;5.53;15.77;1
96093;18.6066036484897;1.33304217753418;4.33450086133613;2.24909075581027;-15.59;8.23;1
96112;1.73881449485973;1.33835344331397;4.19146307766739;107.279507444122;11.81;-11.39;1
96146;16.9588037016146;13.1330724073178;3.89283889026976;16.1821153190661;7.05;13.83;1
96620;30.5295303480144;15.490048248722;6.33228284094217;0.441875868119691;-3.63;-28.28;1
96640;3.04809864266897;16.6563516161286;62.488778705778;2.12639591879519;-15.03;-15.99;1
96644;29.7001641303494;15.4846258377955;58.8765679669635;0.83451179067337;12.45;-16.92;1
96672;28.5905136167049;18.0354937180543;6.39905617667866;14.718727423785;-1.12;-9.63;1
96677;3.21914491769799;19.3340247045583;7.14012402612561;18.5989546736266;-2.84;8.78;1
97093;3.09626954273187;12.7104933173825;56.067297391716;0.572654172910488;24.91;18.06;1
97108;30.5105207235065;15.283624791732;6.76775004183191;0.588824173766342;28.68;9.65;1
97112;31.0918519141943;14.8570629894797;6.41643437685275;0.285698657721206;15.77;-26.54;1
97142;27.6908639241033;17.9593877653198;7.21014662058912;0.669754794594101;19.42;17.73;1
97626;19.0307276469909;1.14812255519406;3.68778156150106;0.511373986343411;18.22;4.43;1
97644;2.67501866685886;2.03697401427884;6.74460053331427;0.62221521318546;17.04;-20.03;1
97680;2.63478793622121;1.93924917145722;63.1109558820841;19.8365551393595;-20.12;-15.75;1
98105;26.0272241470691;20.3551870814235;6.40641877788636;0.432490711090105;22.22;-12.69;1
98129;16.737781429567;11.2538209712527;3.32596279368967;27.7606647520508;-16.38;-2.23;1
98134;28.8258043321229;2.08193119703928;7.07379255329341;21.1444225942827;-20.22;-19.37;1
98155;26.0256351162897;17.7262891653;6.09591811478091;0.726259948925046;22.05;11.04;1
98596;3.20945325352106;13.7093025956199;5.7222844947643;0.728891265249099;17.48;26.57;1
98609;3.36042915787556;13.7350180286966;5.96479530247149;15.0622967282071;-33.12;4.69;1
98613;3.29474492631609;14.0475791765498;57.6408263178245;10.568481555363;-25.62;20.35;1
98631;32.7391670458583;12.7667242780331;55.1047829305131;27.6269160196967;-32.49;-2.67;1
98641;3.23077067181035;12.8361019706739;55.9577491954166;12.4505717951192;-30.86;8.6;1
99088;2.92958544276399;12.6372992823767;5.4263390921347;0.600216932886058;24.54;14.92;1
99113;32.2964364001601;12.7552789942462;53.2513330745283;0.732901686736108;9.89;29.95;1
99140;28.6642421277555;10.9407182887837;4.68207090546753;0.375931461075836;23.68;-15.38;1
99143;3.32326926203749;12.9564988619826;5.48548681342547;28.7550113918386;-32.83;-2.88;1
99602;33.2319830135896;11.373348771761;5.2431520861806;0.124692396832304;-12.09;-30.66;1
99619;34.7331507270212;11.7717156516376;5.31327430276696;0.154642645303548;33.58;-7.38;1
99642;35.5233549698216;12.1707988267287;55.2942254030722;3.02337821242307;-35.3;-0.22;1
99648;3.11514267283007;11.5943271380189;5.12035380995943;0.18261583355441;-1.34;30.65;1
100092;21.7188366233765;9.92278498782367;4.02791008027004;12.3292323203286;8.1;-6.37;1
100102;21.5987073355557;986.718839737867;39.1516663142959;2.41175044111155;-12.27;4.54;1
100134;22.6690113038953;999.690076228017;42.7760433696177;10.2461096401892;10.27;-8.24;1
100588;21.1607060025254;67.581971235437;3.35375995838303;0.395715169103241;17.75;8.7;1
100603;22.0689101842693;8.11663797495462;37.1016787530863;27.381058929887;-20.07;2.44;1
100624;27.9289276796843;17.2897691238478;6.57782572832499;0.482799362844067;20.38;15.88;1
100629;21.4101837811505;10.8107198692825;38.2076240833508;0.426283256532147;4.62;-19.62;1
101098;30.4387493230365;1.75790615336717;6.25002794430523;17.3063635558833;-9.88;2.34;1
101111;27.2078102838133;15.9445506216265;5.74009637290255;14.9872872810124;5.52;7.17;1
101135;28.7672667276552;1.73409032376673;61.9266749698407;1.38693979853246;6.49;11.09;1
101594;254.549601990708;2.01716135485568;6.54790870147493;0.715378019735246;7.52;20.96;1
101615;2.13632316425509;764.686144862961;35.4194051955226;10.7985813711674;7.16;-6.31;1
101645;3.54228013236906;14.3266059668239;7.07214579315477;0.510416277361376;2.83;30.56;1
101649;32.0432001334322;1.25406011882849;613.197160152627;27.2210514714645;-28.6;4.19;1
102101;33.5517037023874;13.9279646464399;6.22645425198638;0.109149411849125;-15.97;-29.27;1
102133;3.55241375729599;17.4799120991802;6.9780473750179;0.175708932974833;-23.92;25.53;1
102155;2.06621367273008;9.06234140555992;3.54388456712162;0.634401996009749;15.62;8.06;1
102594;24.3920630674113;5.25263637838391;3.42927075554828;0.596373850236456;10.86;-17.14;1
102605;3.24128640260193;12.860936692496;5.90902440592411;21.3620726296529;-20.65;15.28;1
102635;3.59908132112807;13.7553721067159;6.74441780880756;24.9614898246456;-24.89;14.26;1
102642;3.54923872056995;13.9089969254491;6.57061993890552;0.609481758620827;-2.37;28.95;1
103087;30.0420824132484;17.730499812987;63.6776799374821;16.6609812018618;-26.13;-14.05;1
103106;27.972269395624;16.6188312738074;59.1500590586321;0.459105588393426;-14.43;22.77;1
103130;2.98424052700308;16.4898288303606;655.989031867315;0.508488344795896;-4.59;27.3;1
103133;3.00125996705375;15.7964533171054;6.45087231351419;0.507459922472873;27.02;5.1;1
103594;32.323530854949;10.6851257760936;50.8846029727982;1.79075328473661;-30.88;7.64;1
103612;3.20026122690747;12.1766913030659;5.65078923673415;0.266795499799444;30.49;-4.34;1
103660;30.2298188424402;10.8391681853803;4.90475244118121;0.918884280672385;-21.62;16.2;1
104101;3.17281460902765;15.956233242589;6.63549183217882;17.8175579449714;-10.1;14.87;1
104128;22.3675598828218;8.62507686721561;3.61156998057372;21.4300422122935;-5.59;7.46;1
104157;3.01388220776746;15.2327664141878;62.4750815334293;11.7063189984076;4.93;11.52;1
104596;3.38998131217772;14.6633069432821;60.2253140738971;0.919018433802269;-2.09;-20.04;1
104613;30.4199455491348;17.1659376492702;6.74271135354233;20.9006808077844;-13.99;-10.29;1
104639;19.7699020111505;10.9210677171311;3.55278186630141;2.09299565387472;-7.89;11.58;1
105092;2.07718992622424;8.72949138049839;34.0825140413687;1.7790095741711;-14.21;-8.96;1
105104;2.85111443068426;15.3196035754809;5.80646788548627;2.6106172644538;-21.97;-9.96;1
105127;35.0618267546935;16.0771113333141;6.16804328804509;19.9371431770747;-31;-11.54;1
105130;30.7925938008172;14.1411126043174;5.30328345304273;0.582960343722556;28.99;-2.33;1
105604;3.48929952260884;13.8009710771734;5.59104870650746;2.83887889089489;-33.05;3.09;1
105619;34.0527893279351;144.116530579134;5.82597392723377;0.57453682518307;32.98;-1.65;1
105641;30.363281489173;13.471434339771;5.24121456278311;0.402008355159469;17.9;-23.7;1
105645;31.0122755649771;12.8294539366855;528.906193186584;19.9845391485611;-28.42;9.89;1
106098;31.0916312318939;14.3218784464899;5.73416814292455;0.243389833317837;-6.1;-29.82;1
106113;30.9107455334848;15.0094514049929;5.67850781457521;1.05908748824229;-23.36;19.16;1
106141;29.6109928727597;14.0588672916947;5.43973813180347;0.412881327449462;26.1;-12.89;1
106587;3.38984035848816;1.53934145322616;6.44362373023001;0.874425814115567;-23.4;23.24;1
106606;34.8995413965355;18.4692835427432;7.02767474276875;0.224883115801764;-18.21;-28.93;1
106609;2.70807112727773;14.636882290511;5.62126126943684;0.539160924233837;25.85;-3.39;1
106635;21.0103447538051;1.03306198742467;39.5546823148538;0.569469228187486;-17.01;-11.88;1
106641;20.5202246558671;9.96883960650442;3.78261835750266;0.219059621151416;-7.79;-18.65;1
107113;30.4517619104201;15.3610171900904;5.64167828845787;0.134744995467216;-25.72;-15.82;1
107145;31.1105528381042;1.38035492931391;53.370545973578;0.907604378736237;2.39;30.7;1
107178;296.289072429967;11.6058302064532;4.65451330216472;0.111854058574103;-14.82;-25.51;1
107183;31.118395866749;13.2742700570183;5.13971009680639;11.0695611414488;-22.61;20.88;1
107589;29.7890478313771;14.3862235301042;54.2808340994458;0.14740966868842;-7.78;-28.52;1
107606;3.26694826183517;16.3138432340871;6.06718432743165;0.0805366227739237;-23.64;-22.33;1
107653;3.22180962533914;15.2805968230607;574.828662303342;0.316126566220055;19.73;-25.13;1
108100;2.05184011376209;9.22032904188062;34.4933167072696;0.600515413253671;19.62;4.35;1
108127;3.20258897261593;15.3703773609194;61.3545167028996;0.3909126422812;16.69;-26.16;1
108153;20.1141207282826;11.6855343961162;3.8581601068967;0.439606095873913;-6.61;-17.38;1
108594;2.00727700090776;9.08341631806759;3.32677535154022;0.830202018868873;-3.7;19.5;1
108609;19.4028921588208;12.7424713048357;4.41032226398678;0.431724465384922;18.34;-5.48;1
108633;27.4936891526046;16.531617940871;61.1852563180406;0.72653959287853;13.27;23.01;1
109091;2.86651633316719;12.7501981906775;50.6298786604733;0.794911283170811;14.23;24.46;1
109103;3.28648588373261;13.8491568982274;56.2906599410049;0.146937529308422;-30.67;-11.3;1
109107;3.29778329539928;13.4331450484457;55.0819457970057;0.150258290743528;-6.16;-32.25;1
109133;31.3757026004102;13.0874416991461;51.4742588315639;2.076649581491;-30.79;4.51;1
109600;3.20353421176066;13.0412700931006;5.15180225565889;0.605670487283771;23.59;20.89;1
109613;3.37934533043368;1.39160531488954;5.50743535336773;0.682734551362783;25.8;20.88;1
109635;3.33721656469473;13.6035904062065;5.50715829476812;0.193172615233787;-7.49;-32.12;1
109639;33.591325614297;21.1962665792101;648.562710560408;0.184445794498061;-5.18;-32.84;1
110110;30.0133771473046;11.5563118772219;47.8172911153113;0.625483352507164;19.76;21.43;1
110122;3.38005827531577;13.15680300793;5.25602360196495;2.76513524741346;-31.88;-6.64;1
110125;3.37915013097444;12.633090809764;5.22740207404298;28.6084081220176;-32.5;2.29;1
110147;3.30611009598801;12.5167041706552;5.02185674586086;0.30549673657109;-8.92;-30.27;1
110151;195.220498410859;7.95435089191011;3.1025366048783;0.862519472008641;7;17.15;1
110587;3.48336728260925;14.2044845357689;5.58988818830266;0.568526161755217;34.35;-0.74;1
110603;358.936517301008;13.8924524342023;5.87234708543756;0.523237371936789;34.13;9.13;1
110631;34.2934165778865;1.28968201457444;53.1282566731229;0.612057543514156;-32.66;-9.57;1
110636;3.3622235313997;13.2050472854061;5.17188343961404;0.352313956733038;18.5;-27.62;1
111099;31.4412123551766;13.6434934306895;5.45458773477583;0.518346204133593;20.94;-23.06;1
111115;3.31612057140852;14.2151815408734;54.6042180070855;0.430569241259229;28.32;-16.66;1
111138;32.5000581114536;13.0604374522644;5.10067087170948;10.035776990367;-20.98;24.45;1
111150;2.9943304583473;11.5071062802941;45.8055476618079;0.845339138315163;-10.5;27.75;1
111599;30.4025748895705;24.8178123439284;753.980677919736;0.387242119795971;21.3;-21.12;1
111621;26.4787568946622;17.1285895688384;5.86106259216569;0.486972312354754;23.27;-11.63;1
111654;18.740557631008;11.1335562485308;3.51890539139784;0.754250463620963;4.96;17.64;1
111658;1.76021332035438;12.6952581091513;4.41028523812026;0.761960809170699;4.02;16.74;1
112091;2.00618489258719;10.9535523150039;47.4644192882255;18.4667182479947;4.7;4.1;1
112147;20.7223054823152;880.692751829278;40.9807894825621;0.977308002604621;0.68;17.74;1
112179;2.7871864584502;1.83055833823963;818.958497017617;16.213097712286;-10.03;-11.83;1
112593;3.2570215340288;22.6377234500417;7.09033831636621;0.229995916958528;-11.23;-29.78;1
112606;28.9102153245756;13.6802030378384;52.4667294642349;0.439211142034645;23.22;-15.83;1
112626;29.2410939209748;1.38097121247519;5.34998828627226;106.671372359046;-14.33;24.88;1
112630;32.6028090109176;14.7353243337641;5.77186587163274;0.770102373668184;4.49;31.6;1
112634;3.26260059472201;14.9681354370193;57.974730272317;0.908679114651482;-4.9;31.58;1
113088;3.24771866578252;1.63502646222969;6.20781740034303;18.3249021299643;-30.67;-7.23;1
113102;19.6404303415764;8.07357282376172;3.22240821476816;0.537605758001696;18.79;-1.78;1
113124;31.2317894411853;1.76890626740189;651.990257462544;0.944054624853663;9.74;26.68;1
113127;29.249475580051;16.7599370198675;6.52222356397416;0.647963834576853;21.13;-15.69;1
113600;30.6871130188688;11.8256617477303;5.23795437531507;0.12663537724356;-17.07;-25.17;1
113616;3.25884579811528;12.2703529540548;5.21318603471829;0.871468929927299;-16.96;27.26;1
113646;3.32882114325943;12.8990855407189;5.16441316846645;12.1928584262154;-28.21;16.09;1
113655;3.23341885944817;12.4351267254272;4.99498736975179;0.370421072991426;17.61;-25.98;1
114093;3.56736925059032;14.9874247781273;5.98222669348437;0.602790286315289;31.95;14.59;1
114105;328.947075977217;1.29709562132456;5.36873482471301;0.169310403996731;-10.71;-30.73;1
114142;30.9145631630254;19.2174663956387;5.77670086723748;0.886251893823113;-19.8;22.85;1
114593;30.7437769617939;12.4678095043291;4.79044696949282;0.395315740286515;16.52;-24.68;1
114605;35.3257437031302;14.2197572035995;5.54045175426685;19.2163907997677;-33.01;9.7;1
114609;3.46937635103556;13.7500571164841;5.44293042157739;0.757120624715822;18.75;28.13;1
114630;3.37939966301914;13.2633216467386;5.42982208597964;27.2924277958377;-32.01;6.52;1
114635;3.22018848291376;13.7203244885024;5.70584224167326;0.821500024670537;13.2;28.18;1
115099;31.8830271473308;11.9707962529182;49.4275357512519;0.861140142567927;-14.32;27.77;1
115115;35.0613315448447;13.3315927988236;52.9413071653246;0.676982458357752;14.46;31.21;1
115143;345.816132881867;13.079197195647;5.13481842489645;0.591411284711985;27.63;19.55;1
115594;3.26427720184634;2.09091385989709;61.6332499345093;0.436225804323724;26.44;-18.07;1
115606;3.2682275854293;2.0618796414047;6.06793901898113;1.02468390752918;-22.24;23.36;1
115627;3.47626512664107;12.6700304649423;52.8030892369975;0.131918845328562;-24.44;-24.2;1
115641;31.2448120152064;11.5447865498719;4.99244308297026;0.168393968017943;-28.34;-12.45;1
116091;30.4734139565514;19.5958739472391;58.8214751079788;0.501426580082489;29.5;-4.44;1
116106;3.33644463352469;1.32393745495847;53.1538648259816;0.722211562472441;13.27;29.91;1
116131;3.68323129739316;15.0596014925217;6.09171188925615;2.61669917893143;-35.16;7.67;1
116589;23.3054414196198;6.74636376048035;3.32306791653477;0.51995103542085;2.43;-22.87;1
116604;3.27569385326107;2.1460963632134;6.57282038149999;0.331272550549281;26.36;-18.75;1
116625;35.4162201704262;15.2423707816101;602.878223110228;0.816416513285533;12.37;32.55;1
116630;21.6182721249381;881.371586925261;3.67390549182794;0.954327009453143;-10.88;18.19;1
117093;22.4993951821062;8.96722561483772;36.1520419566718;29.0290421756534;-21.99;1.68;1
117104;21.6778285109667;67.506445403025;3.5236604460957;2.90689717313901;-21.26;1.45;1
117131;3.05790016890612;1.52464380726662;6.64157348911343;0.598607007694984;27.43;11.93;1
117614;21.4994117837395;9.3489516394298;3.80151585225016;28.1737645726296;-20.44;-1.11;1
117686;27.600923167739;2.08354939226162;636.086446762208;0.679417427342498;26.25;7.57;1
117718;19.7391374965897;11.3113332969419;41.4418744838413;0.560163321592021;18.13;6.93;1
117723;20.2502594616666;1.10836386116937;3.71520070062234;0.189907911733984;-19.14;-5.88;1
118099;27.7990351238267;2.43059946358476;8.71365629355074;131.983901734832;-16.65;-13.86;1
118112;16.9899600938677;13.378694314684;399.596127750215;11.8751377735928;8.4;-11.38;1
118117;2.51177484653191;22.9269170800468;8.22603709111097;12.4242329747225;14.62;-15.05;1
118140;17.8984696901383;14.7640650788579;4.40667196623013;12.7084277189411;4.03;-14.71;1
118144;18.2695890089113;14.1563783213942;4.38101141256132;19.4207674588062;-2.91;14.81;1
118154;20.2932452405805;15.3486886441302;466.326421769981;0.963847990730414;-1.1;-17.25;1
118160;19.4312561083854;14.4827307185302;4.52052621668034;13.4524234338918;12.61;8.69;1
118590;22.8221354512496;8.72212759440998;4.11372297997633;0.458522493028599;-5.21;-19.91;1
118612;680.127548034824;28.7560326339773;12.8350380588743;29.3539452639496;-66.75;-1.83;1
118617;33.4573617954338;16.3645374328198;7.29504915944198;0.287546637179256;-20.02;-25.37;1
118639;3.07773204490037;12.1087071570991;5.50631044554385;0.1966713878634;-5.27;-29.89;1
118642;31.1580530598583;12.8224271476878;56.8543888716671;0.462883006648733;28.98;-9.88;1
118644;3.27582759291505;1.2698858902667;57.7428293367747;0.16202662516646;-13.75;-29.33;1
119102;3.22287036039571;1.68722293285129;5.94870344981963;10.196549006956;-27.67;14.57;1
119129;27.9797416041962;15.9059669524099;5.47114853937289;21.8505787819589;-26.45;-7.51;1
119134;2.78090830209151;15.6010360028137;532.604034976462;0.953724560485225;-23.58;13.76;1
119155;30.4293874742485;17.9064145923735;6.11181081303878;0.987357654371276;-16.63;24.83;1
119158;19.2872823315219;11.3227879580229;39.0530645928486;2.32354573157825;-18.91;1.28;1
119162;26.8802306158904;15.6475198666354;5.36612389375835;0.557601415939317;11.62;-23.5;1
119595;31.7297790578245;202.173046180203;63.5970831000531;0.119779406333816;-12.1;-29.17;1
119618;2.13592607459857;12.5337146342305;3.62432971841845;0.633789494830946;20.69;-2.46;1
119622;18.309964101165;10.9490925298729;32.8717509662216;0.769082092553033;17.04;4.61;1
119649;29.3606768104254;20.5560060503589;6.65100781635183;0.578997902761215;25.05;-13.37;1
119653;2.09601475169903;1.44107015532867;48.7049865225984;0.497753761291525;12.29;-16.17;1
119656;21.0901516123819;14.8447282084164;5.03281968534315;22.6137018450089;-19.89;-5.63;1
120099;2.9089832660536;14.6552336266022;5.19209302047375;0.865627511569162;6.49;28.1;1
120113;29.7413354440682;14.4953014274871;524.335629066104;10.4953487958086;-25.25;15.39;1
120117;3.23892757662068;15.7731367326386;5.67543161012063;0.599701762524126;24.22;21.18;1
120145;2.92223117521505;14.8258410004661;5.33863351829223;0.818909971274131;-8.67;27.64;1
120149;3.25916622953356;166.480036010547;5.94773515992039;0.801126903701953;-4.38;32.07;1
120153;32.5505930972452;17.1022625452522;5.9839561709984;10.9382311189306;-27.55;16.9;1
120610;3.28894682905775;14.8437888115775;5.64459365541662;10.5394602367618;-27.47;17.64;1
120638;3.08934075115524;13.7853648158981;5.28480317811301;0.557889431524381;27.66;13.16;1
120642;3.13746746710065;14.504712815662;5.33125132019587;0.809171184639518;-28.94;-11.43;1
120666;28.6252107139365;14.0283998375928;51.9330839402685;0.738961751336187;21.72;18;1
120670;3.38434852633095;14.9969476809095;593.877073187652;0.127808458361083;-10.02;-32.14;1
120674;2.9123965250806;1.32998692007123;52.4003546462093;0.329033527039479;20.58;-20.23;1
121086;30.4234345876806;11.7071510262022;484.125534959881;0.183551782344007;1.76;-30.05;1
121098;33.062203628663;1.31796822179001;54.0557479181479;0.520963602764655;23.62;-22.58;1
121102;32.4236386645121;13.2287295535213;5.24504524963644;0.288798383783586;9.38;-30.56;1
121126;3.23645529501622;13.4794875232585;54.1924717580248;11.1528376813508;-23.4;21.87;1
121128;3.31123592781601;12.7776910792447;5.3992169095244;29.9899128840264;-32.83;-0.47;1
121131;31.5239136904199;12.4072523768044;51.6521280013397;0.492606288009;31.02;-1.31;1
121135;33.1509938024212;13.0680456513931;5.39692068938275;0.167081802519226;-4.62;-32.61;1
121600;3.2310351554172;12.7847578806337;54.1593350140849;0.386992946537976;26.11;-18.5;1
121610;3.31992228653539;12.8113705328679;5.49603316560791;0.980997933367884;-30.36;12.87;1
121613;32.6603910636501;12.2130728258456;5.20768080349963;1.27274490423642;-31.24;7.55;1
121637;341.990790877438;13.1393003448811;55.8131045221764;0.212690769576232;9.2;-32.79;1
121641;29.7477876114351;11.5643131906286;4.83301571912137;0.680045784455074;-0.44;29.54;1
121645;30.356897109735;11.6993534617749;48.697388465332;0.297177739919073;19.91;-22.66;1
122101;3.63084501893067;178.189842409378;6.92235454978792;0.241525644308445;-25.03;-24.98;1
122114;3.13370796465629;15.0683656438204;58.3081949491991;0.729088855959005;12.06;27.93;1
122117;3.23064549550929;15.1532458637776;59.7867709031187;0.276872895460502;-6.76;-30.68;1
122145;29.2481929362368;13.1958499740676;52.3237441825792;0.238659175825665;3.1;-28.67;1
122147;3.13378290225917;14.6880520613282;6.05676971330676;0.465980561465601;30.66;3.6;1
122151;3.38590453055238;1.54677854467374;6.00181754957183;0.717302910635756;22.08;24.31;1
122155;31.0865532616407;1.44264887795219;55.9441253875005;0.897890842882706;-4.69;30.11;1
122159;3.12866186051657;14.7464538839104;5.70197078813037;0.633495442746207;19.1;-24.25;1
122601;31.0377217328969;16.9599769843653;61.7245226466236;0.303777434982239;9.81;-29.15;1
122617;29.8366047330799;18.9423602597423;62.9652556517212;10.4431426010865;-24.3;16.53;1
122620;1.92748834412323;11.705271337498;39.8345836429557;0.31304817702106;4.77;-18.34;1
122659;1.83658245850549;14.1836466518138;39.0015824375986;2.18706112705453;-16.5;1.1;1
122661;18.1253709715895;1.37731650574171;3.80688892910788;1.61342695088001;0.3;-16.12;1
122665;18.0957038341002;13.8228134600128;3.96074849746193;17.5737709446374;-15.65;3.5;1
123100;20.7649263581933;12.0736328577123;4.40376245739655;1.56224703235024;-2.78;8.43;1
123114;18.555032444095;10.388110074748;3.53927241245734;11.9424304577907;10.23;1.33;1
123119;18.8335624422378;1.12778082551377;36.1908077821086;2.08962630530712;-11.01;2.98;1
123138;19.1150019453206;9.62273123417024;3.40278831350946;2.37676509388421;-13.95;4.55;1
123141;19.1040517700764;980.440553273646;36.8990462056291;2.4026466746637;-14.38;-1.51;1
123148;4.09928071275862;18.5595787807671;7.18630564060241;1.1406164699834;-12.37;30.96;1
123592;3.29196907972202;13.8822974579699;5.72837443974051;0.631574749740958;7.9;-25.51;1
123611;30.8983638208646;14.5323906350574;6.26567307383811;24.0283385978049;-21.72;2.98;1
123661;31.3179956174671;16.9360591250891;6.23391872833402;18.5771444632754;-7;1.29;1
124087;3.36596851457708;12.5598277400921;5.34805994214633;0.381171289446015;17.71;-27.35;1
124097;3.48892900229743;13.9170115386779;5.54760527639626;0.231256669153188;-20.04;-27.44;1
124101;3.38190103592516;12.9655514877288;53.6874038875365;0.631389229003313;28.26;16.3;1
124125;3.17698962145842;1.25884331580895;52.962584709027;24.8830069222494;-26.65;-12.76;1
124605;26.3787977479705;16.8177786737198;60.1142491573245;0.838515774675594;21.18;-4.68;1
124619;274.493115956109;17.0002436624726;6.27278043600508;0.85047258485484;7.71;-21.79;1
124638;26.4998760494741;17.2680817015824;60.8926115063331;20.9522115838079;-12.95;-17.49;1
124641;26.5501116229979;1.76392000969008;6.15588043357025;1.19820353448989;-18.48;11;1
124657;1.97993323696746;1.05554213246617;3.55398184558298;10.4594098609323;7.57;12.52;1
125094;17.131903505484;11.5576075328372;3.71381670995738;16.9318087518114;5.12;-12.02;1
125116;27.1631031080008;19.4120659712861;6.89110809320595;14.1049895634421;-12.19;14.4;1
125149;19.8525658648698;954.189784745774;34.3972409701244;22.3938440414045;-7.65;-13.03;1
125153;19.7511814240739;9.51934261324976;3.48449639183784;22.6598233776623;-10.57;-11.46;1
125585;3.37010016912299;13.0894532607061;532.210932270057;0.251253750841758;-31.12;-10.6;1
125606;3.30741522731379;1.318870104887;5.38819040739734;0.214424190204507;-22.41;-23.07;1
125633;34.1934644424913;13.8264721390807;5.46608340793823;10.6122498411255;-26.99;19.17;1
125637;3.47728724155547;13.8542880907032;56.6496041982867;0.21697820091422;-24.54;-23.37;1
126100;3.22019503009233;1.80197328121739;6.88077309618611;11.2179400059446;3.59;22.62;1
126116;20.7020001596071;9.9643444260239;36.9626919007379;0.575091892155926;-13.28;-11.39;1
126145;2.82031464907764;1.83761461050181;63.9882203447727;2.38000550546329;-23.97;10.17;1
126596;30.4531257304971;119.971383416776;517.733106059902;0.836175587622216;-10.31;28.36;1
126609;3.5414001700989;13.2920194760521;52.4061949427094;0.223828239837025;9.29;-34.02;1
126613;3.40439638875788;13.1851508682033;50.5562552936466;0.360840315819318;25.91;-21.76;1
126635;3.38128040768181;12.9166616361935;51.6504953518188;0.441876412934361;33.17;-5.74;1
126638;30.0928644324363;11.2307018624941;4.59045369314517;30.2595407382817;-30;-0.02;1
127093;28.7631108988382;18.0507183560777;6.8018659082063;0.489948807742154;-13.91;-22.76;1
127109;19.3210456399507;8.80874202868544;3.44852404727146;0.397407516526798;-2.19;-18.32;1
127115;19.1735398198049;8.13382306697541;3.21605631749194;0.624180189873452;18.19;1.2;1
127138;2.99222947631275;14.6549319761631;6.50230687631582;0.382980301604432;19.62;-21.99;1
127588;29.5125943444702;19.477767130361;6.58338798554336;0.546165796325052;18.77;-20.62;1
127604;2.55202376256682;16.9208597061093;5.60827955626603;0.929885275559333;7.2;22.6;1
127634;2.77707932721786;1.99704748497996;6.44622185260366;1.14011773317725;6.73;22.04;1
128101;30.9110958668948;1.96218391650618;6.80353644267836;0.407376738127643;21.8;-21.32;1
128115;2.85807251439572;1.59802350985739;5.55346228014448;0.239055211133579;8.46;-27.12;1
128146;322.126778876029;15.7226828078723;58.4304780084904;0.538814250643131;31.14;6.87;1
128595;30.6833251659774;14.3581717210996;6.49666552317597;0.157702662044075;-26.65;-14.56;1
128607;3.22841071321129;15.7607295904712;6.46544243267549;0.678021376431528;14.99;28.11;1
128610;3.2745726481662;14.993164675325;6.12068950547823;14.053407706636;-30.93;8.93;1
128631;30.0136416751705;14.5752517665317;5.51951478304861;0.824259721080538;4.72;29.19;1
128640;20.2834541861805;9.39270471295226;3.81138194788007;0.655272702504578;11.02;16.6;1
129087;3.30412650233494;14.7083341602856;5.92616212500837;2.49493278883442;-32.31;4.94;1
129109;31.2799940490755;15.2742398665926;5.88476547835525;0.912301305683893;-21.5;21.88;1
129143;3.28494129755184;15.399235698615;5.62498838079325;0.274150117740771;10.93;-30.75;1
129587;3.22002911079233;15.3747655537906;61.6266927120168;0.610503975448775;25.58;18.69;1
129622;28.4217578606697;14.7669044972592;5.47502695839526;0.939473839413198;-21.05;18.33;1
129625;29.1418559668701;15.3406333873849;5.68179888596986;0.415799203528639;26.68;-10.68;1
129650;3.38835882667858;14.3781547973031;5.57525761110447;0.745943977707969;5.71;33.09;1
129654;3.71613721173519;24.0171867439626;7.24938823049547;0.151410648402092;-18.58;-31.8;1
130100;3.2022896407293;12.7971030145254;52.5603516597866;0.168507042550852;-23.37;-21.14;1
130151;3.26839022872342;15.861977485598;6.05209798934558;0.670464163080639;29.29;13;1
130271;33.5841979257804;12.7201814263527;5.03732092374322;0.940237390287351;-24.17;22.72;1
130274;33.8665383889116;13.3082871635474;5.65424865279742;23.1713951314543;-33.06;-5.08;1
130595;34.5031464375242;21.7290630461612;6.40030737213745;2.34487832049113;-32.62;8.21;1
130606;3.43632431801585;13.8517141155771;5.66591190952482;10.0804828473721;-21.42;25.11;1
130610;3.09633986881065;12.1127861811887;5.2476758908475;0.953467910579307;-17.64;23.68;1
130633;371.330776416808;15.7617273396777;6.29725526039282;2.79680032323321;-34.87;6.74;1
130636;21.6415954272924;8.53636045868246;3.78429041022325;20.9320370493029;-18.78;-8.09;1
131088;2.15012851415736;5.83038883495235;32.6109387762113;0.936508129570297;-3.54;18.37;1
131102;32.1516596557751;13.4593513112645;60.1953881208713;0.888435032599833;-5.16;29.03;1
131105;3.28410223739514;13.9570676676253;6.26174658169529;0.368350165034199;-8.15;-29.54;1
131129;31.7799704766921;12.7135608917852;59.4928349784648;0.366730432393655;7.9;-28.98;1
131132;3.16082466037799;128.340541576218;6.15371181744541;0.914521510154104;-24.64;16.44;1
131602;1.93377378216566;10.4922676552236;36.1511803289383;0.840845204960576;-5.75;18.17;1
131619;2.94287612623541;1.94162504822298;712.703600260639;0.340853434050347;20.96;-20.06;1
131640;1.85184226071245;12.3241321719001;3.87939993562173;0.640120247075839;16.49;6.17;1
131645;19.5770734787249;12.5325188954988;4.08904765756476;14.2020515923844;-14.88;-11.96;1
132093;17.8875777856352;11.8613172682378;45.332172826451;15.6921077611789;-10.95;5.23;1
132115;19.3075674520841;13.1692138217199;5.09550271039819;2.07698896662875;-1.88;-10.63;1
132140;18.0194018571872;13.3590484515262;4.60990352724666;19.2864823495024;-7.8;6.42;1
132590;29.2891086436576;1.36326493557394;61.4101234132674;0.424212182762212;22.81;-16.98;1
132601;2.15279094394141;6.10997089911132;33.2213987475893;0.552769022611868;20.33;4.7;1
132625;32.3676239426445;12.7463456243885;5.62553700315611;0.337209309380248;-4.25;-30.42;1
132629;3.62075051359851;14.3773185766124;618.899126386522;2.6960680560218;-33.56;7.76;1
133104;19.8288021084938;15.5472388573158;51.344784018842;22.1534666713705;-17.4;-3.6;1
133131;27.4695251781719;2.05944356833379;6.61342180483324;22.0456329154513;-20.22;14.72;1
133166;28.76847617609;17.4219730391339;6.30403708849666;0.34000314109582;-23.76;-13.99;1
133170;19.6786723362367;11.8629080309182;43.9316171614712;0.945595394768053;-6.83;17.4;1
133602;3.30010125854672;1.55932047154973;6.49494121893207;0.857987047376299;13.02;28.96;1
133632;31.1221984244003;13.5247385139555;5.8721363943088;0.943421971774395;-20.01;22.31;1
133635;2.37642187727526;7.37954058419513;352.696200741033;2.91603861126885;-23.07;-0.15;1
133662;3.1563763678497;14.0038195308185;5.73199618897737;0.392068906343391;25.63;-16.88;1
134092;22.5139874918777;7.29655266581133;3.51820413832025;0.873875351273975;-0.06;20.95;1
134103;21.582932271138;6.69194542964122;35.8601731665165;27.9890866372688;-20.37;-0.99;1
134133;2.94615159615509;13.199993085706;5.64674365250253;0.945532611387957;-10.9;25.77;1
134138;2.92712085722811;1.29718190799362;5.66333185068638;0.694253274261604;17.46;21.65;1
134602;18.9689768220285;9.27467890341494;3.62670916245258;0.7161427022668;5.82;17.7;1
134615;3.16766330020047;1.64381366009623;63.8396978883368;0.923765900502266;-21.02;23.11;1
134648;29.5551253772325;14.2619656081912;55.1015592729652;0.181122083222474;-23.33;-17.48;1
135097;33.8846793428857;1.43582557231932;56.3544230322615;0.281564565301581;18.14;-28.22;1
135110;3.29627349113631;1.45990094424851;5.59114512963202;0.593843524697244;31.06;9.83;1
135131;3.29737661109317;1.41271284043992;55.8490372571219;0.710380200871852;11.51;30.48;1
135135;30.3337014925066;12.7909364014654;50.6284477504353;0.183510840993479;-1.05;-30.1;1
135589;22.0047354427936;9.52669995261161;3.85038834562802;0.847576382982053;1.59;21.4;1
135607;31.3862546987856;12.7649238514863;52.4073642007654;0.16892993593538;-28.45;-12.3;1
135611;3.41765257228114;14.1567834070968;57.4143378330909;0.713451565924007;9.39;32.34;1
135637;2.27272404840067;60.8877263804523;3.87484850092242;0.666248071328002;13.42;17.55;1
136103;2.08161983212151;10.6849410819708;3.93636042294986;0.929585596612322;-9.5;17.82;1
136120;29.9756502818068;14.4089463951325;5.55222374290533;0.127535692753044;-24.98;-16.1;1
136142;31.8668050861244;14.1606721347903;5.89179917118534;2.67196842832379;-30.01;7.29;1
136146;3.11690274757055;1.40379461909643;585.421720166374;0.76247387178113;7.57;29.03;1
136592;32.2589701559219;12.4484934865583;4.91039566780693;0.666738320433571;23.48;20.71;1
136621;32.4796368844034;12.5836757888265;5.0255631076767;1.25604076321045;-31.09;8.01;1
136625;3.26592910787052;12.621452822327;5.00463360277109;0.168732031601919;-6.98;-31.59;1
136650;30.5285492841764;12.0414119206569;47.7210017218714;0.184820269477327;-22.17;-20.4;1
136655;3.42877195330154;13.2417736560212;5.51883159373961;0.138372186135554;-26.83;-20.8;1
137096;2.84374208369934;1.95837220326963;6.55148036349195;0.872355504155812;10.95;24.91;1
137108;3.0447779881761;18.8256223750723;6.67414104791976;0.73312343788611;15.83;24.9;1
137130;31.9283892943464;17.182225554591;6.29342863746605;0.616895545138441;-30.79;-7.31;1
137137;30.7480865343729;1.6342829805317;60.5625928830633;0.592037713571478;30.23;3.49;1
137596;3.12985659940594;17.528669281242;7.3634435203163;2.55053338870136;-25.67;1.47;1
137620;2.12974899379004;8.36990705846912;3.62123215073136;0.555598637072401;14.19;-14.48;1
137644;31.017291515139;12.7647692329622;5.14389457036859;0.117037098769566;-14.48;-27.21;1
138087;33.2962905734706;13.604495836244;5.38192992323062;0.366746454070053;28.98;-15.82;1
138100;2.94370085061757;11.829164791242;4.81449794084385;0.614271137432422;-27.8;-9.18;1
138124;3.01652790430585;1.36940675779476;58.9585670446982;0.443764870707395;26.72;-13.17;1
138599;2.12623290863022;7.92222454207882;3.38110183791368;0.750460862264058;16.67;-2.21;1
138611;28.9801639620111;18.7374678008929;6.68478047089018;11.4580755927743;15.52;10.1;1
138639;20.5887584917387;9.40870554683352;34.9804370029055;20.8539767766942;2.41;-2.7;1
138643;31.610676648886;17.2856517643175;6.41762620159655;2.13445590267856;-2.23;-9.27;1
139099;1.92093696104061;1.3405946231781;377.971843478672;0.920057942605141;-1.68;-16.14;1
139113;17.7689592819192;1.26284268616924;37.2019150030432;17.2615655611305;5.05;13.5;1
139152;291.593213033965;21.7743120815017;736.215385453321;0.368116039859057;-23.69;-15.37;1
139586;2.93796329761049;1.5904093178714;6.16661572060104;0.549805671295222;25.65;13.78;1
139601;28.9911393788391;15.1017244815413;6.12785628112538;0.454677529286066;23.9;-15.39;1
139605;33.4327232794267;16.6739304535852;6.79896121908646;0.181987021415211;-21.26;-25.22;1
139628;2.98838764077801;15.2546279502032;59.6697125117373;0.398864378853524;12.93;-25.76;1
139632;29.0742624703252;14.4314810634445;6.62658648498747;0.496965284655736;25.8;-10.43;1
140096;1.84121288482276;13.0957285053255;3.72900656589661;21.4294549551958;-17.44;1.86;1
140129;18.4123846321356;12.0517469656561;3.41468043248109;0.426513979498666;2.33;-18.09;1
140152;18.8598479484764;15.0272330145377;45.5729770762596;10.5087324349726;17.65;-3.78;1
140589;3.27516768028633;12.7697342898535;51.1147771624578;0.44905232138973;32.49;-1.28;1
140629;3.07022453328102;12.0605401382164;4.85742972705245;10.3202225653671;-25.23;17.06;1
140682;3.22029718222483;12.2162333918445;5.02806895715174;29.4728804755604;-31.55;-3.43;1
140687;27.8310993720441;11.5339860467921;4.65692954556831;0.621046323715304;24.35;12.95;1
140692;30.3301220932996;12.3569267435187;5.10089121949559;0.995811185798376;-19.28;23.08;1
141095;2.03016643658155;916.936757144009;36.3764236341012;0.7057101947223;15.73;-7.49;1
141137;30.0122849251156;15.7030995448818;62.2623023304997;0.894962178007293;8.5;-17.84;1
141167;3.03530042283579;1.92264254749058;6.80062765857147;1.71914690549138;10.3;-11.54;1
141602;3.16549894309188;12.9600109288108;55.3688722022643;0.419184527806186;15.99;-25.42;1
141630;30.0312974083808;12.927689535941;5.49387116787461;0.52593456673888;28.28;-6.21;1
141638;30.143191214393;12.7839501564595;5.52069582533085;0.807614770600547;8.67;27.81;1
141678;28.6353553590146;11.3066246660921;47.7844534042726;0.407745127530347;28.27;1.06;1
142094;32.6652273446105;12.1086099203421;53.8491304308088;0.171112142015394;30.64;9.78;1
142112;34.0853484224416;12.0892087956548;5.33740041823527;0.1323790356696;30.39;14.69;1
142116;3.54747413812575;1.20142122273819;5.50489069716862;0.17641609028973;-22.73;-26.54;1
142144;23.3825754190612;8.37996968152704;38.9347257163225;0.107179171532455;10.58;-20.72;1
142148;3.44123888609428;2.08852151115934;6.78926811872687;0.232988209345574;24.59;-23.12;1
142591;302.735142213825;12.455890261656;5.41552728677835;0.234359695349386;-21.27;20.34;1
142604;2.35835324038197;10.0172706400118;42.3885818956976;0.278454336289989;14.56;-17.45;1
142628;35.00344183459;12.8477587630587;5.89036961605575;0.162292268865867;-8.25;-33.47;1
142632;3.36511946514557;12.9556579502171;588.698898025987;0.226258428423773;25.49;20.7;1
143088;1.99997472555141;11.6881888917898;3.80560735361305;1.95447591105457;-10.57;12.76;1
143100;27.991252073269;20.6049094400352;7.11454139098958;0.917843707560136;-9.63;-22.53;1
143125;19.892119577856;12.300420548858;36.4149040404397;0.799254846474471;17.81;0.39;1
143139;194.370892625483;11.7038352683817;3.50443674760255;2.62697867812932;-17.68;-2.19;1
143595;20.1572204183086;8.95277589790695;38.0633116119203;0.726405750046257;5.85;-14.69;1
143606;212.149309311402;8.27077832412681;38.1409369527075;0.594959064917164;13.46;-11.92;1
143629;20.7357159510892;8.00942970175814;3.68192221750022;0.590157319588692;14.67;-9.84;1
143633;20.8069196842773;8.09331927739986;37.9493980394906;0.582851090609053;14.79;-9.67;1
144088;19.0465568181126;11.2925074794918;3.4790865853883;0.580491583386384;1.47;-17.57;1
144107;26.1555224353686;19.9051765398835;6.46720490795254;10.9001032219836;17.22;-12.41;1
144111;28.6047539393517;20.9237762957732;6.80778791180094;1.74933295598851;-21.19;3.18;1
144137;21.8923251925627;10.2435394582955;3.72965569730772;0.781465081298215;17.01;-0.59;1
144141;3.1021989832444;1.66308573957195;6.9981071229656;0.681328160069294;17.84;17.35;1
144599;19.1024800928423;10.2017978596037;3.53781839065712;18.8915841527496;7.82;4.15;1
144618;20.2925387549459;9.84127710516455;3.61533551602098;2.30358742030079;-13.1;1.53;1
144640;3.31926930127394;16.395840307855;6.71771101360141;21.3187824998231;-22.37;-20.2;1
145095;3.38347278074582;18.605283983172;7.04843760518911;0.243871110008214;-23.54;-23.58;1
145111;21.1741675670195;9.36777564678676;35.0272960208069;0.255019947424018;20.92;-0.55;1
145115;2.15524757811315;934.424457170066;3.38446117773057;13.1582367772907;-19.97;7.27;1
145143;3.42504996044493;1.67376498397998;6.62390932236297;0.155106974824069;-25.2;-22.7;1
145146;2.92018412546076;14.7371651027119;5.89958613228015;0.182889358618551;28.85;-2.05;1
145595;19.7353129508742;10.5007297592933;3.41783274324453;0.74410917364688;-0.76;18.02;1
145609;21.663393205149;11.5300953168074;37.1069986979909;26.7981253382226;-20.3;-3.68;1
145648;194.638643004339;12.3254050508839;36.499468661676;12.6417155305228;-5.15;-15.77;1
146087;19.9321126147505;9.16702779441847;38.545222725397;0.896758724972606;3.75;-13.18;1
146108;2.14513445580283;88.755374808171;39.1405949720858;1.70906763431613;-4.95;1.65;1
146149;23.0648883552934;8.91985460282272;367.775054888433;2.24162892505516;-13.42;0.32;1
146152;2.02527022009022;7.1492277437711;3.24910851067654;0.988096869123417;10.66;-4.63;1
146599;3.06698055760841;1.59798151854147;5.95298952417849;12.6897979257742;12.46;5.96;1
146624;21.2212598432433;9.3909123824526;35.1508610009481;1.86981729904639;-3.54;5.22;1
146627;2.86723824642124;16.3222321617719;6.63780501332799;14.9329676960642;6.43;7.32;1
146653;19.7540891607026;9.6871646210065;3.60184694554652;17.1536607668443;1.36;-6.03;1
146657;3.04053648128177;1.81923507212724;700.506363432996;16.3307496870198;-8.24;-5.82;1
147092;31.9059382762054;16.6280329728276;6.53859332200744;10.4999160966987;12.43;21.82;1
147113;3.23435762378017;16.4913517933199;658.700570980246;0.803501338735448;26.12;-3.84;1
147133;3.20625911338306;1.61250533646501;6.52333950129539;0.98636463084161;13.46;22.28;1
147137;33.543367761666;15.9212558863826;6.69758652127344;251.677749417426;-26.82;3.39;1
147146;21.3846032059807;7.9940892741562;34.5473595189782;0.740212950887523;7.88;-15.1;1
147593;17.1937827472207;12.9976993365205;39.4113949328094;11.1850675046767;-4.1;15.36;1
147607;167.230915196678;12.6384135618818;4.35754043706537;0.767944547408903;15.12;0.37;1
147629;25.7440024311241;18.5935615560067;6.57604736033727;0.832014893949284;21.05;7.3;1
147633;1.89015990275193;1.17137575412822;3.80529729043023;10.0523792267549;-3.79;16.3;1
147643;18.3500419307145;11.6735989741016;3.84309537965743;11.4461591881663;-6.87;13.5;1
148100;22.0508957430826;8.63449032294078;3.51322620273748;28.1229694824068;-20.86;-0.38;1
148113;2.91920866417788;14.3906116368721;5.63769642947727;10.7796060753258;-22.96;16.34;1
148117;30.8735613442684;1.44844021130605;5.7599766978116;0.27931404814148;-15.32;-25.6;1
148137;322.367847135525;1.4874593078504;6.08807900286943;0.952362974466493;-16.17;27.25;1
148146;30.3887515649703;13.6995145456487;551.293052417041;0.166788333393682;-24.2;-17.73;1
148598;28.8607843217499;17.0050860696844;6.73960342031208;0.653290625889116;13.15;-21.17;1
148612;1.90113965112853;9.99548343166808;33.7009855316917;10.8162880356523;-2.84;16.32;1
148635;31.3706753466914;17.5608812604693;6.72786073938276;2.20573127790758;-19.48;-19.61;1
148638;26.8200876078559;15.7308174574856;5.95919488760523;0.965094290360436;2.29;23.45;1
149091;34.532377569866;1.58576678556817;6.59414017860138;0.414384353373858;18.13;-27.47;1
149109;29.821931651675;13.0935846804825;57.9102641961305;0.597788859940401;-26.3;-13.1;1
149113;29.7419993747213;12.4273555423691;53.0748423244073;0.893206871868961;-4.23;28.87;1
149137;30.5196416267011;11.404383367308;49.7037913749065;0.201007810938946;-20.02;-22.08;1
149142;31.1107242979458;11.7108226852483;49.7252037976339;0.200400430470612;-20.81;-22.34;1
149589;3.20921529517893;14.1476132609624;5.76904164265266;2.57170754895107;-24.92;11.92;1
149603;32.0124620149396;13.7644818800361;5.4965925553743;0.613136393703468;28.13;-3.38;1
149622;3.0340559151642;13.8978344056297;5.51007354977061;0.767317174666141;26.08;2.99;1
149626;30.7012600321569;13.6045736864872;5.59013159443022;10.5905044949202;-14.87;22.81;1
150101;3.3399816665159;13.3654815128006;56.4373895810072;0.199985152463171;-20.19;-25.76;1
150116;30.8299419812926;12.0445426748055;50.3548433402927;0.672845410317898;13.79;27.15;1
150180;29.9985310836812;12.3730688011564;5.22630396338771;0.73294605778302;-5.42;29.21;1
150183;330.167428881221;13.7845459670916;5.72934374348757;0.495304956716397;32.58;4;1
150591;3.3049957084022;12.284242556853;4.96573048116076;0.283683225901942;15.56;-28.91;1
150606;3.10514086869948;11.7656611222909;5.12839188446948;0.123412441017577;-10.11;-29.23;1
150637;22.7101514647215;7.75732879567428;3.95966213421957;0.879150539028503;7.78;18.34;1
150641;2.20105813668688;868.327643433707;3.77703205722675;24.332782586974;-13.05;-10.57;1
151123;2.83092244866166;12.6457641765241;5.07183213436615;0.405296715832956;21.87;-17.49;1
151154;2.91780037157074;12.7483693155837;52.47940203064;0.459503913951974;28.84;-0.54;1
151181;20.1002496116809;9.05360419716596;3.61933694170389;0.946401099835671;-16.96;10.44;1
151186;2.85906770313211;12.7708778376134;5.25086996686794;0.670923378761558;11.99;25.6;1
151595;29.1810006350893;18.4623519440049;6.57734582087524;24.9839095960173;-26.16;5.44;1
151605;20.8803768158553;10.4923677670453;36.91153219462;10.5620628976916;-7.13;17.89;1
151636;3.27821823244681;15.9753713803222;62.8813096660752;0.687364424632123;21.71;22.8;1
151639;29.3358537452389;1.43053692426548;56.3708607695648;0.495509664271621;27.9;-5.28;1
152099;31.9965742293974;2.01114014389264;6.10188312747726;0.218770430755155;-14.44;-27.84;1
152117;3.53849810948594;13.4354498644026;56.0535585609791;0.435903570912981;33.23;-9.29;1
152121;32.4036285916054;12.0540040821716;52.3780647740966;0.232768725494066;-22.09;-22.58;1
152155;35.8250272643907;1.42891740593953;5.79816205970025;0.571886654524029;30.65;-11.31;1
152158;3.15033075535543;1.2462692813665;51.4009223923264;0.621122328855433;27.83;-4.87;1
152589;2.94327366560508;16.3458509211685;5.91484579741914;0.320302173665842;0.09;-28.68;1
152608;28.7995288662845;1.62764675840529;6.32516386838823;0.813373513706177;5.17;26.98;1
152613;2.89375296378945;163.054374446647;60.3385292479296;0.911210289470301;-11.16;25.17;1
152637;3.25464817576381;16.7164635589758;6.60864287050118;0.246414999280479;-16.65;-26.98;1
152642;20.7750764432424;10.5499776427418;40.3447657387279;0.263020413167357;-10.36;-17.32;1
153102;3.20770400636685;14.7623008193225;55.8679268393488;0.367294062480161;16.61;-26.73;1
153116;33.0991686891364;1.49011905057096;57.8904955727425;30.1196188124423;-32.83;-0.1;1
153138;2.85488559378866;13.0793716756583;50.2196832957388;0.749890423581132;3.37;28.11;1
153143;33.6388508139682;15.0319436148966;57.4278590462751;0.0936272675122034;-25.35;-21.85;1
153586;28.9176333153366;1.61106530716559;5.62689982479645;13.1881242257415;-28.45;-3.81;1
153596;2.89263349066576;16.6025206073956;5.8190290327649;0.18599811452382;-25.91;-12.26;1
153600;27.8192552731712;16.6245279809669;5.80179374073211;1.1695350464104;-24.11;13.35;1
153620;28.968740975579;16.3768929711763;5.71258771031231;0.133431374641648;-14.6;-24.82;1
153631;28.0297077656706;16.3202613970243;5.92885269803505;0.304174139301373;24.12;-13.97;1
154095;3.286839344525;15.4178068991826;5.86056817158735;0.726673727652847;23.44;22.36;1
154110;3.40193270024381;15.3503069664869;59.4329173492646;0.760913944871633;14.04;30.6;1
154132;34.296883668391;1.54479642713373;5.83842014591905;0.997114388847844;-9.13;32.75;1
154143;3.04369178188328;13.0816329909113;5.23079609253123;0.342365956359798;22.06;-20.57;1
154593;32.6964783469432;1.5753591496848;60.1036221846313;0.737731510826875;-0.89;32.28;1
154610;32.1867246937535;15.4207186534628;5.85119234570282;0.99622654593326;-20.62;24.18;1
154635;28.3466431640218;13.6501439907873;5.00738093159926;0.853266638804589;-27.89;-4.31;1
155101;27.5860775335764;16.2324838396569;5.66018114727942;0.162818381386648;-16.49;-21.83;1
155122;3.10574500326894;16.7454262629551;5.86770880993509;0.723610582677689;24.01;19.04;1
155147;35.1792735046077;15.4830659873406;59.2959797994052;0.155849186976164;-10.57;-33.37;1
155151;3.41476469733716;15.038674327813;5.84253676995477;0.316768104898841;19.52;-27.55;1
155596;1.95571301273191;10.9199349754909;3.48702099111778;0.362891794772126;-2.43;-18.81;1
155611;19.6283975368376;12.146065243776;3.82475071084821;2.85275168553839;-18.67;-1.34;1
155614;24.297411345942;1.65259539086546;562.832608397174;24.3251799475501;-21.09;8.86;1
155641;17.9805045489691;11.7709561977689;3.53766381291315;11.7688155312208;-1.35;17.01;1
156091;29.8618068935897;14.5115429155153;5.88743839638934;0.61558975065418;20.28;21.41;1
156104;30.5310753621661;14.9705808495221;60.2245505183376;0.163815373986449;-23.63;-18.76;1
156109;3.02204297611168;15.1149920331107;6.01857787106434;10.5715608721372;-19.78;22.62;1
156145;3.2458251620986;1.63640845983662;6.12114838462165;0.598404719046996;-32.08;-4.35;1
156609;3.409887387284;1.61690626141262;6.17817799626766;0.595023147002757;26.88;20.22;1
156621;28.9801940034987;14.2786392938748;5.36542103525244;0.421638207232765;26.68;-10.5;1
156646;30.6196310634051;15.3805141814683;5.70633165064908;0.656793391312722;15.28;26.14;1
156650;30.7181788438705;15.4443406656934;5.67430149555021;0.403655680948172;28.63;-10.48;1
157092;30.6707802118622;13.6111200605273;5.55699070823089;0.86352006026839;-9.73;27.99;1
157110;22.5288867210299;10.272593139326;4.11110645548607;0.488042051626838;21.76;-3.56;1
157133;31.0006894245023;13.1650715781592;5.3177390072678;0.858379666502236;-17.08;25.32;1
157137;3.35788797033105;14.5500269441747;5.80892559744926;0.912141263928193;-4.38;32.69;1
157586;22.3975749406659;684.228410657252;3.35677338958973;0.600711518925946;-20.38;-8.38;1
157604;3.4466675881187;1.54056928605088;6.07329706066415;0.197659303979459;-20.6;-27.07;1
157637;3.50881543627874;15.4855810853424;6.11759195537073;0.743239988793497;3.2;34.5;1
157641;24.1166992043253;697.535176576689;33.9949674133604;0.166973568525325;-3.01997574117551;-23.7099237870504;1
158100;3.36781003092621;21.0369349278594;6.5182889458719;0.260790556977901;15.2999650513585;-29.6699749081166;1
158111;35.5461333724252;13.8169174204676;53.2062869960855;0.507079653878602;3.42803696923964;7.52972228010612;1
158135;29.9783944586367;1.23296807420762;45.5011705859483;121.657231827732;-27.9495237901624;999.990568210476;1
158141;3.07608392754592;11.9492142952239;4.60650828000284;0.155046434886143;-23.280262447056;-195.601303070531;1
158596;2.93000138959181;12.0465444351496;4.80854105078973;0.874093348663028;-12.6697552961049;25.950899420534;1
158606;31.1621063429333;1.32583955851856;5.24241498470471;0.739776313645319;326.028677789936;30.5902216068649;1
158629;3.14716074496056;14.7299316136988;5.6304973731524;0.541420823781818;30.9896387363574;1.25972829447975;1
158632;318.735769937391;14.5816620193494;5.73329196924831;0.427860923396053;31.3176001994867;0.832816132898894;1
159092;3.28535837679552;14.1040117142644;62.5317399736561;0.324501418840645;-18.1344609316381;-25.2827543060061;1
159114;3.01754658135756;13.791240995748;6.35038948098755;20.2594157463005;-2.38281750160872;13.6798759885197;1
159118;3.29454583682476;15.9759229661927;7.1177014425461;0.935018875880458;8.86173845615698;28.0680099519563;1
159143;2.93242602141669;1.60464142057129;6.79131103654063;0.710707453206382;2.41924997504102;-7.9994678232922;1
159588;1.76964257502322;13.141546509766;4.30203625136153;11.2162224059696;-19.1890267372132;16.2149726465796;1
159602;18.3883304134771;14.877939923068;4.72356484358021;0.894934251801652;10.1218503359333;-12.4550080220374;1
159632;19.4777808248583;14.8127856174111;4.80182463124478;1.23977130868056;-14.9307829153597;-6.85798435365068;1
159657;16.0062637717908;12.9683325568252;41.0917870904843;16.7702661492854;3.30389471367824;1.22765801182727;1
159672;161.338357513214;13.8341736621315;420.847326858126;10.2511643913011;87.576095999538;-1.13862089820354;1
160099;18.6159800086298;7.05943474968825;34.6638725615233;0.463999462072526;16.5545690110935;-6.89782586126025;1
160114;208.770931731345;77.960663367516;349.996344239663;0.305917727104768;2.18600266276494;-20.1797024050967;1
160146;27.9672816072075;16.1691480841618;6.67862524403099;0.361313008381708;-16.2761891386839;-2.09696374177959;1
160149;28.816566253941;1.7157467230428;714.535413201378;0.74454388096593;240.952877709147;11.9048747812207;1
160598;1.90758573312579;9.51947871928864;4.1414312642011;104.552519497595;-6.99631846227468;15.4165222641219;1
160613;31.3372831582964;14.0287806323699;6.33087763004514;13.9772075123711;-2.66352434957832;-11.9875989165052;1
160647;30.6671189539287;13.9143891636189;6.17311465945357;23.9435492270637;-24.1287035260687;12.516539677096;1
160650;30.8385055378275;13.8860130767764;61.0004164222935;0.59073636117777;22.5578622544575;-15.7517813945312;1
161094;2.83197855284787;14.492057399437;58.3717964256721;0.3920405580763;-3.68518155897556;-2.65718829956825;1
161131;3.20592794343659;15.1868081464933;6.67032712557871;2.3337489772376;-21.6360499306164;-15.4322841237823;1
161207;27.9584968596602;19.1642384192032;62.9726621343014;11.9656693893214;-23.6731517319047;12.3302873292238;1
161615;3.20108683702925;15.0973212305994;5.95276561171271;0.958614477563729;-24.6209799877098;19.5291002153887;1
161655;2.07136518863746;999.144168051216;3.86433394154739;0.326005533400555;797.199267202376;-18.8273189375043;1
161658;18.0526416627801;8.72594867851163;3.38973367596526;0.54751780204165;1.7316935196715;-31.4824209675519;1
161683;28.1678067804411;13.3252394011603;5.19606431059979;0.417387745932768;23.0713376950991;-15.4989307148461;1
161687;3.09578523443639;14.7810040677203;5.68210328795237;0.789109560013973;-2.67957319037654;3.05337783845663;1
162089;29.1114438003609;12.6883358143784;5.22258990559287;0.856006763883451;11.3283509842754;2.36481447133873;1
162106;22.9426600186812;7.08554640272725;3.33075795850674;0.829700248444605;794.469001163027;20.2526144906091;1
162130;31.3667161134736;13.3608667154987;5.52724332859936;0.690199879840638;1.80643370222427;24.4354869416225;1
162142;28.8567065108999;11.8952211994424;5.06852718492323;0.872081865698304;-1.15221239388817;2.58072305891188;1
162586;29.0782188745776;11.3893121083586;4.58932139594586;0.764449374010664;16.5243007683931;2.28144489215;1
162597;30.510085675833;12.0995595749871;48.3842987088593;0.613466869683953;27.1064303494325;10.0168667939013;1
162622;29.7139689980216;15.0448242897302;54.1176652349006;1.25406362906191;11.3779240438751;8.83514031331276;1
162626;26.5050064172943;1.45231000090044;5.63285170418379;13.3188740655221;11.4909220072256;-0.656608836827893;1
163099;3.07461133031341;13.0128127993578;5.5156118005743;221.191433253055;-26.109132920974;-13.41493833699;1
163110;3.3317072303643;13.782394325764;585.002535540168;0.501288050986996;28.7935662999549;-1.33695239777816;1
163137;34.1142576534338;14.1318818631044;6.25953149316252;1.04323943805897;-20.7330544052922;25.1907166179028;1
163599;29.9379134762632;14.0545646018677;5.49790652024979;0.262646993193904;25.6550348363798;-2.93206149883756;1
163617;22.8594734223164;8.21617280808042;3.38357231569953;0.278096014367686;-2.7857896588256;-22.1495277937893;1
163651;3.17429504499517;16.4144624915064;62.3769267106217;0.491513491615556;27.1389605049552;-14.3118346549379;1
163654;2.21035415939393;8.3665630904808;3.44694045292019;2.88637426330391;-21.4924527508891;-14.1187658082659;1
164090;30.7160516892483;13.9038907204307;5.48312964337816;0.62240437187825;28.9865095150592;8.09531679509573;1
164105;3.28097330126439;13.8666747586872;5.82161115327925;0.19378670096669;-26.0728273793645;-19.0933377244655;1
164129;3.50307687228333;14.8424706896844;6.00921679368643;0.228170199449695;-6.88427319233763;-3.39160594535669;1
164133;3.43830284473435;14.9665250822328;59.1793869197032;0.190661912238277;-28.0809908060643;-19.391771700853;1
164591;19.9358201819697;9.01413754502283;3.61590071398015;29.7738626447915;-19.3667900735582;0.214887109147472;1
164600;3.45403248904111;15.7919893545979;617.916355932188;24.3960695397458;-3.26628250738458;8.38378818134954;1
164604;3.47640345631932;15.1540756130514;6.11754641383675;0.371651308960987;1.89586142512145;-28.2533628026972;1
164635;31.9245394966605;14.235737097275;6.02302761738319;0.295126381653619;-0.11276601699732;-3.11442898377707;1
165097;3.26968684861209;1.29294035620485;499.626801835135;0.539555190592113;32.0299426521782;-2.56733837810884;1
165112;29.0884466803029;1.1359522891669;4.47975820161229;10.8073089352564;-24.6805802038268;14.2855459431873;1
165116;3.55713993887559;1.31572520626364;5.41777157222041;0.198622604340966;-31.0924095569058;-1.6224349225824;1
165134;37.054666817586;13.8614557284963;55.1797338326284;0.297870461717165;6.61827268619617;-3.58765570077433;1
165139;30.5265286097275;11.5633054940112;4.48214177341384;0.475672394282377;29.8638662587967;-4.13378187078835;1
165594;33.5503879497769;12.7230546007154;523.793917056263;0.504927638476715;31.826498651275;-7.46362805666846;1
165605;31.9327049202735;12.6647381655819;4.72547917489525;0.3244002606694;4.34339088570099;-30.8510412692546;1
165647;31.7128883440806;12.5225803912648;49.6385769585045;0.73588522416096;13.8116371222701;27.9037255695225;1
166092;2.92059113123999;1.37748776014556;52.9585256276448;0.833845384185958;25.1062377030852;13.2663231402977;1
166118;23.47899837204;6.17679474611567;3.65935022171605;0.366610369452069;6.71546385027762;-2.16868177614334;1
166138;3.08102825282298;12.1733774468757;5.05910926975602;0.607454569459199;29.8611358068078;5.37242419851982;1
166143;30.8328031209806;11.9914806193152;51.458397985933;0.675446205006341;24.2124122407366;17.9645152765013;1
166587;2.80562428839103;14.8003627397116;5.34581152591434;0.559438933347778;2.68435410309171;6.82470728218688;1
166615;28.9239145274688;14.6498590658274;5.48422438922838;0.922497736173872;-6.86228917511359;27.6512871369933;1
166636;3.06083986972483;13.9234869669318;5.36760843379495;0.131579983624421;-2.02145791681182;-22.9223912248051;1
166743;1.87010949513198;9.19988975502651;41.3288772395237;18.9376652605851;-0.120185806110224;10.8819644175071;1
167098;31.1930201435087;15.4370177726743;6.23893043437422;2.81899631262322;-27.8356776040774;-3.76394521453507;1
167117;3.48448441048866;15.3135761331119;7.38874432460518;0.287880017106386;-27.9769754711243;-18.649723869438;1
167147;1.76450650321197;1.03414472475748;35.0724113640211;0.327139500122237;3.65274905303621;-16.8761888262419;1
167158;25.7557327432045;19.1572308337478;6.47172993575383;0.641378760133648;2.12247349595483;13.366478761839;1
167598;18.4367191914112;12.6418399464449;37.9155752258551;21.4784764676718;-14.5780513759342;-3.15652616421012;1
167617;17.9884394960406;12.7948454359362;3.73721327385246;15.0645614769177;-25.0126985192404;1.48097282502551;1
167621;1.77497022544959;12.9533761123479;3.73511842022817;17.1512233703814;-53.1725266638766;-14.6171485429066;1
167646;194.516899485866;14.6976968416907;4.08024372148793;10.4718957355576;18.3874271375706;36.2012594721706;1
168097;20.4443859784872;8.9208911054838;35.0783046833946;0.539474613437208;19.906102533966;-3.65343675012926;1
168110;20.8698410344117;8.27353099807047;3.3479922984997;12.942286471859;-20.3074421365271;37.1782905694388;1
168113;20.2974021869199;7.75726435737754;3.220145635047;0.561030853939675;19.266094883571;-392.582577051943;1
168136;3.36789952235533;15.0022525109651;6.04616471915931;11.9981263379872;-3.2463648454218;7.89968329045408;1
168140;28.5982501569061;1.29084867158065;51.7354696548559;0.789724020195231;1.490583219378;23.9192318943649;1
168143;3.31636634274376;150.163004969694;5.95060382678062;0.196706219468788;-3.11769541029768;-10.7923343656538;1
168587;3.36542708507499;13.7636985316973;55.646046082385;0.463075291361057;1.83304771173053;-26.9257628990495;1
168601;33.726067312511;13.7160424825041;5.67413022686525;30.2424473160185;-3.27098994814434;0.0149066353195237;1
168605;3.25883502748338;13.4207593240571;5.48415450173536;0.749907886417878;2.00533487662739;24.1105758841495;1
168634;30.2498011808426;14.269579158112;627.301027596253;0.968405417362912;55.803955249051;27.3287613823624;1
168638;32.4619217101576;14.5809418796238;6.75253938438977;0.918396722932579;-19.4977804092158;-22.9509092303367;1
168649;30.9715097669679;16.4540128564224;6.7246344126998;11.4448839228157;-2.11392885996435;17.2609763038527;1
169101;34.9343079011554;157.320508434753;6.13315298495307;0.212273540746009;-24.6173638702255;-24.4520653852213;1
169114;30.5076059794867;13.7059460839401;52.4155641442018;0.248506580584308;-23.9828396484723;-18.3567944649431;1
169118;328.385174590416;1.5161794637223;5.72965499836932;10.6927333434407;-1.72614565753979;27.2382085781586;1
169152;3.26916883939497;14.4503855454824;5.46880359599883;135.926547984611;-3.05179368948378;10.4339683138851;1
169155;3.21133053954607;14.826198267887;5.5455083514726;0.639055998877686;31.0589120135631;-58.4292535287098;1
169209;29.3125919339681;13.1271285309866;4.9511866617003;24.2786332971594;-2.91392814588374;-28.233559582355;1
169591;22.7922348372047;7.5903471561561;3.27471568328633;0.772134472758387;21.6820211739175;5.25756046469542;1
169604;280.731195115126;12.8452095255069;5.06889205059591;0.900410372070744;7.75049935206147;25.778139507554;1
169608;3.32342591061604;14.7866668247668;6.05541945476119;0.35498399829233;3.58493639717115;-3.24459389620624;1
169634;3.37780652084074;15.8232677379019;5.94653395537659;0.920153327511906;15.6946986286653;29.4151463602774;1
169637;31.1707502009016;1.44207287284663;5.45102318916004;13.0993605170151;-27.7607242276888;12.5246204466649;1
169640;3.19925511098281;14.2355636664145;5.88522332509608;2.15956765789679;-31.0147587620474;55.1451272750405;1
170090;22.7655046721316;8.85894597743372;35.3523063910351;27.1943783251893;-2.14116583982665;5.67166768750529;1
170102;20.5569468491969;880.017305771613;3.3459894376012;0.713781949957887;1.96481092787006;-14.6797439492901;1
170105;3.19805090852418;1.68227919367862;643.365296310997;21.598357664978;-28.2468979869273;12.4132832000508;1
170132;23.1639745554479;11.2459802571358;4.64477895700313;22.479236712665;-2.18223840745766;-4.86508134787692;1
170136;31.1232499079097;15.3986163548427;6.30566850196336;0.516881093991112;17.5033153255536;-24.1889540271206;1
170153;3.23127363106545;14.9686752152179;60.0389034248178;11.4150983866974;-2.31017776972102;2.11327026196714;1
170596;2.19044880679215;9.26947885164851;4.21305870279319;2.49598890124208;-14.157355978792;-39.7573888971212;1
170617;31.3334261587096;18.0567377774443;7.96818602073144;14.4385173293015;4.87063639384393;16.2547458553577;1
170621;21.0168891333446;930.321639428421;4.06695379820716;1.06826811328384;-4.70720887302476;-10.86404772561;1
170625;2.00300179607327;9.43224072267354;4.09675370418925;13.4568570057348;10.0619386841259;31.4265453317288;1
170629;1.99694711341811;9.36844939440823;40.4746171750946;13.2079025896371;9.45651507307274;0.419390436096537;1
170632;19.4396357998426;9.01813548172283;3.9564133087046;22.7717819257029;-9.69970888428421;-0.885441423106855;1
170665;27.8713663338133;21.0204138305528;7.90007194864232;13.9124542443118;12.3271015862838;-11.8851440233369;1
170668;18.3730314132213;11.4566204677887;40.2897174077629;18.2318882097998;859.094863070175;572.244819085572;1
170671;17.9923533333838;10.9764163538743;3.82629755843989;213.292491926696;20.4150681194695;1.07201662467341;1
171092;2.09839921376754;10.1570109775798;3.6411472245259;11.6096097249609;-10.7325137283151;16.8767502345465;1
171107;20.4899241746997;1.07849934492025;3.59079637869999;0.837122603688538;18.9802468094436;390.403258358584;1
171111;30.182849194252;2.46086047895646;801.627726010913;18.3944482639554;-1.95072358192102;20.6297031469703;1
171139;25.3840104918681;16.4542716918808;58.4206419271745;0.754790761773372;17.6597986425861;-15.3408613849986;1
171142;28.7137480650808;18.5343174595383;6.68176433354103;0.689767597920941;12.0680824575955;-24.0220296560769;1
171146;29.0681384177231;18.7506534267315;6.66647420780465;0.566103157617413;-223.103278590692;-1.62551443026707;1
171586;31.6823326574617;13.71076735506;59.1158672342816;0.550385807590916;1.35148113836437;-26.4770474475487;1
171607;30.9046707643609;14.6744322684026;6.21234697256325;0.844562980007317;2.20149261927647;1.77784223421057;1
171611;31.2068605666962;15.1183796290749;62.5945598846326;10.3909928707177;-7.32119861064042;26.5797189775244;1
171615;3.44563117170892;1.69756080499277;6.98489059439031;11.6828052228666;-16.4454517578549;2.59024234049306;1
171619;28.0788473250315;13.2764940815073;5.64820978789267;0.722790213516778;2.53062111209887;-39.0613825861591;1
171622;21.3291070858166;7.26389831976327;3.35653213371904;28.5168072806175;-19.056846794414;-0.297179659836664;1
171626;30.3296761225795;15.1135042209997;62.9244635542932;10.980842258879;-322.153981374669;27.3881908057006;1
171655;29.4500899868174;1.77500240633648;686.920924818668;11.8217398901849;-9.61867361524762;2.07028391398409;1
171658;1.95989601293172;9.2201531441427;35.5870516849917;0.889597790779214;13.8508639290582;-7.3851109650566;1
172113;30.9805250879267;137.409250583812;55.2937285502699;0.995166716288112;-9.7522461129643;28.7418926690625;1
172166;32.7623355180048;13.3032325683329;5.37528714736329;0.275493456232245;-2.98400612169472;-1.28234140715131;1
172172;3.22945516407218;12.4386975125005;5.19002592682834;0.25369525762558;-17.5444181992561;-2.64142312148569;1
172220;27.9671886297111;11.539778757509;4.80300750963193;28.3053081635532;-2.74882546932686;-21.6883830702506;1
172224;31.3080716531435;12.335028264364;543.496271754297;0.448981890366114;1.80975591098141;-24.9868759594373;1
172227;3.04270430555205;12.3327140521816;52.4144579125576;0.629537994666495;2.81555762740634;8.60713872723364;1
172592;2.10264274045487;7.61501175084495;4.07902698617086;0.636158897337012;1.97428886359343;-4.18094148261516;1
172616;22.7570895976248;729.020807338292;38.6076919730436;1.22830328553139;-1.95772798134522;9.9559395533645;1
172620;22.8187008494457;7.09497199909085;3.95451593782481;0.475118637471239;2.6010535490288;-215.686424605728;1
172629;31.419846213188;13.2674287114373;6.10836153379395;0.795437042536726;9.07319804874305;29.80089917675;1
172662;33.5087051375196;14.64469366855;6.00273483029041;0.497821000811826;27.1518300993117;-1.75602886281977;1
172666;34.278364386702;15.1248257332309;6.16738158554638;0.302312395224762;-310.436289646926;-13.2136109556346;1
172669;30.9004660479165;13.3852195243254;5.44743324008214;17.0672851116857;-28.6898750466715;8.96295932099144;1
173092;2.72821524820813;16.9663681783785;61.2686483999893;0.917807761934333;22.9932007016492;-8.81074244172934;1
173103;2.90941521633462;1.80389225957485;6.54392009442374;1.20017502423916;-8.98606212987805;2.48676036188856;1
173107;28.2364754433674;16.7237208377994;6.00579257336086;2.34865869757492;-22.9671021129345;-1.16711928332787;1
173142;3.03091669228266;1.93522573988922;6.79255801537062;15.9298797586384;5.60222429489399;-26.5565333754877;1
173146;29.2691991567585;1.91985504773451;6.67777575695037;1.10825431402457;1.78786986540421;1.88448926619491;1
173155;19.393717170784;11.6676834911185;3.57159671481132;15.7778199928157;-7.4328516473008;-15.803767199145;1
173598;32.7458864429297;14.7370052462637;6.2489673014708;11.0331252532411;-17.978990358389;2.3048759168905;1
173610;29.026844383259;12.7166619295771;5.28068619004501;0.871467708732633;19.0629644675471;19.0340877654146;1
173632;316.757725454468;12.2615455890594;5.26830771421599;0.838067533737586;13.0696693314065;26.7148431752095;1
174089;3.08488294198559;13.4771689710469;58.7129331566809;0.63838179385669;7.5088739025368;-26.8566477222472;1
174099;28.9183922963734;12.3977516492952;5.58929290266464;10.8339499338055;-3.56357737425991;24.4037348619333;1
174121;3.28667076587643;14.6172533985872;6.43085743831552;266.644449224582;-2.32491160258549;14.6127043639872;1
174586;33.0939238552842;1.86992714177575;7.57785540901277;0.681752149190852;25.6638382938642;-167.191989398304;1
174602;21.3959976669433;9.65662227476745;3.83424878767071;0.675994603253214;9.29658291895862;-16.9300408506444;1
174626;30.346835231152;16.9491399528066;7.2083771843691;0.669862003786224;-15.2520032492099;-21.5627087494166;1
174634;1.94249673372403;9.56473387738939;37.3875688941308;0.736865115261703;-19.749557116525;-16.5430322773571;1
175097;289.315821402589;14.8854307472314;5.85450289409567;10.7148327689762;12.1644715689629;19.25563079383;1
175121;29.5316592841996;1.51000717778886;6.02766432980387;0.707554344897122;4.46251853023124;-25.0313903242186;1
175145;2.99993662411742;15.7641142260834;62.402970507363;11.9175672485033;-52.0204781071653;2.65908022689855;1
175599;3.22786141735891;132.865150722374;54.3578974679353;10.7321681913927;-23.5214238744453;21.3665380085537;1
175610;30.2183550243208;12.2507562997093;49.5019717212513;0.758487790659621;23.1258165658397;1.92890293372307;1
175634;28.9379476747908;12.269695451874;5.10621945841139;0.367961033052372;10.4762200852003;-26.4289037096066;1
175638;27.4066260065339;12.2281296385029;50.9395897427333;0.95244027266494;447.430986992989;26.7656008681053;1
176105;3.28381817827635;1.44155717224992;6.04193610672284;0.588074410203231;-2.67052678808388;-30.0444725780544;1
176127;331.583062719621;13.7634515487051;59.2917967403338;0.845918385874173;20.0451021751099;23.4284300354937;1
176158;3.50766918493093;14.3065003596616;5.81858628249571;25.4224473989662;-3.2798245005757;809.499888235083;1
176448;20.2157694322226;8.1069461804564;40.1302138902673;10.6963429493591;10.0431373656565;12.8352553112105;1
176452;31.4255300442727;16.1167980356253;684.860477037449;2.6387387138898;-24.4076296534205;-54.7900547792922;1
176587;31.7231200006079;15.6352816638466;6.32972378728935;27.7788412867983;-27.6747506977539;22.1318921317714;1
176622;2.24523039752247;7.8662326574233;3.37121302185239;0.552826682443436;7.55534527669263;-1.9529893481432;1
176625;30.292811442034;14.2256084811824;56.5007557540846;28.8268479414169;-28.0173133003385;6.4092914489697;1
176651;322.238270341871;14.446336002295;57.1429341747371;0.405529850346944;27.4863899539277;-3.05119404963109;1
176656;29.7627051905812;14.4371727245832;54.6481456678637;0.92628554081607;20.5100788689601;19.8237879221514;1
176660;31.2105749304279;13.6295036971687;5.64030066121645;10.0734179030647;-1.19083673366481;27.8491978667954;1
177096;19.6189880004661;1.28394548487175;4.27214556585197;0.571337884490996;-15.5288544143123;-9.91184757371596;1
177110;2.00075476242309;1.09111796299805;3.50955071231383;13.338730787565;-7.38908731762143;1.65152556415715;1
177114;19.7178796583505;11.031928058099;35.3893737603335;10.2963898710605;51.8029966414378;17.5361027172684;1
177138;2.15177031420611;11.8136869021532;3.69533197373031;0.458485671767939;-8.81870270043249;-18.9056348954481;1
177142;2.77567021163857;18.6756307602781;62.675972027863;0.664934719151943;19.279603060863;-18.0450896401214;1
177145;21.3141963762555;1.1615877826645;36.5452229981527;2.73848596603328;-2.01828137231558;429.008922406295;1
177149;31.702906153955;20.8351520673284;6.84490679516781;0.48668703728053;-2.05379024357863;-22.1872969879961;1
177152;2.88488870144676;18.6805102268579;6.28065268822133;2.50620821498751;-2.42165270208153;12.4857916468258;1
177855;29.0879172498964;15.1161670706824;60.4987438154815;1.02189388846648;6.52539301288883;2.72434111431409;1
177859;323.467823211196;16.3454600536866;6.6355447348183;0.846763538296636;2.23058887428288;21.3517146127334;1
177863;2.96257512859804;14.7326121125041;6.03117928691099;0.934004372867977;-3.05028652971822;28.1679568936654;1
177867;29.3339057811662;15.0765015842115;6.15886654002341;1.23171779019704;-19.1394504912189;201.872856611291;1
177883;27.9741703635529;15.93463774414;6.26880597973603;0.837482775720787;17.4350218718076;18.5119365597692;1
177887;28.7428760621275;1.6332648136241;63.5338206461594;0.59297081837784;12.0021855803878;-23.4414435290637;1
177891;2.89718276539426;1.63090916770207;643.619010685337;0.593160523907242;14.0802550500621;-23.0582168414253;1
177894;19.4800621977214;8.85235694418866;3.35722859690792;2.90651969004453;-18.3358622735374;2.1024034777872;1
177929;17.871347061822;12.2296581767384;3.86647899302219;1.58501179934512;256.793488547699;11.2868003299104;1
177932;1.7997992884249;11.928879039144;3.89591473892073;15.1887529661249;4.89849798916152;10.0021228453156;1
177937;28.0548367564574;21.0230820208979;7.5805955008738;17.1929582897637;11.1503242223221;12.7425961868698;1
178088;21.2334636735311;9.6905595993435;3.68114892530178;242.878894302989;-9.03528227554362;13.340859510836;1
178102;21.692444281675;10.0162277273195;3.85772004331655;0.723537666251435;-26.4025820934413;-1.77971139148132;1
178105;2.20782917362252;9.54357009419313;3.76069923249632;27.0153203155395;-1.80612577898542;-3.97402926214471;1
178129;313.283614159813;15.6242878267032;6.43383737821631;25.9618119242197;-2.09972810467538;15.9656615615151;1
178133;3.17196991050852;16.1939387959749;6.86474525934466;2.71498238400115;-26.8283852557467;41.7207304215527;1
178138;22.856833991423;8.2702955228979;36.9848953004536;0.865637612686929;18.0377894619771;918.474146554966;1
178584;3.161472334701;12.8097341188657;54.6427725611239;0.977759372451332;-57.0209978976406;29.3414056207745;1
178597;3.22056454557471;13.016097652295;5.20206899640511;0.435123139561608;-12.3740859070243;-2.83495532149493;1
178601;3.18542432997628;13.0292579046768;5.35029308460321;0.506827040797359;4.92829696004899;-29.7495899934122;1
178605;31.933255408858;13.5172632663504;53.2029232854377;0.431453399045291;-11.1414631691387;-2.78420200672663;1
178621;3.35210952064013;13.5920845434687;5.47509973206031;10.5676175372999;-20.6255537340405;23.6831252762012;1
178640;3.1748720472157;12.6902161339779;4.94563247448891;0.423887342399909;11.5182432990264;-2.81179697594901;1
178644;31.5267822746482;12.6106294149161;4.93257150011989;0.523929922644616;19.8067358390036;-22.4979863531957;1
178648;3.22064520505476;12.7100494947238;50.6669963067827;0.459010355221029;-9.53726523312994;-28.8636274880754;1
179102;3.40062705316025;13.4059120862887;5.35532702728299;0.64866383777177;30.5915887297374;1.34862926986216;1
179129;30.7132687201784;12.5748398161759;4.91610828462082;0.860158243478755;1.13960145083901;27.9917998729541;1
179132;3.20608748060429;12.9409772887154;5.1123944440225;1.11171486583651;-30.1247694112005;-9.33984107905223;1
179590;2.93709632153989;15.766866112089;5.68896904172997;0.577890786536943;29.1047150878315;-0.455459653106708;1
179624;28.1195430109119;14.0548228980851;5.12497040692971;0.872609057902733;16.986969211578;21.8066365226466;1
179639;28.9269079442871;13.7215932995331;5.0855670007054;0.659948190593552;16.1949769989621;23.1951925014396;1
179668;32.9644574838178;13.731006131298;5.44565651087869;10.9796530169712;-2.9931512593973;12.938488773565;1
179672;3.27322093650989;21.255069184169;6.57758997586508;0.21232951164937;-27.609285161449;-16.9113386651124;1
179676;1.90802488937038;7.81955588863721;32.4866645316023;0.897339045700137;-5.12918336458894;1.83975898581853;1
180086;2.96778555771925;12.3372827923173;4.88225313426142;0.252931887020631;-8.9806475215144;-27.9259701351476;1
180107;3.28578139444411;13.5301986079461;60.5684886322869;0.779767662556871;25.6076886508434;17.7933543380881;1
180111;3.25451533002137;1.30313008737854;6.23133137364452;0.804755723570432;1.84842055404833;24.3697114422667;1
180115;3.19028911461941;12.7765048088147;6.07754325471846;0.952453356037956;-3.18702129076409;29.9507858564674;1
180119;3.23094869925358;13.1624256597916;57.5884489927009;0.395266556352603;-21.5431774299489;-22.3654841548063;1
180122;3.41372154131555;14.5468437714077;6.62346047956645;0.676364000631737;31.1028823474002;-0.0856906169846745;1
180151;30.0045941292991;19.8295792556863;7.05228156899661;0.777112382590765;1.34008948954789;-21.2300322350516;1
180155;30.8225508444128;20.279717174313;7.28035785564116;22.4858167938107;-177.634945435923;-20.0540783869542;1
180158;17.6216808090585;946.381329479521;3.25680892782755;0.895994437336629;1.42977192471717;-0.357355260652193;1
180623;28.887672383785;1.83634197675021;6.05222949786678;30.105420870876;-28.3475098581187;0.268279938578023;1
180644;2.94559337168829;17.1987357132319;57.4885459045549;10.194947660715;-23.1773863037001;17.9410971242891;1
180648;2.83836782535011;17.0471672466992;57.0869302325097;0.681354503760577;2.50850203885865;12.6405933139004;1
180675;2.99183163786269;14.4110280833889;5.33552597975941;11.4406421045844;-2.68610580291511;12.3425575125175;1
180679;30.1446452267567;14.2987243709822;53.838352322298;0.314426705723713;6.94277660706107;-2.93031740774145;1
180682;3.33337367524389;15.7381237977837;59.2402899517389;0.447960024302001;29.1617136679813;-15.1029783866719;1
181093;32.8213757772863;1.62277808859521;6.88857676415725;0.593190835348782;22.1005568916365;-20.9955946899301;1
181108;34.8706160110978;16.1929677412596;6.95135712906426;10.4441123915625;-23.1629005680314;23.2524221858845;1
181113;30.7790606670285;14.4208852374375;6.19648015236898;0.999625561524194;-14.5513188871204;24.9751789944411;1
181139;31.4054483350261;13.6910807686357;5.86693483266694;0.884946886024332;-17.1995613948264;30.1524427645182;1
181143;3.64820256247552;15.5241310230335;685.700760196749;0.294892087525075;-28.0531700747113;-21.8700321935777;1
181146;24.2301250328009;6.52938595380683;3.33706339664006;29.5929743139311;-23.360877592824;1.18809765550403;1
181597;28.787912382192;12.5266739855525;5.14970945154335;12.1701331437756;-26.292795252153;986.765366799149;1
181609;3.37957447156762;1.38406504025306;5.71758300948824;0.249239315073719;-29.2598885977414;-16.6219717415193;1
181612;3.32141088545078;13.824486248917;5.70388061776524;29.2275459318506;-3.25356008378586;33.4144053922585;1
181644;34.4188697254522;13.4913462106658;5.25546422558167;0.22859401286965;-16.6838312184968;-29.3763278039257;1
181648;29.858470249007;11.5536211118067;47.1799758992994;0.779931899172958;11.0959826895458;26.874457089043;1
181650;346.168529100293;1.323411911268;5.32002890040248;20.6950690877817;-33.476841747961;-6.42974401187418;1
182090;32.1044116031355;12.034370660379;4.85466751302537;0.524782900534384;31.296240884313;-37.9072632621965;1
182109;3.32808148334021;20.9153484720649;6.2645146220673;1.05150817161435;-1.90702606300329;26.3193765190677;1
182113;3.31772336028005;12.3546744089901;5.14390970290604;0.781773081961575;2.65815624621399;3.25490960570256;1
182137;3.43452152574348;13.1841024864071;5.2096927845591;226.073487487492;-3.3278071541902;-65.4158970883083;1
182141;34.8047632614111;12.8760580850499;5.13499705043938;0.207882626297683;-1.38301256989427;-31.4524063936383;1
182145;33.770574225184;12.4849900001117;5.03625581327397;0.46123501187302;31.212511296746;-10.826757371587;1
182598;3.33482524304719;12.7718417411358;52.1318703418756;0.683930289589826;23.9439469487301;21.2824199685059;1
182612;3.38954991797211;21.3855999126863;6.24430268285254;11.8149662855573;-30.2834501536752;12.4732572827895;1
182616;31.0141253353601;11.7846809414618;48.4196250942466;2.86802077672305;-29.2856630108396;-4.59053213916048;1
182674;3.28001980794492;20.8510275184174;6.43167371738488;0.460076412065255;2.39878207868626;-2.0489859591447;1
182690;3.10777742896409;11.9662878053427;52.6159543002791;0.789066267969313;12.7644864608517;26.0189398049433;1
182695;33.7067883915687;13.8623767984283;56.6086951918278;0.613175884541596;-2.5355508479;-20.5722023276984;1
182708;3.62641042937213;2.31321126936578;7.21538421469147;27.3165454766788;-3.37703205748202;72.9342129985057;1
182713;2.92544933797988;12.3212923358764;5.02664751305666;0.42511512998456;2.16386101763347;-1.87600807048064;1
182717;30.671403160588;13.9524648648518;53.9151674732223;0.307224142800995;-5.37420847635016;-2.95059502982859;1
183095;307.417278958443;14.2042997035779;54.7726258904303;0.452683140845469;28.6393485768483;-10.3678908507769;1
183108;3.38963647697328;16.0421515218303;6.0582671635828;0.544483484363191;30.8180430282531;1.3205918313587;1
183133;195.341489583619;8.69631322211731;3.46527299572221;0.345286995004626;8.88486264452961;-16.8294195048028;1
183137;3.03233313848284;13.5426593372491;52.9570047187624;12.0264076230599;-2.54024225730331;15.9707187763098;1
183588;3.24284930905194;12.2201104394168;518.694370295566;10.7519044860149;-2.94223028808706;11.4298487477844;1
183601;3.33680264258685;12.655505937967;51.2469608178091;0.24891681041734;-3.59391735940327;-3.25155977366176;1
183621;2.83941113585824;10.7556474258501;43.5526389966529;0.689649361337659;18.1001777278915;20.8294619845007;1
183624;3.6472088127114;14.4295558681432;54.4303724267546;23.3210582563833;-3.51360416493779;-7.51101754608162;1
184085;33.1510331488544;1.54722236003535;5.95331055963035;0.977487870709153;-24.6008072846573;2.14674675531207;1
184097;3.39233794897983;15.2380945562836;5.98643341893566;0.230090320900215;-9.89396910260751;-31.9109419734281;1
184100;31.9932592938744;15.5549209153784;61.1805771492664;0.617904210869667;3.14985881127009;0.496970665077082;1
184129;3.05914665437523;14.1671537069222;55.81573409001;0.918950814242724;-12.4729514697678;27.0872512203591;1
184133;30.6371407028542;14.4944544385546;5.53005521866851;11.6779078998923;-2.41389924250376;1.79670033416375;1
184596;18.4158748734999;8.75191750534257;3.51703386439778;0.601305694268723;17.5358603571286;12.5700617931237;1
184612;21.634430715388;8.80913766064584;38.7228009674705;0.623140182862389;-4.20273078022154;-20.0021607293085;1
184638;29.8341234816257;13.2200708631918;57.9685036994812;0.37958059884121;-619.308631538976;-2.75017903602269;1
185093;31.1332420317973;1.70616234957447;61.6336403972429;0.400892277621006;18.2454865038472;-24.4578971950029;1
185108;3.12717539107744;1.68730851463591;6.12460496845395;0.283624189273182;25.505816969336;-30.4368922433385;1
185132;3.22586318055116;149.580408812761;6.33943327283913;0.255891181090108;-25.2040672780267;-1.88281194592559;1
185135;22.9267948222117;7.88822010252524;339.480415724395;0.529282221244018;21.9621478915712;-4.10616394150829;1
185606;33.1679821708613;1.39221293369806;5.54992880289269;11.9093858388084;-27.2850591212471;17.9866804222597;1
185624;3.2086062849833;12.3221925212409;4.88249966778942;0.662755218517248;17.6857545493617;2.63380634468253;1
185662;20.9658294034807;7.88951002747944;3.19512068369352;0.467686673085323;2.0455646803519;-28.8007246734555;1
186099;3.20936278701544;12.3066727474507;4.96034453968907;0.949232607940258;-2.38092017619075;21.1912240029266;1
186113;30.5449447320541;11.6250991264444;4.65788375756951;0.860201844578971;-11.8306567016793;27.8726187306659;1
186136;30.2032255295287;11.9824091884634;46.9033708335172;0.934382815798503;-21.6461223328497;2.06592318478209;1
186592;21.1631806680574;8.07480292474994;3.55774339117016;0.879079396923249;-7.3760147816142;19.3001842337331;1
186610;2.18521766328783;7.60425772867942;39.058289539702;2.71529176273237;-1.95444154407049;39.3794763232449;1
186644;20.2819699596505;10.1133165067302;38.8338077996622;0.80781401493327;10.8902925847677;16.1334773423013;1
187088;3.27229996939637;13.5736398811899;6.22217546388369;29.4097940245574;-31.698256890624;2.29204204876485;1
187100;3.30538409940887;13.9039406285505;6.49124223320941;0.247680759902607;-25.6273700397887;-19.3106669015324;1
187128;31.3145905799894;1.70982101204411;7.11077233012822;0.345239803882069;-16.6083341496794;-2.45967049899111;1
187131;31.1622281927613;17.1635864916988;7.2276726958794;21.8317186152585;-23.4862354742314;17.2080662757508;1
187596;18.6718052749108;12.8951670951688;4.57446617314432;14.5353870156326;11.4371234067735;-0.139706243107862;1
187612;18.0891593390798;10.6414835446639;39.2682858755428;12.437117688296;-9.52726955607831;9.10038462414533;1
187616;19.1384720269985;10.1644210392233;4.00902736644792;1.88954948515357;-518.096758338435;-14.1632122147691;1
187639;2.87057564750725;16.6265522794182;6.50970179925276;0.960654161304567;-21.8995637668267;1.77243954052458;1
187643;20.2368979422043;9.94628198456276;3.74015085856651;17.1133424798855;-17.2195500254587;-9.81495972419369;1
188095;18.1245249999231;13.9422262425686;4.02047296889738;1.40031029171411;0.922072491454639;-15.6478351296744;1
188112;19.956007498569;14.9970700168651;4.29632427003112;15.7463801091841;0.561629606422839;-17.099897412246;1
188137;16.7558922556104;11.8949328205538;3.51952333675209;13.2633185591255;12.6323222302245;199.085383891122;1
188590;22.2741327381173;86.781484997885;393.139590985658;0.933948813002227;14.8195442116527;1.16876991923384;1
188609;21.644139789297;9.39011825287266;35.350243382818;13.2347025204346;60.6925850506943;-2.66681951853509;1
188636;20.6218057221599;12.3539318780133;40.0463341179973;17.4506086307221;9.23479505424173;4.75754155098523;1
188639;2.470145222729;17.9379916847482;61.290791628702;14.1232477412708;8.5215371288329;-11.1895397665507;1
189085;32.4113815392477;13.6118190274853;5.63601593375194;11.0537916398341;-27.8114719550638;-15.6713720116286;1
189099;31.2225482427057;1.3635857981602;5.46919919219947;0.417219346912325;25.4408719689761;-1.66873088797072;1
189120;3.32903233378548;150.114462499567;60.7156746620411;0.490882255733362;29.5592818854187;-13.8289257688275;1
189129;33.0298029152571;1.43956866472311;59.6300327027801;0.285137101505668;-70.5980458453714;-3.14210232801973;1
189597;2.86593419625076;17.6930866966329;6.00002397256147;0.755042755210009;23.57995265637;-11.1713968953186;1
189627;28.4219502440151;21.314463902634;6.93628531618097;0.654321972448012;-20.2007564403932;-1.82906146428106;1
189684;29.5709035814811;1.52856307384232;6.41819855365679;0.855949911465274;12.4997671068512;2.61002001431836;1
189688;31.9803293798779;14.8525036172645;6.45498186643868;0.990749503477164;-27.4998224156284;15.340013592275;1
190095;28.5196312587834;113.196899945071;43.9921032700217;0.560626671352833;26.9599061175877;7.48996237109101;1
190114;3.05613825208683;13.181535311875;55.9785982428608;0.759254718084359;21.4199920462217;20.4599797340359;1
190118;31.3940657283001;13.0787261534974;5.46973375696572;0.504970918538864;28.99;-9.46;1
190144;3.25227735367793;1.57744333134901;6.17242900706338;0.360331920486473;16.44;-26.95;1
190148;2.13132350711622;7.55372021643433;32.1174259353844;0.906673227947251;-1.12;20.56;1
190595;28.495004132332;13.8510814209261;54.998919237014;0.520467092491963;27.37;5.35;1
190608;28.8758509140906;1.41419692870917;5.68443399718496;0.825192351713745;9.41;26.45;1
190613;3.00254343417332;14.1347727711615;5.72846260330948;0.255889229681623;-2.31;-29.21;1
190634;2.04857619091931;100.150211604484;41.5673683162468;0.755774605955921;13.58;14.03;1
190639;29.4852665856177;14.2244139731391;5.73528772106804;0.41587154398961;20.32;-19.91;1
191091;1.93248064083024;998.131212082842;370.535688280502;10.4190389890404;2.58;-12.1;1
191103;19.4447726421899;9.77520794101442;364.730456855888;0.874467842989527;-9.76;-9.24;1
191106;2.03536770595593;10.7662510601006;39.2456951288708;11.8553115486224;12.8;3.39;1
191130;20.0652058397091;1.01176651350908;3.65627199142177;0.942173071015437;9.48;-11.81;1
191139;21.2036105742942;9.50489766317891;37.699976309156;0.806347354414017;8.65;-13.84;1
191587;20.9228743300014;8.41661317186656;3.43221575209556;1.00359819008255;-2.07;17.5;1
191620;21.6117807739115;9.25531859614329;3.60159798642125;0.651961106290669;2.31;-18.06;1
191623;18.3838839464179;8.43999105923739;32.4010299081604;0.93031932116757;14.47;1.72;1
191647;21.0530814599871;9.7567834339079;3.91701528508035;2.44820237531554;-15.35;-1.5;1
191651;20.2521865623874;939.153543498619;3.60863915774881;16.4094714871656;-3.76;15.12;1
192127;2.77899777877627;15.647029872795;6.04110876191742;10.2551660200977;14.68;16.36;1
192144;19.9910102774881;8.85201309546184;3.40986646707275;0.680958448211645;3.54;-16.27;1
192148;29.7420221406495;16.7549362469942;6.33304041431698;0.624259541873398;-1.77;-25.34;1
192169;30.644013038486;19.0364344795729;6.85623143474259;0.979537149876834;18.5;19.22;1
192173;19.0519006450644;1.16288004217007;43.0571492942093;0.944745873741755;7;14.31;1
192176;20.4616683247628;12.2421495010273;4.8064836218558;0.63960650310246;5.14;-17.03;1
192598;29.5137369557704;16.6261594864893;6.90551388840382;1.03258412726743;4.66;-14.64;1
192610;20.8116980780364;9.68056795498522;38.5452363884613;11.5813158317431;9.27;-3.1;1
192614;18.6424282301063;8.45527175212749;3.4861532740616;1.24618514255615;4.52;6.97;1
192645;19.5553543054473;899.475954520829;3.63663844750864;14.4370476599825;2.41;4.51;1
192649;30.7454067352473;1.78176868078835;694.412311136698;2.14552353621533;0.32;-10.49;1
193110;3.08365347599913;15.4158631302796;7.31557392182577;27.0132401002026;-27.37;-5.11;1
193146;20.2946044238269;7.98540818323287;3.65717280619895;0.583010454272163;18.92;3.31;1
193245;28.5539878903069;14.5740275614739;5.67580242725782;0.69014558703647;20.58;19.11;1
193258;20.4750009868223;9.80326616604639;35.0613344119819;0.30657151458567;4.72;-19.41;1
193588;32.424803654147;1.62750933488963;6.31804880858951;11.5531172718432;10.59;-7.28;1
193603;31.7177339222211;1.68643897692856;6.02165506911576;14.3455275157843;0.01;-3.28;1
193623;29.7992806764663;1.54991725881992;6.15126779004491;2.21642100782967;-4.9;-7.07;1
194087;28.1884846964652;20.360737456179;6.66322330612463;13.0723226009869;-22.05;14.53;1
194101;2.58379417098078;1.84177195284845;6.13291896164312;14.4387215540469;15.99;-15.39;1
194134;2.77560936209988;18.595522802374;6.35046860435783;10.5179666662593;19;-10.7;1
194142;28.6898806737606;18.3585591844026;643.781910038329;21.7391335230768;-22.12;-7.48;1
194595;29.7601743395171;13.5979447603486;5.18442160598931;10.6572900824149;2.91;20.3;1
194608;3.45169806326915;15.254044730337;60.5570184155907;2.32694916319155;-18.6;-18.83;1
194627;31.7444176694632;14.9421958591028;59.8512247185078;0.709063555860086;0.72;-24.39;1
194643;2.35532180925119;9.54640632114228;3.79910761790354;22.6398423272722;-9.37;-14.16;1
195087;34.4228755704817;13.6352748910536;5.84435588108879;0.971971930104182;-28.44;18.13;1
195111;3.6142270448439;14.2904463429402;60.1721898920501;0.891354456031711;-28.54;20.86;1
195132;3.02623596947492;11.6597427089091;48.8864813206846;0.164858634322838;-16.83;-24.62;1
195137;32.8818024557754;13.419058930876;57.2189906915942;0.838351892892946;-10.19;30.73;1
195600;3.26627281118925;15.2163159772836;59.1073510941855;2.41245999184623;-21.95;10.69;1
195614;31.3528901987717;13.4339806040237;5.42512719912509;2.64193983177284;-25.29;-9.67;1
195650;3.01906158691046;12.7999778592732;527.527801407248;0.644133480913482;26.3;-3.75;1
195653;3.38191333804518;14.5467598578955;6.07777382085745;2.63506384168618;-27.67;-11.93;1
196094;1.82880341052682;11.2131445658462;3.49353405505501;0.872400753399982;13.81;-6.74;1
196112;2.07868241736048;12.4034239756719;3.9596812768811;2.22326840380847;-15.44;-9.31;1
196140;2.31061362844178;11.4938402935663;4.05270893605221;13.738726352982;-5.42;-19.45;1
196143;19.9366408986026;10.2092571533416;3.55452604672429;0.974279740275868;-0.71;16.83;1
196589;20.1790708473188;7.75268937855462;3.39158133250373;10.3371212762063;11.92;8.14;1
196604;21.1081284130542;8.97868732096066;3.81959679233265;1.85784296495294;-13.33;-8.12;1
196607;20.4069303673519;8.88196456855069;3.70508598595335;10.3446779409956;12.45;6.56;1
196650;2.69244449710138;2.01104410851861;6.82194627580127;14.7040085738082;15.11;-8.59;1
197090;25.0966315549106;17.5781111169518;5.93231586443656;14.2751616238109;1.21;-13.94;1
197106;19.166281276412;11.3444051296344;36.3475877321999;13.5592306235732;-3.23;11.39;1
197110;247.644961773364;16.9721583684844;58.7108396386671;12.1956493052143;9.98;11.83;1
197135;20.4185723645064;9.00429938127836;33.689511560975;0.84701060925661;2.66;18.18;1
197138;27.9384667266756;15.2373113627749;57.6430519221874;0.834800505259403;3.83;25.12;1
197591;3.12345378652522;14.3316159900339;60.0135377428887;0.468558157779979;1.77;-28.38;1
197602;3.19939852222119;14.4081773315155;6.08482615175786;2.72759938066808;-29.57;4.63;1
197625;28.641569334922;12.3693607041456;5.15567388677243;0.737478618148838;16.59;22.29;1
197630;3.27423640495549;13.9993209957674;5.86033760341845;0.619489029261647;23.76;21.55;1
198096;3.15109169366301;1.29872347784834;7.00136824230738;0.864979961424384;-23.98;-16.44;1
198109;29.7505179919796;11.9152559291928;4.96327293079112;0.997102164195317;-11.79;24.99;1
198128;33.2308112448436;13.3573848505675;5.30628304039839;0.359742611866802;-4.33;-30.98;1
198606;20.7081836758739;11.8198272944096;38.5077990617496;20.7995190218552;-5.5;-12.19;1
198625;18.9381029881092;10.3065188575296;34.8932849518964;1.51119501338424;1.37;6.84;1
198650;30.3183102585545;17.1542845586827;59.7178140605672;1.79690742962468;1.01;5.06;1
199090;3.04968087044123;17.3785524844631;6.47661413969518;0.497369972008707;19.54;-21.47;1
199117;197.361396740245;11.7387604020291;3.61190136974717;2.30571811062365;-17.76;5.43;1
199155;1.57315527962498;12.9154621343729;40.8103617617523;10.4937329456402;5.86;13.53;1
199601;20.5299279429739;8.53207348168764;32.7879813255297;11.86573631587;2.69;-7.53;1
199619;31.9918413748648;18.3294724801192;7.17659218815424;1.48821403097496;2.53;8.22;1
199644;29.7149871288729;1.65014938142622;6.80768657289634;13.6133561078534;-0.65;12.17;1
200094;2.17756915658548;756.534455882966;3.34328699539042;0.587836891451436;20.41;3.61;1
200106;23.5564938112489;7.96955893616296;35.1311084787476;0.246307494137433;-21.19;-8.62;1
200130;3.18670824242437;14.4569395433659;5.80192819565997;0.713932784363157;11.86;28.59;1
200134;2.12177802974946;9.88613044233096;3.8826685472233;0.255521646938306;-2.34;-20.72;1
200138;20.3786109713255;940.525273887923;3.81181299349028;0.857950495575466;-0.21;19.92;1
200587;3.28168425056929;13.3676750785739;5.34947878386301;0.367169688921515;24.24;-21.57;1
200601;2.98149486992013;11.8209457961567;48.6543197937245;0.88152913112106;-15.7;24.83;1
200620;30.2573167964728;12.2682742622919;5.06432201948139;0.925803125933455;-21.21;21.02;1
200632;3.0318422529143;125.531540704534;5.02297335772267;0.271975858363596;13.6;-26.84;1
201087;3.14600544891176;12.2575389192297;49.7432663918266;0.25166606421554;15.19;-27.36;1
201096;3.67414805452809;14.597693819974;594.891998471945;1.19975400410756;-36.26;5;1
201130;33.6319501052794;1.60987296042597;59.7652439255669;0.598858375747422;26.06;20.64;1
201135;3.46533362305178;16.8622913575028;62.6066820198095;0.4849082083584;10.32;-32.86;1
201607;2.80031057780088;1.64080178291037;5.89827730074283;25.3763542889238;-25.87;8.71;1
201629;20.5648291394411;9.34430613843767;3.29978776750156;2.84093067139028;-20.16;-1.25;1
201654;30.0247628315541;15.6672020903225;5.58725911492195;0.16596487845508;-29.02;-6.94;1
202095;29.1655456803203;12.316452882984;4.84832660658388;0.758091797950346;4.32;28.42;1
202117;28.3946411927813;13.0198112757428;5.13407351046807;0.5906067054554;25.86;11.01;1
202120;31.8941255716371;14.4427951229572;5.59739491606181;0.453372333105796;31.5;3.52;1
202153;22.7654542033174;7.33986966057065;33.3050879980084;0.233885469885964;0.52;-22.5;1
202586;3.05432454885418;12.8944050705534;5.43527614267435;11.4954356633573;-28.8;-8.81;1
202596;28.754385480892;1.24309294301239;5.0751584933843;0.534763656399385;27.86;3.96;1
202600;29.615198441763;12.6316235925595;521.589972527331;0.245211971753676;-1.53;-29.1;1
202631;26.9555838799606;10.8382834163141;45.2412679571456;0.411909315729921;24.99;-9.27;1
202634;27.4279747563718;1.12294603530591;45.2483003999517;1.68149290115519;-26.95;-4.15;1
203110;32.5396718786367;13.2268190546743;5.30002093820083;28.2447000171521;-31.89;2.88;1
203121;3.32005453134193;12.8566505330098;53.5114892269588;2.95571079480795;-32.83;-0.42;1
203126;3.38301785209745;13.2792530093008;54.1011075662461;0.267243336437645;11.72;-31.23;1
203147;3.24582854468163;1.37054824099964;547.285036425889;0.852184653030011;-13.63;29.05;1
203618;3.42599107586273;21.5884261082425;63.9208708227241;0.245049302611948;1.47;-33.77;1
203665;31.2187482084199;19.7479220685439;5.6207074201949;23.7492633857091;-30.24;5.6;1
203683;30.3486526957594;11.1619250065654;45.2303274762025;0.403735583850802;27.8;-10.72;1
203758;3.36092557134633;12.9666155807838;4.99716523339261;0.942203516806282;-10.57;30.82;1
203762;3.41184754764057;1.32291570558159;52.2926822090511;10.5015788845503;-26;20.79;1
204088;3.42199073244983;13.327008215505;5.52943799936679;0.246526284881856;1.6;-33.69;1
204100;324.401793067338;13.4028629860683;5.2830804696032;10.7531308711597;-17.91;26.53;1
204124;31.789094364185;12.8502353280328;5.07472956411405;0.643257086727685;25.91;17.21;1
204128;3.64573369618779;14.0914863920617;57.4794398628453;0.903129046100964;-24.18;26.71;1
204599;30.2397204982883;11.4728074069912;48.4437005005535;0.264026218094931;1.77;-29.3;1
204614;3.25686934422528;12.7605518077377;5.29769086432599;0.670635869099431;22.36;22.02;1
204637;3.21280227735398;13.5776357446612;55.0430145485475;0.265094789818169;-10.89;-29.18;1
204641;20.9183061582785;598.129978419395;3.40452168723618;2.80813793492638;-19.72;-2.05;1
205090;348.271750239914;15.5564245646424;6.01729018768115;0.205824163532104;4.93;-34.23;1
205103;33.9390857907235;15.616482059017;5.94577345104829;0.124434099501603;-29.38;-16.52;1
205126;32.1195550312574;15.1670107354453;5.72748539423982;11.3493739659935;-25.01;19.63;1
205131;187.706013967408;8.45435382208165;3.37446194684908;0.524386061161153;17.94;4.49;1
205588;3.2430560815507;1.43497194579975;5.69962722466795;0.360746792512264;22.47;-22.83;1
205600;31.3679988886653;14.3712723780108;55.8905073491311;1.36608704360332;-30.08;7.76;1
205630;28.7187088467856;13.2687024778943;5.06356210193497;0.809280749108133;3.11;28.13;1
205634;31.6479462432642;14.2751442805124;56.0579346304262;0.600327467542879;25.97;17.1;1
206097;31.4479220439486;14.3875020637122;56.3756223750484;0.741279638648899;24.07;19.02;1
206114;3.52370296327004;15.0173617496119;5.97823486190264;0.283239170490331;11.12;-32.7;1
206146;31.8467679539913;1.30449795371615;52.2204082064164;0.350419350524537;19.83;-23.9;1
206585;3.3237189880327;20.4416966530915;608.620019698139;0.185210318690374;-7.22;-32.1;1
206599;30.0674094942505;11.7465493330165;4.62679019797283;0.513604413356325;-2.89;-29.71;1
206626;3.30580380126959;212.349191199279;625.221464158652;0.425978766091145;28.37;-16.37;1
207095;20.8375819308339;7.7007960210495;3.04044515996826;0.421674581906185;18.93;-7.53;1
207112;3.30862131155445;2.05138292456556;59.5822004452675;0.63074919678006;24.15;21.47;1
207117;27.2062301313478;10.8594126504963;40.7365576787519;0.798371288611364;13.18;23.22;1
207142;32.3174785588993;12.1501894566622;48.3677687362836;0.716509308391765;11.48;29.64;1
207597;30.2696764318504;1.18274025130442;5.03104288511384;0.776085456440357;9.86;28.13;1
207635;3.38802892005247;13.0664997085702;5.55842363612718;289.617298102666;-32.85;-0.23;1
207639;31.2582844501758;11.9490919805346;5.02866821312475;0.247191141291405;6.18;-29.88;1
207666;313.061275677763;14.5897457626416;6.30456888190723;0.575948649115435;18.88;-20.07;1
207670;3.1423897516493;1.48033164779663;6.63351234969711;26.0779204467374;-24.75;12.29;1
208095;3.29350239016934;16.2587135295484;6.23890352824556;0.914471276631384;-9.12;31.32;1
208105;29.8063168608347;14.0140396444096;5.59791064364959;2.05373423177037;-29.49;3.04;1
208135;27.2530645167298;13.6233383316009;55.3668875636211;0.386782736926029;23.23;-13.34;1
208601;28.8532113253027;18.7552304233364;6.71208998574457;0.416274418491203;-22.66;-15.16;1
208643;18.7741097242121;12.2966990391159;39.740036616034;15.3727107228354;2.67;11.75;1
208680;17.8033196547771;12.7188386599589;37.373625614603;10.6072230424417;14.16;4.32;1
209094;3.03556293253964;13.9145497833251;60.8011608375127;0.265337350413372;-7.07;-28.68;1
209116;32.9263959422842;12.8442806770474;5.42109458882345;0.234268149239286;-13.5;-28.93;1
209121;3.31451585797166;12.4712961195435;569.583714671724;0.565020864939781;-14.36;-28.71;1
209144;3.34374406943769;14.8503484161482;6.06320257249147;17.7319513335483;-29.98;-12.96;1
209148;29.60817685676;12.8965248363215;54.362376140526;0.397097906320505;25.12;-14.38;1
209152;3.11658987806933;13.2653775346459;5.41408447075995;0.175234804206867;-20.25;-22.94;1
209595;31.5800273253584;16.7166822595319;5.83883293408241;0.744609193298992;10.17;28.95;1
209609;3.13792823576356;15.7551318284521;5.92411636802179;1.50267790186628;-23.18;-19.97;1
209630;3.27211027066954;14.3919605872525;5.75957330019702;0.192679130952416;-18.26;-26.49;1
209634;3.23914257054461;14.3994256327385;5.72552212977053;1.27073206647838;-29.17;-12.83;1
210095;349.791672832125;23.4262653939176;7.3054455672593;10.0718454512422;-26.2;22.38;1
210110;3.31909118912178;14.9699869547583;5.81475714552505;0.775148010891899;19.24;26.38;1
210143;33.1601299132361;13.9472733439733;53.9133702204491;10.1296104110122;-22.14;24.36;1
210147;3.34104672890354;13.8705076265389;536.906021428318;0.25315922282778;8.51;-32.05;1
210587;3.25634697903801;17.0299634140393;6.63754911086509;0.4054140883809;-14.67;-26.64;1
210601;171.244099558869;9.54307541962659;3.66758354156414;0.985311341125412;5;14.52;1
210619;30.7744558674603;17.2419616246742;652.592827593573;25.7996603285439;-25.64;9.45;1
210623;2.17855639419688;10.1970343497452;37.3583276888004;0.708615397662137;19.55;0.38;1
211098;1.87747698473765;10.3185160934954;3.45579286042079;0.892955356070953;4.31;16.61;1
211117;19.7355604506592;110.747712461443;3.6324123346292;0.975046799680495;-4.68;17.54;1
211142;2.93046434488168;20.660945146733;7.02709502926642;0.557204551261135;19.87;-19.27;1
211146;19.1565846761662;11.1373819978028;36.0023018432334;0.930445244925445;0.07;17.71;1
211593;2.06679557460481;9.7242936034749;3.70816417919014;0.50179609372005;0.61;-18.86;1
211608;3.01301783960681;17.8725919114425;6.95276512967736;22.1477098632825;-19.01;18.96;1
211612;20.5807157610821;982.290444316879;37.70101285111;0.492533557319089;-6.5;-17.51;1
211647;1.85331370019475;1.46312316170182;4.26635831251342;17.9160618121269;-11.56;11.74;1
212099;2.84999838248115;1.79249701444303;5.82741705163344;0.720105197724315;9.28;26.79;1
212114;20.200206646318;11.5582313502362;3.91928579326015;2.3492665505722;-19.97;-2.31;1
212118;1.94100438920351;1.09480967121936;38.1868587510076;0.826335937931013;-5.47;18.4;1
212154;27.6518556188373;1.66233432503397;5.8124018856099;10.8626185914617;-25.52;10.13;1
212164;19.0738446438685;10.5831797316992;357.617351935479;0.47432710682788;18.27;-3.93;1
212190;27.8059876472442;19.7792242398157;6.60539971231386;0.187899184179892;-8.14;-26.33;1
212597;27.407214610338;14.4391333902608;5.55518865567589;10.3035271567769;-21.15;13.49;1
212625;27.4861182034099;13.165853029129;5.30403240223137;0.558616967491095;25.69;-5.81;1
212647;2.93702464542743;1.35099735754214;54.4821210337328;0.35833859609101;3.82;-27.84;1
213083;2.27903462954568;9.67774206964614;3.76264408088058;15.7172797576533;1.89;2.11;1
213108;21.3008615317424;9.21624989765124;3.4159108119466;1.71950091759775;-2.48;1.07;1
213111;20.9804443896335;9.19445050085826;32.0456947520252;1.62875246635006;1.58;-2.16;1
213139;23.8596548408402;102.667509120955;4.18162336026364;10.7552776702959;7.74;-8.98;1
213589;33.0503554340913;15.6984237359171;5.87103691012714;0.257427988524568;15.37;-28.95;1
213603;2.80692989809646;14.0076370347714;5.04119304004342;0.748196292297358;12.31;24.93;1
213629;3.25386696414424;14.6775670984304;5.99572353430968;0.281347588735391;18.03;-26.68;1
213635;32.1371557434699;15.016656271615;6.08126172155928;10.7952874046381;-20.94;23.72;1
214106;31.5775535978121;1.59008907197015;7.10401510673435;0.685968872088719;22.17;19.51;1
214150;22.0033982198203;8.93274711110066;4.2419682620795;2.34414680439682;-15.11;-1.95;1
214155;20.8030119779857;8.73713840101664;4.01713291430518;10.9150417843121;8.39;9.78;1
214203;3.03800785988474;16.5792430340613;5.93731329372682;0.8168677184096;22.14;12.6;1
214210;218.403943521535;8.36224106994308;33.1260540511457;17.3177823113992;-16.98;-8.74;1
214593;3.17008487737471;12.531263813824;5.09511780912732;0.538699717840169;28.77;12.52;1
214612;2.01501683475463;826.165159552384;3.29884091100009;0.253398709712768;2.34;-19.81;1
214616;27.9980863780836;1.16048691977322;4.5857978383704;10.7746395735924;-24.71;12.67;1
214646;3.52201268954176;13.6132998412069;5.51743422440291;0.186524697408687;-0.92;-34.95;1
215086;3.33800450756448;13.1021137775114;5.23646064002945;0.0730278270360585;-23.18;-23.78;1
215100;30.7901260208337;12.3563057525567;496.734191470958;0.609370119385144;27.39;13.31;1
215136;29.8304760200945;11.7134171749982;4.8151090013615;0.435020073704451;29.08;-5.81;1
215590;22.1391213109092;8.63070018932715;4.13298663858523;0.663219369732162;20.06;-0.19;1
215611;23.1499815767959;8.77845454519359;3.91541977519601;0.424284553336749;-5.02;-20.86;1
215615;20.6979086517986;8.26381231410467;361.888519539944;0.460258014823268;-4.24;-18.5;1
215644;20.0082102167716;6.61224175316151;3.38525507988331;0.615425099216839;18.11;-2.43;1
215648;23.047896864428;7.89735494875806;41.5107057383396;0.480029409599577;0.12;-20.81;1
216083;3.28868604472166;15.564970194139;5.98064821053078;0.840905430391224;-6.47;31.51;1
216096;29.4756984922197;14.6889632676579;58.4628591140422;0.622476924956213;21.26;19.31;1
216101;30.4752103976661;14.6136194039797;5.84070441460735;0.232573260230538;-24.48;-16.87;1
216128;20.6849592609603;10.9601165948932;3.89384090248822;2.71571297737271;-19.54;2.92;1
216594;20.9356228447369;9.82096713303607;3.32899293481031;27.7356227742091;-20.1;2.99;1
216607;2.77449508213357;1.65630399863877;5.80880726699186;0.490077644310116;27.22;-1.5;1
216610;27.1552694507979;16.377178823801;5.65418507577663;0.455570429580681;24.88;-9.63;1
216631;1.97349562767772;10.0342264822017;3.70818576195746;0.789525048862186;-0.86;19.42;1
216635;31.7842469968701;1.60791621005434;666.447638994056;0.8676289156251;-15.26;27.58;1
217111;30.9330780967547;1.54700453379783;5.74867288098122;29.7761692360745;-30.53;-0.19;1
217132;18.0405804398125;10.1620371031307;35.818915026852;0.536644662300206;16.74;5.88;1
217167;30.1394178662083;16.2615587493368;5.78903261215547;0.700514964072219;18.93;22.81;1
217590;27.7971641684464;11.4307231597225;4.61991334707597;10.5522083212051;-14.03;23.7;1
217613;30.3879606087048;12.0557232088133;55.8902723824147;0.140392122062665;-14.4;-26.47;1
217642;2.98980706510009;12.0366209296508;5.15081282624204;0.158914941176252;-13.98;-26.1;1
218095;3.24500338825218;15.5959672971966;5.82077859080423;0.831840968574505;12.65;29.44;1
218109;30.1007024118525;14.1820970286394;53.4670843970243;0.56006968116312;26.31;14.13;1
218136;308.904611198152;14.0765861260179;52.095407660022;0.620962732652825;25.2;17.36;1
218140;32.4536647075818;14.1364845022833;54.4481839818797;0.113027056402136;-28.24;-15.57;1
218591;3.26825632441149;14.4909538099721;55.7712278808067;0.502218872678295;29.35;-12.83;1
218602;30.8332284035043;12.3336263014758;52.4323159449324;0.209660891453051;-21.12;-21.77;1
218637;334.136309994732;14.4353012766643;5.78936732812997;0.177744052436611;-27.34;-18.12;1
219095;3.21046151500726;11.8134658249929;4.75056089033107;2.94825981762481;-31.57;-0.44;1
219112;29.4851691086538;1.12592755094508;49.1163137968791;0.626500954746588;20.58;20.1;1
219152;3.20352266802818;13.5509845586226;55.1613370131106;0.201771612020186;-11.06;-29.51;1
219157;19.1769854603082;7.97176460901627;3.35435473900063;0.933817073136414;-10.79;15.11;1
219160;3.25667972749587;2.15670375975452;6.8384034005154;0.430869960313993;28.78;-13.6;1
219597;29.4841546709514;14.4573699745396;54.9832846253317;0.759347309053582;16.49;23.63;1
219608;31.7531024490164;15.3056736797891;6.01097868582988;0.529713995879677;30.82;3.92;1
219613;3.22723760156656;15.4370112719797;61.2113022954433;0.321912515974474;18.5;-25.6;1
219633;33.2906282537589;15.1956673262657;6.36795716925331;0.229328573422936;-18.07;-26.85;1
219637;29.8071698363982;13.3363304866505;563.441503259721;0.961100685749749;-23.87;16.18;1
220089;2.13556031713568;994.074421362743;3.92089553964776;26.1270975269634;-18.68;-5.02;1
220111;19.4148444183547;8.89894712630434;3.45867249947729;0.735090661084413;16.46;6.97;1
220141;19.9140547038349;9.33674056450571;3.66913696763897;0.683753824677425;17.48;-3.99;1
220145;1.95153909336036;9.07344418478616;379.478712648459;11.9637579818101;-8.99;14.83;1
220592;19.6150571006266;11.1837126370783;3.73593886964153;2.62924968805128;-18.05;6.25;1
220615;19.8250977739963;11.901220971899;41.2121165101822;2.71367175815816;-17.89;6.42;1
220640;2.89449158647568;1.91173988645149;652.535572445333;0.181355890463429;-18.88;-21.47;1
220654;31.433281254868;20.1507472144038;702.825772726668;0.90601773922754;-20.44;23.3;1
221086;30.9043558284;16.6019033611165;6.08133373555201;0.569068998660106;24.14;-15.2;1
221098;3.21636705722659;16.1727781288956;61.0893994250338;0.410946238449606;-12.6;-27.16;1
221127;2.75551596221213;1.3565320977355;5.60743130900264;0.710394049403512;24.14;9.92;1
221131;29.2564311107093;13.9071097626572;5.33530783759735;0.862597079877309;10.95;25.94;1
221585;19.4966534047842;840.512588401543;35.2655277176307;0.590383329186755;18.32;2.58;1
221599;21.3160375440985;8.39289921265306;3.23511595556033;0.616943858443708;19.17;7.18;1
221627;29.9253748282786;14.980641942801;5.75825862452965;0.232657305067969;-20.47;-20.83;1
221631;18.1063107021503;8.73920199857114;3.42159378433437;0.249395016930824;-2.83;-17.5;1
222096;3.21461556466808;15.8212462411069;63.391156579397;0.290893858780577;16.13;-27.66;1
222112;27.8064031839237;12.8135713840504;5.09805284315524;10.2174262540202;-11.46;25.17;1
222135;2.83166882096913;1.15114954529577;4.87787223295527;0.766425334188791;-3.12;27.99;1
222143;29.1451559852857;11.5219291333123;4.84536575432645;12.9853495387063;-28.5;5.66;1
222595;29.9753807263413;11.9224872189963;503.624281397712;0.96613100402609;-26.64;13.07;1
222610;31.1630703467252;1.35380892423937;55.1468842351391;0.616027381157041;20.09;23.12;1
222615;3.19823422830844;13.481998520871;56.4427337464858;0.808911697835001;-7.88;30.53;1
222636;29.7121559301453;14.4975019889151;58.0463087016784;0.387318632464929;15.5;-24.42;1
222640;33.5225225647776;15.8543705825169;6.38158395724141;0.241770696852831;-25.88;-20.04;1
222644;28.9608603869787;13.7707331784735;5.53854248262682;0.401268088380685;21.17;-18.33;1
223085;20.1597247816891;862.596998429742;3.31007796455266;0.62241085405178;18.88;6;1
223099;3.69211829590039;15.3656423943719;60.5597381002563;0.115095793523261;-19.59;-31.06;1
223110;29.6610404345293;1.26031585650552;4.909902954566;0.503190600930939;29.27;2.12;1
223135;31.4902517874889;12.64852393154;5.21593985555457;0.138495218983696;-21.46;-22.73;1
223139;30.4999054886135;13.2824179326226;51.2966536571138;11.8364097885301;-26.81;14.06;1
223598;31.7466792908541;12.8823073945211;52.4574779610051;0.227265904110347;0.93;-31.42;1
223610;32.0663743690009;14.4113273360184;5.62573445187274;0.645260568170287;27.99;14.7;1
223614;19.0482346576106;8.46496957731551;3.30533054759626;0.754215935849628;8.44;16.71;1
223653;31.9522632506053;14.6088497991483;59.7866928121547;0.187238626864846;-10.49;-29.77;1
223657;30.6197896907997;14.6387168480774;5.81862314126548;0.720179010359111;22.8;19.65;1
224093;3.3271388020826;20.7759714419381;5.92257439766666;0.752806943849019;2.41;32.89;1
224113;3.27619102602633;1.20828166768873;4.96396320354291;0.250174274119234;11.91;-30.2;1
224117;31.7136116702003;12.3986732766114;4.87996721745244;0.687251220505771;19.68;24.4;1
224141;3.51041500885827;13.0281820337537;5.34831583784781;0.118247057492438;-30.19;-17.52;1
224585;29.1651137211535;12.3903365600447;52.2977192675367;0.448030245302233;28.79;-3.4;1
224638;2.99538235648932;12.191955265112;5.20194601104297;0.349497511014989;25.29;-15.81;1
224682;32.7435624837671;13.0521546681285;5.21329283435479;0.515886207659932;32.28;-1.07;1
225107;32.5531439097796;12.7591976601858;5.14643763585166;0.27903978620534;-7.56;-30.5;1
225125;30.6035229727116;12.3743788179242;5.29767130113883;0.761475734971697;6.71;28.28;1
225160;3.39966373511731;14.3890667973973;6.13336961307729;0.249793872942126;-27.15;-18.6;1
225163;27.9768585614515;12.174027505539;5.14260325148168;0.60349191904769;26.5;3.75;1
225592;2.12043953264893;946.617616269087;41.2782915656253;23.9424572789177;-9.82;11.22;1
225604;20.8039460973091;10.1342006534771;4.11889259039015;0.983663324913053;14.41;0.18;1
225631;2.04132351430788;74.8078274743092;362.068611978531;0.908191289181438;8.83;13.71;1
225635;3.08334217676728;15.5771460235108;7.21522702152435;0.989745647556247;4.41;23.4;1
226089;33.3033546642945;14.1224444479613;56.4033044519532;0.146018630923635;-14.83;-29.51;1
226105;33.1847964803145;13.7520563175698;5.53720574695014;0.276529418196135;11.33;-30.8;1
226444;33.6241557328875;13.6698108214583;5.46984340032691;0.11465853817812;-29.3;-16.17;1
226448;3.69057564788919;14.7169143118556;60.0185913355133;0.189894816589824;-3.92;-36.35;1
226452;30.5594652921507;12.5931308329182;4.92105386936166;0.12901677289769;-8.78;-29.08;1
226456;34.1288701845441;13.8670228591709;5.54378588766922;0.283517999674824;17.83;-28.83;1
226460;3.27199612017687;13.7970682514547;52.8043000131861;0.414504744727153;26.23;-18.85;1
226587;3.00785856504651;13.2146808973715;53.0155365946007;26.2723750213608;-29.5;-3.19;1
226592;3.37300380372653;1.53398138904049;59.8148432305704;0.186012103709684;-9.13;-32.07;1
226595;33.8206107368524;14.8062092005323;5.86603323050723;191.239309077127;-31.77;9.72;1
226597;31.8400587294774;14.9708231593243;5.73650520161159;0.609475146440205;31;2.92;1
226601;32.5295423066803;14.6381462064307;5.85539305883047;0.695294564991021;14.48;28.55;1
226625;2.96109602542238;14.8994684520838;5.60011867149652;0.466180971076914;27.92;-8.86;1
226628;3.46010601356986;16.7693390165946;6.39225254593385;25.2031908998144;-34.05;4.35;1
226657;3.17982191567292;1.5990233691904;6.19781656401527;0.443341069283379;21.65;-22.02;1
226661;3.0297965966669;14.9311291757269;588.236987078151;0.74397944727993;18.05;23.31;1
227096;21.1569540833816;9.48633206703917;3.80376422312896;28.2187864012904;-20.73;1.55;1
227100;28.4498194444042;13.7180725784673;5.569165808596;11.2055240007677;-19.3;20.03;1
227103;32.2725421172556;14.7074581005436;589.334351557461;28.8762251674499;-30.94;4.39;1
227107;29.772900593666;13.4587707973234;5.42862541262473;0.187008458544245;-18.44;-22.61;1
227111;32.5101069444402;1.53680484310968;6.02122801893074;0.265019531909386;1.32;-31.94;1
227114;337.990598118342;1.54809381177127;5.95155749795077;0.19677105021319;-32.12;-8.82;1
227133;315.517062006888;13.8898075384259;5.39600160720316;0.677559200839432;23.98;19.6;1
227137;3.33502386278439;14.0478658103728;557.276863184248;0.588796328764416;-26.48;-19.7;1
227165;3.00213826088481;12.8113976746961;50.2603941679725;0.761914029924393;10.36;27.71;1
227167;33.9906342908683;14.2317672771932;5.83229807469559;0.413193082976644;33.63;-0.09;1
227594;31.5222527681132;12.5195314084167;5.19393444768745;0.900807717716205;-18.58;24.91;1
227614;3.03153446980311;11.4861184865932;4.61097803265111;0.310884366813945;16.62;-24.92;1
227618;29.0348203481253;11.5549179562498;4.58581838449386;0.61814161331499;25.27;13.47;1
227622;2.22956555629729;858.274244594572;34.5370595475006;0.349014522894677;12.55;-17.91;1
227626;34.4652306993663;12.7301050756694;53.0674906276113;0.175964600771807;-24.75;-23.27;1
227630;30.1936210395872;11.3707380791193;4.45445495376628;0.840163512302721;-8.68;28.44;1
227632;31.9933149336763;11.7866086881465;4.85943244785593;0.481722375562511;31.31;-1.26;1
227651;3.40712656515847;13.1794994654047;53.1869516832857;0.482181260712171;33.27;0.2;1
227655;3.45229324061943;13.4523731215124;551.820591827837;0.424209379523499;30.49;-14.54;1
227680;309.438291758511;1.3063404704101;5.40875465097266;28.0586793259137;-29.59;5.68;1
228091;32.9327646823258;15.1179386740269;60.1772773641065;0.142069337696838;-29.55;-14.01;1
228104;31.2610431454902;14.248427976421;5.67279891437044;0.991387990145615;-20.15;23.42;1
228108;31.501062015435;14.2494588273184;6.14997845999357;0.282778827973607;15.59;-26.99;1
228132;33.0203014167607;13.8566088643648;576.945416169432;0.158360060873128;-18.44;-26.9;1
228135;3.05509638888118;12.9871565945461;5.72521028014335;0.481463755148075;28.47;-9.17;1
228586;3.20291291594109;12.9637216273117;5.30630734014646;0.646608272960254;26.38;16.57;1
228600;31.1673389439139;11.7364021627682;4.81120962196743;0.207921673533475;-5;-30.36;1
228604;33.9090772064038;12.8949071042919;5.29349419383661;0.36627757897704;22.77;-24.3;1
228627;28.5189450969943;11.5246623401063;4.78606221946989;0.530285929395389;27.3;6.65;1
228630;3.07872988574648;1.30854592309516;5.59914871874775;0.504124094902763;29.1;-8.12;1
228633;31.6461517443817;12.8537162817582;5.61757281189742;0.511851549399355;30.87;3.88;1
228641;21.5749500369393;10.0365648658064;4.34565944583756;0.318898590293454;-9.93;-18.12;1
229097;19.7156332005777;11.3346941875842;38.9607343318072;0.848076746020157;-12.85;-10.92;1
229113;1.71827983223636;11.9220418560387;44.1528947797569;0.948900003720973;12.42;-7.64;1
229117;17.6629203888088;12.0474175120226;3.90315616609522;21.7445540965716;-14.77;-3.4;1
229153;2.00828168339354;11.0793972420169;3.84414766581523;0.345103417160677;-17.33;-8.46;1
229157;20.1730535331628;11.0849121302966;39.6075272774566;0.380699243848357;-4.41;-18.82;1
229161;2.92937966960804;1.9846170222574;7.28498077857024;0.790093421232568;17.9;21.06;1
229165;29.3165682508857;1.99119702184281;7.19691727422097;0.772320756372969;16.83;21.98;1
229168;3.06453285637868;2.03249353112937;7.45177056585006;0.454173650754249;22.52;-19.24;1
229620;27.1039119101635;2.02883548310098;6.3508736620335;2.11026107772274;-24.62;9.33;1
229639;2.76835323216241;19.626256275088;615.543343178213;10.3836354583846;2.42;-26.45;1
229642;26.0664308800454;19.8627817454187;6.31792604586329;0.757893166248255;24.58;6.17;1
229675;2.87056570661017;20.4537514810697;6.33502294828261;0.439699124968634;26.84;-9.71;1
229679;2.65252701414371;1.86826912880061;5.84384081981682;0.189189491476756;-21.36;-15.54;1
230084;28.7846482178147;1.98367815180037;6.74455220511283;0.492840251607858;21.94;-17.43;1
230099;20.6658323631614;11.5199120740877;3.54236654345616;0.634921574690432;18.13;-7.07;1
230103;322.253640635249;19.2558144091864;659.007150357322;24.1298855619144;-24.57;17.72;1
230135;31.1426193255543;1.9685098447524;7.79118646971091;23.5807602515366;-21.41;12.34;1
230139;19.8208230823924;10.3421333943773;3.91329664318975;2.34905043693732;-11.44;10.57;1
230594;18.5510718165082;12.0030598270904;3.63763219413427;215.146928795067;-8.79;12.33;1
230610;21.6122362638884;10.2682968627498;3.6453124148553;28.0294711646522;-20.39;-1.25;1
230619;22.3113082622548;8.76587172303226;34.8718142808224;24.8385619187408;-21.58;3.75;1
230644;3.05209858722537;12.5756704307342;5.14542598623805;0.425269593169117;28.64;-10;1
230648;30.130818762003;12.5271707743201;5.23064112804042;0.704661867345146;19.64;22.55;1
231097;3.02716494781523;13.0275516542318;5.01290770385513;11.4423890856759;-28.36;10.19;1
231112;34.9022899321925;14.7970628618388;5.79330875490348;0.0735823226319977;-17.13;-30.31;1
231116;3.06228856695315;13.3998918732004;5.16756523715154;0.16594224411789;-6.27;-29.87;1
231135;3.00046093762897;13.6357112459626;5.23345130441023;0.511864755824707;29.17;5.82;1
231140;30.095307575167;1.41400641205237;537.499244762003;0.951969259528082;-14.31;26.28;1
231144;34.4852887957146;15.6243375671236;5.84412910116661;3.04716950282091;-34.35;0.66;1
231587;29.8864622090575;2.22787650956878;6.91747556482164;0.752210016791267;22.22;-19.41;1
231614;1.93351313769024;12.5796933202377;36.3509885937892;14.1724501118972;-18.92;3.49;1
231618;18.934889905403;12.5264122297809;37.7825838068124;0.828448850718407;5.56;17.83;1
231622;1.83642101906525;123.884576366693;3.46155260897795;10.8003843542224;-5.94;17.13;1
231646;17.9840290427862;12.4922175023229;3.78300160148676;19.6829411206252;-17.06;4.75;1
231652;1.93931667823037;14.8504380590858;4.82477412213169;0.849071129930664;10.81;15.71;1
231657;18.8155061509018;12.2610989850501;37.870889139362;0.23452812404467;4.47;-18.19;1
231661;18.166580511358;12.5087275174915;3.69535005880377;0.316119115860396;4.28;-17.44;1
232097;27.9483306164525;19.0908841648256;6.4360856730641;14.9428810092996;-14.49;22.15;1
232122;19.4681500291014;11.2047444386528;3.42227312407844;0.373729351303231;-4.6;-18.35;1
232126;31.2221091535805;2.21392836163212;7.21877146699483;0.758178279847101;21.53;21.07;1
232150;16.6815889515959;1.09341657432887;3.26122038087088;0.918428012103842;15.49;3.4;1
232154;18.9238205446777;12.5659332422286;3.84955622842974;11.3074584893505;17.78;-1.91;1
232157;2.64742583920488;19.5180909302869;670.751102863492;0.727911807526331;22.33;-11.87;1
232162;18.9633644735085;1.19996114728618;3.77040554350512;0.720641010427972;17.21;6.21;1
232591;20.1013200539642;10.1817267340465;3.53944940200862;0.463299466204964;-1.18;-18.62;1
232613;20.6000932574538;934.442327891874;3.52818179563354;0.390227942331265;-0.44;-19.56;1
232639;2.14100704524452;8.89453057446577;3.49262188536694;0.919291458808691;-7.1;19.05;1
233107;30.7316345477698;13.3369204741296;53.1310299142216;10.119772915441;-21.39;21.6;1
233130;33.260412532518;12.96655404687;753.378435577029;1.70669664803804;-12.99;20.73;1
233153;31.9310822548787;15.011158746128;6.21577347914004;0.26605722525066;15.15;-27.78;1
233158;30.5215463303614;14.3395414334403;5.73125674674353;11.05989951839;-28.12;11.29;1
233596;31.3726373506638;13.0341802220129;50.7589650175139;30.1735392924628;-31.17;-0.16;1
233613;29.8034603597056;12.276368131705;4.93595471160759;0.33496507049836;27.11;-11.75;1
233636;3.17048349534068;1.30447388864815;53.0267277561801;0.802545604469679;-5.81;30.64;1
233639;31.3277100025967;12.9904201089845;5.24386580886259;0.494097605089357;30.85;1.61;1
234096;31.5364264188751;13.1253695502221;521.722155444581;0.57880463498414;25.1;18.62;1
234117;3.11777071599676;1.30771220743963;5.20568379427851;0.844607164862131;2.15;30.73;1
234138;321.867143353427;12.8006326068833;5.05209148597679;0.885559045713611;-18.93;25.69;1
234141;320.979715023262;12.9133261046995;51.184115361503;0.473709126091446;31.17;-5.03;1
234586;3.01498560668346;1.4907534219085;5.35147655390617;0.892395556419274;1.32;29.92;1
234597;30.5593935377171;14.2990849065224;5.37310732214879;0.403811072269513;25.38;-16.51;1
234601;27.9998087093367;13.0869749834885;50.2035547651404;0.342215502456438;22.89;-15.82;1
234634;3.05216050928555;1.42163412103216;5.2391610771966;13.3089927425321;-29.14;8.52;1
235096;30.9195513633101;14.3458143882885;5.82850262537265;0.279827341079332;-11.8;-27.46;1
235109;317.799618179854;14.2134290698537;5.9929343099973;0.393494444422776;13.12;-27.47;1
235225;20.7827110274322;9.44309038733777;3.52746877171422;17.9217316489915;-8.56;15.23;1
235590;31.6813831937098;1.71294329969501;6.34369065622149;0.893435015889711;-4.12;-19.1;1
235607;31.5404254578561;17.7693888533618;6.45428011311372;0.926274304159959;2.12;-18.63;1
235641;30.6522356845261;17.6631249125007;6.42481132286394;13.5460819962562;8.32;8.33;1
235645;20.4332995627477;9.08038285225463;3.42196469062401;2.17908001690757;-2.15;6.94;1
236102;221.537257279696;8.87381379180298;38.4967492313774;0.813712697870224;4.41;-14.16;1
236119;21.6941236453021;9.18254899506526;3.70788519740504;13.8594588158468;-0.22;8.28;1
236123;29.1266544539144;15.7121586597786;6.23244477918911;2.04865681804518;-13;1.21;1
236147;19.7659521894383;9.92974799694474;3.74581864216087;12.75305933069;-6.28;-6.33;1
236592;16.0050046196725;1.27164956467562;4.10315279384541;1.61862535353582;-0.58;11.32;1
236606;18.8637557410716;13.3963610660309;376.596153798377;15.3221452593886;-12.38;7.43;1
236609;1.63829025017969;12.4078730052937;41.41489221843;12.7135039808773;11.37;3.56;1
236639;1.91701277686939;12.4179968275981;36.2487985514506;21.4979020587055;-15.42;3.24;1
237084;34.4310555925147;1.47765015502486;60.2145842251614;2.52874974072047;-28.35;-14.12;1
237096;30.0695851628166;12.5500220471347;5.30174060242676;0.831130122563426;12.02;23.31;1
237126;32.8701952344134;15.3247256786666;61.2514849034521;1.15941449628063;-8.36;20.54;1
237130;3.29494834760948;15.2806420917138;6.13912726288524;0.707664614040821;-11.45;-21.73;1
237142;345.780868734347;176.509174216501;6.56739457731487;17.444919615512;-2.88;-15.35;1
237592;3.32077888836583;15.24139368231;61.0002161748793;10.150737680895;-4.92;27.13;1
237609;3.3888435031568;15.7729680779357;6.49942636689411;0.979338292873395;-16.98;24.66;1
237633;2.78767598979696;13.7917548231791;5.66946983272365;0.510547028936809;17.11;-18.86;1
237636;1.92580993115241;987.180671553628;3.94986028395876;0.641126493812813;17.31;3.64;1
238096;18.9266705621898;10.5620165218795;3.28963081625676;15.1205996087417;-4.76;17.15;1
238111;26.6272307123912;1.7478814877723;5.97846093327014;0.641327642866181;2.17;-25.76;1
238132;25.9989406587209;17.3317017904169;5.78858703421682;0.745690129412621;24.42;-6.67;1
238609;29.1954594061853;1.74431116981304;6.08489741463806;10.123072395602;3.47;-16.15;1
238629;27.2452522083175;16.9986049969991;5.93710642556797;10.2216699092113;0.15;-16.04;1
238676;3.08726874227474;22.1347441618226;7.46551286591194;1.69781787722668;-14.18;9.64;1
238680;27.1041746607213;19.1837978197825;6.40559248666815;14.7878398054863;11.7;8.58;1
239091;31.1048407074559;13.6000583971038;5.47631698979014;0.432315244004012;17.01;-24.59;1
239113;25.2442951427279;6.14671266995858;361.598096008339;28.2864860088703;-23.8;-3.63;1
239138;3.13830720961955;13.4391256622439;58.5921206948515;0.286778107999114;-18.31;-24.02;1
239143;30.8324830131475;12.4107844243213;55.066054545315;0.760025455560886;10.57;27.83;1
239585;3.58230698304208;14.1120297443422;5.82163930720491;0.166048397613036;-31.65;-15.75;1
239599;2.97230758901762;12.9800149571479;5.30482168152954;0.784412036247025;6.57;28.44;1
239629;2.99225421645919;14.0881671235842;562.574557013544;0.712805454057291;16.33;23.65;1
240096;29.5633761918317;12.5806192652919;5.10832035167259;27.0617209486698;-26.2;5.1;1
240112;28.6519952411752;11.9130644523343;5.02741850759647;0.458688234561096;-9.4;-23.98;1
240142;22.6405735365863;7.23315449672913;3.37011116913639;2.65101749735158;-19.27;4.76;1
240145;29.3121007961468;1.40901370907623;56.830622296085;0.752521738296854;25.2;0.82;1
240583;1.79627773682887;959.960377489599;3.61100713757253;18.3934443776944;6.75;-1.57;1
240599;20.762794719607;10.2223679188467;3.95794820096438;12.6925190596988;1.69;-8.15;1
240603;20.2424532370779;9.05587018156209;3.58287989731761;14.2604233257479;6.81;0.65;1
240629;22.9816675184082;9.27282087907396;3.70185003913547;18.0857103082218;-3.86;-2.85;1
240633;22.7890322851573;935.493341919019;3.59753363145901;18.8120074511364;-5.1;-2.93;1
241094;27.9972481006801;1.48587661942227;5.46707826588988;115.611842320323;-27;6.66;1
241131;21.6859538124327;9.494371175135;33.2149445978641;0.508763898031029;20.98;4.26;1
241163;2.8345412846433;1.76807693517718;6.00779289461479;1.01255957300432;-8.59;-25.92;1
241592;18.8142654848723;12.2771431002906;3.9285725677581;14.5002651999847;10.79;-9.28;1
241601;16.833924565662;11.2172514560834;35.4242869271134;1.28330791072727;3.86;12.3;1
241604;25.8933339665407;20.8294261500392;681.166274140289;14.2739069454451;-16.13;13.41;1
241631;18.0434973161926;12.6413329067273;3.70076915679145;17.5977651333604;-3.6;-15.51;1
241635;17.9548241224621;12.302286154916;3.6258624752167;14.5681253002839;12.57;-9.03;1
242101;31.9123695377246;13.4982062666856;55.8892338635578;27.5206252355687;-30.56;5.13;1
242112;31.0339874114054;13.0610072897551;5.34908689420251;0.537911359317268;29.52;-5.68;1
242136;3.50359609329774;1.4883289162541;59.6501122601668;0.223883166545083;-29.72;-16.91;1
242595;203.784228540417;7.82437217861689;3.22446361715739;0.328453031115931;6.85;-18.43;1
242618;3.6428838634662;23.2502671669812;6.97529016143028;0.224597257643792;-19.16;-29.97;1
242642;34.9408559593154;13.6360382692639;56.3285284829413;16.6438132490587;-32.38;-10.99;1
242646;3.1291026220019;12.2528090562794;4.77826756887762;0.16212882700374;-24.67;-18.54;1
243085;29.2915132976619;12.3480314784541;49.8292149776172;0.633703873175443;26.22;11.67;1
243108;3.12680328632374;12.4429965975961;5.05273040278695;0.675001351125552;16.13;26.09;1
243136;3.62758758065351;14.4825925456566;5.87722387000025;0.857260353114748;-14.55;32.48;1
243140;31.7173543947329;13.1683055327725;54.1510512916751;0.454286773476323;27.61;-14.27;1
243605;3.38090032843997;15.2661722510188;5.84176042854825;0.495027115429747;-9.31;-32.36;1
243624;3.22701170006103;13.9965948659355;5.28787371401548;0.857542085249782;-3.87;31.81;1
243651;31.5095751617748;1.29958515542714;5.34150243574515;0.800889001697148;-7.41;30.43;1
244085;30.6790981037164;13.6031076074403;53.4901455196461;0.701901248816245;9.4;28.94;1
244106;3.33189105411112;15.957533934443;6.31878338857364;0.446425344768992;31.91;-8.11;1
244133;29.2577281463295;14.6589980672615;5.59060764478786;0.689165637256313;22.58;17.75;1
244138;2.91783513646938;1.45311170834408;5.52019803678524;0.798712012859166;-4.83;28.45;1
244594;3.0477660582587;11.7825852039954;4.82642472001141;0.504307486459469;29.61;4.89;1
244618;30.8083050702269;11.9929325630275;46.8608949440041;0.362719008753288;21.96;-21.44;1
244622;3.05968574440442;1.16360198604454;4.60887509173942;0.845032588992164;-13.43;27.37;1
244647;29.0269738707774;11.8199012345342;4.93675848766278;0.245306314034119;3.44;-28.55;1
244650;32.2556162728981;12.8866541302985;5.32642403481059;0.399465922754195;31.76;-4.47;1
245089;18.405198566571;13.0110177414397;39.9957189863612;0.956672924267706;-15.56;9.52;1
245104;29.6852304263553;2.02231321901656;61.4675158760513;0.614374267823659;19.84;21.61;1
245130;28.6647748729627;18.0432221749802;56.2044561744564;0.920698216537456;-21.97;18.19;1
245591;3.120447180459;13.9059204034978;623.011888727736;0.520785168891648;30.15;-4.68;1
245605;3.34557632736291;15.305663790681;6.54184006475263;0.270774086361235;-16.33;-27.8;1
245700;30.3158785894999;2.00656004473152;6.7759559216428;16.5275942649891;7.2;-10.13;1
246094;29.2297496420815;11.907763311143;4.86400554148343;2.80462706549124;-28.84;-2.85;1
246108;3.22505313199553;14.3316308879594;5.44815932668846;0.709363729401552;19.12;25.62;1
246130;2.99208113702733;12.9110352997972;5.0647587074349;0.718759358423327;15.76;25.1;1
246133;30.4123615735586;12.5546846816157;5.19082919394386;0.496138856915011;29.23;7.05;1
246596;3.32845189649936;1.87507629849231;653.182347290558;0.186553202642656;-29.13;-15.33;1
246607;3.04368470137738;1.82312456252083;6.06286626211629;0.838988557592604;-29.62;-5.55;1
246630;20.6682296064836;9.53778691274432;34.1478101975724;2.7309725252642;-19.71;4.12;1
246634;30.5884067772542;17.6353269465722;6.36756290289648;2.54625645532331;-29.04;6.16;1
247096;20.9567750044689;8.00051817703172;3.21351564057316;0.863784018218856;-8.71;18.65;1
247108;35.1190085418296;13.5444833859976;5.44638641913213;0.512755378378357;32.68;-11.36;1
247133;306.092385145602;1.26680208378149;4.9232484069556;10.5904229725508;-16.88;24.85;1
247137;3.34894766537708;13.0034015470876;5.24423854079849;0.63842181400687;25.03;21.12;1
247585;29.5879261003423;11.1970959282143;450.191092478894;0.520559916732669;28.09;6.22;1
247596;3.39966214449319;13.0149132948537;50.9123530030808;0.2307430550758;-23.64;-23.1;1
247632;3.18556386310214;12.2921725310151;50.9508672804167;0.31080008013453;-2.91;-30.31;1
247636;3.117562773422;11.6368086736149;4.73097076627788;0.435098045788494;23.93;-17.43;1
248096;29.3386194005553;11.7081115059518;4.79447809804049;0.178527711917222;-10.23;-27;1
248110;28.5702802030577;1.19825638298613;4.90003562053042;0.420216344115057;23.02;-15.53;1
248130;34.7411870646424;14.4422909985943;60.9215000182699;0.281837471054214;-29.2;-16.04;1
248142;22.0806540940823;6.3971902784393;3.37083727736909;28.3233563939071;-20.79;0.92;1
248587;18.6892232397515;14.2127455661999;4.85612948402557;22.1225237804386;-5.86;14.77;1
248631;2.5729658807034;20.4390321948975;704.971809711353;11.941638458557;9.52;18.9;1
248668;18.6173219428182;1.16088149685036;4.19119290883057;21.3254070923534;-1.1;13.4;1
248672;2.00673591811789;11.7847558292795;433.453890536557;23.9573148601492;-15.5;-0.26;1
249095;29.3478574065278;14.460031504783;5.67879114358145;0.591984149794405;24.91;-11.22;1
249129;31.6499979851587;13.3622462647355;58.4511555911998;0.536678699286241;29.2;-5.92;1
249166;30.108877465479;1.21677048068177;5.21491859838639;0.547764488153412;29.42;0.39;1
249170;3.138854900651;12.7705926033659;530.058983974369;10.6246455432562;-25.95;16.68;1
249185;3.25871773960359;12.8358117824261;52.778984283424;295.790616893673;-32.23;0.33;1
249588;3.46674836151326;148.492076801392;63.2883657300636;0.933631897476387;-22.94;24.31;1
249600;30.6566412124413;13.3251283454479;55.3324977344615;0.301177605254815;5.12;-29.17;1
249621;3.49275372958532;22.3716538004582;7.39885690414354;0.215186904756645;-24.59;-23.51;1
249633;30.3071401878617;12.2249973277733;53.395092615637;26.349428043765;-28.95;-6.66;1
250089;3.46354559294892;15.482060930481;6.47762765772405;2.65650534636933;-31.96;-6.39;1
250101;19.5652408139126;8.53890682084385;36.8502948067992;0.662685520866943;13.34;-11.91;1
250104;29.2644013184729;19.6009119205405;6.53873205870975;0.63616598629278;26.34;4.02;1
250126;3.42538380358229;22.3843467666544;7.23797611348694;0.424247503949766;16.62;-27.79;1
250597;22.103917478268;11.1380676763298;4.38845514815495;2.09073519653756;-17.65;-11.29;1
250611;31.2495031008788;15.316371368466;6.15056088492075;2.8486405265372;-30.05;1.74;1
250636;30.6896023418271;14.7427813553969;6.04326447725046;0.477196707173422;21.7;-18.95;1
251094;32.028262660263;1.30739157567753;53.000686973099;0.726291093334761;18.58;25.73;1
251112;31.6683238752193;12.4981840115555;5.09101528868379;0.61379357340972;17.2;26.16;1
251139;31.428559017742;12.2043846285863;49.7988129960377;0.159601595196249;-10.84;-29.14;1
251591;28.5275718139491;15.8755837038827;58.6162374788247;0.395354504343671;-9.96;-25.17;1
251606;30.0985213960892;17.4778093967083;6.54222131400803;0.561489796038596;19.49;-19.76;1
251610;29.1285192603451;17.6834017341861;6.92409749708444;0.727335574208754;24.63;9.9;1
251636;20.0282742095112;10.9489684991732;41.9631553284527;0.468937886052311;-5.96;-17.48;1
251897;30.0377117686414;1.23869921505354;5.4249332195333;0.453683362079775;28.01;-9.27;1
252088;29.5171804118171;19.1491874213681;6.39478043460528;10.1161948607258;11.63;22.03;1
252100;1.97676516626691;10.2979168474903;36.6414033437384;237.239819924319;-11.97;12.15;1
252104;19.5274826095201;974.417498364797;3.55059292596623;2.32651659816403;-10.96;12.51;1
252127;27.7273853745434;182.487319522263;6.45749669017457;0.881004522598338;19.08;-11.99;1
252147;28.3885355143406;17.6091557465425;6.53696649275636;0.736571857957368;-8.41;-21.47;1
252593;1.95086429873978;7.84528721585561;31.5858706562548;0.443250401430654;18.54;-4.9;1
252606;30.3883267745985;12.9975876175986;504.443771617702;0.270540056324548;8.38;-28.96;1
252632;2.98982822391629;1.38734225050996;5.52130876773794;0.815710664273638;-9.92;27.96;1
252658;32.3870223130135;16.8363227383458;61.1817527208009;0.53497120233012;30.76;9.64;1
253088;31.7377227517544;12.4734588013394;5.34950146631315;0.260953438781513;15.67;-27.42;1
253102;33.4385776135797;13.4410066343994;56.8837911706027;0.893147022037131;-18.25;27.86;1
253107;29.6879879102178;12.3819986408737;5.01343907657074;1.04131579109926;-15.5;25.06;1
253144;30.3193980517195;13.1306857021524;5.23740928554182;0.429203385428456;29.18;-6.61;1
253148;3.10981053799523;13.1419350082215;5.45757421796876;0.1350152016636;-25.63;-17.2;1
253165;22.1074129660172;949.626495829394;3.95166927106607;12.8597570975464;-21.45;4.71;1
253582;2.63472193543471;17.0506334061674;5.59871641472646;0.891711752162187;-1.9;25.68;1
253593;3.00085303457018;18.4693980903939;6.23237244615186;0.935311884157631;-11.5;26.82;1
253597;29.458036355593;18.6177932656163;6.19285838992391;1.54300526160104;-19.19;21.3;1
253629;30.9681226977152;1.71132730220828;6.13569937985655;0.335084241761289;-20.83;-21.62;1
254095;3.0958058419065;12.5189465095944;5.30449957494346;0.73783066383373;4.17;30.41;1
254116;3.03298474954777;12.3975319802877;5.20114835835786;0.833915130244206;1.28;30.09;1
254142;31.9023622282722;12.4023537124841;519.062365705544;0.90905380840907;-23.25;21.58;1
254146;3.63724918686808;1.39843278536558;5.88261918947534;0.0831039639581831;-27.24;-23.91;1
254587;32.4645912662134;13.1161937653753;5.091114574784;0.843154696621857;15.43;27.23;1
254606;3.37544411003193;127.779658348062;5.16219037907159;0.847812199936403;-12.73;30.03;1
254635;3.20850667561713;1.20501709200745;5.01563298588424;0.944535581230983;-24.48;18.92;1
254640;3.12246799200581;1.17064325514;49.0066024662621;0.844724602632448;-11.71;27.8;1
255081;3.27966277067885;12.2796714865699;50.110270438441;0.973250179955136;-29.9;12.39;1
255092;3.31881959840381;13.5869488046287;5.25792134902427;29.8820609243848;-32.81;-1.07;1
255095;3.31385039219197;1.28038685218629;5.23207988803293;1.00592619435629;-30.82;-10.72;1
255124;3.37510473642632;21.3579858914048;6.70796869680484;0.139239071508713;-25.86;-21.05;1
255594;30.540323305518;13.4245276953599;5.31083310472118;0.757553354294606;12.44;-19.06;1
255632;2.88213870162428;20.7246519261027;7.13642742976571;0.918666928699386;-18.89;-14.42;1
255660;2.70917292519489;16.2650177462544;5.78934689334812;0.987208945164962;-22.69;13.91;1
256105;19.8290296737796;14.1206376515023;50.0693511224476;12.0586662361004;-1.36;-12.02;1
256186;19.9589321631517;8.83041361598308;3.43376938980838;21.5096545075915;-9.04;-12.95;1
256219;1.98493976773387;12.5335477550636;3.95044511857324;23.2369286368535;-15.62;-4.51;1
256235;4.95387758412934;339.782852124438;10.9572846241991;10.8382177067197;24.28;37.89;1
256240;18.4417618765074;11.4105886954605;3.79688859057885;0.572449724693479;6.55;-16.17;1
256582;2.77623832949454;12.4399009615898;53.9813398535725;0.505472594363304;25.72;-6.56;1
256603;328.520170267099;15.2269065876732;6.60502986859647;0.406271278510886;24.68;-19.83;1
256607;29.2047452179358;14.2874119847635;58.3982194673041;11.2360158837002;-22.77;16.93;1
256631;29.6636307970616;1.39077046166023;5.72816043209589;0.203215792304448;-26.33;-12.62;1
256635;28.6519301599015;13.0890983382475;525.492191883505;0.396358811174024;20.43;-18.87;1
257093;22.4172205431381;7.51994045344701;3.41504088055305;25.6645371079155;-16.71;-7.52;1
257112;295.576666559504;12.7745468581114;5.62136917731398;0.914848079814125;1.46;25.67;1
257135;325.192402017511;13.1296631188515;5.23215519033636;27.2753532204752;-29.72;0.12;1
257140;29.1600109823706;11.4885054221155;47.514700542888;0.553265004259297;26.05;-7.28;1
257589;27.8787405770174;16.4202786322687;58.1724969040433;0.860698286428113;5.13;26.78;1
257600;3.02883550197864;18.1917668541339;6.46390302842609;0.90206302014694;-20.89;20.83;1
257625;30.8573331891521;17.6703830514915;62.3895472104455;0.153129025231268;-12.86;-27.71;1
257629;29.5168608332577;17.5414043045832;6.17764453067687;0.625333008547985;25.07;14.93;1
258096;3.25863193155701;146.734812095129;576.823883931672;0.456827601626336;32.09;-0.59;1
258109;33.0951275654759;15.1102153998077;63.3123580627848;0.185511709444458;-22.4;-23.62;1
258128;2.9953021451328;1.37003720067253;53.9564101202124;0.554307062897017;28.31;7.36;1
258133;18.0842913250555;8.00521012595537;3.35371758459468;0.883182878785895;-6.7;16.2;1
258137;30.5743466542854;1.440931068395;558.564185493486;0.186452228998721;-18.09;-24.08;1
258592;22.3549898248842;9.94091250359104;4.31712996129061;24.9972649068684;-14.76;10.77;1
258605;3.12218535494306;15.5948818526687;6.51218024080748;25.3571640701943;-25.19;5.12;1
258628;3.2258385301579;1.90360412904062;679.781911918329;0.532895286109499;22.71;-20.55;1
258633;295.288282425431;17.0760097430719;61.8118200087101;0.446403933532939;12.65;-24.85;1
259089;3.20383127575753;1.3107709631844;5.27373073914015;0.863391730207415;-3.7;31.43;1
259101;3.35681371762518;1.38383825143817;55.9785666812444;0.450780562911193;32.96;1.32;1
259105;31.1000617273311;11.9994035869247;5.12978570096201;0.219767435824359;-10.44;-28.57;1
259142;3.30188268436311;12.6983348402112;5.24421205476323;0.312521855931426;-24.75;-19.7;1
259147;3.17475528932907;12.676170726312;5.24068246367275;10.8864721358999;-25.32;17.37;1
259586;18.6087699911069;12.9483734291932;36.9952078132363;24.0948962995323;-16.68;0.45;1
259598;29.9171370968782;20.0879512179621;6.88507880787486;0.3895090101644;13.7;-25.7;1
259603;29.9769350348084;18.220800341265;6.70666318904696;10.5902192340552;-18.54;22.81;1
259626;31.4867088334206;12.2244954491495;51.3401647168133;0.321959126161291;24.86;-18.99;1
259641;32.2859572486992;20.26749476301;61.6747215014208;0.376642072545866;27.88;-15.76;1
260092;3.08567584467204;12.7668081118847;54.5039635913112;0.50365811712351;-6.13;-30.11;1
260110;27.8999100007592;1.09102496087247;4.56394446172536;0.39713870601906;25.28;-11.3;1
260135;3.25419148690625;14.3889136820235;6.1527112257285;0.672030025319161;24.36;20.49;1
260138;30.1012416218488;1.29703921061249;5.58572279403494;0.967708446456154;-22.71;18.57;1
260595;31.2336204080403;13.4384457209174;5.7294136964546;0.76901191252012;17.01;22.83;1
260612;1.82819713252778;1.27903713477814;45.8583679132514;11.9740964868638;-2.18;-12.38;1
260636;2.14406544043984;10.0113829084556;3.96995293923145;2.63921019642385;-19.66;6.23;1
260644;30.4310876941928;16.5574260504793;6.76279873434872;0.431626757468166;25.24;-15.9;1
261100;28.8777627173649;12.2869976581876;5.10896693753212;0.408208862893878;27.1;-9.21;1
261113;31.0370950190392;1.44230042017715;57.3273046645396;0.562870914039389;30.42;4.9;1
261135;29.887909401649;13.0418157553086;53.0237720626395;0.576896841015971;29.35;3.94;1
261138;31.1485788173142;12.4889865003607;55.0446503808992;14.271890570918;-30.65;4.29;1
261588;20.3673320768951;9.79277031525955;4.21249794138689;0.330013380432761;5.7;-19.11;1
261602;20.016645618912;12.0668460537256;43.5065770946957;0.634591140262137;15.11;-10.53;1
261629;27.567877777861;20.2284081355063;8.07753092050258;0.619775502014398;15.02;-20.46;1
261648;19.0587604315594;12.0556331451463;4.11521086956928;0.803640449671318;6.75;-14.3;1
262081;29.960653332525;1.45257421694748;5.8208478592839;0.326647869112609;-12.36;-25.92;1
262093;3.18912925014014;15.5206271446818;6.07436656204829;0.271747151973166;-20.17;-23.22;1
262097;30.3716591169859;15.1324012628674;6.04783097573061;0.795656878239834;13.87;25.47;1
262132;29.1232135543252;15.0203300463882;5.99571144419238;0.674799298783061;23.86;13.52;1
262136;3.03043752816918;15.227429872104;61.9848794726344;21.5091896755861;-28.31;-6.73;1
262597;2.04249430424098;9.97559549492992;38.6182181258939;0.97714439784897;-12.03;16.14;1
262612;2.15644478636621;10.2120304497505;3.93318127149982;0.352081632083582;13.51;-16.42;1
262642;19.3052325803379;6.78975445124992;3.2166316855812;0.856969352187046;2.5;18.9;1
262645;30.6139801967929;13.8816080178433;5.97095993313525;0.167311570930606;-28.54;-10.22;1
263088;31.594395425307;13.671350675411;5.24817942187548;0.792964411086482;-6.43;30.74;1
263107;31.475895945348;135.565611552666;519.465952033516;0.0980354855884249;-24.03;-20.17;1
263125;30.0448565111194;1.32214153594776;51.3364197504061;0.789492434238376;-0.55;29.78;1
263131;30.4746224036597;13.436631203232;5.19426133055452;0.838369479917214;-11.75;27.9;1
263600;31.6762195805925;14.0841209507236;5.48345190169485;0.0936156183084685;-24.55;-19.8;1
263624;3.42049091309602;23.9126122286115;728.113118591024;0.65447571169184;21.6;26.17;1
263650;30.2072985931047;13.5485764820925;511.222432694612;0.608297675822644;24.09;17.66;1
264104;3.55172147857167;15.2531978352015;6.22389917628779;0.250403057230767;-24.18;-24.5;1
264128;3.44876013946975;1.37983445677915;5.9318151192053;0.257989317182003;-17.29;-28.5;1
264131;3.37981004998078;14.4155789973296;5.90418543200634;28.9901614361746;-32.69;-1.4;1
264151;18.9786603733728;8.12487948939346;33.1903314629011;0.694069133118244;17.88;3.32;1
264156;3.75989379789758;241.916306089241;7.84845900247845;0.259878918850134;-21.75;-29.19;1
264588;1.99281366363058;12.0708643360273;386.668468680446;0.868602450174859;-14.5;-6.39;1
264612;17.9553112679953;11.9141985577808;357.387234002682;2.35008746823077;-14.59;2.9;1
264641;29.3757315316428;2.28309435906223;7.32990792841341;0.954382439260646;-14.14;-20.28;1
264645;18.8422580196609;1.32088606751831;3.91727113256546;1.16644354175608;14.2;-6.56;1
265093;19.1441917908011;122.917611699164;3.79146741478668;17.5452612263676;12.71;-0.69;1
265106;19.9242968208536;14.5212412441762;4.23004814587042;16.3944254636938;-4.84;-14.98;1
265110;1.73945098578988;12.5689993900416;3.7158155854888;15.7614314566276;-1.85;13.04;1
265137;19.7743629303788;1.30789015258453;4.12478988439702;22.5010471528432;-15.66;-7.3;1
265140;19.4945980595481;1.27309448020638;4.19708714029352;1.90649678055874;-3.46;-16.41;1
265175;18.8370954613882;9.98899110049609;362.907609535277;2.21146541368524;-13.25;5.55;1
265583;3.21874824038318;1.50969905439862;6.315321903514;0.734263425775117;2.47;-24.36;1
265658;1.92582213758031;12.0645764308401;3.68959312091218;0.597481300213863;-2.63;-17.59;1
265683;30.9803844729185;15.9590908290888;6.32657916824872;2.5819209972694;-29.94;4.01;1
265687;30.0014756796466;14.7771389920542;5.96866847975508;1.90606457418329;-25.98;12.11;1
266084;27.8414523145146;2.17718893763046;7.01132759328511;1.50600149472042;15.75;15.53;1
266100;1.77893836314547;14.2051227191281;45.4659718066698;1.87762775986436;-6.68;13.11;1
266134;23.9583694811887;1.89637168004885;60.4011849043645;0.893610099081758;20.5;-7.13;1
266596;29.1861593114449;12.8462469846843;5.21729409289512;0.363579145611276;18.8;-21.42;1
266608;2.88169165763744;14.8738075516087;5.87207422063427;0.777962174725791;0.18;27.53;1
266612;31.0669665657031;16.0590998067469;6.19485057354695;0.728199531202809;16.12;25.24;1
266633;21.0844143700458;9.7732835871457;3.45226787608022;0.602050856902509;19.54;4.76;1
267088;2.71649099176718;1.69051414159246;6.07412971068228;12.8048901246046;-13.12;-22.64;1
267142;3.39666652645022;18.007570195941;6.95936739294092;2.41984787969207;-25.16;-2.19;1
267177;22.8688397902289;8.90413509080022;3.79985300756344;219.586204206522;-8.41;-11.53;1
267181;30.4080760765218;15.4094609862832;6.65602196852213;23.5484889038268;-16.3;8.73;1
267184;23.2185840959616;8.82524913767452;3.71635285853164;2.32480932152818;-13.26;4.47;1
267599;1.94486515255113;12.2700627653887;37.7545181750098;22.0638329490535;-14.54;-5.37;1
267613;19.8785109108652;11.5844490795514;3.63992083202192;18.4350165680442;0.42;-15.84;1
267617;29.5078579717939;1.97802676363567;689.367137747626;10.5613272511755;17.32;-14.47;1
267640;26.1778531014627;17.1788245626619;6.02816378622422;11.0815849768072;-0.86;20.08;1
267644;1.89261720685704;1.09372894023214;35.0451716023338;11.522086478717;3.44;14.24;1
268096;2.92565703805188;1.82418573198012;6.52037915144902;10.3995274308859;12.49;-13.77;1
268123;24.5075821703266;1.79090400218411;602.238770097457;16.415051150942;7.29;-15.79;1
268126;19.9388336428481;13.3748196335619;3.88685110975008;2.15630021023785;-14.82;-2.93;1
268147;19.457369363961;1.26487580170797;3.64809825014029;13.7735125717005;-16.95;-4.6;1
268151;24.9283918862106;1.86483659315658;6.23189578479004;14.1466824722083;14.94;15.48;1
268169;31.2074621861301;22.283290427425;7.31992433691815;0.574207409641758;-24.18;-17.85;1
268173;18.9767322983;1.15908032462168;34.9334776955283;0.677772622818791;-2.17;-18.22;1
268590;3.17567482502742;15.2040628405857;61.1749487656032;0.865946203336274;-9.41;28.79;1
268641;324.784632365143;13.858263056017;5.90087611397371;0.661130824766941;25.82;16.73;1
268760;3.29263163327947;12.5855981697225;5.17209355618117;0.580528871738023;26.4;18.79;1
268763;3.27588591559814;1.25078370619687;5.1986282083853;0.491869380110915;32.17;2.28;1
268767;3.28680777351607;1.34329831148709;5.33304952594502;11.9638770409617;-30.2;11.92;1
269085;30.8357587924794;19.922323004649;5.92804279355794;0.920106863945505;1.13;30.34;1
269087;30.9441914105019;12.1037504690479;4.79721628340277;0.764571904156256;12.54;27.71;1
269090;3.34561738028914;1.25219865984574;5.1350134767576;0.142460174117178;-10.09;-31.53;1
269102;3.323658380813;13.0686996328994;51.2614078065913;11.2888789988157;-31.86;8.62;1
269105;3.33342362715324;12.9967452207112;5.12322071787337;2.19781986088096;-32.67;-5.16;1
269123;30.0350357926534;11.5280167668441;46.3266548205785;0.499553219445955;29.64;2.34;1
269127;3.43554221554277;12.7451261280047;52.4810982315776;0.172411909141567;-25.07;-22.97;1
269140;31.9150354341197;12.7656336027197;5.07366518421464;11.0470761449701;-28.88;12.98;1
269443;29.7566547687411;15.1223629804708;6.00308578346652;14.4726893784407;-16.39;-20.87;1
269594;2.82266084776818;1.61218478190581;6.04208176180885;0.962183831883102;1.19;24.92;1
269597;18.1860360347241;9.93453025519171;3.91050516446391;0.711206412150671;15.29;-2.72;1
269601;17.9964215744538;9.93880237733051;38.0442824035341;0.715810130428479;15.02;4.07;1
269604;2.8526699644117;1.58312136880045;6.05115349568094;0.646904520403144;24.75;-3.57;1
269607;18.6465020235699;10.4183755437365;3.95666444653629;0.836347500252217;8.78;13.62;1
269628;3.14562296067178;16.2818686245099;6.29991078526378;2.3820041874927;-23.59;-16.1;1
269632;198.886380936811;78.9967890256202;3.43993812274233;0.957909591198067;-7.01;16.39;1
269636;27.6584488272195;1.45709260872196;6.8807250754989;0.926236850099586;-4.54;23.5;1
269662;18.7778967923425;9.72114660328787;3.79939770183161;0.866761399267548;8.98;13.53;1
269665;20.1349954392227;7.27904801490253;3.30278089037288;0.634808434041513;16.94;-4.26;1
269669;23.0156295593159;900.727824836636;4.03586834458819;10.1761833831837;-13.23;15.12;1
270089;3.40153470519448;14.638318047064;5.82895355078719;26.6404599428251;-27.87;-11.14;1
270116;33.3270241230471;13.3840317532357;56.1303652656948;0.398249079040085;-20.26;-23.29;1
270120;3.32144921960276;13.2638735220374;54.7312737117114;0.40628298144948;-13.77;-27.21;1
270124;31.1161950588293;124.811129673829;5.26092227747989;0.54975301466715;18.76;-20.62;1
270127;3.2356689262868;13.5349694493915;55.3030896685439;10.72156207066;-19.93;22.35;1
270153;28.0369285970336;11.8744418359115;4.61267664840313;0.605604381168267;25.2;-6.98;1
270159;30.9434992483728;12.8168436540059;5.13362551536667;0.910784952634906;2.07;27.98;1
270590;20.4029288218917;9.64897814126181;35.0352932205501;20.7949949773136;-4.43;-15.56;1
270607;3.16098661316941;16.036218090258;6.38192461043467;0.580374778368445;15.8;-22.68;1
270610;32.2123086418844;1.64444069071389;6.50785170432932;27.3786181924792;-29.38;1.92;1
270614;31.7201478632992;16.5503048179008;6.39891587396988;11.6925098439662;-21.98;18.4;1
270634;30.4610676478258;13.0908987463729;5.50644915808;28.551689630558;-28.97;0.18;1
270638;29.2425524956677;12.5172519993259;5.27045001900987;0.595310478779442;27.09;4.92;1
270655;2.06603281905486;5.80150914424495;32.9024263471473;0.819919803837606;-0.92;19.39;1
271085;1.76620735363205;12.5955161744101;4.24246126133121;266.112799286851;-14.67;-3.23;1
271099;26.4623879022686;18.9893161249375;6.3818042614578;0.800687391221065;14.81;-16.6;1
271103;2.71643296291708;18.8407591886986;645.621442870836;0.711636810729167;-14.38;-17.83;1
271137;20.7424727476016;11.0828832780596;3.70608626199121;13.4496730550026;-0.1;15.03;1
271141;27.2757213076794;1.77169131420048;61.2660309561587;0.828461944555896;14.9;-14.44;1
271145;2.8567266337087;1.78976272341874;6.40889518014607;0.679193364531332;-14.58;-16.89;1
271148;2.07761700941143;10.9789606994337;3.64498311848037;23.1653694930848;-8.41;12.67;1
271152;2.80656351750592;178.435033366502;6.22789364304087;2.3083501233491;-13.02;15.07;1
271155;20.0765815135871;10.5471525205776;35.9667303026056;10.1132601780271;13.05;6.23;1
271592;35.5164305594938;13.7577327123266;528.818515244181;0.643193620026044;30.39;17.53;1
271607;3.38548831257602;2.14269948880756;6.05125123198354;26.059360645531;-33.22;3.89;1
271610;30.5355580662809;12.2036213824816;4.59032137891361;0.572890575181969;30.08;0.3;1
271656;30.9541789738682;12.5340572342127;5.07428036584048;0.15954016805811;-27.33;-13.82;1
271660;31.114317319145;12.5077476058054;5.10387437098195;0.169824555646328;-16.92;-25.64;1
271664;20.3260079033;78.6828082254392;3.29879585789189;0.189183642592708;-18.33;-8.3;1
271956;3.52879701761757;1.44584092062601;58.0827199955328;0.158514397611804;-32.76;-12.43;1
272091;30.7399064972919;14.3201600627504;53.5580476549003;0.0891815536744029;-25.21;-17.41;1
272106;29.5097852193402;13.8405165784746;5.1079241356008;0.410547733119904;25.87;-13.65;1
272110;28.3406690930145;14.1427640473746;5.38207410926429;0.753106068820691;18.02;21.42;1
272134;2.85199922627801;1.48795513273282;5.4831192605351;0.636162744482214;26.31;10.07;1
272138;2.82098467868082;13.4330520089062;5.31019166564793;0.912678061359657;-16.18;22.22;1
272591;3.26495328748411;15.7002423226869;5.92215336682051;0.222367742751129;5.94;-31.91;1
272604;31.6798601202128;15.285157738019;56.9627688638999;0.575112617207544;28.74;11.81;1
272609;337.275877500345;1.60776075639437;6.01707411638268;0.154451855121672;-25.5;-21.67;1
272631;3.14064386248395;14.6872412163074;5.46909410282155;0.204080840863455;-3.02;-31.03;1
272635;31.1152254238398;14.4211989181519;5.52379070517597;10.1533460434263;-20.35;23.3;1
272639;27.6066900901544;12.575064317705;489.357518106943;0.342601589187238;18.25;-20.41;1
273093;3.2454323060403;15.3572341645878;58.2921558162874;30.2482440561475;-32.27;-0.39;1
273105;3.17946290150586;1.50216706111874;58.0043488117445;0.53702759704025;30.44;8.08;1
273110;32.7043889639187;15.2089402455609;59.766007031152;0.253821570873058;12.26;-29.89;1
273139;28.8670907290102;15.087866934793;5.59042978485194;0.831794455381597;-4.6;27.91;1
273143;3.26232477717766;16.988037352378;6.43741692860422;0.902781889006425;-19.98;25.25;1
273147;2.90439047611476;15.4399097188319;57.2623772442401;0.909903130541613;-17.23;22.76;1
273594;29.0908280372093;18.4748143094843;72.163597533884;25.2863619935078;-24.2;11.08;1
273617;1.81917094980809;13.086868613999;3.79441418461482;0.595576139826229;-16.16;-7.25;1
273622;19.5702559636705;16.0640281262898;5.23489469995271;10.2932602724049;13.53;13.24;1
273656;2.94803073464158;15.8109019329069;61.1241058918329;0.217643387932737;6.4;-28.63;1
273660;31.8115593384867;1.72651731854037;6.47076832428059;0.731752228666617;14.83;27.83;1
273665;3.20103911045548;1.6878159223903;6.42165140698246;0.312274801491139;20.84;-24.07;1
274088;34.311744329114;14.2229495213457;624.540989957194;0.563767763728287;-23.13;-24.88;1
274112;20.9284243261767;8.49419480307708;3.41949815645028;0.898145375034683;11.85;12.66;1
274116;3.21487471695985;17.5110505497927;6.82224735968394;0.869702392499914;22.63;12.95;1
274179;27.4653014732567;1.8707841189646;6.35291727183211;0.713192461010569;-5.5;-21.72;1
274183;2.1403313792155;12.427660180912;4.27487142915334;0.965528229384323;5.65;16.96;1
274595;19.6618562037638;940.672302581014;40.3487133757483;0.2053299425424;-6.02;-18.52;1
274624;24.3726439309492;18.2374202662458;6.85455233667618;0.702036529925795;9.63;21.86;1
274627;1.76906544473619;1.14301704073924;3.70907411250274;0.74985835376407;1.5;17.41;1
274652;20.5403870180052;9.06170690161923;33.4104742990209;1.2075456582076;-20.37;-2.27;1
274654;27.1509461848812;15.4860400489848;54.9130838689529;12.8014038057173;-26.62;4.98;1
275086;2.05317859914008;8.38062145647311;3.69563279054581;0.847946313099942;-0.32;19.67;1
275099;30.7713450419958;1.88075301256284;7.2102100250858;0.69350106022526;24.12;-12.74;1
275104;28.7915970301624;1.74901392655586;7.15473302584048;25.130492598316;-22.8;9.21;1
275107;20.4519997529226;11.0216081870423;4.55376839308513;0.606372983529937;-1.4;-17.78;1
275146;20.410362752267;11.3973113861724;4.11216936734629;13.7167281373673;7.34;-7.79;1
275152;2.06083511139288;1.14964537329233;4.00413308996775;1.09003175409797;-9.23;-9.36;1
275586;29.2183154818068;11.7948396097939;47.0575577986707;0.857387743883659;-1.13;28.75;1
275598;20.0684859852072;7.99746405233433;32.83450346251;0.920960869900231;-5.82;18.84;1
275602;32.4199806175239;12.9501772487925;5.25792105522662;0.343162784147416;16.22;-27.52;1
275627;29.6894746508029;11.4321055395457;4.31667957825585;11.059556460929;-27.29;10.28;1
275630;3.23493698274349;1.2242583871309;4.98191165847452;0.512390606044549;31.09;6.46;1
275634;3.29193010368348;12.9181700757438;49.9671429294253;0.197468653606283;-9.96;-31.06;1
276099;31.2307424361844;14.4237752944431;54.9411415846871;0.938409401690979;-20.83;22.76;1
276110;20.812270507742;9.05358966590748;3.49967707135741;16.1717367620199;-20.44;-3.18;1
276114;3.63633710912658;24.9529867787732;7.70110315004098;0.713128623494216;20.61;29.54;1
276140;31.1149622266401;13.4866509678651;51.8133786520196;0.110474446827457;-15.95;-26.55;1
276145;30.7775247389994;12.8043731769233;5.1493158057305;0.855827480251101;-14.43;26.98;1
276586;3.4647812388253;1.29556240531472;5.15931787955277;0.138673570640241;-29;-18.43;1
276599;32.946345335939;1.23885065498099;4.87201734981373;0.619608881556141;21.99;23.79;1
276603;3.32870860442132;1.26604251153577;4.97633962895769;0.36599901805507;22.19;-24.14;1
276627;3.37586009078339;13.3066148950272;52.4265716271357;0.512048329100955;31.44;11.16;1
276631;3.44688665668738;13.2642643233283;55.7718409949715;0.234766851272586;-2.58;-33.83;1
277103;3.41293458719331;13.6193448320903;5.48105911673366;0.236581754157762;-3.2;-33.43;1
277130;3.25807596568371;13.6769010384659;5.74297509779803;0.79679406012689;-1.26;31.86;1
277229;1.99606826890638;9.654345903903;365.847137048049;0.220560416122667;-17.94;-7.81;1
277236;28.0992827850682;14.2336548962024;54.3794396571377;0.597519890077725;23.9;13.37;1
277587;22.7788438760333;7.56321910621389;3.4215855013874;24.2596657128669;-21.36;-4.98;1
277596;33.3183282726635;16.4397969099359;6.65421304899315;0.515791154242266;26.53;-17.61;1
277600;2.03972037471922;9.36771747640625;39.3794791778209;1.8367226344162;-19.2;-5.24;1
277620;3.22473149916099;1.5084005337853;6.02438681386737;0.233957816240793;-28.43;-13.46;1
277625;3.2349061093808;14.7364571743378;5.92358315965147;0.27677898262952;1.85;-31.48;1
278098;3.21905247033236;13.8309701834821;59.8234658426665;2.8164517151043;-31;1.64;1
278111;28.8214563029929;1.35420421422551;5.81076437474519;0.948894480584337;-15.93;22.25;1
278133;313.336870555431;15.5144324932081;6.5217773723972;10.2924444491712;-22.73;18.75;1
278151;3.06527316867815;1.62716912439823;6.52016554907585;0.355377907898221;-14.81;-24.63;1
278588;21.9455384922236;5.99002579382651;3.57474772306315;0.301722524097543;-18.26;-10.33;1
278611;3.16241421743424;13.1570312232643;5.26058600653174;0.264253238927132;-16.52;-25.76;1
278644;30.6047787247929;12.5174359497358;49.5654031419426;0.18972982274887;-16.53;-25.19;1
279085;17.3317139006468;14.1997124352838;4.63767490372935;0.400808739120741;7.29;-15.35;1
279100;25.1225242117482;22.9102217621624;7.15674240985245;0.839247248971703;18.59;15.87;1
279129;18.1226571359721;13.5179703034242;3.89595317745067;0.691865099570999;-6.67;-15.68;1
279593;30.2818786446381;1.27672490878671;4.95712646600654;0.561078780524143;29.4;5.05;1
279604;35.1516502970483;14.4629774549252;58.1973176941211;0.479797352335962;34.68;2.48;1
279630;3.76211671768315;2.51913849494403;772.788968999737;0.412612339752671;29.57;-22.46;1
280091;32.6622797761729;1.38672582320546;5.72150955508084;0.446432909408029;31.11;-8.02;1
280101;31.5008655646145;13.7922568775026;5.67363694050746;0.397781246290704;26.24;-16.09;1
280124;31.1892163152356;14.034295774562;58.1639027071816;0.482241166928514;26.23;-15.54;1
280589;18.8694628886318;14.2212212053461;4.26062135390564;16.364909272227;-9.87;-14.87;1
280613;18.5789106692352;12.9755659246379;4.11863232974662;16.4802478583107;0.66;17.02;1
280635;19.0822346175301;11.3106595645312;3.93523923058622;10.8396880481898;0.08;17.9;1
280639;1.71333177488439;10.1118174884906;3.3295238615232;0.760813498564523;14.14;7.49;1
281093;34.8241645788367;14.8149358424205;5.69019118711206;0.763323952895877;10.45;32.94;1
281104;3.31950971350218;13.2183581944683;5.25573127984155;10.2166203338783;-31.37;10.43;1
281107;3.24624816330827;13.0303601716277;5.16418225670466;0.206446892998849;3.53;-32.05;1
281132;2.98623772190789;11.7531825565749;46.5771449687806;0.740941633727826;14.51;25.74;1
281136;31.5516971128983;11.50825912948;4.78566630886375;0.155268677342933;-14.95;-27.42;1
281587;3.58633087629016;15.3187746071007;6.01704982274093;0.175879608806128;-27.57;-22;1
281596;3.34504640908646;13.17378867948;5.32507889040182;0.157143129701234;-29.05;-15.77;1
281620;3.39119245180363;12.7836899843265;5.25094373358728;0.255148628917317;8.62;-32.22;1
281629;3.28749845258665;12.480931081102;5.19253170481479;0.328387352200931;18.11;-26.59;1
282093;3.26145028451234;16.2240762852159;7.496440680294;0.889065608134317;11.31;25.59;1
282109;29.4527734246663;17.5229864118793;8.4356573947644;20.3546828997483;-10.79;-0.73;1
282133;20.024800828998;8.95863450006736;41.1341591674294;0.927346784806442;7.38;14.94;1
282138;32.1543645554676;16.4873731112506;7.65012072617334;0.693497678051317;-24.11;-17.35;1
282144;682.265115937644;23.4248047979616;11.3036632313459;0.468803451434478;59.82;-28.96;1
282587;19.5054669260032;11.7515697382979;3.65266891835538;16.8476213382341;-1.71;14.12;1
282608;29.2137796428308;14.5937404327225;5.69347220390277;0.666358645196915;25.7;12.91;1
282663;22.0945025267682;6.41161315960052;3.33795791030099;0.214373465766965;4.37;-21.48;1
283094;3.24349998336423;1.52388041651426;6.4121637467281;10.8885960034064;-19.23;22.96;1
283117;3.17645177661293;14.5745752714938;6.3052780834014;0.758577379216392;25.74;4.02;1
283121;30.6640616819451;148.899082836719;6.28772093950882;0.83286415480654;24.18;8.28;1
283150;2.13535747439844;13.0737684365567;4.57069496251477;19.0880113515276;-11.56;-7.81;1
283594;1.89530871823012;13.3320711077745;48.5104149059077;18.1576812171036;-4.55;10.2;1
283614;20.1732297845029;10.9427300610221;46.556399239176;11.8043538368433;8.58;10.59;1
283637;3.33444530464462;14.8266818712753;7.014244252749;0.877415094078759;1.87;29.05;1
283640;22.8534050873291;68.176858988771;4.07277957531593;0.958459159940523;-9.5;-15.48;1
283644;23.1175372350275;6.61249147450491;3.70773578985404;0.48417342150575;-9.08;-18.13;1
284091;1.82176032070765;12.5720754102931;3.76716753036684;17.0773046278698;3.17;13.67;1
284108;19.116140968303;1.3697450023162;41.0434066871612;2.49776681748467;-15.54;-0.97;1
284112;18.8054846609358;13.1787442474781;4.05001659002061;14.6174097672808;3.34;-14.48;1
284147;26.005096441575;21.1845993663746;6.98030104318862;19.2880734571024;-15.49;15.66;1
284585;21.596216401983;10.6418156049226;36.7830584157811;0.302149945334492;8.98;-19.39;1
284608;19.964833432581;8.82412268041276;3.27816792740721;0.275365416529347;-1.12;-19.61;1
284629;30.8356473720421;14.1670158361104;6.05557322226781;0.238202851120079;3.34;-30.15;1
284632;31.3053744447865;14.3435856996821;5.73781147968415;2.9212079593972;-30.9;1.3;1
284639;3.23263979736737;14.150456753986;5.81725572765425;0.157857485977914;-28.9;-13.82;1
285085;30.1280998282825;18.0734384214112;6.78197522470963;0.674366181537664;12.66;-22.54;1
285096;30.8347146593764;18.0635487683261;6.86114646297287;0.576877351880171;14.37;-23.67;1
285100;2.73635231587587;1.63514700813272;6.10611241009064;1.7857240280493;-11.59;-21.64;1
285125;28.8223592840339;19.6288331284231;6.5810519233954;21.8665177827565;-23.17;-13.65;1
285129;19.221330845889;11.5567324927094;361.862176067608;2.72364522379302;-18.29;0.91;1
285654;2.927180092399;12.0854822202745;5.1331147952718;10.5957108922501;-25.25;13.99;1
285677;31.620375699866;12.727143385514;5.38725443137051;0.875560104235631;-17.62;25.68;1
285680;3.01398490158404;1.24213034925576;5.13576079818901;0.54403634824576;28.13;9.41;1
285707;3.2590400687949;13.9588327475661;61.1387875707148;0.833666347968536;-10.78;30.06;1
285712;29.5710963698711;1.34170258235343;5.63654967563851;0.942436970180937;-7.93;27.62;1
285716;3.31711198016736;1.51792104136185;6.30648899055616;0.619968836464997;28.58;15.4;1
286092;3.33096625565385;13.8544103681526;5.55785790817528;0.105564647925265;-25.51;-21.12;1
286109;31.5915356133361;13.5838580756075;535.331700850249;0.529296587503108;-23.99;-20.23;1
286130;328.738955258331;13.5399325723407;55.4807947135256;0.940677406379483;-25.54;20;1
286134;31.3426290835898;13.0453777018135;5.24904152772107;10.2284184864921;-24.02;19.48;1
286140;20.7150506450108;8.27283373871848;33.9917800315273;0.430657291131014;19.26;-6.65;1
286598;19.7638044594434;11.6556350773637;3.57059525623918;0.996850635887724;-5.26;17.61;1
286627;1.97934874862788;9.56686371713168;345.584470185489;0.811968286160476;-3.54;-18.5;1
286660;20.502874219901;9.99252750284747;3.70347944562986;0.415109356362473;-2.84;-19.31;1
286664;2.69007718557865;16.6148400951404;62.630524788304;0.934920399109557;-8.03;24.11;1
287092;27.2809390916304;13.1623976495238;52.9189642153479;0.520553726007248;26.24;4.25;1
287108;1.95198469134941;10.2565376620566;4.02766510276706;0.919826230179946;-0.69;18.74;1
287112;31.0917655009118;1.69270846934549;6.28783423015722;10.3067484075161;-15.39;25.5;1
287145;2.00589197882954;10.7379596667657;3.47265593059463;10.8950871070577;-6.94;17.12;1
287611;303.493644934955;16.8486461914862;61.8222390621652;21.5200797791545;-12.74;5.07;1
287626;26.6091443989771;1.53439455013851;54.50370810211;1.2986149690666;6.94;-6.1;1
287670;28.1314658159818;18.1267993037378;644.530441007067;0.981891982748719;17.65;-6.88;1
288086;3.37331915751899;14.828859316461;58.0953427342996;0.676621734945321;29.6;-5.42;1
288102;31.4030408044897;13.4487403606466;5.51897795119748;0.632783313671479;9.43;-24.24;1
288105;30.0830768703074;13.5199378702594;55.1684868401266;10.3818912013459;0.5;24.03;1
288136;30.0841072073359;1.52599917184213;57.325465291756;0.947639449974878;12.22;-13.86;1
288595;3.27017053241696;14.8297417533052;581.855616025152;0.740508468069129;28.42;2.74;1
288607;29.2538522525604;12.4678033843304;49.1909748767857;0.651584788116024;25.44;-5.26;1
288654;30.705846308046;1.32741394141326;5.54610045975044;0.781768595869271;19.01;19.31;1
288658;31.2366985594939;13.9425474761658;6.00993314518855;0.410885888849227;-16.8;-23.07;1
289088;31.0466947951975;13.8133306969719;56.0106868009407;0.679604539248901;27.16;12.49;1
289112;30.1669284840445;12.776061202494;5.26600657268462;0.940881802869862;-6.64;27.76;1
289140;33.2761861287517;1.44904640821316;5.69462776173616;0.722911289226609;28.1;-13.18;1
289143;32.2438088888535;14.0523449082818;5.65228128426404;0.748412468736513;27.9;9.24;1
289583;2.95871024250438;166.570452830422;618.539627336048;11.3945134605037;-26.63;11.66;1
289600;1.82172360744779;961.149732070152;3.75736266776985;0.917742107338288;2.43;17.1;1
289603;21.7571692117635;990.650286592683;3.61316465611811;0.324683185243421;5.54;-20.37;1
289627;28.3567900439777;15.6056268502875;5.80889979953369;0.257609943720708;-4.62;-27.5;1
289631;2.67769077070125;15.9627006196591;5.83253480172441;0.844910793883762;9.69;24.48;1
289634;28.2162652751894;16.1509674678999;5.88954586536945;287.484722280264;-27.83;1.53;1
290102;31.9559949697252;15.8047622568538;6.25766384414997;0.582632835115911;21.86;22.86;1
290113;29.4757774778842;14.3126549913419;5.64315196480841;0.24470755790644;8.5;-27.99;1
290138;29.1179009203532;14.642436881299;58.1340191240986;21.5533823906733;-28.77;3.12;1
290589;22.1867698254685;12.3855516194768;4.53816717836702;0.328908620479889;5.04;-20.96;1
290602;3.01572839530145;17.1895333678131;6.37966705298071;0.636341110315479;17.76;23.56;1
290625;3.23378155390152;1.7262847883419;6.34766588915898;0.249895658134501;-28.72;-13.17;1
290630;20.1349423917307;8.84078529823885;3.20230998680305;0.913506260324249;3.38;19.25;1
291083;29.3330374975769;11.7835400045441;4.6346273755886;0.837031309945703;-11.31;26.83;1
291107;33.4429957969299;1.33424447932531;5.4582342262621;0.159156902838834;-11.2;-31.17;1
291128;31.1634809381672;13.8373811113094;53.273393213713;0.658121355103804;27.8;12.72;1
291592;3.15847334208658;150.815917317384;5.8921365303155;10.0587848578109;-26.93;15.16;1
291615;22.4962135430221;7.98738455624772;3.32811153935675;0.268122164231177;-20.27;-8.08;1
291649;29.8871135675722;1.31022388205978;52.09118145065;10.0529787853589;-27.28;10.83;1
292090;2.23857801585592;1.05938170594766;4.28931068991969;0.314503269718539;-19.72;-8.04;1
292104;30.8977538590272;15.2635363361671;62.4409241180145;0.367100786351237;1.36;-29.55;1
292129;3.0977013569665;15.6320146595271;5.93201269317971;0.57044164413049;29.47;-4.72;1
292133;3.4870561445727;168.371377215479;6.4557931620616;0.64204155147192;28.04;18.69;1
292589;2.86703613109614;13.4479912961693;5.15947843749152;0.476756115042387;28.17;-0.97;1
292601;20.1290691126023;9.31388162730831;37.1385345623504;100.356642098226;-12.85;14.81;1
292625;31.4170589775413;13.8322787607211;54.7584299631773;0.205967486411699;-16.42;-26.02;1
292641;32.8157592198104;1.42560505107902;5.55600594192856;0.933584832204839;-11.57;30.19;1
293082;3.4214984919457;16.3968580409763;5.93445005562101;3.05540508532901;-34.05;-1.68;1
293098;32.134161720426;15.1359216352688;5.58610300266758;0.289525840325976;17.4;-26.84;1
293121;29.2028944522187;13.8501954095374;5.18850779585566;0.927078652606706;-23.91;16.51;1
293594;3.30477823555057;14.1495290963198;59.3518948407289;0.658005314170088;21.86;24.07;1
293609;319.472388599745;14.7941552836479;6.44900125984369;0.279920527300396;-27.28;-14.15;1
293631;2.01754927342267;12.8103607533305;4.40811751739862;19.8986902913924;-1.01;12.56;1
294089;1.65545121619173;11.3198285527304;35.9934251464958;1.19156743270914;-15.18;6.3;1
294110;28.9828541339498;20.6625911989295;6.44943016727888;11.1338456660561;-22.46;18.04;1
294114;1.9644680825025;11.6311191951101;33.798570230144;0.143649278343815;-18.84;-5.28;1
294137;17.7058720318054;13.6089213031824;4.37826265049499;0.799052346032017;14.84;8.29;1
294145;19.9052138618073;11.8553880689631;3.69966544336911;26.7926025826565;-19.02;2.1;1
294583;30.7308082021435;1.60897795164659;5.74564735033545;26.7099984510162;-30.43;2.08;1
294601;3.48821210998659;1.82079291630378;6.47869561330747;0.0579087408237112;-25.26;-23.94;1
294627;32.002459571142;15.8342970594599;5.8715163523412;0.147343453086048;-29.38;-12;1
295088;30.0313392058412;13.4928197036858;5.49699632677678;0.667212604509791;27.97;9.35;1
295102;3.42614612163482;14.3288874061859;5.62271353667842;0.157384090526459;-33.19;-7.34;1
295128;31.1035689504089;1.33735461855764;551.117387153059;0.797215617320848;1.07;30.46;1
295596;22.6229940628659;9.2633722136581;4.16323425368299;0.294279460260937;-14.5;-15.89;1
295609;30.7752419396092;12.6141275374632;5.49612607069915;27.5939103288195;-29.11;-5.16;1
295632;34.7853773440377;13.7165948509467;5.80667210708733;2.86910868846929;-33.58;-3.51;1
295642;30.7157542915662;12.7207153445634;519.402835451657;0.752069024790673;17.12;24.24;1
296096;3.28149067525442;12.6377924219372;4.96742281575265;0.281360453752095;-4.8;-31.58;1
296108;3.33837922713556;12.8906081813413;5.01893358095746;0.25554677640519;-6.05;-31.88;1
296129;31.5324273936286;12.0452780784819;4.78067291223951;0.728998872976116;11.34;28.38;1
296134;2.07820613869772;8.294849345995;31.5440179868378;10.9937775858346;-13.07;15.21;1
296155;32.0222333213401;11.8435538191106;5.41535284710771;0.285946252177729;-27.52;-14.03;1
296590;34.4021181588592;13.637724649683;5.74153533138806;23.9209461001962;-29.95;-11.71;1
296603;34.4506594037514;1.39344409739284;56.2355095424192;0.433577678162769;13.62;-29.85;1
296852;3.4012296843005;13.5186513823635;56.7346074532057;27.950737522174;-33.14;3.63;1
296868;29.9114636888932;13.1500282110543;53.4192243906656;0.640762872591494;26.96;10.04;1
296894;3.4351609945212;13.2141861244254;5.54641392839626;0.171147232074935;-29.25;-16.93;1
296899;2.86220495586603;1.16590100135461;46.8326179926421;0.702596627884761;18.69;20.91;1
297092;3.06507728685018;12.9156163127771;5.33865088516914;14.6653423266876;-28.02;10.09;1
297105;31.2089968535134;12.7610097007824;5.51992695138343;0.410230034119485;23.44;-19.45;1
297108;3.07196156564661;12.6818950487875;5.39886517090663;0.518651863033988;29.1;7.87;1
297144;21.8320661716496;10.4910711464033;3.8343788836761;0.556624822967354;20.91;-1.35;1
297583;34.1098933899044;13.8845936710568;5.43870110830748;0.160458774081369;-16.96;-29.16;1
297598;29.8795326624342;11.6925719334682;4.65471594443554;0.239175696451794;7.34;-28.56;1
297602;3.2189060779568;13.6128308584453;52.1219138545638;0.288558616165166;4.28;-31.48;1
297617;2.90083896454493;11.4293982547293;4.75314156770417;0.903472570507844;-20.18;20.2;1
297638;3.20704583389522;1.28950490020311;5.2159264989592;0.310508818796241;10.23;-29.8;1
298122;2.01182183057344;13.2134938119021;45.4588090284478;0.885114609719729;-10.86;-11.42;1
298174;2.81473700049232;1.69018767544096;6.56082719462652;0.980314476640454;15.43;13.36;1
298592;2.70780091366256;15.3864654391425;56.3938068564924;0.601288390208086;3.85;-23.35;1
298611;28.1289046700644;18.5157507826106;6.11035198644842;10.6414569996203;19.2;11.24;1
298638;22.0316795514344;11.1141164578209;37.1608288871517;0.538324229651039;-18.61;-6.83;1
298642;28.2704368927592;17.3607882343188;6.00741494156957;18.078120600173;-8.1;23.52;1
299090;3.45697100691934;13.3587763719629;5.21142200371301;0.336541687850597;12.05;-31.3;1
299105;30.1924413895503;1.22099173933988;4.92971034301076;0.591198948122465;29.09;-3.39;1
299109;31.4550443580042;19.53691962933;56.5107933558349;0.276763291511446;-5.5;-30.02;1
299129;325.826868333064;12.1771082012617;5.04725794333539;0.31013552095533;10.08;-30.18;1
299133;3.31619092041959;12.2895670308526;497.149824994056;0.195412012295836;-23.52;-22.46;1
299145;22.6928634449428;8.9808673084979;3.40310771042915;11.1030402606466;-15.25;15.88;1
299588;2.99033488811963;12.5632363367026;53.0910395225602;0.527919860453867;28.03;-8.21;1
299604;2.9051589202076;13.017379811923;53.721557616627;0.699699374335329;14.13;24.31;1
299627;29.37191187137;13.3915727588658;54.3348215744543;0.273256632027949;-9.83;-26.69;1
299631;3.26997372873273;15.3076584069191;6.07967319881525;0.359284889168452;14.99;-28.04;1
300080;1.78689261467798;8.21771682699929;3.29934966514045;0.827685267411654;-3.15;17.15;1
300093;30.1003082515038;13.6641989441033;5.43002256713373;0.72577527592115;8.75;28.18;1
300115;31.1993434805098;13.5659380920297;5.46952355309844;0.324116528272909;13.23;-27.65;1
300119;30.3889218792026;1.38015427214568;5.51297222498875;0.85584731175414;-2.19;29.8;1
300592;3.40716731976505;1.58326253761018;6.1454477366987;2.31600466515464;-20.23;-9.64;1
300606;3.23739628245292;15.4488036984149;5.7534370219578;21.2245361569067;-13.82;-6.54;1
300630;21.9528843438822;8.8708554123444;33.0540195445196;21.6153376205861;-2.67;0.27;1
301086;3.08651240052682;15.095357963881;5.99449590998276;10.2005634119116;3.79;23.47;1
301099;30.1458317236812;14.6073275691292;6.19228696774582;0.83690983607991;22.02;-0.04;1
301103;3.23773794216658;15.4473974607342;6.3156798154346;0.886589350153147;21.67;-5.56;1
301127;2.61098113767833;14.8249781760939;5.1895674563117;1.09733139407779;12.99;-3.9;1
301136;2.90693255839337;18.0656710748664;6.16526205812204;12.6355778728453;12.89;7.65;1
301595;29.3069178222259;16.6953733019997;5.67833969772464;1.15760310396076;-27.51;-9.85;1
301608;3.09471344490165;19.0536833376558;618.388049800235;0.816134414719655;-7.83;29.7;1
301631;1.80986430931245;114.707230769319;3.21917002697487;10.8356592443626;-3.25;17.51;1
302084;3.05581388395908;13.6887386063962;5.39119031489352;0.409508274742827;2.8;-28.56;1
302097;31.5981545974651;13.4764712128979;5.52051486675794;0.380709098503884;-17.88;-23.32;1
302122;31.200562053388;12.7548854074021;5.05830273199967;0.47490752193823;-12.18;-24.82;1
302126;33.2805464430204;14.0701355206228;5.44511206225174;0.699334601774577;27.8;-6.45;1
302600;2.87873492788121;16.3405875027468;6.19623687971753;0.601988666311186;26.72;-1.81;1
302623;297.283805846781;1.37283663335398;56.9522669766764;0.369720141494279;-7.81;-27.08;1
302644;30.6365207817339;12.2593351499824;5.25925560770821;0.973467723832358;-15.28;25.4;1
302648;3.67673959988863;15.0414584203921;6.2797293526473;0.225095919225635;-24.18;-26.38;1
302651;33.9361958193048;13.2481467600331;5.68762324604768;25.4112659434983;-32.37;-6.33;1
303094;19.8358645539798;9.75285780537178;3.79849136093714;0.946733712795932;-16.11;10.99;1
303114;29.6447031988117;1.58914732865773;6.22144673518697;0.648943380982366;18.4;22.24;1
303118;29.1312771751407;15.8101274108473;5.93490118195152;0.690995802711559;22.23;17.23;1
303142;27.8516562114239;161.915735646138;58.0628484667256;0.65133041371042;25.51;8.17;1
303587;30.9706239639574;12.6641868278906;50.4719294606198;0.272605698784084;15.59;-26.53;1
303597;28.6301243911701;1.2256054711336;47.2417376218102;0.529703522206375;27.89;5.4;1
303625;30.2789715984606;11.6530073276164;4.80519411387796;0.0651663360124008;-19.13;-23.29;1
303629;329.021618229122;11.987982487922;5.30456297804243;0.191705147407585;-24.82;-20.66;1
304082;31.7924203717974;14.1695011914939;5.86143959397128;0.958031626235656;-14.17;27.62;1
304097;32.9513647470781;15.4103779407935;62.5661735437788;0.300957074571748;13.3;-29.48;1
304123;3.24414223088921;1.51059195985541;62.4867265243789;1.04621963117309;-14.55;28.15;1
304126;33.3615052398078;15.0513071314861;626.597186624128;26.5287921237522;-32.37;5.18;1
304594;2.10717297075474;10.7043102188626;41.6932551899483;238.775333481602;-20.75;2.29;1
304608;31.3724152554324;15.9570769434732;59.4397837565657;0.420650593749759;29.21;-10.76;1
304630;29.0906066349692;14.7497157248257;5.73625470076846;0.352073783129971;21.4;-19.14;1
305085;30.4378522490537;13.9460475243269;5.46061885432113;19.098505303374;-28.66;8.34;1
305100;32.4481973737344;15.0690462307311;5.82807150021663;0.714385205210104;13.45;28.66;1
305155;31.916766943726;13.6067595276923;5.9642655637965;0.244871632226516;-24.56;-18.58;1
305589;30.5868409327939;16.3377250560326;5.91452008600023;0.624785928477814;29.68;3.47;1
305599;29.5458766046388;14.3444818263263;5.56399770322462;0.925251736420692;-20.07;20.74;1
305619;21.8866160574727;88.394272135276;3.44603525267226;0.490863482668897;20.32;-5.87;1
306101;33.824762021413;13.5227581348455;5.81213571466107;0.294865604538816;-11.48;-30.01;1
306114;33.8460759001691;13.7261662629542;5.99474285544284;0.591949181968632;31.59;3.52;1
306134;30.3439849368382;12.7860082626974;5.25064515922721;0.741476104542198;15.72;24.33;1
306138;30.2844975596646;13.028962367314;5.43046496780111;0.537983270215467;24.32;-14.9;1
306142;21.5754052232208;9.31056595964457;37.983472045774;0.967227577613708;-1.61;20.21;1
306608;33.3572649644139;1.22551528509899;47.051037159916;0.153435032678904;-22.48;-24.14;1
306625;31.4963130116713;19.6229153496892;5.51386985208996;0.735233976261219;3.34;30.82;1
306644;2.03250973803845;78.5672934975319;3.20315253403149;0.471266722422517;19.7;-3.5;1
306649;3.20346410874624;1.20017118148378;48.9562718666352;0.667469717017978;17.17;26.49;1
306653;3.61722500013381;13.0174865502595;5.3308420274946;0.224715370190782;-21.78;-27.88;1
307088;3.22931448119329;14.5086977867142;5.89919142889834;0.129117644509964;-19.69;-25.36;1
307108;3.09526648534243;13.3278945830291;5.40018818072895;0.272756682765211;9.33;-29.22;1
307135;31.5449716508725;13.4009298015745;5.39854062447404;2.79344023553165;-31.14;2.42;1
307138;27.6442883929056;11.0826630264457;4.92578531779732;0.473409755006595;27.08;-1.59;1
307580;29.4471519109067;13.2109868207971;5.38088493765862;0.123784027048901;-16.55;-24.13;1
307592;3.17255962777796;14.5740808620266;5.59038792890109;0.207103577078137;0.99;-31.49;1
307620;32.9450477223063;14.4870322271694;5.65617071916269;0.261461759494272;11.97;-30.3;1
307624;3.13635380457405;13.6784691355061;5.28464846377289;0.580086962096684;27.17;14.29;1
307630;30.5234555971489;13.4400191953902;5.18966477333415;0.714965951932287;8.78;29;1
308095;30.1166075015977;15.1805572717759;58.3979131198303;0.205115083627358;-25.9;-14.12;1
308109;31.0860691782787;1.73208706635038;6.58469833814712;0.394131425542025;20.87;-22.14;1
308134;2.11050860755191;11.2936384779722;3.79381545504191;0.699409699765008;18.94;7.5;1
308138;2.15316361888261;11.0270528196306;3.63923611900795;0.504739365286799;20.63;4.71;1
308605;1.94933695425653;12.5919351365361;38.6506874836014;0.390610191588171;-16.22;-9.82;1
308661;19.07115884114;10.9240448340084;3.45875921936798;2.55564174261369;-17.61;2.27;1
308683;16.670711110021;12.0093341861921;3.41711361321601;0.81146974579514;15.64;-4.26;1
308692;3.00218859829337;2.34492640387171;7.53919676514922;0.78079875081189;24.2;-16.5;1
309090;3.21420663097166;15.6430895422875;6.53285507880416;0.386945995654203;27.4;-15.87;1
309103;31.7825238267494;15.911812230128;6.70642827886253;0.690704382105224;13.6;28.26;1
309107;29.982191671307;1.4251804390864;594.836566574047;0.1445848634756;-11.49;-27.39;1
309127;28.8497216916935;14.8501088136936;5.75616701605955;0.708173431136934;6.61;27.76;1
309131;21.8324259661864;8.99907717966051;35.3210252415206;0.645656038963854;20.09;7.57;1
309140;30.2216004823181;1.5440275716275;6.05230765536362;2.81837552700167;-29.95;-0.36;1
309592;2.65006318562038;17.99292120468;6.47293371066824;0.752883682580005;4.6;25.71;1
309608;29.1535954241355;2.02435785862548;6.37541899346307;0.70677731194523;20.01;-20.69;1
309661;20.0617516337192;13.1570400467558;3.69021317545498;10.2072300267408;-18.7;-6.01;1
310098;18.4422060933988;1.23591020618656;3.6785767284641;1.61185778990305;0.44;15.59;1
310111;2.62523168186072;20.9541179325733;6.50615106264222;15.5773329925703;-20.77;11.12;1
310136;2.53115595612166;17.4263444072518;551.232795808489;0.90698542883827;10.74;20.94;1
310150;2.91088579041869;18.0459659688974;5.94427100958175;0.564134644634816;24.28;-13.43;1
310593;33.90855689569;1.54695787879289;5.94010828681799;0.98272710678224;-29.58;16.08;1
310619;30.9876602810605;13.506344686601;51.6395765943248;0.753286862342345;12.47;27.99;1
310639;3.34462495973543;14.3752463138662;54.7537490567391;12.3374075135535;-32.64;6.31;1
310643;2.13237330171816;8.99870252770947;3.44274179448393;0.947286097089283;-9.17;19.05;1
311084;3.25256598430142;14.1203078308054;5.8732998121411;0.232108949904283;-16.15;-27.34;1
311105;32.0453233098065;146.016922162924;6.22091560500378;0.379014004108227;16.05;-26.6;1
311127;19.4569464027608;8.90433258358452;37.1519584640762;0.416693900703715;16.76;-8.1;1
311135;20.5870596511101;7.02713982344506;33.1909525259213;2.80886049539132;-19.61;1.26;1
311592;1.93941865695324;9.42935425261517;3.41375087487923;0.484290368698306;6.61;-16.9;1
311611;27.0964235285111;16.4972835913532;596.928860185048;0.988569747244394;-3.69;24.97;1
311614;20.7586446749111;1.08858419696509;3.80429217679793;0.525137175548195;5.54;-18.39;1
311641;29.1605662805121;18.7860225196894;672.120598199662;2.10939935349892;-19.55;19.36;1
312088;21.2201659774427;10.1268085162206;424.936013336786;0.302556719910463;-15.4;-13.2;1
312101;3.02720286930464;15.5152073332708;6.51522902796425;0.61768274636345;28.32;-2.95;1
312127;20.3951874888247;915.278932224612;3.6760600236409;10.5278421171519;4.7;15.67;1
312131;21.0870905828281;9.21504003767892;3.7577376057804;2.55253308374946;-17.44;3.06;1
312583;1.85669923120207;8.11044485221033;3.79524511454378;10.0374981757395;3.95;12.76;1
312609;3.07586884877841;14.5009240407179;6.78082667846822;0.661554327104908;21.6;19.76;1
312639;3.46591511270444;1.44821984895926;61.461547185077;2.67113254145738;-29.94;-11;1
312642;3.27005932747266;1.47102066713721;6.04440070214826;0.647067618292225;30.65;5.03;1
313095;22.7332094746467;11.5108396662446;42.2568508094702;12.2126115716553;5.65;-10.99;1
313106;3.08108203178214;16.2423927079541;5.60708596438655;21.7307685641947;-12.36;-6.6;1
313131;30.8629627773372;12.1652261602728;4.81299765932218;17.5636135511251;-24.49;14.26;1
313136;3.24438014406392;13.1267930394704;5.05724401732682;0.991491907903565;-15.87;26.17;1
313584;3.1124071590962;1.86685401239499;6.6644964652442;12.7242053456561;8.82;-20.99;1
313601;2.83448650539252;14.4263774639146;5.65579922387002;24.5635024007377;-22.62;-8.81;1
313631;33.3645901284312;13.5275953747359;5.58030226243602;0.185624933580492;-19.56;-26.43;1
313644;3.00163110571623;14.3388294870401;55.1933703408478;0.522129003139519;29.17;1.88;1
314093;20.4585974291251;8.88045485841063;3.81118371822306;0.633152719309298;9.37;-14.04;1
314107;30.9460003520184;14.1880174342392;5.86254632686659;0.762592094385982;23.87;9.98;1
314145;20.2290658997743;12.1629479352508;38.9454252941526;14.5452253013152;-4.47;9.81;1
314604;17.1094659751679;13.2180375708554;43.1102222045984;0.930805356629853;15.2;-1.11;1
314619;2.09880081127448;15.5449609934067;5.14887875399762;0.77431075840429;18.08;-6.81;1
314643;1.81802821567384;11.8150005303221;3.42223729353321;12.2198656458828;2.3;-17.46;1
315112;3.16597686994384;17.7986704606201;6.38120012182236;1.36597110180137;-31.01;4.32;1
315126;323.582695415545;17.578816663462;6.33877577761243;0.820071831316329;-28.17;-15.41;1
315147;3.17277619236035;17.1884347364024;6.11540278838985;0.215040982611855;-0.99;-31.36;1
315582;3.26594197935244;24.246232835977;7.57167389747746;1.78878592289822;-23.11;-21.63;1
315608;2.84193658196083;20.3404088373539;6.52209761205329;11.9595469299197;-12.71;23.29;1
315631;1.83000396144764;1.27840230534152;41.6209192340755;0.660511730439559;15.97;-6.13;1
315637;18.0297796796142;11.3613792136697;3.35289080884456;1.00616734740381;3.6;16.63;1
316094;28.9910616889766;1.91434138362323;6.32233563763036;0.942748036645876;-10.35;25.23;1
316111;2.22391488213026;12.0395390663496;3.80940400136817;15.5425667977302;-9.04;-19.02;1
316116;2.78608410720556;18.9143002939726;6.26851197351226;1.14836052686554;-15.26;21.26;1
316149;28.6393394444598;1.92293790422161;6.4960171847678;11.755637762713;-24.6;10.95;1
316605;27.732446675624;19.2080277800726;62.098569716252;10.7122774049275;-10;23.9;1
316616;28.4264801547264;19.6095678060638;6.35717093970756;0.984020039844484;-11.15;24.34;1
316619;1.9335565128062;10.8277973913123;33.9544690216894;13.5883576941831;-1.43;-18.18;1
316642;2.91923723899874;20.1377082517697;6.94518470200648;21.9666563346472;-25.97;-9.25;1
316650;29.3318641287235;19.024660626512;631.451766306103;20.8611994712554;-23.83;-14.38;1
317035;29.6689905474738;1.97747337374479;6.48239916452875;0.63501283325633;21.01;-18.17;1
317050;20.0769012422059;11.534032564733;35.166947726403;24.7750989402258;-19.11;1.98;1
317053;19.5241071102632;11.6676013831659;3.49964693680884;28.348604434001;-18.64;-0.06;1
317081;19.9126340209387;1.11851417932081;35.3458938515719;1.25709081121014;-1.41;-18.82;1
317096;18.7946183706209;12.8737108329189;4.24748600151114;0.576264907796693;7.32;-16.18;1
317144;29.3432604509816;1.97008707731465;6.56282718787107;0.881995981631915;16.38;21.46;1
317148;26.712459486093;1.80963740974655;5.94160242565235;10.4714777122237;-17.7;18.12;1
317163;2.81235470153304;19.7497071940474;6.36789256873835;0.884388698049037;11.1;23.84;1
317184;18.8835784831225;11.1173544983277;3.40044235747739;0.927925368380063;4.56;17;1
317188;28.8141668846969;1.95923200130081;6.5297183137193;0.808371963027857;19.26;18.67;1
317402;19.1223814997303;12.5757638587222;357.333597862831;1.48639357498498;-4.79;-17.61;1
317424;1.95823070634758;1.28107291598737;3.57482687616046;1.92325901697101;-17.59;-6.77;1
317748;1.85516444055288;12.9144503530983;35.2620420098328;11.2546868919001;1.35;17.8;1
317763;25.921696884896;1.96944340923679;61.04923940464;0.97988913689909;14.15;-20.45;1
317789;2.58615947564033;1.97576617191735;6.16685217579909;12.1700319608161;5.97;-24.34;1
317793;16.5200021294527;12.8502057891822;3.90501787126229;0.926450244100182;15.68;-0.42;1
318151;28.5085534031189;2.17387238834143;6.73003185922408;1.07241646992266;22.37;-15.29;1
318172;27.9821288001226;21.8611938944277;6.6560338809194;1.05481418224905;21.53;-15.61;1
318197;2.08308169085393;13.6855417760843;39.3754877914865;0.943088881873318;17.6;8.12;1
318632;1.8572872453109;11.7276443581451;3.50272881474662;0.992554491101647;15.66;-0.3;1
318654;21.4030317219649;14.0270907095942;4.17103801783161;19.6249881276208;-15.67;-10.37;1
318657;21.7607178230433;13.579896733347;4.04110570605002;18.7573467968397;-9.99;-16.34;1
318691;2.8349760134771;2.1089915495513;6.86988799119902;11.0543230288683;15.76;17.88;1
319127;20.2899088309633;13.7238917087804;3.90644674066625;0.846882745272068;18.56;-5.04;1
319140;18.3115760769246;12.3034633147857;3.44584255451296;10.5714787423692;0.64;17.48;1
319164;20.6016227989652;12.723741626104;36.5520033435249;0.819162772194563;-8.32;-18.71;1
319639;21.1211518573362;1.32588007922006;43.8572620122582;11.6646847599681;-6.57;16.02;1
319658;18.6701074390539;900.106918779399;3.62425282648137;2.61903232459716;-16.23;3.32;1
319662;19.6216038997941;11.9588869342684;4.82283142243062;0.62657077112909;8.86;-14.47;1
319684;2.96835398929885;18.6768652669693;7.60929418345187;12.371512465015;-12.21;16.76;1
319702;20.8938791574784;1.1605905220308;41.9401621270006;19.4508707885807;8.26;-2.15;1
320130;20.3335304701093;9.69389524161524;390.826542574165;22.9398453725496;-8.7;-4.17;1
320140;18.9949083785513;9.8698038112391;3.71548539954409;1.14004035217993;11.51;-1.9;1
320162;29.8214515738099;1.84245618082299;7.15807728121372;0.612128413666657;-7.48;-24.39;1
320167;1.91800593909478;12.0672886014116;4.41847902582619;0.746365873303782;14.98;-6.97;1
320647;24.090580094983;1.77582817064447;5.94379933972528;0.656845009239066;15.02;-16.17;1
320666;20.1918181145744;12.8996171671331;3.84836575181153;11.4497941791901;-7.61;15.4;1
320696;21.7295666105633;9.5839640411976;36.3538792830804;0.778345663430801;14.32;-11.2;1
320702;2.91900366935614;16.290037062376;6.21470163268928;1.0704145607176;-21.38;13.58;1
321149;30.4315108747751;12.3746489601416;5.56385099638342;0.148349602159733;-24.43;-17.59;1
321222;3.36218172748179;13.709675660967;55.9405561846877;0.151985595886819;-28.45;-17.19;1
321255;33.2412273977594;12.6535598794051;5.2555783427481;24.8366321910089;-31.3;7.42;1
321640;19.8106596614178;9.75873837930322;3.61337162357143;20.399952554705;-2.98;9.71;1
321653;21.2804410001013;8.68357577294197;3.76424089931276;0.80515916456442;16.69;-4.9;1
321688;324.715781465541;1.63160205401587;6.61786898332391;25.4041057918613;-28.21;-5.17;1
321692;31.0000142234554;16.1211310956981;6.3837616681518;0.586509659348396;9.29;-25.23;1
322136;28.2190639564179;14.4960320712507;5.70048569136572;0.878494954914114;-17.25;21.76;1
322153;29.1797879204759;13.5488835844883;5.458682670065;12.1564571653011;-26.33;11.91;1
322193;3.21616661834075;13.7433795513851;5.60671899311856;0.911961200701171;1.69;31.88;1
322641;283.695303299013;1.66573302003397;5.91085165544744;2.441152348918;-20.34;-3.6;1
322658;29.3674722267282;17.3796669259251;6.24653786180668;0.62745810644096;-4.65;-23.93;1
322662;3.02264409002853;16.9063491325255;6.25699152425342;24.8815156070417;-23.77;7.39;1
322690;29.7275494760415;15.0007695837413;5.7639359109436;27.0799235127594;-26.88;-4.03;1
322694;30.4890547184411;1.68075502614986;6.15443983258899;0.625154398819687;24.82;-10.62;1
322700;29.3302168873715;16.1449648672207;616.103999179232;0.627910536395236;16.89;-19.04;1
323141;210.676196180844;8.53069386907956;35.7922829262199;2.07898546099045;-5.75;8.07;1
323156;21.2084722064916;8.62721636599384;3.67867298279429;2.22784324091555;-3.94;12.25;1
323190;339.283721128043;1.60469848214576;6.64257579674455;0.815484552933954;18.4;23.64;1
323194;34.8277272164496;16.9381751065491;6.97623666982805;0.453075991906418;-23.21;-20.89;1
323637;3.57797196259544;15.8456418745596;6.09517316751976;0.939525775868763;-27.01;23.13;1
323648;21.372402958555;8.83777264837045;344.352880775503;0.375968675871212;19.04;-9.18;1
323673;31.273183339013;12.4642647472896;4.94360311402524;0.857348090756876;-15.45;26.83;1
323676;30.6118444904612;12.661522067554;48.9741548713046;0.849641568305597;1.57;30.27;1
324131;30.0126505039375;17.404596676983;609.465034569139;0.488597803963778;27.74;-10.17;1
324145;2.22123698870096;9.07937761506692;3.30512395979761;0.199516641817076;1.44;-22.06;1
324178;3.25122867927819;15.6674016194272;5.68046199026548;0.593615042957182;23.83;21.78;1
324183;2.88216770333573;14.0469964399889;5.16662228347382;0.732920548448803;13.45;25.19;1
324634;31.2778210354684;12.8999883405633;5.41163461205621;0.193566780673625;-26.26;-16.12;1
324648;3.15394722338921;16.6273035443362;6.65874922299436;0.670804808309836;25.32;17.7;1
324677;2.72279606489641;22.3339478546554;7.21866782121672;0.71113669937742;-18.31;-17.63;1
325130;2.8555859267686;15.7797202307684;5.50736338283251;0.800502240894018;-1.48;27.92;1
325159;32.677546325564;16.3319061065528;5.94601860953558;0.224400657886366;-4.62;-31.93;1
325188;31.6269786731081;1.70586280670793;5.87415242606494;0.783999185444629;5.32;30.85;1
325642;29.0257723622972;1.71796384570865;61.0955738413942;0.993846078010599;10.96;24.95;1
325655;26.4351027771756;14.597369279056;5.52735947048012;0.522517003527207;25.33;-0.89;1
325660;30.8668275139248;17.4913325446799;645.859598924467;0.626412779646212;20.97;22.07;1
325683;32.9364266134215;15.6027154393901;6.10274543643887;0.139081455610596;-12.23;-30.36;1
325686;31.6541696170318;15.1305527465141;57.9965725259293;0.567769727192257;30.51;7.46;1
326139;32.8161482687145;16.5591469330497;6.05587153854705;0.864438654447477;8.65;31.34;1
326156;29.8174373513044;16.7608884205539;6.16238910662915;10.1140562755412;-14.67;25.41;1
326161;28.855978366758;15.9133297292916;5.8144523784513;0.65210804861272;12.15;25.73;1
326188;2.87047007458829;14.1674765371402;5.2220922905474;10.1111205179264;-22.42;17.53;1
326192;29.9234354921359;14.8708034594085;557.676247498663;0.181360304668435;-5;-29.37;1
326553;3.10749372120057;12.0028094143745;4.56928951918238;0.914791252705872;-7.33;29.83;1
326634;3.29873330782565;1.39238843345138;55.3435787295631;0.2014682351151;-30.91;-9.98;1
326643;32.5171848185874;14.2089845212972;55.5490288960429;0.242548246926917;-2;-31.99;1
326666;3.21862748645145;13.5683287821464;54.948197287221;0.260007576081444;4.64;-31.27;1
326670;31.5979409600857;14.5379704647553;5.63020537440295;0.31216981156431;14.11;-27.86;1
327138;3.12309904984466;12.3839655001554;5.08837893076897;0.350328264810541;4.55;-29.56;1
327149;3.60011783810026;13.8976449221834;58.0456937036069;0.812790172375998;1.7;33.88;1
327178;3.31410520691722;14.0924341898149;579.373439654851;0.555417724681934;17.44;-23.78;1
327627;3.538053028396;1.50513254027842;6.10053331310071;0.221053886797051;-25.35;-23.44;1
327645;3.42106848113501;1.37838686226505;554.356298050439;0.451911928918317;31.57;-11.38;1
327666;3.18308135965734;13.3137879500863;52.6373906697858;0.502599855610031;-13.57;-28.58;1
327669;35.7307998270042;14.5822724832947;58.207115639285;10.239015272346;-34.94;-6.26;1
328137;21.6491405697646;9.30588809485892;3.50520958000839;0.792222735105489;-20.51;-6.08;1
328152;19.6197426054483;10.334556777509;4.00438034683675;0.397602808332758;16.07;-10.65;1
328187;30.8484744221614;18.6459441573134;7.03288766990195;0.360897723326749;16.31;-25.75;1
328191;20.4647562633364;10.1723103601125;3.48866599658676;0.249153608117146;-7.38;-18.72;1
328632;30.3057669639923;12.2227431394572;4.91483365690936;0.896942714209164;-3.36;29.51;1
328643;2.10477661334655;8.3453067963818;340.711457616227;0.555374849015277;19.82;5.17;1
328647;30.5066410092174;12.6086853020931;5.03522177343596;0.288963026422318;7.08;-29.15;1
328671;30.2577778985098;1.22928938074639;4.97002620674212;0.404979111284075;15.11;-25.03;1
328674;2.98471088501967;12.2114897628883;48.3921734490491;28.1009701589515;-28.58;3.46;1
329142;32.0178501720314;1.31263578705733;547.240125158083;0.786310865720538;10.45;29.85;1
329154;3.20609972459118;12.6484763571815;5.10269220673375;0.47549546346015;30.46;-8.96;1
329176;3.10507722217982;11.9603477238971;48.9825451044145;0.588506183060531;26.13;15.95;1
329642;31.0847610273391;13.5715173889851;53.5322012444449;0.942353729409066;-13.67;27.57;1
329663;337.353875859511;13.1394741772895;5.58526273441767;0.139854141390549;-16.91;-28.76;1
329688;3.23429505586749;12.9619020097166;541.878330379167;0.391985382223662;26.75;-16.83;1
330142;29.833278690976;20.8618304302949;7.13895524569075;13.061291292837;12.28;10.85;1
330158;26.6328539199701;185.437793443289;6.3630766000204;15.2830577436026;-12.48;6.5;1
330161;19.9742283675721;10.7322515338338;3.56464229870982;12.1516076177672;8.94;-5.4;1
330184;19.0120112500535;10.3117054598229;3.90445920585924;12.2164683029799;5.2;-4.57;1
330633;3.3092758156647;17.0027220576741;6.5268326436396;2.34546638018419;-21.66;3.06;1
330652;3.08707788997822;14.7644708201286;57.6040728657774;0.908118961306444;12.85;20.48;1
330656;35.2912097319153;170.040140583299;6.52042425080381;1.07269025228365;-6.42;25.17;1
330678;3.05513968668047;14.2043548161214;5.5282241914531;0.747032257064854;19.29;-13.01;1
330682;3.02436324680252;1.50852467243505;61.4173685058959;11.1743131337083;-9.67;20.98;1
331141;2.95730461887969;15.4200098657922;5.49783852195094;11.7500439392153;12.66;3.35;1
331162;29.4128894355135;1.53233131044913;5.73469200340137;16.6318407515598;-0.05;1.85;1
331178;3.19014334826588;15.6610473036235;624.974971884347;2.15308198400762;-11.03;-10.46;1
331205;3.25617638454377;13.5566584161563;5.42045403093278;0.948248656283316;-7.62;27.71;1
331209;326.093431612841;1.42797569340302;5.58752249562789;0.469227794027554;-4.32;-28.95;1
331633;31.7189497604231;13.4107525199231;545.057338004908;0.099378663066398;-16.77;-26.79;1
331677;300.191991814337;127.996262513126;5.12119682434007;0.836136586603892;-21.65;20.59;1
331682;30.718402168152;1.32770920285573;5.31438275741895;1.02706414545503;-30.14;-5.36;1
331742;30.3774142999868;12.9616833164465;53.0766466192795;10.0559409970416;-20.68;22.07;1
331747;31.1454386396984;12.6634059770609;52.2531128920799;0.0812002065846505;-13.89;-27.8;1
332130;28.3045513610331;1.50116184226075;5.34886344287038;0.626128396042434;25.09;12.47;1
332142;27.6522431557953;15.1995016626653;5.46831026065337;10.3042312573784;-26.86;5.82;1
332164;29.9309006615707;2.43075365692448;7.50720993939162;16.9944142130124;-19.27;-21.12;1
332172;2.73471483332582;18.4875469904112;6.03257072219353;0.86688807655217;9.51;24.08;1
332629;3.32381974970708;13.6594256438197;5.92982288987955;2.60181334620117;-27.54;9.14;1
332646;34.9160152349303;14.4270924786236;59.4358327323572;10.8291345197175;-13.8;22.37;1
332679;291.469576514834;14.4940810294974;6.05067190445026;0.60683752954603;11.1;-22.09;1
332705;20.7786422194239;905.520072491377;3.85422378825332;11.3334417753089;-13.57;12.78;1
333142;18.7673821651625;1.13068689118874;42.1385448411708;0.450812680711257;-4.02;-17.09;1
333156;1.76359470887184;10.9785917479494;40.5069100765559;0.61709166210124;15.42;-5.99;1
333188;29.0166936800159;16.6984330514282;6.26947315773006;0.634144545518545;23.5;15.02;1
333192;29.2259611581889;16.773009286982;6.46989529108546;0.943176693272341;-12.19;25.16;1
333657;29.1161128455923;14.3781574311736;5.41875710812107;0.545317683657386;22.02;18.5;1
333672;28.274042945949;146.857284357586;5.40810274944513;0.579612367773238;25.3;11.65;1
333676;20.4112296580991;8.12213007604878;3.60575676293573;0.889840572626937;-3.77;19.66;1
333707;30.2917685665444;1.71135189934185;6.10726847429209;0.466563119721513;26.66;-12.69;1
333711;29.508978834655;16.9853387794786;62.0312978748282;0.810255163229633;11.34;26.29;1
334135;33.759277776965;16.5079148356109;6.24857117811106;10.5903789187082;-15.87;29.32;1
334146;3.01912746167558;1.4503654489637;5.59451641479901;0.522300613880468;29.46;3.98;1
334170;1.86320553046658;8.80178814159727;33.5523739455085;0.19911765952626;-0.95;-18.4;1
334175;31.5415411829279;14.9733638764686;58.3470639094983;0.130439562019927;-22.13;-22.08;1
334629;3.46824169342682;1.48213609474027;589.236449542776;0.200763954523586;-5.2;-33.84;1
334640;31.4545763754331;12.7537167757375;52.0728374207691;0.906231929968896;-19.54;24.14;1
334686;3.42059069913803;12.9635618429511;525.428791532959;0.235626706446734;0.89;-33.74;1
334690;26.7304173986396;10.6566336415033;4.31159517750324;0.693854096250058;19.37;17.74;1
335141;2.10701161139834;7.51172068396103;3.60750332135676;25.800685778529;-19.72;4.76;1
335157;18.4507045076044;11.4336191547805;4.08098210545988;0.819283949319381;14.13;9.57;1
335182;1.76598108827978;9.24341847823291;3.42227226775207;0.722544311807916;6.27;16.26;1
335650;25.6121067219035;165.757194051883;52.5200508122746;10.0176517696567;-2.68;24.83;1
335665;2.72322413874813;17.3542871086412;5.70761517730977;0.364616651865362;9.61;-25.06;1
335711;31.5120698791156;15.7725995743664;6.67483531678004;0.435569627147593;27.2;-14.96;1
335714;20.8608956338333;7.73653165723799;34.3349731382706;0.459326096725341;20.41;-2.61;1
336135;1.77943005432195;11.8525262135428;36.3591958866083;1.08612449220313;14.16;-5.74;1
336174;23.3856170477913;10.3815709260021;4.28636417179188;0.505276654181674;4.82;-21.02;1
336229;31.8646893054854;17.2738898631694;6.30442502466149;23.4756746669935;-29.99;-8.08;1
336631;20.0655690918262;11.5992321351762;41.5335742529243;2.64215701118439;-18.04;1.25;1
336641;18.1358935217346;11.1325159327251;38.8807132869478;0.564806886795562;-2.71;-16.38;1
336678;27.2470813356801;20.5126489955415;6.78071505265682;0.668491521008607;17.53;-18.47;1
337133;28.8568405826307;17.5553957642648;6.44229090607348;0.608801432637045;10.07;-24.4;1
337144;30.3281108944483;18.2352274313163;6.47539907778286;0.763122381598156;22.47;16.65;1
337149;3.04003124311754;18.050337893388;6.40645905233685;17.8748418536571;-18.58;-21.56;1
337180;28.0033925703432;1.61401659439289;548.616443237456;0.593501574201073;10.96;-23.25;1
337184;3.12431400592258;18.8035603607839;6.23272597280124;2.06700080103564;-24.12;-16.33;1
337641;1.93852408138766;9.71351225485308;34.4876938121149;12.3233624765349;-0.87;-17.91;1
337655;20.4643014168631;9.91471772017496;3.8045512264957;0.804848769820915;16.53;8.57;1
337659;18.4158052641086;8.29993604615289;32.2803159067245;0.727762728570186;16.73;0.97;1
337694;32.4964103877292;15.5254582347296;5.61373105984868;1.11789876652182;-29.31;11.39;1
338133;28.946224493023;16.46934955615;5.34198379408184;0.757081780861044;13.98;24.41;1
338173;2.86142371164572;1.43685209163271;54.130270125569;0.75983594039332;3.92;27.95;1
338204;31.1846185639615;14.2409622842263;5.76349962188204;11.6170705977847;-29.26;9.82;1
338209;3.20553240658104;14.8455087274297;5.93840397044213;0.17828060885401;-14.98;-27.99;1
338647;31.2572998033035;12.7203572996128;4.98773438894877;0.654749301352437;25.65;17.25;1
338667;29.9990318127869;11.259079034838;4.78133079263393;0.266029215280834;8.47;-28.53;1
338687;3.42780326261984;1.38451272725673;5.82559687419531;0.648518811311385;18.76;28.47;1
338691;2.97673842456372;12.7214461417547;5.08069006906964;0.731166980742769;21.86;19.83;1
338696;29.9068771219999;13.0981274535563;5.4182280732749;0.824037302604265;14.03;25.95;1
339140;29.8663796420358;12.8438357643248;5.59243351050079;0.717801270823563;11.45;26.5;1
339159;3.26229942458497;15.6705501580492;6.64101612415506;0.408384003117191;-21.93;-20.67;1
339186;31.7541228192707;169.324452733266;707.204058651166;0.769224820204017;-2.85;-23.09;1
339190;27.302167131568;14.9563722816235;6.01713851715776;0.926643909784443;19.06;-3.55;1
339655;1.96102830806106;9.12584848026252;3.62819736768813;2.03886575594102;-7.56;3.94;1
339670;20.700383046366;8.64738549090483;354.975054044701;12.9184409066481;7.07;6.08;1
339700;27.7883086115254;14.6819555351469;58.4121675715021;11.5325721725847;-0.95;22.3;1
339704;28.7069193875529;14.8728929280659;6.02609075931433;2.4397694921386;-18.76;13.62;1
340129;20.2172387788358;9.66918277139431;3.30959022305979;15.8707405333023;2.09;-3.82;1
340153;2.82367841475273;15.8536165799784;6.43932885837121;13.2888103393082;-0.52;14.05;1
340157;21.596537783649;9.25768102862079;4.21734222368356;22.8998027430373;-7.37;-9.56;1
340183;20.5767747364823;9.4926313009868;3.87680666571834;2.16807945160389;-4.22;-9.72;1
340187;20.5584540267034;9.43847362461149;38.44063219182;11.2766114353114;8.23;-4.89;1
340642;3.15773006023931;15.6082077746452;61.2217527722214;25.4526855080642;-25.26;-4.93;1
340663;3.40145985943637;14.5060988615042;60.163562108699;27.9050784469379;-32.04;0.95;1
340688;31.2441863048767;1.25350706485386;5.15752192124858;0.83408648835383;-4.88;29.96;1
340692;29.8742293844467;12.2399640449853;5.11100611210644;0.923363716881145;-6.39;27.96;1
341138;329.424440008838;13.1934090007628;49.0391869418919;0.300618006286192;12.28;-30.2;1
341150;30.5216094814194;12.1477792800805;4.7447853692303;0.495521800603502;29.75;-3.38;1
341154;31.7200290864351;11.6938731786829;4.85294554010493;0.222295134787625;-21.97;-21.83;1
341180;31.2711555686847;12.3106281310527;4.9312650464468;18.3999488062661;-26.75;12.67;1
341184;29.8326250972048;12.4181384365114;497.416361267423;0.628373507526149;27.74;-1.07;1
341634;3.06822911608982;11.9148899525479;5.33560732330256;0.392650356731882;8.45;-27.56;1
341648;30.1907994388957;13.096131744797;60.6463036783257;0.571939611145008;26.89;-9.43;1
341651;3.39297030244886;1.42303663629726;6.14282032996323;2.65366879076824;-29.34;9.37;1
341676;3.20706577918242;14.1631529346833;62.6044709403298;0.98436051727525;2.54;25.28;1
341680;31.8230735303727;14.4500210762459;6.50101726811063;10.7365098763461;-8.58;25.18;1
342146;3.37118458397577;22.3002792976227;7.02869709508984;0.843704937527451;11.07;27.55;1
342161;30.830333500064;13.2242655549051;5.35678180018383;10.5500157218913;-12.8;24.18;1
342164;3.12506396791161;13.113592481857;5.69361326431739;21.0904426875248;-21.45;16.26;1
342229;22.3927961444851;6.48498517563998;3.40596174655052;24.7861687143305;-15.05;8.05;1
342234;3.32322940327958;14.2302501198906;5.81811515538231;1.54921923644563;-21.36;17.76;1
342640;31.1203101729825;12.6511394854075;5.92091759302636;0.363691589690934;-4.74;-28.92;1
342659;3.22897542043006;12.2741097219087;49.602686332062;27.3416660651342;-29.67;4.87;1
342697;31.0210954241924;13.7040776281486;55.0250336054254;0.591246481607066;24.56;-12.85;1
343130;225.319577175021;10.3400801629925;4.1381235512011;0.978267280606237;6.56;15.38;1
343158;27.5117906488888;22.4205356892996;7.09813365193832;1.96145301396112;-17.86;-14.39;1
343182;1.8792430549707;14.3411339569712;48.5088051323478;19.7169345736974;0.83;15.67;1
343186;17.8427822228175;13.5435991687802;4.60907210202458;0.788451855052005;-2.1;-15.5;1
343637;26.4928878157815;1.81926823435312;6.28320687024022;12.0252247838397;-7.63;-11.76;1
343662;18.6928276898501;10.1867768304151;3.66690594681198;19.7698390168009;-5.46;-7.51;1
343685;29.6507438881064;16.6576952793434;6.57776583825679;23.1779365634889;-19.7;-3.78;1
343691;3.00419716609692;16.4550047246002;6.44853930829828;11.6520417266573;-16.98;13.79;1
344132;1.96106765388971;14.0595180689967;40.8990183728745;15.4089448241015;5.98;-14.3;1
344173;18.6810766772043;15.4184061344109;4.68488601385364;1.23289458613238;11.77;-10.66;1
344308;31.4010586640504;15.2747803089517;57.6267496772671;2.32185300149918;-15.52;-11.83;1
344657;28.6797888356511;15.2000803683568;5.94220787022448;0.751231367062249;23.16;10.89;1
344668;2.76496598621047;15.0032511563066;5.70759886658359;0.91776549473666;-0.04;25.71;1
344672;28.8594003872797;1.44964317881616;5.79933558248155;0.444874354613259;5.02;-26.44;1
344694;31.436873592405;14.8149638782163;609.912950195537;0.560998848128287;15.81;-22.88;1
344699;30.2050529957473;14.5479236347208;5.98669236332688;0.758596436026436;16.87;20.15;1
345137;3.40163666647882;14.2694594730583;5.85868315934373;0.228763201441747;-11.55;-31.29;1
345147;285.065460444759;12.4504006510824;4.87445909958993;0.548616559717785;27.65;-3.21;1
345166;2.99657581328242;11.6630539645511;4.91369940440712;0.256920217410202;4.99;-29.16;1
345175;3.26270033600885;13.1075152899375;5.13445900093505;0.949149610124184;-14.81;28.38;1
345638;21.708960479924;8.53450857063517;3.60184734273794;20.1805860374035;-4.94;-2.77;1
345662;2.70912301714024;1.60116052452491;60.1210615442871;14.7150378467729;1.98;-8.58;1
345690;18.2625786536502;12.7816940733186;4.32299221331135;20.9755576897952;-10.58;6.62;1
346141;19.7428204714557;11.8835069601939;370.589608296244;0.783208423148204;9.64;-14.82;1
346152;18.7209335525489;9.30716117134762;33.4133808639249;0.574656688726719;17.65;-1.39;1
346156;17.6201351919999;1.08237824548362;3.93996093122209;0.605568666918128;15.1;-6.64;1
346176;29.5919577922006;14.2948977923687;5.66728439774692;0.402897756396592;22.6;-17.95;1
346181;28.6539763848434;13.2087113332639;5.56291652336024;0.643818438088687;21.7;17.42;1
346640;30.2629002210865;17.6669682022479;6.36610692148192;0.327509996515325;5.49;-29.33;1
346652;19.6535821369164;9.27817006446329;3.29549711277003;0.868467103140154;-4.62;18.71;1
346655;1.95446797080566;9.60433632747575;323.575424762543;0.649080836104298;18.9;2.54;1
346679;22.1559407531579;1.04596459269611;3.62536073364871;0.471117554231061;3.24;-21.24;1
346687;27.2061737327581;16.2432867349834;5.86424778787144;0.456715388721557;21.44;-15.33;1
347138;21.6148792147501;8.49495949895457;37.3597842684334;0.770033081986908;-7.94;-12.81;1
347156;19.9862755695698;8.07754513181737;36.4299284010056;0.955876666238198;12.32;7.38;1
347181;21.5490654458815;9.77908084005189;39.5901306994275;20.6334524991277;-8.49;-5.48;1
347184;2.13012797675019;9.45630774574444;3.99064657741444;13.1383026209877;3.25;-6.1;1
347187;1.88094685687229;920.797150490447;3.60581114435519;15.3585694390204;-3.85;4.24;1
347630;23.6795942042036;7.76957735681563;3.38555223292309;0.316505059812006;1.48;-22.94;1
347641;22.9210433262524;7.89462013275961;3.3506019198116;0.319418285808486;4.33;-21.86;1
347676;290.108497154641;14.3475842137884;55.3293664023657;0.345688016859123;11.24;-25.91;1
348073;18.4403203612028;11.615379716096;35.7146608311282;1.63481156335017;-4.37;16.29;1
348138;1.94414542817148;9.53941183564993;33.5411785030917;2.08738900260508;-18.83;-3.01;1
348169;30.4912735400716;15.442204903502;5.9780784705671;0.623333141428246;27.74;11.38;1
348197;2.8431668784943;16.8119188296066;6.48230120754586;0.34480226286802;-11.73;-24.61;1
348201;2.75215902176181;16.6187713137388;6.39732738328886;0.703827337035362;20.5;16.07;1
348633;2.06113722373978;12.7382578654008;41.5769877432796;0.826667495335158;5.51;-19.09;1
348654;18.9231842008951;9.6376743000092;32.4152885793417;0.790761651478459;3.52;17.99;1
348684;27.853653268622;16.07184242596;5.56743484991369;0.945761181334109;-21.4;16.83;1
348688;31.224432952364;17.7318473806833;6.16910363819765;0.356351615424096;8.73;-29.29;1
349136;31.68403281322;16.9787815921113;58.9528228512241;268.720650820839;-31.48;-1.94;1
349175;21.1035730792475;7.10407110494746;33.0782717166995;0.267879402828747;2.71;-20.71;1
349197;29.6153117965062;15.0982659360338;6.16999806660784;0.677069929348224;21.71;19.38;1
349201;3.12739683360719;15.7894599560476;6.3565455130617;0.17694105470519;-27.98;-13.2;1
349631;2.70916393616554;16.9815439956686;6.01216528168943;0.562180978236338;26.22;-2.13;1
349644;190.639072141462;9.841261301887;3.35841366909106;2.59890268788468;-18.17;2.76;1
349648;1.90945572764328;10.2247525117705;3.44641707705032;24.4249722949121;-18.19;3.84;1
349679;30.5332439204862;19.6880284004727;6.63714258275499;0.275720882169686;-18.6;-23.59;1
350137;30.2603581468312;13.8226178359881;54.1148629929395;0.576644656861868;29.75;1.7;1
350150;31.6982428127827;14.4705525343683;5.87581543017275;0.109526363034524;-19.12;-25.04;1
350153;20.4596532557182;869.180907025606;35.1094789322206;0.148006374602802;-19.77;-4.67;1
350173;3.45094977486656;13.9041403706278;5.47732238659648;27.950768601344;-34.26;2.01;1
350178;3.32525750825222;14.4149109499978;5.44145121935622;0.944180844292751;-7.95;32.02;1
350629;3.369305398507;14.033062112567;5.55470406727209;0.205249053794019;-2.78;-33.3;1
350654;3.52229237535323;1.40634668675107;5.60022864064494;10.9970270476138;-31.97;13.89;1
350673;3.25617979092886;1.33233609099157;5.21234186624332;0.692803953717795;25.6;19.21;1
350678;33.7339294341138;13.6187718489742;52.6920063766695;0.157171261372991;-30.78;-12.79;1
351140;32.6299568063901;12.095800018892;5.29703308718434;10.1071968668057;-27.85;15.55;1
351157;318.508514065247;11.6435352792593;4.64569220419951;0.217714039216185;-24.61;-19.14;1
351186;35.1301701131302;14.0657172970581;7.5981706289643;27.9392653692708;-33.47;-4.32;1
351638;20.0190832396257;13.7602760243404;4.69603141654726;0.751405172647481;17.33;-4.94;1
351657;30.2894269065656;1.88442532366069;6.66064229699471;19.6287994467823;-21.47;19.2;1
351680;2.01290984811022;12.9805503999762;4.52385254445545;1.30551924418422;-15.13;12.45;1
351684;19.1093054727758;10.280370126372;3.46157614156804;28.6935701025115;-18.66;1.36;1
352129;18.9352217840893;9.34043798056912;3.90485794341553;0.732520404478309;6.16;17.36;1
352162;2.9794706298356;15.7019936259597;6.17551115976497;11.1206172085092;-21.06;20.31;1
352187;28.8158847321046;13.4386066319039;5.59993490779982;0.350061667767966;20.5;-19.53;1
352196;28.7444694151323;1.36946309207198;5.50831247304896;0.54271280110421;27.81;3.88;1
352646;1.89050039101591;121.006601342324;3.87347509656261;0.954414326641126;5.25;16.91;1
352678;17.8458639000774;13.8493344517654;39.0185397097259;17.201072942096;-9.55;-14;1
352702;18.4267368659313;13.3611305328864;48.8586855627309;0.514894684196382;6.82;-15.6;1
352706;20.928170566442;1.52885376987273;54.9123111321841;2.46953037910844;-18.55;-5.82;1
353136;18.4903826479052;10.0523274464118;36.7019378155607;2.88039998414072;-17.91;-0.31;1
353149;18.8297463810562;11.2533883950052;4.09929973701439;0.661742788979693;15.28;9.5;1
353172;2.76689006078805;1.87205329856617;6.19435443016799;0.321520799845716;-18.51;-19.53;1
353181;21.1878994932708;1.16943316012462;35.9400257569604;0.300109848049584;-19.21;-7.77;1
353634;29.596269633102;12.9788508471603;5.32347538254968;10.8781156659313;-23.06;16.62;1
353645;31.4669181535847;1.325168354091;57.1560246502518;20.577233041736;-29.3;-8.12;1
353649;31.6589063594851;13.1512700209716;5.68268062046415;0.345822429803357;4.04;-30.32;1
353671;29.1099262800472;1.15364626364906;4.83208706848664;0.833770785869739;-7.27;27.05;1
353674;34.4608698181375;13.6443198371114;5.71167316874684;0.284899903365752;-29.44;-15.39;1
354140;3.29521531324766;13.0505859820184;5.37916196496364;25.5888837759993;-31.96;-5.58;1
354149;3.4924803348261;14.5450693396491;594.466346014799;0.199282386919034;-29.3;-17.88;1
354181;3.29138773327613;1.40884862970108;5.91873202018628;0.214537132587044;-24.66;-20.53;1
354185;31.3810804839794;13.7393472297241;5.67695327559044;0.646794741259496;26.82;14.1;1
354648;28.8111362418825;12.6109214084168;5.00714441459933;0.128597849808217;-18;-22.17;1
354692;31.0144456338851;19.6462074195071;62.6877369569042;0.097230690056352;-27.82;-13.54;1
354763;3.24131982591689;14.1695588718139;5.60231404306281;0.580322436041806;30.19;10.4;1
354767;3.26334041613261;13.8771792539009;56.6846552387638;0.569145236624988;27.17;17.26;1
355135;2.87615757142889;19.762898184703;6.8123418921756;19.3303916544421;-15.77;9.25;1
355153;2.81200419074871;18.2677769232363;6.45152152560855;12.1307878362358;9.06;17.78;1
355180;19.7983233885529;9.1928706963514;350.022231450101;0.674285512837983;5.08;-15.65;1
355184;20.9186140946685;893.162136771678;3.45682729112999;2.58643303571409;-16.99;-4.54;1
355662;3.02980913339411;1.63392568023785;62.6045464666865;26.7098271812274;-28.27;-4.07;1
355673;27.7252729117206;14.0855598649277;5.58078153765617;0.462294389587328;6.86;-24.85;1
355697;28.00762228942;15.0781228950997;5.80887457935059;0.627706662295646;24.57;-7.2;1
356137;17.7865499522152;1.28006912973503;4.13160670482209;0.42643106159416;3.49;-16.94;1
356161;1.81169951326662;12.0897800895992;40.9804107138043;19.0088217360635;-12.83;11.86;1
356189;3.07377011926878;20.1492375695039;6.62534363204305;22.2750601890306;-28.62;9.76;1
356193;1.79187868205566;11.5115098186509;3.75852394400814;10.9897879394103;-12.13;12.51;1
356632;31.6380096074978;12.3306106224953;5.1124010005525;0.174436602392746;-19.21;-24.41;1
356645;3.02763562897349;1.13378966325501;4.74595988620895;0.868541386204062;-15.1;25.65;1
356668;33.9377571711882;13.5094410505225;5.42730628113354;0.158559785573674;-20.34;-26.52;1
357155;23.960297703976;6.16472055311338;35.9827294456605;21.8602316617305;-22.22;6.77;1
357166;22.4679651502573;9.08036400376477;4.34475269293773;293.298715102573;-21.7;-2.32;1
357172;35.9984710434879;14.1494726829425;680.394638875764;0.699900356191098;-28.99;19.94;1
357204;7.17298084193388;23.8322022958944;12.2083755527997;0.451961454243373;71.37;-0.19;1
357640;2.09383661859264;8.91966021132234;3.90169928952795;0.725085316472968;16.82;-2.87;1
357655;3.30070033929381;15.5237138534586;7.05197098055596;2.2005894080919;-24.38;-17.07;1
357658;22.0853957652921;7.41567539285139;3.60296862714021;27.4215764025066;-19.32;4.81;1
357685;20.0774537636079;8.46251452537493;40.9812501776922;0.672415425989493;-1.81;19.64;1
357694;28.8187432847692;12.3452219926007;58.5805647512463;0.496912096597206;27.33;4.28;1
358133;21.430417771838;6.95098036449699;3.97179758459177;0.644534957095965;7.68;19.13;1
358142;205.989646693275;6.71855524200594;3.70799192784487;28.7611982344603;-19.92;-0.71;1
358173;22.0899044568647;7.32025260650699;3.97324086314267;15.0094731921726;-20.18;6.95;1
358178;2.67876678301712;12.1845726921127;6.21596098994495;0.367619394771044;15.26;-21.03;1
358638;1.84868106742873;841.656949736825;42.4100607248006;0.60118586640225;8.63;15.94;1
358652;2.08245932483034;9.55187820245052;4.67106556747013;0.634196912847406;9.72;18.11;1
358672;20.9138638192464;652.070401064346;3.44013325731622;29.306200920411;-20.8;0.41;1
358675;18.8237222259337;8.46282923868864;4.0948111867543;0.398650192272264;18.62;-0.84;1
359130;20.0132549801734;8.51412565477879;40.8974871767719;0.506287031042496;5.37;-17;1
359153;19.6229322582606;11.6266603639542;46.0801461955585;0.395347894744873;-12.38;-13.85;1
359178;18.6061688228662;838.202015991454;3.838377615276;0.732179510044448;5.49;17.27;1
359181;1.92867222559248;8.07707276201002;38.8958696516667;0.389165285723249;18.77;2.63;1
359644;22.1760686234854;6.40543686335966;3.74347511373107;0.799303649121301;-7.01;20.72;1
359668;33.3675409512972;14.3391533795066;7.07527882274521;0.187505277684816;-18.21;-27.22;1
359690;29.7355456351191;12.7836104568558;63.0169545222647;0.583865872871916;23.3;17.21;1
359699;31.5368019123702;12.9453036507501;6.47751421909132;0.560485743548009;22.3;20.92;1
360133;33.8757747897843;12.9962982033444;55.3667756300782;0.416306322307084;24.31;22.8;1
360149;3.1186700852169;1.23726795112616;54.3721362869916;0.389814162203329;25.41;-16.57;1
360178;19.3178362603274;7.9379770716653;3.42427564682888;0.529119482688588;17.7;6.35;1
360182;22.9277185070441;909.117009274709;3.92394274898753;0.220275630604501;-18.03;-13.45;1
360632;36.5370186796626;15.896030221007;7.93161825807612;0.919256014907092;-29.02;21.45;1
360643;23.2358885466045;7.85214666315381;4.14812625887985;0.196612134610908;-5.1;-22.42;1
360646;196.151085469805;6.78438041391818;353.180862513479;0.860512336244531;-9.65;16.82;1
360687;217.021940300235;8.11929732330638;4.12555667939058;0.227328585185862;0.37;-21.47;1
360690;2.0970579892869;775.016264983462;4.00452998384899;0.445016960362011;19.14;8.19;1
361126;2.10116904052488;861.312720738836;4.02748242960033;0.759173364900977;-0.47;20.79;1
361144;3.35822641630077;12.3016229567074;5.91333088408353;0.141588488113566;-16.56;-28.97;1
361151;33.9418938603148;1.33175295151207;6.16259470161534;0.273954550309171;20.38;-26.94;1
361176;2.1222612860386;7.99682385146469;3.40268858932048;0.152038116199399;3.57;-20.83;1
361635;3.36831496983143;13.6511521584926;6.04902710749319;0.645288186291815;16.13;29.44;1
361657;3.2704250484867;2.04634226609448;6.80109556217808;0.907317849031993;-24.56;21.31;1
361684;2.39245627575484;8.88052740232687;4.54131376765123;0.124917987206862;-14.27;-19.06;1
361689;21.6822252882043;8.0404921466899;412.646078304379;0.490828121050393;10.23;18.96;1
362154;23.2241239198098;11.2618986737534;4.70631900791717;0.300512320706385;-0.26;-22.72;1
362169;19.02559675892;8.8718675832714;3.71613125969053;25.3587843296988;-18.37;3.28;1
362174;27.3962703231998;1.61306761573444;671.381358428012;0.884342963417085;-14.58;22.52;1
362202;18.8537171222888;11.040079308091;4.43866631363947;0.290608491760151;8.05;-16.8;1
362632;19.2833046951153;10.9799489399173;473.831019221561;0.850737337257378;15.16;-2.89;1
362649;2.12338231177137;1.12431093842102;4.96735649519106;12.2904882726075;-11.85;8.43;1
362655;1.95863030359866;9.21837009325363;4.48653054415825;2.24594691597838;-10.94;-8.08;1
362685;21.7149267706726;9.72769514876532;4.43480385562366;23.9916502037964;-11.4;6.09;1
363145;20.9759806311791;7.67625828266381;3.76640171313071;14.9184351114589;-10.62;-16.02;1
363168;2.27063880540533;7.35395966026212;4.24346686126141;0.517720104057006;11.09;-17.55;1
363200;3.23364412471916;12.9155528188293;6.15721484591927;0.368801084861114;14.47;-27.57;1
363204;3.22378855322685;12.818961223818;616.583594318609;0.990694787889484;-28.85;11.5;1
363659;20.859284720892;884.736459589197;3.61250313495251;0.727236087288425;1.49;20.5;1
363675;19.3580108733651;74.9452500886622;3.31575986300653;0.296398070578546;1.42;-18.88;1
363710;3.0779344593545;13.6965136451967;660.519606603406;0.933804994463621;-25.45;16.43;1
363713;21.6171350237436;5.85128570800148;3.39468866726756;2.29305894700215;-21.08;-3.32;1
364141;30.766949092089;12.2888158438872;5.38036136291871;0.441909233237696;30.09;-3.15;1
364163;4.90668572900919;10.5598640478916;6.4403118470965;0.510989640439014;47.28;11.54;1
364185;2.30995978062396;4.84353520381908;322.422702107525;0.453722651837541;22.62;4.02;1
364188;30.5113374874324;11.8175010195594;5.45177089836358;0.610003797874733;2.94;30.21;1
364632;308.806921947268;18.4267367529225;8.14218316401075;1.14805432814483;-7.23;18.55;1
364649;18.8507667048779;9.37227972294996;3.99384930786502;10.0562399032;10.91;2.25;1
364676;18.5715683776633;9.69583152833477;3.94596631230493;11.7753301391347;-3.56;9.8;1
364682;20.1888100734344;11.0207399279257;4.31141377732691;10.7747165884494;8.46;-6.03;1
365145;1.92596484890966;12.3112765465174;4.40778761835117;10.7539947586223;13.94;3.15;1
365194;24.9999875656613;186.719256394504;7.65894959840721;19.9382959679949;-13.6;-14.38;1
365200;18.100260416742;13.2915812904992;5.60072599928557;1.56064917141347;8.2;-11.48;1
365246;28.5733655795323;13.5150312788167;61.7397593446286;0.411336296725692;22.53;-15.69;1
365250;34.0663327747379;15.0794328770706;7.1473484130969;0.252602092969;-25.82;-20.66;1
365629;20.5972216831245;8.3401293021525;3.81913093760236;0.570557626677644;-10.82;-13.31;1
365662;24.1657709211613;9.79333998268831;4.10313569517085;0.455534192986133;8.33;-20.65;1
365683;17.9071030132177;10.183670111938;4.12243985433764;0.419409432591922;1.52;-16.75;1
366140;20.596490013598;8.81142650021078;3.63675847030982;1.80807469023148;-11.87;12.05;1
366167;31.0974022756825;1.77304652488888;7.21668943531823;255.686991731432;-24.6;7.55;1
366195;2.64871188760403;16.9964786154798;657.779987291186;12.2511924005875;1.03;14.34;1
366641;22.4260497307603;7.95018628898884;42.9138915876466;0.903307067708627;-10.72;17.86;1
366654;21.0644553996076;8.71835841658236;4.34586720312817;0.598540836121118;12.43;-13.16;1
366658;208.957845701203;8.84722504131432;4.12895747475057;0.999228825385139;-15.72;10.45;1
366681;32.4237359095319;16.9716837173582;7.87550880903361;0.770956573092829;-20.65;21.2;1
366686;2.23632520478972;8.29053647790998;4.17722705787342;0.427403857556913;5.78;-19.81;1
367140;22.1732004413217;5.24835537474939;33.133244303059;0.541780200067127;-3.99;-20.91;1
367166;24.5430741036754;7.0565254735846;398.474022155358;18.0532046681394;-22.07;7.73;1
367189;25.7336563639623;12.4926445801586;5.65551913607992;0.841390652733829;-3.82;23.68;1
367628;20.9518333274733;8.81777517845513;38.2660085697575;0.910712414108163;10.63;11.54;1
367644;33.9108796565044;1.29078113993465;5.91369680609916;18.6395461078245;-17.06;-21.43;1
367668;21.1929904808761;8.47889913107319;37.8527668802884;2.5687553105214;-17.35;-0.69;1
367672;20.4235630573563;8.53254421495248;3.72406322627436;0.872643798579057;9.65;12.83;1
368130;19.1920429696676;1.13323916928579;4.25610023844572;14.5796099828506;-2.85;6.34;1
368151;21.1435715174344;10.7737411666915;39.1395073891331;11.1662967772036;3.33;-7.86;1
368158;3.21432361238809;15.7640210236947;6.61156740064799;11.793521473829;-7.7;-14.27;1
368180;20.8030484178195;9.49236687213526;414.389635373118;0.736373183260011;16.44;3.5;1
368642;20.2225261243817;11.9259510432684;4.58049187998793;1.58843935533361;-4.83;2.72;1
368654;16.3408734338676;11.1214784117345;45.9499235886362;16.0957694584749;1.2;3.85;1
368684;19.6087915747403;11.8874429069983;46.0250583002725;18.4854034263137;4.08;-5.63;1
369131;1.30188860215302;10.5140996533813;3.9546525848409;0.8936852175694;7.34;9.72;1
369153;18.5293869914147;12.0674756525987;4.32352625823997;13.6534441517225;0.87;-17.42;1
369157;17.4179764211924;11.8791207843638;4.16196206263933;0.912546613476268;8.46;13.68;1
369189;17.2790628799027;12.7576969883767;5.07408685732734;0.770071372609381;15.13;-4.63;1
369642;21.4994603690147;8.45583194827567;43.2548585308952;0.726230306662784;14.84;11.06;1
369657;19.8200185464697;7.97559661815936;40.6495660358458;0.718667345601201;15.28;5.33;1
369661;1.95103729926233;8.1963039493723;4.21092665888315;0.715255881844804;15.91;2.44;1
369685;20.312627896653;964.146767823739;45.1697393741732;20.006047078168;-8.05;-10.95;1
369692;1.90509326793304;9.28800836830374;4.34244530210395;22.785140375754;-11.07;-2.94;1
370134;1.93533506132612;9.60220552351837;4.93907183374113;103.969042149814;-0.25;13.22;1
370156;21.2348362333477;10.238270688869;4.21656011928351;0.860717196713639;4.01;-13.94;1
370186;24.6238404799208;16.8243981950515;7.05724676766095;16.5659849354839;10.49;-9.09;1
370633;352.206823578991;143.847340419854;61.7420124354604;0.683251679386896;12.97;32.43;1
370646;32.5227190328807;1.21862803128158;552.643355774238;0.243639197010252;18.55;-26.2;1
370673;3.40638774074328;1.23737895287718;5.56700768456552;0.214339427912075;10.56;-32.07;1
371139;22.4135988395462;11.2343938378412;4.69733506413794;2.33756604177801;-12.42;5.21;1
371149;3.08042403746705;1.8250025716632;779.124734102785;23.3622528076901;-18.83;-7.07;1
371153;20.9222234051901;9.21790838973114;4.01193883880038;23.3445706130122;-12.46;-5.51;1
371202;18.4997053224669;9.67752816684789;3.8693190738189;0.87390593775561;-8.97;-9.11;1
371206;17.6308010513971;9.47773862918982;36.1452983356435;10.266756118869;11.2;-0.64;1
371210;185.537369025535;9.18117294247177;3.83838922235292;0.775824705857169;0.14;-13.63;1
371635;18.7728633731854;13.2148848047948;46.9545190721266;1.65119275444033;-8.75;4.92;1
371655;19.5045082866899;16.5408756402407;61.1922073808151;1.61053353124681;-6.92;-11.28;1
371690;2.07133926123996;12.8692726276051;46.2302892097132;0.512365810534035;-16.33;-9.32;1
371695;25.8839927863849;185.021129590374;721.026571833771;0.478631510069761;-10.73;-21.33;1
372131;20.0328317224567;11.915510971615;5.05254224043547;0.273302650529098;5.52;-18.91;1
372149;20.2314140413967;9.66734481856039;4.02098372420682;0.802435170373763;-11.83;15.6;1
372172;203.612623643721;11.0595920474253;4.37330484549873;0.751903156724669;8.69;16.85;1
372644;20.3327721735752;9.34740047245083;4.17177881845221;0.665084306413685;11.62;-12.38;1
372663;210.418710511431;7.91867936114151;389.710129664641;0.410743196609434;-5.98;-18.5;1
372684;21.5209575980042;66.8917286072131;3.74256245792071;0.578735263077004;16.92;11.58;1
372688;2.26425325714678;7.06248831352352;3.83269826371229;0.28360354019206;-3.75;-21.49;1
373140;3.25317054624124;1.20434719541569;58.6420955936967;0.500993681103615;5.21;31.93;1
373154;204.402819280569;811.774075545472;3.90318921986359;0.718655956889767;3.12;19.98;1
373183;3.58610056695446;140.970866209957;680.295857004166;0.157319921788799;-18.89;-30.03;1
373625;18.0723477435064;6.50000087964975;2.80755062695701;0.428089937513532;17.82;1.58;1
373665;31.8831862277056;11.6287162405374;4.91327471442657;0.400983661514139;29.8;-9.95;1
373694;3.25861827833747;1.21877083766132;5.30760600749733;0.520487909256939;30.45;10.85;1
373698;3.33859691028769;12.3015595651105;5.44289150411586;0.301698015839803;21.39;-25.31;1
374148;331.454075727229;12.8022803211938;5.54574130447088;0.113570646646776;-25.49;-20.84;1
374200;32.0175888189881;8.81552769154516;54.0500080304697;0.104695752095809;-22.3;-22.75;1
374204;22.9574913667594;6.25914924700533;37.2682170500636;0.206401332348402;4.23;-22.43;1
374229;21.4381677875183;8.76555789836461;4.15882093150895;0.921824444633784;-17.24;12.57;1
374638;18.6684747518494;11.7412170558222;49.9744825589729;0.791935181175409;-8.33;-11.48;1
374666;19.5588905796602;10.5804427346657;46.0281741092982;0.585507465388902;-1.04;-17.53;1
374692;25.4254443594375;14.2142069269274;6.03758892225861;0.700686181541226;3.56;24.08;1
375135;18.287347295958;1.14257935242645;4.56161023086583;0.276325867751369;7.45;-16.57;1
375148;1.72260509951263;9.93617825377727;3.70892675115378;0.349022206239137;17.12;0.53;1
375153;24.6861071739927;15.5115314263708;622.648054647315;0.400632730233981;15.57;-18.41;1
375186;19.6150294873147;1.15850834043038;4.35604326399898;0.294153468284082;9.05;-17.25;1
375648;18.4393409812228;7.61605699075034;3.377452686113;0.745617344523694;2.16;18.1;1
375712;31.2082130682923;13.4973162714136;6.27891435339208;0.5278552712922;27.66;13.84;1
375724;31.9860905360174;13.8814029449919;652.746970628504;0.868193089295883;-22.25;22.75;1
375754;19.3968063279246;10.0831563781738;5.09812249345634;0.991467853487987;-14.28;10.63;1
376126;21.5188269375757;5.81732704054026;33.1202973639172;0.500894686189474;20.05;7.38;1
376137;2.42695617020938;4.77490632813618;3.42593923295162;0.110841332849375;-23.54;-5.65;1
376159;3.33311410048864;1.26324499096855;60.827203656814;0.133522296140497;-3.22;-33.08;1
376164;19.8401314025739;7.35229834164999;3.35572470994191;0.139169183131633;-2.93;-19.57;1
376168;3.29764752745301;12.4768461320638;56.0877896514725;0.25670744962675;18.43;-27.2;1
376638;20.5980590427122;8.43387761749382;4.10676817394244;0.746736949494572;-19.24;6.11;1
376656;21.827524651762;5.88613224593427;3.53560865018085;0.270783890004284;6.64;-20.44;1
376685;3.14206639859448;12.8409763595815;59.9648375204611;0.636141016681906;15.95;26.57;1
377132;3.53188023130976;13.4033652169758;5.81969279235806;0.753072136801806;-20.55;28.25;1
377150;29.0625488849011;1.84113042142312;6.38973954752621;0.139166354438529;-15.57;-24.25;1
377155;3.149469710264;1.27820402098981;5.64481720239654;0.815679417845718;-9.96;29.32;1
377188;37.44584589252;14.677041572261;63.9417502998463;0.18941687909408;-23.71;-28.13;1
377192;3.23346346191634;11.3875722346243;544.569597673765;0.248815497338382;14.9;-27.94;1
377629;2.24650057662782;688.975158770034;3.51512516013439;0.543639093437716;20.36;-4.42;1
377642;3.42942280494813;15.579069057672;6.8544973314972;0.85629206352387;-25.01;19.51;1
377672;22.3550999509321;6.60639593847293;3.46291225570424;0.765726923364295;-4.35;20.21;1
377676;2.22357009343466;9.89304148389535;4.29820548200032;0.322382668815225;-11.91;-17.21;1
378127;209.453077219675;6.48242128855591;3.5293297861316;0.751507133491538;1.69;20.58;1
378142;27.4457222434908;12.6824038378503;5.97992727454375;0.399128815224694;27.04;-2.99;1
378171;19.7364245554435;7.160776450873;3.45558503004621;0.204714616277214;4.31;-19.1;1
378176;1.82155395132052;7.21399320489426;32.4232647306802;0.778833966542447;-3.66;17.65;1
378635;33.7240867243849;12.6840344677624;49.8152958060341;0.644129213624836;20.66;26.02;1
378653;3.28847509410813;11.8933488560396;5.13829098483981;0.371540668828597;32;-6.09;1
378677;34.0347836593165;13.1157254013334;6.13715187365444;0.158546198066103;-1.44;-33.84;1
378683;29.7525745987422;11.0869065116473;5.2788830757625;0.20137809392514;12.72;-26.72;1
379142;17.5907270449333;9.7094865653123;38.9777023383318;0.736937763729239;-15.35;8.24;1
379153;27.7907327903063;1.70917736347404;7.57383162258476;0.700884994520337;-21.94;16.62;1
379173;2.00392558330184;9.65196238326108;40.9070059774231;18.3009579588351;-19.2;-4.94;1
379179;19.8483591001953;9.68840005313045;41.3704519016415;0.761515667588879;-19.01;4.74;1
379642;1.62419657362918;1.4678753224122;5.83846323988674;19.9846739320698;-3.87;-14.35;1
379656;1.80519300907115;1.5920848748998;50.2772525151913;17.6080752514112;-11.12;-12.23;1
379702;2.02208268934371;1.48384002832085;5.49653007696818;19.3952176957824;-11.08;-2.52;1
379711;17.1800130063413;12.9435506335353;4.73868412510878;18.2718105729947;-8.29;4;1
380142;18.650966001069;9.42255413556867;3.80654819270572;0.22843603040228;-15.84;-9.17;1
380163;31.279867143691;15.6643526102766;59.8514158029594;24.6820304895936;-29.07;8.51;1
380199;3.30088443732461;14.1453622151019;5.50982544409341;0.271353334865809;13.83;-29.55;1
380202;30.3403659700821;1.27244019351854;5.3748553802897;21.9561133412811;-28.88;-7.42;1
380629;26.2979425765557;12.8888065903995;59.2006547970162;0.975732846624908;-7.38;22.98;1
380643;18.5479965551658;7.96557505677268;3.52040089547876;0.52109066368764;17.53;-0.92;1
380669;1.74699786520018;9.97243693107246;3.84818239744082;0.768840338393556;14.06;-3.71;1
380673;2.63191900992524;177.587753239819;735.677403204869;0.740199810940177;15.48;-15.85;1
381140;2.06982409590274;8.11073160320786;3.71643902069352;0.770523487461968;-13.42;15.41;1
381155;34.5197585591468;12.9931309342503;59.412567369159;0.157712269453442;-24.96;-23.14;1
381178;3.10068497526242;1.25046980179428;5.49855109936318;0.742012313577496;-2.25;30.34;1
381629;2.04574739781212;961.385729390978;4.25712336551917;0.854355348658289;9.83;11.01;1
381655;27.1749891862763;16.1081274918712;905.842706586674;2.47184888762232;-18.75;-11.91;1
381684;20.5077028480962;6.46551961412061;3.29919697664306;0.462860556616652;19.24;-2.72;1
382137;20.0745833119216;5.99005096243073;3.44063844620955;0.680408009352701;6.18;18.89;1
382186;18.1922137024585;7.56032383084579;36.6331932567898;0.646129329072951;5.72;16.78;1
382225;3.40425030061501;15.215849792671;7.42447658440611;0.273267038186374;-12.03;-30.53;1
382633;23.1617817313525;8.74122445039526;42.275762092514;26.8683839411615;-19.7;-2.62;1
382655;18.4712697579809;8.41272508821148;3.79724863256875;0.899531716163131;5.79;12.72;1
382659;17.6030115288379;865.144396668168;4.29643828588985;0.847102741408012;12.13;6.42;1
382686;29.1217318510312;16.6055750943752;7.57637724094319;2.41202515561471;-19.9;-2.12;1
383130;3.56033077774337;14.9931927940407;641.441285287445;0.834356595215127;-16.78;31.21;1
383146;3.16642214250027;1.36859193022092;5.85285659741633;0.849901927466281;-17.09;26.41;1
383169;32.9114929521889;14.0723740951629;6.42218828374244;0.0689558197358422;-23.38;-23.07;1
383179;32.87219379403;14.5316545138929;6.45184480764663;0.828201324106225;-28.01;16.95;1
383632;306.412909557384;14.3120041749788;6.80247893887987;0.811566418244156;-24.01;18.4;1
383646;29.1817953171888;14.0675778191149;636.716435505964;0.955044825687433;-25.19;14.51;1
383649;1.92095603449916;6.77272189836268;33.9879748088324;2.95233149740963;-19.11;-0.12;1
383677;1.91399797004137;6.65137402625432;3.32352041633587;0.468568174353998;18.51;3.4;1
384159;19.2597176844647;11.9866984399867;4.79073724957918;22.1645795053894;-15.51;-5.02;1
384183;1.84885784736318;11.4305938233108;45.0300524298227;1.84375041185366;-0.09;14.45;1
384216;1.83291268330354;11.9138397906153;45.1787052978434;19.589571607765;1.83;12.58;1
384637;20.4598783569382;6.42769363382586;3.34909928091555;0.665502180424963;-7.1;17.91;1
384652;34.441130908107;15.8001946652199;7.362093911885;18.6213860829007;-31.93;10.15;1
384674;21.8797981945409;6.50251069778126;3.66364903654233;0.301777289981425;10.23;-18.82;1
384677;29.9885544455726;12.6545158740047;6.01557822802482;25.1210768784906;-29.38;4.12;1
384681;19.029395263862;6.10655975917895;37.812220428506;0.595672888340061;16.1;9.37;1
385129;2.10069600059764;8.79971870271253;3.73590590545476;21.2939355514235;-19.35;-7.4;1
385149;21.4660719106997;10.0365313886748;4.2929668646737;0.750606001213388;-9.5;-18.67;1
385154;28.5779444601395;17.1807466078566;7.29779523127103;0.476330128809939;15.55;-22.56;1
385178;16.7151742019264;9.71959131767331;367.795496344522;0.755045356097467;12.69;-9.25;1
385182;1.91542732345124;11.0142366923507;4.21550257128445;13.9424244038882;-5.93;-17.17;1
385633;17.4450862623518;11.1216228935831;4.22940270838601;0.764061178408829;15.69;3.01;1
385665;1.67036325365373;12.5002037997286;5.12990144731393;0.982778993467873;1.95;14.9;1
385700;265.021847272396;1.93169575219502;781.493921365858;20.1340690834309;-17.45;18.1;1
385704;19.533287603213;12.6133430827852;43.8080528261978;0.521190460704851;4.85;-18.1;1
386138;27.0344271959615;13.6450039264249;61.6036344185077;0.783279616276971;-5.56;26.17;1
386154;2.05955777892464;7.07321334919763;35.1770241335599;0.74054533779138;1.15;20.4;1
386188;21.0469779229888;63.626422735234;349.717649544494;0.98724471497093;-20.72;-3.52;1
386193;2.04671008705364;6.56865391052071;3.47029199657885;0.214649154567056;6.59;-19.31;1
386658;3.3957506948831;12.3866986579564;5.59002166361155;0.357490830195268;28.97;-16.8;1
386673;27.5670463028463;10.420682715096;490.194239743917;0.71095045057712;4.36;26.48;1
386702;28.4985245557881;10.6783587674852;4.6000800247564;0.800868070212645;-5.75;27.34;1
386707;3.23897113124684;1.2148074324561;5.20431653155014;0.862896981763646;-18.53;25.85;1
387128;30.360493364037;1.30481566981516;6.12219245930398;0.988862125640847;-28.65;-9.52;1
387141;3.32506003200207;1.37297333395531;6.5839593894225;0.0898976422225934;-25.01;-21.64;1
387164;21.9221814051375;7.17314975458765;3.81378607359337;0.290725303289035;11.95;-18.04;1
387169;3.21511830443142;14.9360608582556;6.97480967058292;0.23653989511027;14.96;-28.33;1
387631;205.803487698284;6.15465632123586;34.2835546913776;0.316141271163311;8.41;-18.17;1
387642;19.8800256441752;5.18952710763838;32.9933762133404;0.410605649401243;18.93;3.75;1
387675;3.26298586900639;12.3158626293578;5.84306175175766;0.325957330573439;30.3;-10.12;1
388143;19.321832446105;9.93525352361309;3.77070855626199;13.5374631692875;3.68;0.59;1
388160;18.5816986221384;10.1573615254085;4.02173449941327;190.953190837644;-3.03;2.93;1
388186;28.1426457135002;1.81041366254589;7.4944786051567;19.2607515696949;-7.04;-0.31;1
388339;19.9342855669008;11.2380794711989;4.510183189661;12.7692908822138;1.82;10.06;1
388342;20.8762962173702;1.11817530650597;4.71839123741343;11.5146904828739;9.19;-5.43;1
388637;4.50146462362664;322.948286551354;10.1927889554377;0.537848717801806;-6.99;-43.8;1
388649;18.0939869887683;14.4512431971661;5.31962091216656;0.534879260015413;0.76;-17.79;1
388671;15.3186231154158;12.216799652023;4.74155970472355;19.9745439876484;-13.5;5.97;1
389134;1.8688844584576;870.035426237315;4.16417243879205;0.710761877857521;-10.32;14.16;1
389154;22.9471762035082;10.5884148916062;4.9592734525474;2.82927322417534;-22.44;1.49;1
389159;30.7056511447771;1.47564808574843;6.65062511752752;0.65020013667033;16.09;25.29;1
389180;1.84056311699364;7.29505718189828;3.31681242891854;0.640891655908473;3.7;17.77;1
389185;32.4658452035255;12.7196907512457;5.8731244942963;0.173078925095504;-23.55;-21.5;1
389642;29.9784857800009;127.534294928895;6.12968483898509;0.196179208948368;-9.85;-27.81;1
389659;2.19307132523144;5.06524630821863;34.0358409880772;0.164759498494652;1.79;-21.74;1
389686;19.2608072791148;7.00815758277603;4.15426424207135;0.608294813552187;6.09;17.5;1
389690;1.9779082165352;6.193004050574;3.42658062908286;0.733512817107659;3.45;19.05;1
390134;5.23925071983166;28.6288376255665;11.1035815827094;26.77746334569;-50.95;0.05;1
390147;17.9948787486189;10.4908358315434;39.7473669703423;0.454257220182039;3.52;-16.88;1
390180;29.9540679616152;16.6365595619479;7.42677318868491;0.270396591722185;-22.87;-17.81;1
390657;220.840504906711;8.50626838348343;4.18414151262563;0.655134531501674;3.85;21.5;1
390670;31.2754723076595;1.50251116428381;7.26571105447042;0.141805558560036;-23.64;-20.03;1
390693;20.6136178008362;7.47037655140491;3.7187422268472;0.200983720874912;-3.45;-20.06;1
390698;19.6237228610489;7.48513437364484;3.68045367533641;0.86837098405709;-9.88;16.54;1
391129;296.425662266231;1.95206292307247;7.532195827519;0.487230112698806;22.29;-17.99;1
391154;2.94037169398516;1.88477967144063;7.64775707404279;17.6218873065905;-20.68;19.49;1
391181;2.00625059506675;12.524871033738;5.24814609783005;209.783797969209;-17.07;9.19;1
391639;2.04315839610486;8.32201868455424;3.98389231563408;0.851268796130925;2.45;17.7;1
391667;19.9099303886433;9.52870088441513;3.60891125510955;24.104666156274;-11.49;11.33;1
391721;2.93982022694877;12.6060644957715;60.4796182932132;0.880661390140248;-25.74;11.92;1
391725;2.2468815710721;5.54788368591119;38.2539286828126;0.227274539107525;6.59;-21.28;1
392131;28.0481222135346;11.4575160329722;58.139524777116;0.502678047517784;27.37;1.19;1
392148;35.1400112580402;1.29997216810031;6.08398994439528;0.29444671115937;18.43;-29.22;1
392179;3.42881092442631;13.8094575476281;6.43614680693758;0.832231179716945;-17.75;28.9;1
392184;31.0092819661428;12.1171842304652;5.93796485714143;0.15756059034446;-19.16;-23.95;1
392633;20.4696500511485;6.5275357365506;34.1622796760942;0.433215661711182;20.2;-1.45;1
392645;21.5882364932799;9.01843712951498;42.5241538172525;0.0804521152354327;-17.26;-12.89;1
392649;19.1480250146258;7.96065351740319;3.84390014673156;0.133113325110727;3.59;-18.73;1
392683;32.9573260645957;13.8841300206775;6.59576517773656;0.0530952981207975;-28.36;-16.73;1
392693;21.8282857622781;8.66815976597041;41.7252469529066;0.0783665483243352;-12.77;-17.62;1
393127;323.095145436707;13.4341932910061;63.4928037040499;0.848160292083299;-15.41;28.07;1
393154;3.32987839755918;13.0571702597477;6.24021321883004;0.133523577095846;-19.12;-26.94;1
393174;3.52681878255198;1.41496955942381;6.78764377598024;0.261583510013443;24.58;-24.87;1
393179;2.3208448929165;6.480997926516;3.71146593976047;0.260651630688961;8.47;-21.25;1
393182;214.883672372802;9.26222937682126;4.27938067911648;0.377549737897063;19.35;-8.82;1
393639;20.0458009655297;10.8130471595906;48.4860544846776;0.523669458430346;15.7;11.92;1
393666;1.94643978631519;968.721904623034;3.95288677421019;0.393598964219871;-0.62;-18.48;1
393669;17.9861607584215;9.18927576441102;3.7099403847739;0.60613810010908;16.89;1.2;1
393692;2.01351902065123;11.4007701491796;442.486793151186;0.573142976611925;-16.63;-6.05;1
393695;19.2357517774096;11.0333088773522;4.1159435222802;15.2400627555887;-4.46;16.07;1
394130;2.27375363361343;5.13692345987331;3.20327805322089;0.674199785792397;-2.36;22.38;1
394141;23.305897931451;4.47788113259019;3.23406554628801;0.557257935167545;-4.23;22.83;1
394151;21.3847452010044;8.35282779399799;38.4459492575855;0.193791575170942;4.23;-20.91;1
394172;21.4035716858378;835.795295221371;3.85202594993914;0.824099659225701;-18.8;10.13;1
394177;32.6440996306807;12.9097204151724;5.86289166783198;0.736418778035721;-18.91;26.47;1
394636;18.9930441798264;1.10259145737411;39.4078614759695;0.289912152738718;-8.7;-16.6;1
394650;21.2214998652009;11.2577553296847;4.24868377321387;0.245264602577218;-11.42;-17.57;1
394656;184.539204120119;9.77024823344617;369.005843138792;0.389483623490355;5.97;-17.05;1
394684;2.91072301267518;1.69078909549372;6.99050585369413;0.152763870563068;-22;-18.79;1
394689;18.5369729357716;10.685600408431;45.1227516626656;0.27668528924792;10.72;-14.9;1
395141;17.9274817539883;10.8643209466372;4.02024198628258;2.33235810990353;-12.04;0.35;1
395154;1.80861554269516;11.1259164127834;41.6478458219262;11.5082122297936;3.41;11.06;1
395201;19.7870938500639;9.97006329808823;4.06323399562364;10.4478385673453;-10.53;10.3;1
395633;2.2676097040856;8.54296359007681;4.30179507201453;0.367567722285554;-6.98;-20.14;1
395653;2.2036536230818;8.39135585974829;4.1489568253197;0.382819157866433;-9.59;-18.18;1
395682;1.69472697481801;7.59887162549348;3.63834349857691;0.65342436731115;14.87;-0.45;1
395686;18.53878045018;8.54126984908181;4.26529332193964;20.1144048458336;-15.96;4.85;1
396129;21.2389637199323;8.39701508500479;43.1622908372088;0.528892087099939;-2.83;-18.41;1
396173;21.1082811547092;7.66345776866592;3.72185798191394;0.286130424034069;4.63;-19.84;1
396177;1.89376730565388;6.91581707383197;4.05767720142125;0.863973249261847;-3.72;17.15;1
396200;30.5359872927864;12.144145190957;6.15589976743256;2.74107968351458;-29.83;3.47;1
396207;31.5690740849588;13.3653813620246;6.71087066002382;0.414785883917774;29.16;-10.91;1
396654;20.5470542101451;10.7789130909622;3.77167733750474;0.955298733040271;-7.01;17.63;1
396671;17.3478098812292;10.5886101466908;3.73560969711479;2.54758375586627;-16.25;-2.33;1
396700;200.764264581517;10.1959000371208;3.52748074762031;0.855656668146755;9.84;14.48;1
396704;30.4384221650177;16.4883461097589;6.36494662330313;15.759085120989;-12.25;-25.02;1
397139;21.6177892104108;7.00648856622884;3.45145723914379;2.53920766503796;-20.2;-4.8;1
397152;2.02353642948764;9.56213307043439;4.20992574381326;22.8482260516016;-17.65;-7.8;1
397156;2.13546949540072;1.04921543259305;46.6256990047759;0.74871041065989;6.01;19.21;1
397177;22.7144350612323;7.55186399028771;386.207914484503;0.359952876909208;-6.91;-20.38;1
397181;26.5650794259529;1.29735237335898;5.68285897731441;0.952032504266602;-18.13;17.21;1
397195;3.26957691352851;1.5866742078656;6.98074134483804;0.965394924610051;-24.66;18.58;1
397633;20.9074455467771;7.12888337805723;3.32453722822101;0.954685254180706;-9.67;15.96;1
397656;3.16660418757733;16.0523336072277;7.09488770568414;0.991868029717268;-17.12;21.63;1
397676;1.95158712965762;9.21839999176057;4.07170875176225;10.1696573028082;7.79;10.29;1
397680;21.3159281375738;982.331304578467;4.20123104226011;23.5927664299793;-12.56;-8.98;1
397684;21.077596986996;9.81148388991471;4.27424459225244;0.998748803415175;-4.37;13.98;1
398133;19.3254871676772;11.9140090201271;4.60853916001486;16.9841593784934;5.72;6.43;1
398151;1.84258159953557;10.9498437561684;4.35382107966725;10.8474106005336;-6.64;-6.02;1
398173;2.02648352969146;11.2448366503843;45.3702141680653;19.8243167869157;0.24;6.8;1
398179;18.3766671567053;10.6433159945753;41.9887238215081;12.758974537415;0.95;-6.15;1
398637;1.88104799510284;11.3805776828223;4.32618981002975;2.26143343701476;-13.96;-6.48;1
398655;19.6006511293563;10.3337320603334;42.9474913313246;0.794492391194047;15;6.44;1
398705;2.03106435290845;7.88314393970141;38.1621986131877;0.481673190094933;5.5;-17.59;1
398725;1.94803789099715;78.4606231800733;3.91434114735974;0.808443456822497;5.74;16.65;1
399140;20.7991013966204;8.3739683614816;3.9884309744738;0.947107753236414;-5.07;17.53;1
399155;1.99452821376151;8.71308797726889;3.94986933775231;0.708662499076496;16.51;-3.58;1
399194;28.2629530971375;1.81547654921533;796.054770392273;0.813748230811609;13.71;-17;1
399198;19.1321690227249;1.04341268924189;427.619559513028;1.92499541665441;-7.26;-13.17;1
399270;19.472910868611;11.6224066151709;4.27223090386343;15.1736795450793;4.23;-16.35;1
399294;16.9519958190785;12.4877330963346;48.6661985154708;10.3776227814717;8.69;12.21;1
399298;1.87903731462364;10.985373798309;39.5413190280616;14.1480288707737;4.57;-16.3;1
399374;16.923175466133;10.5731316877492;3.59817742937519;12.2137081525704;-0.15;15.5;1
399429;25.3433023426207;18.1145613277651;6.52481416659145;1.44614010778516;-10.16;21.66;1
399453;19.8109858811508;12.0764128309125;3.96681859437046;16.6164601593061;-18.25;4.46;1
399474;17.1009614252207;10.4978549707307;3.52809108267364;0.998810783613526;15.72;-2.04;1
399478;2.58209444672243;18.2843377635723;6.8033932424932;1.55424922824896;-17.75;15.99;1
399489;1.78916862651089;12.9277232566191;48.0210642197451;0.79283766859758;-5.92;-15.63;1
399504;1.84516850882521;11.9439319463315;3.92885463856735;12.0649341143891;16.02;-2.35;1
399508;197.186997655024;12.2641952964427;42.7858015072812;0.786582774350056;-9.47;-15.7;1
399727;2.24806439499238;7.17827179530169;3.72315666307861;0.198996498628409;9.31;-20.34;1
399730;1.86405204645819;8.48651743817362;3.9196979910091;0.774179876287732;-17.79;5.2;1
399982;20.2814435659506;7.48371255787631;34.126890261769;0.271248249147279;0.02;-19.82;1
400002;38.668799663707;13.9247507286082;651.776942378164;0.278204445657226;-33.3;-16.84;1
400023;2.82200358292735;14.1580929027059;6.08869373106685;0.592329881817076;26.43;7.05;1
400028;320.213716727996;15.5024801052993;6.97629898340426;0.371533956512608;21.95;-21.71;1
400451;2.07512191753504;8.20971994525974;37.4936297794442;0.368413299929699;3.74;-19.5;1
400471;2.01802026085286;884.934545680285;40.0206202297406;0.458480010506696;2.12;-18.61;1
400475;29.9414234081693;15.9352966378702;7.27149548896292;225.824411029187;-23.04;14.45;1
400501;27.7528136520742;16.0388892865733;7.34282556364507;239.363571417845;-20.58;12.15;1
400506;19.7134450881552;905.157203511595;4.14112778564424;0.667179021666337;17.38;1.02;1
400965;19.8634341427974;10.0488485842047;4.21193823246424;10.1327618029331;8.33;11.85;1
400983;19.2847351527482;10.4892284901932;4.19665116409251;0.929442808034609;6.39;-10.94;1
401010;17.5945496821747;9.05311478968536;3.62646055108669;21.6042224755603;-8.7;-5.19;1
401032;21.0051945443689;115.943964622276;4.51024097748921;15.9498691340326;-10.43;0.82;1
401037;18.3969580290052;1.01906310510804;39.4005061677981;15.3964990545209;3.77;-7.9;1
401463;21.0341763112301;8.89601177946964;3.73597864571553;0.550679970713225;-8.21;18.85;1
401489;2.46148593424494;10.3128057688375;4.42143469680415;0.323817376229264;-0.78;-23.79;1
401513;20.8848969354;8.99085446871664;3.79718957427411;0.354306786307068;3.32;-19.58;1
401519;20.3614202286406;8.84773537268484;3.73877785316773;0.247945207327211;6.42;-18.92;1
401958;20.9802734906947;13.6103051125855;5.1632039982857;10.2775373099846;15.47;-11.61;1
401979;19.5702853942076;10.2866620464233;3.53369322060416;1.0354716743677;6.63;-17.58;1
401983;28.299984327448;17.9807536818638;6.42771599516116;16.2701541774388;-21.91;-16.82;1
402012;28.2093075358421;1.84198301430914;6.51048847138103;0.684975395879751;-19.34;19.72;1
402016;18.8410939493214;10.0341620706529;34.0767463849388;11.4237468594404;-1.29;-18.32;1
402458;212.339179524353;57.335903036574;3.35105640201408;0.310748994267948;14.3299893937318;14.289986563672;1
402469;22.4857122510918;6.7171860424694;3.81711877079442;0.249572920012522;20.9599692991034;-5.73001050521768;1
402491;2.14962483890217;6.68650006627718;3.66737071420363;0.266317719911817;-13.002007044114;-20.749816460614;1
402495;23.3775043259544;7.49547123364535;41.4432260808721;0.518756130695287;10.4205442387543;17.5096881599331;1
402961;4.79378403556144;2.83881226758491;11.2080733095239;21.509372849726;-6.22012750023987;30.6291057784904;1
402983;20.1474362871585;10.7805579115732;4.49308858475558;0.64951411935298;12.939890241201;-1.10793775515097;1
402986;19.6968851966719;11.7823639567501;5.67538649745051;2.49758005217705;-16.8509053243008;-5.07009438652546;1
403010;2.08786490284823;10.1335037016404;4.47831698237605;0.323506231758463;21.0169959626412;19.9504560944697;1
403014;21.850420466743;1.02040808525006;46.3415979077498;0.414360735158383;-14.8521335123406;-14.0715000689593;1
403018;2.11992247241256;10.2277099759571;4.49151342104422;0.313556788162722;21.1959859784941;-20.3283525337531;1
403467;6.13298406370232;22.600586146293;1.0427354298138;0.801644873266871;19.9829007152295;3.59810114203022;1
403494;23.1491490749638;8.770361204602;4.12367678305138;0.675233444477117;-5.5435646816647;16.7306290854122;1
403515;34.1511677413495;16.1483769368303;7.56592807356325;0.517139242443907;-16.1952499630919;24.2592735244389;1
403519;2.80112376512326;12.9399439749786;6.03854233007185;0.506402346099849;22.306527569882;-10.4030893985002;1
403960;22.1322413076921;77.7105289808822;37.9604652442046;0.353612232518705;-5.24525446641577;-20.5410315254092;1
403971;2.24738679304185;7.91309755049003;38.900042198828;0.324434631851732;0.821900888079214;2.15663657984424;1
403981;21.0258137813527;6.57278956531843;3.45649124192456;0.298597104958314;18.5733331742728;8.25620204777727;1
404006;232.942973445032;9.81238975763565;48.3311135341512;0.263169235804593;-1.55749339807126;-16.3400959905367;1
404465;3.20759097706058;14.0997805048974;6.93707869276824;0.392288988358158;-173.799508373244;-24.2436626829649;1
404491;2.08354050467437;4.83779089932007;3.22164980870478;0.270525747260062;19.5836377232434;-4.48689247783194;1
404516;32.0286488269547;11.8579443849884;5.98046821542176;0.221040621346012;22.0959382153852;-2.20808563201848;1
404520;3.27178388341334;1.22122852802353;6.60573673245024;0.291335301630965;-4.33633733955965;-3.11947193631132;1
404971;22.8075794602154;10.0240214457373;45.9670242955933;0.632265656162925;13.0652716299762;-14.0075119049114;1
404983;20.5859696675707;10.2225775847336;4.29037080295566;0.733413141418531;1.48875796328516;-7.06537848036602;1
405177;3.04485842376563;14.6643987751571;7.07448625053124;21.2731527644713;-19.3248143064523;-17.543522209075;1
405459;18.0687712440193;13.7675512539071;5.56866131929477;22.0117960392082;-12.1365282624231;-9.38172903466302;1
405480;20.0504248774667;1.47307912594034;50.1313652856461;12.9606034112363;-9.41856889457531;1.13654855193021;1
405483;199.502463427534;14.5478531489154;4.98280955313102;13.0876245021158;-12.2683383170043;7.61966095037588;1
405516;1.92008937475433;1.09701999694253;42.3171845909055;21.2203064400275;-1.42274732567602;46.3509187528993;1
405956;21.4738590058374;9.55837911192995;43.9092568072532;2.54478240965808;-17.8569865780837;422.605794755594;1
405971;18.1941612928648;8.04866783601849;38.02706401602;0.499810573437831;15.6701812323359;-4.34438598733058;1
405996;21.6433882240414;7.18535975300131;4.02109817057531;27.9982456192475;-1.98247473069561;-13.2795475404288;1
406002;21.073392120532;7.06357422965326;3.84947063208779;0.373239073000782;38.074342570568;19.2588026378105;1
406458;3.21714951656985;18.1238144502332;7.86198525268461;0.474214121031544;22.7707681519004;-1.86430183785089;1
406472;31.5450442963735;16.2254128115862;7.43256773778091;0.300905352984227;-20.307962525462;-22.6392387956667;1
406510;3.03971745347998;1.25810754565403;57.9417340512949;0.599165005542987;19.7351890163844;22.65043003891;1
406964;21.2682935695292;7.72463049763792;3.30788597767252;3.03178695156743;-21.0906070604654;0.471529618219517;1
406977;32.0097745408155;19.9042629000713;627.055627206132;0.517758705450036;25.4651158202224;18.8875730802144;1
406997;35.5993225517555;12.9803875406555;5.59720803708053;0.187174316597906;-23.1926392552349;-3.52756083611745;1
407002;3.80009461794873;22.8451457214066;7.3078733588839;0.128194186039326;-190.266584059658;-3.2672140814531;1
407007;3.3072140405834;12.1474921391409;54.8089606414317;0.0989241227985657;-25.1001718098477;-21.2173924886948;1
407461;16.1534220838696;7.57063797836259;37.2354282544294;0.477480408995527;15.3914323827282;0.459071906862021;1
407504;18.844937436346;11.091695845635;4.04884327653512;2.16354785659183;-15.0874723613116;-10.0109726410597;1
407537;22.2842437846173;7.20025593107627;35.4240191029713;0.726882858763772;-8.32897279394052;2.04420628120953;1
407540;30.1559587081956;13.68480789941;6.04000338146134;1.55275724539144;-28.1363385894318;-990.636069160958;1
407958;20.328776515021;9.05647872227903;3.72140764619017;0.295708595644385;7.91203534392016;-18.4709098590909;1
407973;17.3781626632461;10.0888071442544;4.22606724896152;0.773435204916662;-12.6646172070847;17.128490516163;1
408000;19.2809198411282;9.39481469809478;39.9090285632271;0.618325794662225;1.66189149228753;874.759298031734;1
408465;3.4170827166464;12.5584886509253;50.845518294583;0.226467435388826;8.35833161431782;-32.9706198511499;1
408477;3.48314159736053;1.27450461625796;5.37011814758088;0.11504962152582;-28.8515002734259;-19.2240126472794;1
408502;3.6052436048281;13.17740472622;5.83179952422826;0.194242106300203;-15.6611219249062;-35.8350422786061;1
408510;20.8536392157541;766.988805362666;34.7201664121211;0.172857478862836;-5.35702138007638;-20.02850967898;1
408967;30.6033309014316;11.3211179594883;4.84829251831178;0.281920242282266;15.0145536267944;-26.4825729176163;1
408988;31.2334844824277;11.5061855266041;5.2838148503684;0.493270556219721;2.66394729899697;15.9082230540786;1
409019;20.6547468423779;8.10730665422967;37.1878203238859;0.483540781251424;20.2299875330837;2.39677570665903;1
409024;3.54895686788492;22.4498586513971;7.47430818072193;0.304455897946198;2.32755349621039;-26.4821486234781;1
409462;36.1901047406325;22.7936920435038;7.49631564997094;0.160025241249656;-2.63496984940111;-24.3140680653799;1
409477;30.8821352250382;12.5296062970627;5.38725180398209;0.523984492807783;29.987381751723;27.1551526104157;1
409500;3.32125081528671;14.4427427609451;6.07168114759408;0.357055032194652;-710.452540921061;-30.6017901073392;1
409503;1.96537395027832;8.73215247730299;3.8272818822816;0.793343922159603;5.51598091328079;1.72285524387954;1
409957;3.0792939619976;15.1790255998445;6.36267187453436;0.185447514164886;-10.2895967826263;-28.8541421420031;1
409987;21.4559165687458;9.61699857948542;3.75750626919911;0.361252352456141;2.00297584268447;-67.7234285963585;1
410020;27.4168339067872;14.9110841602368;6.49933826103487;0.630062700002101;17.9079711229901;17.9500208356473;1
410465;27.467490178454;13.8085262514522;6.83615262614453;0.713562307419597;15.246395696662;2.15259311484893;1
410480;24.2789510494684;7.50031670011669;40.2606115287375;2.56356932412216;-22.9083694829807;-5.96572045265617;1
410507;34.8208775510838;15.2528847102265;7.07913102388761;0.698117794228666;-2.74564416895461;20.3683113242234;1
410510;3.31229743364157;15.1302025388745;6.68546946133967;0.439950795599348;28.4857858617537;-1.53629147120347;1
410964;4.37238322235822;13.4012885013839;63.2614214263959;0.644521922370213;31.398695923921;30.0894661693211;1
410982;3.67554369769126;14.4774297058217;6.4475315522199;0.0931314500282654;-2.06225962196378;-3.01870715632461;1
411012;3.40291508089981;13.0093782229479;5.67732550122933;0.311612534237286;23.5919231284236;-24.3226424594877;1
411015;3.43908367597321;13.4039949449699;5.68434842619732;0.143423391568134;-3.27404906055642;-10.1000502862521;1
411464;18.8265025512945;10.9645316946837;40.8736129715815;0.844963816333165;14.0397266273211;9.54739236824614;1
411480;21.4263831796589;906.882855108708;41.1169325560795;0.560163258033393;-0.714553745199297;-187.791974873712;1
411501;2.11886232162624;6.639072633802;37.5881245996677;0.677964701649513;1.67377310422631;10.9664664455663;1
411505;2.77095884945065;12.0342680484032;5.62350368324509;0.524391082403489;2.25491483524351;-12.433712107887;1
411509;3.27706101847419;14.4716892203185;6.53579979518228;0.989232673865742;-25.1414257111974;19.0265846771131;1
411951;3.40620446463888;21.2332537315831;6.90300228007153;0.214279725409138;-11.304881971469;-31.682628740595;1
411964;21.7447792588526;8.70428785288108;3.96540104908944;0.658459883122143;15.6736504413618;14.5507751538263;1
411990;2.16258070716174;8.59550074982273;3.80984829712357;10.0883577227521;-1.96549153504899;7.79446236787624;1
411994;23.6886120917666;9.16117559621111;41.550605392615;0.617454607147839;-29.5885193622891;2.2978755255651;1
412460;19.1525060377148;11.8578409430828;3.97784003361529;14.8339466979519;-6.29769046068567;17.354891830479;1
412481;24.4941877597271;14.4798564637137;4.95628547217487;21.5644975833369;-23.1784018975612;5.34396923485428;1
412503;3.12269555872707;1.67472874463777;5.93201478725531;0.456321878531244;-27.3379508484531;-13.0736669745196;1
412508;30.2178711273104;1.65529908723349;5.65957694211527;0.632912194453081;27.334666331918;-10.2566426966671;1
412963;3.42016240646709;131.029250276098;5.83738217663449;0.506953923260576;33.6579668734822;-2.05891263030613;1
412973;33.2943137967042;2.11213975409821;675.739799501514;0.662505743352463;1.16360346265616;30.7942832581879;1
412994;3.52475457300624;13.4855085897395;6.16395223080014;0.163331176732455;-29.4493425577453;-19.0467863539891;1
413007;37.4823585211987;24.0086842120162;7.92512486733273;0.13086129000941;-231.750934694015;-29.3123345261263;1
413493;3.43242647619401;1.35614466410713;6.83273870762094;0.18696141838621;-26.4834657567964;-21.5370550286275;1
413527;2.10468145900574;10.5790151507363;4.41270745797988;0.757540454138593;7.92864381219792;18.9038878655822;1
413550;19.0700275851479;10.006782014678;4.18301834163141;0.933713496150227;-1.10969174793763;1.4857390005715;1
413554;1.84520430890748;9.1989133014271;3.87421210903364;0.90533805651532;-887.429546892679;1.58965875458331;1
413960;3.44433033991877;1.27595549957962;5.76138051806974;0.601606125912904;24.5074340632666;2.32704452073571;1
413993;2.01923456668107;7.18600271571166;3.45289762286323;0.429884932110076;19.5302799381364;-18.1382127683253;1
414017;2.86228995932718;10.7574354202938;5.44916529911043;0.36544879540994;1.83128844263926;-21.1874336472263;1
414021;21.15456874383;8.03245327168401;3.98612422678431;0.199203021468049;-9.79874975654572;-18.406238488171;1
414456;22.2556536256457;96.884561506011;4.46942528625767;0.629411730786669;-2.08357785710186;-7.69526399317281;1
414469;3.03490904530987;13.6078387300084;6.31158061664374;0.324414653034491;14.6954788909174;-2.64337550376097;1
414473;30.1748035002471;13.1220852264088;6.24554805842656;0.369028620781985;23.8023602663621;-18.2657599618973;1
414500;2.94852129793012;14.4261542881774;6.172098802567;0.74540642115467;11.9943708158317;26.4209953239797;1
414505;30.0355299065876;14.2274110747833;6.32211645238493;0.516352265436924;18.3930442589202;23.5466836029474;1
414509;20.2373734852876;9.47538265053697;4.07100852474498;0.20775809567495;5.72360237486132;-1.94120855367916;1
414965;31.8692348579396;12.4421028565547;5.6262823620866;0.326026157645505;11.9726644799223;-29.2117200967968;1
414974;3.15687584224353;11.9759908536381;5.69046276437675;0.276246836763178;-2.94391618456436;-1.04617082719226;1
415007;20.5904720730713;8.2097897517445;385.710601109031;0.721381773809064;1.13972307882786;20.1402464756891;1
415010;21.2430826990823;817.361532118434;3.89917682493809;0.675136404550187;-8.41906417521637;18.9984354360357;1
415468;4.08139701533269;5.98515063866601;4.80066034584624;0.567365948902952;18.5306181919396;3.61248278998291;1
415480;4.45458130662931;879.251765605957;53.2814322599523;10.3073421332249;-38.5549269416574;2.15213490075868;1
415500;332.293874978895;11.6875570295525;5.55456358075883;0.21661735110419;-2.98173445147366;-13.1906453124193;1
415505;31.8591672769763;12.3146468048207;5.27067104612314;0.678745021177968;26.0148895590236;1.78240202046424;1
415980;19.7312311946639;5.54719355486238;4.04949045899172;26.2508773526309;-14.7381695196142;71.1824967893499;1
415995;29.8396697197757;1.28308742526066;50.1722628161191;0.803830388542221;2.22715131009425;15.6680502753068;1
416033;2.2712104493308;10.3120942267061;4.35024681445343;1.53473416414115;-1.73944077929421;13.1490497765436;1
416037;2.98531075356625;13.5490450036593;5.48032356617042;0.535364198189357;26.1429042289611;-12.195895644858;1
416463;19.3950549606923;7.03746550395088;3.88503264613902;10.8598702266584;-4.12378680614796;15.181617335902;1
416491;19.3844912514701;8.05649875726749;43.493445204949;0.874662937724647;13.683990624743;9.17275044300612;1
416518;20.3299917447775;810.600626868758;46.6486811617914;0.725131785346006;17.4326540705538;-0.0749785283439918;1
416522;19.7518680030854;8.16775515091627;4.47033692941255;0.780260929699016;15.9570483345718;5.70811401249673;1
416965;1.86727358778869;895.969880397642;3.86988385750621;0.872959431246277;-0.260854499312907;1.75814044407893;1
416976;20.8047689210568;1.01645341854227;4.39353815935922;0.326238290141111;9.33681632007832;-1.81799162104385;1
417009;1.61669195279002;1.25310996314786;53.5913960702964;0.763071419036207;4.43528848761156;15.2454069151101;1
417465;2.7078335370989;14.9260710541942;6.26930014679645;0.273644702272658;-7.80226202571447;-2.55795881216564;1
417478;17.8490843846841;10.5376909189806;4.37541811686717;0.531716773215134;16.2401492914283;-6.93265570914579;1
417510;2.68805848737902;169.930742591628;6.83927697608451;0.803745014446507;13.6548799225402;22.5073551750579;1
417517;1.78623291105361;1.12549558292068;4.46892022258907;0.409104082580103;0.464939873416986;-17.345204411117;1
417961;20.1508605390643;12.8663111290653;4.67145794796606;0.593236313902629;-1.48376412401062;-11.680481542755;1
417975;153.030269712557;1.00491126827165;357.667319349114;24.5110235665858;-14.0409970695993;0.00825220967568979;1
417982;176.333481216718;12.0281104705704;42.0741374900744;0.901009970685275;14.5191362227242;-63.848345877282;1
418010;1.76327760108533;112.303859049717;3.91743969332202;2.61675877229075;-16.1816050656222;-38.822604775276;1
418459;23.7264600072661;5.32016065422146;33.9963505377663;0.508195148029697;2.34309510016137;-14.8134961323303;1
418479;24.5985157501035;9.68692395973161;45.4983538658519;0.359525349087252;12.8793745023297;-2.09818709923537;1
418500;3.4591067468081;13.206173130954;60.9877430020336;0.23071334673035;-3.19640303331729;-10.698025651009;1
418547;26.1937715324073;5.95120669209302;3.88852891367175;2.58302621917137;-25.7857169635014;2.56878311335347;1
418952;2.63268209179666;4.96966755809238;3.46238000387927;17.865271626023;-25.7915718950439;-484.079914571532;1
418974;23.1601605494771;9.0358217519866;40.6168763895593;0.387020768141368;1.33899006727954;-1.8947033684569;1
418999;20.3111640113862;5.97582379830945;32.4407026981199;0.851256346136171;0.590769922030887;1.97820086368794;1
419003;20.4105883187485;8.26802614165925;4.03126735679739;0.282659419043855;8.12943201601497;-18.2450840061512;1
419461;20.4636289048831;929.447591372295;4.56325414637686;0.553432318898077;2.01084884667097;-19.4435613602545;1
419472;1.97355145499883;8.82608716509412;4.29061940706144;11.131044644398;-18.5061359168924;67.798356768453;1
419477;31.0956411575233;13.9131408317085;6.73322782774287;0.260783711611237;-14.6091351465677;-26.8413479368389;1
419500;20.5359912093262;550.497495710344;3.35790489845945;0.343238877344706;4.48943821820205;-198.947544649082;1
419955;20.470971205531;8.95077491895536;39.9541793613713;0.704029445709003;-17.5502931590725;-16.5977508997965;1
419970;18.0012020015977;874.618731846742;3.75410700708019;12.0703306404694;-5.91595552957148;12.3495582702594;1
419991;1.85105641231489;8.91084092513639;3.7522365434684;24.3365942232407;-7.80199162651269;957.526486306115;1
419996;2.18711983596213;9.97890286537618;4.3694224938805;23.853483264447;-12.9356313575688;-0.0807356349811473;1
420462;18.9423479191009;10.507873926114;44.5199450153657;25.7281987043078;-12.7549245537323;-11.6706100163725;1
420489;22.8644486000469;8.39676081170677;4.0822863096489;0.621339042956706;-14.307909569966;-13.7564091592633;1
420512;20.845569119709;8.9495954902055;4.13845898899588;0.691079021231893;1.72099984943395;-7.83962594856355;1
420517;2.16270991472672;8.52187119362258;41.5840608742337;0.844680602619581;-1.08801498634155;1.63323388638172;1
420955;21.7083946290958;1.20323123919503;4.10185729276548;17.6070533114264;-4.66818501713498;-32.440296338948;1
420974;18.7475318208663;10.3403736103765;3.7049924162709;20.5544824299372;-4.83712384328019;-0.16217784761946;1
420979;1.643916560175;896.363104825546;3.45395062540016;2.18950345326014;-60.1072244272313;4.51357293348329;1
421005;18.5306977745484;12.1762200565153;44.863570063282;13.8267703096075;57.5482051863352;417.834890282953;1
421463;21.3914478550895;1.15643387374373;4.55652583712908;0.963204768783371;-9.51238685768953;-1.0387422136634;1
421479;22.048846422314;10.4047183256498;43.5208097105184;0.900634339455506;-6.73219157307839;-13.9950525029738;1
421507;6.94961859434034;2.3692318175285;12.4791416958448;0.905659428025589;3.7895905281482;-37.4582749700009;1
421511;28.8063042163984;15.922821752178;679.046382566195;278.599256177792;-2.53359827350169;18.6254407845269;1
421969;18.7471672157585;12.4257642299307;4.40519733259205;1.17099684321303;-5.75075212997901;1.58006528360506;1
422017;2.02674511651232;13.8344282068559;4.67287249272262;0.554567981151894;7.63406176621941;-17.9910876336614;1
422024;17.6096028611419;12.2500077513845;4.03590794705362;0.847229470489169;9.15753427285698;14.2260949282872;1
422046;18.6903494047905;11.1232395367451;3.99475688487296;0.60274432561163;1.67173614151576;880.690840838878;1
422051;2.24798018099538;12.516102285212;4.4712285972864;0.303181507116394;-18.3625317102665;-12.4806834202693;1
422466;21.2509043235332;12.9320114023481;50.5223250092726;0.709112158180465;11.7398057027259;15.0748575674288;1
422487;2.02340412352074;10.4692457156419;4.20451826876028;0.717861441815796;1.83795054821675;-0.399101593455272;1
422534;1.82240568533755;10.9582171841354;4.27337016536318;1.85102246895621;0.867291918877341;-0.208320851845091;1
422957;22.6156981160032;10.2600878445395;37.7299482634561;29.9844662675672;-2.10246838494136;125.066212744343;1
422971;3.20771557641044;16.1430617087848;6.47050224661512;0.457636689974675;-11.5373088284407;-2.83444745930809;1
422997;32.1576544078027;15.2473866388881;5.94550622404695;30.0492402074314;-31.4460500854926;-20.7250989165707;1
423454;5.176767632963;2.07675383358192;9.26937112849324;13.96061629128;-4.55906537732471;15.846804915801;1
423468;2.3227351708076;8.96651089070142;4.20024203892064;0.973403117423468;-5.2005845579181;21.201428978409;1
423490;33.7462783436509;15.3641486532983;714.078774363725;10.6047796488611;-2.09900049323735;23.9636986509792;1
423495;33.8358315680774;1.40143351933502;6.9872410199895;0.492166182325553;2.43468007921079;-2.12975582621417;1
423980;19.1655142982829;9.88352580803547;39.1089137172349;0.729843605232548;17.1601471496276;-0.675785205591108;1
424035;2.85661823299708;14.8182141364951;6.99624347738696;0.678703057860761;1.97531707107089;1.95742026017813;1
424069;27.596918752723;11.562050708231;5.45380253844753;0.611408375864139;17.1144536187193;21.3544197704592;1
424459;26.7674041504167;1.65525076295071;6.84522352268618;2.12900160077427;-8.61739345619842;-35.4108843095641;1
424484;21.8393068019501;950.653581610051;42.2299155126402;11.4393582256199;-0.175922561912315;-13.7704191237058;1
424506;31.271624219084;17.5245350382229;7.44866457600809;10.11041496253;6.07084870187977;-18.3205228181852;1
424510;1.83127628749977;7.56063030555757;35.8653839543848;2.4605817248085;-10.651445511247;-10.7726266692936;1
424517;29.2394747481447;16.3572754012943;693.631667127942;12.6924015488081;-2.76169101060776;1.84683168966571;1
424970;1.57199080132912;11.5443518588832;4.22311206079044;11.7492114608696;12.522636343979;5.70856225568454;1
424998;19.5329016472207;13.7238732699894;52.1380413113391;17.4656026393109;16.8194313325817;11.1688248684186;1
425019;17.7249944681233;10.5865851978109;4.49226219976596;18.2394629936419;28.8094654870582;4.34427458276563;1
425024;19.5956203961986;1.20050889687945;4.92441068815659;16.3857508414246;0.455520764176287;-6.30387768672834;1
425453;21.7137451266388;8.12281438987002;39.8407465971184;0.651350810938797;-9.16069512642843;-16.0461556501358;1
425465;2.27957883169448;9.39512178518465;45.0541819801727;0.820866549819493;16.1607365339999;-865.929738653242;1
425486;18.094929514358;8.09182223140027;3.57496074531899;11.0535017777092;2.3695313983982;13.2702053078038;1
425499;7.22171288016188;19.6288942679303;11.1103858196354;0.82260396449974;5.99392925940008;1.34862709769059;1
425965;2.28282188612336;11.2837391804634;46.8294659553112;0.451520446357617;-73.8941281930042;-20.0637021768707;1
425976;3.10170442089784;15.2728631203153;6.3684726398889;11.2809500405363;-26.8580319368612;13.2694842571793;1
426011;319.758260836892;140.925380414127;6.08211308874877;0.744934003523432;15.7695757247909;26.3949662187283;1
426460;3.32739934108752;15.2836800173644;6.77879602697279;0.53039457832464;14.0467128212982;-2.79491382421447;1
426478;3.19144286464793;13.939455113503;6.10467653666927;0.75438955437733;24.2593069272718;1.92420140156657;1
426503;2.96843192603733;11.6966462088549;5.04631376963797;0.306524509639631;-26.8235033676353;-12.1721476980025;1
426506;27.6362430105284;980.578876980679;4.41843645312078;3.0795146821453;-27.2457535922525;0.517637545705317;1
426965;21.9453394820488;1.236568666412;5.50671429545161;0.648331092037867;12.5036045156071;-1.54309773817276;1
426986;23.0055449514531;1.29534146879554;57.5740821339845;0.597715583659765;10.3343153658836;-1.86074945772601;1
427018;22.6847169046625;10.4429369294388;4.38398299680305;10.7154805951507;-18.5149971497577;9.71224686627775;1
427458;1.85259567852206;136.440988807396;4.50142514124048;2.59083851956642;-15.8412830764438;-23.5421916042627;1
427471;1.95961210251051;13.6414930014611;46.6714115120109;24.6682883584722;-1.50679442259154;-73.694301545991;1
427502;19.0165089743983;12.6136132385754;43.6248196342841;16.5992850251113;1.2570469702285;-8.80528525398775;1
427964;2.44275282252697;9.16546982821868;400.423512686844;0.267968034075048;-2.355601649193;-3.19297534791552;1
427978;31.6476775330717;1.65168722270071;6.74052864111635;0.275579076382199;-14.0456599445141;-27.8998591508625;1
428011;19.0370336695773;9.69667184628626;3.60361925231773;17.376361506801;-1.73789058463573;6.95061549063691;1
428468;7.02389706225938;19.1838364922977;10.9233275340107;0.782114457309282;61.9605531531773;0.691046386886873;1
428480;17.1771842069439;9.75824267075558;4.26724244283851;0.72665049543033;10.057188756849;-14.4338669765781;1
428484;2.10195533932206;9.58980523250273;4.16468040549587;26.9818511021719;-18.0656104568293;-3.62321990811231;1
428507;2.07609720864258;8.36641068156364;385.016526629252;0.773614006548631;16.1211481243972;-7.83832506704407;1
428511;20.3115496021245;10.5315269590559;4.78540487934316;0.673461110460916;-734.162266705255;-15.6311330423021;1
428961;3.07333663706785;11.9408323410302;5.12135952369094;0.899292887849384;-0.855723840547883;30.6799455956318;1
428975;33.205166703863;122.743482023782;57.9746168471184;0.452941974774612;27.6120307420582;-1.767209398421;1
428979;34.2243826401192;12.8080503319551;597.902842594328;0.295744711564313;0.620579831847385;-33.9128532362949;1
429003;3.27017981618047;1.19411337579612;5.49076598157193;0.250057425561408;-23.6349364979601;-2.17019346645763;1
429007;3.37107619135215;11.7596789702347;5.47320977232772;0.221553026904291;-17.4830160928871;-28.3467914996989;1
429016;31.1500025632288;1.14852449897403;5.1478377792473;0.738815473334018;8.31777873502261;29.375220330303;1
429457;3.22503673720738;12.2924581256922;5.25593828953044;0.893915249315605;-4.20439597475611;31.463361823556;1
429466;2.22483605953287;8.21807981303056;3.58303789592435;0.262632158890041;-21.1204022282258;-4.13142130922491;1
429503;19.8806821289964;7.27232580130409;3.19068278374027;0.851924628647876;-5.99808492666735;1.90236303270476;1
429506;1.94717628511806;7.35323009480587;31.519788127284;0.553696658519853;1.89722925664434;-0.609554665156324;1
429957;23.1979508062101;1.28762438399842;5.41095138778265;10.0243041636936;-19.3752158314522;11.5594237232837;1
429977;27.4080832074507;15.1583909621681;6.40294848636508;0.794547067897599;2.21753067597855;13.0549317239635;1
430006;2.80166416873717;127.977999850798;5.8588012725945;0.720777881655586;26.2500402731284;-14.916610769758;1
430468;32.9677637063872;13.7262753111043;59.5914724004098;0.921958961936302;-36.9720818226066;3.23840583426211;1
430483;3.45956583050203;14.2314970620943;6.20948081561908;0.481579654842335;2.25697263321199;-2.61558492865865;1
430487;31.7366681176186;1.25638666480385;5.85640856642939;0.787267163154465;-1.89966905632377;24.1109935499864;1
430516;6.74533476194515;22.2166232798529;10.0691392445715;0.85758399045067;1.57464781356122;6.4362801103316;1
430520;2.36345183293386;15.6734495048756;5.37465052535708;0.857420575000531;51.5395463404008;21.587968522921;1
430961;3.50548071043281;13.9418318646707;6.13435621072084;0.961612503737581;-30.2546337952318;16.0363272849511;1
430981;30.6742776442436;1.25249045769213;54.3648381295503;0.716230000516906;-27.691112448706;-11.4250847753678;1
431009;32.7972013885868;13.3504708180242;5.77857751736055;0.235885316972769;-23.7866172895331;-23.2054291244388;1
431478;20.6047395801016;8.93058032944899;39.582318390716;0.811768868137831;-19.072446309881;7.46805074842574;1
431497;3.2175200275485;1.51333638121654;6.77542083399557;0.432937821777231;27.5833259861077;-16.4072365020287;1
431545;4.38722462680378;16.0160184890606;6.86091818094099;0.735123295800268;22.4700149875516;37.7440601557894;1
431953;3.13310059676498;1.2407974560713;56.753305965794;11.1087779129035;-30.0394744024712;7.55055020201112;1
431963;2.42678574817761;9.8202771610668;4.68928493428158;0.199063244937681;-19.6908955292534;-13.0664220577354;1
431984;31.8359502079882;13.7423691824775;6.41072725893201;0.21128885674028;-1.471255079734;-28.0485060134747;1
431989;30.5735878220089;13.1974408205734;61.4661992900222;0.366594586930132;26.2473955594121;-14.9090834679622;1
432006;3.38343052113384;14.6892449593652;7.12742302221225;0.630692052497256;-18.6921753359111;-27.7026997485478;1
432466;20.0917899170785;698.719489502307;3.75268643906086;0.819229740152068;18.9912813888891;19.1018168183749;1
432479;1.63399485668714;7.89607370490863;3.77144410930463;0.674667762411053;15.0556744578766;6.63904919869255;1
432483;21.9986357694829;7.02949811124753;3.83352294375461;0.336520224803268;-9.32655342508713;-1.95385538736256;1
432518;31.1193642057309;12.3904455293339;6.19177146304488;0.251913106996593;-2.92404455732426;-9.69512418151684;1
432959;20.6169056673186;7.77441808927185;3.33681180841088;0.943862667249358;-199.460628238152;-3.78660566135956;1
432981;33.5444768886036;1.20794767076597;5.23775440430742;0.968391421725789;-329.681849576053;7.47103499963999;1
433001;32.1801149390138;11.7917463367497;51.0810128040636;0.984448189466439;-1.58874798584888;2.761159700815;1
433006;3.3767738237911;12.6343375204904;5.35909910956095;0.149724038950596;-2.37038329366131;-23.5690586406633;1
433010;31.5160486006407;20.0289059793516;6.18804813462336;0.802577672570191;10.2691996077534;2.93898543815092;1
433462;331.623993111384;12.2256988392799;5.87555327879559;0.766580971223274;-2.37610334057451;2.2725467760766;1
433475;34.7780258539759;1.30109502219988;61.7424680080736;0.171183492230836;-2.94095947338902;-18.2766292146439;1
433497;3.79154399136673;14.8657797768772;6.8126984904296;0.406459624187921;30.7953267344443;-21.7933610419959;1
433502;3.38873287612314;13.4291051560181;6.0686148666617;0.172929776988502;-252.488976157506;-22.5164507899737;1
433952;3.24557782335577;12.9527169943084;6.09673584648192;0.684040738327725;18.7634221740222;2.61263946465005;1
433964;2.46418379601633;6.37673927492521;36.4897958295106;0.256850281460043;-814.633925545571;-23.071983631805;1
433990;20.7183838871418;8.69356209118337;4.06846603590406;0.26344282583119;-1.61187824339965;-12.5168378374772;1
433998;21.508376028288;5.64892764731696;3.39376265759324;0.747561133610674;29.2846139618811;20.622087764493;1
434011;2.06358803030228;6.10605930236671;3.38327753964538;0.667253214288518;1.85540673945229;6.8940195540694;1
434463;2.04251168668596;14.5379470424953;5.50726161211751;1.01198667023853;-11.5529876850415;14.5423078124399;1
434482;2.28147050170785;1.32628100436146;47.5667861567249;284.806642484374;-20.9327089492714;15.5555084626039;1
434515;16.272096136388;11.0316641347187;4.11801633807652;11.556676089359;-1.38323484397129;6.7685019176186;1
434959;18.977913169998;13.0823848794789;4.31724046529694;2.05880778803648;-1.80282372008592;4.75007462683982;1
434981;176.351970702712;13.0927874667269;429.629438984617;0.811076838335689;12.0082165127318;11.9724198791887;1
435006;20.4133223863985;14.9211983530442;51.7789391387154;0.617101588484701;-622.856386762869;-1.79296944739899;1
435022;18.1711653986037;13.9050832171053;47.5134707539817;10.7186798982857;13.3330130525066;6.57182263925245;1
435459;16.6806713575078;11.3739489590937;47.0744760152294;10.4423425268764;6.46186315898082;12.8587581249868;1
435485;19.3082365953571;1.4294165273646;55.8047979549324;0.912902398099461;16.1004530270123;5.24860242096905;1
435518;16.1459059992359;11.9030886252967;4.60501254609874;0.912578137243387;7.50317885792194;12.0953965996226;1
435956;1.97745435354818;9.63101608623108;4.14665607330987;14.5194643324432;-2.73453892868413;-12.5185801003572;1
435997;18.1136201623506;10.4696233650339;3.98368145547817;12.605040729789;-43.8670313772158;116.667086216847;1
436001;1.6464869710461;11.5562348474606;4.6279743049952;12.6806598587809;-70.6345759952826;9.51676317319056;1
436031;311.106741598198;1.73294022941341;7.74276907346334;0.681630404517847;16.0654994212345;-2.16128563166662;1
436456;1.90283386038446;13.9508908457987;56.3850913033445;25.0207620139498;-11.0700331056219;2.36106976736112;1
436468;18.7968937568898;11.3966106711054;4.47342485584066;12.7203720389693;5.68124461704479;9.13203032867624;1
436489;17.8270258332839;12.510452823602;5.12319817861563;22.1387122800639;-58.268089327665;-9.94905097965004;1
436654;1.94959670748902;13.5551869952571;5.51801699641206;0.991579039466574;13.0751893589855;-6.49621557282002;1
436658;17.0442952968062;12.0289898403692;4.96000368400036;10.6332969505881;-0.027620996474709;13.0159064176747;1
436967;21.001214774995;12.7580739035988;53.9054991500701;26.7282972938808;-1.82536292426266;-34.5248333889112;1
436980;1.89982577119808;11.1675020304613;4.85346575346417;0.63412737228606;-28.027924787185;-16.1066073918983;1
437001;23.7061765333803;10.9069920601691;46.0939703078418;21.3156022856687;-14.6791381658037;-15.2948035474021;1
437006;161.739801111298;8.0432551804671;3.54208564455257;0.972387438735316;38.3147409322098;13.2679247485503;1
437459;1.97885865714021;8.28134105580755;400.172602452354;0.658522762971273;2.78281793163678;-1.67612464034415;1
437482;19.3968448200741;10.8577989388617;4.81368866167006;0.754271825788042;5.23414971483973;16.1164626663778;1
437502;2.20351564377284;881.498626877844;415.613616665508;0.627751744197254;1.61911267594267;-1.07489079734405;1
437506;2.24851627135504;9.35796999765299;4.36641082261637;2.60524912819492;-19.0449300574991;-772.474232610511;1
437953;22.7124018126349;8.85913336802496;4.37973343851602;0.808267190747635;-20.671393659998;7.82626594165094;1
437971;2.14719302228215;5.58788863065302;33.1945807224272;0.874834609936291;-34.4054167667884;207.732868194876;1
437975;19.3717825138206;7.89735367016331;3.75607414329756;0.291367966317696;22.0602988052154;-1.88235624449006;1
438001;20.4805029661732;8.46949235485172;38.9224866488919;0.459246706389489;15.2647242715857;-11.9235626650174;1
438005;21.339113366354;8.3488880578882;40.2559052187831;0.266850897076058;-12.904221408079;-16.3838035685912;1
438454;23.3554057525627;6.61802524374807;3.82905852729859;0.472213556141206;21.820705685786;-6.63237311913395;1
438463;20.9822171344612;574.413244308967;34.4748743893719;2.87405919613309;-20.5211461987455;-23.7145261422835;1
438487;19.9203817162509;1.05548079043685;46.1977589281245;0.709539559993859;15.7706110509707;1.05060378330111;1
438967;18.9995906007055;10.948827005291;4.69787668369374;114.345266222006;-9.0245516777089;10.9487338431904;1
438979;18.6268301273542;8.95050270664187;3.59371084837711;22.3217815537203;-34.5872305336174;-9.64654453889058;1
439002;2.71769749894365;18.4051010949256;6.97377406930433;19.1558326473208;14.6803014103825;-3.16778759907778;1
439017;22.9629238460403;13.0143426849791;50.5411661867367;15.457809373265;2.64571675194833;-17.3992671223176;1
439549;19.271548967727;10.0125719004979;42.3174938113708;0.518768513387819;17.4944354479721;5.61274137542024;1
439567;2.91304234501445;1.62985814842814;7.54541443247544;0.437002847366407;1.98409467509549;-20.1595782716977;1
439588;20.3594629265488;7.76319264364852;3.93367153490442;0.338312029593218;-619.381533443871;-18.7458597947478;1
439950;20.5862725929066;1.03223042541442;4.35108994809491;0.718341630366199;1.65453529105623;-7.48062310253009;1
439967;1.68161380442949;9.93628155056442;3.63885381738675;0.806405888853238;8.12606825924002;13.6538143506154;1
439971;21.0429898369128;13.7417515024254;5.42666043479366;15.1852757157538;-683.926610243424;-1.83863506049029;1
440002;17.9024373484235;13.2927191481876;51.325938033728;0.267302578568654;-13.3526017634689;-11.7743900077107;1
440451;19.492705550403;10.602783129961;4.18939119164534;21.5630403493534;-7.56890677480434;5.42831069478119;1
440461;19.1192764711863;10.9086600400123;41.9647613206362;2.06577417986304;-8.03829778361988;26.5215013920664;1
440481;1.87875876413052;1.15660456523683;4.42548900296426;18.1543238139314;-6.02628849338671;-5.23511676593973;1
440485;18.4151158541596;11.053838905609;4.14035337672697;1.52425678628916;668.387252208248;0.873226910794177;1
440504;25.133151028874;1.73155967894293;7.56877996284418;2.16949762451206;-13.3923125593041;-52.0369408005942;1
440965;14.7655098837876;9.34313570660618;376.316332068858;16.8135022811941;-16.8586433703427;-850.704401232198;1
440994;19.6053540280369;12.855263106892;4.85935933585419;2.02593663867421;-11.654997155306;-2.61113103404653;1
441022;17.6326885400956;11.7487649248268;4.44298936997484;20.3830142981227;29.2606203004443;11.5626175487866;1
441461;2.66601535873465;1.67052979869472;7.39454440886548;17.7740346717798;778.501317993787;-14.9114939099158;1
441479;1.98868433042622;10.5490168660562;4.26994448971005;20.1590356169712;-0.552313625318751;-13.3580536976134;1
441502;18.6649950027943;10.6064614765144;4.23991711339826;1.15897167790144;10.7402219336232;-416.616704549323;1
441959;30.8729132092614;1.74660478129637;6.83042893372196;0.948932349692615;191.369651912984;-4.20158005933094;1
441970;27.9710749550516;155.806415006364;6.42069248299611;0.925015871378066;1.60698695222136;-8.43515960713328;1
441975;27.2681427712902;15.1684961088374;6.12482643687296;0.952512325428625;16.9183227077826;-5.450257506662;1
441998;19.9764846227938;888.686328725139;39.2804397493471;11.6051738967822;5.9677703198246;941.248127126257;1
442003;29.8967333579216;17.0693505772408;7.43561330394296;1.18746971569339;12.7491867735511;4.79188723230754;1
442455;20.3634397036753;8.0674518978386;35.3527360105232;0.791069077406085;15.8939652972185;-2.34251202428651;1
442481;2.87999916316884;15.8166539987379;6.81779449466112;24.822913598772;-1.93936031766889;-8.4228706575425;1
442506;3.15183385365474;17.8215718363199;744.915818212444;0.874021445766626;4.48538225045681;-19.6534611380408;1
442961;1.85793843073718;10.159288414377;4.81169206167963;0.893765909473474;8.83439660125412;-8.76628983486765;1
442974;1.9596469867226;820.772911554252;4.04538284803922;0.917505235166162;13.066215619311;1.52523319567918;1
442978;2.8942480345886;16.0302920600505;7.69491618118462;0.985746844774042;1.71443138008417;69.5729635280551;1
442997;21.2006574520033;10.503235128153;4.70686075121725;21.8427721278945;-5.04073762306772;-12.292017862833;1
443011;1.94383446906042;10.5274612736699;4.48152242400852;12.4376321709832;4.87878967868884;8.05198559024241;1
443473;26.8959755528222;12.3002036389288;5.91164224380736;0.236718971688142;-21.4763494617806;-14.916840766535;1
443495;2.24338266162744;7.12022765690528;3.91064398150973;0.306563985728795;7.8782420180123;-20.5246666242101;1
443517;22.0142641491065;67.8781962970107;3.88649787182096;0.371027979514281;12.7792703171032;-17.1915504660565;1
443524;31.0809825525228;12.9381611312243;6.29637510338334;0.226046514181622;-1.7337657705032;-24.9197308215844;1
443961;19.2911008778685;11.2204287744966;4.33438774598247;0.594615026268863;1.67290711683327;-6.33531718251075;1
443983;1.45185025624841;9.62597372093505;3.54125997652093;0.978670138776117;11.6632566481206;0.305345062040226;1
444015;14.7178297125084;9.44200714787002;34.4621607635548;14.6469704555218;23.6766799886016;-7.00726510644107;1
444450;19.7365817971847;8.65888988169707;382.424586397547;0.887064970134508;-52.8500544914896;15.2464234617156;1
444463;17.615610529746;9.43757261457125;37.9485356445682;1.88581858643652;-4.58362415796482;4.31612296469665;1
444466;20.6843734582411;1.08327889156478;4.46782348929327;23.2607169837999;-6.14013661883812;-311.510938312077;1
444503;18.4134041646386;10.2320487967779;3.83572756494979;20.1497083299993;-35.258311202088;-6.46071490920591;1
444966;20.651056421115;10.0370442306149;4.11757938170455;2.26306663776962;-11.5855983422427;27.0001388683671;1
444986;2.06803882892054;11.7086086888766;4.73704352104733;18.5800738826703;5.40513211892862;-6.30811887550593;1
445016;2.20984450516139;9.52503574667646;4.33316739965581;20.9514169523337;-8.07884670472178;-13.228572558842;1
445453;2.84528478883913;16.2582687468778;6.74040424407449;20.4960953813213;-2.42836774341534;-13.0836213456626;1
445466;26.9011495918004;13.8404535793936;6.1476269027543;0.543851542116529;2.48850873198445;7.06911680281931;1
445489;3.1249635638403;1.33836444788175;63.7843889453813;0.431287057550857;28.3659985287837;-11.2097231660188;1
445960;25.7086992165264;15.8680406033147;6.9514435916221;0.534455206671093;20.3696525382574;15.258409495321;1
445984;3.7696123957789;2.3611525322509;8.64777413661525;0.19850091013663;-16.7735773305329;-33.5929042041124;1
446014;17.2438199502315;1.2601588437543;44.8586946589707;13.793196904211;-13.8369504678413;751.554444081531;1
446463;2.1593068830347;7.26077078971132;37.2463255931449;2.77316981579957;-1.98476982228708;-24.2658211078995;1
446477;3.01621235102112;15.7013169328621;6.96490808316291;0.744583985706869;1.88036753264765;19.2555486248664;1
446481;24.8694581217773;120.002821565908;5.37021179613414;0.579296576811407;19.7542509149783;-8.91590334502868;1
446501;30.4592441183658;158.512734735792;7.24211865936835;25.7360215931163;-2.42009394544578;-634.886942731889;1
446505;29.2794946623644;1.53747405495186;6.6148707667953;0.809200160156816;14.7484850533026;1.83976809901548;1
446960;27.2674352822926;13.8785794486207;6.31750312621579;0.887353800073055;-14.1691988231905;15.9331799709973;1
446977;18.6782847997108;10.7595501583409;42.6004621567189;152.636010707911;-24.2651537314732;-17.5632852171518;1
447078;2.30676738400721;9.98142991844285;45.8733858595605;0.693557964706873;5.92822915472028;-1.68108518085786;1
447081;19.2654379045991;8.6461107031288;3.80527863218135;0.897714228959332;1.15380907748493;8.01969846281921;1
447085;20.8909450583647;8.58497082009769;3.94784760604012;25.3134482193487;-1.33842452070976;-8.9467008950112;1
447465;18.2694837076813;10.1312454198528;3.84648352702601;10.3658622491869;10.2279771133002;5.0144665102572;1
447498;18.4099199662026;10.5016812003787;38.1088706943051;18.8862965003647;-6.48314372872391;-6.40227177369921;1
447529;20.4398275116093;823.537192337748;381.563133085467;0.656029589051631;13.1132995085114;13.6775747986862;1
447964;21.0064810186571;9.85208841949485;3.87129017758701;0.24747710617186;-18.6156181263156;-9.02531868446618;1
447981;2.36148803530939;1.10739336695924;4.28571624255979;0.162446918477491;-12.372351363221;-199.639212337072;1
448011;22.2444500002914;8.36824556868854;35.4048531893149;0.219982776653655;7.77751863906177;-20.7956220863925;1
448016;3.28553488051763;16.5539242507748;6.65477891240917;0.841475341318096;-19.1361789824292;26.5685218547542;1
448457;20.1487277880116;6.9262841421289;3.40706852568538;0.649570046409304;-18.7635940096683;19.9436089040208;1
448471;22.4192674829867;8.14179919455217;3.75586683618744;0.74820328327443;-11.0889606676612;19.3620622514159;1
448492;19.8623909503422;7.16249931880715;33.7770522097056;0.35186200360703;1.94254855310016;-36.3450326627374;1
448498;3.1022808281823;14.2344861990057;6.45506738630957;0.641221521823097;-18.8035099617978;2.45735445937975;1
448502;29.9741590426425;14.2483947153128;664.308840477193;0.887420818946993;-25.8288283534709;14.7814483972074;1
448980;28.1132658862513;1.86123320180491;6.54781404963108;0.682393011629959;18.1604660831801;20.9605924980287;1
449002;26.1903837752105;17.0403115361735;5.86233563858889;0.424709206821888;22.5805678750295;-12.7026522063986;1
449034;325.512028511255;16.7212972999974;5.92441396232241;0.750050663548835;24.4806572369301;3.21300796986156;1
449039;22.9496593812204;1.34694065753749;5.19736597126892;0.25935719990769;6.79208052607768;-21.7616714046069;1
449455;2.16302901602553;7.93153666261363;3.56792011072462;0.118244898484028;-57.2365265703089;-2.07921857058325;1
449470;28.2898286486492;1.35801822426793;5.47158846968063;0.738843665172379;42.6377643995838;27.7599549312377;1
449493;30.4922512838273;12.3545887432226;5.19068708274333;0.0921587782475732;-12.2473705114806;-2.78385483980186;1
449497;3.05704827487439;12.0266250973466;51.9207807142687;0.171001833585295;0.919810723662898;-3.04217141314695;1
449500;21.9687995695803;8.70503832269522;3.75717106767087;0.110871113222739;-20.3907176136646;-8.04115699308005;1
449952;298.592077190322;10.8007741457584;454.664223957682;2.97677887444248;-2.94505366415057;0.939815361899671;1
449967;3.33902393951397;12.4492442204811;5.42905407458751;0.651712115414512;-0.588824749354133;3.27799661256356;1
449974;25.3928309782562;195.260442331734;5.07430196728414;0.379216414991051;19.7599348319178;-14.9801116758522;1
449994;3.24011816673233;1.22336511472479;51.0467956654522;0.438049115344466;31.4300190803435;-6.15998529704679;1
450001;294.485338928231;11.1885693930417;46.7252857524313;0.978349307916661;-2.59600647508573;13.3201213032673;1
450459;29.2987489326257;1.38667412216899;59.0754054764985;0.33852021193501;0.51995581700411;-2.83899892207616;1
450473;20.8274386025169;7.11439066808521;31.9826499652432;0.786553741024505;-1.66;20.02;1
450497;3.27765869388518;16.3702685399872;648.977956123124;19.5234964407511;-29.35;-12.78;1
450501;2.860883485683;14.7363353209128;5.74435857525972;0.964340440449724;-24.45;13.45;1
450962;30.2616799704159;105.273042991447;5.62365960222239;0.217677104938842;-10.92;-27.52;1
450977;31.8828176816057;1.15649663967996;4.95330942736048;0.805959737267629;-26.51;16.83;1
450981;27.7320600432237;10.3135569891108;5.47330113421206;0.331665535901338;21.93;-16.2;1
451005;31.2628740449379;11.9011508679042;50.9869962535261;0.178622767564701;-7.65;-29.88;1
451012;3.27029256751288;12.8316396925862;5.41591825503168;0.632380480481634;23.14;22.1;1
451461;21.4437555569139;9.57800273598608;4.07076920941006;0.844417207440952;-12.41;17.34;1
451483;34.3338004439656;13.3552631558044;6.59057533810951;10.0513529657414;-32.15;10.92;1
451509;7.07973116052598;18.2499561513501;10.3808507902663;0.424877484881966;69.03;11.83;1
451513;40.7089592496024;8.11246271677241;4.92447456000311;0.511798614698245;37.1;15.89;1
451956;34.1391196832168;12.0977339077134;57.1664519932713;10.250032088515;-33.45;-6.03;1
451973;3.15371703098126;1.94215683030523;6.29050727673159;1.00596219655611;-30.38;8.01;1
451978;32.3467549018924;123.357333221392;53.2285802253289;0.673182245682124;13.71;28.99;1
452004;25.237536908199;5.23709175229277;3.51281884790516;0.234717530893472;1.98;-24.76;1
452465;3.40693434791919;1.28936261104741;5.37469792404061;0.624220762393619;17.56;28.97;1
452483;33.7364551447175;12.6555527186865;5.51736156658646;0.512479186336815;30.5;14.03;1
452507;3.79238418880535;14.1957404215185;5.91777682100934;0.0403847193632739;-31.44;-21.06;1
452510;3.26853232937129;12.4759807965688;5.21293822209646;0.412564823035518;31.11;9.51;1
452952;2.46324649628864;6.21506784314101;37.0242210621057;28.7525118119627;-24.08;-3.13;1
452963;32.2108397609266;1.22344270481186;5.91620489740076;0.232715868693081;8.97;-30.39;1
452994;21.3798894046408;8.13532730717912;3.31523758305441;0.45981847602778;20.86;-3.32;1
452999;371.072629495534;2.24752537860424;6.63904525037367;0.229777249901051;22.77;-28.98;1
453463;22.7693756083599;9.10666501558622;4.43208080115289;0.231520580809433;-8.68;-20.45;1
453477;1.90370061061825;7.2520406208309;3.83779401286464;0.570424650393035;0.14;18.46;1
453481;17.0362525956928;7.18597148352216;39.1125850105223;0.489815698826465;15.76;-4.82;1
453532;21.0630715240043;69.3372316478819;37.5789041866862;0.294129254700904;11.23;-17.42;1
453537;31.0432810049234;13.8036837454872;6.87422653588231;0.463470951992662;21.55;21.73;1
453954;2.98319191618087;12.0337145407483;56.2071810768519;0.475428216252328;29.45;1.32;1
453986;31.6135455835765;12.6109070107919;61.3667285395265;10.2122813151037;-30.81;6.26;1
453990;3.42758126986426;13.4467073887595;6.48343834005126;0.356709594890109;30.06;-15.87;1
454019;36.5650902494144;22.4183451770536;7.42090402614528;0.552118855653568;-22.65;-28.45;1
454452;2.27369965843338;7.68271539150557;3.75792031512902;0.674185667121051;-20.69;9.38;1
454470;2.31574282514806;7.46043265736726;3.73860729565525;0.103920211166284;-2.13;-23.01;1
454492;1.9828299950442;6.77816192230032;32.4260276488815;0.782980757250642;-4.94;19.08;1
454496;23.2085662990111;7.67831130372365;3.66820243785368;0.075013925278515;-20.74;-10.31;1
454500;23.0596428524011;7.46328826610834;3.61893585322455;0.16982200916071;-2.62;-22.76;1
454962;1.95985603462379;6.29108744110076;3.21916941315745;0.548065142097794;-1.75;19.39;1
454990;30.3394542737051;14.4758562318543;6.50578615216147;0.667302168188306;11.7;27.65;1
455013;2.13581555531248;68.3660366719925;3.42330614062704;19.7491285394343;-20.95;-3.23;1
455018;3.09784134314822;1.44806521793289;6.65927809131274;0.14815822642096;-19.43;-23.83;1
455487;30.9575133422292;13.1120523018884;5.91413520894804;0.132708853632993;-5.02;-30.47;1
455511;1.84761688070663;7.48668449314951;3.49455887802513;0.387254361035172;17.41;5.8;1
455532;3.37053358665093;13.5223271003939;6.49159849289841;0.46702440311447;16.2;29.33;1
455950;2.83752890702832;16.5006664006929;7.33436237779093;0.364148769548714;18.79;-20.26;1
455972;21.2358641553766;11.6640800584617;514.875799492027;0.30457468309084;12.18;-17.05;1
455996;2.18370335849254;8.32425515677259;3.7936273213107;0.643976133116834;-0.61;21.75;1
456457;3.00276141081288;1.27237530840639;57.5157382024068;0.561742264491494;28.22;7.03;1
456478;18.8472566504046;7.41588897827157;3.41159750629036;0.18599547918656;-17.23;-6.94;1
456500;30.8897968660601;12.4682300966933;5.63575692311792;0.42458375313958;29.57;-7.32;1
456951;23.3406916072587;8.38619398416403;3.99690323581253;137.943373034629;-22.98;-3.38;1
456962;27.7938971595013;10.4584876534644;4.71701113635515;0.507173833302251;21.37;17.37;1
456989;22.0730136808822;8.20718072191427;3.9102760327334;0.487617130496683;16.06;14.84;1
456994;319.019823533033;19.8796781485103;6.84831197788363;0.078537883421799;-16.46;-27.24;1
457459;22.3247938136512;812.735684462281;3.31754378035829;0.179538576331853;3.73;-21.93;1
457469;3.5814803219602;13.2597379843984;5.44672419683877;0.376143630541019;32.5;-14.75;1
457524;3.58633950342125;12.744873724516;5.33462425491736;0.155272302700441;-14.77;-32.35;1
457540;3.2644485929447;19.2028416250207;58.2691762395637;0.128607754557151;3.88;-32.31;1
457961;19.7736827802601;8.41508003207561;37.5962139128525;0.0968262938338844;-18.75;-6.18;1
457972;2.38126401161977;7.60750906322179;40.5190300243957;0.0942184234586541;-22.47;-7.69;1
457976;19.774472323785;6.78478471049876;3.51525287439052;0.445534616528474;18.18;7.46;1
457998;22.0341873318741;806.363780181706;3.90302582532388;0.142238932101675;10.08;-19.55;1
458001;21.7144286002812;7.92839696372159;3.80577621147266;0.418532750709461;21.51;0.71;1
458452;2.81670483964103;1.26108972124882;5.68278628100916;0.51680399822344;26.46;9.14;1
458476;4.79284186307712;13.7843023647246;7.71937731839844;0.283525620292302;33.79;-33.61;1
458497;32.3284035109632;1.23236486699863;6.01116511055357;2.94595113861768;-32.21;-0.22;1
458501;3.0557397368775;12.4243013052481;5.9543344525109;0.681919272204191;10.4;28.55;1
458504;3.21860580554661;11.8127132257985;63.3333385196254;0.969557926609879;-31.63;-5.43;1
458963;19.6841044751486;10.4653628691252;4.4117586426995;26.896812917238;-18.78;0.34;1
458988;22.4263890853272;1.36709756287549;5.6722810371751;0.939985578831706;0.39;-15.01;1
459014;17.8665440388049;66.6479618217121;3.29757121036212;0.800015793039234;9.5;11.04;1
459457;17.105608615695;11.4773894641418;4.3524145224348;0.907383714551032;13.21;5.9;1
459479;16.8173135614642;10.8695156965434;44.3695362904007;17.838826485521;-6.05;13.51;1
459505;1.79483035882426;12.7445141655559;5.19276551679658;0.93639527594024;3.05;15.86;1
459509;1.68875269091842;11.8112103178455;4.46048033230663;0.497160304456367;-13.42;-8.14;1
459971;20.548653698312;8.21443981165516;3.60727627164644;0.867248720868384;2.32;16.69;1
459993;24.5272260097555;1.39870315594993;61.7609771620556;24.1605409345772;-14.48;11.56;1
459997;18.727017163254;8.18181444982835;3.71539011500741;25.5349135507498;-14.25;-4.16;1
460019;30.5959298145937;17.9031823342881;7.91935086938025;24.4445978141417;-21.41;2.56;1
460024;22.7453267893688;10.675818847863;4.76357327339734;0.824066961813126;15.29;-4.58;1
460029;2.11372819713566;10.8422472261441;4.60997304762083;0.9431502067058;6.19;-10.07;1
460452;27.4506299157408;11.5234775506284;5.45591943767874;0.746949441281789;-19.94;16.42;1
460483;2.12196670309431;6.67260697305611;3.41544332723397;28.5533962053079;-20.31;0.17;1
460487;31.3176638335057;14.2113762813626;6.47632422549822;0.373210853793206;-4.91;-29.46;1
460512;32.8973965184227;15.5425135403494;7.15219183556569;0.457456284608066;23.37;-20.94;1
460516;3.45867143931561;16.0962775184887;7.35279825920199;1.30842929335244;-21.13;-25.37;1
460962;3.58990306070282;1.38050365991884;55.1148090304496;0.534653572448377;32.97;12.25;1
460988;3.01752851273939;11.5019758866977;46.2860248282755;0.783169818362304;-6.45;28.94;1
460996;3.60139446917918;12.5761914642225;5.52748881568047;0.222213275078844;18.01;-30.68;1
461016;5.67104408523624;839.403717686973;6.78604186000722;0.249986618277369;45.74;-32.7;1
461457;2.22822728805794;7.21327406522076;392.000423592802;0.150481362039367;-2.75;-22.03;1
461472;21.930837336429;6.99641888942154;36.9780844351508;0.194234870871241;-2.77;-21.54;1
461506;320.292163024452;15.5712793357348;7.26148142241525;0.784382142012546;-25.75;18.83;1
461955;1.66399375169044;1.42834393448007;59.0098133676119;0.802298253107625;-6.25;-13.41;1
461970;17.4189312261817;1.35906439726939;50.081347784697;1.76242385196171;6.79;13.42;1
462018;17.7694358929538;10.7798593397862;431.131328890362;0.668859470849228;7.72;15.17;1
462022;17.3609652425433;10.5815860470401;4.23383294254719;0.853830456722015;0.74;16.45;1
462468;16.7834767017066;9.76307118401396;3.87056522230062;2.40902032492979;-15.86;4.25;1
462480;19.144787786555;11.4282680390184;413.341271600569;0.688543440483822;10.18;15.78;1
462500;28.3749558887595;18.044850563941;7.51239864767453;0.191224178139179;-14.87;-23.84;1
462503;1.83350686970477;10.1115365347845;38.1089032886401;0.423223010005469;16.85;-6.65;1
462519;4.46341595965636;2.27501714878809;8.90076326016718;0.202146781941248;1;-44.3;1
462951;30.4139939046544;1.4697178906074;6.67622597781679;0.373906780636531;26.85;-13.74;1
462962;23.3349013151529;7.52224215905508;39.3318641312005;0.512867836688719;5.81;22.4;1
462966;20.3551652544;7.16749116293054;3.39479963139668;0.752240123419534;1.35;20.06;1
462989;20.8465575334278;7.01563796622469;36.4990725377079;0.706593287831929;-7.92;19.2;1
462994;1.90985871219433;8.72752077025392;4.36635098645359;0.563126134295566;7.92;17.15;1
463461;3.27968652912962;14.2429818339053;6.75712186134201;0.518947203047967;28.09;16.04;1
463473;3.73333257742856;10.4944652938887;5.53296239728975;0.47993245344143;33.82;14.49;1
463499;21.3941535003783;66.8874019374883;330.138124245174;0.685295316168202;4.43;20.66;1
463503;21.9224581421916;6.31411333643356;33.1894901726979;0.681523421183261;-7.47;20.39;1
463952;3.54810897346408;21.5210444413599;6.90213909636121;0.207241952868302;24.27;-25.69;1
463966;3.14103015623154;1.14002044195854;5.1696800244213;0.256403788501423;20.82;-23.32;1
463986;5.79328552338592;10.8143313170091;7.78972780253949;0.29537854848513;56.37;-12.47;1
463992;3.45940920764904;13.1285618279204;5.98237849285443;14.9963476709417;-34.34;2.97;1
464464;3.55843689547052;14.5408854033395;6.53300533422396;0.03201479674273;-23.52;-26.69;1
464478;33.0449855470412;13.3249843481904;616.814505533125;0.0287041924565988;-22.6;-24.08;1
464498;20.3750256765528;8.74377550156905;41.1151282992895;0.405227222669351;19.84;-3.87;1
464523;32.6646013299936;1.31720128903009;6.46090669173317;0.177769162307533;15.34;-28.74;1
464961;2.46421326703626;978.082878299175;4.68296847434614;0.397627566460836;-9.05;-21.02;1
464983;24.8036534850565;10.1955051669652;47.1298809176112;25.1034060227144;-21.57;-6.81;1
464987;20.9242020844341;8.82369329133235;4.09901040234147;0.761996845171547;2.82;18.9;1
465012;21.503564259075;8.62202726289446;41.1377538393207;0.688844375839423;9.37;17.47;1
465454;21.4321682835917;12.0506041584565;4.6773454895178;17.0754285185008;-0.11;6.44;1
465466;18.7915175825274;11.1698505850063;4.19567467891569;1.54127860684635;5.15;-5.53;1
465500;20.86342117668;11.7806777714193;44.6758760874037;1.37046879508878;7.72;-1.24;1
465965;1.79236028418644;12.6163994062803;44.1731381658987;24.6512374011513;-13.62;0.29;1
465980;2.14955967166069;14.9055705167527;5.27814057677359;15.0206160956864;3.66;-15.1;1
465983;16.2249099788673;12.7727351623598;50.4623227990138;17.2226893725238;-11.12;-3.87;1
466029;1.68053245102536;11.7873662663391;5.04638699563142;1.09219608486118;2.27;13.17;1
466033;18.4058260401991;1.05080475406686;42.489830305171;22.4484795026423;-14.32;6.19;1
466467;1.92327133873922;11.6769447095413;42.9296565813575;18.3510297174074;-10.9;-6.74;1
466480;18.3339368520955;1.13041271105864;42.0783906722142;16.7152976858679;10.89;1.22;1
466501;27.2734878922134;1.98311561368252;8.00514853103709;1.42913438091953;13.12;-9.99;1
466528;194.628490799965;11.962805381257;4.70561644605192;11.7741268651922;4.11;-11.03;1
466955;1.60316061527495;10.672419319493;3.77210000875061;16.5338405602222;8.39;3.02;1
466978;1.9318840907075;1.2260350128004;42.2865423513926;13.0319581459265;-2.2;-10.83;1
466983;18.6387960614213;11.2695420691414;4.02002589774609;18.4226273120451;0.28;9.42;1
467002;1.7680343255368;9.73543887882011;3.33487159195039;11.9408135106729;-5.49;-4.94;1
467007;17.9599949801312;9.94907528262529;3.35506935880535;12.0904744419768;-3.55;-6.55;1
467466;1.86293610292671;9.24373062525414;3.90809880635458;25.9504686442516;-15.23;3.48;1
467481;7.26000017023847;17.7395487598165;10.3852703666607;0.462574008510081;67.27;-18.46;1
467504;23.3397259255654;804.786461491572;4.20766846455874;0.406211688725465;-0.97;-21.63;1
467508;30.1810747895156;1.48101085294027;7.28027866086839;0.551708913438158;24.44;12.78;1
467513;21.6891984744648;7.88605472403543;41.2721819891226;0.402647313059041;-9.17;-17.92;1
467975;3.23485984585214;14.255375956713;6.26695202570529;0.81592990134409;-13.85;28.62;1
468020;702.415758109876;18.9647757840633;11.9627913401266;0.640818688933484;-31.28;60.02;1
468106;19.8791342363135;838.106511578379;4.00812261048498;0.876150482650312;-2.9;17.67;1
468110;18.4475355891495;7.10317204323433;40.3059081838105;17.8610085884656;-15.3;7.84;1
468466;3.41876987600749;177.047353014086;7.60098292652044;0.972264541055237;-22.52;21.33;1
468481;19.7795168125874;7.70931019204418;36.3494427108893;0.699594947126308;6.9;15.83;1
468513;20.4778015707093;8.22149496392829;3.71367929234571;0.685617213108855;16.93;-3.7;1
468957;2.43769193312287;7.25565327484557;3.87871819615884;0.280132108789623;-3.04;-23.43;1
468971;17.5556324359222;778.686694644429;3.64106203819062;0.303477178979117;-2.76;-16.67;1
468994;23.1449088987379;858.184900610475;39.3965628328713;0.858233866608073;-8.54;20.27;1
468998;19.7136814801898;9.33125224737191;4.2298308606361;0.355175904237489;6.04;-17.77;1
469455;22.0927710145104;8.66435708733914;3.90650150543173;2.31904399170289;-13.59;12.58;1
469466;22.9042669093962;8.22963854711436;39.1550251898349;0.882593338620254;-7.46;18.63;1
469493;31.0437372144812;15.5855384008963;6.54826164910796;0.781674228228125;22.13;12.47;1
469951;16.1728098387685;9.85881757248416;3.93034514212998;0.668806306491999;12.6;8.93;1
469961;26.6136659724702;17.17839646659;6.80855040591736;14.2696703665918;-17.66;-19.28;1
469966;19.0039308127314;1.09910104887864;3.89605337767803;0.775219094351664;4.74;17.85;1
469998;20.343208917694;12.4160304438995;4.20024788648335;0.255108643832421;-0.65;-20.23;1
470003;1.75446473124934;12.3369023976389;4.48468609731293;15.6938514166562;-16.39;-5.88;1
470451;18.8143082064078;8.5495578434863;3.5162184573381;0.643094727850455;16.6;6.07;1
470462;19.0630369196074;9.50242369165668;3.8835907419801;10.5647919122887;-17.02;6.14;1
470466;170.226558843748;10.4568707013938;4.41283128630135;0.823889409701484;0.38;15.9;1
470494;1.9104357353909;8.8505832579206;3.73948650667385;0.903348152519669;-7.05;16.55;1
470508;1.90634391159282;8.66686660607079;36.2269977629564;0.552628551956011;16.91;-5.85;1
470964;3.06253024206797;1.36458086827851;6.37517948228036;15.4261494049523;-21.61;-17.38;1
470979;19.5819531240881;6.74119514316718;3.42986979816174;0.473604186780668;-2.48;-17.12;1
471018;22.2112714243454;130.680158703784;5.69538173929296;0.94418616904977;14.09;3.35;1
471021;17.6207816281922;76.6897657650739;36.050586043543;1.39342607730619;-2.73;-10.92;1
471459;18.5413777656792;12.0700951221487;42.0406523568203;22.8726608325591;-7.57;-2.56;1
471486;1.97842879844058;10.8147520743507;3.91395060357034;18.282228806622;1.66;-1.78;1
471509;1.8926327620611;10.4171962916427;3.98784702366581;1.83779924480422;-2.4;3.23;1
471513;2.14435843537484;11.4856667965707;4.68266170915505;19.4597381690021;-6.04;-1.32;1
471951;21.1933523653119;9.94481506291237;40.6616203229463;0.695923085925872;7.29;-15.56;1
471973;4.12549613877729;2.31347084653834;8.83831081963582;10.5514685558099;-6.88;29.56;1
471977;18.1042833817581;9.72429919428579;37.5645377274684;0.864281361335156;9.22;-9.63;1
472001;29.5543746579465;20.4290578837899;7.79778734386355;21.2035106540133;-16;-15.2;1
472005;19.4817712903692;11.4353971039041;4.2299694088692;2.15827247843822;-12.08;-7.75;1
472459;19.4408472658375;10.110707225818;44.346262207293;10.0834192547404;8.64;-7.87;1
472484;18.251847123848;12.3062389250852;5.36144019528413;12.8865217192575;-8.04;8.82;1
472487;1.82816613451169;12.0826096129455;53.2291691986595;2.16602157927441;-11.39;-1.1;1
472510;1.91037066480019;10.340360080769;4.33692777196647;10.7178481097578;11.03;-1.89;1
472514;1.98459611470514;10.553882116062;45.9545504726661;20.1188189420327;-1.15;-13.12;1
472977;21.1950294391737;678.906449986185;3.57482996796816;0.903715631187374;-18.82;7.7;1
472992;19.1430814128407;878.567575373181;3.70971676498787;0.567252353927221;14.67;-9.68;1
473022;17.932258032453;14.9056399962039;5.57423601602495;15.9888462051815;4.36;15.45;1
473476;16.8126149249595;10.6066413069381;3.78949593467795;27.307573399085;-15.55;0.95;1
473489;2.03243292168506;11.253657079094;42.7309523271088;15.853855004555;-7.51;-17.46;1
473519;264.506398909185;1.58573690225857;7.13730817147899;0.597399849908971;19.56;-14.24;1
473524;18.1109191740242;10.8852286682333;4.75058682980602;0.552375730911498;3.69;-16.25;1
473608;16.3314494072983;9.93649811089172;3.70638870142837;0.864177575840411;-0.8;-15.74;1
473625;19.0901162166967;1.25660117980611;4.48968977120333;13.4963165061815;-16.25;8.71;1
473649;18.9691850212044;13.6096832404694;4.95078231197548;15.2873187225021;-5.04;-16.55;1
473680;18.1811496093429;11.7754770861142;428.540488159884;0.913162632398374;14.51;-8.37;1
473687;18.5306300657497;1.22356381249649;4.35778671408997;0.829842345327012;15.95;6.47;1
473709;1.77921778102599;1.2419686629898;5.23373237136536;0.803795742364726;7.62;14.46;1
473712;1.67820171082796;9.70374978097067;3.88246587726998;0.738599900539029;15.04;2.95;1
473739;19.2706331609323;1.01973900340633;4.07654112412004;0.857420860996979;7.06;-15.72;1
473742;19.7213746180459;10.9227203534343;44.0203870331874;2.35733717645936;-17.6;-4.16;1
473960;17.7530620212442;10.6907023061718;3.85294175530759;15.2273218520362;8.99;3.26;1
473963;1.85311771845381;11.17783230647;4.19350597554985;21.981735879592;-11;-2.74;1
474309;1.82995113456226;9.33657749912024;3.43115931572819;10.0719484235359;9.15;5.84;1
474379;20.741887121869;10.3443621825712;4.00574464728864;2.17552709039675;-6.01;-10.23;1
474411;2.92733064104959;20.1697716595211;800.823351805036;14.3144169650619;-4;8.33;1
474685;1.69860663089423;956.099271940114;3.87843737635505;13.5783962192081;-4.05;8.01;1
474710;18.6873031665648;10.2676516170841;4.0985956207463;12.5230546670148;5.05;8.27;1
474713;19.4966154077608;10.6472791818911;4.29377114450892;21.6305651039972;-9.73;3.81;1
474737;1.96747129573506;10.3988491462355;4.21760688128021;20.6745854365686;-9.93;-5.41;1
474741;17.0433162595603;9.287889654155;3.67221915880764;12.517435094594;5.05;7.14;1
475193;21.4099627214191;7.8120367143685;3.83587747601643;0.786903831228517;2.37;19.62;1
475221;19.4711599247787;7.30448476352367;3.57886217826795;0.690860994244953;15.6;7.53;1
475251;31.2012474031902;1.49185750794096;6.99761351491997;0.880006797099839;-17.84;20.97;1
475255;31.880756334938;15.4099534137057;7.58090931353159;0.996560960712291;-22.85;17.31;1
475691;1.80417636771195;12.8989465100325;5.10346713414959;0.677422768060685;6.84;-14.63;1
475706;18.8918082650129;10.7708064451937;4.1416498544334;10.3431676669151;-9.34;13.8;1
475731;189.240434024082;9.28060015717587;3.93837968125178;0.830295156783656;3.05;16.93;1
476206;3.36345118047442;12.9258428758623;5.91465226166082;27.1847450389077;-33.39;2.12;1
476220;3.41153494958555;13.8077298212183;6.09843119857881;0.764051743611503;-20.02;26.85;1
476242;21.5838836071439;7.89408084671252;3.60269845441198;0.563533711363275;8.16;-16.29;1
476247;2.1423613257466;8.32780730973592;37.9853900565674;2.51086216863455;-16.5;3.16;1
476693;18.882495450865;9.51894401485864;4.05616905658044;22.5813514865441;-5.34;9.4;1
476706;1.93344584650978;1.00879765453942;4.13852475230166;2.13213431150334;-7.63;6.22;1
476710;1.93955168241331;10.1311114879824;4.07917448326894;2.10776434457087;-8.95;4.1;1
476733;18.2687886415029;9.96945520389448;3.93811411375381;15.6102147680141;-1.16;5.16;1
476738;21.5374294893901;10.5285574868703;4.31363075438088;13.4767531278311;6.1;-0.56;1
477190;27.724764588285;10.9619618913468;4.96134583059396;0.498775884521342;10.24;25.44;1
477218;30.5172699411314;15.4986604716163;6.65866872516926;26.4218066972618;-26.72;0.43;1
477222;2.1768049841324;849.895298387697;376.451882476039;25.4167271559566;-16.87;7.74;1
477242;20.4164250553245;10.3637065884329;4.27367960484496;0.938560945446349;6.4;-10.45;1
477246;30.7664741917798;19.3688401044282;8.19243886041439;0.905633210227102;3.26;-18.44;1
477686;17.3859122237957;1.18307671027525;40.3037547654643;19.3774045288159;0.74;10.32;1
477697;19.6048134108764;1.35457324956763;4.66382601959257;19.9903515283374;-12.03;2.3;1
477729;20.4749433482605;12.1946470104626;4.53120018643696;1.65868280516363;-5.49;5.25;1
477733;22.845026458177;13.5113601268121;5.00736734903538;19.7061006512535;7.23;-4.13;1
478201;23.1244079074466;4.66055013218598;3.40087349484456;30.0609135974302;-22.87;-0.03;1
478217;29.2330961317716;11.5638067917402;5.55292743017243;0.313590250452134;16.55;-23.45;1
478221;29.353767274426;1.16500645983906;5.50674845550356;0.895485730857709;-21.3;19.65;1
478243;22.7918865785834;5.57378591063221;3.51854089616119;0.235300998745468;3.13;-22.32;1
478251;3.41138207791851;12.7482223106112;63.6429927888478;0.205241277161855;10.99;-31.94;1
478698;25.2651487753359;14.1784547258278;6.46487974764639;0.963952956169758;-20.08;-14.53;1
478712;1.9575422797583;10.4404259230393;4.21424850211428;0.589530131942314;16.39;9.61;1
478734;18.2344590507788;10.2717646158354;4.5976308938945;0.244414082281823;-13.2;-12.1;1
478740;2.22738839284194;9.69197902239592;43.086689192822;15.2207820533778;-15.8;-14.61;1
478754;19.5218119848851;8.91560946014706;380.243216841403;10.1979090714704;-18.59;3.98;1
479190;19.8044840271089;9.44694040373773;3.763352720447;23.1331907055876;-11.11;2.87;1
479211;17.5876314093718;8.03704457435135;3.29630000172013;2.44428394728692;-11.8;3.61;1
479215;19.5673060959541;8.2771320020935;3.51892101730135;0.793394193595537;12.97;-4.26;1
479237;21.399326329312;8.15090837832456;3.76704809760657;0.727690578321671;17.48;4.25;1
479242;20.2703551409794;7.21854785099274;3.4939671063734;0.558812568222196;-2.06;-17.14;1
479697;3.05711077886085;1.37100442076598;58.5311014908034;0.962760311709564;-26.16;12.86;1
479709;3.33896893096027;14.1126450017511;6.06030111281546;0.276951358575231;-12.8;-29.55;1
479736;30.6402179055936;12.4436442298522;522.404103279186;0.477787202184804;29.64;-2.85;1
479740;3.13705601685736;12.4648256653835;5.31078503187722;0.294197984212462;8.26;-29.43;1
480197;1.86918333080063;9.07228472951062;4.15400651719061;0.834122881563422;-14.8;10.46;1
480210;2.19034057065385;9.15379568007572;4.23805297019483;0.610343699252037;19.98;4.36;1
480240;21.072698536441;10.3778264043704;4.41550953742616;10.0410176195088;-10.15;14.92;1
480244;22.3724365941742;10.1113785802707;44.7265866739787;23.9786258510708;-16.55;-10.14;1
480693;6.9343809568175;2.44805631528776;1.17093107821702;10.7746462335194;20.85;35.37;1
480703;2.02954927736424;10.6348042103282;4.37569620797265;0.966775982894232;6.94;11.38;1
480746;1.72873652044343;11.1230065261436;4.83624275324378;0.745569956265761;11.19;8.96;1
480750;17.6665014625993;9.33315530995794;39.690782741134;0.864619076518788;6.98;12.78;1
481187;20.394345038848;7.38966021293407;3.70566253213441;0.195865616294557;5.75;-19.46;1
481201;20.0247244258354;6.95079432664364;350.832897938704;0.44056627202944;19.88;-0.59;1
481226;24.9871794640594;6.37194440780569;3.86270266510403;0.619987094444668;-15.25;19.64;1
481230;21.7077701031111;6.12816004472056;3.41209036992221;0.651767521138733;-2.73;21.44;1
481235;1.80284929381952;804.381441765867;3.68011138143532;0.814401000226033;-7.06;16.44;1
481695;17.0898064138734;13.5345427973311;508.536337365248;16.1454288457582;0.12;14.12;1
481714;17.3289187053157;12.6511347117786;4.22343585215689;19.7769774520246;-1.76;14.06;1
481747;18.1907991924574;13.4780336874557;4.43070408680887;186.756442897823;-3.42;14.18;1
482211;21.3917360966156;7.83949830559782;3.70864252902996;27.7241612411757;-19.3;2.16;1
482227;2.18525397277072;8.7763282847101;3.94577894815775;0.773275669471143;11.25;15.61;1
482249;23.112547603036;8.00747842928301;4.03739275114621;0.690329835236332;16.85;12.54;1
482253;21.9331418536428;7.281185003654;3.67752998443383;2.5569217211877;-19.1;-6.97;1
482713;21.7445945713916;6.59286473427583;360.594600654622;0.31993545145896;21.61;0.9;1
482746;22.6646070691243;6.38177067118333;3.51230607739308;0.121361144243775;0.5;-22.61;1
482749;1.99560596251421;858.633516080828;3.9329885441535;0.0958106795126616;-17.89;-8.71;1
482774;18.7865783560198;7.8330233612603;345.448099948023;0.537620292925449;16.34;8.89;1
482779;32.4466623955271;21.0938251616617;7.0898292552665;0.287450877590314;17.75;-26.98;1
483183;22.7764204343596;8.89917675656521;42.2478775113358;0.273398237900491;14.71;-17.17;1
483206;3.34571583291054;13.7031502960936;6.5509706527521;0.845662507335698;-19.55;26.92;1
483228;31.0185662917553;1.35498424225672;6.30968437131942;0.606861949221641;19.53;23.85;1
483693;27.5403584993471;17.1553563113687;7.23205969698529;0.292544545929824;20.42;-18.35;1
483718;20.6098804439248;10.7892018386076;4.05767687164662;0.816967251812904;-6.81;19.33;1
483722;17.7974453650123;9.42741330325887;3.46205551588543;0.319540884962314;17.29;3.77;1
483747;5.68773452559007;2.67960060253454;10.5975698263305;0.200272917533511;3.03;-56.42;1
483764;5.94969020941246;25.413855985419;10.7418517215957;0.728927947362757;7.61;58.47;1
484183;21.7462347115152;92.464227230952;40.338376869939;18.3003554060631;-20.86;-5.76;1
484196;28.9247918337898;14.8574813879025;6.45808008722599;0.12064731835845;-25.05;-14.19;1
484214;20.1060049273828;8.18774994453972;3.53879786201687;0.417493300985552;19.64;-3.62;1
484218;21.415453277436;7.95306480966643;3.53451181278535;0.117888036765533;-4.7;-20.81;1
484227;26.1545424495463;13.8331541649874;568.404947100565;0.437988009079175;25.64;4.19;1
484699;2.9441245095187;12.3010976832899;645.572708894981;0.0902284283911887;-16.42;-24.33;1
484716;22.2708006881848;7.28430022090566;4.31411910180252;0.185242605116279;-7.76;-20.56;1
484784;31.7600697421704;2.00948382152053;7.10713015089189;0.68760465458975;-10.36;-23.55;1
485186;30.6309531346032;13.4941352520322;6.38223292795267;0.30931270620539;21.55;-21.65;1
485212;31.9789603913567;11.9621542639777;6.01746830757831;0.0852260414703159;-11.55;-29.74;1
485231;31.9781751770684;130.301364524983;627.803316732613;0.817765891174406;-31.29;-6.1;1
485236;3.08663158336057;12.7442541513289;5.99026928099862;0.796320829552749;-10.4;28.95;1
485694;21.409192364086;68.882731130676;3.76817246770784;0.278606632696647;7.82;-19.32;1
485708;6.89288944179368;25.6188963108707;12.3298134978639;2.67823633802009;-67.13;7.03;1
485712;18.519466352271;6.55202177704927;3.21105675623873;0.504392219375777;17.74;-0.53;1
485735;16.5298947408525;6.9112634442778;32.8986766206593;0.404547066249036;16.35;-1.06;1
485739;23.8199814959212;9.4094501600799;45.2981355514524;0.144008827001655;-8.74;-21.96;1
486186;36.079543726691;13.4793629068595;63.8706285929151;0.0819494632836467;-21.61;-28.72;1
486202;31.0187965425876;19.309789720188;644.859984994887;0.280293143645432;23.84;-19.52;1
486232;2.10591403563707;7.65790090318586;3.43130197177595;0.4589632983939;6.42;19.8;1
486236;3.64574807424209;13.5285236267467;58.2552001899478;0.33765113402933;31.27;-17.85;1
486693;2.11165556910872;757.178713511106;32.1839547025556;0.353574106486849;20.78;2.13;1
486716;32.4355608548721;12.8113813508662;5.65179451949214;0.918235518407278;-26.76;17.65;1
486743;2.39746531613256;575.879566382244;3.39820073895908;0.251057263386565;1.5;-23.42;1
487195;2.36859882595324;6.1855376839272;37.3202304978999;15.8023966605002;-22.66;5.8;1
487206;32.2361152308006;134.437891928503;6.479409029838;0.911378917148435;-25.94;18.49;1
487240;3.3135737355768;12.7576663385089;6.02781079213077;0.155946428162612;-31.34;-9.93;1
487246;32.724849763227;12.1077573156231;5.96755129716425;0.334489846924293;29.57;-13.14;1
487693;3.3214895525674;13.0099428851785;54.739439622013;0.716251580526488;8.49;31.65;1
487708;3.34219022146782;1.32143035902965;55.5080826866594;0.567333286086427;28.67;16.3;1
487732;33.2108214461496;12.6221638763875;5.32299481382563;0.159489998697903;-11.61;-30.8;1
487738;31.1796962543411;11.8186176647469;5.18940080390137;0.686821962062547;-6.51;30.12;1
488186;33.3374125873234;13.127861839028;6.06391061912104;0.626285652561402;22.36;24.1;1
488201;1.97068041628018;7.53042592265092;34.586721419525;0.459755232613348;18.42;6.27;1
488205;1.9426587988405;7.52547066388422;34.9468414926604;0.680138404716536;6.14;18.06;1
488245;3.19681657232378;11.9291698631384;52.1049012212188;0.708007648110985;-10.56;29.86;1
488692;3.18982641983445;13.8364822487547;5.95561903137019;0.937733959767765;-27.84;15.33;1
488708;19.7981289927072;909.617887511978;3.7676322394591;0.594575793099113;11.97;15.53;1
488734;19.8590228370462;9.20766617165738;387.356358138689;10.0543582418999;-19.26;4.55;1
489187;18.9704138528447;10.3060217026214;45.4488532650114;0.0507987491991477;-12.83;-13.94;1
489204;21.1496794822823;8.61677858790367;3.7852795719466;0.0929191406911682;-8.95;-19.11;1
489225;1.81072794950743;9.12954863201008;41.7215660812966;0.952396181733633;-16.65;6.93;1
489229;2.07257675531204;7.76705738724275;3.71350797910656;0.982211328884046;-18.92;8.21;1
489695;29.550140639821;14.6721986464638;7.01522762816995;0.420017445086982;20.5;-19.13;1
489709;20.364328815363;8.18550820852057;3.9343195286346;0.642948897187759;7.64;18.13;1
489734;2.38046697142738;9.93389757052207;45.7392468992636;0.298781853671956;14.66;-18.33;1
490187;3.69439620253323;13.9189893879993;6.09066897990494;0.586893499852199;-5.12;35.78;1
490201;34.4843131526497;13.8176505944453;5.84504548718983;0.205046515475342;-14.65;-30.41;1
490226;30.7048708012837;19.9077175977068;6.41150285554899;10.0783945839301;-27.82;10.42;1
490689;3.49542377511075;13.5535828754674;6.01040585320028;0.42714451984091;33.98;-6.25;1
490700;33.9128778563373;13.0725978157977;56.2113846276702;0.149106750819754;-29.86;-15.43;1
490739;33.8629287868921;12.411278739689;483.353459565693;0.264585106206857;15.48;-29.92;1
491200;19.7348475449015;7.67984135437615;4.11618862114853;0.502339863227253;19.15;0.8;1
491224;47.8927653211796;11.7533117218948;7.57664379254511;0.353773771988076;39.62;-25.93;1
491227;20.5420398465795;5.10759924513037;3.39813986266676;0.809068589321071;-20.1;-3.72;1
491251;30.2213184214919;11.5718701348289;5.59642345939008;0.271707569197547;0.82;-29.31;1
491255;29.0127775303982;12.0869170904278;5.1812157679235;0.740607006243542;3.14;28.01;1
491705;18.4652476574886;12.1951446352319;45.4690446024922;0.384721830483016;-8.41;-15.93;1
491726;20.8443337012699;10.0815836624424;4.47308092652061;0.820457525407583;-11.27;16.39;1
491752;19.3747524110315;7.16231074162356;3.62569029163304;0.397803502403387;-13.79;-10.95;1
491793;19.4963591672369;9.75040571474005;4.35916505445537;0.202443721451675;-8.87;-17.05;1
492189;17.4758484195116;1.306453789107;44.6646545039383;1.84626748412348;-8.66;13.35;1
492224;16.2635479920992;12.1380048636283;44.920055033548;0.899115978066304;14.58;0.53;1
492261;17.9448608063851;1.39461218797787;4.68550884808081;17.7740482970458;-13.95;8.88;1
492693;21.8342541268084;5.49563347779525;3.61559759101498;0.359676409664443;20.89;-2.15;1
492703;2.28355583930718;641.017149800667;3.49911204705125;0.679394517753155;1.77;22.02;1
492708;334.277676495054;1.41441297111572;6.74785266526406;0.554916311081281;8.51;31.4;1
492733;21.6391028424743;6.6901710821897;36.6999914798423;0.462044520602212;15.56;14.32;1
493188;3.15983513637298;7.87532075668348;45.569610934046;0.170118964846803;2.95;-31.23;1
493213;3.35776689880151;1.51505330276392;6.49604846701108;0.567766155708759;26.75;19.94;1
493229;2.24789900030365;6.340978591886;3.41252185748693;0.386361308578632;22.33;-0.61;1
493296;20.0201248541078;888.638025416072;39.0925995748855;0.448707200603235;19.71;-0.11;1
493698;3.20684168953451;13.438834974524;6.30971938366597;0.480971528969349;28.54;14.15;1
493729;36.71731735469;12.4896360919156;56.969755790206;15.1446264689335;-36.14;-5.38;1
493757;30.8188958422821;11.4573092650648;4.72578927913418;0.898542940202795;-21.57;21.74;1
493761;3.00079730802145;11.3059437942909;4.63943434543593;0.630905031102579;13.85;26.36;1
494188;19.6681416950956;7.72859349070323;3.54794925703502;0.719042107705389;3.54;19.13;1
494202;22.9984513648465;5.21105284448897;3.31971644104733;0.195186067590056;1.93;-22.8;1
494227;3.54175393133431;1.37733119420194;6.36293280607628;0.963732990985037;-33.18;11.85;1
494231;22.9773145524009;4.63402970393375;330.884210075453;0.392862970073679;22.79;1.28;1
494235;35.5990340430576;13.6609256507907;6.61045016830475;0.0969088766720082;-16.55;-31.33;1
494695;20.7639804043638;13.9730986879296;50.8249187889637;11.7195012243017;7.28;-11.5;1
494740;19.2600843166898;1.16988568371268;4.49913622918151;1.58813709227764;-1.42;10.16;1
494760;18.7982350569917;11.732685052593;4.34320834550162;19.3103906096463;-12.4;-3.64;1
494797;1.90803684270276;12.2423854047712;4.33580528811147;0.965986933714421;4.61;16.73;1
495193;18.608135065487;12.2432551570048;5.05088421768033;1.83234580754376;1.75;9.81;1
495216;1.61460074857854;10.1332472652236;3.91417566926011;16.9454484154983;6.6;0.31;1
495244;1.9995690395715;1.22029597156048;4.81024815375285;14.1886980512507;7.66;1.61;1
495707;20.9659713153094;7.81722321586927;3.36524621840662;0.425240447665041;-16.29;-9.55;1
495720;19.6765215006114;8.29726121115857;34.2859209507236;0.785288965336479;5.75;15.88;1
495754;19.6053204902105;1.55446343138897;5.80192488212731;0.815256832912376;15.95;6.42;1
496192;181.950461298399;10.507823994358;4.02934980150661;0.757230906618201;12.54;11.1;1
496211;19.8749732913052;12.5052983602816;4.48856065946928;0.619020806548466;15.48;11.63;1
496238;17.9767446206174;1.21179252592683;4.36324545128191;0.975341577869838;-11.58;12.75;1
496242;1.79146987386433;13.717847951887;53.5800222078944;267.072636831664;-17.15;-2.11;1
496692;18.3937231522667;10.3881912141321;41.0776290382021;18.9050677481418;-10.87;-13.13;1
496707;2.05230135338313;10.3672370484955;40.7942361813791;0.446280447065655;-4.67;-18.79;1
496710;19.2523862533022;12.2790060337693;4.95625946929153;2.27735451391254;-15.18;-10.09;1
496734;21.9214558244365;9.78508061570872;4.39035161747013;0.523672235191653;15.25;-13.16;1
496738;16.4014115829232;9.47129429922736;4.16480558383609;0.484556605806976;14.49;-4.63;1
497185;18.0022318867637;11.0181247060971;4.10946264397461;0.825032033538285;15.13;-0.31;1
497200;1.99092082192783;12.8639496096176;431.111761912445;2.23038995877779;-16.42;-8.78;1
497231;20.7214626786334;1.33995603522312;4.35561361205255;1.03210957329072;10.9;-16.63;1
497239;30.3299370191467;23.4521123061779;8.2096016970737;14.5715478094795;-20.57;-21.12;1
497693;3.39463967229014;19.4087542184653;6.85996352906108;2.65619568647456;-31.65;-10.05;1
497705;2.08077509365913;12.0591363740247;421.752875334182;28.6782200164597;-20.33;0.3;1
497709;19.5163006855368;133.195268823186;509.135510422675;0.371457501846355;3.61;-18.54;1
497731;21.756979201963;11.560640443081;4.30583123462536;0.272120207950778;-10.71;-18.38;1
497737;2.11770185503353;11.8090172265762;4.2532997047015;0.275745997835517;-10.45;-17.92;1
497743;160.061335244441;10.7860475383787;4.07910856403395;0.260910123020112;-8.2;-13.4;1
498187;28.9089531099387;16.9536479561851;62.4971456074965;23.1951962737182;-26.22;5.17;1
498212;272.192131883257;1.78760719483688;62.2575686082259;18.3751539403811;-11.46;20.43;1
498232;2.72193779946458;1.85819317887718;6.21062397237374;18.8991795789474;-22.87;0.64;1
498236;19.2300043472478;10.9665673441388;3.90138570397756;13.6306939840635;13.62;7.27;1
498240;1.88602311877135;13.1649325421881;455.339747680899;1.49420161912852;-13.72;-7.98;1
498697;18.9196479177059;11.2580501885763;4.04393485753917;1.34199483889522;-9.93;4.03;1
498712;1.80099219787411;11.3728961194914;4.03604812738731;1.36659754948289;9.57;0.6;1
498736;20.5009118291581;14.5092891006903;4.7587922698003;15.8189570352105;-9.07;-10.17;1
498742;18.1605568100227;1.26797337012031;4.1987053447824;15.8647122432472;-10.86;-6.07;1
499198;20.0616579328365;1.19833207782577;40.2892559161283;0.366659526354216;9.72;-17.25;1
499209;14.9306813857464;10.0584659127658;370.281092460338;0.471485755628539;13.79;-5.05;1
499234;23.1016907336897;9.83185855615792;4.11598256032122;28.1332805299242;-22.87;-0.52;1
499688;21.5700654247091;9.34925835557814;4.29750667323137;0.575735961891969;18.94;-5.25;1
499702;21.2936472094003;9.88365068528224;4.25701087722761;0.663529625404754;19.15;1.01;1
499724;16.9342917541388;8.67637411764168;35.0634222579874;0.921744045696469;-4.37;14.67;1
499745;20.3856171725044;9.83685443730242;4.08572147087922;0.473949712604561;-4.01;-18.25;1
500187;1.81538674926308;13.6493600520765;4.74166242089421;18.0069840629576;-3.44;-14.95;1
500230;1.75733115361443;13.8791576881598;5.8005909693515;24.2622197435125;-13.62;0.55;1
500259;1.77741226975563;13.2645377129994;5.6431964865543;10.6719150133404;10.75;-7.43;1
500263;16.6465706505453;10.624442608233;42.9485544268093;10.6195730147034;11.55;1.8;1
500695;1.84889509152766;113.336996107383;4.30192047448667;14.4775589682294;2.3;-6.71;1
500718;18.5654440807257;10.8320665697749;4.3003912887071;19.5868834368154;-5.04;5.87;1
500721;20.4581787404645;12.5246883567446;4.832081206469;11.8479282546036;-7.46;-5.13;1
500745;19.747699500027;11.6211854258413;4.62776380405651;2.01155409175232;-6.55;5.74;1
500749;17.8000984881029;10.66459834097;4.13361478118564;12.6808573465571;7.12;2.41;1
501194;19.4222944479043;8.62195068334449;4.06515296110251;0.67888113311402;15.2;-5.18;1
501224;20.1617534003244;10.4315707750483;4.50819630752872;10.8654236314686;-12.7;10.92;1
501238;18.2218552418464;9.0748454393224;40.207952780501;0.7774407928866;14.95;3.12;1
501269;20.2618389700379;11.2574013685618;45.9881362869356;0.878716171469367;7.51;15.6;1
501694;18.1041035728169;12.5411724198671;5.44331480772532;0.837870366059316;9.13;13.13;1
501705;18.9914885289962;10.4771834437317;4.20046700819005;0.589235506206833;17.67;1.08;1
501748;19.4814540641078;9.25944937529796;4.41075400558486;0.606715953394678;16.88;-4.98;1
501752;19.1632270488914;9.01344198600849;4.39963474837586;0.648446528463051;17.18;2.22;1
502189;2.09135399820887;1.02571048993346;45.1226118437384;11.0128970733347;-7;14.05;1
502204;19.2055974110796;8.86190818290219;38.8963720798618;0.742992384847563;11.76;-9.37;1
502230;19.5657553357244;895.567227259834;400.088755569733;0.683283041273391;9.95;-12.62;1
502687;2.80567679284659;13.9565703192158;6.93136421772821;0.814538199691129;-12.2;20.26;1
502716;23.6061308236194;8.30110948198448;42.3949422489696;2.66129322718039;-20.46;3.37;1
502740;3.07245700733224;15.2989685147996;6.53423143220913;0.902858963836219;-4.72;26.84;1
503184;21.6639198095085;9.2552688143786;4.50903531008174;285.681052596141;-20.6;0.69;1
503203;17.2225822376141;5.21364370291606;3.33454829759385;2.16750671724785;-13.71;-7.5;1
503230;19.2236249292556;74.5624149651463;3.55522640955644;0.749598473563147;15.35;0.51;1
503715;18.4910222615483;11.7403209157232;4.56824676998472;16.9329171095609;-6.66;-4.26;1
503792;2.26200981837811;8.19669479591216;38.3681995635855;0.54588883574817;-4.87;-18.53;1
503797;22.3510644886024;832.776823694985;3.97384500414681;26.335136195144;-19.12;0.42;1
503819;19.1620401001012;8.18325686278963;3.2976653313556;0.994376520194695;-6.54;15.07;1
503826;21.043725599335;9.90492501334357;38.0969050012351;0.68734774733781;-1.69;-16.19;1
504194;19.2739227449997;9.36819406026694;4.64890373766004;0.294266968215146;-4.44;-18.12;1
504228;21.4652153307725;6.93837035324691;3.98880458538777;0.283033024932405;13.12;-16.38;1
504256;22.886301487864;8.42245406970913;4.41210478751383;0.238519952443262;3.74;-22.17;1
504258;2.21681154366202;8.50761901227293;4.42154243939322;27.6839937281657;-21.65;2.41;1
504692;21.9881985801546;6.23877255316771;38.1001378765437;0.894543827777902;-15.21;15.25;1
504711;28.8799385293145;11.892349747887;6.45316509348253;0.466664199218622;16.87;22.92;1
504740;1.88989785750901;586.226578187613;35.3078535079505;0.366409622060455;17.2;-6.29;1
504743;2.4490292876897;750.851481429981;4.38864297708162;0.395341542486595;22.9;-7.38;1
504773;2.1699468148478;6.29380087468177;4.13373036686308;0.494704276382625;11.94;17.45;1
505186;2.26390789532098;76.1010303532287;4.11685235847523;0.750958517209384;-9.78;19.87;1
505198;22.8870706946083;8.50199431978596;4.31359305501059;0.210355109020397;-10.35;-19.95;1
505225;19.2458918197845;6.99620904410163;3.67841319412102;0.699307042644967;7.51;17.17;1
505686;2.07983065140595;8.24579180089543;4.24592359830576;0.29897883662896;-14.39;-13.62;1
505708;19.1680455930957;8.33557646458748;4.22581439950947;0.6059165064336;17.42;4.71;1
505736;29.3680399571357;15.5757577691529;7.90213451081338;0.434487170846371;23.03;-15.16;1
505741;1.86267938045021;8.1442526095927;3.96902429706969;0.708775517792423;12.49;11.82;1
506182;29.1451080344444;1.5365610076382;7.85151470915916;27.0506787701269;-25.26;9.37;1
506196;2.25929574393741;8.67126878031297;4.5896345364038;2.68931000352391;-19.9;7.22;1
506228;196.338121783891;7.82210436655378;4.05668614088896;0.845609739531629;-14.04;11.99;1
506233;2.86034839289604;15.5745214239129;8.10826844637288;0.780864378823906;10.97;24.07;1
506694;16.6531238250545;77.728623580682;3.63704500741888;0.402241027049694;-14.07;-6.3;1
506711;20.8743028777199;9.5221479155467;4.78246626215186;2.68217373280105;-18.42;2.38;1
506734;19.4667883735829;9.7565228433432;4.45875474029577;0.598585488695981;17.35;-2.42;1
506738;1.94737678190861;9.41161385596128;4.31024249716289;0.652709587236463;12.3;12.5;1
507185;19.5923999732985;9.20424818417628;44.8666522679551;0.988444069469746;-10.14;14;1
507198;19.7222812904283;9.15517833156795;44.06386269944;0.757104135452267;12.03;12.99;1
507223;19.6329087516571;94.994289066542;45.4386019962672;0.583035246099401;6.84;-15.67;1
507227;1.90114470874022;9.43370173392295;44.3808622106338;0.681387294929607;16.46;-1.47;1
507685;19.6713152833883;8.10900183584293;4.16609217129972;0.487533507400393;7.98;-15.85;1
507700;19.8227342126342;7.57773504642076;4.03112129072037;26.8689196580239;-17.4;1.05;1
507732;22.2333029423716;76.3832698145631;40.3874353140922;2.6124046390869;-18.53;-5.01;1
508196;17.7826048357288;11.2955818780924;410.150122649092;0.233079094106782;-5.16;-16.74;1
508213;19.5799343194923;11.32088751996;4.23842525461203;0.209100123680709;-8.53;-17.36;1
508245;27.3005428738223;18.2399517178478;7.47673703083146;0.698807538367387;17.67;19.34;1
508249;1.82819489236553;10.3295085022509;41.8632912104977;0.634500637932363;8.16;15.72;1
508709;1.88840869569163;1.29161232827852;4.54400046897181;0.685873135807258;5.19;-16.37;1
508722;2.04225290155944;13.1411660902506;4.65552790479515;0.604263445325282;-17.67;-6.22;1
508729;17.0024520603473;13.0810142398707;49.5829513724087;0.704802337108422;7.93;-13.41;1
508757;18.1728752373304;11.251470470195;41.408263873587;0.544580205370784;14.13;-10.12;1
508761;17.4928654851179;11.975570490641;4.90071243292779;0.476847145833306;2.32;-16.44;1
509187;17.0801887475405;11.8952670158118;4.1139454144034;13.4224155152687;-13.78;4.4;1
509218;18.9582977556852;1.22876677904162;43.9072042105966;0.942856790663699;9.04;14.15;1
509246;26.2947143089522;2.12111963819388;8.25717602619147;10.5274648260323;16.41;17.45;1
509682;205.539667194765;6.21934635254054;343.030881644938;0.327275226513496;-2.39;-19.48;1
509694;3.33741956072435;14.8320743837557;700.576987512252;0.337530768279662;-18.81;-25.22;1
509698;2.22336040183359;69.4108984937362;3.80730074087698;0.324498679726412;-13.34;-16.29;1
509731;19.7526185021062;10.3642991544432;3.98289492344147;10.1185572498178;-7.65;15.18;1
510192;2.15819772091589;6.1728689935803;3.54986327452482;0.67456557181135;11.25;17.43;1
510207;19.0630350973901;5.24510605980215;3.72501885238732;0.285796167564179;0.45;-18.39;1
510238;343.024041841368;13.2252744980581;5.74588308765187;0.400327250394211;32.66;-10.02;1
510243;30.7024607039799;11.17162135423;50.9779881085449;0.617683234996683;5.7;29.82;1
510689;3.2300240999176;15.1289633629628;7.10351520209748;0.348112348465692;-20.11;-22.73;1
510704;20.7303306027487;7.4008557098963;38.3474859420375;267.490730166528;-18.72;-4.01;1
510709;21.7321504128854;10.9838492963689;5.13439442004584;0.350802174632059;-2.62;-20.38;1
510734;1.97727860895197;12.385515318762;5.58936526063318;0.911511624042373;-4.32;15.35;1
511186;1.83952086984063;8.36252203221473;3.58602994989745;16.7965405898512;-9.95;8.46;1
511218;1.9483845731991;7.87817791238293;3.57483631128811;2.64829825171678;-17.04;-0.81;1
511239;19.8551989720041;9.79285996333186;4.02321685480948;26.5619708570616;-17.61;-2.07;1
511246;1.87743749581775;12.1340647684631;4.96746474356171;0.711890684630139;13.17;10.17;1
511690;1.98038805224508;9.10420199890642;3.78498707531214;0.481772006175199;19.43;3.25;1
511702;2.22627157654746;12.2005477352726;5.15204135470276;0.0939210322784645;-5.83;-21.46;1
511732;22.5628422151477;8.71633613016315;3.89911067913774;0.553818370487152;19.75;10.57;1
512183;30.5944373587346;24.082412185885;8.8595649793885;0.150583088185767;-22.74;-20.18;1
512197;2.23834868718328;9.89088344768863;4.15100896074637;0.171775269686721;3.19;-22;1
512217;1.91615805805726;8.69461146852723;3.57577601295175;0.116238074198157;-18.08;-6.17;1
512233;7.23509356164517;19.1186373523459;10.4255254824072;0.679604865815634;26.75;66.86;1
512695;2.24333878620217;15.5123990679686;6.17469151042253;0.772047907131272;4.72;20.9;1
512708;1.3221084686836;8.40463140176082;3.46527352949353;0.510673401158659;-1.68;-12.87;1
512728;4.29224947357757;199.275480486196;8.54624270901604;0.789667436164473;-11.33;40.64;1
512733;21.2331438746762;984.158956360732;4.12130821233364;0.511728564755421;20.65;1.82;1
513191;21.345574138973;924.005966240744;4.05149521921305;0.4541423666661;-6.3;-18.63;1
513209;21.0969884964458;10.2769504637254;40.8395824914268;0.807032471667925;11.15;13.73;1
513213;2.21763823216411;1.03843327730527;415.930659021967;2.02058070739644;-11.35;-15.17;1
513239;23.1022644623502;8.71114980785169;41.607858212643;18.532166903323;-12.02;-15.65;1
513695;22.0925078509291;4.63273065780662;36.4965070784371;0.13497723941345;-18.77;-11.25;1
513717;2.04625191261832;8.29320011267593;4.16489813732839;0.639296676428436;1.28;20.1;1
513746;2.06318584291213;8.5126577385802;4.19150327232864;0.151824576061694;-7.43;-19;1
513751;3.36509571150937;2.19238049240379;8.36231474573644;0.723510931013264;-26.62;20.08;1
514198;3.77235296596819;14.1012008676504;6.01040781641438;0.749025614604351;-0.21;37.36;1
514215;3.72552140428554;12.9922293319124;5.9223517019279;0.241801345821973;25.24;-26.94;1
514218;3.74968463549688;13.524364830182;59.8213629479612;2.66551703227122;-36.94;4.21;1
514240;24.7463960600886;9.33436792577661;428.057928979749;0.13804439911029;-19.97;-14.11;1
514245;2.52253706477051;5.34694225506967;35.4283561371634;0.86171705311192;-11.98;21.85;1
514692;5.17761163363385;11.4384236836426;7.38495464252388;0.246422345324089;30.17;-41.77;1
514718;31.3867955464505;11.8993562082646;5.79986571772176;0.836618357532839;-28.75;12.17;1
514754;2.12969724807079;6.74592916015182;3.89615991687772;28.2599020865193;-20.98;-1.67;1
514776;25.7766225476664;16.4031522850169;7.37320398652241;0.647535734342583;18.99;16.23;1
515194;28.0864821701478;18.0715234169267;7.23180179635792;16.355955602312;-21.44;17.2;1
515208;19.8058923109071;10.930500817244;41.5983120624925;0.358383780636995;8.18;-17.72;1
515229;19.1775805266893;12.1330502405183;48.2115066025216;0.567803169528763;-12.66;-14.09;1
515234;18.346242978907;12.0666396795301;4.74077496229396;0.311172744986807;9.64;-15.41;1
515238;19.7554745242192;13.5278332125852;52.4588950644255;0.744831574616318;4.49;18.89;1
515688;32.8056941726819;13.6461710927726;60.3710471634222;0.104685479162286;-29.3;-14.69;1
515716;6.952575897442;272.641840567867;12.8818693856267;0.293017245329176;53.13;-44.41;1
515746;2.23268779952405;6.16485705647662;34.6021746009748;0.090828821479794;-21.42;-6.03;1
515750;2.11362283229777;61.3486888429899;3.4374532331844;0.569074806163222;5.33;20.34;1
516195;3.56670318834092;2.02202321208604;8.01922814694055;0.184456086890206;-28.08;-21.18;1
516207;2.07986271354293;12.8235796106161;502.602113827445;0.339068006769379;-12.72;-15.25;1
516258;16.7384988079307;1.23667405226838;4.50103193191986;0.528160853996478;-11.4;-10.4;1
516687;21.1913232043915;12.7117875835199;5.49520732957849;23.5844111938574;-11.63;10.11;1
516702;1.94977816024613;1.16104744518022;4.64562646892283;11.7283973265089;8.01;1.43;1
516741;11.5490351319889;9.50731773985339;3.2344914468637;14.2637263273571;3.09;-8.51;1
517199;26.7610867875851;12.257342205572;5.63816403884177;0.725994831010853;0.95;26.44;1
517211;20.8319117266138;61.0973564343761;3.69105907081454;0.598713282422587;-8.23;18.94;1
517243;21.160163100763;6.10626760852243;3.32872597743992;0.222897164875158;2.6;-20.77;1
517711;29.4602342137224;1.12737822137138;49.668784471333;0.54434473032895;25.67;14.1;1
517722;3.2417763747011;20.3135243985478;6.75596315036909;0.294894115778941;20.85;-24.68;1
517744;334.188412946748;12.6637443148544;6.19027097190478;0.339115011552914;30.77;-12.75;1
517747;3.01665421524024;10.6325342578227;535.005233087977;0.152493358966787;3.11;-29.9;1
518208;3.90555355168803;14.1034105684308;6.66324407657746;0.471620725128396;22.81;31.38;1
518223;3.24959589629249;200.746626348643;6.66342944824101;0.801315689011433;-26.57;18.39;1
518253;31.1685205933159;11.5210714425864;5.45093659395204;0.0580328456024031;-20.7;-23.23;1
518689;2.37200138319934;561.752673038545;34.5415347621767;0.114261150973291;-5.86;-22.93;1
518707;20.0507138592706;7.89990533158753;3.60948339539842;0.443477586456447;19.86;-0.79;1
518733;20.7795396358431;7.48627414319705;3.4059167119242;2.80255449448325;-20.57;-1.91;1
519204;201.297626048274;801.755784892678;3.99580836530626;0.375875280615879;19.88;-1.79;1
519219;215.686377028119;5.4915183030107;3.5482692143312;0.145986584945493;-8.09;-19.7;1
519224;29.2580941221209;11.5684647409589;5.54154066515331;0.820881706217932;-7.35;27.53;1
519250;3.39687281895954;12.994010556592;54.8233952586636;0.652320513209092;16.91;29.13;1
519253;31.5513086990288;10.8665733107639;5.00299837952016;28.6218076014698;-31.2;-2.58;1
519699;2.5260680202293;4.80951425513824;36.4410030899952;0.255908428997355;13.42;-20.97;1
519714;33.1788045678865;12.6486507114139;5.73510128870811;0.669984378234345;2.38;32.64;1
519717;3.3388877591036;12.7551685454746;5.81642841996171;0.359494787540658;31.46;-10.03;1
519739;30.9696008336999;1.17004966927796;50.5655778455928;0.662498513286646;-0.16;30.61;1
519744;21.8708459734069;8.26428311636861;3.71983046579328;0.819005923901518;-10.12;19.15;1
520197;34.1014664802072;13.398544626721;5.99665375395606;0.379951974430802;33.5;1.53;1
520224;2.42920072862633;6.01942658828472;3.49363700133;26.7612046544543;-23.76;3.3;1
520247;2.06016458462383;8.64014301384005;40.2184500110569;0.630007631928478;12.15;16.3;1
520681;30.6237362316143;19.0878885623677;6.08046454412632;0.336356468653815;27.72;-12.69;1
520694;310.539960029582;11.7486721113515;5.3090934830411;0.513716682950613;25.97;16.75;1
520731;7.2083592491168;23.9103140711752;12.020744260036;0.383868536404601;67.43;-23.83;1
521192;19.0053900482751;723.373126748636;3.50238301199139;0.814718460894715;-3.05;18.27;1
521206;20.405612736419;7.50418792553582;3.6140844303678;0.241403069828393;-5.8;-19.05;1
521214;21.1933645111868;7.50923478709894;37.2807204594134;0.289848472159421;4.53;-20.1;1
521237;28.504257075271;12.2586669407193;6.07930136948579;0.447800170728552;15.72;23.2;1
521690;2.15548771609826;11.4508352191766;4.69614548193339;12.649496688298;7.02;2.74;1
521711;19.0544313940448;8.59300715625685;3.88112465609318;0.856954092552944;9.3;-9.1;1
521715;1.88323884371844;8.94719678156673;3.92445278511671;23.0769217202617;-12.19;0.85;1
521751;2.67652608040394;10.9453006835557;5.77693791776948;18.5889403576972;-18.23;-14.85;1
522195;1.83137324321008;12.7901169105235;4.99772937764706;15.4784696276391;4.04;-10.55;1
522226;30.943477129044;15.1591724663448;54.5697918069942;0.151566810887252;-18.8;-24.26;1
522257;326.423337000302;1.25958475835764;52.5676085909981;0.255070071927678;29.56;-13.5;1
522260;3.2702026191137;12.9733070365955;54.1292218186949;10.1467120636587;-31.66;7.16;1
522684;2.13817260386635;9.3249609742635;42.399913288182;0.993628125992864;7.28;-10.52;1
522698;19.952286733771;79.0051208652491;3.9203143462651;0.929898696139256;2.37;16.03;1
522703;2.03593940871327;7.81239504371283;4.0689330063151;0.819873908175277;6.66;15.71;1
522732;30.2303982373484;12.7529885960432;7.08917312123172;0.292440079805161;-14.94;-24.73;1
522736;20.4393803779226;5.83451020235271;3.61025610542159;0.88803639820714;-10.28;16.62;1
523190;2.93600186139499;10.7900881258662;490.177889820729;0.221340790950378;5.3;-28.6;1
523202;36.7290906780503;13.2223946262107;579.619267968909;0.797507969189241;-29.03;22.01;1
523207;3.1897442107858;11.6560671114211;4.76454953738008;0.771958610951457;-22.29;22.4;1
523227;3.02958131844565;11.6359418545308;48.0617685925014;0.723325759339886;2.78;29.95;1
523232;30.9271595851886;11.6261689532622;4.74830470714168;0.335935154907364;22.45;-20.88;1
523692;20.8979313131484;63.9676992639142;33.5976435096336;0.370997330665716;20.4;-3.3;1
523706;3.16795073818002;1.34520213586668;6.22200503240795;2.89418751091368;-31.43;1.02;1
523733;31.0083528491345;13.1834874615318;62.006382724248;0.91545608016799;-23.93;19.27;1
523736;23.8585124677114;6.37415681747266;3.65204792116955;14.3926596927524;-22.03;-8.31;1
524212;1.85376339383174;6.31129892722517;3.26126362731549;0.538436306226973;3.78;17.84;1
524226;287.701385387562;13.4012692351913;6.37272681165755;0.572085307705372;9.18;27.02;1
524230;21.1409036781927;7.28602424674243;376.456327441169;0.835165475140641;-9.27;18.81;1
524272;21.6613621349661;8.10504450517754;3.67254156335886;0.159356926821407;-8.19;-19.9;1
524708;18.8698180843439;9.02820671456677;4.21687928794276;0.87368608862794;8.03;14.82;1
524754;18.6985654871218;8.55937614177252;3.77400312629325;0.241539279337871;-4.95;-17.71;1
524781;29.9176039293737;15.34277376475;7.36517786206962;0.822340140788939;-24.34;17.1;1
524813;204.285821776944;6.65266306116237;350.983044546371;0.216499639729519;6.78;-19.17;1
525194;28.5893339271218;11.8396577881726;5.43143528892743;0.733736566488221;1.86;28.36;1
525208;23.51074952894;5.44920399861046;3.42745652270117;0.348457201718511;22.54;-6.39;1
525241;31.7505959033024;12.25042650328;5.81596159428168;0.990640408795226;-30.97;6.69;1
525699;21.9395255126477;524.761485602333;33.3450379561549;0.133169186972218;-2.05;-21.73;1
525726;25.1984188183457;9.96421588430815;48.0387891133742;18.1104311134697;-24.2;-5.44;1
525730;22.1071843459856;5.47671616624825;33.5220238422264;0.387665394000026;21.38;-3.75;1
525755;21.7094735098516;9.38054166355641;4.39180062106042;0.446390888407147;20.84;3.38;1
526187;20.7781007171792;10.9193351791785;5.26281229171934;0.454769994876597;17.64;-9.05;1
526209;20.495877636199;7.83221951539858;3.89777649476667;2.5392303130979;-18.6;6.33;1
526233;20.6756824672875;7.28759683667461;37.7795346611369;0.822358501537363;-5.93;19.16;1
526237;20.1868349726485;7.42734948844679;3.74050404144003;0.567249284297578;18.01;7.49;1
526689;23.1475854566986;866.916319432435;4.22050563502738;0.443202218247644;-2.55;-21.13;1
526702;2.11001664546229;854.680838802118;401.600426888457;27.5880165626546;-19.24;-2.58;1
526725;1.90106311936673;1.04346323955198;4.90580351791595;0.409775008402518;-8.67;-15.31;1
526728;19.1538024266877;10.2085814535361;47.1965552006305;0.385466674686748;-7.35;-16.3;1
526732;20.0451349831306;8.79114887557712;38.9073540686646;0.372613659222831;-14.57;-11.78;1
527190;27.3970820908488;1.67142540697817;7.08499312196172;0.265086489409532;-21.31;-16.39;1
527206;1.81684491411739;10.0527625592364;3.80066885131439;0.921658229271385;-1.84;17.59;1
527265;17.7000451509551;10.1618333145671;35.7634694249815;18.1443180635454;-16.95;4.23;1
527696;27.5111067368879;10.3323391324722;5.29680136949287;0.497918174997938;24.77;10.47;1
527709;30.992754823984;1.45116044690706;7.15548556996696;0.503807212644192;15.23;26.04;1
527713;31.151449117035;14.0456360079798;683.167600133932;0.728241245309088;-22.93;18.99;1
527735;3.30613790999267;14.9895369166709;7.35683090913837;0.285918699208183;20.83;-25;1
528187;2.84125431266025;12.3416346836902;5.78946215393572;0.403310798210055;-17.56;-18.8;1
528214;31.7025630518701;13.6764817638317;62.287282259707;0.563760905530727;17.08;24.08;1
528236;20.6145137931009;8.48048440341991;4.09196806911456;0.33866347658376;-12.15;-15.23;1
528247;3.26833112884327;13.9692375962621;6.59800759758659;0.346698751041996;-6.12;-30.04;1
528711;22.0836253010717;7.46623890220463;4.01576019884424;0.422700639377109;-5.39;-19.37;1
528728;28.4135877686196;13.6720699013812;6.68648075896942;0.514923000011317;21.9;-14.46;1
528751;23.7127573155473;7.44047766367052;4.11540084991552;0.72869896963872;-7.49;20.1;1
529191;22.9725302874862;8.0807501282285;43.1802990519405;0.339887791646415;2.83;-21.85;1
529204;29.3624268508396;14.2843996666135;7.07928026745564;0.692166173903769;15.98;22.66;1
529208;3.51708779664068;1.5891216035851;7.94924238626376;0.747421228692573;-29.62;15.72;1
529236;2.24387239327739;7.66123473301213;41.0449251512516;0.565419731025033;16.64;13.21;1
529240;20.3473811405348;6.47712924125103;3.73258116276325;0.667305555612943;-3.07;18.9;1
529691;241.365346573116;11.0600305836282;5.52563949504082;0.682120665600009;10.13;21.58;1
529705;20.5066592792548;6.36115085190335;3.51732205596934;0.714586864023136;3.55;19.87;1
529727;2.76359148341568;12.6389400593508;6.25296584919836;0.55949783511896;23.31;14.44;1
530204;20.2448073565174;5.80329654509728;3.37648332142177;0.33105826328745;19.08;-6.5;1
530225;34.0933428671477;14.5156299345639;7.23548473982548;0.275284612039154;24.25;-23.78;1
530261;2.21642256399756;9.58597388597697;455.216448097862;0.0965102118206912;-9.75;-19.85;1
530688;17.8152692007866;788.196140055404;3.8672503636771;0.446336169664249;17.35;-3.02;1
530701;2.24249477128423;5.84571346129972;3.61223853674347;0.143218313580307;-20.06;-9.6;1
530724;2.12756638709676;5.80138956059635;36.4627505680206;0.284711416233874;20;-6.77;1
531183;2.18042177514105;7.82910008925199;4.07577637483592;23.1267606058237;-21.06;4.61;1
531202;27.7242828558558;14.3420394626979;62.9589840616177;11.8787884975598;-20.66;17.23;1
531230;2.00548150369474;8.29178311334153;37.0773516192863;26.6976134139084;-19.64;1.5;1
531695;19.9145175172244;1.00423743819284;4.0732734752138;11.9521253020417;3.96;8.55;1
531709;20.0634900783561;10.1806995240576;40.7196463038146;13.3621230388246;1.66;4.83;1
531713;30.1195595822785;18.7007477378083;7.85437454722387;207.421856743631;-1.54;-8.65;1
531742;21.3677821371049;11.2127888686515;38.9021040271554;14.387237640979;2.99;1.77;1
531745;1.94845726334183;981.537810656714;35.2082927950479;19.245957120565;-4.07;-3.8;1
532197;6.77734341138053;2.39010469840203;1.15918493095457;25.7119484550109;-54.72;21.59;1
532215;2.11217408878583;8.784050171793;3.93760943605669;0.700750818063262;16.22;-4.91;1
532252;16.9706907152684;8.94565499820919;3.71456655866485;17.0378236295439;0.74;-11.05;1
532260;20.519449442034;11.1865797114537;4.54886018951521;0.953841738348346;13.28;-1.99;1
532694;1.76392095967835;9.86344971944507;371.558472543697;0.95582500094853;-14.5;9.14;1
532710;6.9157943046906;2.30130735345485;11.6673136380871;0.169650230677597;-19.95;-65.71;1
532713;690.180024812441;2.21663076517915;111.973356821406;0.446755707340203;67.8;-0.4;1
532740;21.228212744166;11.7145633767261;43.351941211139;2.77373497615541;-20.94;1.14;1
533185;2.1418516602139;7.75283437650268;38.8753022702852;2.93834743458899;-20.72;-1.78;1
533203;26.1087295368062;10.5662951751576;50.8018754603711;0.531097852630485;3.44;25.3;1
533230;31.6385148844203;12.6712350055029;5.81579482818502;0.142070990016667;-27.95;-14.39;1
533696;18.4666442183706;9.50193350932839;3.68008784861706;0.988098517947607;5.16;12.92;1
533720;25.9063980390161;14.5100907208524;5.92173073484893;2.684830952849;-22.38;1.12;1
533742;19.274970356313;8.52588473505007;37.0443046143203;1.67030752731146;-15.37;5.22;1
533746;1.8744722262041;8.00102081383098;3.38169384477776;0.675946191731586;15.38;-4.1;1
533750;21.6557888511722;9.24256149621956;3.84449492646537;0.902547769678709;-16.36;8.4;1
534196;1.56747028247259;1.26069304997231;4.53799381818259;16.8381316881679;-9.94;-8.28;1
534212;18.1640337812968;13.0933566808141;4.20020817505161;12.4946817161328;14.06;1.66;1
534237;1.87664538166053;12.3600552512189;4.22130060800132;20.8430092686673;-4.91;14.85;1
534240;1.79089479596608;11.9780634114042;4.00113892333136;0.923689239974929;14.08;3.09;1
534244;20.5722445395059;1.24178556594805;4.42452335470478;2.28626642905888;-14.35;7.87;1
534687;18.4057147084258;9.55823419672108;4.24972187084312;10.8768492000903;6.47;9.32;1
534710;2.21073471399963;12.443519304553;5.98468421507414;2.55297653130833;-18.91;-1.67;1
534714;21.2079027042113;11.9570153170696;5.74975633520856;0.771370095885061;15.5;8.79;1
534770;25.8885331035799;19.5457842469339;7.95678497837854;0.967711210905523;-19.84;15.57;1
534774;1.65765577111437;11.0576132191169;39.8577383525338;0.822143177172216;6.63;14.36;1
535204;2.01965509718261;4.8183703961948;35.9494524437463;27.8289205894394;-19.59;-2.01;1
535259;27.7160194722401;1.6418699679131;7.42459173527509;0.721724845069361;18.39;17.25;1
535303;17.8259342764256;10.8129967167699;4.51355412551387;0.824704715256151;11.77;-8.27;1
535308;16.9266996419923;11.2089785744695;4.43855642431719;11.5655150523411;-9.15;9.99;1
535313;19.4882697087492;12.5765797308784;5.51952751367095;0.930233492150523;8.91;12.51;1
535692;18.5680781049495;9.13061097710403;42.2703135088429;10.8849465132836;8.26;5.94;1
535710;19.6479533169137;8.96616224455749;3.80340663391853;0.911869698741579;12.55;-3.25;1
535714;19.7091984835255;882.300677282351;3.71702695573944;0.825212395793105;11.92;-6.3;1
535743;22.4703879178542;8.50974708151005;3.92435492471934;17.9374249508062;-10.75;-13.54;1
536187;19.3948717196641;10.2911739783986;40.2390404501284;203.261132575042;-6.15;-4.55;1
536209;1.7552377451653;8.56539715978577;3.59917769690391;1.67098241373413;-0.83;-10.34;1
536232;3.03131845996975;17.6371132049838;7.39829526815698;10.1180989066497;-11.58;19.04;1
536236;19.6122357054915;9.28728262687671;3.90290898011991;10.2473229489927;5.96;11.91;1
536689;27.692381689489;1.3636422503094;62.3907787962891;0.583377549314883;22.21;-10.8;1
536716;1.99840991422846;8.03875732945057;3.80776416775133;0.769595206574948;14.49;8.92;1
536744;2.05448760187154;9.82082415516146;43.3406627769611;0.837364494027056;14.48;-1.69;1
536748;18.8262863226471;8.60880172727308;38.1132957032001;2.52451504441287;-13.08;-5.13;1
536752;2.11075254376821;9.75564820904576;4.42710671929876;2.46170375813647;-15.15;-2.28;1
537180;2.02581344201352;8.32642864813322;3.90644086296946;0.61684644069245;16.27;8.84;1
537200;20.3075402999651;8.61346047280001;39.9708531315054;0.54210326197914;16.09;-8.33;1
537225;21.2982426905223;9.98692615466472;4.31695727905163;0.712639435977063;17.25;-4.89;1
537229;21.5872076363856;9.78326679634869;4.1700841377196;0.65345423762907;15.22;-10.65;1
537234;19.218142785085;92.096479552412;39.4052939288292;0.835163427834743;8.93;13.75;1
537694;1.76476877014177;10.5430044169437;4.19614502422498;0.660671763898797;14.75;6.35;1
537708;21.0971436489255;12.7029545681055;49.499593835671;0.690200434988382;18.81;2.57;1
537741;2.14675445055271;9.39325979606711;39.5948644119491;15.4156085303337;-6.65;-17.83;1
537745;19.758965526039;9.58870091258807;37.8988040904767;0.865771129679637;0.55;17.29;1
538200;1.7658866685907;7.62821869100998;37.2770011138077;2.47968713757451;-14.64;-5.32;1
538219;17.5292865365078;8.44723345330581;37.6014610382136;0.831002729088534;10.89;9.94;1
538257;18.7290813641898;807.501265518426;416.719601936692;27.1886169177713;-17.38;4.4;1
538690;27.499004858229;2.03164531240134;7.37603515146856;10.1878604513727;-8.87;-16.19;1
538710;20.1393073532539;12.8208025347999;44.2012683828145;16.2266355460861;-7.1;-5.49;1
538736;2.81272858581953;16.4061957539306;6.80799149220967;22.77584847277;-16.51;-2.26;1
539189;17.9449390472663;14.2219080292756;4.64647752566319;13.009028350303;11.56;-8.62;1
539203;1.76244716981351;15.8373935268186;6.00175469057869;1.69395468579456;10.76;6.06;1
539225;18.9241025262317;14.5395197721892;5.97670959883365;12.0169547644336;11.15;1.16;1
539231;17.8936175515163;11.3387545727994;4.35482886906286;1.12375918689635;10.69;2.14;1
539703;2.5382852768584;210.403025002264;736.310787710247;16.247744897201;-18.35;15.28;1
539748;1.81134354354866;12.9613289665963;4.03255684294644;0.745620701543337;2.43;-16.71;1
539788;19.4541631689857;129.708063157779;4.30708774366659;2.51277444249724;-16.53;-1.23;1
539792;18.5748332335957;13.3655335119728;511.920966211304;1.69084836460445;-0.36;-15.56;1
540188;17.3536916308532;119.067467611224;4.05697721646175;19.1948166204969;-3.47;14.25;1
540217;1.79322815583292;11.1437651234129;4.01587311090595;0.702624461488747;16.23;0.11;1
540220;17.5826734710099;1.08794161715899;4.02666856394885;0.86518568851577;2.92;15.64;1
540244;19.5625051262874;11.4124835679993;43.7036886490769;0.615286791461206;16.09;-7.93;1
540862;2.96605216754896;1.71087858849333;7.00214899022937;0.641673685381272;17.75;23.53;1
540876;2.38810955856618;9.79100027834507;420.353150862902;0.107069578883572;-8.06;-22.45;1
541044;2.98578865316748;1.31228648277414;5.51803412964595;0.642233176263682;2.5;29.55;1
541048;30.7897237659682;13.5627194913738;5.76670377026103;0.141401527254256;-7.13;-29.82;1
541225;20.9829618987401;6.87845123663092;33.6276197902158;0.673405935288364;6.47;19.84;1
541308;31.4157005771601;13.1733478253124;6.21369493337332;0.21153702050518;15.5;-27.23;1
541339;20.2561374091576;888.830889012037;3.99634304616389;0.254338439522493;7.03;-18.85;1
541681;2.99540162749024;13.3237547431821;5.61422081159978;0.317994164877818;23.42;-18.55;1
541739;32.8364249895777;14.5135515112469;6.32627546674659;0.423998713656721;32.5;3.56;1
541743;29.3852198911751;12.4575443288013;5.33775668838429;0.559459895727183;-2.53;29.18;1
541790;3.24747685238426;12.6626023974493;5.25088466902836;0.24485005587725;20.19;-25.27;1
542193;3.05439498570757;13.0206417867332;56.4631793812179;0.330066696198999;21.68;-21.19;1
542244;3.16354263405799;11.6344461326679;51.6392722895405;10.0864366264808;-29.85;8.77;1
542292;3.49254672414154;13.1673323211374;6.01912468009372;2.46152984782206;-34.47;-3.97;1
542696;22.1646420232498;1.41917472590154;5.73593664962584;21.870347068265;-20.86;1.24;1
542757;1.78929731781661;11.0247354080733;3.83621472174593;0.905305551072183;15.53;5.86;1
542863;3.1492815841039;1.88733216879161;6.85787821041007;0.112346882032267;-26.75;-16.32;1
542867;20.5745547295825;996.826804264212;3.76476893443259;0.228532469648083;5.53;-19.63;1
542888;1.82725874998525;963.712207385209;32.2345948324895;0.841314934309895;0.68;17.86;1
543276;18.6812216396362;7.31146268796303;4.116080638372;22.7849025403247;-14.32;-4.71;1
543418;30.4629137051157;11.7963932381957;57.3744746670938;0.500422450248606;28.14;5.69;1
543477;2.03534423343239;9.23842928856445;42.2973261939414;13.0349527959366;1.25;-16.37;1
543744;27.5032158058792;15.3268213045289;69.353353445681;0.90570091007127;-15.2;21.16;1
543784;18.5324744202424;8.34705046720966;3.70060371521642;0.524577902119947;17.96;2.06;1
543789;20.8627032914263;9.2762205476708;43.1395326632787;0.936886669921918;-16.18;12.4;1
543926;2.38130713234726;10.484379211349;50.7960555802086;0.309692073963328;15.8;-17.19;1
544193;2.06035771663975;6.25661508611371;3.42789395453859;0.614506132592713;4.01;20.1;1
544217;20.5143481038045;7.38843303463477;3.62850830769092;0.111601419391389;-19.72;-5.45;1
544267;19.714391817727;5.94943182595926;32.0984928440632;0.452475953829726;19.6;-0.64;1
544695;40.1240935755784;8.27416245598143;5.33366415403282;0.254307108414424;15.45;-36.75;1
544709;3.30874782570797;20.3421335180116;6.23501306929781;0.118784358777259;-22.17;-24.22;1
544744;35.4678157293535;13.5624687695551;60.9885942463388;0.924553365975542;-29.36;19.45;1
544748;31.4190624520203;19.4637065647019;6.52498343798717;0.134040857856429;-10.17;-29.55;1
545215;34.2986201280901;12.8880514992307;5.77299945198537;0.955855185151693;-31.45;13.06;1
545244;331.781976018091;1.20743574553813;5.59906846722151;0.0845364921671433;-21.48;-25.13;1
545316;3.39683168842802;2.11984767665881;6.43377324723675;0.496213942515728;27.53;19.5;1
545320;32.0981637898353;11.8653066689937;5.01686136720324;0.181873268578006;-2.75;-31.7;1
545695;2.19798507522776;8.19302416715126;3.49135976408807;0.120268628923892;-6.75;-20.81;1
545710;35.1910652062001;2.21488475691732;7.04614169832215;0.381509540132032;31.71;-14.38;1
545737;37.1308401640165;13.5824669595908;6.02105735570261;0.153340797362623;-25.87;-25.94;1
545741;36.6309322411622;13.890558008611;58.7802721574973;0.183195346860614;-6.73;-35.61;1
545745;2.17232064112632;8.13806668093581;3.72230669010458;0.274696702691259;8.36;-19.61;1
546187;3.24820033681717;12.2599702511359;6.39041762581072;2.67830412284753;-31.91;3.02;1
546201;19.2604113724923;7.86817791651041;3.75887009519035;0.423596965115806;17.98;-5.9;1
546222;3.23504843264472;13.1119551463831;6.66138421076973;0.849136199108467;-29.55;11.94;1
546228;22.4330728417708;5.69752948238975;35.1047476877118;0.150507713571003;-19.04;-11.23;1
546692;2.92296478658345;17.8761050583202;5.45612122990348;0.278423905023783;15.77;-24.33;1
546718;3.41288522736219;11.7964552240305;5.30979615544777;0.176572025604217;11.37;-31.94;1
546749;3.43776568489698;1.16523878562477;52.6331756384645;0.146065929159334;-7.82;-33.15;1
546754;3.3138786562159;11.3700018866526;52.3002844243984;0.444841085803145;18.84;26.87;1
547182;33.7187108649964;13.6640841845982;6.78033867189392;0.148890847729472;-16.03;-29.31;1
547209;23.6572790721659;6.36263125454079;38.6378611661691;0.725104384816144;-9.71;21.39;1
547213;325.592558200979;13.8347273157392;6.57960118229212;0.124692454732779;-11.46;-30.31;1
547264;23.0304419080215;7.79418635130069;3.80922533587083;0.176086034165316;4.22;-22.58;1
547709;2.09803331555821;8.68027218562881;42.553215312293;0.195938229444563;-7.22;-19.24;1
547787;2.23497947471902;860.893026827307;379.493821702449;0.187845363851066;-18.44;-11.83;1
547874;20.3317561881369;754.296408131087;3.67104655733853;0.449672824972656;19.73;3.8;1
548191;19.2316449821898;7.64381476370971;35.1297993520044;0.424933528152904;18.44;4.99;1
548205;17.250160599225;11.1892658564331;3.88107465233045;0.509709720986409;3.95;16.63;1
548207;18.9392892074456;7.6243088762904;3.58723660720606;0.659699080924732;0.69;18.77;1
548257;200.013274898302;790.506450941523;3.54909960996714;0.985448285055835;-19.62;3.44;1
548262;33.030808593202;2.09182689009078;7.01311341954953;0.100337901510872;-22.29;-24.21;1
548686;30.0412636019802;12.8717769929806;6.0097291099247;20.0696103478888;-28.36;5.94;1
548712;21.2312686718217;6.12803095248467;3.45516751104744;0.67351903499316;2.17;20.37;1
548716;20.8002330282548;6.26568448006502;342.027862649914;0.821072039874337;-5.06;19.35;1
548745;26.0388894292903;11.8474166283825;5.58814860253199;0.39775879679963;18.85;-16.57;1
548749;2.89478866415643;12.8613986714669;60.1687288716946;20.2535691431058;-26.85;6.87;1
549179;21.5874831422023;10.2599647069439;44.5396197130705;0.267378526856118;2.55;-20.98;1
549207;19.7740633842613;1.09231677834155;44.530042930007;0.353899948663298;-14.47;-12.19;1
549305;18.3106574436846;13.0236520691232;45.8835915635667;11.2131221582825;-13.73;10.64;1
549740;34.7596239824327;13.5216988074086;5.67789131743456;0.723275299754894;-30.27;14.38;1
549760;27.3091741592888;1.02099024406;4.87540827896456;0.152379481534062;-25.53;-9.08;1
549820;31.6106482420278;13.0301452025182;6.09916932290536;0.288604816432391;29.85;-9.89;1
550195;3.1458671996872;12.0938037371971;57.510386614098;0.864212343835344;-19.65;24.35;1
550224;3.52587255481909;13.6929120779445;63.8476225149138;0.131986065991664;-21.85;-27.3;1
550285;17.6776334320974;8.15444062668748;3.84962438367525;0.663496018798611;0.99;-14.03;1
550685;18.5778175457836;7.14769695576587;32.1356927622724;0.525215439842858;17.42;5.97;1
550708;33.2057841240459;1.18142898788553;51.5395185572435;0.659939444407205;-23.15;23.44;1
550756;31.1365859336947;11.0233529798315;4.97818700193051;0.20990442797931;8.02;-29.77;1
550760;2.06252581558405;7.22409571921801;3.28453423238048;0.167159161941761;-4.92;-19.79;1
551196;37.8432230372023;2.34611189087967;7.70682277551671;0.0627851299746151;-21.38;-31.15;1
551260;2.12326673167275;8.27584356927826;3.73955327394201;0.36139193192459;17.96;-10.76;1
551301;3.57430659335432;13.6760162985104;5.99915392490345;0.558148261454732;30.52;17.94;1
551684;35.8015117260454;13.3884191909846;6.37244323914089;0.337579819201482;33.7;-11.76;1
551709;3.30731374040838;1.98536837624068;61.3596037056812;0.111659352008768;-13.42;-30.14;1
551841;30.6136454630208;12.9213188128117;5.86014676405587;0.658296679477575;14.74;26.5;1
551873;29.1149685389661;1.366180644778;6.26301887102339;0.432009782596813;27.07;10.23;1
552192;18.2341796196453;9.53307965964306;426.194747523001;0.399842555466977;17.18;-5.42;1
552234;1.85335615985212;10.7011769656786;466.079649817772;26.4016687741594;-18.05;2.47;1
552280;1.98350645015036;8.93216135353897;3.91152174334432;19.1063571244037;-19.36;-2.79;1
552690;3.30414732498997;14.10639907237;716.056478822003;0.493654816484677;26.7;16.78;1
552709;19.7908077096789;4.75858785821448;3.33367459596096;0.368911574434242;19.06;-2.44;1
552764;4.32406149692279;1.14987712622923;6.44095154136384;0.188460305887594;-27.91;-32.02;1
553219;3.25783542723421;1.29221750532064;6.5213938297757;0.297310929920365;-16.36;-26.5;1
553264;3.14181800693836;12.5982805036154;5.77638694702501;0.309933876658522;-12.21;-27.45;1
553300;31.7876370637127;13.2310856475167;6.21161630323372;0.702253596609663;20.46;21.31;1
553304;20.1359934724769;49.9543198049763;3.33674287874156;0.610644244005694;17.31;6.06;1
553708;2.70967271398677;10.6731147869554;5.11666714451967;0.2532863525893;2.28;-26.49;1
553722;34.7973875687583;13.2085729706682;601.358097314065;0.183409206920135;-0.35;-34.42;1
553744;30.647301806328;11.8400443178914;5.12537102464177;0.133391335146884;-12.77;-27.61;1
553758;3.46576586258351;14.5437991316758;622.473528427898;0.325343604961057;25.72;-22.86;1
554194;2.03990793033512;7.55650364925715;3.54161244915945;0.560102985787441;-4.53;19.79;1
554243;3.19309073999901;1.33484532442488;6.2330002106666;0.0996975605768453;-8.56;-30.68;1
554270;2.26711149072281;9.3256307992204;4.40223269940647;29.4236794596899;-22.61;0.22;1
554274;2.43302843123544;5.4277160986562;36.3466256805064;0.115582224807345;-22.11;-9.88;1
554687;31.3704745482203;11.9753770281621;5.9972635571308;0.134318824789062;3.58;-31.07;1
554706;2.93634563539242;11.9832644764304;57.0181768791077;0.745859142588209;-2.14;29.1;1
554709;29.2656289991808;11.6349050569763;5.54600730261783;0.394096387996554;28.9;-3.06;1
554744;29.8054574645136;12.7148871689479;6.09762896356663;0.467163426268292;18.04;23.38;1
554748;204.057079656055;5.95373256481865;33.0082053466102;0.199394116209737;1.76;-20.18;1
555198;202.554390680074;7.88623631663896;400.005642648004;2.27229173109236;-20.09;1.42;1
555217;19.8080962830533;8.67868759954456;4.02242738153955;0.618579879766598;1.95;19.57;1
555220;31.7484408253234;13.9051459801565;627.958688124436;1.82381106080123;-30.96;6.15;1
555270;28.9183199257666;15.1777576779565;6.5412164584997;0.850495913096819;-13.32;25.24;1
555701;19.2174878095889;937.865990868584;38.5301075172697;0.856330107912363;-9.1;16.55;1
555724;1.77107566218994;1.15227203867731;44.2595650418398;0.598414330139427;7.73;15.49;1
555770;1.62721091865836;9.46339190217781;3.29991603437097;0.690833826572806;2.06;15.94;1
556193;17.9227096787177;12.1032084182026;4.44200983960846;19.8647078389726;-13.96;-3.61;1
556216;1.71954883255318;11.7631103743267;4.42262456268966;15.8140891457931;1.89;9.59;1
556242;17.8167263073542;9.96162558847425;40.8638835859121;2.09829381492481;-10.07;-3.76;1
556246;1.55961784482327;8.09728048986013;362.746568778805;20.8510834729777;-2.35;-9.73;1
556683;1.74250803690305;14.0706369863247;4.90927876595035;0.802048583134876;-13.03;-8.73;1
556692;20.665549043605;15.5457224037357;4.81203754675837;17.8342330652102;-18.88;1.16;1
556729;20.8953425141466;1.33046788376937;4.52252662169411;12.4870435961778;0.37;-19.7;1
557194;193.445903827279;13.430231465711;54.236960649062;0.701859170281237;16.95;-3.15;1
557205;2.15327706761973;11.8357181290777;4.49685871902982;2.23533957929761;-16.08;-12;1
557226;17.0728248805914;9.22462101974665;3.62777051134421;0.450444769873277;1.24;-16.08;1
557238;24.30165255432;20.9448053259729;7.63887439660392;0.487112630489584;17.67;-14.77;1
557693;19.9050418683059;10.8476841281706;4.17618260051519;0.901515133526455;-15.18;10.86;1
557722;2.25962994937493;8.73921327155907;405.695243013299;0.917533578755552;-17.5;-13.59;1
557727;29.3674512159759;1.60970666069987;7.08919026207173;0.569481968132116;26.74;9.55;1
557754;29.2088826220253;14.2623407223984;6.26561437832948;0.383728559276522;25.24;-12.94;1
558200;28.9283579945744;18.480063252937;658.036901365309;18.5751311917962;-16.91;20.16;1
558272;2.07996507550158;7.54225549160648;3.3359822948034;0.290425361152318;-5.19;-19.39;1
558312;1.93397498225808;76.6863030963648;380.038271209336;0.48259900685191;14.52;-10.15;1
558692;30.6695878485856;15.2624373154996;6.50678753483031;26.1606726140823;-27.75;8.55;1
558708;29.4870436802568;13.0611645385081;59.4328945474443;0.25923669553779;-13.44;-25.27;1
558739;24.9176236746904;591.722615372185;3.38705601768829;0.736860690062243;-5.8;23.6;1
559184;21.6267455054643;7.65400535472216;3.50371174828;277.228601718971;-19.14;3.43;1
559196;2.19657005834672;8.26028840157711;3.62284838436163;0.579882451487615;-2.72;-18.39;1
559239;19.7142785861512;10.4413109064841;4.12143623852252;1.05731642369716;9.61;-5.96;1
559708;19.4749572101221;13.5095724732196;4.48945047672929;0.265660448938155;-15.28;-11.94;1
559718;1.81052024434312;13.1774903759659;4.30414793973373;0.698552823868386;16.2;7.39;1
559729;17.6072488114971;12.8026604243638;43.3298072047549;12.8102478506732;-4.21;16.56;1
559772;15.9180393638759;1.30833563776166;4.92957490637356;0.656028082330723;0.23;-15.65;1
560184;22.1268440408881;13.9164987726456;5.24398321887413;0.295561273061366;9.71;-19.65;1
560214;1.90860651343371;14.5697265840022;50.2110067150927;0.518480073507485;13.03;-13.37;1
560272;16.2056485677067;1.26779762225442;4.30969787105706;21.5019047961573;-9.35;10.78;1
560692;18.2749419017402;10.8870443888398;4.08282339538483;0.354091739433196;4.4;-17.28;1
560705;1.98964892946771;1.0768383072134;4.11940283725395;0.753391489312784;-6.02;18.45;1
560770;15.5175919439799;10.0958959096052;369.762243955703;11.1498668635834;6.62;-10.36;1
561182;26.2767764078429;11.3498271046957;5.62714597532265;0.331797988954452;-7.85;-23.64;1
561199;2.03887446281704;6.50510870279507;3.59811417940731;0.671732014396893;3.28;18.02;1
561292;17.567634443383;11.9533173189131;44.9724896064902;13.7537781976577;-11.44;3.52;1
561697;21.2471225662558;7.07252526507227;3.60800317261217;2.68368794238254;-19.02;0.91;1
561709;2.96568998864286;148.231250572671;6.67116434108248;0.944810864711855;-7.25;24.08;1
561730;20.0148994806888;7.13352984464715;3.47331956875784;24.1175834766607;-15.95;7.3;1
561742;2.56759293804482;12.9914023520641;5.83842919796777;0.764554293594174;9.03;20.15;1
562210;1.90360175921543;8.31237843719747;369.306797632312;0.636666814676063;16.22;7.57;1
562232;2.15070272828088;8.23801744871536;37.5206514768002;0.31664060748436;-3.06;-20.14;1
562237;21.575516382224;8.24804248131687;3.91790852070784;0.278497277506237;-16.57;-12.3;1
562241;28.7572013139157;14.8234461552295;6.60277255947382;0.819474803057233;-17.37;20.84;1
562262;19.3579177453244;7.33024663095537;34.1591272922153;0.830018590266292;-3.09;18.07;1
562286;2.09100813956164;68.416864924774;3.58332921964763;28.5957756829976;-20.1;-1.94;1
562303;24.1197510832504;7.73162041827476;3.84251162346275;0.79580494858569;-1.83;23.51;1
562318;19.3212911094291;912.498428621281;4.20753110866349;0.497900307245189;18.64;3.85;1
562329;20.2711652178152;6.02558425143284;3.30273671779211;0.426524438748383;19.97;1.15;1
562334;3.12407990007461;13.8458965850628;6.73765228614844;0.978123993239118;-28.67;11.45;1
562339;3.14212548617539;14.5253319906399;6.78549751610269;0.594149230199651;24.15;19.47;1
562382;32.3613603580915;14.4675469141605;6.52192674893252;0.664363202223178;13.35;29.28;1
562403;3.30418908585908;1.43653049014069;6.52434647497726;0.986016899264926;-28.25;16.57;1
562587;2.87419020977176;1.24637011533361;63.5430929453276;0.773149376898311;-16.71;22.14;1
562605;33.7130284931653;14.2793295400156;6.88091114442661;0.789984136513055;-29.96;12.72;1
562898;20.6429520327821;104.016551201787;4.29182481354466;10.454982217016;7.63;10.81;1
562921;1.99032162936748;9.79139395123565;39.6367352172064;0.985116372690101;2.05;-10.29;1
562948;19.4629382935594;9.93721593436057;4.01836605185336;10.394073871508;8.69;-4.77;1
562957;2.03225740997529;10.118147014873;39.3629369339666;220.452227253191;-10.27;2.23;1
563320;22.3826438692738;10.1731896736837;4.36905533018729;0.870841581379029;14.38;-4.96;1
563335;23.1730311626715;10.0524771542989;42.5573830903032;0.841496055643534;-2.63;-14.77;1
563362;30.822231236893;1.71713118212769;7.39562364175464;10.4734594528594;-4.06;20.44;1
563826;19.3531274373301;9.11185733799066;3.94273505182429;23.1274138066731;-12.72;-0.97;1
563841;19.7215991127179;9.00021820254986;397.161910447219;20.9424113434739;-11.14;8.5;1
563845;25.7396817046791;14.7262564035657;6.30699616164171;0.930993032934669;12.56;9.55;1
563869;21.9999124206148;10.4296634174923;43.4594803840061;19.7898165976471;-2.34;-11.85;1
564332;19.7499702985826;9.32214770943566;3.71581953797701;23.6451574332397;-12.37;3.25;1
564354;2.98100114281006;17.6478954467025;7.2152907194945;10.4065548900976;-7.74;17.87;1
564359;27.8303174388603;16.399742179015;6.7606954451347;1.04309997569497;-4.19;18.06;1
564389;20.0887540370973;9.41129142319394;383.062272085676;0.850675823809166;6.52;-11.61;1
