time_ms;amp_mean;amp_std;amp_max;phase_std;i_mean;q_mean;label
5678;33.13;14.80;64.20;2.657;-29.51;9.48;1
5697;31.46;14.72;65.12;0.428;20.73;20.21;1
5701;31.95;14.99;62.65;0.379;27.62;-11.64;1
5728;28.79;12.76;57.45;0.361;16.06;-21.88;1
5731;32.08;14.44;62.63;0.406;28.70;-8.15;1
5734;23.55;7.03;36.06;0.371;22.10;-1.14;1
5738;31.94;13.95;61.85;0.417;-16.01;24.82;1
10623;30.76;10.43;54.42;0.198;27.90;-11.48;1
10638;36.00;11.82;57.71;0.179;6.56;-34.82;1
10641;31.67;10.20;50.96;2.754;-30.78;-3.91;1
10682;30.67;10.31;48.85;0.230;26.75;-13.31;1
10686;33.98;11.66;54.20;0.202;18.12;27.93;1
14429;37.93;12.18;66.19;0.248;33.56;-15.18;1
14433;30.70;9.98;54.23;0.186;-11.88;27.74;1
14436;34.66;11.24;52.20;0.253;32.56;8.39;1
14454;31.23;10.34;49.16;0.212;0.82;30.54;1
14458;34.92;11.40;57.98;0.244;-26.70;20.95;1
14479;34.38;11.29;53.60;0.193;33.46;-4.26;1
14483;30.13;9.77;46.17;0.225;-8.71;28.03;1
14491;33.59;10.78;53.25;0.171;20.37;-26.06;1
14805;32.93;10.99;53.34;0.200;32.26;0.68;1
14835;35.12;11.45;53.24;0.207;-5.80;33.88;1
14839;31.12;10.09;46.00;0.203;-2.18;30.42;1
14866;34.24;10.94;53.54;0.224;-26.12;-20.79;1
14870;33.52;10.98;54.67;0.433;21.93;21.53;1
14874;32.98;10.79;52.20;0.184;18.17;26.85;1
15258;34.55;10.97;50.99;2.505;-32.66;-7.44;1
15279;32.99;10.78;49.40;0.228;16.51;27.57;1
15283;32.59;9.51;47.17;0.184;-29.15;13.32;1
15310;33.64;10.55;51.35;2.753;-32.80;3.15;1
15314;33.30;11.22;49.37;0.291;13.36;29.14;1
15757;34.14;10.55;49.52;0.180;-22.90;-24.57;1
15770;34.76;10.93;50.54;2.813;-33.54;-4.35;1
15775;34.46;10.68;50.48;0.313;15.90;-28.80;1
15794;30.62;9.89;47.17;0.195;-27.98;11.02;1
15805;33.54;10.70;50.60;0.170;-31.72;9.27;1
15809;34.11;10.83;49.68;0.171;-19.64;-27.29;1
16271;30.08;9.51;43.60;0.217;9.48;-27.78;1
16285;34.55;10.73;50.00;0.255;-10.21;-31.89;1
16288;34.37;10.96;49.16;2.609;-32.75;6.53;1
16320;32.62;10.67;49.98;0.232;30.52;-8.83;1
16323;33.00;10.87;50.57;0.250;29.64;-12.12;1
16326;32.17;10.60;50.29;0.279;29.65;9.07;1
16761;31.34;10.24;50.25;2.930;-30.40;-0.98;1
16783;31.04;10.09;47.41;0.279;-25.14;16.24;1
16787;30.96;9.95;47.51;0.172;-21.93;21.19;1
16810;35.32;11.23;54.12;0.195;29.60;-18.07;1
16813;31.19;10.05;47.30;0.187;28.87;-10.35;1
16941;31.04;10.13;52.24;0.349;28.93;-4.76;1
16951;31.07;10.33;47.68;0.191;30.02;-5.51;1
16955;34.92;11.47;54.08;0.308;-16.13;29.26;1
16988;34.69;11.62;57.01;0.199;30.63;14.77;1
17020;34.02;11.40;56.32;0.240;-5.94;32.57;1
17024;34.60;11.25;54.78;0.169;-30.48;15.29;1
17028;34.03;11.13;55.79;0.248;-10.82;31.24;1
17058;33.30;11.00;52.77;0.166;30.29;12.69;1
17062;34.31;11.10;57.57;0.165;14.76;-30.43;1
17093;30.70;9.96;48.75;0.189;28.44;-10.00;1
17097;34.38;11.13;53.37;0.228;-2.46;-33.44;1
17100;29.70;9.87;49.40;0.219;26.59;-11.59;1
17616;33.35;11.39;58.19;0.231;28.98;14.69;1
17629;30.36;10.17;47.85;0.204;3.48;29.55;1
17633;34.08;11.81;59.24;0.424;14.73;27.69;1
17856;30.38;10.07;46.69;0.186;-20.45;21.75;1
17860;35.16;11.50;57.07;0.228;-10.55;-32.64;1
17991;34.40;11.25;56.08;0.227;-0.72;-33.51;1
18039;35.55;11.61;56.57;2.327;-34.45;5.08;1
18059;35.09;11.43;59.62;0.173;11.45;-32.60;1
18063;35.20;12.06;58.69;1.935;-31.49;11.11;1
18085;31.54;10.13;52.55;0.226;-11.25;-28.64;1
18088;30.55;9.98;49.65;0.171;24.87;-16.97;1
18094;33.26;11.21;53.60;0.254;32.08;3.42;1
18529;34.47;11.06;65.79;0.196;13.83;-30.84;1
18571;34.00;10.84;52.77;0.203;17.99;-28.04;1
18593;34.33;11.16;53.81;0.209;26.09;-21.15;1
18597;35.51;11.55;54.92;0.209;-27.24;-21.62;1
19032;30.61;10.16;46.87;0.188;3.58;29.85;1
19042;30.96;9.96;46.57;0.263;29.12;7.15;1
19045;35.12;11.13;65.76;0.239;-26.91;21.00;1
19070;34.85;11.94;66.64;0.154;30.39;16.21;1
19527;33.01;11.24;53.34;0.199;4.02;-32.11;1
19560;34.06;11.74;54.56;0.185;26.72;20.18;1
19582;33.11;11.42;53.46;0.226;-2.47;32.22;1
19586;32.65;11.68;55.58;0.402;6.48;29.61;1
20027;34.70;12.58;58.41;0.214;-22.03;25.81;1
20039;33.45;12.19;57.20;0.228;-26.26;19.30;1
20062;32.30;12.48;56.85;0.271;24.37;19.49;1
20067;34.01;12.95;60.01;0.248;-6.13;32.46;1
20523;32.11;12.47;59.00;0.386;29.89;0.44;1
20533;33.61;12.53;58.52;0.334;10.53;-30.05;1
20554;32.38;12.84;57.58;0.313;9.60;29.32;1
20558;32.29;12.67;60.21;0.337;-7.41;29.66;1
20562;33.07;12.73;58.82;0.410;-16.90;-25.46;1
21030;32.62;12.41;60.17;1.182;-28.32;-12.40;1
21049;32.34;12.58;58.83;1.643;-26.66;15.05;1
21084;32.64;12.54;58.14;0.313;-19.96;-23.84;1
21540;31.12;11.50;54.92;0.326;23.43;-18.11;1
21563;31.63;11.61;52.43;0.285;17.85;24.64;1
21600;35.20;12.90;60.22;0.371;-22.68;-23.98;1
22040;32.91;13.29;63.15;2.802;-31.12;4.24;1
22058;33.04;13.39;60.90;0.298;-27.72;15.32;1
22079;32.16;13.48;62.29;0.440;0.69;29.42;1
22083;33.66;13.36;65.80;0.337;-27.24;-16.83;1
22521;33.17;14.20;63.29;2.608;-27.65;12.52;1
22544;33.29;14.25;62.65;2.543;-26.94;13.51;1
22548;33.55;14.44;67.98;0.481;-13.81;-26.72;1
22580;29.58;13.88;58.67;0.455;-12.85;23.71;1
22584;21.72;6.98;33.38;0.540;-4.63;18.37;1
23232;30.20;14.28;57.87;0.398;25.18;12.88;1
23245;34.57;15.75;66.48;2.088;-29.98;13.16;1
23269;21.73;6.76;32.56;0.322;3.12;20.54;1
23278;30.24;13.85;58.82;0.331;18.73;21.91;1
23537;34.12;15.54;68.10;0.302;-28.59;-16.04;1
23550;21.48;7.46;34.18;0.382;17.84;9.47;1
23554;21.45;7.13;34.01;0.357;-0.09;20.31;1
23584;29.23;13.90;58.18;0.344;-8.25;26.53;1
24104;32.61;15.74;75.66;0.398;-22.37;20.51;1
24118;33.57;15.21;65.19;0.415;-13.96;27.79;1
24151;29.86;14.75;61.52;0.387;-18.27;-21.22;1
24155;30.72;13.91;60.30;2.792;-28.66;-5.11;1
24598;32.89;15.79;66.04;2.096;-26.91;15.74;1
24610;21.41;7.36;34.01;0.363;20.02;2.76;1
24614;22.49;7.13;34.23;2.583;-21.03;-2.32;1
24642;23.65;11.52;49.04;0.896;-20.68;-8.22;1
25038;31.80;14.48;60.01;0.267;0.75;30.82;1
25048;32.28;14.54;59.62;0.240;29.44;-11.12;1
25078;31.35;14.79;61.06;0.289;18.47;23.97;1
25082;32.21;14.75;61.52;0.266;1.04;-31.23;1
25519;32.11;14.48;61.00;0.260;-6.31;-30.54;1
25533;32.51;14.57;60.21;0.270;-23.71;-20.70;1
25556;35.20;15.96;65.39;0.253;12.44;-31.89;1
25560;31.09;14.33;58.41;0.288;-16.62;25.00;1
26031;36.69;15.47;65.46;0.230;-23.01;-27.47;1
26060;32.12;13.76;61.13;0.209;-5.69;30.94;1
26064;36.51;15.18;66.57;0.234;-29.07;20.56;1
26084;32.61;13.22;60.83;0.309;-23.41;20.66;1
26088;32.05;13.23;58.25;0.267;11.38;28.85;1
26097;35.70;14.67;67.90;0.275;-26.07;-22.58;1
26572;32.49;13.72;57.57;0.183;8.66;30.82;1
26585;34.14;13.93;61.10;0.199;11.15;-31.62;1
26613;28.60;12.15;49.82;0.279;5.40;27.07;1
26617;32.77;13.49;58.05;0.231;20.96;-24.15;1
27032;30.48;13.71;58.18;0.269;24.06;-17.12;1
27049;31.49;13.47;58.14;2.843;-30.39;5.14;1
27071;30.50;13.17;56.29;0.228;28.89;7.26;1
27075;30.89;13.27;58.69;0.212;12.05;27.76;1
27532;33.60;14.89;61.85;0.268;-28.16;-16.36;1
27542;21.77;6.66;33.54;0.275;20.55;4.63;1
27562;30.06;12.98;57.43;2.735;-28.90;4.53;1
27568;29.61;13.30;55.54;0.210;13.59;-25.66;1
28026;35.02;13.91;61.62;0.209;-21.56;26.71;1
28044;35.45;13.79;62.36;2.154;-34.08;-7.27;1
28048;30.78;12.48;57.72;0.189;-6.12;29.64;1
28075;31.51;13.33;57.38;0.199;25.98;16.76;1
28521;34.25;15.77;62.63;0.202;23.25;-24.32;1
28529;22.22;7.20;32.56;0.224;21.65;-2.07;1
28585;21.15;9.86;39.85;0.255;7.06;-19.29;1
28589;20.15;9.85;39.96;0.201;16.01;11.67;1
29031;33.62;15.43;62.24;0.245;-11.95;30.51;1
29041;21.11;9.75;40.61;0.264;1.51;-20.41;1
29070;33.77;15.14;63.81;0.212;-24.91;-21.79;1
29074;33.79;15.30;67.20;0.268;-28.43;-16.25;1
29525;24.12;8.17;36.22;2.894;-23.21;-2.87;1
29549;32.49;15.78;63.25;0.256;29.79;-10.74;1
29612;33.35;15.45;61.74;0.268;12.72;-29.75;1
30024;23.85;8.80;36.72;0.320;-18.99;-12.79;1
30041;33.85;17.79;70.33;0.365;20.16;24.99;1
30043;20.88;7.72;33.24;2.835;-19.72;-0.89;1
30062;29.37;16.60;63.35;0.349;27.82;4.10;1
30066;31.71;15.73;65.00;2.669;-29.03;8.35;1
30519;22.54;7.96;35.51;0.330;-2.52;21.41;1
30538;22.76;10.84;44.28;0.316;-10.09;-19.34;1
30541;22.42;8.24;35.01;0.314;21.53;-1.14;1
30576;30.86;15.52;64.40;0.374;25.54;13.99;1
31027;32.42;15.41;62.13;0.295;5.23;30.82;1
31045;36.36;17.25;70.21;0.260;20.45;-28.80;1
31069;21.16;7.11;32.14;0.403;-2.77;19.57;1
31074;21.80;11.04;45.18;0.321;18.48;9.79;1
31525;31.99;14.03;62.20;0.265;-24.00;19.61;1
31540;24.21;6.94;35.90;0.871;-21.69;-8.37;1
31575;34.98;15.89;66.31;2.518;-30.89;12.99;1
31578;22.23;7.16;32.89;0.348;18.06;10.88;1
32038;34.97;16.42;65.95;0.281;21.31;-26.29;1
32052;32.17;14.68;61.27;0.313;-26.27;-16.13;1
32088;31.67;14.54;58.69;0.280;-24.14;18.83;1
32581;20.76;8.59;32.02;0.247;20.17;2.56;1
32600;20.14;10.38;39.36;0.423;16.57;-8.72;1
32621;31.99;16.35;60.75;0.294;29.62;-8.88;1
32626;31.91;16.34;62.97;0.271;12.20;28.58;1
33024;32.38;15.41;58.69;0.134;-11.11;30.16;1
33046;31.21;15.75;59.82;0.206;18.44;24.53;1
33066;30.46;15.60;57.94;0.217;14.83;-26.00;1
33070;33.10;17.40;66.22;0.226;9.62;31.07;1
33531;24.37;6.94;38.08;0.480;-7.08;-20.62;1
33542;32.86;14.00;63.81;0.428;24.13;17.95;1
33576;33.41;13.46;64.35;0.390;16.02;26.58;1
34021;34.89;12.97;60.54;0.251;-19.93;-27.36;1
34035;31.32;11.46;55.07;0.261;-25.58;-16.29;1
34055;22.30;4.56;33.38;0.205;21.85;0.69;1
34058;33.92;13.24;60.93;0.270;30.10;12.99;1
34527;34.23;14.26;63.01;0.354;-9.97;-30.80;1
34542;32.63;12.78;58.41;0.294;23.07;21.21;1
34564;33.72;13.10;58.80;0.255;19.74;-26.11;1
34569;30.78;11.84;55.03;0.257;-12.86;-26.91;1
35025;32.51;12.40;57.14;0.264;-0.06;-31.45;1
35037;32.11;12.33;56.29;0.290;30.25;6.00;1
35040;32.74;12.63;55.79;0.354;30.65;-2.65;1
35061;32.42;12.20;55.87;0.365;-20.14;22.86;1
35065;31.64;12.11;56.40;0.327;21.18;21.41;1
35518;33.25;12.96;57.80;0.211;-24.02;21.96;1
35538;31.65;13.23;57.45;0.281;19.44;23.53;1
35541;31.59;13.40;58.31;0.280;9.66;28.90;1
35567;22.50;6.50;33.54;0.295;-1.17;21.56;1
35571;31.40;13.98;61.55;0.264;-20.13;22.82;1
36031;33.12;13.48;56.59;0.168;25.82;20.03;1
36046;32.66;13.08;57.38;0.224;15.62;-27.84;1
36098;35.15;14.11;62.00;2.272;-30.94;8.43;1
36525;35.22;12.38;59.14;0.167;-32.68;-11.75;1
36544;33.51;12.20;53.00;0.181;27.54;18.16;1
36547;33.74;12.10;54.04;0.186;1.44;33.16;1
36592;31.57;11.38;52.48;0.211;-14.62;27.24;1
36596;36.03;12.49;57.97;0.173;-33.63;-11.41;1
37029;22.88;5.68;34.48;0.254;-10.30;19.69;1
37063;22.80;6.10;35.47;2.178;-20.49;6.76;1
37067;33.91;14.74;64.63;0.314;-3.77;32.25;1
37091;34.54;14.32;61.40;0.238;18.18;-28.35;1
37096;34.81;14.16;61.85;0.288;-22.57;-24.82;1
37522;30.34;12.49;53.24;0.296;0.79;29.14;1
37534;31.38;12.72;54.59;0.240;3.20;30.39;1
37537;31.88;12.66;56.32;2.816;-30.61;3.16;1
37568;32.71;12.39;55.32;0.219;-22.79;-22.45;1
37572;36.24;13.82;63.89;0.283;-10.37;-33.36;1
38031;32.78;11.99;53.26;0.207;26.12;18.67;1
38044;20.52;7.65;35.13;0.275;19.71;-1.67;1
38063;33.27;12.04;60.64;0.849;-30.63;11.47;1
38066;32.26;11.98;55.66;0.198;30.25;9.36;1
38536;32.40;12.65;55.71;0.196;10.27;-30.11;1
38552;31.48;12.07;54.01;0.243;30.47;-2.98;1
38575;32.53;12.09;53.85;0.200;-6.45;-31.24;1
38580;35.16;13.36;62.20;0.214;-26.77;-21.58;1
39016;32.94;12.12;55.44;0.223;31.35;-7.23;1
39032;33.40;12.03;56.61;0.223;25.21;20.69;1
39065;34.23;12.34;56.36;0.266;-11.38;31.10;1
39068;35.13;12.24;57.31;0.211;-26.28;-22.15;1
39526;22.02;5.94;39.29;0.353;18.94;8.38;1
39544;36.26;13.29;60.90;0.241;-18.45;-30.07;1
39568;35.10;13.16;58.41;0.192;27.64;20.62;1
40024;34.78;12.02;56.92;0.243;-14.11;-30.72;1
40036;32.95;12.00;59.08;0.216;26.46;18.40;1
40056;30.22;10.79;48.84;0.233;-20.76;20.91;1
40071;22.26;3.40;32.39;0.212;-5.95;20.95;1
40517;33.26;12.19;59.62;0.216;30.47;11.24;1
40541;34.63;11.98;55.17;0.189;-20.80;-26.94;1
40567;35.06;12.16;57.58;0.233;-14.90;-30.76;1
40569;33.52;11.98;55.04;0.173;32.85;3.58;1
41031;32.88;11.94;56.04;0.233;-16.10;27.72;1
41049;33.33;12.13;58.18;0.213;28.77;-15.34;1
41079;32.76;11.89;54.08;0.188;31.08;8.42;1
41085;34.04;11.99;57.07;2.399;-32.94;6.32;1
41529;31.63;11.38;52.63;0.206;21.87;21.94;1
41542;32.56;11.52;54.13;0.247;28.17;-14.32;1
41561;32.98;11.25;58.59;0.298;12.14;-29.19;1
41565;32.26;11.31;54.01;0.217;1.32;31.49;1
41570;32.03;11.04;54.38;0.355;24.83;-17.16;1
42026;32.96;11.30;51.87;0.191;-30.75;-10.05;1
42044;31.29;10.82;56.86;0.247;16.01;25.79;1
42078;32.54;11.54;63.60;0.196;-23.81;21.24;1
42528;34.08;12.78;59.93;1.152;-30.48;13.45;1
42542;35.68;13.41;63.32;0.239;-8.29;33.63;1
42546;34.53;12.94;63.07;0.416;20.94;24.03;1
42570;34.99;13.25;71.45;0.238;21.51;-26.26;1
42573;34.46;12.75;63.13;0.309;-23.58;22.90;1
43028;28.85;13.29;56.80;0.190;-26.50;-10.32;1
43044;29.26;12.45;58.46;0.469;27.50;-7.13;1
43086;27.58;11.95;48.55;0.648;23.93;11.63;1
43098;33.01;14.67;62.01;0.790;3.08;32.00;1
43518;33.86;14.01;57.94;0.229;-9.67;-31.71;1
43541;30.18;12.36;50.61;1.005;-26.50;12.96;1
43573;29.10;12.12;49.82;0.772;3.81;28.04;1
43577;29.38;12.84;49.66;0.357;12.20;-26.02;1
44020;30.04;12.28;50.16;0.275;0.41;-29.29;1
44032;29.95;12.09;50.80;0.226;-23.21;-17.72;1
44071;29.85;12.14;51.42;0.989;-25.14;14.44;1
44531;31.43;13.90;54.63;0.953;-12.00;28.36;1
44550;29.59;12.55;51.42;0.230;-10.20;-27.08;1
44583;29.54;12.08;50.92;0.219;-10.07;-27.13;1
44587;30.78;13.31;55.57;0.711;20.80;21.53;1
44590;32.36;13.56;55.79;0.258;5.45;-31.27;1
45024;31.29;13.54;56.30;0.454;28.79;-10.21;1
45045;31.31;13.57;56.36;0.598;27.26;13.26;1
45081;32.18;13.46;56.22;0.388;23.92;-20.31;1
45088;31.18;13.77;57.58;0.849;2.62;30.18;1
45554;31.31;14.20;56.89;0.857;-7.11;29.48;1
45565;30.70;14.85;58.01;0.501;29.25;-5.17;1
45591;32.42;15.25;59.67;2.777;-30.87;6.71;1
45594;32.60;14.94;60.46;1.118;-25.49;18.50;1
46024;31.42;15.12;61.29;0.270;-16.80;-25.36;1
46040;31.08;14.90;57.98;0.354;14.17;-26.61;1
46069;30.81;14.81;57.71;0.961;-12.48;27.34;1
46072;30.70;14.68;58.46;0.552;29.27;6.10;1
46523;35.33;16.82;64.66;0.239;-21.53;-26.86;1
46542;29.79;15.01;57.01;0.959;0.07;28.79;1
46579;30.69;14.87;57.01;0.292;-1.38;-29.80;1
46583;30.92;14.89;58.52;0.283;-9.17;-28.51;1
47036;32.85;12.99;54.04;0.161;-25.61;-19.87;1
47053;31.75;13.68;53.49;0.467;28.20;-13.56;1
47075;32.13;13.29;54.12;0.316;14.06;-28.33;1
47077;31.39;12.73;53.94;0.465;30.56;-3.81;1
47081;28.27;11.16;47.51;0.378;20.82;-18.11;1
47529;29.80;12.10;49.16;0.278;-0.95;-29.09;1
47547;32.67;13.11;55.23;0.892;-17.57;26.79;1
47550;32.95;13.13;53.16;1.020;-30.35;10.91;1
47571;32.93;13.44;53.76;2.790;-31.86;4.81;1
47577;32.36;13.12;58.31;0.301;12.24;-29.23;1
48018;32.51;13.61;55.90;1.117;-29.38;11.95;1
48047;32.96;13.47;55.04;0.823;-7.95;31.51;1
48051;30.57;12.33;49.52;0.218;-16.75;-24.75;1
48078;28.03;11.75;49.41;0.984;-14.89;22.93;1
48528;34.07;14.34;60.21;0.212;-5.24;-33.16;1
48541;30.56;13.28;54.08;0.199;-18.31;-23.92;1
48571;28.85;12.70;50.70;0.558;28.12;1.87;1
48574;32.38;14.34;61.85;0.534;30.81;-7.24;1
49034;31.31;14.11;55.80;0.212;-24.07;-18.94;1
49047;31.91;13.73;60.44;0.854;-9.74;29.60;1
49050;31.19;13.47;58.46;0.591;28.42;10.00;1
49091;28.43;12.30;50.00;0.605;23.19;15.37;1
49548;30.73;13.46;54.34;0.781;11.93;27.49;1
49559;33.23;13.72;57.14;2.805;-32.44;3.91;1
49586;31.84;13.63;55.11;0.773;3.48;30.86;1
49589;31.16;13.18;55.90;0.483;29.40;-6.60;1
50024;32.02;13.71;54.71;0.924;-9.53;29.95;1
50070;33.03;14.76;58.90;0.758;-21.27;-24.61;1
50094;31.18;13.03;54.23;0.816;-1.73;29.94;1
50097;33.21;13.79;57.07;1.519;-31.68;-7.17;1
50520;33.02;13.69;56.73;0.166;-21.85;-24.13;1
50536;31.97;13.21;56.29;0.834;-8.48;30.20;1
50570;30.28;13.32;55.01;0.842;2.61;29.61;1
51037;30.17;13.41;57.28;0.566;29.31;3.35;1
51048;30.33;12.94;52.55;0.530;29.17;5.22;1
51068;32.42;13.31;58.14;0.187;-28.45;-14.45;1
51072;30.88;13.57;57.08;2.031;-28.70;9.09;1
51528;31.52;13.79;56.61;1.007;-27.58;13.47;1
51542;30.84;13.36;55.87;0.658;22.49;19.38;1
51545;31.14;13.34;54.67;0.932;-22.60;19.89;1
51566;32.27;13.82;57.97;0.235;-8.74;-30.31;1
51571;33.07;14.15;60.83;0.214;-15.34;-28.53;1
52035;35.07;14.31;60.13;0.248;-1.20;-34.35;1
52053;32.68;13.57;57.49;0.750;7.07;31.08;1
52073;29.57;12.64;53.01;0.274;-0.36;-28.92;1
52078;28.90;12.22;50.61;0.775;12.53;25.26;1
52082;33.21;13.54;63.70;0.294;10.72;-30.68;1
52526;34.36;15.13;61.85;0.759;24.89;22.19;1
52547;31.33;13.41;55.23;1.076;-25.59;16.63;1
52551;31.31;13.46;55.61;0.663;19.33;23.70;1
52574;32.26;13.25;57.14;0.805;-1.13;31.16;1
52577;33.62;13.72;56.09;0.624;-30.97;-10.82;1
52585;32.28;14.23;57.31;0.249;-21.35;-22.87;1
53023;28.22;11.66;46.04;0.811;-0.79;27.70;1
53047;33.34;13.20;53.85;0.188;-29.91;-13.52;1
53085;33.20;12.90;53.74;0.357;23.55;-22.57;1
53090;29.88;12.07;50.22;0.956;-12.84;26.24;1
53524;33.87;14.56;64.90;0.269;-19.52;-26.12;1
53542;34.11;13.87;60.67;0.863;-8.70;31.48;1
53569;31.30;12.18;51.42;0.372;12.29;-27.33;1
53574;31.87;12.27;52.35;0.302;1.80;-30.76;1
54023;30.16;11.17;46.32;0.345;10.88;-26.94;1
54033;29.96;11.54;49.00;0.443;29.22;-0.17;1
54036;30.07;11.39;45.71;2.819;-29.26;1.14;1
54058;33.93;13.33;52.70;0.371;21.86;-25.10;1
54062;29.19;11.27;46.57;0.508;27.00;8.14;1
54520;32.69;13.56;57.63;0.702;25.12;18.56;1
54532;33.89;13.76;56.08;0.415;25.46;-20.67;1
54536;29.90;11.74;50.61;0.364;15.52;-24.36;1
54570;29.79;12.14;51.01;0.883;0.20;28.59;1
55021;30.88;13.82;58.55;0.704;27.59;4.02;1
55043;32.24;14.40;61.00;0.456;6.09;-29.07;1
55063;27.71;12.45;50.96;0.758;23.68;8.45;1
55067;31.86;14.19;58.01;0.581;22.70;-17.99;1
55533;31.77;13.61;58.82;0.512;24.92;-15.73;1
55565;33.07;13.57;60.84;0.420;-3.77;-30.17;1
55825;32.18;13.44;57.25;0.735;23.18;16.93;1
55845;32.70;13.80;59.91;0.985;-15.72;24.67;1
55868;32.96;13.64;58.94;1.008;-19.39;22.13;1
56027;32.46;13.67;58.14;0.631;29.30;-0.03;1
56046;31.96;13.38;57.01;0.862;0.16;29.17;1
56068;31.38;13.34;57.01;0.691;26.08;11.24;1
56074;31.11;13.77;57.01;2.653;-26.54;7.47;1
56521;29.48;13.13;56.61;2.750;-27.04;3.82;1
56540;33.12;13.91;59.41;0.428;5.02;-30.10;1
56544;29.10;12.02;51.09;2.542;-23.82;11.86;1
56561;32.63;13.50;57.71;0.980;-19.80;22.76;1
56583;33.42;14.28;60.41;0.405;-24.71;-18.15;1
57026;33.45;14.47;61.35;0.396;-26.37;-15.95;1
57052;31.43;14.32;58.90;0.960;10.45;25.72;1
57056;33.02;14.49;62.82;0.461;-25.35;-15.04;1
57533;31.72;13.42;57.00;0.953;-8.94;26.57;1
57545;32.19;13.72;62.68;0.542;22.24;-18.75;1
57549;31.92;13.49;56.44;0.466;-0.79;-28.78;1
57581;32.50;13.60;57.28;0.552;24.00;-16.92;1
58023;28.69;12.75;53.08;0.747;24.99;6.89;1
58034;33.59;13.78;57.97;0.451;14.14;-27.74;1
58057;30.48;12.91;53.85;2.564;-25.50;11.26;1
58061;29.31;12.82;52.01;0.682;26.74;-0.25;1
58520;30.75;12.99;55.66;0.432;-3.03;-27.97;1
58542;29.97;12.95;53.00;0.443;-18.08;-19.97;1
58561;33.01;13.43;58.55;0.426;4.16;-30.22;1
58566;29.77;12.90;53.31;0.450;-2.10;-27.06;1
58569;30.23;12.35;59.01;1.289;-23.67;-13.37;1
59032;30.49;13.76;56.94;2.620;-26.40;10.40;1
59043;21.24;6.39;32.39;0.769;16.65;9.00;1
59046;21.72;6.28;33.24;0.702;18.75;3.50;1
59072;34.06;14.75;62.03;0.588;30.40;-6.64;1
59076;29.60;13.19;54.49;0.849;14.16;22.70;1
59527;29.03;13.05;55.36;0.885;2.83;25.96;1
59545;22.34;7.35;33.38;0.644;7.47;-18.98;1
59567;30.34;14.17;57.57;2.709;-26.85;-7.55;1
59570;29.78;13.72;55.44;0.608;27.41;-3.94;1
60023;22.35;9.68;38.63;0.632;-3.39;-18.43;1
60041;29.64;16.03;63.64;2.558;-24.83;0.88;1
60063;21.55;9.31;36.88;0.605;1.05;-18.41;1
60066;21.78;9.44;38.47;0.691;11.24;-14.18;1
60533;29.02;16.02;61.68;0.796;24.34;-3.34;1
60542;18.70;8.55;33.53;0.947;12.59;8.46;1
60551;21.23;8.96;37.00;1.682;-10.03;14.76;1
60572;30.43;15.62;62.97;2.554;-24.22;9.29;1
60576;21.37;8.93;36.40;0.880;15.81;8.29;1
60606;33.23;17.66;70.80;0.706;25.62;-11.97;1
61155;31.12;14.43;59.62;0.448;-23.14;-16.38;1
61169;29.83;13.95;60.17;0.653;26.90;1.38;1
61172;30.69;14.35;60.21;0.941;-9.09;26.50;1
61203;31.45;15.79;63.78;0.414;-14.10;-25.40;1
61529;29.02;15.60;59.30;2.645;-25.72;0.76;1
61542;20.91;9.81;36.01;0.814;17.40;3.65;1
61566;19.97;9.27;34.21;0.994;0.28;17.17;1
61569;26.97;15.85;58.22;1.003;-4.05;23.27;1
62023;29.40;16.81;59.93;0.440;23.12;-17.14;1
62041;32.62;18.08;63.57;2.762;-31.31;5.87;1
62045;28.90;16.01;58.26;1.076;-21.14;18.32;1
62087;29.19;15.57;57.04;2.856;-28.24;1.17;1
62528;21.50;12.37;44.27;0.330;-17.43;-10.97;1
62554;28.24;16.54;58.14;0.681;18.72;19.58;1
62582;20.41;11.60;41.44;0.766;9.75;16.70;1
62585;19.57;10.66;39.46;2.462;-18.30;-3.83;1
62589;30.66;16.92;61.52;0.276;-18.13;-23.63;1
63025;28.52;17.04;59.62;0.345;-25.15;-10.66;1
63037;27.92;16.63;58.52;0.913;-8.50;25.35;1
63068;33.05;18.62;66.65;0.319;-18.51;-25.88;1
63520;23.24;9.45;35.85;0.258;-19.37;-11.67;1
63540;22.84;9.96;36.40;0.349;4.87;-21.72;1
63563;31.22;16.46;60.80;0.262;-25.15;-16.95;1
63582;29.76;16.04;59.44;0.735;14.20;24.73;1
64038;30.39;16.46;60.21;1.067;-21.14;20.25;1
64053;29.68;16.53;61.72;1.010;-12.91;25.41;1
64072;34.68;19.11;69.35;0.274;-25.21;-22.30;1
64076;22.58;10.15;37.22;2.422;-21.42;-3.71;1
64533;21.34;11.70;42.95;0.900;3.53;20.61;1
64548;21.43;11.11;41.63;0.893;-10.46;18.17;1
64569;27.60;14.61;54.78;0.488;25.80;-8.17;1
64572;20.92;10.34;39.32;2.871;-20.48;1.96;1
65059;19.38;9.37;34.06;2.848;-18.61;-0.31;1
65075;30.97;18.86;65.60;0.847;-15.10;25.67;1
65096;26.15;16.93;58.26;0.853;17.99;17.11;1
65100;20.31;10.47;35.01;0.386;0.89;-19.61;1
65532;28.09;16.07;62.30;0.771;24.43;0.85;1
65552;29.13;16.56;65.19;2.487;-23.19;8.47;1
65575;28.34;16.49;61.29;2.336;-15.64;18.54;1
65578;27.02;16.46;59.77;0.907;20.51;10.65;1
65582;28.70;16.98;61.61;0.634;-17.35;-17.32;1
66034;20.81;8.95;34.21;0.753;17.85;-0.71;1
66053;21.89;9.81;38.05;0.668;7.10;-17.12;1
66060;21.06;8.78;34.21;1.031;-7.29;16.26;1
66083;31.61;17.55;67.48;2.477;-23.90;11.47;1
66087;27.11;15.44;58.31;1.053;3.57;21.15;1
66531;20.81;8.71;35.47;1.132;-10.01;15.14;1
66548;31.18;17.51;67.74;2.500;-24.80;9.23;1
66552;27.56;15.34;59.41;2.525;-21.58;10.27;1
66577;21.27;9.31;39.66;2.302;-10.93;14.17;1
67030;27.36;15.12;61.00;1.023;2.48;23.30;1
67064;21.03;9.67;38.01;0.632;-5.07;-17.06;1
67117;30.82;17.60;70.94;0.822;21.40;-11.45;1
67531;28.55;15.38;60.08;0.815;21.56;11.50;1
67542;21.26;8.97;35.69;2.588;-17.82;-1.55;1
67573;33.02;17.25;68.82;0.547;-12.42;-25.98;1
67577;31.66;16.49;66.60;2.383;-20.49;18.42;1
68031;28.33;15.38;60.21;1.577;-15.40;19.24;1
68044;31.86;17.41;70.80;0.890;18.93;18.76;1
68087;29.63;15.27;63.25;0.476;-18.46;-19.22;1
68090;28.53;14.82;60.02;0.994;-8.76;23.59;1
68528;22.38;8.21;35.90;0.508;-1.55;-19.94;1
68540;31.59;15.96;65.60;2.546;-24.33;11.97;1
68594;21.18;8.01;33.84;0.716;-0.34;-18.41;1
69038;27.77;14.13;57.43;2.485;-18.29;14.31;1
69052;21.12;8.30;34.53;0.644;8.46;-15.95;1
69056;32.18;16.67;65.00;0.657;20.75;-18.21;1
69076;20.70;7.89;33.84;0.948;2.72;17.37;1
69080;20.33;7.93;34.79;1.039;3.03;16.38;1
69522;29.36;14.21;58.42;2.653;-26.04;2.62;1
69532;28.41;14.89;59.03;0.621;16.80;-18.78;1
69561;29.19;13.68;57.14;2.172;-24.36;-10.12;1
69569;20.31;7.30;36.67;0.735;17.22;4.00;1
70028;28.12;14.40;57.07;0.742;24.41;-0.61;1
70042;21.63;7.21;32.98;1.010;-9.06;16.64;1
70066;21.79;7.28;33.54;1.081;-9.30;16.85;1
70074;28.18;13.73;56.89;0.946;-5.84;23.88;1
70521;29.10;13.86;59.44;2.649;-25.43;4.56;1
70553;28.85;14.53;58.67;0.508;-9.20;-23.78;1
70577;32.01;15.80;67.54;0.559;16.79;-23.35;1
70584;21.05;7.28;34.23;0.508;6.72;-17.90;1
71024;30.10;14.62;63.51;0.449;0.53;-27.71;1
71050;31.91;15.21;63.51;2.075;-25.13;-12.55;1
71080;28.47;13.82;55.66;1.033;-10.07;23.95;1
71084;32.74;15.74;63.63;0.511;19.10;-23.22;1
71526;20.50;8.80;35.47;0.872;15.43;8.51;1
71541;29.58;15.18;60.61;2.524;-21.64;13.55;1
71566;33.03;18.11;71.06;0.484;-16.72;-24.54;1
71569;20.12;8.80;34.54;0.907;14.30;8.66;1
72026;28.05;15.92;58.14;0.663;20.31;-13.91;1
72045;32.47;18.15;68.12;0.547;-15.61;-23.85;1
72078;32.04;17.08;65.60;2.075;-19.76;20.40;1
72081;27.87;15.28;58.22;0.721;24.62;1.20;1
72520;30.60;16.76;65.39;0.779;24.49;-7.18;1
72534;31.92;16.93;67.42;2.567;-27.16;3.41;1
72559;27.28;14.53;60.11;0.682;20.35;-12.12;1
73032;31.24;16.52;64.78;0.545;-4.18;-27.19;1
73046;29.09;15.96;61.20;0.791;23.04;7.48;1
73080;20.35;7.57;33.24;0.950;-1.51;17.81;1
73544;27.59;14.15;57.01;0.883;12.55;21.27;1
73559;32.11;16.11;64.64;0.565;19.57;-21.21;1
73581;31.18;16.24;62.77;2.563;-25.65;10.38;1
73585;28.42;14.74;61.19;2.658;-25.44;2.30;1
74027;33.89;16.62;69.32;0.562;-6.27;-28.39;1
74050;28.95;14.21;58.52;0.890;14.05;20.92;1
74073;29.96;14.33;63.06;0.666;25.82;-5.18;1
74078;30.68;14.48;60.42;0.482;-6.80;-26.68;1
74536;20.89;8.26;33.24;2.661;-18.47;-1.25;1
74549;20.39;8.60;34.21;0.496;-16.24;-8.24;1
74569;20.29;8.38;34.37;0.714;17.89;0.45;1
74572;20.43;8.24;33.06;0.548;5.50;-17.43;1
74576;29.97;16.39;62.43;0.685;23.27;-12.57;1
75025;30.87;16.05;62.64;0.489;-24.85;-11.71;1
75053;32.46;15.88;65.00;0.464;-7.80;-28.38;1
75075;20.59;7.65;33.00;0.694;17.54;3.54;1
75078;20.48;7.74;33.73;0.741;17.75;-1.22;1
75524;30.31;16.39;62.59;0.768;25.85;-1.74;1
75538;32.03;16.21;64.88;0.539;-22.97;-15.64;1
75542;30.30;16.18;65.92;1.116;-2.27;25.03;1
75675;28.24;13.74;56.60;0.436;-21.65;-13.83;1
75679;31.19;15.08;62.24;0.449;-7.39;-27.50;1
76023;30.12;15.70;62.10;0.522;-3.09;-26.55;1
76068;21.26;7.45;33.96;0.468;-0.33;-19.36;1
76072;20.63;6.95;32.14;0.928;-2.96;18.32;1
76105;20.77;7.59;34.37;0.676;18.56;0.61;1
76524;29.93;15.03;61.27;0.663;17.90;-18.04;1
76545;30.30;14.70;62.18;1.605;-17.28;19.78;1
76567;20.53;7.24;33.54;0.488;1.19;-18.53;1
77019;34.65;16.81;70.46;0.531;-20.12;-22.17;1
77037;21.28;7.87;36.72;0.952;10.53;13.73;1
77041;22.73;7.85;37.36;0.547;-0.34;-19.78;1
77073;30.70;15.15;62.94;0.488;-23.50;-13.55;1
77077;22.15;8.12;37.12;0.812;18.26;2.46;1
77520;31.08;14.84;62.97;2.672;-27.47;4.30;1
77533;31.09;14.73;63.64;0.637;0.39;-28.47;1
77536;29.84;14.36;60.83;0.583;16.35;-20.78;1
77562;32.75;15.01;67.23;0.867;5.03;28.96;1
77568;30.31;13.70;60.42;0.835;8.14;26.18;1
78016;21.56;7.95;36.50;0.848;16.11;8.32;1
78063;29.08;13.77;59.67;0.871;15.69;19.89;1
78067;30.88;14.29;63.95;1.748;-19.77;18.86;1
78118;34.43;16.33;68.60;0.528;-21.61;-20.50;1
78122;30.55;14.11;59.68;0.499;-23.54;-12.96;1
78536;18.33;6.71;33.24;0.889;11.88;9.64;1
78556;30.26;14.88;62.03;1.085;-22.75;-12.43;1
78560;28.31;14.29;59.91;0.869;19.36;15.89;1
78582;28.92;14.55;59.94;0.811;23.66;9.54;1
78585;30.86;14.31;60.01;2.684;-26.50;-6.22;1
79037;30.54;14.59;64.41;2.630;-25.75;8.28;1
79066;20.80;6.23;33.24;0.980;-8.76;16.38;1
79094;28.72;13.43;61.39;0.864;9.42;23.14;1
79531;29.34;14.59;55.87;0.594;20.86;-15.83;1
79555;31.99;16.36;69.12;0.463;-12.62;-26.00;1
79579;22.08;7.26;34.53;2.406;-19.19;-6.57;1
79587;32.42;16.23;66.71;0.599;22.66;-18.32;1
80026;21.71;7.84;34.48;0.488;-17.11;-9.12;1
80045;32.26;16.27;63.57;0.571;14.61;-24.90;1
80067;31.65;15.53;70.21;0.770;23.31;15.49;1
80091;31.90;15.52;66.07;0.462;-19.56;-20.89;1
80526;22.70;5.26;34.21;0.395;0.19;-21.04;1
80537;30.48;12.11;56.64;0.375;-22.85;-17.02;1
80561;33.76;13.73;63.95;0.407;-17.45;25.79;1
81023;30.71;13.63;59.09;0.525;7.05;25.98;1
81034;22.60;6.96;35.17;0.952;-18.00;-8.46;1
81038;22.11;7.08;34.93;0.566;10.00;-16.13;1
81060;30.58;13.56;59.06;0.453;16.22;-22.49;1
81065;33.04;15.34;65.80;0.489;23.37;-18.29;1
81524;22.66;7.19;35.06;0.568;9.26;-17.14;1
81546;30.33;13.90;61.85;0.590;-3.48;-25.53;1
81567;21.94;6.72;33.54;0.589;-5.83;17.60;1
81572;32.83;15.68;66.47;0.612;16.45;21.95;1
82053;21.82;6.21;35.01;0.483;4.59;-18.97;1
82066;22.47;5.71;33.62;0.449;-8.64;18.44;1
82088;33.10;14.08;64.01;2.723;-29.97;-1.86;1
82094;34.64;14.15;66.41;0.464;-12.46;-28.75;1
82547;31.75;13.58;59.54;0.329;7.23;29.34;1
82556;34.29;13.66;61.20;2.879;-33.06;0.49;1
82586;32.08;13.98;60.54;0.366;26.63;14.26;1
83016;34.15;13.50;66.04;0.299;22.62;23.71;1
83034;34.42;13.26;60.83;0.283;16.23;-28.89;1
83060;33.34;13.18;62.10;0.323;30.79;7.82;1
83064;34.55;13.76;64.56;0.357;15.03;-28.93;1
83521;31.54;14.37;75.66;0.398;27.08;-11.10;1
83545;30.73;12.36;55.47;0.401;13.91;24.84;1
83549;31.07;12.26;55.22;0.357;-17.13;23.70;1
83578;36.20;13.30;62.30;2.696;-32.93;9.70;1
83582;36.05;13.31;62.65;2.319;-32.39;11.87;1
84027;31.00;11.46;60.17;0.401;7.71;27.61;1
84040;31.98;11.18;53.41;1.482;-25.90;15.28;1
84044;31.29;11.58;52.80;0.317;23.85;17.88;1
84047;35.43;13.10;60.54;0.385;13.46;30.03;1
84054;33.13;11.70;53.76;2.799;-31.28;3.09;1
84094;32.65;11.51;52.33;0.302;-14.37;27.69;1
84103;31.92;11.71;61.19;0.308;1.42;-30.47;1
84107;32.07;12.14;68.07;0.425;8.35;-27.89;1
84124;32.16;11.46;52.70;0.373;-23.38;-18.77;1
84134;32.33;12.17;62.27;0.359;4.63;29.90;1
84158;36.44;13.09;59.01;0.402;-3.16;33.45;1
84161;32.74;11.58;55.36;2.384;-29.41;6.33;1
84188;36.61;12.95;61.47;0.881;-21.19;25.52;1
84213;32.62;11.74;55.95;0.374;29.16;-8.67;1
84217;33.73;11.84;55.95;0.368;-11.68;-29.24;1
84441;33.91;11.86;56.32;2.637;-30.16;-7.75;1
84444;33.29;12.05;57.57;0.450;13.70;-26.80;1
84876;34.05;11.85;57.87;0.387;-27.58;-15.20;1
84908;33.53;12.55;60.84;0.457;6.23;-29.16;1
84933;33.02;11.71;56.22;0.427;29.54;5.88;1
84938;32.85;12.02;57.31;0.372;22.89;20.28;1
85440;33.07;14.60;63.07;0.302;-28.49;-13.80;1
85454;28.42;13.45;55.95;1.069;-12.21;24.29;1
85498;30.65;14.92;60.54;0.952;-20.17;20.91;1
85663;20.25;7.27;33.24;0.804;4.24;18.63;1
85678;28.40;13.53;55.22;0.398;12.16;-24.23;1
85702;31.66;15.55;63.25;0.357;-8.05;-28.92;1
85706;20.31;6.79;32.39;0.881;-4.85;18.63;1
86150;29.46;13.89;55.32;0.864;12.78;24.82;1
86169;31.83;14.49;68.26;0.304;-0.95;-30.77;1
86190;30.10;14.31;59.55;0.727;23.26;16.20;1
86194;32.75;16.23;63.13;0.825;20.50;23.09;1
86198;29.89;14.50;56.44;0.676;27.86;-0.37;1
86645;20.34;10.26;35.23;0.551;-0.47;-18.40;1
86663;29.23;17.80;64.40;2.341;-19.17;17.03;1
86683;19.99;9.96;36.12;2.669;-17.54;-2.34;1
86690;19.57;9.96;35.74;0.756;16.78;-5.19;1
87144;21.14;8.64;38.42;0.982;-10.17;16.63;1
87157;32.09;18.34;71.85;2.528;-25.47;13.76;1
87178;20.90;9.25;36.88;2.670;-18.77;0.91;1
87182;20.16;9.15;36.00;0.745;17.54;3.32;1
87193;28.44;15.64;60.88;0.536;11.32;-23.20;1
87657;28.99;14.31;59.41;0.568;23.45;-12.62;1
87669;23.81;6.82;35.51;2.344;-21.31;-6.88;1
87704;31.45;14.47;60.42;1.174;-27.81;-10.12;1
88156;29.45;15.96;64.88;0.643;24.53;-9.75;1
88168;29.54;15.79;62.18;0.808;21.27;16.34;1
88189;30.01;16.42;62.68;0.416;-13.61;-24.31;1
88193;30.06;16.07;63.89;0.412;-20.73;-18.68;1
88198;27.85;16.51;62.77;0.586;11.58;-22.26;1
88664;29.24;17.84;66.48;0.669;25.41;-8.73;1
88681;27.64;15.83;60.83;0.429;-22.07;-12.96;1
88711;19.96;9.16;35.85;1.014;-9.50;15.49;1
88715;29.61;17.37;66.10;2.599;-24.98;10.15;1
89150;31.47;15.37;64.44;0.354;-22.75;-19.01;1
89174;30.54;15.01;62.20;0.374;-25.20;-13.54;1
89178;30.38;15.14;61.74;0.411;-10.22;-26.26;1
89208;32.71;16.28;70.61;0.400;-18.49;-23.99;1
89212;34.05;17.03;70.21;0.384;-28.37;-14.26;1
89656;31.52;15.18;62.37;0.405;-5.06;-28.95;1
89671;19.85;6.60;32.02;0.889;-2.64;18.20;1
89697;30.77;14.49;60.01;2.737;-28.19;4.33;1
90151;29.96;14.35;58.82;0.751;19.24;19.67;1
90181;31.02;15.00;59.23;0.464;8.77;-27.59;1
90250;30.98;14.86;62.94;0.618;12.23;-26.09;1
90254;33.10;15.80;74.46;0.682;18.67;25.40;1
90657;34.41;16.19;65.79;0.571;30.11;-11.34;1
90675;31.78;14.87;62.97;0.622;-24.76;-17.64;1
90695;31.34;13.88;58.94;2.747;-28.92;0.48;1
90699;30.02;14.01;58.60;0.828;13.94;24.19;1
90710;29.70;14.01;58.01;0.587;24.50;-11.23;1
91149;22.75;7.30;34.48;2.736;-20.90;2.40;1
91168;29.58;13.72;55.90;0.645;26.78;0.92;1
91188;21.44;7.36;33.54;0.722;18.52;6.36;1
91196;31.66;14.24;62.77;0.335;-19.26;-22.94;1
91649;30.46;13.97;59.64;0.528;17.93;-21.14;1
91664;34.90;16.70;67.36;1.105;-24.15;21.45;1
91668;30.40;14.99;59.67;0.701;23.81;-10.51;1
91690;30.01;14.41;60.17;0.612;27.16;-5.63;1
91699;31.45;14.18;59.41;0.882;-5.89;28.84;1
92148;30.20;13.97;60.03;0.421;-23.71;-14.21;1
92160;30.09;14.41;59.30;0.986;1.32;27.77;1
92184;29.81;13.98;60.03;0.915;-1.37;26.55;1
92190;33.80;16.00;64.90;2.619;-27.94;12.27;1
92657;22.69;6.93;33.53;1.050;-10.50;17.87;1
92672;31.93;13.96;58.87;1.177;-27.54;-11.50;1
92695;31.23;14.21;59.23;0.369;-2.65;-29.38;1
92699;30.71;13.44;58.60;0.966;-15.66;23.57;1
93147;19.46;7.02;41.00;0.746;16.26;6.47;1
93174;30.79;13.81;60.03;0.807;9.72;26.55;1
93198;34.47;16.22;69.35;0.741;20.42;23.83;1
93647;21.16;7.18;33.02;2.771;-19.52;-2.20;1
93659;28.87;13.72;62.27;0.478;-17.88;-18.63;1
93684;22.69;7.51;35.51;0.899;-0.61;20.49;1
93688;27.05;13.22;54.56;0.809;12.68;20.92;1
94157;23.29;7.88;36.06;2.720;-21.16;4.21;1
94198;30.73;13.95;58.69;1.160;-22.84;16.88;1
94230;32.02;14.52;59.77;2.724;-29.66;7.43;1
94233;31.75;13.88;59.54;2.812;-29.95;-1.18;1
94855;31.15;13.90;59.91;2.754;-28.83;3.80;1
94881;19.91;7.23;41.79;0.992;-16.20;-9.39;1
95229;30.11;13.62;60.44;0.916;4.37;27.13;1
95249;34.07;15.70;66.60;1.112;-18.45;26.26;1
95662;30.39;13.81;59.08;0.576;28.65;0.60;1
95666;30.94;13.50;59.03;2.819;-29.24;-2.01;1
95669;29.82;13.58;59.21;0.950;-4.60;27.77;1
95684;31.24;13.52;59.03;0.319;-8.39;-28.64;1
96154;33.72;15.62;64.40;1.018;-22.61;21.06;1
96169;30.61;13.72;57.70;0.916;-12.39;25.25;1
96595;30.15;13.98;59.03;0.404;-22.88;-15.77;1
97063;30.84;14.40;60.14;0.669;-25.70;-13.02;1
97075;30.61;14.27;59.41;0.393;-16.53;-23.08;1
97092;29.97;14.14;58.52;2.681;-26.86;1.74;1
97116;28.53;14.12;56.73;0.849;18.49;18.38;1
97526;30.43;13.19;57.01;2.738;-27.14;-5.28;1
97552;33.93;16.14;66.07;0.408;-22.39;-21.66;1
97833;29.07;13.91;58.52;0.804;19.71;17.16;1
97843;30.57;13.78;57.43;0.882;-0.97;27.90;1
97864;23.48;7.14;35.47;0.465;-0.84;-21.24;1
97868;30.14;14.04;56.57;0.686;26.63;3.26;1
98149;22.71;7.77;34.79;0.446;-17.58;-10.51;1
98161;31.36;14.00;58.05;0.414;7.68;-28.39;1
98192;20.54;6.98;33.02;2.766;-18.83;-3.78;1
98661;29.87;14.15;59.48;0.755;18.07;20.52;1
98677;31.83;14.99;61.74;0.361;-25.25;-15.80;1
98704;30.37;13.94;60.21;0.512;22.31;-17.19;1
99154;29.98;13.93;58.31;0.602;27.38;-5.66;1
99174;30.83;14.10;58.69;0.916;-8.32;27.39;1
99177;30.03;14.33;58.69;0.750;23.78;13.95;1
99215;31.52;14.14;59.41;0.367;-20.02;-21.61;1
99648;29.71;14.26;58.69;0.660;26.73;0.93;1
99668;32.84;16.43;65.00;0.942;9.52;28.62;1
99672;29.99;14.68;59.00;0.954;-2.38;27.71;1
99693;21.18;6.55;34.53;1.489;-18.32;-7.63;1
99697;30.73;14.43;58.25;0.997;-8.55;27.08;1
100149;30.96;14.38;60.41;0.425;-5.57;-28.02;1
100165;30.54;14.80;58.42;0.533;9.14;-25.88;1
100188;30.07;14.25;59.51;1.041;-14.16;24.06;1
100197;30.03;14.17;58.14;0.500;16.04;-22.82;1
100655;29.70;14.54;64.41;0.883;10.46;24.88;1
100698;30.56;14.32;60.96;2.254;-23.35;15.25;1
100715;33.43;15.81;67.98;0.997;-17.51;24.73;1
100753;30.43;14.54;58.46;2.711;-27.93;1.95;1
100757;29.36;13.96;55.97;0.917;5.44;26.04;1
101159;22.74;6.94;35.00;0.413;2.62;-21.08;1
101171;34.90;15.88;65.92;0.383;-8.62;-31.47;1
101193;31.24;13.78;58.83;0.390;-11.76;-26.51;1
101647;31.85;12.97;55.44;0.983;-22.65;19.89;1
101672;31.42;12.82;54.45;0.409;10.03;-27.78;1
101676;34.67;14.86;62.77;1.033;-17.96;27.06;1
101701;30.77;12.75;57.56;2.822;-29.23;2.52;1
102145;32.54;12.91;55.23;0.802;-0.53;31.54;1
102159;22.53;6.23;38.33;0.285;-1.81;-21.76;1
102186;29.38;11.40;46.10;0.909;-16.36;23.27;1
102643;31.50;13.47;58.00;0.833;-1.96;29.96;1
102656;30.25;13.16;58.18;1.094;-20.57;19.38;1
102661;29.77;12.87;57.01;0.732;15.63;23.16;1
102691;30.35;13.51;56.65;1.076;-12.91;25.48;1
102698;31.44;13.52;58.03;2.841;-30.08;-0.13;1
103150;32.89;13.81;60.83;0.574;30.84;0.31;1
103170;34.09;14.78;60.84;0.310;-11.22;-30.63;1
103210;32.53;14.54;59.23;0.695;29.82;6.14;1
103214;29.30;12.20;52.01;0.888;-6.53;26.68;1
103660;28.67;12.60;55.47;0.688;24.30;11.79;1
103678;33.61;14.13;61.35;2.784;-31.17;5.89;1
103700;32.34;13.85;63.03;1.630;-24.59;16.85;1
103715;31.94;14.00;64.88;2.644;-28.50;-7.85;1
104155;33.66;14.48;60.01;1.558;-30.43;11.97;1
104165;29.24;12.63;52.63;0.398;17.67;-22.13;1
104194;33.59;14.28;62.61;0.347;14.84;-29.05;1
104655;30.45;12.30;48.55;1.202;-27.58;11.44;1
104690;29.23;12.48;49.77;0.837;13.04;25.11;1
104711;29.35;12.44;50.16;0.646;28.27;4.51;1
104715;30.32;12.26;50.99;0.601;25.44;15.06;1
105149;28.78;13.48;55.11;0.988;-1.88;27.15;1
105184;28.41;13.05;54.78;0.798;7.68;25.50;1
105216;33.86;15.02;63.89;0.355;10.30;-30.92;1
105644;30.44;14.71;61.03;0.852;5.52;27.26;1
105669;23.16;7.71;35.44;0.977;-6.48;20.86;1
105691;32.26;15.18;61.59;0.349;-24.59;-17.85;1
105695;31.08;14.54;61.07;0.773;15.36;24.40;1
106147;33.13;16.73;67.20;0.799;15.89;25.68;1
106158;29.64;15.21;60.31;0.540;19.72;-18.67;1
106181;28.34;15.04;58.26;0.817;12.28;21.48;1
106185;20.99;8.21;36.40;2.339;-17.12;-5.85;1
106651;33.91;17.53;69.35;0.461;-18.23;-24.69;1
106663;22.11;9.31;43.10;0.479;3.84;-19.93;1
106689;30.00;15.61;61.27;0.564;24.08;-13.52;1
106692;30.77;15.51;64.41;0.428;-23.46;-15.69;1
107149;21.88;8.20;36.80;1.032;-12.49;15.09;1
107161;21.91;8.97;36.40;0.544;9.02;-17.62;1
107165;22.10;8.85;37.00;0.519;-2.83;-19.52;1
107203;28.33;14.95;58.80;0.831;15.64;18.81;1
107208;18.59;7.56;32.06;1.106;-2.50;16.05;1
107211;28.86;14.93;60.17;2.593;-24.14;8.29;1
107215;27.79;15.02;56.65;1.085;1.24;23.80;1
107219;20.70;8.29;37.95;0.706;18.04;-1.25;1
107645;29.24;15.26;59.48;2.646;-25.92;3.22;1
107659;20.57;8.47;33.54;0.845;15.79;7.90;1
107663;21.02;8.28;36.12;1.055;-3.40;17.88;1
107667;31.93;16.45;63.82;1.117;-19.24;21.40;1
107670;33.46;16.67;65.74;0.478;-24.68;-17.14;1
107674;29.11;15.07;58.69;1.490;-23.90;-10.81;1
107695;27.35;15.03;57.04;0.849;22.73;5.85;1
107698;20.36;8.47;35.00;0.866;16.02;5.40;1
107702;21.67;8.18;35.51;2.644;-18.83;-2.09;1
108149;31.91;16.42;64.14;0.579;17.61;-22.28;1
108170;21.17;7.55;39.00;1.365;-11.67;14.09;1
108174;23.18;11.49;50.33;2.580;-19.63;2.20;1
108193;21.14;7.61;34.01;2.675;-18.28;-3.43;1
108197;19.85;8.08;38.95;0.852;10.85;14.25;1
108220;19.02;6.58;33.62;0.996;-5.66;15.49;1
108645;19.68;7.38;34.48;2.674;-17.05;-2.63;1
108662;21.16;7.83;34.53;0.712;18.48;1.69;1
108666;28.60;14.31;59.51;2.163;-15.43;18.05;1
108691;21.61;8.24;38.00;1.914;-17.14;-7.94;1
108695;21.21;8.26;39.20;0.580;-1.26;-18.26;1
108704;32.85;16.03;68.24;0.412;-20.97;-21.83;1
109158;32.33;16.20;64.82;0.821;18.89;21.07;1
109178;30.10;14.56;60.01;2.721;-27.25;-2.83;1
109181;29.29;14.65;60.14;0.566;21.09;-16.16;1
109207;20.25;8.06;40.31;1.960;-12.35;12.68;1
109211;23.07;9.47;40.52;0.478;-0.31;-21.01;1
109215;29.76;15.83;69.35;0.699;19.03;-16.22;1
109219;20.37;8.16;35.44;0.845;16.18;0.84;1
109656;27.54;14.76;57.87;1.062;2.70;23.53;1
109672;32.41;17.33;68.77;2.476;-22.00;16.98;1
109683;32.26;16.78;66.61;0.528;-19.27;-20.48;1
109721;28.97;15.39;64.40;0.479;-17.91;-18.70;1
109757;31.62;17.30;68.15;0.710;25.12;-10.77;1
110168;19.87;7.81;33.06;0.704;17.52;2.15;1
110186;23.13;8.46;39.20;1.004;-7.16;18.75;1
110189;19.50;8.15;34.00;0.779;17.14;2.13;1
110227;30.65;16.06;66.40;2.485;-20.40;16.44;1
110231;30.94;16.38;66.84;0.514;-14.58;-23.08;1
110659;32.02;16.41;67.62;0.707;25.42;-9.65;1
110681;21.03;7.99;34.23;0.600;7.08;-16.81;1
110685;31.52;16.00;66.19;0.821;21.67;16.00;1
110709;21.42;7.63;34.48;1.047;-10.24;15.31;1
110712;20.94;7.96;34.93;0.838;14.16;10.54;1
111170;32.45;16.24;65.86;0.498;-22.03;-18.29;1
111241;31.66;16.36;65.22;0.598;20.30;-19.67;1
111245;20.32;7.77;34.53;0.738;17.40;2.32;1
111248;21.02;7.75;34.37;0.559;3.86;-18.03;1
111252;30.82;16.16;67.54;0.882;16.57;21.27;1
111256;22.76;8.99;37.48;1.037;-0.85;19.51;1
111260;31.37;16.06;64.07;0.654;19.17;-18.80;1
111299;28.94;14.66;62.48;0.580;-18.47;-16.08;1
111303;30.72;16.25;65.80;0.962;11.59;23.08;1
111307;30.94;16.08;65.00;0.902;17.71;17.84;1
111653;21.63;8.02;36.12;2.704;-19.09;-3.32;1
111666;30.62;16.79;66.29;0.697;18.59;-18.25;1
111669;20.97;8.04;34.21;1.967;-16.49;-7.56;1
111705;23.63;9.39;39.40;0.598;-3.05;-19.85;1
111708;30.55;16.27;64.35;0.696;19.14;-17.27;1
111712;20.79;7.91;34.79;2.595;-17.70;0.03;1
112159;28.92;14.89;62.65;0.708;22.24;-9.81;1
112163;29.67;15.33;63.51;1.030;-1.69;23.90;1
112179;20.15;8.34;34.71;0.791;16.75;0.98;1
112183;30.65;16.65;66.73;0.742;24.48;-7.89;1
112216;24.00;9.21;40.16;0.571;-16.89;-11.38;1
112219;20.85;8.17;34.13;0.605;6.13;-16.90;1
112223;30.68;16.19;65.46;2.541;-24.66;8.31;1
112653;20.48;7.93;33.84;0.765;15.53;9.39;1
112671;30.12;15.50;63.01;1.012;1.43;25.88;1
112675;21.03;7.65;35.90;0.917;-16.61;-8.67;1
112678;31.48;16.27;64.38;0.629;20.62;-18.23;1
112681;28.30;14.16;57.94;1.943;-15.65;18.82;1
112711;21.21;7.72;35.00;0.965;-3.42;18.29;1
112714;27.97;14.32;56.85;0.727;17.00;18.68;1
112718;28.06;14.61;59.21;0.515;0.08;-25.13;1
113147;28.09;14.09;59.55;1.867;-14.60;18.54;1
113168;28.69;14.63;60.21;0.566;6.27;-24.39;1
113191;19.90;7.69;33.84;0.838;14.43;9.57;1
113202;20.09;8.06;33.24;0.890;14.80;8.73;1
113649;20.48;7.77;33.53;0.758;17.21;-0.34;1
113666;20.21;7.56;33.54;1.070;-2.98;16.74;1
113687;30.92;15.66;64.88;0.804;20.72;17.40;1
113702;31.75;15.69;64.41;0.561;-19.87;-18.60;1
114160;19.82;7.59;33.54;0.799;14.97;7.97;1
114176;22.32;8.75;41.04;1.004;8.34;14.82;1
114180;20.31;8.08;35.23;0.635;5.28;-16.38;1
114210;20.16;7.72;33.53;1.076;-1.36;16.60;1
114213;20.35;7.52;33.24;1.024;-5.44;16.31;1
114645;31.44;16.39;66.48;0.704;-14.33;-23.92;1
114659;21.29;8.54;35.17;0.570;-0.52;-18.51;1
114663;20.38;7.64;33.24;0.948;0.88;17.54;1
114684;31.67;17.07;68.43;0.525;-21.58;-17.50;1
114690;27.42;14.46;58.59;0.944;6.17;22.23;1
115147;31.96;16.15;65.51;2.584;-26.38;9.91;1
115157;20.64;7.48;33.54;0.963;-2.78;17.80;1
115160;20.43;7.72;33.06;1.070;-5.78;16.86;1
115186;30.85;16.04;64.54;0.871;13.50;23.02;1
115190;23.08;8.86;37.64;1.112;-8.88;17.72;1
115642;31.79;15.97;66.29;2.558;-25.67;9.50;1
115659;21.43;7.95;34.53;2.491;-17.93;-6.45;1
115681;20.93;8.28;35.78;0.657;12.41;-12.47;1
115696;20.64;7.61;33.53;1.040;-9.49;15.17;1
116156;20.43;7.79;35.51;0.733;17.62;0.59;1
116211;30.89;16.23;64.56;2.615;-26.90;1.72;1
116239;31.21;15.86;63.98;0.902;7.71;25.96;1
116646;31.48;16.05;68.96;0.554;-1.13;-27.39;1
116657;31.12;15.56;63.60;0.612;20.00;-18.53;1
116684;31.49;16.13;66.07;0.588;-17.38;-20.03;1
116689;28.70;14.63;60.75;1.057;4.87;22.12;1
117143;19.59;8.46;33.24;0.989;13.01;8.31;1
117159;27.82;14.14;58.94;1.085;-11.03;19.84;1
117180;31.44;16.44;70.68;2.391;-16.83;19.22;1
117189;30.43;16.70;67.88;0.793;20.85;-12.52;1
117657;31.16;16.34;66.21;0.727;25.82;-5.84;1
117690;21.44;8.02;35.36;0.786;-16.38;-8.28;1
117710;31.60;16.10;64.66;2.529;-24.38;11.58;1
117714;31.46;16.45;67.42;0.544;-11.71;-24.59;1
118155;28.57;14.87;59.08;0.640;17.60;-17.39;1
118169;32.01;16.78;66.84;2.431;-22.06;17.55;1
118190;27.80;14.53;58.18;0.863;18.37;13.99;1
118194;32.10;16.66;67.60;0.544;-19.82;-19.48;1
118667;20.78;8.22;33.38;0.610;2.70;-17.58;1
118680;29.94;16.86;68.25;0.740;19.35;-15.58;1
118683;20.07;8.61;34.37;0.721;7.00;-14.66;1
118708;21.34;8.58;36.12;2.605;-17.64;-3.16;1
119149;27.67;15.39;57.98;0.761;20.03;-11.83;1
119162;21.30;8.80;35.44;0.602;-15.75;-8.64;1
119166;31.14;16.97;67.20;0.687;18.92;-18.38;1
119189;30.88;17.04;70.43;0.734;23.77;-11.18;1
119648;32.03;17.18;68.59;0.707;22.73;-15.03;1
119661;21.38;8.47;36.00;2.635;-17.42;-4.74;1
119666;30.92;16.36;67.36;0.622;-11.55;-22.95;1
119692;20.65;8.34;34.79;0.780;17.48;-0.36;1
119696;20.05;8.37;35.01;0.802;16.89;2.98;1
120146;19.68;7.94;34.67;0.740;16.64;-1.65;1
120161;30.48;16.44;67.12;0.746;21.64;-12.52;1
120203;20.71;8.23;35.06;2.486;-16.07;-6.02;1
120642;20.74;7.80;34.06;1.015;-6.00;16.75;1
120662;31.34;16.18;66.71;0.984;-17.02;21.63;1
120716;30.60;16.33;64.50;2.471;-23.71;4.88;1
121159;20.44;8.72;35.01;0.746;3.67;-17.13;1
121176;29.67;15.52;62.39;2.536;-24.10;6.56;1
121198;20.40;8.23;34.37;0.698;4.22;-15.98;1
121202;31.03;16.30;67.54;0.590;-6.18;-25.70;1
121668;19.90;7.81;33.02;1.073;-4.32;15.33;1
121710;29.97;16.20;64.38;0.986;13.28;20.42;1
121791;20.43;8.40;34.71;0.679;1.35;-16.58;1
121795;29.98;15.99;65.19;1.051;0.60;23.41;1
121799;19.77;7.80;32.56;2.360;-9.40;11.96;1
122153;30.25;16.70;68.01;0.896;15.64;19.44;1
122163;31.95;16.45;65.19;2.369;-19.47;18.96;1
122185;27.40;14.49;57.25;0.796;22.46;4.87;1
122189;30.75;16.05;64.90;0.887;17.54;18.50;1
122661;27.84;15.48;59.48;0.607;14.10;-20.50;1
122672;22.79;9.90;39.56;2.584;-19.32;0.04;1
122697;20.85;8.20;36.12;0.522;-14.56;-11.10;1
123153;21.08;9.43;37.12;0.640;-3.55;-17.31;1
123173;20.82;8.70;35.78;2.371;-11.30;12.28;1
123201;32.12;17.60;67.74;2.501;-24.52;12.30;1
123648;30.86;18.32;68.45;0.756;22.28;-13.47;1
123665;19.83;8.88;34.79;1.128;0.70;16.50;1
123685;20.42;8.99;36.14;0.834;15.76;7.02;1
123689;31.08;17.23;66.91;2.522;-25.52;6.49;1
124150;29.44;16.41;63.82;2.432;-18.11;16.70;1
124180;30.46;16.66;65.19;0.638;19.93;-18.05;1
124210;30.01;16.79;65.30;0.637;15.02;-21.43;1
124652;31.95;17.55;71.11;0.593;23.02;-17.44;1
124671;27.62;15.39;59.17;0.680;18.83;-14.35;1
124706;20.62;8.48;35.23;2.208;-16.72;-6.34;1
125146;31.30;17.20;66.60;0.728;-17.35;-21.40;1
125166;30.88;16.91;66.73;0.657;17.16;-20.10;1
125169;20.04;8.39;33.62;2.276;-10.40;12.95;1
125194;28.34;14.96;60.03;0.636;20.50;-14.05;1
125197;21.91;8.33;36.25;0.490;-15.75;-11.58;1
125645;31.84;17.44;70.49;0.624;-18.99;-18.43;1
125659;31.31;16.42;65.74;0.900;8.47;25.81;1
125663;28.11;14.16;59.94;2.669;-23.60;-6.14;1
125689;20.71;8.82;36.69;0.623;9.63;-15.41;1
126149;28.21;14.42;59.14;1.022;-12.22;21.52;1
126161;20.89;8.21;34.53;0.742;2.09;-17.69;1
126170;31.57;16.75;77.34;2.553;-24.46;11.93;1
126195;21.14;8.71;35.51;0.614;8.26;-16.44;1
126200;30.99;16.06;66.29;0.923;8.94;24.84;1
126655;28.11;15.46;60.75;0.742;24.11;-5.22;1
126668;21.81;8.18;36.06;2.669;-18.21;-5.39;1
126703;20.73;8.81;36.88;0.583;-0.22;-17.98;1
127164;19.63;8.24;35.11;0.834;14.98;6.94;1
127194;31.45;17.45;69.35;0.611;16.32;-22.63;1
127219;22.04;9.29;37.34;1.008;4.25;18.27;1
127224;29.40;17.04;63.51;0.675;16.27;-19.64;1
127654;20.67;8.26;34.01;2.537;-16.93;-5.92;1
127680;31.10;16.48;64.35;2.497;-23.54;11.30;1
127724;27.83;14.49;59.23;0.959;1.18;23.90;1
128153;22.49;8.64;37.64;0.705;11.42;-14.36;1
128162;22.53;8.32;37.48;1.666;-8.93;15.54;1
128195;21.73;9.06;38.48;0.849;17.46;-1.81;1
128655;30.14;14.64;60.03;2.405;-18.45;16.97;1
128674;30.34;15.26;63.25;2.574;-24.32;9.07;1
128706;29.55;15.35;65.19;0.963;8.46;24.81;1
129157;20.84;7.30;34.53;0.994;-2.63;17.29;1
129179;33.04;16.49;68.43;0.659;23.84;-15.31;1
129198;29.31;14.69;59.77;0.993;-0.47;24.17;1
129203;22.42;8.61;37.85;0.604;1.93;-18.95;1
129212;23.11;7.97;36.88;1.808;-17.29;-8.88;1
129653;29.46;14.88;61.72;1.005;4.72;24.29;1
129673;28.68;14.85;60.64;0.796;23.88;-0.01;1
129677;21.69;8.08;36.01;2.609;-17.79;-4.41;1
129698;22.74;8.39;37.64;0.736;-1.86;-19.32;1
130149;22.97;8.46;38.08;0.511;-17.11;-10.59;1
130166;30.23;15.41;61.77;0.685;25.38;-8.14;1
130202;22.09;8.65;37.01;0.791;19.12;3.17;1
130647;22.62;8.67;37.22;2.630;-19.05;-3.48;1
130664;20.02;7.14;32.06;1.030;-6.12;15.74;1
130685;29.50;14.87;62.17;0.787;21.06;14.88;1
130708;20.12;7.20;33.54;2.625;-17.34;-1.27;1
131160;30.71;15.59;64.03;0.491;-17.66;-20.73;1
131177;19.19;7.04;33.96;0.733;15.35;7.62;1
131207;30.01;14.87;61.85;2.432;-20.56;16.24;1
131212;30.35;14.98;65.01;2.640;-26.49;-0.96;1
131647;21.63;8.49;36.69;0.609;9.70;-16.31;1
131673;33.55;16.93;69.64;0.564;-5.08;-28.43;1
131717;29.86;14.33;60.02;0.449;-7.17;-26.23;1
132163;29.41;14.90;62.65;0.741;22.83;13.15;1
132195;21.18;8.33;37.01;0.535;5.20;-18.30;1
132229;31.01;16.23;73.44;2.623;-26.81;2.81;1
132642;33.62;17.44;73.41;0.696;24.52;-15.02;1
132662;29.35;14.79;63.70;0.771;20.86;15.63;1
132666;32.35;16.64;66.85;0.922;11.80;25.73;1
132699;30.09;14.99;63.89;0.646;25.69;-7.33;1
133152;33.73;17.28;72.25;0.626;23.81;-18.03;1
133169;30.43;15.12;62.97;0.558;-22.88;-12.45;1
133173;20.21;7.22;33.02;2.676;-17.37;-3.56;1
133193;22.37;8.04;35.85;0.666;19.38;-3.60;1
133664;29.05;15.17;62.63;0.631;12.16;-21.61;1
133682;30.17;15.31;62.39;2.588;-25.63;3.12;1
133725;28.15;15.40;64.44;0.984;13.42;19.85;1
134157;33.94;17.13;71.47;0.901;8.42;28.10;1
134175;28.85;14.71;59.09;0.681;24.25;-7.36;1
134197;30.42;15.73;64.14;0.477;-11.11;-25.00;1
134202;19.71;7.87;33.73;0.476;-2.39;-17.77;1
134653;19.54;7.51;33.06;0.778;16.43;4.69;1
134683;29.60;15.62;62.97;0.725;22.16;-11.48;1
134717;22.45;8.50;38.12;0.590;4.90;-18.73;1
134720;30.66;15.29;63.25;0.556;-21.01;-15.75;1
135168;34.32;17.04;70.94;0.492;-19.60;-23.32;1
135212;29.75;15.81;65.86;0.632;19.90;-17.09;1
135216;30.19;15.71;66.07;0.526;-10.80;-24.16;1
135239;33.07;17.61;71.59;0.726;24.19;-13.02;1
135243;29.25;15.41;62.94;1.006;2.86;24.91;1
135257;21.62;8.24;37.64;1.038;0.13;18.29;1
135663;30.26;15.33;63.57;2.575;-25.71;2.39;1
135679;21.54;8.49;36.06;1.147;-7.42;15.99;1
135683;28.95;15.66;63.03;0.577;-13.96;-20.17;1
135702;18.90;7.88;35.23;0.905;13.45;8.94;1
135717;32.86;17.14;70.72;0.905;8.61;26.43;1
136157;21.56;8.61;37.22;0.803;17.12;6.29;1
136178;21.43;8.64;37.00;0.838;16.83;4.71;1
136205;35.16;17.40;72.72;2.601;-28.96;11.21;1
136209;34.15;17.27;72.42;0.857;12.98;27.12;1
136642;30.38;15.81;64.82;1.892;-19.54;18.88;1
136665;20.40;8.20;35.74;1.570;-16.91;-7.30;1
136694;34.27;19.33;76.24;0.553;-12.55;-27.09;1
137144;20.59;8.59;35.23;2.606;-17.91;-0.59;1
137175;29.60;17.29;69.35;0.881;18.16;17.66;1
137203;23.42;10.34;41.11;0.599;9.72;-18.38;1
137206;20.53;8.79;36.50;2.260;-17.24;-6.03;1
137647;27.61;14.83;58.52;0.858;10.59;22.25;1
137659;30.10;16.28;65.00;0.747;23.91;12.75;1
137683;20.66;9.20;38.12;0.688;2.30;-18.42;1
137687;31.22;17.09;67.62;0.623;23.78;-14.65;1
138160;29.16;16.08;62.36;0.760;24.91;-4.26;1
138190;30.05;16.04;64.20;2.518;-23.16;11.14;1
138224;20.44;8.31;33.96;0.545;7.52;-16.51;1
138665;22.31;9.33;38.60;0.547;-0.51;-19.71;1
138689;29.62;16.49;65.80;0.488;-14.66;-22.27;1
138710;21.32;9.72;38.47;0.814;16.85;-3.88;1
138714;19.00;8.61;33.38;0.636;-0.30;-16.14;1
138718;30.19;16.23;65.25;2.695;-27.38;1.25;1
139152;20.73;8.42;35.06;2.659;-17.82;-3.30;1
139175;19.70;8.46;33.53;0.845;14.82;8.27;1
139202;19.59;8.66;36.14;0.802;15.60;6.38;1
139212;22.28;9.81;45.19;0.670;-2.39;-18.23;1
139658;20.85;8.89;34.44;1.969;-10.50;14.78;1
139671;20.92;9.40;35.17;0.577;7.89;-16.97;1
139695;32.18;18.13;69.07;0.549;-21.52;-18.30;1
140155;21.18;9.45;35.85;0.502;-15.47;-10.97;1
140173;21.00;9.48;36.25;0.545;-5.23;-17.90;1
140201;20.46;9.70;36.22;0.599;0.04;-17.93;1
140652;20.43;9.46;35.90;0.829;16.24;6.44;1
140666;30.34;17.83;67.90;0.749;24.74;-7.73;1
140688;20.66;9.51;36.06;0.593;8.73;-16.24;1
140692;21.00;9.81;38.47;0.552;-0.94;-18.75;1
141156;27.65;16.12;58.87;0.977;-21.90;-8.98;1
141165;20.64;9.80;37.85;0.679;6.62;-16.32;1
141168;27.32;15.67;59.54;2.611;-23.70;0.22;1
141197;29.93;17.90;66.07;0.725;18.50;-17.49;1
141201;25.52;15.53;58.83;0.898;19.84;7.84;1
141652;30.51;18.10;67.68;0.843;21.76;16.53;1
141669;28.43;16.04;60.90;0.515;-22.32;-11.91;1
141675;30.09;17.55;65.76;2.448;-20.98;14.50;1
141709;20.54;8.82;35.06;1.007;-4.02;17.36;1
141713;28.24;16.07;60.21;0.567;-2.50;-24.83;1
142151;20.28;8.95;34.93;2.306;-10.19;13.69;1
142164;29.67;17.82;67.01;0.956;18.96;17.28;1
142168;29.95;17.54;66.84;0.947;13.67;22.03;1
142190;26.87;14.97;58.46;0.987;-4.43;23.06;1
142199;19.69;8.81;35.01;1.054;-2.92;16.11;1
142719;29.75;17.48;69.78;0.874;12.60;21.97;1
142736;29.76;18.20;72.11;0.818;23.26;-7.47;1
142765;30.15;17.51;71.06;0.967;8.25;25.12;1
142769;29.86;17.13;69.84;0.610;-9.50;-23.57;1
143150;21.77;11.15;41.62;0.772;12.00;-13.62;1
143176;20.25;9.64;35.11;0.657;8.56;-15.28;1
143180;31.04;17.58;67.48;2.412;-20.67;15.76;1
143213;26.65;15.96;61.61;0.690;-14.13;-16.32;1
143704;20.65;9.12;34.93;0.594;-15.86;-7.78;1
143722;19.66;8.93;34.13;1.135;-2.44;16.70;1
143758;20.70;8.84;35.69;2.599;-17.90;0.46;1
144163;30.82;17.94;68.25;0.599;-18.98;-18.14;1
144180;20.14;9.29;35.47;0.764;17.09;-3.21;1
144217;30.58;16.98;66.27;2.564;-25.77;7.54;1
144220;20.13;8.43;38.33;1.034;-5.87;16.23;1
144676;20.13;8.74;39.12;2.565;-16.11;-2.62;1
144692;19.89;9.01;34.13;0.792;17.14;2.91;1
144703;20.44;9.17;35.47;0.600;-2.61;-17.43;1
144751;30.85;17.46;65.80;0.704;23.05;-13.13;1
144774;20.48;9.07;34.48;0.559;-1.98;-17.97;1
144780;26.89;15.32;57.63;2.351;-14.31;16.99;1
145150;20.23;8.55;34.79;0.960;1.64;17.35;1
145168;30.76;18.35;71.59;0.770;24.35;-9.02;1
145191;26.95;15.22;58.08;0.985;-1.87;23.33;1
145195;20.57;8.52;34.79;2.557;-17.30;4.26;1
145649;19.42;8.47;33.84;0.755;16.46;-3.01;1
145668;30.25;16.85;65.19;2.404;-20.24;14.58;1
145701;19.65;8.77;37.12;2.403;-12.16;10.51;1
145705;19.60;8.36;32.98;2.233;-8.75;13.52;1
146147;27.22;15.38;59.36;0.669;17.87;-15.79;1
146162;30.23;16.86;66.37;0.649;-7.67;-24.00;1
146183;29.87;16.22;65.31;2.548;-24.74;-0.85;1
146186;19.83;8.47;33.14;1.169;-5.62;16.02;1
146657;20.20;7.85;33.54;1.115;-1.81;17.04;1
146669;28.99;14.39;59.09;2.688;-25.70;7.17;1
146694;29.44;14.63;61.98;0.408;-11.24;-24.91;1
146698;21.20;8.04;36.88;1.121;-8.13;16.95;1
147144;33.45;13.54;53.37;1.049;-15.92;28.57;1
147164;30.63;11.53;45.34;0.980;-25.15;16.04;1
147190;33.55;13.45;54.71;0.461;31.04;-11.26;1
147194;32.90;12.11;51.00;0.294;7.41;-31.19;1
147681;33.42;13.78;56.30;0.738;19.18;26.26;1
147693;31.43;12.47;53.15;0.849;-7.83;29.24;1
147714;32.38;13.06;56.36;0.366;15.76;-26.96;1
148143;31.42;12.74;51.88;0.729;17.23;25.75;1
148159;32.33;12.42;49.41;0.950;-25.29;19.39;1
148163;32.18;12.49;49.50;0.205;-3.74;-31.57;1
148190;28.46;11.61;53.46;0.337;19.50;-20.14;1
148652;29.90;12.19;50.61;0.218;-22.63;-18.41;1
148671;33.21;13.28;55.90;0.242;-20.49;-25.07;1
148699;32.95;13.44;54.67;0.744;18.62;25.92;1
148703;33.58;13.26;57.25;0.610;28.57;15.28;1
149180;31.35;14.10;57.27;0.399;8.30;-28.67;1
149195;32.02;13.82;56.64;1.237;-25.60;16.01;1
149235;31.41;12.84;54.42;0.585;15.49;-25.33;1
149656;28.19;14.50;59.08;0.570;20.20;-15.59;1
149674;32.27;16.02;65.62;2.640;-28.44;4.17;1
149700;21.05;7.68;34.79;0.898;1.56;18.74;1
149704;20.39;7.88;33.14;0.776;17.36;4.78;1
150167;28.59;15.86;63.66;0.832;22.01;13.63;1
150179;21.55;8.20;34.93;0.903;1.42;19.26;1
150209;22.64;8.20;39.01;2.738;-20.46;-2.60;1
150650;29.00;15.28;60.42;0.956;-11.56;23.53;1
150665;27.60;15.52;59.30;1.077;-1.09;24.57;1
150687;28.13;15.67;61.13;0.664;25.30;-4.44;1
150692;27.97;15.43;58.52;0.893;11.88;22.27;1
151157;31.52;17.39;70.33;2.481;-23.63;14.17;1
151175;30.65;17.19;66.64;0.798;21.89;15.35;1
151199;20.60;9.03;37.16;2.540;-17.17;4.04;1
151649;19.26;8.33;35.47;0.546;-0.15;-17.11;1
151668;29.09;15.50;60.80;0.497;-12.25;-23.00;1
151707;21.70;8.98;36.67;0.508;-6.04;-18.50;1
152151;28.09;15.59;61.06;2.529;-22.58;8.60;1
152165;21.44;8.87;36.06;2.622;-18.76;3.34;1
152188;28.42;15.05;59.67;2.446;-19.95;15.51;1
152196;19.17;8.95;40.25;0.763;16.11;4.77;1
152648;28.36;15.87;62.65;0.675;23.65;-8.23;1
152667;27.70;14.92;64.03;0.968;2.16;23.53;1
152693;35.06;20.32;78.60;0.610;-14.38;-26.12;1
152697;28.74;16.92;65.19;0.760;18.15;-15.63;1
153154;20.91;9.07;35.44;2.639;-18.36;1.26;1
153184;30.90;17.32;66.85;0.738;25.75;-7.12;1
153207;20.48;9.05;34.18;0.760;17.07;-2.36;1
153212;27.87;15.42;62.37;0.556;-2.50;-24.38;1
153648;20.77;9.08;36.06;0.567;-15.88;-8.35;1
153659;31.51;17.64;68.41;0.667;23.47;-14.37;1
153716;30.68;17.40;68.43;0.981;9.12;24.85;1
154144;20.05;8.48;33.29;1.862;-9.49;14.00;1
154163;31.09;17.34;69.77;0.999;3.91;25.42;1
154202;20.06;8.49;34.93;0.978;3.32;17.27;1
154207;30.45;17.04;68.12;0.971;12.30;22.93;1
154656;28.67;15.13;61.68;1.073;-22.80;-11.41;1
154680;20.77;8.47;35.01;0.937;-2.66;18.05;1
154714;20.71;9.05;36.50;2.652;-18.46;-0.53;1
155154;28.57;15.06;59.81;0.940;-21.98;-11.85;1
155200;30.34;17.12;68.12;0.851;17.92;19.16;1
155330;20.80;8.54;36.40;2.619;-18.06;2.10;1
155661;29.42;16.87;65.60;1.056;10.33;22.05;1
155681;34.28;18.49;74.63;2.495;-25.69;13.40;1
155702;29.98;17.08;69.35;0.877;21.98;-7.18;1
155708;30.65;17.20;74.28;0.689;18.75;-18.32;1
156152;20.13;8.15;34.18;0.673;17.51;-3.32;1
156172;21.31;8.65;37.00;2.628;-18.72;2.10;1
156198;19.77;8.10;34.93;2.455;-13.94;7.50;1
156202;28.94;16.16;62.13;0.895;17.68;16.68;1
156656;30.42;16.85;66.53;0.534;-17.21;-20.52;1
156671;27.84;14.90;63.51;2.427;-18.44;13.83;1
156674;19.77;8.69;36.69;0.937;13.72;8.34;1
156706;30.76;16.25;68.60;2.476;-21.89;13.76;1
156710;29.96;17.10;70.84;0.670;19.88;-17.25;1
157149;20.72;8.55;37.59;0.584;-4.89;-17.10;1
157173;30.00;17.31;65.80;0.691;17.94;-18.67;1
157215;29.83;15.94;62.97;0.954;4.65;24.77;1
157648;19.81;8.40;33.84;0.744;16.75;-2.17;1
157660;20.02;8.99;34.37;0.698;6.44;-15.39;1
157664;19.41;8.47;33.96;0.765;16.22;-2.30;1
157684;20.90;8.46;35.17;2.622;-18.11;-0.69;1
157690;19.73;8.24;36.25;0.583;10.91;-13.43;1
158145;30.82;16.60;68.62;0.510;-18.50;-20.02;1
158156;19.89;9.02;36.50;0.679;6.25;-15.50;1
158159;29.13;16.31;65.60;0.914;16.10;17.74;1
158195;19.59;8.36;34.37;2.521;-15.32;-2.51;1
158656;29.14;16.44;65.86;0.865;14.68;20.70;1
158669;31.09;17.33;68.26;0.547;-10.26;-25.16;1
158688;19.81;8.33;35.44;0.885;13.34;9.31;1
158702;20.00;8.24;34.13;0.776;16.52;4.87;1
159157;31.02;16.58;66.65;2.532;-25.30;7.43;1
159174;21.59;9.34;39.46;1.230;-8.18;15.79;1
159200;30.42;16.60;67.62;0.948;11.14;22.46;1
159205;20.69;8.74;34.53;0.596;1.20;-17.88;1
159654;19.39;8.80;33.96;0.862;16.08;0.14;1
159676;19.49;8.47;34.53;0.871;14.79;7.22;1
159698;19.39;8.17;33.73;1.088;0.83;16.57;1
159702;20.38;7.94;36.25;2.325;-11.90;12.77;1
160149;19.08;8.13;33.06;1.139;-4.03;14.95;1
160166;22.61;9.50;40.26;2.084;-10.04;15.81;1
160187;30.23;16.75;65.76;2.486;-24.32;6.06;1
160191;19.97;8.51;34.71;2.576;-16.59;-1.28;1
160210;29.85;16.51;65.52;1.021;1.47;24.31;1
160649;22.35;10.20;39.46;0.687;2.63;-18.22;1
160664;19.52;8.35;34.37;0.892;13.93;7.21;1
160668;29.28;16.95;65.19;0.996;17.98;15.76;1
160697;30.60;16.87;66.31;0.711;12.49;-23.87;1
160701;20.75;8.33;34.53;0.561;0.12;-18.20;1
161143;31.42;16.84;69.20;0.534;-21.45;-17.23;1
161165;30.11;16.81;66.04;2.346;-15.99;19.20;1
161191;21.41;8.69;36.40;0.501;-15.83;-10.53;1
161195;20.45;8.56;34.93;0.702;17.43;-3.74;1
161644;28.31;15.65;65.00;0.524;-7.68;-23.96;1
161658;28.53;15.49;61.20;0.502;-3.54;-25.48;1
161678;21.55;8.44;37.36;1.079;-17.60;-7.57;1
161684;20.96;8.69;37.59;0.507;-13.38;-12.99;1
162155;28.15;15.41;59.03;2.453;-19.35;15.58;1
162169;32.08;16.76;67.19;0.495;-24.86;-14.30;1
162172;20.02;8.61;35.00;0.808;16.91;3.49;1
162190;21.21;8.92;35.74;2.642;-18.78;3.77;1
162199;21.17;8.92;35.23;0.582;4.91;-17.95;1
162656;27.85;15.70;60.13;0.716;23.23;-8.22;1
162671;28.39;15.42;61.68;0.659;24.64;-6.16;1
162702;20.11;8.51;36.06;0.950;1.91;17.28;1
163164;27.64;15.42;62.48;0.883;14.16;20.24;1
163179;29.80;17.14;66.71;1.032;10.54;23.02;1
163182;20.01;8.86;35.47;0.677;17.02;-5.74;1
163220;30.07;16.62;70.29;0.917;12.17;22.42;1
163224;20.27;9.15;36.14;0.667;7.49;-15.55;1
163663;28.55;15.75;61.81;0.574;3.35;-24.84;1
163687;28.85;15.00;60.73;2.574;-23.27;11.49;1
163691;29.85;15.36;61.72;0.439;-22.13;-16.00;1
163726;21.83;8.87;36.06;0.495;2.86;-19.75;1
164161;21.07;9.18;36.06;0.577;2.95;-18.33;1
164179;20.43;8.51;34.93;1.236;-8.34;15.25;1
164203;20.78;8.82;35.06;1.092;-2.80;18.27;1
164207;28.42;14.98;62.13;0.954;-4.84;25.09;1
164654;20.20;9.01;37.16;1.019;5.07;17.00;1
164678;20.78;8.50;34.71;0.973;-0.50;17.47;1
164709;32.04;17.07;66.85;0.809;13.06;25.32;1
164714;20.79;8.27;35.36;0.951;-0.49;18.18;1
165160;28.52;15.64;59.67;0.522;-16.79;-18.67;1
165171;21.08;8.31;34.54;2.058;-12.41;13.45;1
165192;20.62;8.63;34.79;2.144;-11.64;13.50;1
165648;20.93;8.48;34.93;0.934;5.21;18.02;1
165670;33.06;17.48;69.03;0.512;-19.45;-21.92;1
165673;27.84;15.51;60.14;0.698;20.40;-12.95;1
165715;21.16;8.48;34.93;1.090;-6.98;17.12;1
166144;21.20;8.34;35.74;1.098;-9.55;16.16;1
166154;21.41;8.67;35.47;0.549;-3.40;-18.50;1
166183;27.91;14.85;60.54;0.872;13.16;21.39;1
166187;28.98;14.73;63.13;1.367;-17.17;19.21;1
166647;32.04;16.06;67.80;0.455;-16.65;-23.82;1
166660;20.36;8.13;34.48;0.751;17.37;-0.76;1
166664;31.25;16.62;67.90;0.596;17.99;-21.27;1
166704;29.37;14.93;60.31;0.496;-13.62;-22.49;1
166708;19.90;8.31;34.37;1.155;-5.19;16.28;1
167147;20.35;7.50;32.76;1.018;-2.79;16.76;1
167161;20.68;8.09;35.23;1.425;-6.45;15.90;1
167184;31.80;16.89;67.19;2.616;-27.69;4.75;1
167188;27.12;14.88;58.69;0.969;13.22;18.58;1
167641;29.37;15.54;62.13;0.546;22.77;-13.90;1
167666;31.32;16.57;64.94;2.601;-27.26;5.16;1
167699;18.52;7.35;32.14;0.762;15.42;4.59;1
168156;32.02;16.93;68.60;0.544;23.27;-18.52;1
168172;31.61;16.79;66.04;0.794;21.64;17.77;1
168178;21.25;8.44;40.16;0.414;-5.30;-19.06;1
168200;21.63;8.23;36.06;2.604;-18.61;3.02;1
168661;21.89;8.07;35.34;0.530;-15.09;-11.76;1
168684;20.29;8.45;40.26;0.941;3.11;17.11;1
168694;29.32;15.43;65.73;0.397;-13.49;-23.77;1
168713;28.16;14.65;58.87;0.779;20.91;13.14;1
168717;19.33;8.07;33.02;0.494;3.30;-17.42;1
168721;29.16;15.46;62.29;2.476;-20.78;15.92;1
169149;20.94;9.07;35.69;0.580;0.17;-18.28;1
169179;26.02;13.77;57.78;0.649;23.07;-3.91;1
169183;28.78;15.23;65.12;0.482;-14.18;-21.48;1
169215;31.98;16.52;69.34;2.573;-26.18;9.97;1
169661;30.42;17.17;66.48;0.900;21.96;14.11;1
169690;20.82;8.34;34.93;0.987;1.49;18.37;1
169695;28.06;14.79;60.31;0.854;13.06;20.95;1
169734;21.84;8.45;37.58;0.547;-6.68;-17.87;1
170154;31.75;16.90;67.47;0.673;26.22;-9.20;1
170175;21.56;8.36;34.53;0.555;7.66;-17.61;1
170215;20.57;8.68;34.79;0.867;15.87;8.42;1
170654;29.79;15.13;61.98;2.575;-23.96;11.09;1
170696;20.82;8.66;37.58;0.545;11.04;-15.45;1
170718;21.35;8.48;36.22;1.004;-2.56;18.01;1
170722;32.15;16.90;67.96;0.544;-16.94;-22.28;1
170725;26.81;14.79;59.46;0.884;19.62;10.86;1
171155;20.62;8.66;36.24;0.713;17.05;-5.62;1
171166;21.79;8.46;36.35;2.604;-18.80;-0.24;1
171198;19.87;8.42;33.96;0.836;15.28;7.92;1
171657;20.52;8.42;35.17;1.216;-8.57;15.04;1
171672;28.30;15.06;63.32;0.880;9.55;22.91;1
171676;28.74;14.80;59.64;2.324;-19.14;16.71;1
171711;28.54;15.01;60.88;2.364;-19.38;16.34;1
171715;28.86;14.91;59.48;0.911;4.78;24.98;1
172154;27.84;14.70;59.46;0.918;4.68;23.76;1
172188;21.03;8.56;35.01;0.538;2.28;-18.62;1
172224;20.43;8.48;34.18;0.709;17.20;-3.99;1
172228;28.51;14.88;59.55;0.504;-16.81;-18.86;1
172682;28.56;14.49;61.35;2.620;-24.88;4.01;1
172694;30.88;15.85;61.22;0.595;18.95;-20.05;1
172698;27.96;13.93;56.60;0.836;8.11;23.62;1
172732;21.93;7.50;35.17;2.708;-19.75;-1.28;1
173155;30.20;14.60;62.37;0.477;17.49;-22.05;1
173172;31.12;14.84;60.46;0.470;18.58;-22.50;1
173204;31.21;14.28;64.03;2.713;-28.03;5.45;1
173209;30.67;14.52;60.21;0.374;-0.33;-29.02;1
173214;31.24;14.58;59.20;0.413;11.56;-27.25;1
173655;31.17;15.32;61.85;0.850;16.17;23.05;1
173706;32.50;14.93;61.13;0.590;30.20;-2.13;1
173727;32.71;15.35;63.91;2.730;-30.30;4.25;1
173733;20.20;7.45;42.43;0.878;14.26;8.43;1
174173;32.25;16.32;65.00;1.162;-14.99;24.96;1
174205;18.83;7.20;36.24;1.075;-1.82;15.48;1
174231;29.27;14.46;59.41;1.529;-20.88;17.30;1
174648;29.86;14.64;58.19;0.647;26.14;10.40;1
174660;35.03;16.79;67.68;0.344;-26.26;-20.18;1
174681;30.60;15.34;61.68;0.319;-10.39;-27.46;1
174685;30.35;14.57;64.66;0.939;-17.04;23.53;1
175149;22.46;8.41;37.12;0.419;2.88;-20.94;1
175161;20.11;7.40;33.06;2.780;-18.83;-0.50;1
175194;20.52;8.37;35.90;0.733;18.38;3.49;1
175648;29.02;15.06;58.52;0.677;25.60;8.04;1
175665;29.61;14.94;59.51;0.811;10.14;25.50;1
175688;21.64;8.19;34.23;0.616;20.14;0.52;1
175692;29.61;15.06;59.17;0.485;15.42;-22.83;1
175701;33.17;16.96;67.42;1.142;-18.26;24.92;1
176164;30.58;15.13;59.68;0.406;5.86;-28.30;1
176176;29.27;14.93;59.21;0.582;26.69;-5.52;1
176181;30.23;15.00;59.48;0.393;-23.15;-16.00;1
176238;21.51;8.14;35.06;0.875;-0.26;19.96;1
176654;29.40;15.61;62.36;0.489;9.92;-25.26;1
176675;28.77;14.70;59.01;0.896;-2.14;26.41;1
176695;21.11;8.80;34.71;0.676;19.30;-2.71;1
176699;33.21;16.89;68.88;1.011;-21.54;21.87;1
177147;28.62;14.70;57.56;0.697;25.12;6.50;1
177165;21.77;7.68;33.84;0.858;2.50;19.86;1
177168;28.86;14.91;60.17;0.717;24.47;11.59;1
177193;21.57;8.45;34.53;0.468;7.03;-18.78;1
177200;29.50;14.97;58.80;0.519;20.11;-18.54;1
177647;21.36;8.60;34.18;0.603;18.37;-7.82;1
177665;29.94;15.12;59.67;0.399;-2.55;-28.03;1
177695;22.28;8.34;37.34;0.427;-2.94;-20.46;1
177698;28.81;14.97;59.94;0.726;24.56;10.47;1
178142;29.87;15.23;60.67;0.428;4.92;-27.68;1
178163;29.46;14.89;59.67;0.836;11.78;25.09;1
178191;27.70;14.76;58.00;0.841;17.83;18.56;1
178195;29.44;14.58;58.69;0.379;-18.39;-20.52;1
178643;29.84;15.26;62.94;0.465;17.38;-22.32;1
178656;20.76;7.48;33.24;0.351;2.65;-19.59;1
178678;21.40;7.60;34.21;0.655;17.73;9.82;1
178683;33.72;16.69;72.01;2.541;-29.43;12.26;1
179142;28.85;10.48;46.10;0.333;-11.18;-25.12;1
179156;30.23;15.00;58.94;0.393;8.63;-27.61;1
179186;21.17;8.10;34.54;0.715;17.06;9.20;1
179190;29.35;14.69;61.19;1.042;-25.55;-9.48;1
179645;21.33;7.93;34.79;0.695;17.39;9.26;1
179657;29.57;14.82;59.24;0.639;25.98;10.34;1
179701;21.89;7.48;34.53;0.833;1.86;20.50;1
180152;32.78;16.33;65.55;0.665;27.89;13.10;1
180164;29.87;15.00;60.01;2.674;-27.30;-6.50;1
180168;21.83;8.07;35.85;0.482;8.60;-18.27;1
180210;28.08;14.37;57.14;0.451;-0.25;-25.98;1
180665;32.46;16.85;68.01;1.151;-19.16;23.67;1
180683;29.95;14.83;60.01;0.391;5.73;-27.83;1
180719;30.41;15.31;63.79;2.756;-28.40;-5.90;1
180723;30.03;14.94;58.60;0.323;-24.51;-14.74;1
181142;30.19;15.17;60.01;0.373;1.40;-28.73;1
181158;30.44;14.69;59.81;0.553;26.53;-10.12;1
181180;22.03;7.40;34.06;0.869;-2.83;20.56;1
181193;31.04;14.48;58.67;0.326;-24.48;-16.49;1
181656;32.38;15.79;62.80;0.482;16.18;-25.66;1
181684;32.43;15.94;65.97;0.500;-3.29;-28.81;1
181715;33.51;15.98;67.80;0.366;-19.83;-24.29;1
181719;28.39;13.49;57.58;0.709;22.87;12.31;1
182155;32.71;15.76;65.52;2.629;-28.33;6.84;1
182169;21.72;7.76;36.14;1.176;-17.81;-8.41;1
182200;30.86;15.70;65.12;2.529;-22.93;13.70;1
182205;30.50;15.85;63.35;0.738;25.36;-6.01;1
182651;20.44;7.88;32.25;0.788;17.05;5.16;1
182669;20.51;8.32;34.54;0.899;14.60;9.84;1
182702;27.89;14.20;58.00;2.527;-20.36;12.71;1
182706;30.55;16.21;64.66;0.564;-12.54;-22.93;1
183147;21.14;8.40;37.70;0.525;-1.98;-18.64;1
183160;31.76;16.43;66.47;0.533;-15.07;-23.12;1
183164;20.51;7.98;35.23;2.671;-17.01;-5.57;1
183184;20.12;7.89;33.96;0.739;17.20;-0.07;1
183188;21.19;8.14;35.23;1.557;-16.83;-8.56;1
183647;30.75;16.46;71.59;2.439;-19.24;17.54;1
183658;31.21;16.39;66.57;0.592;-18.36;-18.96;1
183693;31.77;16.63;67.62;0.532;-13.96;-24.12;1
184148;20.06;8.19;34.18;0.846;14.29;8.88;1
184165;30.32;16.51;65.79;0.948;4.83;25.54;1
184169;30.99;16.80;66.03;0.534;-12.24;-24.31;1
184204;22.38;9.55;39.46;0.783;18.82;0.75;1
184208;29.78;15.75;64.85;2.057;-14.06;20.87;1
184658;22.72;9.93;39.81;0.732;12.08;-14.26;1
184725;31.00;16.47;66.73;2.565;-25.64;7.75;1
184749;21.48;7.99;35.06;2.659;-17.76;-5.17;1
185153;20.65;7.95;33.96;0.971;-0.91;17.66;1
185170;30.19;16.42;64.20;0.943;12.46;23.13;1
185190;20.68;8.04;34.79;1.633;-10.59;14.33;1
185194;20.78;8.28;34.18;2.016;-11.02;13.80;1
185199;20.31;8.26;33.54;0.601;6.60;-16.40;1
185669;21.25;8.14;34.71;0.572;-1.65;-18.17;1
185687;31.90;16.98;66.48;0.568;-17.38;-21.12;1
185691;31.77;16.38;68.41;2.542;-24.76;12.40;1
185712;31.83;16.34;68.88;2.604;-26.99;7.26;1
185717;32.15;16.91;69.35;0.534;-14.83;-23.98;1
185721;21.67;9.17;39.05;0.852;17.00;4.35;1
186152;31.06;16.30;62.80;0.890;12.00;23.83;1
186163;31.84;17.13;67.12;0.638;16.02;-22.34;1
186196;31.52;16.72;65.76;0.563;-20.90;-17.04;1
186204;20.55;8.57;36.88;0.560;-1.55;-17.93;1
186662;20.51;8.55;35.47;0.615;-1.81;-17.29;1
186678;20.25;8.18;33.73;0.612;-0.14;-17.27;1
186687;19.84;7.79;33.53;0.856;13.27;9.83;1
186715;29.84;16.40;64.35;0.586;-18.16;-17.41;1
187154;30.92;16.65;67.60;0.596;-7.24;-25.25;1
187172;30.46;16.54;65.00;0.664;23.36;-11.59;1
187175;19.33;7.82;34.13;0.841;15.17;4.13;1
187208;35.84;18.49;78.00;2.541;-29.19;9.36;1
187648;30.90;15.92;65.60;2.449;-19.85;17.14;1
187663;30.72;16.28;65.00;2.449;-21.13;13.03;1
187688;31.86;16.47;67.01;0.524;-12.34;-25.12;1
188151;31.95;16.78;67.54;0.581;-6.67;-26.52;1
188166;30.96;15.72;64.40;2.486;-23.13;10.04;1
188201;35.29;18.16;73.66;2.493;-26.01;13.54;1
188205;30.72;16.33;65.00;0.562;-20.91;-15.83;1
188651;30.95;16.06;67.54;2.539;-25.50;5.22;1
188678;27.56;14.61;58.46;1.961;-20.68;-10.12;1
188709;20.35;8.30;34.00;0.606;3.53;-17.14;1
188713;19.52;8.13;34.01;0.875;15.44;3.26;1
189169;20.07;7.93;33.53;0.767;16.90;0.69;1
189182;21.11;8.06;36.06;2.573;-17.86;0.29;1
189205;30.76;16.26;65.07;0.928;14.89;21.65;1
189225;20.51;7.46;34.00;1.013;-4.14;16.74;1
189642;31.53;16.08;67.20;2.409;-18.79;18.39;1
189660;31.61;16.27;71.03;0.570;24.32;-15.49;1
189695;22.66;9.54;39.82;0.626;-12.02;-14.21;1
190141;19.99;7.38;32.76;0.990;-0.67;16.69;1
190155;29.89;16.26;64.38;0.983;12.77;19.59;1
190190;30.17;16.54;68.26;0.747;22.33;-11.62;1
190654;31.02;16.25;65.80;0.629;-19.36;-16.58;1
190664;27.68;14.71;61.13;0.731;23.86;3.83;1
190668;19.56;7.66;33.14;1.163;-4.90;15.67;1
190705;30.62;15.52;64.50;2.431;-18.55;17.83;1
191168;30.93;16.26;68.12;2.437;-20.12;15.50;1
191179;31.81;16.33;66.21;0.802;-20.52;-16.93;1
191211;28.97;15.48;63.89;2.406;-16.83;16.38;1
191215;29.52;15.62;63.25;0.955;12.71;19.89;1
191641;30.84;15.84;65.30;0.895;12.00;23.49;1
191650;22.89;9.57;39.05;0.722;8.61;-16.35;1
191679;30.68;16.40;65.86;0.702;21.89;-14.47;1
191683;20.20;7.51;32.56;0.974;-2.31;17.21;1
192159;21.04;8.16;36.67;2.578;-17.54;3.51;1
192173;30.44;17.03;65.86;0.722;20.54;-15.34;1
192198;20.66;8.38;36.12;2.638;-17.32;-3.52;1
192202;27.52;14.35;57.58;0.895;4.67;23.83;1
192654;20.30;7.97;34.48;1.573;-9.28;14.24;1
192666;22.38;8.94;37.12;1.169;-6.77;17.07;1
192701;20.88;8.22;33.84;0.617;8.72;-15.83;1
193163;31.01;16.52;66.71;2.542;-23.85;12.61;1
193176;32.02;17.40;67.12;0.498;-9.63;-27.09;1
193216;20.81;8.63;35.23;0.548;4.47;-18.07;1
193653;21.48;8.94;36.77;0.501;-4.87;-18.69;1
193669;27.89;15.42;60.22;0.599;16.42;-18.72;1
193690;32.45;17.27;68.41;0.511;-19.24;-21.49;1
193694;20.54;8.46;35.23;0.695;18.24;0.01;1
194151;21.27;7.96;34.23;1.001;-0.47;18.82;1
194171;28.79;15.18;60.53;0.660;25.96;-3.85;1
194176;29.14;14.94;59.81;0.707;25.64;8.62;1
194199;29.63;14.81;58.73;0.442;-14.25;-23.06;1
194203;21.07;8.30;35.74;0.832;16.19;9.74;1
194206;30.15;15.12;61.68;0.440;-24.66;-12.22;1
194648;29.01;15.25;59.67;0.649;25.19;-8.48;1
194661;29.63;14.70;59.82;0.787;14.59;22.81;1
194683;29.34;14.52;59.41;0.753;18.40;19.63;1
194687;28.85;14.81;61.85;0.867;11.88;23.56;1
195159;29.45;14.86;61.29;0.569;26.03;-8.48;1
195171;20.32;7.78;35.23;0.774;-1.67;-18.71;1
195204;20.33;8.39;35.17;0.836;16.05;8.46;1
195209;31.89;16.36;66.27;0.878;6.06;27.84;1
195651;21.47;8.06;35.47;0.716;18.28;5.98;1
195671;34.04;16.63;68.82;0.425;-23.19;-20.87;1
195700;32.17;16.51;66.24;0.627;26.60;-11.76;1
196145;22.38;8.38;36.67;2.694;-20.21;-0.12;1
196160;18.76;8.11;41.68;1.000;3.88;16.22;1
196185;33.13;16.84;70.80;2.576;-26.84;12.37;1
196649;30.30;14.59;60.75;2.488;-23.35;14.60;1
196665;33.50;17.05;67.12;2.638;-29.31;10.47;1
196697;30.24;15.09;65.12;0.407;-18.01;-21.42;1
197149;19.98;7.35;33.73;0.607;5.36;-17.83;1
197192;29.85;15.22;59.93;0.531;14.43;-23.11;1
197335;21.24;8.28;34.48;0.798;14.72;12.65;1
197346;30.06;15.15;59.68;2.741;-27.19;-6.48;1
197684;21.30;8.04;34.18;0.866;4.23;18.78;1
197699;23.52;9.40;40.00;0.726;20.45;3.56;1
197702;31.95;16.88;68.68;2.436;-23.37;17.33;1
197723;21.31;7.77;34.21;0.979;-6.24;17.81;1
198162;21.68;8.28;34.93;0.531;11.26;-16.19;1
198186;30.24;15.21;64.66;0.394;-17.95;-21.61;1
198204;28.84;14.92;58.82;0.597;22.69;-13.30;1
198208;20.24;8.24;44.72;0.412;2.03;-18.79;1
198652;20.89;7.92;36.12;1.004;-7.16;16.77;1
198674;23.70;9.23;38.91;2.631;-20.57;4.18;1
198678;27.49;14.45;57.25;0.677;23.61;-5.29;1
198705;32.38;16.74;66.03;1.096;-17.45;23.64;1
198709;31.15;15.73;67.62;0.892;16.21;21.10;1
199153;31.30;16.91;66.41;0.616;-3.28;-26.22;1
199168;32.47;16.77;67.01;0.584;-11.78;-25.02;1
199187;20.25;8.08;34.13;1.128;-4.87;17.00;1
199190;30.61;16.27;65.00;0.890;19.36;17.61;1
199202;31.41;16.90;65.92;0.531;-4.62;-27.24;1
199341;30.79;16.65;65.19;0.694;18.92;-18.22;1
199662;20.17;8.03;33.06;0.814;16.66;4.27;1
199676;30.11;15.56;66.76;0.583;-13.79;-21.40;1
199778;21.39;8.08;36.01;0.577;4.68;-18.04;1
200155;29.98;16.23;63.60;0.720;19.69;-15.78;1
200184;32.90;16.12;66.71;2.618;-28.26;6.25;1
200211;31.31;16.05;65.12;2.513;-22.74;14.69;1
200216;31.15;16.19;64.03;0.704;26.25;-5.70;1
200654;20.03;8.36;34.18;0.710;16.74;-2.83;1
200669;31.68;16.34;70.94;0.524;-11.57;-25.32;1
200673;20.44;8.56;35.78;0.644;10.68;-13.90;1
200695;20.37;8.00;34.01;0.788;16.73;3.97;1
200699;19.78;7.67;33.24;1.458;-11.01;13.55;1
201155;20.74;7.69;33.73;1.044;-9.27;15.23;1
201169;31.98;16.56;66.71;0.488;-18.43;-21.77;1
201204;32.05;16.86;68.51;0.540;-10.74;-25.94;1
201657;20.34;8.09;34.18;0.869;14.42;9.51;1
201679;21.47;7.71;34.13;2.594;-17.19;-6.66;1
201714;28.25;14.49;59.48;0.534;-2.29;-24.79;1
201722;19.65;8.20;35.23;0.807;16.67;4.61;1
202151;31.13;16.69;67.62;0.617;-4.37;-25.70;1
202167;19.46;8.01;33.02;0.884;15.12;4.31;1
202187;31.02;16.03;65.37;2.498;-23.18;10.99;1
202224;22.96;9.22;38.47;2.393;-13.32;13.53;1
202645;22.71;9.22;37.95;0.745;12.40;-13.33;1
202671;31.36;16.40;65.80;0.596;-13.37;-22.72;1
202698;30.18;15.64;62.13;0.894;16.17;19.22;1
203146;30.49;16.38;64.29;0.725;14.09;-20.34;1
203159;20.78;7.76;33.62;1.124;-8.33;15.53;1
203181;29.85;15.75;62.27;0.952;13.39;21.03;1
203185;20.50;8.17;34.13;2.627;-16.33;-5.86;1
203658;31.49;16.00;66.73;2.549;-26.07;6.32;1
203670;18.44;7.16;34.21;0.978;0.87;15.39;1
203674;32.43;16.23;66.49;2.592;-27.54;6.66;1
203699;20.82;8.45;35.74;0.578;-13.99;-10.68;1
203705;20.25;8.10;34.01;2.551;-16.30;-1.86;1
203709;29.42;16.70;64.47;0.847;24.15;-4.58;1
204143;32.14;15.00;63.89;2.611;-27.38;5.37;1
204168;21.03;7.12;34.37;0.744;17.87;5.99;1
204203;31.58;15.78;66.48;0.732;26.94;-5.46;1
204207;31.24;15.24;62.77;0.810;22.54;16.10;1
204642;30.27;13.90;57.04;0.499;27.66;-8.54;1
204654;36.38;16.35;67.07;0.315;-11.05;-32.99;1
204682;31.25;14.76;58.55;2.787;-28.96;-5.48;1
204688;31.39;14.76;58.19;0.585;29.10;-6.88;1
205148;30.76;14.81;59.09;0.680;26.57;12.57;1
205165;22.21;7.65;33.24;0.991;-0.55;20.89;1
205199;29.62;14.24;60.00;0.873;0.81;27.21;1
205204;29.09;14.45;58.24;0.891;5.59;26.49;1
205657;30.62;15.02;58.41;0.793;17.57;22.67;1
205684;28.91;13.34;53.81;1.004;-21.83;16.66;1
205707;28.80;13.60;55.54;2.551;-25.54;10.36;1
205711;32.45;14.92;61.62;1.010;-24.41;18.46;1
206152;32.53;15.66;62.03;2.707;-29.91;8.04;1
206167;32.50;15.71;64.56;0.321;-9.32;-29.68;1
206187;20.71;7.44;36.40;0.953;-7.16;18.78;1
206191;32.32;15.30;63.56;2.644;-29.03;9.75;1
206195;28.45;13.29;55.32;1.057;-18.23;19.94;1
206655;32.30;15.77;62.36;0.351;-7.41;-29.79;1
206674;21.37;7.15;33.14;2.829;-20.16;-3.07;1
206693;30.04;15.50;60.01;0.665;28.34;1.46;1
206699;20.79;7.05;32.98;0.909;-7.14;18.29;1
207148;30.99;14.50;61.13;0.524;28.95;-6.15;1
207169;30.61;14.50;62.17;0.777;9.89;27.11;1
207193;31.33;14.53;59.48;1.960;-28.26;-9.33;1
207650;29.97;14.09;59.00;0.919;-1.91;28.49;1
207666;31.48;14.66;61.07;0.405;24.74;-17.70;1
207755;31.34;14.42;62.20;0.886;-5.71;28.87;1
208146;31.28;15.95;61.03;0.532;24.10;-17.25;1
208165;31.81;15.67;61.03;0.404;10.24;-28.71;1
208169;31.00;15.19;59.23;0.884;4.56;29.10;1
208199;32.82;15.24;62.43;0.306;-24.97;-18.99;1
208207;30.63;14.91;60.21;0.383;17.71;-23.30;1
208651;29.82;14.30;60.84;0.980;-15.22;22.78;1
208675;32.49;15.86;64.66;0.797;22.56;21.11;1
208680;30.46;13.85;58.00;0.944;-16.17;23.75;1
208705;29.13;13.85;58.14;0.978;-17.21;20.99;1
208709;21.09;7.61;33.96;0.687;19.09;0.34;1
209148;31.19;13.91;61.61;0.437;-22.81;-16.68;1
209168;22.25;6.67;33.38;0.677;18.94;7.39;1
209188;29.89;13.73;57.31;0.657;26.87;2.71;1
209192;31.05;14.37;61.91;0.401;-11.97;-26.08;1
209649;30.15;14.00;60.54;1.021;-18.65;19.69;1
209661;30.36;13.64;57.31;0.528;23.14;-15.70;1
209684;33.11;16.00;67.05;0.683;28.76;-6.93;1
209697;30.35;14.19;61.19;0.670;27.23;-2.82;1
210154;19.17;5.99;33.38;0.663;17.40;0.06;1
210173;23.85;6.61;35.44;2.677;-20.99;-1.50;1
210213;19.62;5.60;34.21;0.839;1.19;18.19;1
210223;29.03;14.35;65.19;0.640;14.74;-20.14;1
210227;21.65;6.78;37.48;0.979;2.04;16.67;1
210649;22.27;7.33;41.15;0.758;19.21;-0.47;1
210667;29.59;13.81;58.55;2.693;-26.47;-1.97;1
210687;29.88;13.48;57.69;0.627;24.96;-8.64;1
210691;30.51;14.12;59.08;0.546;20.36;-19.01;1
211141;32.64;15.57;82.57;0.693;28.11;-2.07;1
211167;30.84;13.87;59.01;0.503;6.40;-26.91;1
211197;34.40;16.14;68.01;2.598;-28.34;12.27;1
211201;29.73;13.58;59.09;0.568;15.59;-21.25;1
211643;21.41;7.32;34.48;0.724;18.44;-1.62;1
211659;33.47;15.69;68.10;2.607;-28.17;6.29;1
211682;32.38;15.36;65.95;0.709;24.51;-10.91;1
211686;29.33;14.03;67.12;0.839;19.16;16.96;1
212155;21.41;7.11;35.06;0.717;17.30;5.97;1
212184;33.18;15.91;68.24;0.857;20.53;20.13;1
212209;22.98;6.82;35.01;2.358;-19.20;-7.50;1
212212;29.19;13.31;57.43;0.717;24.36;8.37;1
212653;29.76;13.90;58.52;0.467;-17.92;-19.58;1
212685;30.11;13.75;61.03;0.593;22.45;-14.60;1
212714;21.24;6.82;34.06;1.041;-8.42;15.67;1
212717;20.98;7.45;34.23;1.152;-5.23;16.77;1
213142;30.77;14.11;60.01;2.672;-26.75;8.09;1
213153;22.07;7.21;34.79;1.133;-12.04;14.71;1
213183;22.58;6.80;33.84;1.013;-9.82;16.98;1
213187;22.24;7.06;34.48;0.676;19.49;-1.11;1
213190;30.23;14.10;66.73;2.475;-24.65;12.21;1
213640;31.35;14.25;62.24;0.384;-17.20;-23.46;1
213655;21.67;7.04;35.47;0.801;16.09;10.34;1
213699;30.16;13.41;57.94;0.707;23.26;14.79;1
213704;29.64;12.63;56.86;0.929;-7.38;25.57;1
214148;34.84;16.14;74.06;0.488;-16.12;-26.44;1
214163;21.95;6.99;33.96;0.939;0.62;20.05;1
214189;30.19;13.76;60.14;2.355;-20.96;15.73;1
214644;29.77;13.80;59.44;0.917;5.88;26.13;1
214665;30.02;13.76;58.90;0.821;12.40;23.84;1
214688;34.95;15.97;69.35;0.446;-17.83;-26.09;1
215155;23.46;7.20;35.47;2.670;-20.80;0.80;1
215174;30.01;14.15;60.42;0.756;23.82;13.18;1
215177;22.70;6.75;34.01;0.955;-6.02;19.21;1
215200;31.28;14.52;60.88;0.445;-1.29;-28.70;1
215208;34.43;16.28;73.35;2.568;-27.43;13.65;1
215654;30.30;14.37;59.62;0.713;26.68;-4.45;1
215667;22.77;7.37;35.13;0.534;5.99;-19.29;1
215691;29.51;14.21;58.52;0.578;13.28;-22.27;1
215695;29.81;14.10;61.59;1.098;-15.95;21.19;1
216170;22.26;7.32;35.23;0.727;19.52;1.88;1
216195;35.19;15.86;68.01;2.592;-28.66;12.77;1
216218;30.75;13.77;58.24;0.966;-10.88;25.28;1
216222;30.55;13.75;59.03;1.008;-12.46;23.50;1
216661;30.62;14.26;61.00;0.437;-7.48;-26.94;1
216673;23.82;6.75;35.36;2.759;-21.96;-1.32;1
216698;31.35;14.18;61.29;0.370;-20.72;-20.69;1
216703;30.44;14.22;61.40;2.413;-23.54;14.14;1
217145;35.00;15.92;69.07;2.615;-28.20;13.52;1
217175;31.64;14.26;61.40;0.381;-7.58;-28.63;1
217179;31.35;13.93;60.22;1.026;-21.06;19.12;1
217204;31.12;14.10;60.42;2.038;-25.55;-11.92;1
217208;29.43;14.10;67.68;0.817;16.67;20.88;1
217648;32.64;15.22;63.64;0.421;-7.68;-29.13;1
217659;31.05;15.18;61.35;0.730;25.91;11.94;1
217688;32.81;15.47;63.06;0.393;-9.51;-29.06;1
217691;33.26;15.18;63.79;2.724;-29.79;-8.17;1
218147;32.31;15.18;64.82;0.371;-20.11;-22.47;1
218168;32.16;16.02;63.56;0.621;28.30;-9.32;1
218267;31.75;15.39;60.88;0.762;27.06;11.39;1
218272;32.80;15.18;63.56;0.372;-5.01;-30.49;1
218645;28.88;13.13;56.08;0.421;-6.80;-25.72;1
218679;28.63;13.73;59.84;2.686;-25.69;2.80;1
218715;31.48;15.08;62.24;0.550;23.53;-17.12;1
219147;21.34;6.82;32.56;0.572;19.89;-1.87;1
219155;29.54;13.72;57.31;0.423;0.55;-27.41;1
219165;31.30;15.05;61.03;2.694;-28.07;6.44;1
219185;21.17;6.70;33.24;0.869;1.52;19.20;1
219189;31.44;15.61;62.97;0.914;12.68;25.99;1
219193;21.10;6.93;33.02;0.661;18.80;4.47;1
219679;33.43;15.03;65.19;1.459;-25.36;17.86;1
219698;33.40;15.02;63.66;0.985;-24.88;18.69;1
219721;29.10;13.43;56.09;0.864;1.26;26.71;1
220150;29.73;13.64;57.25;1.825;-24.27;13.64;1
220180;33.18;15.31;64.38;0.720;21.48;22.26;1
220183;30.17;13.50;58.67;2.599;-25.90;10.78;1
220208;22.34;6.74;33.14;0.633;20.04;5.80;1
220212;30.58;13.65;59.14;0.416;2.65;-28.46;1
220655;30.80;13.77;58.31;1.406;-27.83;-9.35;1
220670;30.10;13.87;56.85;0.490;22.78;-17.24;1
220691;30.79;13.64;58.00;0.357;-2.10;-29.09;1
220695;29.97;13.87;57.80;1.045;-16.50;22.78;1
220700;21.56;6.93;35.36;0.973;-5.40;19.51;1
221146;30.67;14.09;59.30;2.811;-28.64;-4.24;1
221170;30.66;14.06;57.38;0.622;-19.71;-21.32;1
221174;30.26;13.46;57.31;0.360;-19.54;-20.55;1
221201;30.24;13.68;57.31;0.587;28.46;4.34;1
221205;31.36;13.91;59.08;0.350;0.46;-29.87;1
221644;29.45;13.06;54.71;1.027;-16.02;22.79;1
221658;30.61;13.46;57.22;0.376;-0.49;-28.83;1
221717;29.55;13.76;56.22;0.401;5.20;-27.45;1
221722;32.70;15.14;62.94;0.521;24.30;-18.99;1
221733;21.90;6.92;33.38;2.194;-19.53;-6.56;1
222141;30.43;13.78;57.01;0.383;-3.00;-28.43;1
222157;22.55;7.01;37.64;0.480;12.24;-16.93;1
222161;22.42;7.64;39.81;0.409;-6.18;-19.80;1
222202;30.44;13.47;57.27;0.301;7.50;-28.76;1
222649;32.04;15.10;63.29;0.950;-15.25;25.52;1
222668;31.54;14.40;61.52;0.868;1.36;28.67;1
222707;31.68;15.30;72.12;0.698;27.18;-2.39;1
223147;22.02;6.83;33.54;2.730;-20.12;-0.80;1
223162;28.65;13.48;56.30;0.867;7.63;25.55;1
223181;32.78;15.13;63.16;0.789;11.72;28.12;1
223185;33.06;15.56;67.94;0.481;20.08;-23.35;1
223668;32.56;15.38;63.82;0.433;-21.26;-20.62;1
223684;32.33;15.01;62.97;0.400;-2.51;-30.10;1
223709;21.65;7.56;34.79;0.394;-1.85;-20.26;1
224142;20.56;7.14;33.02;0.721;18.18;2.56;1
224166;20.72;6.55;32.25;0.904;-1.86;18.65;1
224170;20.81;7.13;34.93;0.718;17.07;7.59;1
224212;33.14;15.21;65.00;0.479;17.23;-25.41;1
224650;29.65;13.04;56.92;0.408;-23.54;-13.81;1
224666;21.59;7.36;35.23;2.697;-19.16;-5.59;1
224686;32.33;14.76;62.29;1.544;-23.23;18.21;1
224690;33.05;14.93;67.01;0.388;-26.06;-15.99;1
225142;21.34;7.45;34.23;0.455;6.08;-18.96;1
225163;32.04;14.91;62.82;0.572;26.78;-11.71;1
225167;20.30;7.12;34.00;0.725;18.30;3.22;1
225195;29.21;13.22;55.54;0.565;25.92;-7.72;1
225199;29.79;13.52;56.59;0.334;-19.43;-20.40;1
225653;32.95;15.21;63.25;2.090;-26.23;15.76;1
225680;30.96;14.80;62.65;0.885;9.17;26.71;1
225705;32.90;15.61;63.06;0.974;-12.72;26.42;1
226154;28.74;13.09;56.22;1.015;-11.52;22.10;1
226169;30.02;13.72;60.96;0.355;-21.50;-18.25;1
226174;31.92;15.37;65.46;0.858;20.06;20.98;1
226195;32.13;14.87;63.13;0.719;23.95;17.01;1
226649;32.13;14.50;60.93;0.817;8.23;28.44;1
226662;32.83;15.19;63.29;2.647;-28.22;10.45;1
226666;29.26;13.83;57.25;0.406;-5.49;-26.64;1
226698;31.52;15.26;62.24;0.580;23.08;-17.02;1
226702;32.11;14.97;62.43;0.773;13.00;25.83;1
227153;31.79;14.59;62.43;0.812;10.88;26.88;1
227174;28.70;13.50;56.59;0.566;20.76;-16.03;1
227211;32.88;14.59;62.13;0.996;-20.46;22.28;1
227652;31.25;14.26;61.13;1.038;-12.05;25.51;1
227686;31.20;14.18;58.87;0.896;5.99;28.10;1
227706;31.82;14.09;60.01;0.713;24.26;15.84;1
227721;30.82;13.69;59.30;0.833;5.40;27.73;1
227726;31.20;14.51;63.32;0.331;-26.21;-13.57;1
228149;31.25;14.53;66.57;0.575;26.63;-10.44;1
228161;31.88;14.81;61.00;2.712;-28.92;-0.91;1
228184;31.44;14.25;60.90;0.518;18.61;-22.09;1
228196;22.97;7.10;35.44;0.491;-0.21;-20.54;1
228655;23.32;6.94;35.36;0.738;16.20;13.56;1
228700;32.15;14.31;64.03;2.379;-25.71;14.20;1
228780;31.57;14.24;60.42;0.423;-4.23;-28.79;1
228784;30.04;13.98;58.22;0.671;27.17;-3.05;1
228791;22.14;7.29;36.77;0.594;13.64;-14.01;1
229156;30.61;13.85;61.13;0.940;-5.01;26.54;1
229191;30.72;14.02;59.41;0.799;17.15;21.21;1
229220;31.66;13.76;60.80;0.557;26.35;-12.22;1
229224;32.20;14.12;60.41;2.732;-29.42;3.25;1
229641;32.75;14.31;62.18;0.364;-12.76;-27.90;1
229652;31.15;13.98;60.21;2.332;-26.81;-10.01;1
229679;32.48;14.03;60.75;2.727;-29.38;4.79;1
229684;31.86;14.64;61.61;0.480;12.15;-26.93;1
230142;31.69;14.11;60.00;0.762;13.08;26.01;1
230157;23.29;6.67;36.14;1.354;-14.75;14.58;1
230182;28.36;12.93;53.15;0.411;-15.50;-20.93;1
230654;21.52;6.06;33.06;0.441;2.82;-19.60;1
230702;30.93;13.82;59.36;2.581;-25.91;9.53;1
230706;30.60;14.24;59.54;0.615;26.37;-9.15;1
230727;31.55;14.90;63.60;0.459;-19.05;-20.80;1
230731;31.88;13.99;60.80;0.463;-18.07;-22.04;1
230737;30.90;13.83;59.06;0.885;8.72;26.78;1
231146;33.29;15.70;66.22;0.674;29.10;-5.39;1
231166;23.17;7.52;36.12;0.527;4.51;-20.06;1
231187;30.07;13.71;58.18;0.792;19.38;17.92;1
231202;23.65;6.89;35.36;0.459;8.31;-19.88;1
231647;22.24;7.45;35.23;0.807;18.56;4.98;1
231672;31.42;14.03;63.51;0.635;25.41;-10.34;1
231718;32.30;14.32;62.07;0.477;6.32;-28.63;1
232161;20.82;6.40;33.54;0.524;7.92;-16.71;1
232176;30.06;13.71;58.05;0.838;15.65;22.21;1
232196;31.62;14.22;62.63;0.455;-21.92;-18.00;1
232201;31.56;13.86;58.94;0.470;-1.01;-28.44;1
232648;30.39;14.16;60.83;0.566;19.00;-19.96;1
232664;23.27;7.12;35.44;2.658;-20.28;-1.92;1
232668;31.07;13.85;59.46;0.496;-3.00;-27.45;1
232692;31.58;13.66;59.46;2.641;-27.25;5.07;1
232700;31.04;14.12;62.20;0.447;-10.91;-25.82;1
233153;30.78;13.69;61.40;0.832;8.51;26.44;1
233165;30.46;13.81;59.06;2.633;-26.07;5.35;1
233169;22.88;7.02;36.06;2.259;-18.66;-8.39;1
233198;30.57;13.79;60.64;2.680;-26.71;6.29;1
233202;28.92;12.50;56.36;0.586;17.77;-18.01;1
233641;22.82;7.39;36.14;0.522;1.81;-20.11;1
233674;30.57;14.02;59.68;0.643;25.94;-8.43;1
233696;35.57;16.10;69.20;0.443;-15.34;-28.31;1
234141;32.61;14.94;63.25;0.833;14.20;24.88;1
234171;30.75;13.87;61.07;0.733;21.83;17.34;1
234206;30.58;14.28;59.54;1.052;-7.15;27.37;1
234209;30.81;13.63;61.19;0.868;3.79;27.37;1
234642;34.33;15.87;68.60;0.877;8.01;29.02;1
234655;30.62;13.90;62.63;0.888;1.23;27.38;1
234658;29.95;14.17;57.38;0.606;21.93;-15.76;1
234687;31.52;14.14;65.60;0.429;-17.40;-22.78;1
234697;33.09;15.30;70.77;0.819;14.81;25.26;1
235159;29.42;13.88;58.55;0.763;24.23;9.70;1
235168;31.15;14.10;60.67;0.637;27.95;-4.67;1
235243;29.53;13.95;67.54;0.835;12.15;24.47;1
235642;32.03;14.05;60.88;2.701;-28.91;0.01;1
235662;30.51;13.64;57.45;0.590;25.85;-9.61;1
235681;20.90;6.82;33.38;0.482;2.42;-18.82;1
235686;31.25;14.28;63.15;2.706;-27.98;-2.81;1
236152;30.99;14.35;62.51;0.561;10.76;-24.92;1
236170;30.05;13.96;58.52;0.536;13.51;-23.38;1
236193;29.44;13.95;58.60;0.940;7.75;24.56;1
236640;28.82;14.23;58.41;0.647;19.90;-15.57;1
236657;21.75;8.12;36.25;0.712;12.11;-13.18;1
236681;34.16;15.84;68.43;0.515;-6.54;-29.31;1
236696;33.76;16.23;69.20;0.576;-10.44;-26.52;1
237157;22.04;7.61;35.74;0.592;-14.80;-10.80;1
237177;28.17;13.88;58.73;0.896;12.81;19.51;1
237208;32.08;16.00;68.12;0.947;10.71;23.48;1
237213;21.52;8.42;36.40;0.620;1.40;-18.01;1
237217;32.89;16.75;69.35;2.504;-24.12;12.09;1
237653;21.65;8.50;35.69;0.710;9.43;-14.90;1
237665;21.75;7.35;34.71;1.018;-2.88;17.49;1
237688;29.60;14.43;60.17;1.073;-10.94;21.34;1
237691;28.74;14.64;59.09;1.226;-13.11;19.73;1
238168;22.51;8.29;38.21;2.588;-16.54;-7.34;1
238180;22.83;8.28;39.56;0.567;-16.03;-10.75;1
238201;21.47;8.06;36.69;0.831;14.14;10.67;1
238205;28.81;15.07;61.40;0.775;23.25;-5.61;1
238210;31.27;16.94;69.84;0.805;23.44;-9.52;1
238651;20.71;8.81;36.01;0.695;4.85;-16.20;1
238678;22.98;8.81;38.01;2.597;-17.81;-6.47;1
238714;22.25;8.82;38.95;0.602;-12.67;-13.62;1
239168;20.37;8.43;35.11;2.350;-11.01;11.06;1
239195;29.52;15.84;66.73;0.627;-5.82;-23.78;1
239222;31.73;17.95;70.18;0.937;19.37;-11.23;1
239225;27.98;15.00;61.07;0.865;21.08;8.44;1
239646;22.85;9.64;41.34;0.783;12.81;-12.70;1
239665;24.54;9.49;42.58;2.534;-18.80;-4.72;1
239700;33.78;17.58;72.11;2.491;-24.68;12.85;1
239703;22.63;8.63;38.91;0.604;-13.11;-13.51;1
239736;29.18;15.90;67.68;0.592;8.64;-23.71;1
240143;19.87;8.56;35.78;1.047;1.23;15.61;1
240181;32.33;16.71;69.46;0.592;-19.50;-18.83;1
240219;32.48;16.61;70.72;2.441;-20.33;17.57;1
240641;28.17;15.04;59.82;0.733;19.51;-12.87;1
240666;27.85;15.23;63.25;2.428;-18.94;11.10;1
240689;28.38;14.69;63.06;0.991;-1.16;22.37;1
240693;32.38;16.05;72.62;2.515;-24.39;11.24;1
240697;29.02;15.16;62.30;0.714;13.42;-19.28;1
241141;21.13;7.98;35.11;2.511;-16.69;-2.33;1
241151;33.63;17.50;73.82;0.650;-12.89;-24.05;1
241171;21.08;8.32;36.06;0.891;14.97;7.05;1
241176;28.56;14.51;64.35;2.397;-20.76;-9.99;1
241183;32.11;16.90;70.21;2.383;-23.25;0.80;1
241664;21.56;8.80;39.81;2.422;-15.93;1.38;1
241683;21.70;8.34;36.40;2.431;-16.19;-0.37;1
241686;20.21;8.32;35.01;0.989;13.75;5.29;1
241714;19.76;7.19;33.00;2.493;-14.46;-6.86;1
241718;28.30;15.07;60.44;0.767;20.24;-11.15;1
242169;21.97;8.09;36.06;2.622;-17.75;-5.00;1
242190;21.44;8.28;36.77;0.812;16.95;-1.72;1
242194;29.27;14.64;59.41;2.347;-17.74;16.34;1
242228;31.32;16.74;67.42;0.852;24.47;-3.22;1
242651;20.87;8.54;37.34;0.994;14.22;6.75;1
242676;28.16;14.49;61.29;0.843;20.78;-5.42;1
242680;31.74;16.35;75.17;1.041;-2.03;25.17;1
242722;32.27;17.14;73.06;0.843;-7.49;-24.02;1
242751;32.19;16.68;69.53;1.006;11.00;21.84;1
243145;32.38;16.59;68.12;0.949;11.49;22.06;1
243155;20.99;8.19;41.30;0.728;18.03;-0.06;1
243187;18.53;7.13;32.76;0.940;12.09;6.88;1
243191;32.71;16.93;68.82;0.806;21.85;-12.94;1
243640;31.76;16.83;69.53;0.754;-8.22;-22.22;1
243659;21.01;8.21;37.05;2.126;-5.78;13.67;1
243661;20.58;8.08;35.17;2.283;-9.11;12.83;1
243701;23.66;9.83;39.56;0.786;10.55;-14.83;1
243705;21.71;8.37;37.12;0.702;-11.03;-12.65;1
244140;20.79;8.18;35.06;2.275;-7.99;13.10;1
244152;21.82;8.02;36.12;2.083;-14.63;-8.86;1
244179;23.63;9.03;39.56;1.043;-2.70;17.27;1
244644;22.32;8.07;37.11;2.515;-17.78;-2.38;1
244665;22.17;7.92;35.78;2.435;-13.28;11.75;1
244684;22.13;8.13;36.67;0.831;-14.68;-10.25;1
244688;21.02;8.28;35.17;0.938;13.76;8.70;1
245141;21.44;8.06;35.51;2.302;-9.38;13.38;1
245157;36.02;19.10;78.49;2.416;-25.71;8.92;1
245185;20.56;7.91;36.06;0.823;16.35;0.00;1
245644;20.08;8.31;34.93;0.930;15.27;3.83;1
245657;31.48;16.74;70.21;0.842;19.34;-13.16;1
245679;28.58;15.26;67.48;0.742;15.65;-16.39;1
245686;21.49;7.91;36.14;0.621;-14.13;-10.44;1
246152;21.34;8.70;37.34;0.736;-11.54;-11.28;1
246186;28.90;15.25;61.98;0.601;-17.67;-16.23;1
246190;28.93;15.40;63.03;0.622;-11.93;-20.59;1
246220;21.30;8.20;35.06;0.637;7.76;-16.35;1
246639;20.71;7.98;36.22;1.060;-3.87;16.17;1
246675;23.63;9.85;41.05;2.527;-16.55;-6.53;1
246680;32.19;17.25;74.52;2.402;-21.78;10.51;1
246710;31.22;16.79;74.46;0.783;-7.91;-21.58;1
247151;31.97;17.21;69.34;0.813;22.14;-11.19;1
247178;21.59;8.81;36.77;0.691;-0.71;-17.28;1
247182;28.32;15.19;62.24;0.637;-6.66;-22.30;1
247207;21.16;8.39;36.22;0.854;16.42;3.68;1
247211;28.08;15.47;61.29;0.880;20.22;-5.79;1
247650;32.20;16.74;67.12;2.450;-24.66;4.06;1
247668;20.67;8.31;35.74;0.829;16.40;0.41;1
247671;19.93;8.57;38.01;0.968;14.33;3.55;1
247700;20.60;8.56;34.93;0.926;14.22;9.71;1
248151;32.28;17.22;72.80;1.012;6.65;22.77;1
248166;28.24;15.28;61.68;0.806;13.86;-16.70;1
248212;31.08;17.32;74.63;0.808;20.29;-12.99;1
248888;32.64;16.88;73.55;0.619;-15.12;-22.25;1
248916;29.74;14.95;61.03;0.620;-18.75;-15.39;1
248954;19.96;8.27;35.01;1.032;12.70;7.20;1
249196;29.12;14.86;67.05;1.150;-10.54;21.15;1
249207;31.99;16.84;69.34;1.090;6.58;24.67;1
249211;32.91;16.67;68.03;2.534;-26.91;2.17;1
249234;21.07;8.01;36.14;0.906;13.90;8.82;1
249260;32.57;16.51;67.36;1.006;9.95;24.41;1
249659;21.14;7.82;34.53;2.190;-9.11;13.45;1
249702;29.22;15.12;62.77;2.534;-24.06;2.31;1
249742;33.27;16.50;71.84;2.499;-23.39;14.38;1
249746;33.16;17.13;72.40;0.630;-7.26;-26.22;1
250146;20.81;7.69;34.06;1.127;-5.16;14.57;1
250161;28.77;15.00;61.01;0.730;8.46;-21.04;1
250183;21.12;8.14;36.50;0.860;16.58;3.36;1
250661;33.67;16.59;68.62;2.530;-27.38;2.11;1
250672;21.81;8.02;36.22;0.671;4.27;-17.17;1
250695;33.69;16.50;71.31;0.642;-3.87;-27.19;1
251149;21.21;8.27;35.06;0.758;7.44;-14.58;1
251178;32.44;17.12;68.88;0.790;21.84;-13.92;1
251199;33.59;17.23;75.21;0.665;-15.15;-21.88;1
251204;31.19;16.29;67.62;1.019;13.83;21.29;1
251644;27.93;14.62;62.03;1.039;16.62;10.23;1
251654;22.36;8.08;36.67;0.662;-11.94;-13.07;1
251685;20.71;7.86;34.21;1.238;-4.24;14.82;1
252151;21.27;7.95;36.12;2.563;-15.76;-7.26;1
252165;20.33;8.17;36.35;1.019;12.56;8.73;1
252200;22.24;7.68;35.74;2.541;-18.16;-1.39;1
252204;22.09;7.75;35.51;2.507;-16.56;-4.37;1
252652;30.82;15.99;67.07;0.763;16.24;-18.20;1
252680;28.26;14.15;60.00;0.969;10.68;19.15;1
252712;31.61;16.96;69.31;0.899;20.93;-9.73;1
253150;23.34;9.33;39.36;1.164;1.01;17.85;1
253163;32.00;16.92;67.94;1.093;8.66;23.48;1
253183;32.24;16.49;69.35;0.810;22.42;-10.40;1
253187;21.04;8.19;35.74;0.937;15.31;2.21;1
253191;20.93;7.94;36.22;0.710;3.71;-16.10;1
253639;21.42;7.36;34.23;1.041;-4.98;16.68;1
253656;33.01;16.58;68.12;0.769;24.74;-9.39;1
253679;21.40;8.05;36.01;0.794;17.40;0.59;1
253683;21.46;7.59;34.37;1.109;-15.48;-9.03;1
254145;20.94;8.64;36.50;0.798;9.47;-12.79;1
254167;32.70;17.00;70.77;2.442;-23.70;9.50;1
254199;21.22;7.58;36.77;2.422;-12.44;11.44;1
254652;32.75;16.89;69.81;0.795;24.27;-11.34;1
254665;21.77;7.89;37.74;2.454;-14.22;9.71;1
254694;28.08;14.26;60.75;0.939;10.04;20.44;1
254710;69.89;29.10;132.20;0.747;39.55;55.17;1
255166;20.66;8.30;35.69;0.918;13.55;8.60;1
255179;21.49;7.97;34.93;1.959;-10.31;14.07;1
255199;32.07;16.87;68.54;1.097;6.11;24.88;1
255204;33.47;16.79;70.04;0.613;-11.19;-25.32;1
255648;31.81;16.59;67.96;1.023;9.15;21.93;1
255657;29.52;14.88;62.27;0.854;15.74;18.17;1
255678;21.86;7.61;35.13;1.054;-6.05;16.64;1
255683;33.19;17.17;70.21;0.639;-9.02;-25.38;1
256150;20.67;8.36;36.22;0.766;8.47;-13.63;1
256162;22.00;8.28;36.69;0.732;10.63;-13.87;1
256165;18.83;7.31;33.24;0.576;8.10;-14.47;1
256191;29.57;15.19;63.78;2.448;-20.25;10.87;1
256648;20.34;7.38;32.14;2.231;-8.07;12.87;1
256662;22.10;7.88;36.67;2.479;-16.89;-1.00;1
256665;21.30;8.25;35.69;2.373;-10.09;12.44;1
256684;21.43;8.22;36.89;2.374;-12.91;8.44;1
256699;32.14;16.59;68.54;0.813;25.74;-3.12;1
257163;21.75;8.59;38.48;0.642;-11.15;-13.50;1
257179;22.00;8.25;36.22;0.739;2.59;-18.50;1
257183;21.89;8.70;38.21;0.659;4.62;-17.51;1
257217;29.79;15.23;62.43;0.863;17.98;17.36;1
257221;32.46;16.38;68.59;2.532;-26.36;4.36;1
257663;22.02;6.77;35.17;0.636;8.41;-18.26;1
257685;31.02;13.80;60.00;0.636;28.00;-0.11;1
257705;31.83;13.96;58.14;0.628;26.46;-11.38;1
257708;31.11;13.61;56.75;0.738;26.95;9.21;1
258169;29.16;14.69;62.63;0.818;20.69;13.48;1
258185;29.25;14.86;62.29;0.606;19.65;-17.11;1
258206;32.85;15.30;69.64;2.589;-26.24;11.50;1
258211;29.41;14.28;61.03;0.495;-5.09;-25.72;1
258643;22.76;6.86;34.13;2.768;-21.02;-1.83;1
258661;23.00;6.70;34.06;0.417;4.62;-21.00;1
258665;34.52;15.33;65.80;0.393;-13.98;-28.83;1
258698;33.56;14.53;60.96;0.392;-23.57;-20.22;1
259156;22.22;7.43;36.40;0.721;19.69;-1.00;1
259172;31.92;14.46;66.12;2.702;-28.80;-0.08;1
259199;31.51;14.49;61.59;0.787;21.09;19.65;1
259205;20.47;6.19;33.24;0.776;14.89;9.57;1
259642;20.47;6.85;34.13;0.840;14.60;7.83;1
259654;21.73;7.41;35.13;0.621;6.97;-16.91;1
259678;32.01;14.94;67.42;0.693;25.75;-8.05;1
260143;22.51;9.36;43.17;2.552;-18.15;-2.72;1
260155;20.92;9.35;40.31;1.045;11.50;11.25;1
260249;21.48;10.00;41.48;0.835;9.37;-13.11;1
260644;30.05;14.79;65.79;1.044;-2.26;23.23;1
260657;30.20;14.40;63.82;0.964;5.45;23.61;1
260677;31.38;15.11;69.31;2.482;-20.79;13.44;1
260693;22.67;7.98;39.12;0.673;7.94;-16.56;1
261145;23.62;7.61;39.12;0.639;-8.78;-16.63;1
261168;23.02;7.55;38.01;0.663;-8.96;-15.58;1
261204;22.50;7.81;38.83;0.769;16.11;-7.58;1
261643;20.66;6.68;35.11;0.628;-9.43;-13.62;1
261657;30.95;14.85;66.89;2.521;-24.69;2.39;1
261685;29.83;14.88;65.86;1.085;7.48;21.84;1
262139;32.06;15.28;68.59;2.490;-23.01;14.85;1
262156;20.82;7.32;35.44;0.646;10.83;-13.85;1
262161;30.78;14.79;71.31;0.972;-1.50;25.63;1
262183;30.25;14.67;63.63;0.909;15.87;19.73;1
262194;30.87;14.81;65.00;0.600;-7.03;-24.65;1
262638;20.82;6.66;34.18;0.809;14.09;10.66;1
262655;31.79;15.04;65.80;2.598;-26.58;5.57;1
262659;21.60;6.99;35.69;0.580;2.36;-18.25;1
262686;31.29;14.75;67.36;2.526;-23.14;10.78;1
263140;31.90;15.04;67.88;0.865;13.43;23.54;1
263163;20.36;6.66;34.93;0.771;16.63;1.08;1
263185;21.08;7.05;34.71;0.949;-14.44;-10.09;1
263191;19.23;6.90;32.25;1.134;-2.37;15.61;1
263645;32.90;15.04;66.60;2.552;-24.52;12.43;1
263665;20.34;6.95;33.53;1.110;-2.22;16.79;1
263692;34.30;16.34;73.57;0.925;11.04;25.58;1
264145;31.99;14.94;66.73;0.719;25.34;-7.66;1
264159;29.09;14.20;61.13;1.062;-2.93;25.16;1
264187;31.01;15.19;64.14;1.100;3.74;24.22;1
264642;31.48;14.31;64.88;1.022;-12.93;23.32;1
264657;31.84;14.58;65.44;0.934;6.20;27.23;1
264689;20.50;6.88;33.14;0.852;15.01;5.65;1
265142;31.05;14.66;62.63;0.966;7.47;25.10;1
265161;21.29;6.80;33.62;1.851;-7.20;12.88;1
265181;33.26;15.18;67.42;0.616;20.90;-19.52;1
265185;32.35;15.16;65.46;0.881;6.62;26.86;1
265653;30.31;14.85;63.13;0.938;18.32;16.98;1
265672;21.24;6.74;34.23;0.700;10.88;-12.98;1
265695;20.54;6.80;33.24;0.876;15.37;4.42;1
266148;32.48;14.96;67.12;0.730;25.87;-6.17;1
266166;33.58;15.07;69.35;0.530;-11.86;-26.35;1
266193;30.09;14.06;65.55;0.810;21.17;-8.89;1
266660;21.77;6.19;33.24;0.523;5.01;-18.58;1
266872;23.02;7.60;37.12;0.894;15.39;9.94;1
266903;32.55;14.72;66.57;0.885;14.75;24.02;1
267149;32.43;15.33;67.23;0.747;27.27;-5.96;1
267161;29.73;12.96;58.22;0.899;-9.01;24.72;1
267182;30.62;14.26;62.43;0.870;18.81;19.19;1
267190;31.24;14.81;62.01;0.603;7.77;-25.35;1
267656;22.18;6.83;34.53;1.197;-15.38;-10.76;1
267669;21.93;6.42;34.13;2.458;-17.23;-8.37;1
267703;32.69;14.68;75.77;0.934;0.71;27.82;1
267706;22.34;6.22;34.13;1.063;-10.50;14.99;1
268170;32.32;15.43;67.07;0.775;25.50;-6.65;1
268182;33.95;15.42;66.10;2.660;-29.80;-1.60;1
268205;34.32;15.39;65.44;0.479;-16.13;-25.73;1
268637;21.25;6.15;34.06;0.506;6.40;-17.70;1
268649;21.42;6.14;34.13;0.808;14.96;9.55;1
268652;32.27;14.64;62.61;0.628;21.10;-18.28;1
268683;34.19;14.97;65.00;0.516;-11.06;-27.54;1
268686;21.30;6.66;34.44;0.842;15.12;9.51;1
269154;30.18;13.18;57.20;0.753;20.43;17.29;1
269163;31.46;13.36;56.72;0.753;21.48;17.82;1
269196;33.80;15.53;64.41;0.574;17.73;-24.19;1
269652;33.63;15.02;64.51;0.711;1.69;-28.77;1
269667;32.50;14.42;67.01;0.729;27.50;4.73;1
269687;34.22;14.84;65.76;0.506;-13.39;-26.70;1
270148;33.17;14.55;66.01;0.920;-1.24;28.91;1
270161;32.00;14.38;60.96;0.803;20.17;18.54;1
270184;32.17;15.33;68.82;1.010;12.68;23.36;1
270188;21.73;6.03;34.13;0.734;17.83;5.72;1
270652;31.49;13.91;64.66;2.365;-24.47;14.15;1
270676;21.94;6.28;34.41;0.505;9.59;-17.37;1
270697;32.20;14.13;60.21;0.811;9.62;27.80;1
270701;33.29;14.68;64.88;0.590;25.40;-15.15;1
271148;30.33;13.00;57.27;0.506;-0.06;-26.86;1
271174;34.08;14.90;65.60;0.517;-7.86;-28.53;1
271204;34.09;15.50;65.74;0.520;-3.24;-29.59;1
271208;22.43;6.15;33.00;0.536;7.94;-18.09;1
271473;33.28;13.57;60.84;0.379;-25.68;-17.14;1
271650;31.08;13.29;58.60;0.801;17.43;22.57;1
271663;32.21;13.01;57.63;1.014;-22.84;18.62;1
271698;35.34;15.13;65.55;0.620;-3.18;-32.51;1
272145;31.77;13.36;58.69;0.707;26.48;13.08;1
272163;32.87;13.89;60.44;0.669;-25.98;-15.93;1
272167;32.25;13.49;57.71;0.438;12.12;-27.62;1
272194;32.38;14.32;73.66;0.476;22.71;-20.66;1
272198;32.36;13.63;59.68;0.355;-22.26;-20.50;1
272647;32.16;13.42;63.53;0.577;27.48;-9.81;1
272697;24.21;5.97;35.13;2.628;-20.85;-7.46;1
272821;29.59;13.14;58.03;0.666;26.78;5.88;1
272826;32.87;13.23;57.14;0.368;-9.07;-29.37;1
273143;30.48;12.51;53.37;0.602;27.96;0.17;1
273154;31.83;13.47;62.20;1.896;-26.83;13.28;1
273188;24.56;5.80;33.73;0.416;9.47;-21.02;1
273649;31.01;12.64;56.14;0.665;26.35;10.30;1
273664;32.28;13.28;59.20;2.735;-29.44;1.56;1
273667;30.21;12.84;65.15;0.686;23.79;16.47;1
273701;30.96;13.67;57.04;2.636;-26.70;-9.70;1
274144;34.38;15.37;65.07;0.883;17.90;25.23;1
274158;32.22;13.14;58.03;1.866;-27.08;-12.39;1
274179;30.94;13.00;57.69;0.328;-22.18;-19.07;1
274215;31.53;13.37;60.17;0.874;7.39;28.00;1
274645;32.76;13.32;59.81;0.876;-26.48;-14.84;1
274661;23.11;5.65;32.25;0.948;-10.00;18.53;1
274686;31.43;13.39;60.21;0.544;27.10;-11.39;1
274690;32.45;13.71;61.00;2.745;-29.21;-6.43;1
274693;30.96;12.24;56.44;0.636;25.06;-9.73;1
275142;32.12;13.42;57.49;2.771;-29.86;2.10;1
275159;31.34;13.25;55.08;0.686;27.14;10.54;1
275183;30.98;13.14;57.38;0.872;0.47;27.99;1
275187;31.18;12.36;54.23;2.760;-28.62;1.86;1
275642;35.00;15.31;64.85;0.538;21.85;-23.36;1
275658;23.83;6.55;36.22;1.943;-19.07;-10.27;1
275689;30.46;13.10;56.04;0.686;27.90;2.56;1
276158;33.22;13.45;57.27;0.433;14.85;-27.26;1
276169;33.58;13.53;58.83;0.398;-9.78;-29.41;1
276194;22.26;6.00;34.53;0.331;-0.38;-21.31;1
276202;33.01;14.20;60.83;0.527;26.64;-16.21;1
276644;32.07;13.10;54.92;1.478;-24.54;-15.63;1
276673;32.69;13.39;58.86;0.624;29.59;6.49;1
276701;32.71;13.45;59.03;0.439;6.61;-29.40;1
276704;30.87;13.42;56.52;0.622;27.78;-6.16;1
277152;32.27;13.42;57.27;0.869;5.99;29.65;1
277165;31.90;13.82;56.04;0.425;1.20;-29.49;1
277179;33.26;13.35;57.04;2.589;-29.17;-9.43;1
277209;32.01;13.03;58.14;1.722;-27.07;13.42;1
277638;33.71;13.58;58.69;0.371;-3.53;-31.43;1
277654;31.93;13.36;55.47;0.919;4.34;28.35;1
277674;31.49;13.19;55.36;0.540;29.52;-4.13;1
277678;32.07;13.77;57.01;1.970;-27.03;13.49;1
278152;32.50;13.30;57.07;0.939;-14.99;26.08;1
278167;31.39;13.01;55.36;0.848;1.67;28.63;1
278188;32.30;13.19;55.23;2.587;-28.50;-9.45;1
278193;32.80;13.68;58.14;0.367;-12.80;-27.79;1
278648;35.56;14.85;64.64;0.784;14.29;29.11;1
278679;33.26;13.65;59.03;0.704;20.92;22.29;1
278723;32.68;13.48;62.27;0.527;27.67;-12.46;1
278726;32.64;13.39;58.01;1.025;-24.73;16.89;1
279152;31.96;13.57;56.08;1.043;-17.51;23.95;1
279171;31.22;12.85;57.80;0.460;21.20;-20.22;1
279192;31.75;13.17;58.41;0.804;13.36;25.12;1
279196;32.00;13.58;56.92;1.014;-15.11;25.92;1
279209;31.88;13.30;56.59;0.532;23.83;-16.25;1
279648;30.22;13.22;56.61;0.877;3.56;26.76;1
279665;32.83;13.43;58.31;2.721;-29.55;-5.85;1
279669;31.56;12.98;55.01;0.900;-8.20;27.86;1
279701;32.58;13.37;59.67;0.807;3.17;30.53;1
279705;31.31;13.37;59.14;0.688;27.03;10.39;1
280149;34.91;14.65;64.35;0.829;7.95;30.53;1
280163;33.42;13.38;57.57;1.490;-27.84;-14.14;1
280184;32.35;13.64;56.80;2.678;-28.41;6.10;1
280188;31.76;13.20;56.04;0.667;27.34;9.12;1
280192;30.35;13.10;57.49;0.755;22.93;15.52;1
280645;30.96;13.57;58.52;0.953;3.51;28.63;1
280663;34.30;13.97;61.13;0.385;5.25;-31.86;1
280667;32.60;13.60;63.39;0.609;29.86;-0.59;1
280695;33.54;14.40;62.80;0.343;-19.54;-24.72;1
281146;30.99;13.55;56.04;0.804;21.83;18.47;1
281162;33.02;13.30;58.05;2.511;-28.17;11.75;1
281166;32.48;13.02;57.14;0.468;21.66;-21.22;1
281188;31.93;13.39;57.08;0.608;29.31;1.75;1
281191;31.42;13.22;58.59;0.565;27.91;-7.66;1
281642;32.35;13.41;55.57;0.378;-19.07;-23.11;1
281658;37.03;15.16;66.48;0.479;22.62;-25.76;1
281688;30.55;13.43;55.97;0.881;14.20;23.90;1
281692;31.16;13.51;62.01;0.692;27.53;6.85;1
282140;31.35;12.11;55.15;0.997;-23.84;17.16;1
282154;31.42;13.14;57.38;0.582;27.28;-8.35;1
282179;33.01;13.84;58.19;0.376;-3.09;-30.81;1
282649;36.26;14.49;63.78;0.364;-19.78;-27.44;1
282661;32.62;13.70;63.66;0.570;25.95;-14.62;1
282665;31.14;12.29;58.01;0.546;27.90;-7.50;1
282690;30.91;12.88;58.24;0.576;28.18;-4.39;1
282693;34.94;14.42;64.85;2.746;-32.11;5.89;1
283151;36.27;14.91;63.70;1.163;-28.50;17.55;1
283181;32.33;13.94;58.94;1.082;-14.78;26.56;1
283257;31.03;13.35;57.01;0.890;6.13;27.80;1
283672;31.38;13.61;57.25;2.022;-25.83;12.86;1
283695;35.14;14.85;63.53;0.914;4.62;31.67;1
283717;31.13;12.65;54.67;0.482;22.70;-18.12;1
283721;31.07;13.06;54.00;0.603;29.13;-0.89;1
284147;32.67;13.53;61.13;0.336;-27.84;-13.37;1
284159;32.16;13.23;55.71;0.832;1.52;29.84;1
284178;32.27;13.42;56.61;0.500;23.61;-18.84;1
284184;32.07;13.40;56.04;0.434;23.71;-18.64;1
284189;32.28;12.84;55.90;0.344;1.10;-30.69;1
284658;31.72;12.65;55.90;0.433;16.87;-24.54;1
284671;31.94;13.29;61.13;0.480;18.00;-23.27;1
284692;23.47;6.69;39.96;2.678;-20.54;2.96;1
284700;31.02;12.66;57.01;0.783;4.54;28.42;1
285145;32.06;13.36;55.66;0.511;19.49;-22.03;1
285169;30.06;11.95;51.26;0.392;-1.80;-27.94;1
285201;32.71;13.21;55.01;0.905;-11.24;28.34;1
285643;32.94;13.54;54.67;0.577;27.12;-13.16;1
285658;30.23;12.59;56.86;0.659;25.62;10.89;1
285681;33.29;13.53;58.00;1.161;-27.76;14.54;1
286143;32.12;13.25;54.00;0.904;-10.21;27.99;1
286155;30.86;13.49;54.38;0.635;27.51;-6.21;1
286176;31.85;13.12;54.13;0.578;29.73;-4.34;1
286179;32.38;13.09;55.58;1.028;-25.81;-15.15;1
286645;32.31;13.05;61.85;1.008;-25.58;16.51;1
286660;30.88;13.30;56.04;0.500;15.68;-23.82;1
286681;31.63;13.73;55.95;0.923;7.51;28.32;1
286686;33.73;13.50;58.52;0.370;-19.36;-24.68;1
287141;33.57;13.52;58.24;2.136;-28.10;-13.58;1
287158;34.83;14.37;67.94;0.930;-25.19;18.88;1
287162;31.28;12.90;55.57;0.541;22.70;-16.87;1
287193;31.20;13.15;55.01;0.826;12.40;26.16;1
287639;31.66;13.13;59.20;0.720;19.51;21.94;1
287656;30.92;14.27;71.31;1.540;-23.93;-14.48;1
287679;31.14;13.41;55.08;0.679;27.87;2.86;1
287695;30.80;13.03;57.31;0.719;20.95;18.83;1
288138;32.52;13.61;59.03;0.521;20.54;-20.74;1
288150;32.60;13.84;61.85;0.395;-5.41;-29.78;1
288196;30.34;12.91;54.82;0.591;25.57;-10.38;1
288651;32.37;13.04;60.21;0.953;-14.91;25.64;1
288666;33.39;14.36;57.87;2.751;-30.79;-4.77;1
288694;31.58;13.18;58.83;0.377;-10.93;-27.24;1
288699;31.64;12.97;56.32;0.440;15.33;-25.25;1
289160;36.61;15.45;66.53;0.384;-17.63;-28.88;1
289189;33.14;13.64;59.20;0.948;-14.70;26.41;1
289220;30.52;12.54;54.59;0.663;25.40;11.99;1
289649;32.14;13.22;55.58;0.620;29.20;5.61;1
289675;35.80;14.85;62.39;0.791;0.20;32.75;1
289700;36.31;14.98;62.43;0.538;31.04;-12.72;1
289703;31.02;13.18;56.36;0.603;28.38;-4.63;1
290148;32.48;13.47;58.03;0.637;28.81;8.97;1
290162;33.49;13.58;63.25;0.352;-14.50;-27.87;1
290166;33.38;13.73;58.52;0.401;-1.03;-31.03;1
290188;33.99;13.69;59.23;0.413;2.48;-31.38;1
290192;28.21;11.32;55.00;0.641;24.46;-4.11;1
290647;33.55;13.65;54.13;0.363;-12.11;-28.98;1
290659;31.34;13.74;56.30;1.904;-25.11;13.51;1
290679;31.75;13.35;54.78;0.626;20.94;-19.98;1
290683;31.54;13.20;57.43;0.457;15.18;-25.18;1
290695;31.44;12.63;53.85;2.690;-27.72;-8.52;1
291152;35.81;15.61;63.25;0.838;21.65;24.76;1
291172;32.19;13.24;55.95;0.809;3.90;29.83;1
291176;32.65;13.35;56.32;0.436;-0.88;-29.83;1
291214;31.28;13.07;55.00;0.699;26.14;12.66;1
291218;32.55;13.59;59.23;2.749;-29.47;-5.41;1
291672;34.23;13.60;57.87;0.369;3.06;-32.16;1
291686;32.31;13.42;55.07;0.881;4.58;29.62;1
291690;32.33;12.33;54.92;2.414;-28.75;-10.15;1
291723;32.94;13.54;61.85;0.656;25.22;18.31;1
292145;33.78;14.30;60.93;0.326;-24.76;-20.08;1
292159;31.81;13.18;54.82;0.509;22.49;-19.12;1
292196;32.84;13.11;58.69;0.412;1.87;-30.33;1
292641;31.69;12.89;55.22;0.690;24.62;15.30;1
292655;33.27;13.44;56.22;0.422;10.90;-29.07;1
292659;36.23;14.96;64.85;0.715;23.73;23.73;1
292677;32.43;13.71;61.03;1.091;-23.51;19.04;1
292706;33.79;14.02;58.31;2.743;-30.52;7.62;1
293154;31.66;12.95;58.31;0.475;12.71;-26.24;1
293196;32.42;13.28;56.44;0.785;9.96;28.47;1
293221;36.90;15.11;65.37;0.797;8.13;33.47;1
293637;32.54;13.84;56.85;2.566;-27.38;11.38;1
293650;33.00;14.32;56.04;0.696;29.79;8.34;1
293709;33.53;14.45;56.85;0.564;23.87;-19.13;1
294141;32.99;14.18;60.42;0.415;8.48;-29.88;1
294184;30.14;12.29;50.09;2.789;-28.12;-4.53;1
294207;33.69;13.78;56.89;0.633;29.61;10.23;1
294211;33.05;13.78;55.03;0.928;-4.56;30.71;1
294653;32.46;12.93;53.01;0.558;28.93;-7.50;1
294662;33.91;13.59;57.00;2.760;-31.03;-5.55;1
294692;33.37;13.38;56.75;0.472;7.22;-29.43;1
295407;33.77;13.51;55.46;2.648;-30.76;7.87;1
295435;32.72;13.44;56.82;1.374;-24.39;16.84;1
295439;33.29;13.72;62.48;0.446;-17.04;-24.61;1
295460;31.96;13.93;58.69;0.551;20.15;-20.81;1
295464;69.14;28.73;113.64;0.783;54.67;37.80;1
295468;32.11;13.52;59.68;0.738;24.12;17.29;1
295656;31.01;13.36;62.24;0.860;7.98;27.74;1
295684;33.91;14.01;59.91;0.394;-3.94;-31.27;1
295687;33.24;13.89;57.71;0.983;-11.88;28.85;1
295718;32.94;13.84;58.01;2.628;-27.78;-10.80;1
295722;31.82;13.15;60.17;0.663;27.23;10.00;1
295726;33.23;13.81;61.01;0.411;8.70;-29.85;1
296151;33.12;14.05;59.67;0.517;23.93;-19.31;1
296168;32.46;12.91;62.03;2.023;-28.35;11.38;1
296172;28.38;12.29;50.93;0.870;12.70;23.29;1
296176;33.63;14.37;61.74;0.384;-24.85;-18.62;1
296190;33.58;13.74;58.03;0.902;-8.92;29.75;1
296206;34.22;13.62;57.98;0.392;-9.21;-30.33;1
296209;32.41;14.15;58.22;0.729;28.18;10.44;1
296213;33.68;13.97;59.08;0.432;7.32;-30.38;1
296647;33.60;14.54;63.57;2.715;-30.27;4.14;1
296666;31.03;12.55;68.18;0.668;27.06;-0.80;1
296670;33.43;13.50;58.52;0.611;-6.03;-30.58;1
296675;28.40;12.06;51.74;0.806;14.68;21.83;1
297145;32.94;13.54;59.30;0.610;30.24;2.24;1
297162;33.91;13.76;59.64;0.369;-21.83;-22.74;1
297165;33.06;13.46;61.29;0.979;-20.27;22.71;1
297195;32.61;13.99;61.85;2.743;-29.95;0.13;1
297198;31.15;12.91;60.44;0.648;27.59;6.33;1
297202;32.28;13.29;57.25;0.391;-25.60;-15.20;1
297205;31.49;13.38;56.22;1.777;-24.46;14.94;1
297208;31.33;13.06;59.36;0.571;27.37;-8.26;1
297211;34.00;13.95;59.54;2.725;-30.33;-8.17;1
297640;33.35;13.49;59.08;0.397;-23.02;-20.22;1
297644;31.87;12.91;55.32;0.503;23.14;-18.18;1
297660;32.11;13.35;57.56;0.675;26.70;12.34;1
297664;32.77;14.06;58.82;0.408;-1.13;-30.38;1
297689;32.34;14.06;57.08;0.718;28.93;7.27;1
297693;21.59;6.16;36.22;0.390;-2.62;-19.97;1
298140;21.08;5.77;34.23;0.899;-5.88;18.65;1
298154;33.15;13.75;61.40;0.353;-20.25;-23.62;1
298159;32.37;13.33;57.38;1.020;-22.03;19.25;1
298178;31.40;12.61;57.98;1.776;-24.54;-15.42;1
298182;32.77;13.21;60.17;0.358;-3.71;-30.63;1
298186;31.53;13.60;57.49;0.715;24.41;16.70;1
298652;31.44;13.22;57.01;0.662;28.84;-3.18;1
298666;33.85;14.15;58.80;2.265;-27.63;14.31;1
298671;32.39;13.02;57.20;1.007;-24.63;17.64;1
298693;30.62;12.78;60.90;0.569;19.87;-18.62;1
298697;30.64;13.03;56.46;0.665;27.09;-3.55;1
298702;34.79;15.53;65.86;0.915;14.76;27.30;1
299147;31.63;12.90;56.09;0.634;28.44;5.78;1
299161;33.79;14.18;60.44;0.448;1.46;-30.79;1
299164;32.09;13.31;61.13;0.601;29.59;1.75;1
299197;30.81;13.43;57.04;0.734;26.07;9.72;1
299200;30.93;13.05;58.52;0.683;25.40;12.05;1
299204;31.76;13.31;57.27;0.509;19.28;-21.57;1
299649;31.41;13.17;56.36;0.634;28.11;-4.66;1
299668;32.58;13.40;58.52;0.563;30.15;-3.58;1
299672;31.86;13.37;58.03;1.049;-13.43;25.35;1
299716;32.33;13.40;61.52;2.683;-28.12;-7.63;1
299720;31.63;13.36;59.46;0.435;-13.22;-25.38;1
299724;31.53;13.42;56.65;1.007;-12.38;26.42;1
300150;32.26;13.79;57.56;0.685;28.84;5.23;1
300163;28.69;12.32;50.64;1.014;-3.74;26.30;1
300167;31.84;13.57;56.30;0.429;-3.53;-29.06;1
300188;31.76;13.91;59.67;0.638;29.68;2.30;1
300192;33.45;13.99;60.22;0.376;-11.33;-29.04;1
300195;32.65;13.63;59.93;0.612;28.70;-5.86;1
300662;33.10;13.52;57.45;0.570;29.13;-8.38;1
300678;32.81;13.47;63.82;0.365;-20.00;-23.04;1
300683;31.34;13.00;52.63;0.487;9.06;-26.92;1
300702;33.18;14.30;60.21;2.685;-29.10;-8.85;1
300707;33.86;13.59;58.90;0.409;-10.17;-29.37;1
301147;34.20;13.67;59.20;0.359;-16.35;-27.47;1
301171;32.97;13.42;57.72;0.458;17.11;-25.47;1
301197;32.22;13.54;63.29;0.433;-18.82;-22.26;1
301653;32.47;13.92;58.73;0.343;-16.59;-25.64;1
301667;33.21;13.52;58.82;0.833;1.94;30.83;1
301701;32.50;13.66;58.52;0.465;27.68;-12.98;1
302154;33.49;13.72;58.19;0.396;-23.15;-20.30;1
302201;32.83;13.38;57.94;0.797;6.78;29.90;1
302231;32.96;14.09;59.48;0.869;-27.39;-13.87;1
302235;32.02;13.63;56.14;0.877;-6.36;28.88;1
302641;32.83;14.09;58.59;0.996;-22.16;20.65;1
302657;32.64;13.28;57.22;0.471;7.85;-28.52;1
302683;32.40;13.83;56.09;0.627;29.78;-4.38;1
303139;31.28;13.34;56.57;0.814;16.88;22.95;1
303153;31.86;13.39;60.83;0.779;14.23;25.35;1
303190;33.18;13.50;57.04;0.441;8.65;-29.36;1
303643;31.98;12.92;57.38;0.567;28.38;-7.91;1
303664;32.92;14.22;56.73;0.580;27.96;-12.31;1
303746;31.01;13.50;55.80;0.837;20.40;19.22;1
304156;30.44;13.22;58.52;0.921;0.50;28.05;1
304176;31.86;13.44;57.43;0.621;27.79;-5.98;1
304197;32.48;14.27;59.82;1.136;-19.50;22.91;1
304234;33.82;13.61;63.89;0.638;29.28;-6.22;1
304652;33.08;13.99;56.08;0.899;2.87;30.42;1
304668;30.46;12.58;57.70;2.520;-27.23;9.03;1
304692;34.22;14.46;61.98;1.276;-26.50;-16.55;1
304696;33.54;13.61;60.54;0.371;-6.33;-30.77;1
305149;30.39;12.77;51.09;0.786;18.48;20.81;1
305163;32.41;12.97;53.04;0.396;-11.39;-27.65;1
305185;30.87;13.31;52.63;1.174;-22.80;17.67;1
305190;30.00;12.70;51.20;0.705;25.94;7.47;1
305659;30.57;12.75;51.62;0.751;17.17;21.87;1
305676;34.25;14.42;58.25;0.872;-0.86;30.99;1
305706;31.39;13.52;53.85;1.182;-22.48;17.89;1
305713;31.14;13.10;52.47;0.427;-7.39;-27.41;1
306157;29.90;12.65;51.09;0.658;27.04;5.38;1
306169;31.56;12.84;52.43;0.448;13.78;-25.84;1
306204;31.75;13.08;56.75;0.948;-11.61;26.06;1
306647;31.97;12.84;56.04;0.468;8.31;-27.86;1
306683;28.63;11.76;47.07;0.402;3.22;-26.56;1
306705;30.94;12.27;52.48;0.735;15.45;24.34;1
306710;31.11;13.21;51.61;1.164;-22.04;18.70;1
306713;30.00;12.60;55.15;0.988;-8.63;25.92;1
307145;34.16;13.76;61.52;0.367;-15.02;-28.17;1
307159;32.36;13.40;59.03;0.759;16.26;23.98;1
307163;32.97;13.05;63.32;0.850;-26.45;-16.38;1
307185;33.46;13.88;58.08;0.475;12.74;-27.97;1
307189;32.97;13.44;58.25;0.740;15.76;26.50;1
307642;34.89;13.87;58.31;0.365;-2.55;-32.74;1
307658;32.69;13.49;55.57;2.432;-29.49;9.95;1
307662;33.60;13.28;59.54;0.430;5.72;-30.59;1
307696;32.55;13.53;56.08;0.625;-21.72;-21.84;1
307699;31.41;13.81;60.75;0.648;28.18;-5.45;1
308157;34.10;13.77;60.01;2.782;-31.59;-4.79;1
308171;34.32;13.66;56.89;0.382;3.11;-32.09;1
308206;35.36;14.08;58.60;0.377;-19.57;-26.30;1
308210;33.70;13.59;57.43;0.759;15.03;27.26;1
308657;32.50;14.30;65.62;0.698;29.51;5.31;1
308682;29.82;11.99;49.50;0.865;-4.87;27.41;1
308718;32.65;13.49;58.31;0.623;29.69;4.01;1
309150;33.30;14.43;56.44;0.660;24.59;-17.88;1
309170;32.95;13.67;57.01;0.462;14.71;-26.83;1
309194;33.08;13.54;57.56;0.463;13.84;-27.09;1
309198;31.58;13.51;56.30;0.771;21.98;18.80;1
309648;30.32;12.48;50.93;0.359;-13.58;-24.89;1
309671;21.34;6.35;37.85;0.783;17.74;0.64;1
309697;32.56;13.06;58.73;0.379;-18.25;-24.02;1
309708;30.27;11.87;50.60;0.346;-6.78;-27.75;1
310182;29.54;11.98;50.49;0.842;0.13;27.27;1
310199;33.80;14.07;57.01;0.345;-11.47;-29.70;1
310224;30.45;12.17;49.24;2.714;-27.66;6.53;1
310642;34.15;13.90;58.01;1.022;-26.14;17.43;1
310666;34.64;14.03;61.33;1.898;-27.63;-16.02;1
310698;33.33;13.86;57.14;2.543;-29.21;-10.41;1
310702;33.02;13.60;57.27;0.943;-16.62;25.61;1
311143;21.90;5.68;38.64;0.802;8.88;17.38;1
311157;32.27;13.78;56.09;0.901;1.54;29.97;1
311179;34.03;13.74;58.73;0.398;-13.29;-28.40;1
311640;32.87;14.11;55.90;1.133;-20.93;22.50;1
311656;31.77;13.70;60.07;0.415;9.05;-28.50;1
311693;33.05;13.67;62.30;0.461;10.81;-28.25;1
312143;31.86;14.01;63.15;0.912;3.67;29.23;1
312162;33.38;13.75;57.43;0.710;19.17;23.96;1
312182;32.93;14.17;56.14;0.685;30.10;6.73;1
312198;28.66;11.51;48.83;0.518;25.25;-9.05;1
312637;32.92;14.26;58.80;2.512;-27.82;11.10;1
312656;30.12;12.34;61.22;0.667;24.84;12.04;1
312677;33.17;14.17;57.31;2.757;-30.50;5.08;1
312682;32.13;12.88;56.65;0.729;17.66;24.36;1
313136;33.21;13.59;57.31;0.900;-23.44;19.70;1
313153;31.58;13.69;65.00;1.653;-24.30;15.26;1
313181;29.10;12.73;52.84;0.626;26.63;-4.23;1
313649;30.09;12.94;51.22;0.418;-6.37;-26.89;1
313662;29.62;12.17;51.89;0.711;20.81;17.41;1
313692;32.31;13.09;61.61;2.740;-29.46;1.14;1
314149;33.71;14.65;69.30;0.374;-16.46;-26.63;1
314158;29.57;11.69;49.16;2.766;-27.31;-0.84;1
314181;29.43;12.01;49.37;0.602;27.16;2.39;1
314679;34.10;13.99;58.14;0.464;13.58;-27.96;1
314715;28.60;11.82;50.22;0.534;22.54;-13.85;1
314810;33.19;14.43;58.60;0.388;-20.62;-22.61;1
315142;33.28;14.32;58.69;1.132;-20.13;23.47;1
315169;32.72;13.78;59.03;0.503;17.83;-23.80;1
315197;33.05;14.05;58.41;0.538;20.98;-21.40;1
315201;33.58;14.31;57.57;0.399;-24.34;-18.86;1
315641;33.88;13.90;63.60;0.475;19.48;-24.46;1
315654;31.85;13.37;56.22;0.750;9.69;27.21;1
315685;34.68;14.04;63.89;0.413;-1.45;-31.95;1
316155;32.48;13.42;58.31;0.498;28.09;-12.10;1
316172;33.21;13.06;56.30;0.374;-11.73;-28.59;1
316201;34.20;14.12;57.71;0.412;13.15;-29.56;1
316205;33.06;14.03;56.80;0.799;16.15;25.28;1
316660;30.90;12.28;53.24;0.374;0.00;-29.04;1
316671;32.74;13.76;57.04;0.979;-10.59;28.64;1
316675;19.18;5.16;33.54;0.637;15.61;-5.63;1
316721;35.15;14.36;56.61;0.365;-24.75;-21.39;1
317145;29.99;11.92;49.03;0.877;-4.78;27.40;1
317165;33.49;14.07;58.86;2.662;-30.87;-7.23;1
317189;33.31;13.72;57.00;0.908;-12.41;28.50;1
317193;33.40;13.85;57.38;0.382;-17.07;-25.77;1
317638;29.69;12.21;48.02;0.516;21.37;-17.47;1
317655;32.66;13.99;57.14;0.491;8.77;-28.19;1
317678;34.25;13.67;62.00;0.411;9.88;-30.46;1
317687;33.73;13.55;55.97;0.473;16.64;-26.28;1
318139;30.21;12.06;50.70;0.958;-17.84;21.79;1
318155;32.78;13.24;56.89;0.399;13.59;-27.90;1
318180;29.94;12.35;50.21;0.451;22.90;-16.13;1
318186;29.90;12.09;56.61;0.897;-10.16;26.11;1
318650;34.14;13.70;60.54;0.376;-21.73;-23.07;1
318660;36.48;9.40;49.40;0.319;-21.27;-27.24;1
318685;29.44;12.73;54.45;0.893;11.41;24.68;1
319144;33.47;13.88;57.45;1.050;-20.77;23.56;1
319167;33.67;13.74;57.78;0.876;-0.83;30.52;1
319199;30.59;12.89;55.32;0.353;-9.40;-27.18;1
319203;28.55;11.28;50.54;0.678;22.38;14.24;1
319639;30.50;12.24;49.04;0.975;-21.83;18.91;1
319654;32.95;13.56;57.87;0.413;9.11;-29.48;1
319681;34.84;14.01;56.30;0.494;26.22;-19.05;1
319685;29.73;12.39;50.01;0.907;0.77;27.55;1
320136;34.35;13.86;56.57;0.444;14.92;-28.18;1
320149;33.41;13.71;55.36;0.857;-1.82;30.76;1
320168;33.91;14.19;58.59;0.980;-23.12;21.64;1
320187;33.04;13.96;54.71;0.951;-4.11;30.08;1
320650;34.24;13.92;58.69;0.369;-27.12;-16.69;1
320664;34.55;13.94;57.87;0.471;20.25;-24.76;1
320699;33.79;13.85;58.87;0.764;4.44;30.85;1
321163;30.50;12.30;49.93;0.477;16.94;-22.40;1
321176;30.72;12.28;50.04;0.389;-2.29;-28.50;1
321217;32.91;13.53;55.36;0.627;29.73;3.60;1
321221;29.84;12.31;49.04;0.405;-6.01;-26.82;1
321647;30.37;12.42;52.09;0.441;7.32;-26.97;1
321666;33.43;13.91;56.08;2.741;-31.05;3.92;1
321688;29.18;12.39;49.24;1.109;-22.43;14.92;1
321692;33.09;13.65;58.01;0.464;25.18;-18.49;1
322142;30.64;12.57;51.92;0.371;1.41;-28.83;1
322159;34.16;14.52;56.86;0.815;16.24;27.04;1
322182;34.90;14.15;60.00;0.352;-0.48;-33.06;1
322190;30.93;13.55;54.15;0.737;26.56;9.83;1
322648;33.37;13.63;59.91;2.777;-30.71;5.57;1
322658;33.89;14.51;57.71;2.763;-31.72;5.28;1
322686;33.05;13.56;55.66;0.671;25.49;17.43;1
322692;32.78;12.89;54.23;2.761;-30.13;2.02;1
323143;33.44;13.93;56.65;0.615;27.19;15.95;1
323157;33.07;14.14;59.55;0.776;23.12;21.10;1
323160;31.06;12.88;54.04;2.783;-28.58;-4.36;1
323185;33.72;14.33;56.30;0.489;19.72;-24.45;1
323188;29.13;11.71;48.27;0.626;26.07;7.32;1
323649;32.60;13.58;54.04;0.717;21.70;20.69;1
323675;33.41;13.56;55.11;0.798;8.86;29.52;1
323698;31.16;12.33;52.01;0.344;-19.33;-22.00;1
324146;29.35;12.10;55.79;0.546;26.78;-5.66;1
324160;34.50;13.63;55.90;0.394;12.88;-29.98;1
324183;29.24;12.04;49.24;0.381;-5.11;-26.78;1
324646;32.13;13.29;53.16;1.095;-24.12;17.95;1
324662;30.72;12.21;49.93;0.361;-19.17;-21.35;1
324694;32.89;13.94;54.59;0.670;30.33;-0.13;1
324697;34.17;14.21;57.58;1.019;-25.23;18.52;1
325146;32.44;12.99;53.23;0.574;29.84;-2.73;1
325194;30.08;12.45;50.09;1.246;-23.85;14.12;1
325238;30.29;12.18;53.08;1.006;-23.54;15.81;1
325667;34.87;14.20;57.71;1.014;-27.79;17.08;1
325681;32.12;12.89;53.60;0.421;15.94;-25.70;1
325717;32.26;13.03;53.41;0.307;-15.55;-26.50;1
326149;31.66;12.60;51.74;0.358;-20.87;-20.95;1
326171;31.30;12.59;57.14;0.390;10.23;-27.74;1
326196;30.33;12.67;53.01;0.743;22.32;16.96;1
326638;32.19;13.46;53.85;0.856;-6.44;29.68;1
326652;31.70;13.19;53.60;0.446;9.35;-27.83;1
326672;31.29;13.18;54.04;0.606;26.56;10.91;1
327150;33.90;13.86;64.33;0.462;14.43;-27.64;1
327163;30.42;12.58;50.48;0.660;25.03;12.83;1
327185;29.97;12.91;54.57;0.752;21.34;17.67;1
327203;31.28;13.29;52.95;0.425;0.76;-28.86;1
327661;30.43;12.25;53.08;2.670;-27.13;-7.96;1
327675;35.42;14.10;61.10;0.374;-2.22;-33.12;1
327698;29.70;12.67;51.16;1.005;-5.47;27.57;1
328146;33.89;13.43;59.30;2.743;-31.32;-6.42;1
328176;34.13;13.64;58.82;0.829;-18.36;26.65;1
328202;29.92;12.46;50.04;2.525;-26.47;-10.14;1
328207;30.41;11.99;51.31;0.368;-5.71;-27.90;1
328651;33.66;13.40;55.58;0.947;-15.67;26.77;1
328664;32.18;14.11;56.64;0.498;24.47;-18.33;1
328688;33.86;13.91;55.79;0.375;-28.00;-15.43;1
329145;31.07;13.49;52.39;0.742;27.25;6.50;1
329160;33.47;13.54;59.21;0.798;3.82;31.40;1
329181;30.41;12.88;51.35;0.341;-4.41;-28.53;1
329202;30.92;12.81;55.23;0.332;-13.39;-26.02;1
329652;33.93;13.67;57.49;0.560;30.10;-8.16;1
329675;29.92;12.17;49.04;0.763;4.63;27.85;1
329709;33.11;13.73;55.04;0.453;10.79;-28.68;1
329714;34.08;13.83;56.30;1.889;-29.38;13.05;1
330146;33.50;14.22;58.52;0.439;16.99;-26.62;1
330167;31.74;12.80;54.59;0.600;28.97;-1.58;1
330191;34.54;13.99;57.71;0.681;25.17;20.23;1
330642;30.35;12.21;52.01;2.779;-28.17;4.18;1
330659;31.13;12.86;51.62;2.546;-27.73;8.88;1
330682;30.52;12.06;49.82;0.391;13.83;-25.51;1
330686;28.65;11.90;47.38;0.636;26.30;6.25;1
331143;32.80;13.53;54.45;0.844;0.47;30.18;1
331161;29.06;11.68;47.38;0.567;27.16;-0.34;1
331185;32.75;13.77;55.04;1.119;-26.68;14.95;1
331192;30.33;12.19;50.61;0.947;-17.19;22.70;1
331652;29.79;12.54;49.25;0.897;-1.35;28.38;1
331667;32.76;13.44;61.13;0.412;7.88;-29.63;1
331686;32.61;13.47;55.08;0.777;11.96;27.56;1
331706;33.11;14.02;56.46;0.427;6.86;-29.98;1
332150;29.76;12.30;52.77;0.629;25.31;11.94;1
332171;29.08;12.39;49.50;0.656;27.11;2.23;1
332200;33.05;14.49;68.12;1.101;-16.98;22.93;1
332205;33.69;13.76;57.80;0.472;18.63;-24.96;1
332642;34.15;13.89;57.58;0.352;-13.94;-28.88;1
332681;34.01;13.80;57.58;2.058;-27.08;-15.84;1
332685;33.17;13.56;55.79;1.563;-25.85;15.09;1
332714;33.23;13.96;55.90;0.732;24.29;19.14;1
332717;34.81;14.16;58.14;2.806;-32.70;2.71;1
333141;32.95;14.10;55.33;0.574;29.62;-7.89;1
333157;34.47;14.75;58.46;0.357;-10.91;-30.45;1
333194;33.48;14.17;56.89;0.910;1.31;30.93;1
333657;30.38;12.60;50.25;1.104;-24.38;15.07;1
333673;33.65;14.26;57.01;0.659;30.12;9.12;1
333704;25.56;6.22;34.18;0.382;-10.57;-21.18;1
333708;33.21;13.43;56.59;0.471;20.87;-22.72;1
334155;33.43;14.04;56.82;0.978;-13.22;28.74;1
334171;30.51;12.83;52.01;1.050;-19.47;21.09;1
334194;30.15;12.43;56.04;0.538;25.93;-9.99;1
334651;34.45;14.12;58.31;0.591;31.96;1.21;1
334669;34.83;14.40;57.38;0.357;-23.88;-22.16;1
334673;32.70;13.98;55.33;0.579;29.20;-9.26;1
334697;35.14;14.84;63.15;1.817;-27.01;-17.33;1
334704;31.40;14.42;82.10;2.624;-27.05;-3.36;1
335147;33.86;13.71;56.32;2.637;-30.46;7.97;1
335169;28.57;12.21;56.08;1.081;-10.57;23.54;1
335172;30.36;12.82;50.49;2.804;-28.63;-2.16;1
335202;32.66;13.65;56.64;0.382;-24.22;-18.11;1
335648;33.71;13.68;55.58;0.785;6.63;31.02;1
335698;33.76;14.13;58.01;0.408;4.10;-31.25;1
335752;34.38;13.92;57.01;0.490;23.83;-21.13;1
335756;29.31;12.64;50.70;1.017;-5.85;26.65;1
336143;33.31;13.71;56.08;0.502;21.07;-22.03;1
336163;32.90;14.04;55.79;1.103;-23.36;18.94;1
336166;28.60;11.59;47.54;0.579;26.17;-2.54;1
336206;28.53;11.76;47.89;0.744;14.61;21.86;1
336643;34.96;13.80;59.51;0.306;-25.58;-21.28;1
336682;33.49;14.20;65.12;2.691;-30.74;-7.80;1
336685;32.87;13.30;59.36;0.633;26.35;17.05;1
336708;35.18;14.31;57.08;2.543;-32.37;8.73;1
337137;33.13;13.39;57.71;2.793;-30.95;3.86;1
337149;34.62;13.82;59.03;1.016;-27.39;17.23;1
337190;34.10;14.43;60.54;0.490;18.98;-25.36;1
337650;33.70;13.38;58.73;0.475;26.72;-17.13;1
337663;32.28;13.51;56.22;0.737;21.36;21.90;1
337667;33.79;13.43;57.94;0.314;-3.91;-32.12;1
337698;32.30;13.05;54.08;0.921;-12.53;27.23;1
337703;31.76;13.71;57.20;1.129;-19.03;22.64;1
338151;32.38;12.72;60.41;0.501;31.11;-3.16;1
338178;31.74;13.96;60.83;0.744;26.53;13.23;1
338211;30.28;12.13;52.61;0.812;-0.04;28.93;1
338215;30.81;12.38;55.23;0.322;-10.25;-27.46;1
338636;32.40;14.61;62.13;2.477;-25.14;-11.89;1
338655;29.89;13.30;56.64;0.801;14.80;21.39;1
338677;32.94;14.93;58.52;2.623;-27.26;5.83;1
338689;33.95;15.02;58.87;0.504;4.10;-29.88;1
339164;32.46;14.19;58.01;1.028;-10.96;26.69;1
339179;31.18;13.35;56.80;0.671;27.31;0.95;1
339202;32.44;14.18;56.57;2.566;-27.10;10.44;1
339483;30.24;14.86;60.00;2.418;-26.45;8.23;1
339520;30.34;15.32;67.20;1.008;-20.83;18.13;1
339552;31.63;14.76;59.03;0.420;-4.96;-28.86;1
339573;31.38;14.94;61.13;0.563;26.31;-11.29;1
339585;31.03;14.78;59.67;0.473;7.08;-27.47;1
339643;31.25;14.66;59.36;0.482;16.43;-23.21;1
339657;30.47;15.07;60.00;0.681;-8.25;-26.38;1
339662;29.52;14.52;58.00;0.737;24.33;10.11;1
339688;28.98;15.12;57.45;0.744;24.97;7.94;1
339693;29.39;14.95;58.83;1.092;-19.02;18.57;1
339941;28.46;14.80;56.92;0.589;-0.74;-24.24;1
340206;32.45;17.02;65.00;2.492;-25.55;-3.68;1
340222;31.30;16.82;63.78;1.086;-6.72;23.99;1
340258;30.80;16.47;62.97;1.138;-20.00;13.75;1
340261;20.16;8.19;32.39;0.811;14.95;-4.16;1
340629;21.78;7.86;34.89;0.832;10.77;15.02;1
340639;29.26;14.38;55.79;0.505;-5.53;-25.21;1
340642;32.64;15.36;63.16;0.648;29.01;0.12;1
340673;27.71;13.75;54.45;0.761;22.55;8.03;1
341133;30.56;13.09;69.35;0.249;-21.19;-20.64;1
341147;33.24;13.38;60.21;0.363;12.51;-29.34;1
341202;30.12;13.36;74.73;1.091;-22.64;17.82;1
341632;20.06;7.49;36.67;1.093;-6.18;15.89;1
341651;21.48;8.07;39.36;0.612;-11.34;-13.65;1
341657;19.75;7.88;35.13;1.042;-5.07;16.74;1
341697;20.88;8.04;37.22;0.725;18.06;2.01;1
342133;24.09;7.41;39.62;0.452;0.55;-21.99;1
342149;21.17;6.48;33.73;0.447;0.83;-19.35;1
342170;29.76;13.52;59.23;0.932;-8.88;25.65;1
342175;31.25;14.64;66.07;1.151;-21.37;18.76;1
342638;21.91;6.15;34.13;2.547;-18.94;-6.75;1
342659;32.26;14.39;77.18;0.981;-18.04;23.64;1
342678;30.94;14.36;64.14;0.860;15.00;23.19;1
342682;20.86;6.30;33.53;0.640;18.73;-0.89;1
342686;23.32;7.26;38.08;0.907;5.29;20.38;1
343135;34.03;16.38;69.20;0.587;24.07;-19.44;1
343150;23.14;7.76;37.95;0.468;-17.25;-11.25;1
343176;22.44;7.39;36.67;0.781;16.75;11.27;1
343179;20.11;6.31;33.54;0.670;17.87;1.37;1
343228;21.04;7.50;35.06;1.057;-6.93;15.84;1
343638;29.51;12.28;53.60;0.906;-11.37;24.57;1
343665;33.03;14.88;62.30;0.752;17.44;-24.40;1
343689;21.17;5.91;33.24;0.466;3.38;-18.98;1
343696;32.07;13.26;59.91;1.010;-22.49;18.91;1
344125;33.68;14.66;64.88;2.619;-29.10;10.43;1
344168;33.35;14.22;63.81;0.469;-17.42;-24.02;1
344186;31.79;14.23;62.51;0.725;27.57;4.88;1
344224;32.71;14.62;62.43;0.663;28.36;-7.32;1
344232;32.45;14.12;61.40;0.606;29.59;-1.95;1
344626;32.65;14.83;64.38;2.574;-25.92;11.00;1
344640;34.26;14.10;63.57;2.766;-31.54;3.35;1
344661;34.05;14.23;63.25;0.503;21.51;-22.64;1
344666;33.84;14.80;65.19;0.414;-0.02;-31.42;1
345128;31.16;13.03;58.69;0.941;-6.90;26.93;1
345138;34.35;14.06;64.54;0.401;-10.88;-29.73;1
345142;22.67;5.99;39.00;2.757;-20.91;-0.17;1
345174;32.61;14.47;59.23;0.775;25.30;16.10;1
345628;33.04;14.31;64.64;0.451;-17.88;-23.55;1
345642;28.48;12.51;56.75;0.756;21.24;15.26;1
345646;21.51;5.55;33.02;0.676;18.49;5.67;1
345668;31.52;14.23;61.06;0.968;8.29;26.46;1
345673;31.95;13.50;61.06;0.824;8.17;27.74;1
345682;32.45;13.95;59.82;0.438;20.43;-22.24;1
346127;33.09;14.72;61.29;0.427;-6.42;-29.58;1
346144;20.87;5.63;33.38;0.674;18.58;3.08;1
346166;32.68;14.33;63.78;2.490;-25.52;13.84;1
346633;32.66;13.95;59.91;0.780;21.10;21.20;1
346664;32.81;14.12;61.01;0.469;9.67;-28.02;1
346667;30.89;13.17;62.17;0.664;24.59;14.89;1
346688;32.85;13.80;62.64;0.965;-15.65;25.30;1
346692;34.32;14.12;64.40;0.372;-25.82;-18.70;1
346696;29.54;12.64;55.08;1.024;-14.37;23.52;1
347125;32.50;13.79;63.13;0.442;-8.01;-28.29;1
347145;31.81;13.90;62.36;1.025;-17.99;21.39;1
347169;32.70;14.54;66.04;0.429;-13.28;-26.53;1
347174;32.16;13.90;62.64;0.413;-6.59;-28.86;1
347646;32.90;14.63;61.29;0.431;-18.73;-23.09;1
347658;34.17;14.52;62.65;0.389;-23.66;-20.81;1
347685;30.95;13.64;59.67;0.737;24.88;13.59;1
347696;31.79;13.94;59.14;0.993;-1.99;29.50;1
348141;20.04;6.36;33.29;1.093;-6.63;16.80;1
348153;31.38;14.18;63.70;0.836;17.47;22.12;1
348187;19.68;6.21;33.14;0.752;16.71;4.85;1
348625;32.42;13.91;63.81;0.835;8.93;27.70;1
348654;32.70;14.00;61.81;0.614;29.50;-5.25;1
348680;33.25;14.29;62.94;2.191;-26.74;-13.53;1
348685;32.58;14.23;61.40;0.467;7.12;-28.93;1
349128;22.15;5.37;32.25;0.884;-6.54;19.86;1
349143;26.78;8.29;43.29;0.727;23.78;5.60;1
349173;30.85;12.49;55.23;0.360;-10.03;-27.12;1
349177;33.01;13.91;59.67;0.675;29.70;1.59;1
349640;32.63;13.22;58.05;0.387;-15.42;-25.93;1
349655;20.88;6.07;33.02;0.729;18.46;4.62;1
349658;33.80;13.99;64.14;0.406;-22.45;-21.32;1
349681;20.69;6.32;33.24;0.787;17.39;4.71;1
350132;29.50;12.28;55.44;1.113;-21.40;16.38;1
350155;23.11;5.80;33.14;0.416;3.22;-21.20;1
350188;30.47;12.60;56.29;0.588;27.88;-2.77;1
350195;29.43;12.31;55.08;0.644;26.30;5.60;1
350629;31.73;13.22;57.98;0.337;-24.34;-17.31;1
350647;23.62;6.32;35.06;2.560;-20.46;-7.44;1
350651;31.38;12.76;57.28;0.368;-18.17;-23.05;1
350678;21.19;6.22;34.13;0.940;-1.96;19.56;1
350682;33.38;14.03;69.35;0.477;-16.09;-24.83;1
351127;30.44;12.64;56.22;0.705;22.62;16.07;1
351139;33.29;15.11;63.25;0.831;22.29;20.54;1
351143;29.89;12.71;55.95;0.846;4.86;26.58;1
351176;34.30;14.27;61.39;2.713;-30.99;0.39;1
351628;30.94;12.60;54.82;0.533;23.58;-15.67;1
351638;29.61;13.06;55.71;0.475;12.82;-24.30;1
351665;35.48;14.85;64.20;0.408;3.46;-32.89;1
352168;30.46;13.01;55.36;0.630;27.82;-2.58;1
352186;30.22;12.54;54.08;0.817;5.91;27.20;1
352207;30.58;12.91;54.56;0.547;25.30;-12.85;1
352637;30.63;13.01;55.11;0.542;14.81;-23.01;1
352653;31.31;12.92;56.08;0.435;-5.70;-27.91;1
352675;33.78;14.64;64.54;0.536;15.53;-25.96;1
352680;21.96;6.34;32.06;1.078;-6.87;18.68;1
352685;30.08;13.31;55.23;0.929;2.04;27.07;1
353124;30.57;12.66;55.17;0.729;20.70;18.37;1
353139;35.36;14.56;64.63;0.435;4.48;-32.17;1
353163;36.10;14.85;65.00;0.400;-16.00;-29.14;1
353626;30.63;12.90;56.32;0.485;15.00;-23.94;1
353640;29.95;12.50;56.36;0.701;18.46;20.50;1
353672;33.44;14.54;62.82;0.668;17.11;-24.42;1
353676;33.47;14.15;64.07;0.559;23.57;-18.41;1
354126;28.93;12.13;51.55;0.617;26.45;-2.78;1
354145;34.79;14.85;61.85;0.569;26.52;-17.11;1
354166;34.36;14.79;63.78;0.880;10.08;29.43;1
354170;29.28;12.48;53.54;0.879;7.18;25.88;1
354173;34.43;14.02;60.46;0.393;-9.77;-30.36;1
354625;22.58;5.77;33.06;0.672;19.25;6.82;1
354640;30.97;12.55;55.33;2.782;-28.83;-0.89;1
354668;34.62;14.53;61.10;0.478;17.65;-26.73;1
354692;30.25;12.59;54.74;0.875;-3.53;27.53;1
354711;29.68;13.07;57.01;0.922;7.50;26.59;1
355154;29.98;12.57;54.64;0.751;16.14;22.31;1
355169;34.46;14.35;60.31;2.658;-29.19;7.60;1
355189;34.41;14.07;62.10;1.823;-25.68;-17.14;1
355193;29.81;12.60;53.37;0.964;-15.30;22.55;1
355208;33.69;14.81;59.41;0.436;-13.48;-27.28;1
355644;34.47;13.99;61.85;0.405;-16.39;-27.11;1
355663;33.20;14.66;60.08;0.832;23.33;18.16;1
355702;30.81;12.97;54.33;1.041;-12.91;24.54;1
356140;30.81;13.22;52.15;0.487;8.27;-26.79;1
356162;34.82;14.36;60.80;1.013;-25.67;19.17;1
356192;35.02;15.24;62.20;0.478;8.24;-30.82;1
356195;30.32;12.26;53.82;1.154;-23.12;15.34;1
356198;34.91;14.74;60.84;0.391;-9.82;-30.75;1
356637;23.99;6.23;33.54;0.875;-16.94;-13.51;1
356650;30.57;12.70;56.08;0.602;24.89;-10.42;1
356692;30.59;12.80;54.20;0.587;27.00;-5.33;1
357137;35.75;15.16;62.43;0.425;-20.32;-25.21;1
357153;34.90;14.53;61.77;0.593;30.99;-6.31;1
357157;31.11;12.83;53.74;1.034;-22.27;16.88;1
357194;30.78;13.19;57.87;0.413;-20.29;-19.39;1
357638;35.10;14.76;64.64;0.569;25.26;-18.42;1
357664;33.83;14.31;60.42;0.977;-16.66;25.29;1
357667;34.45;14.47;63.56;2.670;-30.25;3.22;1
357696;19.60;5.53;32.25;0.903;6.24;15.90;1
357700;30.57;13.32;54.45;2.686;-26.50;-8.39;1
358136;30.74;12.59;58.01;0.542;23.82;-14.68;1
358148;31.23;13.20;57.97;0.862;0.93;28.28;1
358179;35.98;14.85;63.51;2.706;-32.14;-3.46;1
358632;34.53;14.26;65.30;0.453;-10.09;-29.39;1
358655;30.87;12.77;54.57;0.956;-15.06;23.98;1
358692;31.25;13.11;56.14;2.719;-28.33;-3.32;1
359143;34.21;15.49;67.12;0.687;25.75;-12.85;1
359202;32.22;14.10;62.37;0.603;10.40;-25.03;1
359235;32.48;14.15;59.62;0.897;1.57;28.32;1
359647;21.59;6.34;37.34;0.558;13.66;-13.50;1
359671;31.41;14.15;60.41;0.543;12.74;-25.05;1
359711;21.96;5.97;33.06;0.492;5.33;-19.01;1
359715;32.97;14.48;65.51;0.475;-16.88;-23.83;1
360133;34.07;14.40;61.52;2.624;-27.55;11.32;1
360156;32.28;14.86;62.97;0.775;27.42;1.11;1
360178;32.50;13.67;62.63;2.640;-27.16;8.37;1
360188;29.16;12.41;53.24;0.672;25.45;-0.73;1
360634;33.25;14.78;64.33;0.904;-2.87;29.85;1
360647;33.89;14.97;63.78;0.857;15.44;26.13;1
360671;32.73;14.45;62.48;0.812;17.44;24.29;1
360675;22.44;5.80;33.02;2.303;-18.12;-8.68;1
361145;31.17;14.53;63.20;0.725;27.82;1.42;1
361161;31.73;14.21;64.78;0.880;1.57;28.50;1
361197;20.81;7.31;34.93;0.587;8.89;-15.94;1
361629;31.87;15.05;66.85;0.992;4.91;27.92;1
361659;31.12;15.26;65.22;0.917;17.71;20.57;1
361688;33.01;15.09;66.53;2.378;-25.17;15.01;1
362132;33.04;14.06;62.01;0.627;29.64;-2.15;1
362142;31.15;12.77;56.04;0.394;-9.27;-27.34;1
362175;32.30;14.28;62.65;2.779;-29.97;-3.21;1
362630;21.59;5.61;32.25;0.727;16.75;9.14;1
362642;29.44;13.18;57.04;0.716;26.20;7.45;1
362646;29.66;12.22;54.56;0.506;22.02;-16.29;1
362665;35.36;14.28;62.77;0.371;-25.82;-20.39;1
362669;34.32;13.92;59.03;1.007;-21.68;22.17;1
362680;33.97;13.92;62.29;0.516;27.09;-16.03;1
363175;33.80;13.91;60.22;0.520;27.00;-15.68;1
363194;32.17;13.82;60.17;0.594;27.82;-9.58;1
363198;33.00;13.67;63.98;0.396;-24.14;-18.44;1
363222;34.40;14.02;60.88;2.385;-28.43;13.93;1
363225;33.50;14.07;62.80;2.721;-30.17;4.58;1
363631;31.41;13.30;54.71;0.498;3.09;-27.71;1
363653;29.85;13.77;53.00;1.026;1.93;25.47;1
363675;31.23;13.61;60.14;0.483;-11.61;-24.97;1
363679;30.85;13.12;53.04;2.663;-26.46;5.27;1
364128;31.27;13.89;55.95;0.677;17.41;-18.29;1
364145;30.02;14.29;55.36;0.926;14.31;21.03;1
364176;29.99;13.65;57.27;0.675;10.85;-21.50;1
364627;22.86;6.63;32.25;0.906;1.12;19.50;1
364641;32.78;13.94;58.26;2.457;-24.58;-14.02;1
364666;31.05;12.95;52.77;0.498;6.87;-26.78;1
365124;33.29;14.38;62.13;2.741;-29.88;-6.07;1
365152;33.07;14.63;64.01;0.435;5.90;-30.05;1
365188;29.11;12.79;55.11;0.414;1.36;-27.14;1
365662;20.93;6.99;34.23;0.636;5.06;-18.44;1
365768;31.21;14.97;64.08;0.578;15.96;-22.31;1
365796;20.25;6.80;32.56;0.765;16.25;8.09;1
366126;19.32;8.26;34.48;0.638;-13.39;-8.38;1
366141;19.02;7.98;33.96;0.805;16.13;-0.20;1
366174;21.93;9.18;38.33;0.805;18.26;0.65;1
366177;20.52;7.63;34.48;0.537;-15.49;-8.77;1
366637;30.07;16.26;65.86;0.707;18.50;-16.72;1
366653;22.51;9.14;39.45;0.621;-12.83;-13.55;1
366658;21.60;9.08;38.48;0.651;-0.77;-17.87;1
366682;21.77;9.52;38.33;0.705;6.53;-16.55;1
367143;28.70;16.22;65.73;1.057;1.50;22.39;1
367155;29.02;16.23;67.80;0.741;18.35;-15.66;1
367158;22.25;8.89;38.05;2.259;-16.39;-7.50;1
367190;30.26;16.23;66.73;2.509;-23.84;8.27;1
367654;22.55;9.20;38.08;2.553;-18.70;2.41;1
367665;21.11;9.66;38.48;1.034;12.10;10.46;1
367697;29.38;16.70;65.00;0.738;14.16;-19.54;1
367707;28.86;16.30;60.41;2.616;-25.26;4.35;1
368137;29.19;16.84;67.42;0.938;20.67;-4.22;1
368147;18.66;9.00;35.34;1.015;12.75;-2.39;1
368155;33.28;18.77;76.40;2.379;-23.44;7.87;1
368175;19.76;8.92;36.50;2.043;-13.27;-7.06;1
368179;29.16;16.64;67.42;0.817;-5.71;-20.56;1
368638;22.51;10.24;43.32;2.488;-17.71;0.09;1
368666;20.01;9.24;38.08;0.704;5.12;-15.61;1
368695;20.96;9.57;38.08;2.535;-17.01;-0.64;1
368698;26.87;16.04;62.39;1.050;16.99;11.79;1
369135;31.83;16.12;66.64;0.542;15.86;-23.97;1
369149;31.00;16.37;65.30;0.640;24.65;-13.33;1
369181;23.04;8.68;38.47;0.536;7.76;-19.15;1
369644;31.74;16.18;72.47;0.424;-22.24;-18.73;1
369661;29.66;15.16;64.40;0.802;20.73;15.75;1
369686;31.28;15.82;64.66;0.578;24.07;-15.75;1
369693;32.48;16.47;72.95;0.549;14.90;-25.02;1
370134;20.93;7.73;34.71;1.768;-16.87;-8.47;1
370161;20.36;8.23;34.06;0.696;3.94;-17.61;1
370185;31.43;15.97;66.03;0.809;21.15;19.34;1
370189;31.88;16.28;68.62;0.649;19.99;-21.35;1
370193;31.82;15.65;65.51;0.829;11.76;26.29;1
370633;30.80;16.20;64.85;0.814;24.19;14.24;1
370647;20.03;7.07;34.06;1.037;-4.61;17.16;1
370680;30.01;16.19;69.03;0.674;26.91;-3.20;1
370683;30.68;16.03;69.84;0.610;25.01;-11.59;1
371135;20.75;7.53;34.01;0.457;3.51;-18.83;1
371146;20.66;7.15;32.76;0.698;17.44;6.84;1
371179;28.95;14.92;59.84;0.679;24.13;9.45;1
371189;21.20;7.19;33.24;2.731;-19.35;-0.68;1
371648;20.71;7.21;33.73;0.675;17.89;6.51;1
371674;28.52;14.22;60.42;0.452;-20.28;-15.90;1
371698;21.32;7.46;36.14;2.689;-19.13;1.52;1
371703;32.65;16.21;69.64;0.426;-11.94;-27.58;1
371708;29.14;13.80;61.07;0.395;-17.73;-20.34;1
372136;21.28;7.59;35.51;2.668;-18.94;-0.07;1
372154;30.32;15.60;65.51;0.815;11.47;24.65;1
372187;29.08;13.80;58.22;2.756;-26.18;-5.21;1
372191;32.08;15.39;66.84;1.027;-20.77;20.43;1
372626;27.97;13.66;58.05;0.595;26.06;-0.26;1
372650;30.68;14.98;64.88;0.806;15.53;22.58;1
372653;31.30;15.30;63.82;0.456;-23.43;-16.01;1
372678;30.22;14.85;62.36;0.910;0.18;26.93;1
372682;31.72;14.88;64.13;2.762;-29.56;0.67;1
373126;21.60;6.86;34.23;2.738;-19.66;-1.84;1
373136;21.20;8.09;35.51;0.584;20.07;0.70;1
373160;31.99;15.66;65.12;0.535;18.86;-22.37;1
373168;20.10;7.22;33.84;0.616;17.45;-5.83;1
373638;32.10;14.60;63.25;0.774;15.08;25.51;1
373652;30.99;15.21;63.41;0.640;24.47;-12.49;1
373673;34.72;17.24;72.92;0.642;25.04;-17.93;1
373677;20.04;6.54;32.56;1.016;-8.95;14.95;1
374150;34.76;17.04;71.85;2.586;-28.02;11.56;1
374192;22.11;8.14;37.64;0.699;19.19;-1.40;1
374215;30.45;15.93;66.07;0.653;21.34;-16.30;1
374219;31.07;14.99;66.29;0.463;-9.30;-26.53;1
374222;21.43;6.99;34.37;2.703;-19.02;-2.42;1
374640;22.59;7.19;35.44;0.366;-18.77;-9.65;1
374663;28.42;13.02;56.73;0.682;21.92;14.89;1
374705;28.61;13.67;56.85;1.731;-22.87;13.81;1
375124;30.19;13.43;60.21;0.285;-20.29;-20.64;1
375143;31.16;13.06;57.58;1.403;-26.87;-11.54;1
375191;29.51;13.29;57.31;0.936;-4.70;27.56;1
375659;32.71;14.79;68.03;0.449;16.40;-26.34;1
375686;33.30;14.57;64.50;0.573;29.20;-9.27;1
375706;22.14;5.93;35.36;0.931;-8.72;18.52;1
375789;29.30;13.10;59.03;2.264;-23.75;12.82;1
376123;33.47;14.30;63.03;0.703;24.37;18.88;1
376141;22.82;6.31;37.01;2.745;-20.51;-4.51;1
376146;31.94;14.04;58.52;0.960;6.27;28.51;1
376166;31.95;14.54;61.06;0.739;27.70;-9.51;1
376169;33.69;14.32;64.66;2.584;-28.19;12.55;1
376626;33.87;14.02;62.63;0.988;-22.45;21.92;1
376637;31.10;13.08;55.01;2.803;-29.29;0.02;1
376662;30.43;12.43;53.71;2.726;-27.39;3.39;1
376666;33.53;13.57;59.48;0.934;-15.97;26.84;1
376672;30.32;12.46;52.20;0.567;28.04;-5.30;1
377137;31.78;12.86;55.44;2.132;-26.77;12.94;1
377148;35.23;14.71;62.97;2.742;-32.28;-2.60;1
377176;31.46;13.16;56.22;0.381;2.54;-29.60;1
377180;31.11;12.64;54.20;0.931;-16.50;24.36;1
377637;21.81;7.01;37.59;0.443;-4.12;-19.47;1
377660;31.27;15.27;65.76;0.899;12.54;24.59;1
377681;30.45;14.47;62.43;0.641;26.03;-6.92;1
377691;20.67;6.81;32.76;1.056;-9.12;16.33;1
378144;21.78;7.21;34.93;2.640;-18.89;-1.04;1
378169;32.47;15.55;67.36;0.765;19.69;21.93;1
378192;21.13;7.54;36.40;0.714;17.53;9.13;1
378203;31.64;15.52;66.71;2.662;-27.78;5.50;1
378636;30.26;13.48;59.48;1.139;-19.65;20.84;1
378674;31.91;13.60;59.36;0.329;-13.60;-26.98;1
378757;35.47;15.66;67.36;0.363;-16.88;-28.54;1
378760;30.14;13.31;56.32;0.664;27.29;6.83;1
379134;31.13;13.46;57.49;0.988;-20.69;20.39;1
379148;29.97;13.78;58.86;0.751;25.84;10.00;1
379169;31.63;13.33;59.23;2.790;-29.20;-4.25;1
379173;30.53;13.30;59.03;0.705;20.07;20.38;1
379637;30.64;13.14;57.28;2.742;-28.15;3.12;1
379649;30.78;13.15;60.54;0.941;-13.73;25.01;1
379689;30.85;13.45;58.82;0.415;9.81;-27.36;1
379692;30.13;12.98;57.08;0.611;27.64;6.45;1
380135;33.83;14.67;65.44;0.454;-19.48;-23.33;1
380152;30.71;14.11;61.29;0.470;20.36;-20.69;1
380173;23.11;7.14;35.85;0.527;12.81;-16.72;1
380177;28.73;13.14;58.60;0.809;18.25;18.30;1
380644;29.92;13.32;57.58;0.450;12.38;-25.05;1
380658;33.22;15.45;65.76;0.546;21.52;-21.34;1
380662;34.26;15.32;66.48;0.450;-24.84;-18.26;1
380684;29.56;13.28;57.31;0.759;21.64;16.54;1
380688;30.56;12.85;58.05;1.153;-22.35;16.98;1
381128;30.46;13.91;59.91;1.069;-10.54;26.32;1
381146;31.45;14.00;60.21;2.760;-28.71;-6.88;1
381178;22.71;6.99;34.93;0.441;-2.59;-20.61;1
381182;30.21;13.61;59.77;2.669;-26.23;8.20;1
381626;31.12;14.25;63.03;2.813;-29.24;-3.01;1
381654;22.21;6.93;35.23;0.421;1.46;-20.62;1
381691;34.63;15.59;69.53;2.372;-27.85;15.05;1
382137;30.44;13.87;63.32;0.401;-12.90;-24.94;1
382168;32.09;14.02;59.94;0.332;-15.25;-26.23;1
382195;29.85;13.75;57.97;1.022;-10.81;25.12;1
382202;31.53;13.36;60.88;1.562;-25.78;-14.28;1
382628;35.13;15.56;70.21;0.408;-15.07;-28.61;1
382651;22.45;6.36;34.79;0.975;-11.13;17.15;1
382677;30.89;13.56;60.31;0.380;-22.90;-17.27;1
382680;29.85;13.51;58.22;0.701;26.45;7.27;1
383127;30.43;13.82;58.69;0.872;6.95;27.48;1
383139;23.83;6.58;35.74;0.686;-18.66;-11.59;1
383174;33.68;15.20;66.48;1.329;-24.79;18.63;1
383178;34.45;15.74;69.43;1.125;-24.39;19.71;1
383624;31.82;13.74;59.23;0.337;-4.92;-29.89;1
383636;34.97;15.79;67.90;1.183;-24.18;21.25;1
383657;31.20;14.47;60.64;0.363;-10.70;-27.30;1
383672;22.30;7.03;36.25;0.536;12.99;-15.57;1
384128;29.57;13.53;59.82;0.566;21.30;-16.00;1
384149;34.15;15.96;67.90;0.404;-19.30;-24.85;1
384170;31.52;14.06;62.43;0.413;-21.10;-19.74;1
384184;34.95;15.85;73.25;0.511;23.17;-22.64;1
384624;30.73;13.81;59.51;0.939;-12.98;25.47;1
384640;30.85;14.08;59.08;2.528;-27.37;-8.79;1
384660;30.00;13.18;59.48;0.670;27.24;3.48;1
384664;31.92;13.65;62.97;0.382;-21.57;-20.28;1
384668;34.86;16.12;68.59;1.197;-25.16;20.15;1
385123;30.65;13.70;58.55;0.576;28.56;-2.06;1
385136;28.54;12.50;55.87;0.341;-17.19;-20.69;1
385161;32.31;13.67;59.55;0.348;-20.62;-22.33;1
385165;31.21;13.70;60.08;2.546;-27.70;-9.34;1
385169;31.15;13.52;59.24;0.626;-5.71;-28.22;1
385624;29.70;13.68;58.69;0.711;25.83;7.96;1
385635;31.97;13.79;61.72;0.442;16.41;-25.09;1
385665;29.74;13.41;60.67;0.598;25.62;-8.24;1
385669;29.55;13.85;60.75;0.824;16.22;21.62;1
386160;32.43;13.91;60.83;0.361;-18.98;-23.65;1
386192;34.92;15.83;69.08;0.468;-8.24;-30.30;1
386237;30.55;13.13;58.18;0.627;26.98;9.77;1
386643;33.38;14.66;66.24;0.992;-19.25;23.49;1
386661;30.24;13.29;58.18;0.811;7.08;27.08;1
386689;30.60;13.95;65.31;2.615;-26.03;10.72;1
386696;30.21;13.17;57.25;0.765;10.38;26.61;1
387125;22.49;6.60;34.18;0.925;-8.67;18.44;1
387136;30.27;13.93;59.68;0.668;27.62;1.12;1
387160;34.75;15.49;70.49;0.469;-11.16;-28.97;1
387167;30.40;13.37;58.22;0.452;5.89;-27.30;1
387623;32.62;14.74;65.07;2.342;-24.30;15.96;1
387637;28.30;12.94;55.54;1.102;-10.90;23.36;1
387669;33.12;15.56;67.74;0.903;14.40;26.61;1
388141;30.69;13.37;58.19;0.418;-23.48;-15.27;1
388151;30.90;13.21;59.08;0.772;11.72;26.43;1
388183;31.22;13.36;59.93;0.383;-5.58;-28.60;1
388633;30.94;12.95;58.05;0.587;28.67;-0.92;1
388654;31.00;13.32;59.03;0.634;28.04;6.52;1
388673;32.06;13.69;60.96;1.829;-26.26;14.29;1
388691;32.14;13.04;61.03;2.027;-26.71;13.56;1
389143;35.26;14.99;65.95;0.338;-18.74;-27.47;1
389162;31.43;13.99;63.29;1.930;-26.19;13.99;1
389183;31.87;13.64;60.73;2.039;-27.22;-11.59;1
389186;32.12;13.29;58.03;2.805;-30.26;0.31;1
389640;31.02;13.23;58.86;0.806;-1.47;28.61;1
389651;36.20;14.95;67.36;0.367;-20.98;-26.44;1
389677;23.28;6.38;34.79;0.520;11.55;-17.49;1
390135;34.97;15.96;73.60;0.431;-19.06;-25.35;1
390153;30.26;12.86;58.52;0.843;6.01;26.57;1
390176;31.06;13.26;57.20;0.999;-20.98;19.81;1
390185;31.68;13.20;58.69;0.936;-15.61;25.21;1
390637;23.44;6.22;35.13;2.737;-20.92;-4.47;1
390649;23.92;6.10;34.48;0.424;-17.53;-12.83;1
390671;30.31;13.16;57.28;0.607;27.61;-1.89;1
390676;30.38;12.91;57.20;0.506;-13.57;-22.85;1
391147;31.39;13.31;58.31;0.435;-11.89;-25.84;1
391161;35.53;15.08;63.13;1.530;-27.60;17.36;1
391186;30.68;13.27;57.45;0.946;-2.32;28.02;1
391644;31.24;12.62;55.08;0.464;9.32;-26.95;1
391663;30.85;12.58;53.14;2.733;-28.06;0.23;1
391696;30.52;12.52;53.04;0.443;-15.30;-22.83;1
392131;33.21;13.66;59.20;0.464;-8.74;-28.37;1
392145;29.61;12.64;53.04;0.572;23.62;-13.02;1
392184;33.48;14.44;59.08;2.683;-29.45;8.98;1
392627;31.44;13.51;59.01;0.742;26.11;9.77;1
392647;34.64;14.40;61.85;0.411;-11.91;-29.44;1
392683;22.27;5.47;33.06;0.707;17.22;10.18;1
392687;34.60;14.21;62.94;0.524;19.38;-24.36;1
393128;34.05;14.63;62.01;0.497;9.75;-29.05;1
393142;32.90;13.68;58.08;0.621;29.51;8.21;1
393161;30.28;12.47;54.64;0.565;26.61;-7.92;1
393165;30.02;12.31;53.24;0.813;5.67;27.24;1
393635;35.27;14.50;61.20;0.451;4.73;-31.84;1
393652;34.39;14.54;61.72;0.388;-25.63;-18.73;1
393671;34.36;14.96;62.03;0.459;8.32;-30.52;1
393676;29.99;12.95;55.57;0.850;8.37;26.73;1
394124;34.25;14.10;60.54;0.478;-1.51;-30.53;1
394147;32.85;14.48;59.91;0.740;19.09;22.53;1
394151;33.17;14.56;60.67;2.741;-30.25;-4.10;1
394182;32.53;13.88;58.08;1.025;-11.97;26.55;1
394628;29.34;12.09;51.43;0.746;18.50;18.78;1
394640;29.63;12.59;55.44;0.883;-4.40;26.83;1
394684;33.85;14.50;59.48;2.687;-29.87;-4.10;1
394688;34.24;14.35;60.21;2.682;-28.64;-10.62;1
395122;33.35;14.47;61.03;0.701;29.34;1.66;1
395147;34.44;14.12;60.96;2.615;-28.43;12.12;1
395177;30.71;12.78;53.71;0.951;-15.07;23.86;1
395180;32.34;14.10;60.96;0.814;21.51;20.57;1
395624;34.09;14.24;60.08;0.890;-2.07;30.67;1
395636;35.61;14.69;65.51;0.374;-28.34;-17.13;1
395663;29.87;12.96;58.00;0.392;-11.39;-25.15;1
395667;29.67;12.14;55.76;2.346;-24.32;-11.98;1
396122;29.83;12.52;55.11;0.693;24.40;11.13;1
396138;33.47;14.73;60.46;0.655;29.26;-7.05;1
396168;30.79;12.65;53.31;0.554;27.55;-7.19;1
396173;31.24;12.59;55.36;2.617;-26.63;-10.29;1
396653;34.65;14.42;65.12;2.218;-27.00;14.87;1
396703;30.46;12.97;52.89;0.528;16.14;-22.30;1
396750;30.99;12.60;53.00;0.558;27.93;-6.13;1
397134;31.18;13.19;64.01;1.554;-24.11;-15.05;1
397152;34.65;14.63;60.90;0.565;28.59;-13.93;1
397171;30.62;12.33;55.44;0.634;27.45;5.87;1
397175;32.17;14.20;59.54;0.907;-1.17;30.19;1
397634;24.48;7.20;37.22;0.534;3.97;-20.96;1
397652;30.90;13.78;60.64;0.963;-0.23;27.50;1
397671;31.96;14.30;60.80;0.664;26.48;-9.12;1
397675;31.94;14.45;62.97;0.565;21.16;-19.38;1
398139;34.04;14.09;62.30;0.424;-1.67;-31.22;1
398157;32.02;13.91;61.85;2.212;-27.54;11.96;1
398178;33.63;14.12;61.62;2.643;-28.04;10.72;1
398182;33.76;14.00;63.16;0.406;-6.36;-30.50;1
398193;33.57;14.32;63.41;0.566;24.87;-16.91;1
398623;32.79;13.86;56.60;2.530;-27.68;-11.91;1
398638;32.07;13.18;53.94;0.568;24.73;-14.47;1
398677;32.35;13.51;54.67;0.514;13.48;-25.51;1
399134;33.14;13.81;61.35;0.413;-24.61;-17.67;1
399149;33.33;14.60;64.90;0.408;-20.18;-22.81;1
399153;31.54;14.33;71.12;0.539;23.70;-17.39;1
399184;32.15;13.42;58.52;0.833;7.18;28.13;1
399626;30.15;12.87;55.00;0.530;15.53;-22.12;1
399660;30.07;12.88;51.97;0.749;16.59;21.79;1
399665;30.78;13.33;53.60;0.443;-4.33;-27.61;1
399689;30.60;13.08;53.71;2.557;-25.95;-9.50;1
399695;31.88;14.37;62.07;0.764;23.61;16.22;1
399829;29.91;13.80;58.25;2.551;-24.30;-0.43;1
399855;33.09;14.40;58.25;0.705;25.93;14.36;1
399884;31.08;14.18;79.81;0.580;14.60;-22.68;1
399923;29.97;13.39;57.01;0.567;21.37;-16.41;1
399934;32.72;14.34;58.60;0.710;26.24;12.08;1
399961;35.34;15.78;63.89;0.957;-12.32;28.57;1
399974;30.24;13.20;55.22;0.507;12.99;-23.83;1
399990;30.24;12.98;54.20;0.497;11.81;-24.50;1
399994;22.25;6.73;37.85;0.481;-11.83;-15.66;1
400224;31.61;13.13;52.50;0.548;25.65;-13.81;1
400429;31.47;13.14;53.08;1.283;-25.07;14.13;1
400481;27.91;11.83;47.93;0.939;-2.97;25.45;1
400496;31.40;13.09;53.85;0.630;26.63;11.17;1
400500;32.20;13.41;53.91;0.859;-17.21;24.22;1
400535;31.55;13.13;53.26;0.951;-16.99;23.72;1
400935;31.24;13.09;57.31;0.675;25.64;12.26;1
400947;30.92;12.78;57.71;0.463;8.69;-26.85;1
400951;30.69;13.17;52.95;2.709;-27.62;1.16;1
400985;30.71;13.52;54.92;1.157;-21.35;18.77;1
401434;31.09;13.29;58.69;2.660;-26.00;8.69;1
401453;35.07;14.91;67.01;0.636;30.76;-4.43;1
401478;30.04;13.54;59.77;0.963;-1.63;27.25;1
401493;22.37;6.57;34.48;0.701;19.23;0.63;1
401942;29.07;16.78;70.01;1.337;4.22;14.91;1
401960;18.53;8.68;38.00;1.264;8.90;3.85;1
401985;21.65;10.11;41.40;2.007;0.98;8.77;1
402439;21.69;9.30;40.31;1.439;2.32;8.15;1
402458;21.14;9.45;39.81;1.122;2.38;-9.72;1
402463;20.94;9.12;37.64;1.254;1.55;-7.55;1
402496;22.12;8.88;38.33;2.290;-8.26;-7.46;1
402500;19.35;7.98;34.79;2.098;-4.53;7.86;1
402959;31.85;18.18;74.89;0.773;-6.05;-22.80;1
402990;19.48;8.92;36.77;1.107;11.85;-0.55;1
403014;20.79;8.65;38.47;2.090;-3.88;13.32;1
403035;31.25;17.47;73.50;1.076;12.45;18.36;1
403446;19.89;9.64;40.11;1.212;9.26;6.89;1
403466;30.90;18.19;74.09;2.215;-18.14;5.32;1
403495;21.22;9.28;39.00;2.407;-15.38;-0.62;1
403955;31.93;17.18;71.84;2.365;-19.63;12.47;1
403965;20.01;9.14;37.48;2.222;-7.27;10.32;1
403990;21.15;8.81;38.08;2.317;-10.69;10.16;1
404003;20.50;9.63;39.66;0.881;-7.47;-11.69;1
404460;20.39;8.31;36.12;2.284;-6.23;11.79;1
404477;20.54;9.27;37.22;0.939;10.93;-8.85;1
404481;20.70;9.34;38.08;2.343;-14.18;0.74;1
404510;20.29;9.14;38.63;0.921;10.39;-9.52;1
404949;20.27;9.22;36.50;0.874;7.26;-12.48;1
404978;20.02;8.98;37.70;1.041;13.01;1.05;1
405027;31.03;18.26;74.97;0.876;-8.38;-19.29;1
405449;20.82;8.04;36.40;2.353;-10.25;10.50;1
405462;22.33;9.50;40.52;2.234;-11.26;7.05;1
405491;34.65;18.83;79.32;0.804;-6.56;-23.36;1
405495;20.78;8.36;36.88;0.763;3.10;-15.27;1
405946;19.93;7.96;35.78;1.074;8.62;11.09;1
405966;20.41;8.89;37.34;0.808;4.83;-14.17;1
405970;30.78;16.43;70.09;1.122;-0.10;21.68;1
406002;19.54;8.30;36.12;1.047;11.62;5.53;1
406007;30.93;16.48;71.02;2.297;-19.33;5.64;1
406453;20.50;7.99;37.22;1.131;0.33;14.14;1
406473;22.97;9.71;41.98;0.866;8.88;-13.44;1
406505;20.87;8.72;38.01;0.826;5.83;-13.75;1
406516;30.35;16.63;69.43;2.299;-19.01;4.98;1
406947;22.42;9.84;42.06;0.991;15.27;-1.13;1
406965;21.01;8.83;40.79;0.846;3.27;-14.30;1
406986;31.55;16.90;72.95;1.064;6.14;22.22;1
406990;20.45;8.27;36.25;1.050;8.85;11.14;1
406994;21.36;8.55;38.47;2.178;-13.36;-8.41;1
407446;20.27;8.24;36.67;0.992;13.33;3.80;1
407459;22.26;10.03;41.88;2.223;-12.50;0.23;1
407462;22.54;10.10;44.60;1.073;1.83;-13.06;1
407496;19.60;8.40;36.22;1.047;11.81;4.61;1
407950;21.02;7.96;37.64;2.446;-15.29;-2.53;1
407971;20.40;8.06;36.06;2.271;-6.89;11.99;1
407994;20.54;7.87;37.66;1.091;-9.59;-9.90;1
408460;22.28;9.53;40.05;1.132;11.23;8.02;1
408471;20.83;8.22;35.85;2.365;-13.94;-1.49;1
408476;22.61;9.99;41.88;2.268;-13.49;-0.28;1
408503;31.39;16.52;68.88;2.381;-21.94;-0.40;1
408506;20.15;7.79;37.11;1.009;10.43;8.89;1
408945;20.79;8.44;38.12;0.855;5.96;-13.12;1
408967;21.16;8.31;37.11;2.443;-14.83;-3.78;1
408997;19.03;7.91;34.21;1.192;6.61;9.17;1
409442;32.35;16.66;71.06;0.955;11.62;21.99;1
409450;21.98;8.16;38.47;1.779;-12.90;-9.83;1
409481;35.78;18.14;78.55;1.012;8.42;25.78;1
409484;19.66;6.95;33.38;2.535;-13.78;-7.02;1
409946;33.71;17.32;79.21;0.709;-10.77;-23.40;1
409959;31.40;16.64;71.28;1.039;5.71;22.91;1
409992;34.67;18.69;78.49;0.931;22.34;-7.92;1
409996;19.95;8.73;37.12;0.988;13.95;5.23;1
410450;21.98;9.03;39.20;0.768;3.62;-16.17;1
410465;22.98;8.47;39.32;2.204;-15.97;-8.97;1
410484;31.84;16.14;73.57;0.642;-10.19;-23.69;1
410490;30.54;16.27;69.43;0.674;-8.91;-22.42;1
410965;20.28;7.67;34.93;1.656;-14.51;-8.45;1
410979;34.85;17.88;76.55;0.664;-7.50;-26.88;1
411026;30.16;15.23;65.12;2.267;-19.20;17.57;1
411452;21.93;9.05;39.92;1.107;-6.97;15.83;1
411474;22.40;8.94;38.95;0.521;10.63;-17.39;1
411478;33.11;17.84;74.65;0.756;25.18;-11.41;1
411502;22.08;8.23;41.01;1.010;-6.23;17.80;1
411508;29.53;15.81;65.95;0.573;-14.59;-20.28;1
411947;23.13;9.39;42.20;0.643;-0.48;-19.05;1
411967;29.30;15.62;66.65;2.339;-16.86;17.05;1
411994;22.77;8.93;40.31;2.505;-18.15;3.72;1
412446;20.29;8.13;36.67;0.669;11.68;-12.50;1
412460;19.32;7.62;34.06;1.151;-2.23;15.65;1
412485;19.28;7.86;34.79;0.917;13.29;9.39;1
412493;28.79;16.02;70.00;0.698;22.30;-11.68;1
412497;20.22;8.00;37.34;1.483;-15.50;-8.16;1
412959;19.22;6.33;32.06;0.686;16.91;2.75;1
412987;21.18;7.78;37.01;1.095;-3.74;18.19;1
413011;32.08;15.93;69.26;2.553;-24.91;10.04;1
413015;21.33;7.43;36.67;2.606;-17.92;4.29;1
413019;20.37;7.00;34.54;0.786;13.83;11.25;1
413460;31.50;16.30;71.55;0.481;-14.70;-23.82;1
413519;22.17;7.96;38.48;0.457;-5.60;-19.30;1
413556;32.45;15.22;68.68;0.573;27.20;-11.68;1
413559;22.40;6.83;36.50;1.864;-18.25;-8.69;1
413946;22.24;7.63;38.00;2.623;-17.86;-6.34;1
413961;32.82;15.45;67.80;0.848;11.03;26.96;1
413991;21.35;7.47;36.01;0.763;17.40;5.38;1
413995;21.27;7.38;37.12;0.714;18.37;-2.11;1
414442;21.04;6.91;35.17;0.923;-3.25;18.55;1
414462;31.82;15.29;75.59;0.923;9.33;26.47;1
414484;20.75;7.21;37.70;0.488;-14.27;-11.44;1
414943;31.52;15.89;67.94;0.992;11.66;24.10;1
414965;19.36;7.29;33.53;0.977;11.33;10.60;1
414989;21.58;7.32;36.40;2.690;-19.30;2.80;1
415443;21.27;7.45;36.22;0.814;16.09;7.10;1
415458;19.45;6.31;32.25;0.781;14.70;7.68;1
415497;34.05;16.11;69.43;0.618;24.48;-17.09;1
415501;21.01;7.42;35.11;0.743;18.10;-0.08;1
415945;21.29;7.76;35.47;0.612;10.21;-15.38;1
415958;21.85;7.14;35.85;0.961;2.08;19.13;1
415981;22.35;7.20;37.22;0.542;2.87;-19.31;1
415985;20.63;6.69;33.53;1.953;-10.97;12.83;1
416341;21.41;7.33;36.12;0.977;-3.12;18.02;1
416443;31.47;15.84;66.60;0.949;11.99;23.51;1
416470;34.53;16.41;69.63;0.446;-21.10;-22.79;1
416495;20.90;6.82;34.54;0.637;13.75;-11.60;1
416506;21.67;7.03;34.18;1.168;-12.08;14.22;1
416937;21.89;6.92;35.69;1.118;-10.03;15.62;1
416960;22.41;7.35;36.40;2.626;-19.18;-1.54;1
416982;32.16;15.80;70.80;0.933;15.50;21.71;1
417436;34.23;16.28;70.80;0.523;-9.93;-28.04;1
417448;34.06;15.83;69.12;0.622;28.21;-8.53;1
417468;20.37;6.20;34.21;2.644;-17.68;-0.74;1
417472;19.84;6.58;33.24;0.624;7.94;-14.78;1
417941;32.18;15.46;66.85;0.930;8.87;25.11;1
417955;29.88;13.80;59.68;0.479;-7.73;-25.51;1
417984;22.77;7.21;37.36;2.631;-19.20;-2.91;1
417989;22.71;7.20;37.22;2.580;-18.74;3.57;1
418440;32.50;16.27;70.01;0.759;23.90;-11.27;1
418453;33.31;16.01;69.03;0.901;16.06;23.81;1
418488;33.75;15.67;68.60;0.863;10.90;27.27;1
418499;32.17;15.23;70.21;2.610;-26.30;9.40;1
418944;32.24;16.13;83.44;0.866;16.13;23.60;1
418964;33.56;15.45;69.12;0.501;-19.47;-22.04;1
418984;22.44;7.57;37.64;0.577;11.29;-16.25;1
418988;34.18;16.20;74.40;2.594;-27.90;8.88;1
418991;33.67;15.46;70.43;2.584;-26.42;13.15;1
419438;21.19;7.27;35.85;1.061;-1.37;17.29;1
419460;31.89;15.59;69.97;0.646;19.86;-18.97;1
419492;33.07;15.24;69.18;2.641;-28.68;3.27;1
419936;20.02;6.92;34.37;0.777;17.06;2.68;1
419951;21.75;7.35;36.25;0.714;18.69;-2.24;1
420005;22.18;6.75;35.85;0.784;14.69;12.55;1
420434;20.67;7.42;35.23;0.839;16.38;3.65;1
420449;33.95;15.79;69.43;0.556;-14.44;-25.02;1
420472;28.80;14.07;59.14;0.539;-7.77;-23.72;1
420948;22.55;7.25;36.50;0.510;2.27;-19.71;1
420959;21.84;7.06;38.01;2.649;-19.01;-0.97;1
420983;28.94;13.29;60.03;0.626;11.30;-21.52;1
421435;21.64;7.32;38.12;1.917;-15.86;-9.52;1
421458;33.39;15.64;70.18;0.639;22.68;-17.37;1
421487;21.70;7.13;36.06;0.615;7.40;-16.74;1
421491;21.53;7.03;37.11;0.722;18.38;1.27;1
421495;21.25;7.47;35.17;0.607;1.06;-17.78;1
421950;32.69;15.70;69.35;2.482;-23.84;13.87;1
421972;32.16;15.48;67.27;0.714;24.35;-10.60;1
422004;22.79;7.21;36.77;2.630;-19.68;1.66;1
422481;32.10;14.64;65.80;0.639;25.67;-11.02;1
422534;21.55;7.06;34.71;1.077;-8.90;16.67;1
422556;22.12;7.19;36.14;0.529;8.46;-17.97;1
422942;22.33;7.39;36.67;0.572;10.37;-16.70;1
422955;22.21;7.01;37.58;0.443;-13.94;-14.34;1
422993;33.10;15.65;67.78;0.657;26.89;-9.88;1
422998;21.57;6.89;34.67;0.846;13.58;12.86;1
423441;22.25;6.96;34.79;0.666;10.83;-16.50;1
423461;32.77;14.95;67.05;0.492;-2.65;-29.05;1
423484;31.90;15.59;70.29;2.445;-22.42;15.65;1
423488;29.32;14.10;61.72;0.567;-4.09;-24.55;1
423948;22.03;7.59;37.34;2.632;-18.30;-4.60;1
423966;20.44;7.54;34.23;0.881;15.77;5.65;1
423990;33.53;15.58;69.53;2.544;-24.50;14.92;1
423994;21.72;7.39;35.13;1.146;-7.13;17.19;1
424438;20.13;6.27;33.73;0.519;1.42;-17.70;1
424456;33.95;16.03;69.40;2.541;-25.74;14.44;1
424460;22.44;6.50;35.11;1.154;-13.83;14.17;1
424485;21.27;6.99;35.74;0.893;12.29;11.58;1
424489;31.18;14.92;66.65;0.944;4.32;25.40;1
424494;30.59;13.71;61.62;0.499;-19.61;-18.26;1
424947;22.43;7.28;36.25;0.578;0.08;-19.03;1
424970;23.12;6.88;35.69;0.549;0.89;-19.96;1
424994;23.15;7.32;37.16;2.613;-19.65;2.02;1
425005;21.70;7.55;35.74;0.678;11.30;-14.06;1
425451;22.30;7.28;37.22;2.578;-17.75;-4.34;1
425478;21.94;7.93;37.11;0.967;-14.71;-10.30;1
425482;32.19;16.17;68.88;0.987;7.41;24.08;1
425505;20.68;7.64;35.34;0.980;9.70;11.88;1
425998;34.81;15.92;71.85;0.873;9.88;28.61;1
426032;22.69;6.54;36.69;1.062;-12.27;14.66;1
426134;30.15;14.18;61.40;0.556;16.33;-21.71;1
426474;29.46;13.56;56.85;0.655;25.09;-7.46;1
426487;30.24;14.07;62.29;1.951;-19.49;17.22;1
426492;23.68;7.21;37.00;0.513;-1.99;-20.73;1
426517;23.49;7.01;37.16;0.493;-14.35;-14.78;1
426524;33.67;15.95;73.06;0.904;6.84;27.21;1
426944;21.08;6.19;34.53;2.641;-17.67;-3.94;1
426957;30.86;13.98;62.24;0.543;-19.81;-17.34;1
426992;19.92;6.02;32.39;0.719;16.85;3.95;1
427363;23.07;6.50;35.85;1.012;-13.83;15.40;1
427449;21.49;6.00;33.96;0.718;-15.81;-10.80;1
427478;22.67;6.74;35.13;2.551;-17.62;-8.14;1
427504;31.41;13.92;64.33;0.482;1.93;-28.17;1
427943;31.91;14.20;68.25;2.078;-22.74;16.80;1
427957;20.52;6.40;33.02;2.597;-16.35;-6.73;1
427977;29.93;13.92;63.16;0.988;1.95;25.73;1
427981;29.28;13.66;59.68;0.773;23.73;9.83;1
428470;21.71;6.09;35.13;2.319;-17.76;-8.05;1
428488;31.49;14.21;61.61;0.574;26.30;-12.22;1
428509;20.86;6.37;33.96;0.546;9.84;-15.82;1
428513;30.63;14.31;64.03;0.564;22.05;-15.77;1
428518;34.83;16.51;70.60;0.505;-11.92;-28.08;1
428940;34.74;15.71;72.42;0.645;25.75;-15.25;1
428950;20.19;6.30;33.06;1.021;-4.53;17.26;1
428971;30.42;13.70;60.64;0.505;7.73;-26.27;1
428979;33.64;15.76;74.04;0.499;-6.54;-28.86;1
428984;31.38;14.15;70.04;2.459;-22.78;15.45;1
429444;22.88;6.73;35.74;0.786;16.51;12.08;1
429457;29.93;13.67;63.15;0.919;-4.45;26.31;1
429493;32.74;15.01;68.68;2.430;-25.87;13.70;1
429957;23.31;6.46;36.40;0.918;-1.76;20.48;1
429972;23.22;7.34;37.64;0.474;-16.35;-12.49;1
429999;32.44;14.00;64.40;2.611;-27.10;11.55;1
430438;30.16;14.04;61.81;0.783;24.59;12.40;1
430452;31.24;14.01;62.97;0.480;-13.03;-24.48;1
430474;29.92;13.51;64.03;0.846;8.60;25.01;1
430478;23.18;6.63;36.69;0.661;20.42;-0.86;1
430936;31.50;13.55;61.98;2.681;-27.23;7.78;1
430952;30.84;14.38;63.01;0.494;-15.52;-22.17;1
430982;31.41;13.92;61.22;0.606;25.41;-11.54;1
430986;30.36;14.00;61.98;0.766;23.58;13.81;1
431008;30.54;13.72;60.21;1.010;-10.87;23.63;1
431437;31.34;13.74;66.85;0.711;-16.93;-21.90;1
431454;29.97;13.31;60.46;0.804;15.81;21.37;1
431477;30.80;13.56;59.82;0.812;15.29;22.20;1
431481;31.45;14.21;62.68;0.449;-10.39;-26.37;1
431933;30.90;13.49;59.91;0.593;24.43;-12.63;1
431958;30.10;13.29;62.39;0.606;23.45;-13.70;1
431962;30.41;13.57;59.82;0.820;10.48;25.38;1
431988;22.74;6.76;36.25;2.673;-20.10;1.63;1
432447;32.20;14.69;66.21;0.722;23.06;-12.68;1
432463;21.97;6.37;35.06;0.938;-4.38;18.31;1
432482;34.11;15.22;68.31;0.808;21.24;20.08;1
432517;30.78;13.72;60.44;1.121;-18.10;19.82;1
432520;31.28;13.67;60.31;2.608;-25.50;9.99;1
432944;21.98;6.90;35.06;0.771;17.57;5.50;1
432956;32.03;14.26;67.60;2.597;-26.93;-0.85;1
432959;32.46;14.01;65.01;0.615;29.88;2.97;1
432987;20.61;6.78;33.96;1.989;-12.27;11.95;1
433444;22.72;6.96;37.34;2.653;-19.86;-0.08;1
433455;31.69;13.73;60.31;2.616;-25.75;10.43;1
433476;29.15;13.44;57.58;0.782;24.76;4.55;1
433485;32.25;14.93;64.20;2.601;-26.16;8.87;1
433949;22.69;6.95;34.71;1.145;-10.10;17.26;1
433963;29.26;13.76;61.20;1.032;-3.45;24.82;1
433988;30.48;13.59;59.48;2.692;-27.15;3.63;1
434453;33.45;15.63;67.90;0.935;12.11;25.48;1
434470;33.31;15.30;68.96;0.969;3.85;28.50;1
434492;31.32;13.75;62.23;1.619;-20.93;17.59;1
434496;31.38;14.22;62.97;2.620;-26.50;6.77;1
434937;23.48;6.79;36.22;1.946;-16.60;-10.83;1
434977;30.64;13.46;60.37;1.015;-15.54;21.81;1
435007;30.56;13.82;60.03;1.763;-21.42;-15.38;1
435011;32.24;14.03;64.08;0.455;-23.66;-16.49;1
435438;22.32;7.23;36.40;0.607;11.94;-15.16;1
435454;35.58;15.49;69.32;0.464;-13.11;-28.99;1
435457;28.86;12.87;59.81;0.731;19.46;17.58;1
435514;35.26;15.64;69.07;2.605;-27.86;11.82;1
435941;21.37;6.14;36.25;2.092;-16.25;-8.95;1
435963;22.35;7.12;35.01;0.523;4.84;-19.24;1
435999;22.75;6.76;35.51;1.075;-15.00;-11.83;1
436435;22.88;7.04;36.00;2.645;-19.69;-2.08;1
436446;31.38;13.70;61.03;0.502;-0.61;-27.76;1
436495;34.69;15.60;70.58;2.614;-29.61;1.56;1
436519;22.38;7.42;36.01;0.569;5.11;-18.73;1
436935;28.95;13.42;58.03;1.056;-7.43;23.64;1
436958;33.09;15.07;69.35;0.480;-22.27;-18.84;1
436985;35.07;15.49;68.41;0.628;25.32;-16.57;1
437433;29.70;14.14;61.01;1.081;-4.24;25.50;1
437467;22.87;7.03;34.93;1.208;-14.55;13.79;1
437471;30.43;13.58;59.54;0.489;-16.84;-20.72;1
437498;22.75;7.02;36.14;2.618;-18.98;-3.22;1
437961;30.19;14.23;62.03;0.727;26.69;0.15;1
437973;34.38;15.40;67.90;2.560;-26.40;10.76;1
438000;30.72;13.97;59.44;0.725;26.80;2.30;1
438012;34.10;15.20;68.51;2.608;-28.26;7.52;1
438434;23.22;7.62;38.47;0.490;2.07;-20.82;1
438461;32.32;14.01;63.25;0.568;27.17;-11.52;1
438485;22.14;6.15;33.06;2.699;-19.23;-6.28;1
438489;27.90;12.05;53.85;0.771;15.99;19.50;1
438946;33.42;16.33;69.92;2.495;-25.02;-4.97;1
438978;21.73;6.87;34.37;0.845;14.35;10.27;1
438982;32.46;15.26;65.62;1.046;-1.88;26.66;1
439014;20.47;6.88;35.81;0.783;10.54;-11.01;1
439433;21.03;8.66;38.59;2.280;-12.30;5.38;1
439445;28.39;15.33;64.20;1.221;-1.33;19.30;1
439449;31.06;16.82;72.01;1.083;3.97;22.16;1
439480;21.58;8.19;37.58;2.335;-12.78;7.40;1
439488;20.75;8.50;37.16;2.350;-13.88;-1.38;1
439945;33.59;16.67;73.74;2.379;-23.23;-1.40;1
439957;30.04;15.10;64.29;1.109;-6.63;19.64;1
439994;33.64;16.91;72.12;2.372;-22.74;5.93;1
440450;31.78;15.07;64.62;0.577;-17.28;-19.89;1
440467;31.17;14.98;65.30;0.733;24.62;-8.57;1
440487;30.78;14.77;67.74;0.923;13.47;22.24;1
440502;31.99;14.41;68.62;0.641;25.17;-11.89;1
440943;32.26;14.38;65.37;0.467;-21.91;-18.56;1
440961;20.50;5.86;35.90;0.651;18.26;-0.09;1
440982;21.69;6.38;34.53;0.512;1.87;-19.08;1
440987;34.26;16.47;71.20;0.749;28.18;-4.90;1
441435;20.60;5.93;33.14;0.962;-5.81;17.09;1
441461;32.52;14.71;65.55;0.473;-4.26;-28.86;1
441464;29.96;13.58;59.24;0.766;18.91;17.24;1
441491;30.93;13.69;62.01;2.660;-27.07;1.74;1
441937;32.04;14.15;62.13;0.613;26.76;-9.52;1
441952;37.10;16.32;71.87;0.499;-8.19;-31.63;1
441975;31.65;14.26;59.23;0.736;25.99;8.69;1
441998;32.56;14.44;64.56;0.578;16.89;-22.73;1
442433;32.81;14.05;62.61;0.499;-19.49;-21.05;1
442452;35.69;15.86;69.77;0.908;3.86;30.48;1
442479;31.80;14.51;63.70;0.603;22.03;-17.02;1
442483;31.50;13.90;61.52;1.815;-20.65;17.52;1
442939;30.19;13.51;60.54;0.898;0.97;26.57;1
442963;22.35;6.73;35.44;0.831;14.03;12.20;1
442995;29.08;12.80;66.22;0.363;-18.98;-19.38;1
442998;31.58;14.41;60.83;1.824;-23.45;-14.75;1
443432;21.14;5.84;33.73;1.018;-11.29;14.64;1
443451;31.00;13.64;60.17;0.786;19.96;18.12;1
443478;23.12;7.18;36.14;0.620;11.65;-16.06;1
443944;21.79;6.93;36.22;1.154;-6.58;16.82;1
443962;22.98;7.00;35.01;0.612;9.18;-17.06;1
443988;30.33;13.87;57.31;1.050;-3.71;25.12;1
443992;30.84;14.09;62.01;2.619;-25.23;-7.73;1
444433;31.53;13.69;59.03;0.501;-18.29;-20.49;1
444444;22.33;6.70;34.13;0.812;16.66;9.27;1
444463;22.84;6.61;34.06;1.054;-9.21;16.11;1
444470;31.98;14.16;60.84;2.622;-27.16;4.69;1
444986;31.23;13.68;69.40;2.401;-23.73;14.12;1
445011;31.09;14.23;60.67;0.555;12.99;-23.90;1
445039;34.75;15.52;69.07;2.146;-23.16;18.51;1
445447;31.05;13.95;59.44;0.736;26.40;-0.95;1
445465;19.50;5.55;32.06;0.844;12.12;10.18;1
445486;31.71;13.99;59.44;2.702;-28.31;-3.84;1
445489;24.07;6.48;35.36;2.489;-18.31;-9.85;1
445493;31.13;13.72;59.17;0.660;26.39;-2.44;1
445944;30.90;13.67;59.14;1.066;-12.33;23.88;1
445959;23.14;6.79;35.23;1.925;-15.44;-11.70;1
445979;33.73;15.43;65.76;2.483;-23.00;15.44;1
446443;23.03;6.58;33.24;1.110;-11.13;16.04;1
446457;22.02;6.35;33.38;0.828;14.20;11.23;1
446491;30.89;13.36;64.41;0.631;21.60;-15.29;1
446960;34.14;15.36;67.48;0.851;15.54;24.25;1
446984;36.24;15.43;67.45;2.650;-31.54;-0.44;1
447081;34.60;15.06;66.29;2.623;-28.25;9.66;1
447095;21.65;6.94;35.69;1.645;-10.46;12.87;1
447441;29.99;13.78;58.52;1.066;-1.34;25.54;1
447453;23.29;6.90;35.44;2.604;-18.86;-5.12;1
447474;29.98;12.95;57.80;0.545;-3.72;-25.39;1
447478;31.90;15.06;63.79;0.709;26.28;-7.58;1
447943;30.68;13.29;57.01;0.961;-9.78;25.22;1
447957;22.15;6.92;35.69;0.543;4.47;-18.81;1
447960;22.76;6.49;34.71;1.704;-15.87;-11.01;1
447981;34.87;15.48;67.88;0.608;27.92;-13.00;1
447984;31.00;13.27;59.08;0.622;12.18;-22.81;1
447988;22.84;6.96;34.79;1.632;-13.52;13.27;1
448453;22.32;6.77;34.18;2.598;-18.07;-4.56;1
448468;23.58;7.16;38.18;0.463;-8.58;-19.26;1
448472;22.87;6.37;33.14;2.578;-18.04;5.74;1
448495;22.29;6.86;35.11;0.892;12.44;13.66;1
448946;30.90;13.16;58.90;2.573;-25.27;3.70;1
448965;31.79;13.79;62.30;0.960;-4.33;26.57;1
448969;32.67;13.74;60.08;0.491;-21.16;-19.30;1
448989;31.37;13.90;58.00;2.594;-25.48;7.24;1
449019;32.37;13.87;58.69;0.499;-8.34;-27.09;1
449439;31.33;13.91;59.03;0.584;14.65;-22.87;1
449451;30.18;13.68;58.60;0.958;5.67;25.06;1
449479;32.63;13.81;59.03;2.686;-28.89;1.63;1
449482;31.12;13.41;55.66;0.625;18.98;-18.26;1
449933;31.40;13.73;59.64;0.543;-13.47;-23.07;1
449948;30.89;13.65;58.69;0.755;24.89;7.68;1
449975;22.81;6.40;34.13;0.750;17.71;8.52;1
450437;35.13;14.99;65.95;2.653;-29.47;9.65;1
450449;34.82;15.80;68.96;2.579;-28.49;5.77;1
450475;34.30;15.27;65.46;2.592;-28.51;5.03;1
450483;30.27;13.39;60.83;1.517;-20.25;16.80;1
450947;23.24;6.73;35.23;0.629;7.38;-17.68;1
450961;29.77;13.38;58.14;1.302;-18.13;18.12;1
450982;23.53;6.49;35.36;0.565;9.08;-18.23;1
450987;30.53;13.61;59.41;0.894;13.70;22.40;1
450990;30.22;12.94;58.42;2.066;-22.10;-12.87;1
451445;29.35;13.15;56.72;0.807;21.57;10.51;1
451467;21.93;6.85;35.23;0.823;16.79;7.22;1
451471;34.17;15.62;67.47;2.546;-27.42;-2.55;1
451495;31.15;13.50;59.67;1.816;-19.95;-16.31;1
451499;33.64;15.79;65.37;2.572;-27.01;6.74;1
451945;22.30;6.77;34.93;0.893;11.51;14.76;1
451974;22.66;6.37;34.53;0.797;15.23;11.60;1
451978;33.70;14.95;66.41;0.885;17.32;23.25;1
452001;31.62;13.55;59.41;2.642;-26.58;-7.33;1
452005;30.59;13.51;58.14;0.803;18.50;18.76;1
452009;23.31;6.76;35.69;1.895;-16.25;-11.21;1
452447;34.31;16.04;67.62;0.542;-17.56;-23.22;1
452458;35.87;15.33;67.03;2.679;-31.43;-3.88;1
452487;22.03;6.30;34.01;0.609;9.43;-16.00;1
452491;29.83;13.43;60.61;0.743;22.04;-8.71;1
452942;30.70;13.27;60.88;0.578;12.97;-23.02;1
452975;23.40;6.38;34.48;0.615;13.54;-14.56;1
452979;34.99;15.21;65.19;0.864;11.91;27.43;1
453002;35.13;15.83;74.95;2.587;-29.38;1.43;1
453011;29.17;13.20;56.73;0.947;6.86;23.97;1
453437;31.25;13.41;59.62;0.674;27.17;-1.00;1
453454;31.68;13.87;58.80;2.583;-24.34;10.83;1
453458;29.45;13.36;57.38;0.878;17.64;18.77;1
453479;30.71;13.82;58.31;0.665;24.56;-10.88;1
453936;35.36;15.74;67.12;0.721;29.97;-3.11;1
453955;34.20;14.79;64.63;0.612;30.79;-2.53;1
453989;30.69;13.41;59.48;0.490;1.11;-27.23;1
454436;35.12;16.08;66.29;0.686;26.23;-14.55;1
454448;22.47;7.01;34.54;1.225;-13.04;13.53;1
454468;23.29;6.68;34.79;0.506;-15.75;-12.67;1
454476;31.26;13.61;61.13;2.765;-28.62;-3.82;1
454941;23.40;6.69;35.00;2.527;-18.24;-9.33;1
454955;36.43;15.71;71.22;0.494;-8.96;-30.76;1
454978;30.94;12.82;57.00;2.728;-27.77;5.92;1
455442;23.45;6.49;34.23;0.747;-15.52;-12.96;1
455453;30.71;13.69;58.86;0.733;26.48;3.23;1
455483;33.81;15.67;67.42;0.687;20.61;-18.82;1
455487;22.30;7.32;37.66;0.519;-13.07;-13.94;1
455938;30.69;13.68;58.24;1.105;-16.69;20.76;1
455948;31.74;13.80;61.55;0.717;-11.15;-25.21;1
455968;30.30;13.27;57.00;0.766;23.34;11.13;1
455972;35.63;15.46;73.01;2.611;-29.07;10.68;1
456431;30.93;14.03;56.57;2.633;-26.30;2.52;1
456445;21.82;7.07;35.36;0.713;16.11;-7.04;1
456449;21.44;6.94;34.01;2.510;-15.19;7.42;1
456480;22.27;7.29;33.24;2.549;-16.60;6.09;1
456484;31.97;15.64;63.56;0.924;19.09;15.44;1
456936;32.57;15.36;64.01;0.734;-5.17;-23.18;1
456955;33.90;15.81;65.31;0.771;8.76;-22.75;1
456975;28.21;14.05;55.44;0.805;20.89;-6.55;1
456995;32.20;15.39;61.03;0.711;3.97;-24.17;1
457194;30.26;16.57;62.37;0.783;9.89;-20.11;1
457209;20.50;9.00;33.24;2.432;-14.72;1.26;1
457233;19.59;8.87;33.24;1.081;3.44;13.68;1
457247;28.55;17.07;61.72;1.304;-14.67;14.61;1
457262;19.73;9.17;34.93;1.318;-12.01;7.33;1
457301;29.10;16.13;61.03;1.969;-6.53;-21.60;1
457314;28.18;15.66;58.60;2.213;-13.82;-16.75;1
457317;20.15;8.84;33.02;0.976;4.93;14.70;1
457321;32.29;17.78;67.78;2.266;-18.24;-16.61;1
457327;21.16;8.68;34.00;0.832;10.05;-11.48;1
457350;31.43;17.45;65.86;2.405;-23.11;-6.63;1
457592;19.38;6.86;33.84;0.963;5.46;14.59;1
457615;31.04;15.04;60.17;0.656;0.80;-24.70;1
457881;30.71;14.43;60.41;0.880;15.53;18.72;1
457897;30.74;13.95;56.30;1.066;-14.22;20.07;1
457920;31.63;14.49;58.22;0.746;23.06;-9.12;1
457924;31.19;14.58;60.80;0.934;11.23;23.43;1
458278;30.79;12.89;55.97;2.710;-27.41;-2.90;1
458290;33.35;14.34;62.27;0.909;-5.92;29.09;1
458321;30.77;14.31;61.35;1.678;-21.90;14.72;1
458326;31.17;14.33;57.14;0.530;-8.46;-25.40;1
458330;31.45;14.19;57.43;0.956;2.95;26.78;1
458780;22.78;9.09;40.50;0.946;9.43;-10.66;1
458797;31.04;16.30;71.51;0.994;19.88;0.04;1
458833;21.06;7.90;36.50;1.189;-6.15;14.48;1
458842;22.74;9.61;41.15;0.973;14.85;-2.56;1
459290;19.31;9.24;37.64;1.087;2.06;-10.39;1
459310;19.68;8.17;35.78;1.268;4.58;8.98;1
459314;28.76;16.74;69.46;1.208;13.64;-4.00;1
459347;21.15;9.52;40.25;1.231;10.05;2.09;1
459352;22.58;9.55;42.05;0.919;-7.94;-11.46;1
459783;28.92;16.59;72.40;1.097;17.44;-1.84;1
459811;22.00;9.15;41.15;0.814;-8.53;-12.93;1
459834;21.31;10.02;41.23;1.373;5.93;7.73;1
459837;20.31;8.98;36.50;2.176;-1.68;10.91;1
459859;20.10;9.73;39.56;1.610;5.59;5.44;1
460279;32.68;14.77;65.00;0.869;14.35;23.30;1
460301;21.32;6.37;33.38;0.586;5.22;-17.33;1
460305;21.33;6.63;33.38;0.606;6.26;-16.84;1
460332;34.42;15.16;65.74;0.629;21.90;-19.46;1
460778;33.74;15.30;62.18;0.920;11.23;24.31;1
460795;23.33;6.95;35.51;0.525;-3.10;-19.93;1
460799;34.44;14.87;62.03;2.488;-25.60;-14.88;1
460831;31.18;13.83;56.30;0.776;25.15;5.99;1
461289;32.18;14.81;56.32;2.613;-26.18;-8.08;1
461325;19.26;6.00;33.14;0.911;3.68;15.58;1
461374;32.22;13.89;57.43;2.615;-26.25;7.56;1
461377;31.82;14.63;58.03;2.632;-26.98;4.95;1
461776;31.10;14.42;56.04;0.974;9.72;22.73;1
461787;32.37;14.35;61.29;0.682;19.76;-17.19;1
461818;32.03;14.29;58.73;2.572;-24.72;10.46;1
461839;35.75;15.77;62.68;0.778;27.08;12.79;1
461858;31.46;13.94;56.04;0.807;23.52;9.70;1
462296;31.94;13.99;58.69;0.669;21.17;-15.69;1
462325;31.81;14.08;57.63;0.881;6.54;26.46;1
462328;31.02;14.01;57.27;0.706;20.45;-15.38;1
462352;31.07;13.98;63.95;0.887;4.41;26.61;1
462789;24.32;6.78;33.84;0.705;18.77;-6.53;1
462804;30.78;14.61;61.81;0.991;6.46;25.61;1
462828;32.36;14.10;56.86;0.775;22.08;16.90;1
462831;31.99;14.68;57.98;0.703;24.28;-11.68;1
463294;32.75;14.25;58.82;0.568;-7.94;-26.26;1
463317;32.18;14.63;59.77;0.957;1.56;26.18;1
463321;31.94;13.72;57.87;0.544;-13.24;-23.60;1
463343;31.16;14.23;57.01;0.845;23.31;9.17;1
463785;32.24;14.52;57.45;1.046;-7.81;26.24;1
463799;31.08;14.07;60.11;0.727;23.04;-9.36;1
463820;31.60;13.62;58.22;0.609;-10.47;-23.29;1
463824;32.04;14.29;57.80;1.053;-17.57;20.38;1
464287;33.11;14.13;59.46;0.513;-19.20;-21.11;1
464298;23.10;7.15;33.38;0.874;14.14;12.18;1
464333;31.91;13.90;58.03;0.999;-13.62;23.89;1
464783;32.30;14.28;59.82;2.578;-25.95;11.15;1
464806;32.09;14.82;68.62;0.847;24.03;1.02;1
464827;32.60;14.26;61.47;0.727;27.29;2.19;1
464842;32.62;13.97;59.40;0.485;-8.67;-27.44;1
465284;33.74;14.46;61.33;2.614;-27.56;-8.12;1
465295;30.84;13.94;59.24;0.740;25.41;6.30;1
465321;31.50;13.47;64.85;2.450;-26.91;8.75;1
465324;31.09;13.59;54.45;0.850;13.41;22.59;1
465795;28.84;12.72;51.09;2.609;-23.46;-8.45;1
465808;32.85;14.03;58.69;0.505;9.16;-27.88;1
465827;33.79;14.70;60.64;0.705;-12.86;-26.66;1
465845;32.90;14.81;59.41;0.488;-13.53;-25.48;1
466281;32.64;14.52;61.40;0.627;15.47;-22.72;1
466297;32.07;14.09;60.21;0.658;7.76;-24.46;1
466304;33.70;14.37;59.03;2.623;-27.32;-10.09;1
466326;33.53;14.73;61.85;0.536;0.86;-28.99;1
466346;32.04;14.09;55.47;1.132;-20.42;18.70;1
466779;31.45;14.55;56.44;2.527;-23.73;11.92;1
466791;32.43;14.55;57.69;0.818;21.80;17.21;1
466815;32.73;14.93;57.38;0.524;3.93;-28.24;1
467276;31.50;13.96;56.08;2.414;-21.39;-14.72;1
467295;31.83;14.03;56.04;0.723;25.62;-4.87;1
467317;31.41;13.92;58.55;0.670;11.98;-22.03;1
467331;31.55;14.38;57.71;0.866;20.29;16.31;1
467335;31.90;13.87;57.31;1.377;-19.39;18.56;1
467775;32.08;14.37;58.46;0.675;22.47;-14.14;1
467797;31.14;14.13;55.58;2.576;-24.64;7.04;1
467824;36.57;15.54;63.32;0.533;5.42;-31.32;1
467827;31.60;13.75;56.86;0.771;24.46;9.45;1
468288;28.41;12.48;50.61;0.804;19.58;13.17;1
468301;30.84;13.56;57.01;1.037;-19.15;18.65;1
468325;31.11;14.17;62.29;0.867;15.25;22.10;1
468329;32.03;13.59;56.60;0.610;-1.14;-26.21;1
468795;31.77;14.25;57.31;0.954;-3.23;26.37;1
468817;31.50;14.19;56.57;0.911;4.81;25.89;1
468840;32.04;14.12;57.72;0.659;22.44;-14.53;1
469290;32.18;14.35;57.56;0.672;24.54;-12.16;1
469316;31.28;14.51;57.69;2.587;-25.70;-5.51;1
469343;32.77;14.58;58.82;0.519;-16.67;-22.77;1
469347;32.06;14.44;58.82;2.587;-26.41;2.39;1
469790;32.57;15.19;61.61;2.599;-26.64;-6.91;1
469800;31.97;14.03;57.38;0.714;-17.00;-22.25;1
469804;34.91;15.57;75.69;0.952;-7.67;29.31;1
469828;33.23;14.30;58.82;2.596;-27.19;-7.77;1
470302;32.53;14.15;56.94;0.588;3.87;-26.94;1
470321;23.34;6.98;33.24;0.879;11.42;14.69;1
470348;31.64;13.77;56.14;2.678;-27.66;3.38;1
470352;30.51;14.05;64.35;0.707;22.02;-12.28;1
470776;30.91;14.10;56.80;0.857;19.16;15.14;1
470787;31.67;14.24;58.08;0.745;25.92;-7.73;1
470816;31.00;14.09;56.44;0.713;21.06;-12.93;1
470820;30.91;14.21;58.52;1.089;-13.33;19.76;1
470824;30.06;14.52;56.82;0.835;23.86;3.67;1
471275;30.50;14.21;55.61;1.044;-13.73;20.71;1
471293;30.69;13.45;57.63;0.767;24.49;5.24;1
471326;31.51;13.96;57.63;1.038;-14.94;21.58;1
471330;30.37;13.95;57.49;0.982;3.11;25.14;1
471787;30.98;14.22;56.61;0.913;12.77;20.46;1
471801;23.29;7.74;35.36;0.699;-8.73;-15.06;1
471820;31.11;14.59;58.14;0.765;-7.30;-20.59;1
471824;22.74;7.39;34.13;1.031;7.73;13.06;1
472293;30.55;14.67;58.60;0.804;-1.89;-20.39;1
472312;32.55;15.24;60.08;0.801;14.63;-17.95;1
472340;32.74;15.31;60.54;0.748;-1.28;-23.61;1
472371;32.39;15.74;61.85;2.458;-24.27;1.10;1
472776;21.15;6.47;32.39;0.830;15.85;5.14;1
472789;22.18;6.34;36.69;1.962;-13.29;12.33;1
472793;21.68;6.73;33.06;1.176;-8.64;15.87;1
472818;31.73;15.22;62.63;1.083;4.78;24.93;1
472824;30.15;13.24;58.52;0.537;-14.85;-21.07;1
473277;34.28;15.67;73.78;2.617;-27.89;9.97;1
473287;30.20;13.24;58.08;0.705;25.96;2.66;1
473309;35.01;14.81;64.35;0.451;-20.47;-23.78;1
473314;30.16;13.67;57.27;1.201;-18.54;19.02;1
473320;32.60;14.98;64.20;0.921;9.79;26.60;1
473789;31.02;13.18;58.08;0.493;6.65;-26.99;1
473813;30.48;13.20;59.44;0.656;27.03;-1.03;1
473843;29.72;13.80;57.01;0.517;6.70;-25.76;1
473849;35.07;15.05;66.61;1.856;-25.20;18.53;1
474295;30.55;13.52;58.05;2.694;-27.38;-1.26;1
474311;31.02;13.85;60.13;0.498;5.61;-27.25;1
474337;33.68;15.52;66.04;2.645;-28.43;8.23;1
474341;20.79;6.78;34.13;0.804;16.33;7.65;1
474347;29.30;13.00;62.48;0.862;6.56;24.96;1
474786;34.35;15.07;65.60;2.655;-29.06;10.59;1
474808;30.99;13.11;57.49;2.632;-25.85;8.04;1
474841;32.13;13.94;62.29;0.827;17.21;21.29;1
474844;30.10;13.40;58.60;1.292;-20.99;-15.26;1
475285;23.61;6.29;35.01;2.608;-19.33;-7.99;1
475300;22.77;7.14;34.71;1.384;-15.31;-11.59;1
475321;34.07;15.37;65.73;0.492;-18.49;-23.44;1
475325;21.62;6.21;33.84;0.860;11.97;12.95;1
475328;33.72;15.58;65.07;2.660;-28.26;-8.96;1
475784;34.18;15.16;67.01;2.669;-29.98;-2.12;1
475802;34.26;15.04;65.52;2.587;-28.62;-0.80;1
475835;30.17;13.16;62.97;0.830;14.26;21.72;1
476286;21.87;6.33;34.06;0.524;5.94;-18.50;1
476310;30.73;13.56;59.14;2.475;-24.55;-11.51;1
476315;30.18;12.81;57.22;0.576;4.22;-25.24;1
476349;30.41;13.43;60.17;0.494;-3.55;-26.62;1
476780;22.95;6.36;34.79;2.629;-19.21;-3.68;1
476800;31.84;14.94;63.56;0.898;8.30;26.45;1
476826;22.58;6.09;32.76;1.038;-12.60;14.78;1
477280;34.10;15.00;64.50;0.654;22.83;-17.34;1
477294;34.35;15.07;64.41;0.607;21.83;-20.51;1
477320;33.37;14.83;63.25;0.528;0.78;-29.13;1
477325;34.71;15.14;64.33;0.475;-5.23;-30.54;1
477781;33.98;14.87;67.94;2.565;-26.69;12.42;1
477794;31.36;13.36;57.87;0.481;0.05;-28.06;1
477815;30.18;12.87;58.42;0.549;13.51;-22.95;1
477823;27.81;12.45;57.27;0.905;7.02;22.05;1
478290;35.08;14.88;69.08;0.486;-6.72;-30.33;1
478302;22.48;6.24;35.69;0.525;10.36;-16.84;1
478306;29.88;13.16;57.00;0.513;8.77;-25.29;1
478326;31.16;13.18;58.14;2.687;-27.68;3.38;1
478330;29.95;13.58;57.38;0.656;24.69;-9.94;1
478337;31.48;13.24;62.80;2.729;-28.27;-4.23;1
478783;30.07;13.20;58.05;1.011;-12.55;22.56;1
478803;22.84;6.41;35.51;2.662;-18.85;-6.67;1
478807;32.78;14.61;62.39;1.076;-9.02;25.96;1
478835;29.57;13.48;57.20;0.920;13.75;21.90;1
478838;34.55;15.36;65.37;0.598;22.18;-20.74;1
479283;21.50;6.45;32.56;0.812;16.52;7.46;1
479295;29.92;13.37;55.79;0.916;1.64;26.75;1
479317;30.03;13.05;60.17;0.946;-1.55;25.55;1
479321;33.02;14.60;63.53;0.864;10.17;26.51;1
479779;30.35;12.97;55.03;2.626;-26.09;1.28;1
479794;22.72;6.12;32.25;0.986;-9.95;17.32;1
479798;30.70;13.00;58.59;2.657;-26.90;1.91;1
479833;29.74;13.25;53.41;0.592;19.66;-17.48;1
479837;21.51;6.24;32.06;0.749;17.97;5.75;1
480280;32.85;14.00;61.40;2.644;-28.17;-2.53;1
480298;29.81;12.81;54.92;1.039;-15.06;20.21;1
480302;29.64;13.03;57.63;0.848;11.23;23.06;1
480340;22.79;5.99;33.06;2.314;-17.76;-9.38;1
480793;34.33;14.89;63.63;0.628;23.58;-17.50;1
480853;22.97;6.54;35.51;0.462;-15.64;-13.13;1
480878;30.83;13.06;55.80;0.486;-15.93;-21.94;1
480882;30.12;13.50;57.31;2.672;-25.72;-7.05;1
480886;34.40;14.80;62.94;0.537;2.64;-29.71;1
481281;34.48;15.10;63.29;0.482;-21.41;-21.53;1
481296;32.82;13.52;59.84;0.566;3.61;-27.75;1
481324;32.51;14.82;62.77;0.836;18.83;20.79;1
481781;33.86;14.25;65.76;2.659;-29.47;-1.91;1
481799;29.30;13.16;55.57;0.982;5.18;25.44;1
481838;30.69;12.70;55.22;0.437;-16.64;-22.19;1
482284;22.57;6.80;34.71;2.631;-19.06;-3.65;1
482297;22.57;6.44;35.51;2.730;-20.54;-0.62;1
482328;31.10;14.03;58.52;0.818;21.63;15.96;1
482818;22.89;6.70;34.21;2.661;-19.74;-3.51;1
482831;32.60;13.71;59.30;2.052;-26.07;-12.97;1
482877;30.07;12.83;54.92;0.605;20.77;-15.92;1
483280;30.07;13.14;56.04;1.030;-10.12;25.05;1
483310;32.18;14.46;58.05;0.764;26.88;4.19;1
483363;29.52;13.08;55.32;2.659;-25.39;-4.89;1
483781;34.78;14.73;62.65;0.429;-25.28;-18.83;1
483793;33.18;14.52;61.72;0.787;14.67;25.23;1
483820;34.80;14.50;62.29;0.476;-19.15;-24.10;1
483825;28.90;12.68;53.41;0.872;13.04;21.77;1
484278;31.91;14.43;59.68;0.876;20.00;19.31;1
484294;33.80;14.84;62.97;2.506;-26.39;13.74;1
484315;33.31;14.41;62.20;0.719;27.88;7.55;1
484319;33.10;14.65;60.17;0.993;-1.25;28.43;1
484332;33.14;14.83;62.00;1.063;-10.98;26.18;1
484778;32.73;14.52;63.25;2.595;-27.48;10.73;1
484797;30.63;13.86;57.43;1.095;-7.37;25.63;1
484820;31.62;14.23;57.20;0.501;-7.62;-26.59;1
484824;32.08;14.06;58.73;0.654;25.44;-11.28;1
485279;32.65;14.73;64.66;0.492;-15.08;-24.60;1
485303;21.29;6.09;33.02;2.709;-18.52;-5.02;1
485323;30.10;13.14;60.21;0.698;23.83;13.51;1
485327;31.49;14.65;62.23;0.458;-14.18;-24.43;1
485331;31.88;14.60;66.00;0.511;2.55;-28.25;1
485778;31.69;14.36;61.07;0.596;23.68;-16.11;1
485792;30.88;14.03;61.06;0.670;26.32;-6.50;1
485824;31.38;13.33;61.33;0.970;-14.55;24.17;1
486288;31.10;14.60;62.39;0.708;25.43;-8.26;1
486304;33.45;13.95;62.17;2.714;-29.90;4.82;1
486333;31.51;13.41;61.13;0.465;-1.41;-28.23;1
486788;20.78;6.34;32.56;0.979;-9.48;15.48;1
486818;31.88;14.98;64.20;0.552;21.07;-20.01;1
486823;20.50;7.15;33.38;0.968;8.14;15.70;1
486855;23.95;8.34;38.91;0.516;-15.19;-14.12;1
487288;21.30;6.90;34.13;2.594;-17.66;-6.73;1
487304;20.67;6.73;34.53;1.087;-9.21;15.62;1
487334;30.43;15.32;64.82;0.691;23.62;-11.03;1
487782;33.50;14.47;63.95;2.712;-29.80;7.15;1
487814;36.44;16.19;72.07;2.655;-31.63;5.50;1
487842;31.50;14.19;63.13;0.879;13.33;24.64;1
487845;21.32;5.94;33.24;0.708;17.19;8.27;1
488284;29.19;12.54;56.46;0.426;-4.50;-26.37;1
488294;31.11;13.98;61.35;0.762;22.76;14.86;1
488298;31.76;13.80;61.00;2.678;-27.66;-4.23;1
488326;21.09;5.71;32.39;0.653;18.82;1.06;1
488329;32.81;13.99;61.72;2.677;-28.83;4.06;1
488333;20.71;6.01;32.02;0.720;17.97;4.18;1
488781;32.32;14.03;60.42;1.096;-20.86;20.62;1
488795;21.28;6.57;34.18;0.757;18.41;1.64;1
488819;31.68;14.11;59.41;0.646;24.98;-11.91;1
489283;32.11;14.37;60.21;0.494;-10.89;-25.93;1
489305;31.84;13.36;58.69;0.462;2.74;-28.61;1
489329;31.50;14.08;63.29;0.669;-1.99;-27.99;1
489333;30.63;13.31;57.38;0.681;25.19;-7.56;1
489787;32.90;14.00;60.21;2.440;-26.65;-13.10;1
489808;35.48;15.27;69.57;2.678;-30.98;4.86;1
489841;30.22;13.53;62.80;0.773;22.83;11.30;1
489845;32.40;13.87;58.01;2.533;-24.73;-13.01;1
490280;33.51;14.75;65.86;0.875;11.28;25.90;1
490301;29.33;13.29;58.52;0.591;16.70;-19.36;1
490329;22.95;6.00;33.06;0.546;7.46;-18.54;1
490336;33.86;15.10;62.94;0.851;7.70;27.36;1
490782;30.13;13.51;56.61;0.840;19.05;17.38;1
490798;30.07;13.32;56.08;0.785;22.94;9.45;1
490818;29.44;13.17;54.78;1.028;-4.34;24.60;1
491279;33.55;15.05;64.38;0.643;26.47;-12.46;1
491298;34.07;15.61;66.89;0.564;-13.68;-24.97;1
491323;33.47;15.04;62.01;0.951;12.10;26.21;1
491327;30.01;12.95;53.82;0.760;24.46;3.49;1
491788;27.53;12.13;49.98;0.669;24.14;-2.78;1
491807;31.79;13.58;56.40;2.670;-27.49;4.59;1
491833;35.82;15.38;66.37;0.561;12.76;-28.22;1
492286;31.11;14.19;57.87;2.668;-27.39;-0.07;1
492301;33.29;15.62;66.61;0.827;26.53;9.10;1
492321;34.31;15.04;62.51;0.570;12.67;-26.65;1
492332;32.19;13.71;57.98;0.522;-1.85;-27.93;1
492523;34.36;15.20;63.13;0.711;28.88;-1.92;1
492786;30.21;13.58;57.31;0.858;7.02;25.74;1
492800;31.36;13.60;57.01;2.589;-25.45;5.71;1
492837;30.68;14.01;56.85;0.988;8.46;24.62;1
493305;31.85;13.83;72.35;0.576;22.04;-17.42;1
493363;31.47;13.93;57.80;0.580;19.35;-19.68;1
493449;32.10;13.88;56.82;1.997;-21.61;-17.07;1
493454;33.08;13.89;60.14;0.479;-14.25;-25.50;1
493785;23.68;7.26;35.17;0.505;-14.65;-14.35;1
493807;34.63;15.49;63.01;0.569;26.78;-14.67;1
493827;31.78;13.74;58.59;2.636;-27.45;-0.68;1
493831;29.72;13.57;56.04;0.878;19.86;15.79;1
494287;30.81;13.67;58.18;0.711;26.02;-0.09;1
494310;30.80;13.86;55.23;1.018;-7.27;25.97;1
494331;30.54;13.87;56.00;0.952;13.31;21.79;1
494335;31.15;13.50;62.17;0.588;25.90;-10.24;1
494364;33.90;15.34;61.61;0.705;25.53;-12.32;1
494780;30.68;13.72;54.34;0.840;20.65;15.85;1
494790;31.86;14.03;61.07;0.506;-13.38;-24.26;1
494794;30.86;14.11;55.66;1.027;-5.16;26.16;1
494824;23.68;6.85;33.38;1.623;-16.34;-12.79;1
495287;34.71;15.22;61.55;0.693;28.34;-6.61;1
495300;30.98;13.36;54.82;0.932;-0.09;26.27;1
495324;30.34;13.76;57.98;0.683;24.61;-8.08;1
495788;34.69;15.12;66.07;0.836;14.27;26.20;1
495827;22.14;6.81;33.24;0.886;12.79;12.81;1
495864;35.52;15.42;63.25;0.609;22.91;-20.17;1
496291;32.05;13.55;57.45;0.516;-13.68;-23.92;1
496313;32.04;13.71;55.15;0.457;-15.95;-23.77;1
496339;28.40;11.94;51.09;0.589;23.10;-10.32;1
496342;32.00;14.28;56.22;2.663;-27.55;7.86;1
496774;31.10;13.57;55.97;0.846;10.92;24.58;1
496788;30.36;13.31;55.36;0.756;24.62;1.46;1
496807;31.80;14.12;60.07;2.506;-25.07;-12.47;1
496811;30.88;13.36;56.00;1.022;-14.43;21.91;1
496823;31.70;13.95;55.22;2.367;-24.75;13.10;1
497278;34.91;15.48;70.09;2.473;-27.38;14.56;1
497299;32.39;13.66;58.18;2.643;-28.06;0.92;1
497319;32.76;13.91;58.90;0.482;-7.43;-28.09;1
497323;32.70;13.83;60.11;2.545;-26.46;12.18;1
497790;29.66;12.87;56.75;0.721;24.73;6.53;1
497810;35.72;15.42;66.22;0.563;1.03;-30.35;1
497835;31.30;13.87;57.97;0.619;18.48;-19.44;1
498287;31.04;13.82;56.89;1.026;-6.83;26.00;1
498306;32.13;13.68;59.20;2.667;-27.68;-5.08;1
498328;30.91;13.47;58.52;0.523;2.03;-26.93;1
498332;35.05;15.05;63.56;2.636;-29.26;-7.51;1
498796;33.78;14.97;63.41;0.702;28.23;-5.34;1
498810;30.87;14.17;55.87;2.635;-25.90;5.19;1
498837;23.46;6.66;35.36;2.624;-19.70;-6.65;1
498841;29.90;13.40;53.26;2.594;-24.52;4.98;1
499285;32.42;14.32;61.19;0.523;11.03;-26.15;1
499298;35.26;15.76;66.37;0.693;-2.44;-30.67;1
499329;32.08;14.15;68.68;0.524;-20.02;-18.79;1
499333;34.33;15.37;65.00;0.882;5.85;28.24;1
499794;35.81;15.58;67.05;0.563;2.34;-30.45;1
499820;35.15;15.88;66.24;0.517;-10.91;-28.41;1
499843;30.43;13.82;58.24;0.755;26.58;3.34;1
499848;30.56;13.34;59.55;0.941;5.97;26.03;1
499852;31.20;13.13;55.46;2.664;-26.72;7.53;1
500283;35.81;16.36;70.46;0.490;-19.08;-25.01;1
500306;30.64;13.60;59.20;0.827;14.03;22.73;1
500334;33.83;15.25;69.35;0.900;12.80;24.87;1
500780;22.07;7.53;35.74;2.125;-13.39;12.33;1
500796;33.96;16.03;70.94;0.747;24.22;-11.76;1
500800;30.17;14.64;62.65;0.605;-15.67;-18.92;1
500827;22.14;6.33;34.00;0.962;-6.55;18.28;1
500831;31.20;13.90;62.24;0.591;-1.28;-26.00;1
501283;21.92;7.11;35.00;2.582;-16.69;-7.27;1
501294;22.81;7.00;37.00;1.409;-14.43;-11.44;1
501331;22.03;6.76;35.01;0.782;16.84;7.63;1
501335;33.65;15.86;77.78;0.510;-9.98;-27.81;1
501784;21.63;7.05;37.12;0.612;-0.60;-17.79;1
501802;33.30;15.95;71.84;0.941;7.65;26.03;1
501806;21.37;7.34;35.85;1.047;0.07;17.36;1
501846;22.89;7.10;36.40;0.622;12.26;-15.07;1
501850;30.39;14.35;61.35;0.758;14.74;-20.49;1
502278;23.46;7.30;38.08;0.609;-0.48;-19.38;1
502335;28.88;13.51;60.17;0.835;22.96;8.28;1
502340;31.29;14.28;63.66;0.570;-9.76;-24.39;1
502365;32.36;15.75;66.53;2.553;-24.07;12.41;1
502369;23.02;7.42;38.12;2.626;-18.87;-5.00;1
502777;32.27;14.34;63.35;0.666;23.90;-13.19;1
502794;22.91;6.99;34.48;0.591;9.36;-17.28;1
502816;31.06;14.11;61.35;0.937;-15.58;22.83;1
502829;28.89;14.02;58.82;1.057;-1.86;23.48;1
503305;22.96;7.29;36.25;0.559;-13.58;-13.81;1
503422;18.74;5.81;33.53;0.843;13.72;5.05;1
503446;30.23;13.86;64.14;0.543;-4.41;-25.57;1
503450;29.35;14.23;60.11;2.583;-23.77;5.83;1
503810;31.10;14.48;61.29;2.550;-22.91;12.71;1
503846;30.00;13.16;58.59;0.899;4.78;25.21;1
503870;29.99;13.82;59.36;0.616;16.56;-19.75;1
503875;30.67;13.91;61.13;1.014;-8.37;23.92;1
504297;22.91;6.65;36.35;0.942;-10.84;16.16;1
504309;23.08;7.47;37.05;0.760;8.56;-16.95;1
504336;31.90;14.42;64.66;0.559;-5.97;-26.36;1
504345;34.83;15.70;71.70;2.567;-27.15;9.21;1
504788;33.85;15.56;70.18;2.514;-24.50;11.64;1
504814;31.03;14.40;69.87;0.723;26.21;-0.79;1
504839;35.03;16.38;69.64;0.725;28.81;-6.62;1
505280;21.39;6.39;34.37;0.533;2.18;-18.54;1
505291;34.73;16.36;81.15;0.478;-20.13;-23.23;1
505326;23.09;7.12;39.70;0.664;13.54;-13.46;1
505330;33.31;15.55;66.73;0.731;26.33;-7.24;1
505778;29.08;14.06;64.85;0.936;18.29;15.43;1
505799;30.08;13.77;58.52;0.685;22.38;-11.97;1
505819;31.91;14.43;63.89;0.595;-7.67;-25.18;1
505823;23.31;6.73;36.01;0.989;-7.88;17.81;1
506303;31.75;14.07;61.07;0.523;-15.89;-22.26;1
506395;32.94;16.38;74.09;0.730;26.61;-8.53;1
506556;33.75;15.28;70.18;0.842;15.53;24.77;1
506803;22.63;6.60;38.08;1.035;-10.43;17.92;1
506816;29.44;13.19;61.29;0.567;18.82;-18.19;1
506839;29.88;14.07;61.03;0.742;25.70;-2.32;1
506843;29.89;13.24;58.00;0.828;12.55;22.91;1
507292;30.15;13.71;60.88;0.831;10.42;23.98;1
507306;30.05;14.11;60.42;0.951;12.30;22.80;1
507310;29.84;13.27;58.83;0.655;24.83;-7.18;1
507333;23.15;6.97;37.34;2.625;-18.98;-5.43;1
507780;31.15;13.77;62.17;0.966;-9.84;25.54;1
507838;21.49;6.98;36.89;1.101;-4.80;17.87;1
507897;22.34;6.62;33.54;0.802;16.42;10.00;1
507901;31.37;13.46;59.03;0.526;8.60;-26.36;1
508292;27.56;12.30;52.63;0.874;9.75;22.79;1
508305;32.99;14.06;62.01;1.029;-21.03;20.43;1
508326;32.53;13.80;58.31;1.042;-21.03;19.32;1
508329;32.25;14.27;59.30;2.646;-27.57;-7.26;1
508334;31.73;13.78;60.61;0.637;25.68;-10.10;1
508785;31.57;13.58;59.00;0.936;-10.66;26.56;1
508807;31.87;13.56;62.18;0.689;25.47;14.11;1
508863;31.02;13.21;57.72;0.969;-14.81;23.97;1
509288;32.50;13.50;57.56;2.704;-28.48;-5.64;1
509354;31.19;13.99;56.61;0.544;10.47;-25.45;1
509362;22.57;6.65;35.36;2.170;-16.97;-10.24;1
509383;34.37;15.64;65.80;2.435;-24.72;15.15;1
509387;23.09;6.59;34.23;0.537;8.52;-18.52;1
509391;33.67;14.32;62.13;0.702;26.77;13.84;1
509781;28.90;13.31;53.71;0.776;23.04;2.44;1
509796;32.94;15.05;68.12;0.996;-8.34;25.91;1
509832;31.04;13.57;55.23;0.535;-7.51;-25.52;1
510282;32.20;14.03;59.51;0.650;22.24;-14.88;1
510303;33.08;15.25;61.85;0.647;19.80;-19.85;1
510328;34.40;15.30;64.26;0.572;21.03;-22.17;1
510338;32.96;15.05;61.98;0.847;20.26;19.12;1
510777;22.85;6.27;35.01;0.670;20.03;3.58;1
510786;34.89;15.03;67.21;2.574;-27.57;13.43;1
510816;34.79;15.31;63.41;0.918;-7.43;30.23;1
510819;30.67;13.87;57.98;0.571;21.50;-17.74;1
511290;33.77;14.97;65.00;0.617;23.80;-17.54;1
511315;34.46;14.97;63.32;0.886;0.10;30.66;1
511320;31.86;14.17;57.38;0.635;26.19;-10.39;1
511345;22.76;6.32;34.21;0.547;4.67;-19.15;1
511348;33.69;14.80;63.60;0.980;-19.26;21.43;1
511782;22.10;6.67;37.34;0.615;17.01;-9.51;1
511824;29.79;13.12;56.09;0.912;-1.99;26.08;1
511848;22.28;6.44;33.84;0.739;18.93;0.67;1
511852;30.83;13.02;59.09;0.480;-3.13;-27.25;1
512305;30.29;13.14;60.01;0.899;-22.99;-14.50;1
512323;33.94;14.63;65.00;0.491;-1.56;-30.05;1
512468;31.22;14.74;65.97;1.020;0.81;25.79;1
512474;21.82;6.43;35.51;0.722;18.22;4.69;1
512776;21.96;6.99;36.89;2.528;-17.45;-6.17;1
512806;32.74;15.80;69.53;2.511;-23.72;12.52;1
512834;32.91;15.26;66.71;0.691;25.89;-8.85;1
512839;33.10;15.87;69.40;0.953;10.82;25.35;1
513274;35.09;16.10;70.72;1.797;-24.43;18.72;1
513288;32.87;15.69;69.07;1.014;4.99;28.06;1
513313;35.26;16.11;76.03;0.470;-14.59;-27.80;1
513773;30.21;13.82;64.01;0.770;24.50;5.72;1
513786;33.05;15.36;64.76;0.752;27.51;-1.62;1
513790;28.90;13.21;56.86;1.025;-0.61;24.06;1
513822;23.18;6.55;35.06;0.613;9.77;-16.86;1
513825;34.79;15.31;67.42;0.639;27.40;-12.37;1
514286;21.83;7.24;36.12;0.858;15.88;8.05;1
514298;34.62;15.85;70.18;0.661;23.40;-17.21;1
514359;22.41;6.93;36.01;0.826;16.21;8.13;1
514370;34.37;15.80;70.72;0.717;25.71;-10.55;1
514788;23.57;6.50;33.96;0.414;-16.47;-13.79;1
514810;30.47;14.04;60.41;0.779;26.09;6.31;1
514814;29.23;13.05;63.95;0.785;22.88;10.81;1
514849;30.71;13.30;60.37;0.625;25.10;-9.78;1
515285;31.52;14.39;62.65;0.661;25.72;-9.00;1
515304;31.81;14.10;64.94;2.706;-28.57;3.15;1
515329;31.63;14.28;62.80;2.636;-27.22;3.01;1
515333;30.79;14.03;62.29;0.848;11.17;24.56;1
515790;35.57;16.23;70.43;1.913;-25.46;18.77;1
515804;23.58;6.56;37.11;2.661;-20.27;-4.50;1
515833;34.21;15.98;69.26;0.941;6.32;29.27;1
516284;20.97;6.09;33.00;0.554;7.76;-16.47;1
516316;21.82;6.89;35.13;1.103;-9.57;15.95;1
516343;31.25;14.48;62.43;0.609;21.26;-17.53;1
516347;36.21;15.93;72.62;0.428;-13.89;-29.91;1
516792;34.90;15.69;68.41;0.503;-6.64;-29.91;1
516815;21.85;7.20;35.17;0.912;-0.37;19.04;1
516846;30.86;13.71;61.55;2.432;-21.87;15.21;1
516850;30.83;13.43;61.01;2.587;-24.85;-10.34;1
516861;22.03;6.92;35.85;0.597;13.18;-13.90;1
517318;31.92;15.46;67.19;2.039;-16.44;20.07;1
517354;33.57;15.51;68.35;0.936;1.50;28.42;1
517378;34.19;15.86;70.09;2.545;-24.77;14.39;1
517785;23.54;7.31;38.63;0.538;-14.27;-14.18;1
517798;21.52;7.48;35.13;0.629;7.95;-16.28;1
517818;22.48;7.45;36.77;2.323;-17.29;-8.81;1
517823;33.12;15.21;69.86;0.524;-4.50;-28.56;1
518293;30.41;13.49;63.03;2.618;-24.49;11.43;1
518307;29.18;14.04;60.21;0.627;20.26;-15.88;1
518331;34.83;15.81;70.77;0.479;-17.14;-25.57;1
518782;33.18;15.32;72.20;2.577;-26.37;9.36;1
518802;21.62;7.53;36.14;0.798;17.76;1.53;1
518806;32.84;15.58;70.18;0.968;7.40;25.10;1
518838;22.56;7.42;36.88;0.661;10.71;-15.31;1
518849;31.08;13.93;62.94;2.561;-23.31;11.80;1
519283;21.91;7.08;34.13;0.814;16.79;5.54;1
519302;22.45;6.90;34.71;1.037;-10.08;16.13;1
519306;21.34;6.84;35.11;1.105;-11.11;14.99;1
519328;22.77;6.42;33.62;1.959;-13.57;13.02;1
519331;30.53;13.43;61.66;0.985;-10.44;24.22;1
519789;30.34;13.92;63.13;0.586;12.57;-22.82;1
519810;19.78;6.35;33.14;0.765;15.25;7.46;1
519833;23.18;7.57;37.34;0.641;10.38;-16.40;1
520280;23.82;7.45;37.16;0.735;-15.43;-13.85;1
520296;29.84;14.20;60.75;0.921;16.26;19.87;1
520321;22.70;7.02;37.05;0.804;16.60;8.91;1
520786;29.18;13.85;60.46;2.521;-22.26;8.30;1
520799;22.58;6.70;35.01;0.813;16.81;7.34;1
520822;32.55;15.40;65.30;1.045;3.52;27.29;1
520832;32.48;15.30;71.39;1.057;1.13;26.03;1
521280;29.79;13.12;58.46;0.703;25.58;2.09;1
521300;23.38;6.99;36.40;0.575;13.32;-15.60;1
521326;30.11;14.08;61.29;1.014;0.94;25.14;1
521330;23.33;7.04;35.85;2.607;-19.73;-0.15;1
521780;29.91;14.09;63.29;0.930;11.77;22.20;1
521791;30.25;14.24;63.69;2.548;-23.65;7.82;1
521812;21.71;7.16;37.16;0.736;18.08;-0.87;1
522277;32.40;15.30;68.94;2.564;-26.80;1.54;1
522293;21.56;7.62;37.95;2.547;-17.22;-2.24;1
522321;21.58;8.05;36.06;0.682;7.15;-16.07;1
522325;32.65;16.08;69.53;0.709;24.91;-9.95;1
522787;20.55;7.64;35.36;0.668;7.17;-15.34;1
522799;33.09;16.49;81.34;2.499;-22.95;13.25;1
522802;31.70;14.63;72.78;2.521;-24.06;8.50;1
522839;20.67;7.41;36.24;0.827;16.48;0.49;1
522844;33.11;16.15;72.07;0.611;-8.99;-25.68;1
523287;22.13;8.50;39.20;0.782;18.33;-0.76;1
523303;19.93;7.00;35.69;0.851;13.59;8.77;1
523327;21.61;7.37;35.85;0.609;-0.87;-17.93;1
523331;30.81;15.58;67.42;0.709;20.37;-15.43;1
523615;21.33;8.41;38.90;0.938;14.93;3.05;1
523782;33.14;17.11;73.82;0.774;24.16;-10.98;1
523796;21.80;8.64;39.12;0.878;13.35;-7.75;1
523822;22.21;8.56;39.41;0.763;17.27;-4.25;1
523826;33.59;17.10;76.84;0.814;22.04;-12.16;1
524278;22.42;8.23;38.28;2.449;-15.12;8.23;1
524293;21.96;8.55;39.45;0.817;13.56;-9.59;1
524333;23.01;7.90;38.91;2.504;-17.96;-0.73;1
524337;22.72;8.17;38.95;0.682;-1.60;-17.79;1
524833;21.58;8.20;38.48;1.103;-0.96;16.74;1
524902;21.99;7.89;38.47;1.120;-4.75;16.80;1
524906;19.34;7.38;34.23;0.918;14.06;4.22;1
524932;22.66;7.65;36.67;2.419;-13.64;11.67;1
525317;22.43;8.41;40.50;0.652;1.50;-18.17;1
525345;20.91;6.97;35.06;2.610;-17.51;-2.04;1
525348;20.09;6.88;35.17;0.845;14.22;7.58;1
525373;23.00;8.05;41.48;0.622;4.38;-18.56;1
525377;29.39;14.12;65.19;0.690;6.84;-22.14;1
525774;22.88;7.81;38.91;0.660;0.81;-18.29;1
525801;22.61;8.22;40.01;2.525;-16.24;-7.49;1
525825;20.00;7.19;34.48;0.797;15.97;-0.36;1
525830;19.81;7.21;35.90;0.884;14.90;3.80;1
526285;30.13;15.73;64.47;0.826;21.88;-8.66;1
526298;21.48;8.24;37.11;1.004;12.89;8.37;1
526326;33.29;16.52;71.42;2.495;-23.89;11.59;1
526783;22.25;8.16;38.12;0.737;6.65;-15.62;1
526797;22.56;8.30;39.20;2.381;-16.02;-8.69;1
526801;21.94;7.61;37.12;1.057;-6.59;16.36;1
526829;30.74;15.34;66.22;2.539;-24.23;6.58;1
527292;21.37;7.72;37.01;0.862;16.12;6.37;1
527308;29.97;14.65;66.10;1.011;1.48;23.55;1
527344;22.21;8.19;40.01;2.583;-17.33;-5.48;1
527778;21.47;7.84;36.40;0.603;9.30;-16.15;1
527798;32.51;16.49;76.01;0.796;25.49;-5.83;1
527821;33.21;16.81;72.20;0.657;-5.11;-25.92;1
527825;22.48;7.88;38.21;2.293;-15.21;-9.27;1
528276;20.51;7.07;34.93;0.691;3.50;-15.78;1
528305;21.29;7.42;36.22;2.480;-14.02;-6.73;1
528327;21.30;8.37;37.85;0.841;10.99;-10.78;1
528331;22.50;7.89;38.00;2.541;-16.22;-7.15;1
528777;20.56;6.74;33.96;2.495;-14.72;-4.83;1
528800;30.05;14.71;63.60;0.803;19.36;-11.50;1
528835;29.20;14.82;62.97;0.887;20.87;-3.10;1
529284;21.42;8.54;37.22;0.877;5.19;-13.38;1
529299;22.18;8.04;38.08;0.801;0.31;-15.62;1
529344;21.79;8.18;37.95;2.371;-14.55;-2.95;1
529773;21.24;8.45;37.01;1.025;13.45;6.76;1
529796;34.04;16.74;73.93;0.735;-13.08;-21.37;1
529800;32.86;16.77;70.94;0.885;22.10;-8.26;1
529825;21.36;8.66;37.12;0.970;7.87;-11.82;1
529829;31.57;16.63;69.97;1.094;18.41;1.20;1
530274;21.81;8.08;38.47;1.199;-4.33;14.88;1
530287;21.44;8.36;40.02;2.281;-6.28;11.65;1
530312;22.03;8.84;42.00;2.370;-12.83;-8.39;1
530787;21.17;8.08;37.74;1.265;-2.10;12.81;1
530802;21.89;7.56;37.22;1.048;0.97;16.27;1
530824;33.25;16.78;77.34;0.769;-8.07;-22.45;1
530842;29.88;14.41;63.51;2.447;-18.06;13.71;1
531287;31.42;16.61;70.84;0.897;19.72;-9.88;1
531300;32.44;16.36;69.53;0.792;21.91;-11.08;1
531367;20.86;7.77;34.54;1.107;-1.22;14.80;1
531371;20.40;8.46;38.12;1.107;11.54;6.49;1
531787;21.72;8.24;40.16;0.736;-7.04;-14.38;1
531804;22.40;7.92;40.00;0.821;14.62;-7.92;1
531808;34.49;17.51;78.49;0.676;-8.39;-25.78;1
531837;30.18;15.51;69.53;1.047;8.92;21.12;1
532287;20.16;7.19;34.93;0.837;15.54;2.57;1
532305;20.01;6.98;33.06;0.757;6.52;-14.03;1
532328;22.82;8.43;38.33;0.632;-14.22;-11.46;1
532332;18.82;7.20;33.02;0.944;12.57;6.84;1
532779;22.58;7.98;37.70;1.144;-2.05;17.80;1
532802;29.77;14.65;62.97;0.853;22.77;2.73;1
532835;29.96;14.93;67.23;0.784;23.43;-3.53;1
532839;22.01;8.19;37.34;0.903;16.18;3.48;1
533278;34.73;16.80;73.79;2.475;-26.26;5.63;1
533304;23.35;8.03;38.21;0.634;9.02;-17.39;1
533332;22.16;7.91;38.60;0.862;17.09;2.71;1
533337;31.23;14.90;65.46;0.704;-14.83;-18.50;1
533796;33.01;17.15;72.20;0.892;23.18;-4.49;1
533812;19.74;7.09;34.00;0.890;13.47;6.74;1
533820;19.50;6.79;32.06;1.172;-5.94;13.69;1
533848;20.90;8.06;37.12;0.994;13.49;8.02;1
533854;21.47;8.95;38.01;0.881;11.99;-9.50;1
534280;21.71;7.46;35.23;2.042;-15.23;-9.14;1
534300;22.04;8.24;39.32;0.964;12.88;9.58;1
534331;19.83;7.47;33.84;0.886;14.18;2.43;1
534334;22.27;8.12;37.66;0.907;15.72;5.27;1
534349;20.00;7.07;35.00;2.434;-11.10;10.30;1
534777;30.69;16.52;69.12;0.897;18.83;-10.88;1
534798;30.10;15.86;66.19;2.410;-21.26;-2.74;1
534813;31.34;15.00;66.71;0.642;-9.07;-23.53;1
534843;32.76;15.87;69.86;0.932;2.94;27.80;1
535299;33.49;13.77;58.14;0.457;11.62;-28.70;1
535333;32.42;13.47;53.82;0.648;-10.41;-27.73;1
535337;32.07;12.78;51.62;0.421;-9.43;-27.73;1
535362;32.13;13.82;56.40;0.408;-16.78;-24.24;1
535779;34.34;14.26;58.46;2.647;-28.92;9.58;1
535802;33.32;13.89;57.78;0.416;-21.75;-21.07;1
535839;32.63;14.04;56.85;2.607;-26.77;-9.83;1
535843;32.17;14.73;56.61;2.588;-26.63;-6.67;1
536280;22.64;6.87;34.23;2.294;-14.58;10.29;1
536295;30.39;13.85;57.43;0.835;20.49;13.07;1
536317;33.95;15.22;67.05;0.781;27.58;4.58;1
536781;32.25;14.66;58.05;2.621;-26.22;6.78;1
536806;31.82;14.37;62.59;0.865;17.98;20.06;1
536829;27.45;12.56;57.01;0.939;14.65;16.96;1
537287;34.28;14.88;62.23;2.125;-26.85;14.78;1
537304;32.88;14.05;59.30;0.656;29.07;1.16;1
537374;22.31;6.66;34.44;0.525;1.62;-19.46;1
537387;33.09;15.06;62.36;0.819;27.38;8.31;1
537785;21.46;6.12;32.76;0.754;17.73;5.69;1
537811;30.95;13.30;56.64;1.344;-22.98;15.74;1
537849;35.84;15.18;65.44;0.526;-8.68;-29.64;1
537853;30.36;13.63;56.00;1.060;-12.80;23.52;1
538298;32.51;14.45;64.85;2.640;-28.11;-2.37;1
538311;32.63;14.59;56.32;2.605;-27.57;-8.31;1
538332;32.47;14.00;54.74;0.482;6.49;-28.62;1
538363;35.28;15.44;71.45;2.620;-30.24;-6.71;1
538368;31.83;13.26;55.54;0.400;-13.95;-25.68;1
538381;31.29;13.66;56.57;2.431;-23.09;-13.93;1
538396;31.98;13.90;57.98;1.068;-19.20;21.91;1
538424;30.49;13.57;53.76;0.732;23.27;13.15;1
538446;32.15;13.80;55.61;2.632;-27.66;-4.76;1
538480;31.28;14.56;55.17;0.842;22.26;15.46;1
538501;31.77;14.15;55.57;2.576;-26.01;-9.19;1
538505;31.65;14.80;57.94;2.613;-26.59;-4.04;1
538566;30.98;13.16;52.39;0.616;23.76;-12.52;1
538740;30.84;13.39;62.97;2.673;-26.97;-2.82;1
539141;34.76;14.26;56.89;0.449;-18.37;-25.20;1
539162;33.80;14.26;57.58;0.371;-12.08;-29.08;1
539186;32.76;14.13;56.22;0.757;24.44;16.56;1
539194;30.23;12.85;54.38;0.731;20.30;18.16;1
539542;34.59;14.38;57.43;0.484;13.00;-28.53;1
539563;31.75;13.51;55.71;0.479;9.41;-27.31;1
539572;31.59;13.06;52.24;0.374;-11.98;-26.81;1
539594;29.69;12.55;52.80;0.910;2.20;26.84;1
539979;32.36;12.46;52.17;0.315;-9.17;-29.44;1
540002;31.30;12.41;57.01;0.661;-25.85;-14.44;1
540037;34.01;14.02;61.35;0.430;15.82;-27.94;1
540041;30.24;11.97;53.15;0.390;-1.02;-28.19;1
540045;33.43;13.33;57.14;0.896;-8.06;30.02;1
540474;30.64;12.96;57.01;0.517;24.62;-14.90;1
540495;29.94;13.12;56.94;0.724;22.65;16.39;1
540517;23.31;4.55;34.13;0.457;19.87;6.60;1
540527;22.94;4.83;34.23;0.430;-9.15;18.79;1
540972;33.08;14.42;67.74;2.544;-27.17;3.78;1
540985;23.83;7.30;39.56;0.701;-11.84;-14.11;1
540988;22.49;7.60;39.01;0.769;15.53;5.52;1
541012;32.22;15.08;66.04;0.724;24.27;-4.53;1
541022;32.43;15.06;69.05;0.702;1.56;-25.04;1
541484;23.00;7.60;38.83;2.267;-13.62;4.91;1
541499;31.15;14.32;66.21;0.759;-0.28;-22.74;1
541535;35.49;16.44;75.15;2.376;-24.92;0.46;1
541987;21.72;7.69;37.00;2.371;-15.85;-4.39;1
542009;25.08;9.11;43.42;0.681;-11.81;-16.27;1
542034;34.51;16.32;71.03;2.451;-21.86;19.31;1
542047;24.41;8.79;41.05;1.794;-7.75;17.34;1
542493;34.07;16.53;71.61;0.580;-19.02;-22.01;1
542520;34.15;17.46;83.68;0.675;-4.77;-27.37;1
542544;33.43;15.75;70.04;0.567;-15.73;-23.96;1
542548;34.98;12.14;60.08;2.587;-28.57;-2.64;1
542982;22.66;7.51;36.22;0.528;6.19;-18.91;1
543005;21.92;7.48;37.12;0.612;5.20;17.58;1
543032;25.02;8.93;41.77;0.630;10.56;-17.86;1
543035;23.12;7.54;39.12;2.194;-17.34;-8.19;1
543479;30.83;13.74;61.61;0.536;13.62;22.99;1
543494;23.42;6.77;39.01;2.620;-19.59;-2.21;1
543497;23.19;6.41;35.81;2.185;-15.99;11.58;1
543524;22.63;7.99;38.12;0.594;9.57;-17.11;1
543530;21.73;8.45;41.00;0.644;2.55;-17.81;1
543976;30.11;15.26;63.63;0.740;24.99;-7.98;1
543992;23.30;8.10;38.95;0.513;-16.09;-12.50;1
544016;22.21;7.76;37.12;0.862;13.55;13.70;1
544027;23.05;7.77;38.08;1.069;-18.09;-9.36;1
544476;29.61;14.86;63.32;0.977;2.35;25.81;1
544488;32.20;16.60;68.26;0.657;19.33;-19.95;1
544510;33.25;16.20;69.81;2.578;-26.37;12.36;1
544514;21.60;7.73;36.40;0.768;17.96;2.01;1
544979;30.49;14.89;62.97;0.571;14.11;-23.04;1
544999;29.34;14.63;60.46;0.689;18.26;-16.89;1
545031;31.77;16.12;72.67;0.682;21.18;-16.38;1
545475;21.68;8.14;36.22;1.151;-4.94;17.50;1
545499;29.56;14.13;60.54;0.502;-18.29;-18.61;1
545526;19.41;6.56;32.25;1.089;-7.38;15.07;1
545973;30.08;14.48;62.13;2.642;-25.47;-4.42;1
545990;33.25;16.73;70.18;0.896;18.01;22.35;1
546012;21.36;8.12;37.34;1.109;-0.21;17.75;1
546020;21.57;7.63;37.64;0.471;-14.94;-12.02;1
546485;30.70;14.87;63.06;0.541;11.62;-25.02;1
546500;33.97;16.24;70.00;0.831;20.24;22.86;1
546523;31.39;14.49;62.17;0.507;16.74;-22.70;1
546975;22.56;7.62;41.76;1.486;-16.13;-10.32;1
547002;22.69;7.63;38.48;0.735;19.29;-2.02;1
547028;31.06;14.84;63.01;0.508;5.87;-27.32;1
547032;29.12;14.39;60.46;0.951;11.15;23.08;1
547473;32.64;16.97;70.21;0.939;18.52;21.16;1
547488;22.03;7.09;35.23;0.871;-1.65;19.87;1
547512;22.14;8.01;36.06;0.567;10.27;-16.93;1
547516;33.73;16.13;70.09;2.509;-24.67;16.70;1
548024;34.39;15.75;68.60;0.448;-10.39;-29.43;1
548107;22.90;7.36;37.66;0.520;8.68;-18.66;1
548151;29.81;14.14;61.85;2.517;-22.49;13.77;1
548161;19.92;7.17;35.51;0.438;-1.96;-18.21;1
548481;35.11;15.91;70.01;0.438;-18.25;-26.07;1
548498;22.49;7.55;36.69;0.524;-0.49;-19.79;1
548518;22.31;7.39;37.16;0.583;12.86;-14.83;1
548522;35.28;16.30;71.45;2.541;-27.26;15.27;1
548981;32.43;15.28;67.91;0.632;27.93;-7.31;1
548993;21.65;7.39;35.13;0.767;18.63;2.91;1
549013;29.68;14.23;66.27;2.709;-26.51;6.10;1
549017;34.15;16.44;73.05;2.573;-28.45;2.34;1
549020;32.31;14.75;66.61;0.455;-15.12;-24.83;1
549479;22.86;7.83;36.88;0.554;-0.77;-19.80;1
549510;29.25;14.02;60.14;0.768;18.30;18.98;1
549557;32.16;15.69;69.84;2.254;-23.82;16.36;1
549979;32.63;15.81;70.71;0.833;9.18;28.22;1
550024;33.03;15.43;67.68;1.266;-22.50;19.58;1
550100;22.12;8.07;36.77;0.587;-1.07;-18.70;1
550103;21.24;7.62;35.17;0.827;15.74;9.41;1
550480;22.36;7.74;37.00;0.560;5.05;-18.86;1
550492;29.89;14.09;60.42;0.455;-13.44;-23.38;1
550516;22.40;7.68;37.12;0.542;-13.29;-13.91;1
550525;20.77;7.40;35.90;0.534;7.54;-17.11;1
550979;21.51;7.77;35.69;0.775;17.05;7.00;1
550993;33.67;16.23;69.81;0.861;11.06;27.35;1
551021;22.21;8.03;37.64;2.655;-19.56;-0.15;1
551480;30.63;16.03;66.89;0.728;23.60;-10.89;1
551505;22.86;7.29;36.06;1.921;-15.09;13.27;1
551540;21.30;7.32;34.93;1.029;-9.65;15.71;1
551978;21.53;6.91;33.97;2.278;-12.94;12.25;1
551993;28.86;14.04;62.24;0.874;15.57;19.85;1
551997;28.91;14.06;60.00;0.851;14.45;20.23;1
552021;29.39;14.79;67.74;0.578;-8.88;-23.17;1
552030;29.84;14.69;62.13;0.810;25.71;-3.75;1
552476;28.68;14.24;62.37;0.880;12.77;20.96;1
552493;33.19;15.86;68.01;2.548;-26.18;13.87;1
552497;21.49;7.01;34.13;0.946;-3.28;18.70;1
552551;19.91;6.09;32.14;0.925;-2.17;17.52;1
552975;22.64;7.07;37.44;1.461;-15.43;13.13;1
552996;27.84;13.26;58.42;0.661;24.75;-3.74;1
553019;29.37;14.06;60.64;1.037;-12.38;21.75;1
553023;32.37;16.05;67.18;0.915;14.80;23.54;1
553477;22.43;7.44;36.50;0.517;2.52;-19.76;1
553495;29.69;13.80;61.03;0.495;-14.20;-22.08;1
553521;21.03;7.85;35.17;0.505;-0.87;-18.77;1
553526;28.99;13.83;61.61;0.529;-14.48;-20.65;1
553971;32.59;15.36;68.68;0.636;26.06;-12.51;1
553988;29.98;13.84;62.94;1.684;-19.86;17.60;1
553993;29.03;13.61;60.21;0.851;3.84;26.22;1
554022;22.13;7.56;36.25;0.515;-15.76;-11.18;1
554028;30.36;14.51;64.13;0.578;2.34;-26.00;1
554485;22.94;7.64;37.00;0.732;-17.47;-10.52;1
554502;32.97;15.95;69.46;0.539;-8.13;-27.42;1
554526;21.77;7.24;33.54;2.678;-19.25;0.31;1
554531;20.69;7.30;33.54;0.748;18.24;0.87;1
554986;33.63;16.20;69.84;0.476;-9.33;-28.62;1
555008;30.32;13.85;61.62;1.361;-20.12;18.33;1
555035;22.07;7.74;35.74;0.555;8.02;-17.93;1
555475;23.59;7.08;38.48;0.976;-13.67;17.04;1
555502;22.36;7.57;38.91;2.592;-18.77;2.91;1
555526;34.08;16.18;71.02;0.599;28.31;-11.81;1
555530;20.43;7.21;36.00;0.451;2.02;-18.77;1
555977;19.97;6.89;34.06;1.139;-8.38;14.11;1
555989;31.48;15.21;65.95;0.722;23.35;-10.92;1
555992;21.57;6.91;35.23;2.608;-17.17;-5.25;1
556020;23.31;7.81;39.36;0.666;-11.30;-14.25;1
556471;20.34;8.34;37.01;1.066;12.05;5.54;1
556487;21.53;8.46;37.74;2.353;-13.29;6.82;1
556527;20.93;7.50;35.69;1.003;-3.51;17.14;1
556976;20.44;7.30;36.06;0.674;18.11;-2.31;1
556997;34.17;15.25;68.68;0.436;-17.82;-25.34;1
557017;32.81;15.05;66.22;0.507;20.63;-21.98;1
557021;29.50;13.22;59.67;0.469;-15.44;-21.34;1
557470;28.98;12.84;55.54;0.683;24.84;-2.25;1
557490;30.39;13.67;60.14;0.713;-8.10;-25.04;1
557494;30.67;13.22;60.41;2.643;-26.15;-3.88;1
557516;34.74;15.64;67.54;0.780;20.25;21.29;1
557520;30.33;13.92;60.54;0.985;1.71;26.02;1
557982;20.38;8.06;35.74;0.506;-15.63;-9.02;1
557996;30.31;16.30;66.24;0.625;24.90;-11.89;1
558025;20.77;7.74;35.11;0.984;-9.32;16.40;1
558029;30.99;16.49;69.34;0.516;17.04;-23.10;1
558480;29.14;12.94;56.86;0.383;12.23;-25.07;1
558496;29.10;13.03;54.23;0.607;26.36;8.40;1
558521;31.79;14.22;61.55;0.648;21.34;21.79;1
558526;29.26;12.63;55.23;0.934;-16.07;22.99;1
558531;28.82;12.80;53.76;0.900;0.76;27.48;1
558981;30.27;14.21;59.24;0.623;28.22;4.17;1
559009;33.58;14.84;64.33;0.274;-5.88;-32.05;1
559030;32.90;14.56;62.13;0.340;4.59;-31.33;1
559046;32.23;14.58;63.56;0.787;5.60;30.34;1
559490;22.40;6.23;33.24;2.174;-20.70;-5.83;1
559505;22.04;6.20;33.00;2.831;-20.88;-1.40;1
559527;32.38;14.92;64.01;1.164;-27.28;15.50;1
559982;31.87;14.77;62.00;0.338;-4.30;-30.12;1
560011;33.40;14.85;64.03;0.279;-19.76;-25.38;1
560015;30.82;14.30;61.29;0.778;18.96;21.78;1
560057;31.51;14.68;61.40;0.786;7.71;29.17;1
560493;23.07;6.72;35.78;0.703;18.33;11.99;1
560520;35.68;15.14;68.12;0.964;-23.51;24.29;1
560543;29.23;12.34;55.04;2.844;-27.93;1.03;1
560546;31.93;13.62;61.06;0.481;26.50;-14.64;1
560975;31.14;13.49;61.03;0.803;13.83;25.98;1
560985;31.18;13.97;60.21;0.823;17.46;24.10;1
561008;32.39;13.54;60.21;0.531;30.70;-2.84;1
561031;32.34;14.35;60.42;0.430;12.11;-28.10;1
561473;33.67;13.76;62.01;0.307;-16.69;-27.42;1
561502;31.87;13.31;60.67;0.364;6.09;-29.72;1
561524;31.50;13.32;59.81;0.572;28.41;9.92;1
561528;31.27;13.62;59.84;0.657;28.33;8.46;1
561972;33.04;13.54;61.55;0.288;-19.07;-25.31;1
561985;30.66;13.03;57.20;0.669;22.45;18.58;1
562015;30.48;12.85;57.70;0.812;7.08;27.40;1
562019;30.87;13.14;58.90;0.744;14.99;24.80;1
562472;31.78;14.04;62.07;2.708;-29.19;-6.96;1
562488;35.22;14.69;66.29;0.507;31.31;-11.27;1
562523;33.28;14.52;64.88;0.761;7.07;29.89;1
562973;21.51;6.46;34.00;0.638;19.98;3.05;1
563009;33.19;14.76;65.05;0.752;19.44;24.46;1
563038;21.29;6.82;32.98;0.742;18.33;7.33;1
563483;29.99;12.82;59.91;0.509;27.06;-8.72;1
563500;29.50;12.92;57.27;0.570;27.52;-2.26;1
563542;22.11;6.93;34.37;0.406;0.96;-20.69;1
563984;23.16;6.97;36.40;0.324;-3.27;-21.87;1
563998;33.44;14.95;68.01;0.404;-18.92;-24.20;1
564032;32.29;13.64;59.82;0.368;-19.85;-22.60;1
564036;29.85;12.74;57.57;0.465;15.43;-23.18;1
564472;30.91;13.04;58.69;0.347;-2.71;-29.19;1
564486;30.34;13.81;59.77;0.448;14.86;-24.56;1
564510;30.80;13.37;59.84;0.333;-2.80;-29.28;1
564513;30.94;12.83;58.25;2.813;-28.96;-3.87;1
564984;30.82;12.71;56.92;2.656;-28.43;7.41;1
564998;30.43;13.78;58.67;0.342;-24.59;-14.58;1
565028;30.91;13.62;58.05;2.815;-29.27;2.87;1
565033;31.16;13.13;58.14;0.307;-20.08;-21.84;1
565481;31.68;13.05;60.02;2.794;-29.78;4.61;1
565495;23.08;6.38;35.11;2.778;-21.51;4.53;1
565533;22.81;6.11;34.13;2.772;-21.14;-3.92;1
565537;32.17;14.64;63.32;0.615;28.69;-8.06;1
565541;29.00;12.79;57.71;0.928;-0.62;27.08;1
565979;31.44;13.42;63.32;0.344;-11.96;-27.13;1
565992;21.98;6.02;33.24;0.629;19.50;6.58;1
565996;28.75;12.93;54.59;1.009;-2.40;26.83;1
566015;28.52;13.19;57.45;0.788;21.16;16.07;1
566020;19.94;6.10;36.22;0.303;0.50;-19.32;1
566476;31.47;13.35;60.21;2.814;-29.72;5.02;1
566491;22.37;5.80;33.53;0.819;2.02;20.90;1
566516;22.90;6.16;33.96;0.393;7.99;-20.19;1
566977;29.94;13.15;56.14;0.965;-6.58;27.30;1
566995;31.00;12.91;58.59;0.325;-10.62;-27.49;1
567025;32.43;13.15;58.25;0.275;-26.00;-17.27;1
567032;30.69;13.16;59.77;0.388;14.98;-25.31;1
567477;30.48;12.77;58.05;0.961;-20.55;20.66;1
567493;29.46;12.68;56.01;0.855;-3.04;27.52;1
567519;33.10;14.02;61.03;2.731;-31.00;7.19;1
567526;34.11;14.10;63.64;0.985;-25.59;19.96;1
567977;30.32;12.97;58.31;0.528;28.09;-6.16;1
567993;33.89;14.59;65.00;0.927;-15.95;27.69;1
568019;33.11;14.84;63.81;0.877;13.78;27.76;1
568024;29.96;13.08;57.07;0.894;1.51;28.36;1
568471;30.05;13.01;58.05;0.369;-21.72;-17.64;1
568485;30.16;12.59;60.03;0.840;-1.26;28.51;1
568504;29.20;12.74;56.30;0.785;16.37;21.84;1
568508;30.60;13.28;61.68;0.366;-25.22;-13.45;1
568977;31.73;13.90;62.10;2.756;-29.24;2.42;1
568998;32.12;14.49;63.78;0.394;-14.61;-25.86;1
569021;31.24;13.79;62.17;0.869;6.88;28.33;1
569025;32.13;14.08;64.94;0.424;3.94;-29.61;1
569472;31.40;14.32;64.66;0.717;19.05;22.55;1
569505;33.17;14.84;66.21;0.411;13.14;-28.46;1
569530;28.47;13.08;60.83;0.523;20.56;-16.29;1
570001;30.11;14.23;62.29;1.097;-20.76;18.69;1
570015;35.45;16.88;75.17;0.365;-15.61;-29.31;1
570019;29.42;14.69;62.13;0.927;11.62;24.12;1
570040;29.53;14.27;61.29;0.753;22.72;15.05;1
570476;23.39;7.21;36.35;0.396;-1.64;-21.80;1
570507;32.16;15.77;67.08;0.426;-22.84;-18.40;1
570532;34.21;15.45;70.72;2.181;-26.38;16.83;1
570538;30.54;14.01;60.73;2.751;-28.10;3.82;1
571006;31.95;14.89;66.22;0.876;3.30;28.47;1
571051;21.25;6.82;34.54;0.738;15.21;11.75;1
571109;32.53;16.26;68.59;0.434;-16.46;-24.55;1
571113;32.47;15.40;75.43;0.582;26.66;-12.79;1
571481;31.15;15.43;68.88;0.632;24.25;-13.34;1
571502;21.84;7.46;35.47;2.670;-19.18;3.86;1
571532;21.97;7.50;37.12;2.619;-18.93;-5.94;1
571984;22.50;8.56;39.41;0.931;7.72;18.00;1
571994;20.02;7.49;33.14;0.712;18.26;1.70;1
572020;20.90;7.09;35.11;0.460;-15.27;-10.91;1
572475;32.00;15.37;66.48;0.781;18.42;22.25;1
572497;23.00;8.17;38.60;0.782;17.77;10.38;1
572524;30.72;15.62;65.39;0.816;22.03;16.23;1
572979;20.83;7.54;35.51;0.514;0.71;-18.54;1
572991;32.62;15.64;70.33;0.407;-23.60;-18.60;1
573015;20.46;7.12;35.51;1.051;-6.82;16.88;1
573478;30.06;15.18;65.19;0.858;18.66;18.43;1
573492;20.36;7.35;34.00;0.751;18.02;3.38;1
573523;20.35;6.91;35.01;0.892;-3.63;18.07;1
573981;19.91;7.62;33.62;0.724;17.08;-2.58;1
573998;19.98;7.07;33.14;0.719;16.99;4.92;1
574035;19.65;7.10;33.24;0.834;14.32;7.58;1
574478;20.83;7.27;37.01;2.678;-17.86;-3.88;1
574498;19.70;7.22;35.23;1.111;-7.24;15.00;1
574524;32.76;15.31;66.64;2.682;-28.51;8.33;1
574981;32.64;15.41;67.23;0.427;-24.83;-16.44;1
574991;21.23;6.88;34.48;2.664;-18.65;2.47;1
575018;31.27;15.46;65.86;0.600;23.88;-14.62;1
575022;20.19;7.32;34.71;0.760;16.89;6.21;1
575476;20.72;7.27;34.71;2.562;-17.44;-6.12;1
575492;31.20;15.05;64.64;1.970;-19.73;18.96;1
575526;21.13;7.27;34.37;0.505;6.94;-17.83;1
575978;30.11;14.71;64.88;1.174;-16.22;21.30;1
576006;30.38;14.63;64.85;0.888;8.88;26.11;1
576025;30.30;14.63;63.25;2.636;-24.86;9.48;1
576488;30.59;13.38;60.22;0.471;18.84;-21.56;1
576505;30.60;13.50;58.52;0.493;25.34;-14.46;1
576535;33.28;14.96;65.76;1.022;-19.25;25.43;1
576974;31.17;13.71;58.80;1.092;-23.87;17.51;1
576989;29.95;13.45;58.18;1.034;-15.31;23.35;1
577028;31.04;13.46;60.88;0.993;-21.87;19.38;1
577489;31.72;13.61;60.11;0.458;23.23;-19.11;1
577530;30.22;13.43;58.01;1.027;-5.87;27.94;1
577631;34.69;15.72;68.51;0.564;20.07;-26.52;1
577800;21.18;6.38;33.02;0.382;6.05;-19.39;1
577976;32.04;13.67;58.69;0.542;30.72;0.80;1
577989;20.73;5.89;35.85;0.959;-16.03;12.34;1
577993;31.12;13.99;61.13;0.314;-9.70;-28.11;1
578026;31.06;13.49;61.61;0.962;-21.37;20.71;1
578030;30.83;14.27;60.44;0.438;15.72;-24.86;1
578480;32.21;13.84;61.20;0.378;8.85;-29.34;1
578502;32.98;13.95;61.85;0.298;-15.71;-27.40;1
578542;32.92;13.93;65.80;0.315;-18.72;-25.09;1
578975;32.57;14.16;59.67;0.395;-20.34;-22.03;1
578984;34.87;15.92;70.00;0.602;24.14;-19.23;1
579008;31.79;14.15;63.32;2.702;-28.60;-1.00;1
579012;31.92;14.17;64.40;0.539;18.71;-21.74;1
579015;30.16;13.88;58.55;0.769;25.91;7.74;1
579474;30.03;13.36;57.25;2.788;-27.58;-4.80;1
579490;22.33;7.26;33.24;2.459;-20.89;5.69;1
579534;29.85;13.37;58.52;0.524;22.57;-15.79;1
579538;33.22;15.91;67.96;0.407;-11.22;-28.59;1
579973;33.68;14.94;64.62;0.415;-6.84;-30.32;1
579985;28.39;13.44;56.36;1.185;-16.55;19.25;1
580017;30.33;14.27;64.62;1.102;-11.17;25.12;1
580487;31.91;14.05;60.80;0.416;-17.73;-23.10;1
580497;30.16;13.49;58.80;0.849;10.70;24.23;1
580530;23.69;6.82;36.35;0.395;1.76;-22.13;1
580983;30.96;13.87;61.27;0.839;7.06;27.13;1
580998;22.10;7.07;35.34;1.010;-0.19;18.84;1
581021;35.30;15.99;68.60;0.607;29.00;-12.27;1
581473;30.68;14.23;59.64;2.639;-25.96;7.65;1
581487;31.29;14.15;62.39;0.488;8.59;-27.09;1
581512;34.32;16.08;70.21;0.606;21.26;-21.41;1
581515;30.30;13.92;60.61;0.554;20.53;-17.60;1
581976;30.14;13.95;60.54;0.612;15.79;-21.15;1
581989;30.28;13.12;60.07;0.952;-7.23;25.67;1
582020;30.15;13.54;58.41;0.577;21.30;-16.36;1
582023;30.67;13.83;58.26;0.488;-17.40;-20.84;1
582477;33.88;15.51;68.88;0.657;27.39;-10.43;1
582499;30.79;13.69;60.03;0.902;-2.12;27.53;1
582533;33.73;15.23;65.80;2.226;-25.35;15.95;1
582556;30.76;13.57;60.64;2.665;-26.65;8.50;1
582977;35.05;15.78;69.30;0.595;26.29;-16.58;1
582996;30.61;13.74;59.20;2.647;-25.59;9.60;1
583023;30.90;14.24;60.11;0.440;-13.82;-24.23;1
583046;30.32;14.01;58.31;0.572;9.92;-24.44;1
583474;30.68;13.72;60.88;0.702;24.72;12.70;1
583489;30.38;14.44;63.01;0.558;8.04;-25.43;1
583518;31.22;14.26;62.39;0.632;27.36;-7.06;1
583996;31.81;14.17;60.30;2.744;-28.78;-4.38;1
584052;31.80;13.99;62.39;0.453;-2.27;-28.73;1
584173;31.43;14.39;65.25;0.396;-9.63;-27.52;1
584478;31.12;14.11;60.22;0.638;19.43;-20.87;1
584493;31.55;13.96;59.84;2.074;-25.48;-12.38;1
584513;32.29;14.07;63.03;0.422;-17.34;-23.77;1
584517;29.01;12.10;54.56;0.940;-20.17;19.84;1
584977;30.77;13.67;60.31;0.802;12.83;24.70;1
584989;31.60;13.86;62.77;0.465;-4.35;-28.13;1
585017;23.79;6.92;36.67;0.516;9.33;-19.04;1
585021;20.88;6.78;36.06;0.630;18.15;-3.74;1
585472;31.52;13.91;61.29;0.571;24.84;-13.84;1
585484;30.00;13.34;63.39;0.915;-1.93;26.42;1
585512;30.90;13.43;58.42;0.877;-4.13;27.59;1
585973;31.93;14.03;63.32;2.436;-27.62;-10.35;1
585984;30.83;13.68;62.13;0.935;-5.66;26.83;1
586015;30.82;13.63;61.72;0.573;21.40;-17.15;1
586473;30.96;13.88;64.51;0.458;-10.25;-25.85;1
586492;32.02;14.36;62.77;0.443;-4.93;-28.67;1
586495;30.28;13.33;59.68;0.678;26.26;7.37;1
586526;32.22;13.82;59.84;0.446;1.96;-29.46;1
586970;35.62;15.48;68.48;2.630;-30.12;12.50;1
586982;31.97;14.05;62.51;2.231;-27.69;-10.43;1
587003;31.91;14.39;65.00;0.493;-8.14;-27.04;1
587475;31.23;13.89;60.44;0.524;1.65;-27.43;1
587495;31.00;13.90;61.74;1.025;-19.51;19.76;1
587516;31.35;13.89;60.17;0.525;1.17;-27.45;1
587521;29.86;13.35;58.03;0.942;-3.46;25.73;1
587969;31.19;14.23;61.61;0.726;25.60;13.11;1
587988;22.02;6.54;33.38;0.394;0.27;-20.65;1
588011;31.87;14.90;63.06;0.450;-1.48;-29.15;1
588017;20.97;5.86;32.14;0.927;-5.55;18.23;1
588487;33.32;15.34;68.01;1.556;-26.05;17.00;1
588500;22.84;6.86;35.06;0.397;1.92;-21.35;1
588527;21.51;6.63;34.21;0.822;3.06;19.87;1
588537;29.86;13.68;58.52;0.360;-19.15;-20.29;1
588970;30.51;15.41;65.80;0.959;5.40;26.20;1
588984;30.57;15.63;64.64;0.859;21.30;17.04;1
588988;31.14;15.41;69.35;0.645;26.27;-8.31;1
589028;20.34;7.52;34.13;0.548;3.73;-17.56;1
589032;30.67;15.60;64.41;0.608;18.60;-19.50;1
589494;35.36;17.05;73.25;0.547;-12.87;-27.55;1
589512;19.67;7.44;36.40;1.024;0.43;16.66;1
589561;31.26;14.84;63.60;0.525;-11.71;-24.59;1
589970;31.34;15.40;65.55;2.606;-26.85;4.74;1
590010;20.92;7.45;34.23;2.556;-17.77;-6.28;1
590040;19.54;7.61;33.06;0.696;16.94;2.25;1
590044;29.49;14.69;62.97;2.144;-20.23;16.10;1
590470;21.95;8.46;37.05;1.017;-6.49;17.79;1
590484;19.26;7.84;33.53;0.706;16.39;-3.50;1
590488;18.70;8.34;34.21;0.789;15.78;-1.37;1
590691;22.76;8.63;38.48;0.507;-14.74;-13.55;1
590695;22.64;8.16;39.01;0.963;-4.20;19.47;1
590986;19.65;8.39;34.06;0.573;1.77;-17.15;1
590998;31.00;15.97;67.36;0.527;-16.35;-21.60;1
591001;29.32;15.59;64.82;0.589;18.99;-18.36;1
591032;19.76;7.42;33.73;0.682;17.53;0.12;1
591036;30.40;15.68;64.26;0.487;-4.98;-26.98;1
591485;22.53;8.74;38.90;0.522;-4.32;-19.47;1
591497;19.52;7.53;33.06;0.727;16.88;2.12;1
591501;19.36;7.87;34.18;0.727;16.25;-3.88;1
591524;30.26;15.22;64.47;1.269;-16.80;20.57;1
591979;29.57;15.79;64.07;0.711;23.27;-10.15;1
591989;31.86;15.41;67.96;0.495;-18.47;-21.25;1
591993;31.63;15.55;67.12;0.474;-19.99;-20.02;1
592017;19.88;7.55;33.24;0.582;6.94;-15.90;1
592021;22.05;8.55;38.21;0.783;18.24;3.06;1
592025;30.00;15.25;65.73;0.590;-1.38;-25.47;1
592481;35.04;17.59;74.65;2.552;-27.32;13.27;1
592492;23.44;8.19;38.59;2.598;-19.66;5.39;1
592516;30.27;15.32;63.91;2.601;-25.87;3.75;1
592537;29.77;15.41;64.54;0.856;15.85;19.96;1
592983;20.81;7.43;34.13;0.527;1.18;-18.41;1
593006;21.02;7.93;35.01;0.477;2.30;-19.13;1
593037;29.37;15.40;63.25;0.915;10.83;22.12;1
593041;22.24;8.81;38.47;0.852;17.52;8.01;1
593486;30.85;15.45;65.07;0.604;21.83;-16.49;1
593497;21.61;8.90;38.33;0.728;17.88;6.01;1
593501;29.14;14.16;61.47;2.659;-25.62;2.75;1
593523;30.37;15.39;64.66;1.405;-18.20;19.38;1
593528;20.65;7.20;34.01;2.683;-17.64;-4.13;1
593976;22.53;7.64;37.22;0.969;-6.85;18.82;1
594000;31.37;15.44;64.82;0.509;20.74;-19.62;1
594003;21.17;6.97;34.71;2.691;-18.79;-1.50;1
594028;20.51;7.15;33.02;0.544;4.81;-17.47;1
594479;23.05;7.91;37.16;0.899;3.61;19.84;1
594494;29.87;15.18;65.00;1.326;-13.95;21.64;1
594498;30.00;14.99;64.35;0.852;14.03;22.07;1
594528;20.50;7.16;33.73;1.407;-15.81;-8.47;1
595021;31.01;15.06;65.07;0.482;-14.78;-23.40;1
595040;20.84;7.49;35.85;0.495;-2.21;-18.53;1
595059;30.23;15.64;64.14;0.566;12.25;-24.04;1
595061;19.54;7.30;32.56;0.843;14.85;7.23;1
595070;31.51;17.16;71.59;0.977;15.82;21.63;1
595492;30.88;15.85;67.27;0.706;-17.40;-21.36;1
595505;22.03;8.73;38.12;0.640;5.83;-17.61;1
595537;22.48;8.01;37.34;0.953;-2.41;19.48;1
595972;35.11;17.58;74.52;0.534;-18.42;-24.33;1
595995;30.10;15.06;63.95;2.591;-25.06;7.38;1
596018;21.93;8.37;37.00;0.721;18.68;-1.90;1
596472;30.92;15.38;64.64;0.491;-10.43;-25.48;1
596486;34.18;17.86;73.66;0.581;-13.82;-25.42;1
596522;22.33;8.53;37.66;0.641;8.84;-16.61;1
596971;20.29;7.35;33.14;1.961;-16.25;-7.36;1
596986;29.80;15.39;63.53;2.587;-24.97;6.23;1
597006;23.01;8.05;38.63;2.578;-19.29;1.73;1
597014;33.23;16.35;72.07;0.923;8.78;28.22;1
597484;22.20;7.90;36.67;0.928;3.50;18.59;1
597494;31.61;15.29;65.19;2.604;-26.19;8.66;1
597517;21.80;7.51;35.90;0.958;-1.17;18.65;1
597538;19.36;7.24;32.98;0.808;15.97;0.14;1
597994;20.57;7.01;33.53;0.733;16.04;9.14;1
598009;21.24;7.03;34.93;0.602;19.57;-1.26;1
598030;29.53;13.52;57.98;0.400;-22.53;-15.31;1
598034;32.97;16.07;72.09;0.466;-12.79;-26.83;1
598482;29.84;14.05;59.46;1.160;-20.30;19.28;1
598512;29.26;13.88;58.14;0.965;-5.28;26.83;1
598539;29.68;14.07;58.46;2.715;-26.88;4.62;1
598543;30.07;13.51;57.58;0.446;12.00;-25.35;1
598547;30.03;13.44;57.70;0.454;16.90;-22.62;1
598979;21.75;6.77;33.73;0.686;17.93;8.78;1
598994;22.23;6.96;36.67;2.753;-20.49;-0.54;1
599047;33.07;15.70;65.22;0.845;14.10;27.19;1
599481;29.97;14.22;60.13;0.404;4.16;-27.98;1
599493;31.30;15.49;66.73;0.903;14.43;24.50;1
599497;29.12;14.21;63.03;2.433;-22.01;14.58;1
599530;32.95;15.40;65.44;2.416;-26.27;15.36;1
599534;20.76;7.34;34.23;0.652;19.17;0.38;1
599983;22.43;6.85;36.06;0.657;-17.16;-11.90;1
600000;30.71;13.62;60.53;0.413;1.50;-28.50;1
600022;30.07;13.38;60.11;1.106;-22.62;16.91;1
600026;30.00;13.60;58.18;2.698;-26.94;8.02;1
600485;33.45;14.72;62.27;0.536;20.00;-22.64;1
600499;28.88;12.92;55.01;1.193;-21.51;15.84;1
600529;31.47;14.13;64.38;0.983;-6.63;27.96;1
600975;32.70;14.74;62.65;1.313;-18.58;22.27;1
601008;19.86;6.88;34.53;1.002;-2.27;17.47;1
601033;30.98;14.48;61.68;0.615;27.88;-3.34;1
601037;30.99;13.78;62.36;0.545;23.53;-15.60;1
601490;28.68;12.69;58.82;0.566;23.96;-10.82;1
601519;31.29;14.47;62.13;0.621;28.15;-5.43;1
601640;28.87;12.85;58.41;0.448;-12.14;-22.94;1
601990;32.26;14.10;63.16;0.770;6.68;28.76;1
602014;32.21;14.15;61.13;0.635;29.85;0.19;1
602018;33.47;14.09;62.29;0.402;-14.82;-27.04;1
602044;30.97;13.81;58.82;1.032;-13.73;24.99;1
602477;33.03;14.35;63.56;1.593;-29.50;-10.64;1
602491;31.82;14.23;63.07;0.767;12.45;27.11;1
602533;32.50;14.11;59.81;0.904;-13.91;26.86;1
602973;33.49;15.14;63.69;0.375;-27.09;-16.03;1
602987;21.90;6.59;35.44;0.393;-3.43;-20.13;1
603012;32.09;14.40;62.36;0.649;27.76;11.18;1
603016;21.19;6.12;32.76;0.863;1.83;19.14;1
603468;32.41;14.47;63.16;0.608;25.81;16.40;1
603481;21.70;6.74;35.36;0.414;-17.08;-10.13;1
603484;31.26;14.71;64.82;0.356;-24.99;-15.39;1
603505;32.88;15.42;64.51;0.374;-6.04;-30.32;1
603509;32.15;14.60;65.76;0.798;8.46;28.79;1
603513;33.70;15.02;66.13;0.343;-27.44;-16.03;1
603968;32.48;16.25;67.12;0.620;-14.62;-26.77;1
603985;21.49;7.65;34.21;0.351;-3.85;-20.07;1
604011;32.17;16.43;70.72;0.385;-23.05;-19.05;1
604014;30.94;14.87;62.24;2.128;-23.92;15.33;1
604490;31.44;14.98;67.62;0.711;20.02;21.84;1
604505;21.74;7.11;35.36;0.899;-6.26;19.47;1
604526;21.41;7.00;35.06;0.640;19.39;4.21;1
604984;30.51;13.72;58.31;0.359;4.69;-28.78;1
605003;29.86;13.40;57.01;0.539;27.54;-6.13;1
605024;30.24;13.88;63.66;0.433;17.12;-23.25;1
605030;29.62;13.57;62.61;0.892;-9.57;26.50;1
605482;21.85;6.47;34.18;0.654;18.36;9.13;1
605527;29.11;13.64;58.60;0.735;22.38;15.47;1
605552;22.02;6.98;36.06;0.443;11.46;-17.27;1
605556;22.19;6.97;37.36;0.568;-2.83;-21.08;1
605980;31.07;14.27;61.61;0.582;21.32;-18.32;1
605991;31.53;13.83;64.40;0.415;-20.00;-20.70;1
605994;29.30;13.59;61.29;0.757;13.59;23.11;1
606022;30.82;13.62;59.36;1.030;-14.18;24.74;1
606026;33.98;15.28;68.25;0.729;20.91;23.49;1
606032;31.52;13.24;58.59;0.415;-22.40;-18.05;1
606497;31.16;14.21;60.90;2.668;-27.39;4.23;1
606511;30.23;13.50;57.71;1.043;-10.31;24.83;1
606546;30.25;13.86;59.30;1.075;-8.27;26.22;1
606981;30.80;13.17;61.68;2.297;-25.33;12.17;1
607008;30.45;13.50;67.12;0.890;0.11;27.23;1
607064;31.53;13.50;61.33;2.711;-28.21;5.05;1
607068;30.48;13.24;61.01;0.883;-1.95;27.74;1
607479;22.95;6.04;33.60;0.997;-12.07;16.54;1
607493;23.64;6.96;36.06;2.721;-21.43;-0.95;1
607520;31.82;13.63;59.14;0.444;4.90;-28.86;1
607976;21.08;5.90;34.01;0.456;3.39;-18.97;1
608017;23.13;6.94;38.59;0.999;-14.62;15.32;1
608030;34.40;15.69;70.21;0.412;-6.14;-31.20;1
608197;30.86;13.48;59.41;0.781;14.12;24.36;1
608487;29.72;13.30;58.01;1.071;-15.70;21.72;1
608504;31.12;13.66;65.07;0.436;4.42;-28.34;1
608528;29.54;13.88;58.52;0.956;7.86;25.48;1
608977;30.78;14.20;59.17;0.621;26.34;-10.05;1
608990;34.97;15.94;70.46;0.616;28.48;-13.29;1
608995;30.60;13.48;58.80;0.384;-17.13;-22.68;1
609019;30.75;13.43;58.87;0.574;27.81;-5.66;1
609023;28.85;12.01;55.57;0.549;16.89;-19.32;1
609469;30.17;14.04;60.83;0.595;20.72;-17.41;1
609485;31.10;13.99;61.10;2.685;-27.59;4.33;1
609510;30.95;13.89;59.14;0.416;-4.78;-28.13;1
609972;32.42;13.74;60.81;0.384;-16.23;-25.29;1
610007;33.08;15.35;65.51;0.807;21.67;20.34;1
610039;30.45;13.61;58.83;0.581;23.42;-14.60;1
610485;33.63;15.36;68.43;0.613;29.31;-7.46;1
610502;30.05;13.78;58.01;2.658;-25.38;9.38;1
610539;33.54;14.42;65.22;0.561;22.58;-19.67;1
610543;33.76;15.33;66.85;0.669;-5.75;-29.68;1
610985;22.74;6.58;36.14;0.900;-0.29;20.21;1
611008;30.80;13.75;57.72;0.628;28.08;2.53;1
611032;29.99;13.42;57.71;0.615;27.74;0.83;1
611035;31.42;13.32;61.20;2.710;-27.59;-7.58;1
611486;34.61;12.72;61.66;0.695;29.52;3.67;1
611511;29.58;14.41;61.40;2.692;-26.53;0.84;1
611536;22.76;7.38;36.67;2.669;-19.89;-2.05;1
611540;28.06;14.16;59.03;0.745;24.37;0.62;1
611988;33.76;14.39;64.66;0.361;-23.27;-21.37;1
612005;30.98;11.78;57.78;1.928;-25.42;-13.36;1
612028;22.77;4.29;32.06;0.416;-8.45;19.09;1
612509;34.68;14.20;70.84;2.260;-30.54;9.04;1
612538;35.11;13.66;70.46;0.355;-23.76;-22.96;1
612571;22.93;3.96;33.02;0.318;-3.12;21.60;1
612980;31.20;12.10;59.36;0.312;-17.89;23.80;1
612996;35.71;14.11;64.54;1.349;-27.32;19.21;1
613017;23.20;4.28;33.24;0.372;-9.43;19.48;1
613477;21.41;6.38;34.79;0.428;16.95;9.97;1
613492;31.23;12.69;59.36;0.359;-17.99;-23.24;1
613516;30.26;13.30;59.30;0.384;-1.67;-28.22;1
613519;33.06;14.86;64.76;0.409;30.09;-5.75;1
613976;33.46;13.09;64.85;1.303;-29.95;-11.95;1
613994;32.53;12.65;62.20;0.336;30.69;-3.10;1
614016;31.53;12.37;59.84;0.272;10.53;28.56;1
614033;33.10;12.71;59.67;0.314;24.63;-19.76;1
614478;32.41;11.92;57.07;0.259;2.14;-31.31;1
614493;33.30;12.08;58.25;0.290;-15.24;-28.06;1
614550;32.52;12.24;57.78;0.299;29.58;-9.79;1
614996;31.60;11.23;59.93;0.319;-15.25;-25.90;1
615008;31.94;11.81;57.80;0.343;13.52;26.80;1
615012;31.15;11.28;54.33;0.343;29.21;3.59;1
615037;31.79;11.12;59.14;2.124;-27.44;-11.54;1
615041;35.60;12.55;60.54;0.301;25.12;-23.01;1
615474;22.91;5.01;33.06;0.319;4.17;-21.42;1
615487;35.75;13.32;63.13;0.315;-16.70;29.73;1
615507;30.76;11.66;57.28;0.322;27.73;9.29;1
615516;22.62;4.36;32.20;0.376;-7.22;19.82;1
615977;35.29;12.75;62.94;2.306;-32.40;9.17;1
615987;31.43;11.61;55.71;0.294;29.80;-4.63;1
616017;30.41;11.23;55.08;0.324;28.04;-7.10;1
616480;31.92;11.29;55.57;1.302;-27.90;12.59;1
616493;34.21;12.78;64.76;0.327;6.07;31.85;1
616529;30.76;10.98;51.43;0.295;7.61;28.48;1
616972;34.83;12.44;60.75;0.324;18.24;-27.57;1
616982;32.93;11.05;57.04;2.449;-30.58;-7.78;1
617003;30.17;12.33;53.14;0.467;25.56;-14.02;1
617007;29.75;12.60;58.67;0.729;20.62;19.70;1
617475;32.51;14.15;60.54;0.687;29.21;10.53;1
617495;30.11;12.67;55.57;0.305;-16.90;-23.17;1
617517;34.49;14.25;63.70;0.248;-20.21;-26.60;1
617971;33.59;14.20;60.93;2.746;-30.93;6.84;1
617988;29.94;12.14;52.92;0.594;26.30;11.92;1
618026;30.61;11.59;53.85;2.730;-28.47;-5.68;1
618030;30.22;12.37;53.04;0.695;18.86;21.67;1
618474;35.30;14.39;62.97;0.270;-22.68;-25.34;1
618490;29.61;12.53;53.24;0.881;0.74;28.38;1
618528;34.34;14.41;64.88;0.232;-16.06;-29.38;1
618989;33.93;14.67;64.03;0.312;-21.15;-24.33;1
619032;35.49;15.14;64.40;0.260;-30.72;-15.36;1
619118;31.84;12.94;56.65;0.338;13.30;-27.93;1
619473;32.18;14.66;62.80;2.687;-28.93;9.45;1
619498;33.22;15.20;63.64;0.300;-21.11;-23.69;1
619529;31.86;14.85;62.18;0.553;27.65;-10.60;1
619972;20.97;6.12;32.76;0.914;-7.13;18.25;1
619987;32.69;14.65;62.36;0.403;11.91;-28.63;1
620010;27.79;13.21;55.71;0.400;-8.02;-24.50;1
620014;30.42;13.67;60.93;0.761;20.53;19.66;1
620469;32.67;14.70;64.03;0.510;26.39;-15.55;1
620489;32.61;14.94;63.95;0.324;-12.30;-28.48;1
620520;29.08;12.74;55.03;0.845;7.03;26.76;1
620525;30.51;12.91;57.43;0.318;-21.48;-19.46;1
620976;35.04;14.62;65.80;0.280;-23.67;-23.95;1
620999;31.43;12.77;56.08;0.857;-22.88;19.77;1
621034;33.82;14.33;63.41;0.667;24.33;21.29;1
621037;31.03;12.81;56.22;0.354;6.07;-29.06;1
621041;30.05;12.73;54.15;0.376;7.34;-27.92;1
621488;30.16;12.74;60.21;0.596;28.88;3.19;1
621508;34.33;14.81;61.47;1.079;-16.53;28.47;1
621546;31.07;12.84;55.23;0.410;17.98;-23.85;1
621550;30.55;12.93;55.44;0.352;7.30;-28.64;1
621982;31.71;13.10;55.80;1.026;-20.19;23.06;1
621999;31.05;12.32;52.50;0.465;26.38;-13.56;1
622027;30.26;12.32;55.61;0.632;25.44;13.22;1
622031;30.93;12.79;55.47;0.475;27.49;-11.19;1
622477;24.43;5.77;35.85;0.315;-18.02;-14.61;1
622498;31.80;13.77;75.11;1.864;-25.99;14.66;1
622502;30.19;12.58;55.15;0.847;12.36;26.10;1
622533;36.00;14.54;66.37;2.855;-34.55;-5.22;1
622538;31.25;12.70;55.22;0.682;19.87;22.33;1
622977;32.23;12.82;56.32;2.560;-30.40;-7.24;1
622989;34.10;14.20;63.60;0.774;8.35;31.40;1
623014;35.71;14.37;62.48;0.420;27.53;-20.83;1
623474;30.33;12.94;55.90;0.844;5.39;28.66;1
623492;35.01;14.50;63.64;0.540;7.53;-32.95;1
623547;29.92;12.73;54.67;0.784;16.88;22.44;1
623552;29.56;12.57;55.44;0.735;20.08;19.68;1
623973;30.87;12.94;55.61;1.049;-20.80;21.04;1
623983;30.45;12.40;54.33;0.761;8.62;27.70;1
624007;30.92;13.04;56.30;2.613;-28.19;-8.20;1
624011;30.47;12.19;53.25;0.384;9.99;-27.12;1
624472;34.81;15.03;64.51;0.301;-30.02;-14.40;1
624490;21.20;6.17;33.54;0.759;15.43;11.86;1
624519;24.05;5.56;33.24;2.797;-22.72;-4.24;1
624523;29.83;12.55;53.85;0.487;21.11;-18.80;1
624974;30.97;13.33;59.67;0.305;-21.02;-20.70;1
624989;29.89;12.90;54.13;0.541;26.62;-9.55;1
625025;33.93;14.00;61.33;0.747;13.36;29.26;1
625476;22.93;5.79;32.39;0.908;-2.40;21.86;1
625552;31.50;13.42;56.14;0.322;-0.03;-30.35;1
625598;35.05;14.76;62.01;0.491;29.16;-16.58;1
625623;31.82;12.94;56.57;0.322;5.28;-30.25;1
625627;29.96;13.25;55.47;0.770;21.77;18.61;1
625977;36.20;14.47;61.77;0.268;-29.28;-19.01;1
625996;31.48;12.96;55.11;0.363;8.25;-29.01;1
626016;30.89;12.39;57.04;0.545;29.12;-2.32;1
626020;32.20;13.08;56.08;0.261;-26.27;-16.87;1
626484;30.63;12.95;55.79;2.380;-27.88;-8.67;1
626497;30.36;12.92;56.09;0.874;-10.27;27.35;1
626520;23.50;6.18;34.00;2.806;-21.85;-2.96;1
626980;22.99;6.31;34.21;0.374;7.93;-20.50;1
627001;30.63;13.06;57.43;0.347;-0.40;-29.17;1
627021;22.98;6.01;33.24;2.131;-20.92;-6.50;1
627026;33.24;14.62;62.43;1.090;-26.38;17.83;1
627482;32.52;14.51;62.63;0.481;20.64;-22.46;1
627498;30.80;12.99;56.36;2.641;-28.04;8.74;1
627521;30.11;13.09;56.29;0.282;-10.81;-26.94;1
627525;22.16;6.15;33.24;2.629;-20.34;-5.38;1
627978;29.82;13.03;55.54;0.950;-8.26;27.45;1
627997;33.22;14.77;64.82;0.498;26.13;-17.53;1
628024;32.15;14.41;63.53;1.021;-16.28;25.62;1
628475;30.34;13.39;56.52;2.683;-27.23;8.21;1
628496;33.72;14.55;62.37;0.727;16.97;27.21;1
628516;29.97;13.17;58.18;0.513;25.93;-12.04;1
628520;30.49;12.81;59.24;0.406;1.46;-28.38;1
628525;29.19;12.66;54.71;0.557;26.94;-4.54;1
628979;29.02;13.26;59.17;0.665;27.09;4.85;1
628991;29.69;12.91;56.08;0.713;17.29;22.26;1
629022;30.20;13.26;57.69;0.294;-15.36;-24.53;1
629475;21.30;6.73;35.69;0.724;18.72;6.88;1
629491;22.85;6.46;34.53;2.162;-20.79;-6.72;1
629513;33.88;14.72;65.76;0.686;21.83;24.06;1
630004;33.26;14.85;63.32;0.552;31.02;-6.61;1
630020;32.51;14.25;61.03;0.720;21.17;21.73;1
630048;22.18;6.78;34.13;0.433;7.20;-19.52;1
630489;33.64;15.57;68.01;0.408;12.50;-29.61;1
630510;33.26;14.49;63.16;0.400;14.72;-28.03;1
630532;20.93;5.53;33.06;2.546;-19.86;-3.98;1
630536;29.68;12.69;55.36;0.736;6.43;27.89;1
630973;30.35;12.87;56.08;0.298;-17.00;-23.51;1
630988;30.17;12.71;55.97;0.327;-23.59;-16.13;1
631014;29.57;12.75;62.65;0.975;-11.15;25.89;1
631477;30.64;13.39;59.14;0.673;24.92;13.66;1
631490;30.89;13.85;59.14;0.684;28.42;2.59;1
631512;32.34;13.87;60.37;0.390;-9.32;-28.65;1
631516;30.48;13.96;57.43;0.745;26.53;8.53;1
631988;29.94;13.95;61.07;0.663;26.79;2.99;1
631998;30.86;13.99;61.40;0.488;20.07;-19.83;1
632037;30.54;14.55;60.17;2.658;-26.44;8.93;1
632471;21.42;7.67;36.24;0.856;14.19;11.98;1
632482;21.03;7.89;37.01;0.811;17.00;4.88;1
632504;21.71;7.23;36.00;2.555;-16.94;-6.96;1
632509;33.83;16.21;70.60;0.500;-18.78;-23.01;1
632967;21.60;6.55;34.23;0.824;14.61;10.19;1
632977;29.75;13.21;58.25;0.706;21.91;-13.44;1
633001;22.20;6.30;33.38;1.026;-7.11;16.80;1
633013;33.71;15.09;67.08;0.696;29.05;0.28;1
633470;22.40;6.22;34.71;0.959;-6.76;18.57;1
633527;34.41;14.89;66.76;0.489;-0.92;-30.61;1
633561;32.87;15.16;65.12;2.639;-28.42;-2.32;1
633970;22.07;6.46;33.24;0.750;18.42;6.12;1
633983;32.81;14.76;62.23;0.511;-14.26;-24.62;1
634005;34.41;15.60;69.43;2.392;-26.20;15.38;1
634010;31.68;13.20;60.21;0.780;9.04;28.30;1
634482;33.44;14.71;62.97;2.548;-25.65;9.63;1
634497;35.31;15.21;66.47;0.467;-13.51;-28.40;1
634501;31.06;13.36;61.03;0.475;0.50;-27.93;1
634525;22.97;6.62;36.06;2.459;-18.52;-8.15;1
634968;28.74;13.51;59.84;0.573;14.33;-20.76;1
635000;32.31;15.91;67.80;0.718;25.23;-9.12;1
635030;34.19;16.31;73.82;0.531;-12.87;-26.69;1
635481;19.92;7.78;36.12;0.953;13.33;7.13;1
635499;21.48;7.85;35.78;0.628;-12.41;-12.10;1
635527;21.15;7.86;36.00;1.146;-5.78;17.08;1
635531;21.82;7.81;36.40;0.657;8.50;-15.95;1
635982;24.08;8.71;39.62;2.550;-18.39;-5.38;1
635996;22.09;7.16;35.90;2.565;-17.11;-4.81;1
636037;21.01;7.29;36.06;0.841;15.86;5.17;1
636041;28.79;14.05;60.41;2.642;-23.30;-8.17;1
636535;20.40;8.25;36.14;1.012;11.86;9.08;1
636555;32.80;16.02;70.46;0.621;-8.52;-25.47;1
636577;20.88;7.99;35.85;0.808;11.65;-10.42;1
636581;32.12;16.24;70.71;0.733;-2.89;-24.10;1
636596;20.42;7.48;35.17;1.045;-2.58;15.96;1
636979;20.58;8.53;36.40;0.765;-0.01;-15.32;1
636991;21.68;8.01;36.77;2.516;-17.35;0.27;1
637015;21.15;8.08;35.51;0.686;3.40;-16.57;1
637482;32.17;16.11;68.01;1.032;12.81;21.89;1
637498;34.28;15.65;68.59;2.574;-28.46;1.45;1
637502;28.93;13.56;59.14;0.606;1.67;-24.18;1
637525;33.93;15.29;67.18;2.546;-25.81;10.76;1
637980;32.14;15.17;65.30;2.407;-20.95;17.01;1
637997;22.96;6.87;36.22;0.547;4.81;-19.40;1
638030;22.98;6.70;37.05;2.709;-19.94;-5.63;1
638486;29.76;13.20;59.14;0.997;-15.98;21.39;1
638502;33.69;15.25;76.06;0.594;-9.05;-26.36;1
638506;32.32;14.95;65.92;0.630;18.34;-20.48;1
638530;22.19;6.53;34.13;1.017;-5.39;18.94;1
638545;21.39;6.95;32.76;1.017;-2.46;18.43;1
638980;34.00;15.53;67.98;0.550;-19.62;-21.12;1
638990;29.64;13.26;58.82;0.808;15.70;20.84;1
639013;30.57;13.61;59.14;2.680;-26.37;-5.84;1
639016;29.47;13.28;58.05;0.717;23.64;11.60;1
639021;22.07;6.94;38.00;2.653;-18.31;-6.08;1
639477;33.30;15.36;65.73;0.975;5.35;27.79;1
639492;34.94;15.37;67.94;2.363;-25.20;16.83;1
639522;33.21;14.94;65.15;2.624;-28.33;-2.15;1
639975;30.61;13.45;60.75;2.627;-25.44;7.90;1
639988;30.84;13.46;59.14;0.479;-2.06;-27.58;1
640011;22.78;6.91;34.53;0.529;9.00;-18.23;1
640014;30.46;13.50;63.39;0.710;25.74;7.79;1
640475;30.95;13.39;59.77;0.742;-21.58;-16.14;1
640491;31.00;13.73;61.66;0.503;3.48;-27.38;1
640523;33.84;15.52;67.48;0.602;24.43;-17.06;1
640971;33.68;14.89;66.21;0.503;-4.04;-29.40;1
640984;21.45;6.57;34.79;0.691;13.76;-10.78;1
640999;32.29;14.70;66.49;0.610;-18.51;-18.54;1
641036;31.10;14.22;65.12;0.895;8.26;24.88;1
641472;20.86;6.20;32.28;1.002;-7.72;16.07;1
641489;32.00;14.97;64.20;0.661;19.05;-18.77;1
641518;23.39;7.02;35.17;0.639;5.73;-18.14;1
641970;32.09;14.65;66.85;1.530;-19.60;17.94;1
641979;31.65;14.89;63.06;2.537;-24.49;-5.87;1
641983;30.04;13.80;61.47;0.869;19.44;13.18;1
642006;23.93;7.55;36.77;0.692;16.02;-11.45;1
642010;21.69;6.78;33.02;2.334;-13.45;-10.59;1
642015;32.90;14.63;64.51;2.550;-26.56;-2.02;1
642470;28.34;12.66;52.43;0.904;7.41;22.31;1
642486;32.71;15.25;64.50;2.568;-26.89;-0.15;1
642507;33.32;14.71;63.69;0.555;-17.40;-22.03;1
642511;33.02;14.64;62.13;0.645;15.26;-22.56;1
643008;31.83;15.15;66.73;0.669;-11.55;-21.54;1
643057;32.61;14.64;65.19;1.032;-7.27;24.90;1
643080;31.34;15.90;96.33;0.799;19.60;-13.31;1
643101;72.70;23.59;112.00;2.332;-65.45;22.18;1
643483;31.86;13.90;60.21;0.586;6.60;-26.14;1
643507;24.35;7.35;37.66;0.612;13.30;-16.09;1
643527;33.41;14.51;60.88;2.582;-27.74;-1.94;1
643531;22.68;6.27;33.38;1.549;-14.14;-12.63;1
643977;31.87;15.50;63.29;2.463;-24.08;-0.90;1
643997;23.97;7.44;37.34;0.701;5.43;-17.64;1
644005;35.74;16.45;68.80;0.914;12.92;25.47;1
644035;32.30;14.51;62.82;0.714;8.89;-23.03;1
644039;20.65;7.14;32.14;1.514;-8.34;12.04;1
644486;32.06;14.97;63.41;0.757;24.12;-9.28;1
644517;31.20;14.10;58.60;0.861;22.91;4.38;1
644543;28.03;12.58;54.63;0.718;22.20;-7.08;1
644547;32.86;14.78;64.44;0.908;9.47;25.28;1
644976;32.12;14.42;61.85;2.555;-26.43;-1.13;1
645022;32.13;14.59;62.17;0.892;16.15;22.01;1
645054;30.91;14.98;63.01;0.913;22.61;7.38;1
645476;32.21;14.42;61.19;2.581;-26.10;-4.44;1
645485;32.81;14.52;63.13;0.724;24.87;-9.28;1
645508;32.97;14.89;64.41;0.589;-0.84;-27.51;1
645974;31.71;14.49;62.36;1.061;-8.45;22.96;1
645983;33.27;15.31;71.02;0.557;-15.01;-23.57;1
645987;33.54;14.66;64.50;2.600;-26.83;-7.89;1
646020;36.71;16.89;72.11;2.582;-30.44;3.90;1
646475;30.75;14.51;64.38;0.648;0.53;-24.61;1
646488;32.99;14.75;64.44;0.576;-10.23;-25.47;1
646510;32.25;14.62;61.29;0.588;5.86;-26.63;1
646514;31.78;14.33;62.97;1.039;-5.92;24.17;1
646518;35.31;15.87;72.24;0.723;27.18;-8.97;1
646975;31.07;14.02;60.14;0.648;-4.61;-24.11;1
646995;30.41;14.05;59.68;0.761;23.92;-5.47;1
647019;31.07;13.84;60.83;0.701;24.09;-8.64;1
647492;21.91;6.50;33.14;2.139;-13.09;-11.43;1
647512;31.92;14.80;65.19;2.496;-22.20;-11.37;1
647537;28.70;12.90;55.00;0.632;-9.38;-20.80;1
647540;31.84;14.69;62.94;0.753;22.96;-10.05;1
647971;21.70;6.78;34.53;1.133;-10.90;14.39;1
647991;32.62;15.27;62.82;0.643;5.97;-25.88;1
648328;22.08;6.55;33.14;0.660;10.66;-14.56;1
648479;31.66;14.09;64.26;0.511;13.86;-25.19;1
648482;30.81;13.07;56.30;0.553;23.23;-15.28;1
648486;29.84;13.26;59.14;0.616;21.81;-15.05;1
648490;22.64;6.42;34.93;0.522;11.68;-16.85;1
648507;27.39;13.15;55.17;0.937;13.02;21.21;1
648511;28.46;13.19;53.45;0.863;20.88;9.40;1
648514;32.93;13.74;62.20;2.645;-28.02;-5.28;1
648542;32.73;14.05;63.51;0.807;9.64;28.31;1
648546;31.80;14.05;63.51;0.789;19.71;21.94;1
648549;33.59;13.88;60.73;2.765;-31.16;1.17;1
648968;31.71;14.09;61.61;2.591;-26.45;4.01;1
648992;19.96;6.78;35.17;2.528;-14.64;-7.24;1
648996;32.97;15.42;69.35;0.874;12.39;23.70;1
649000;29.71;14.50;62.03;0.603;6.51;-24.38;1
649024;31.31;14.05;61.35;2.606;-26.55;-1.05;1
649033;21.58;7.56;34.93;2.459;-13.42;10.00;1
649037;19.12;6.07;32.89;0.846;14.08;4.75;1
649486;30.16;12.45;56.64;2.565;-22.16;12.03;1
649520;21.51;6.34;33.00;0.585;6.32;-17.23;1
649560;21.19;6.12;32.98;1.016;-10.05;15.35;1
649606;30.42;13.67;57.28;0.425;-13.25;-24.33;1
649609;33.24;14.78;63.79;2.724;-30.17;3.92;1
649613;29.60;13.17;61.62;0.838;9.85;24.55;1
649616;29.77;13.47;60.21;2.701;-26.22;-6.13;1
649620;33.86;14.87;70.18;0.460;-9.75;-28.86;1
649972;20.69;6.54;32.98;0.758;17.47;0.67;1
649987;29.80;13.35;57.71;2.655;-25.91;4.07;1
649990;21.65;6.46;33.02;1.066;-7.60;17.17;1
650016;32.99;14.96;67.94;0.857;17.19;23.56;1
650020;21.93;6.43;34.01;0.682;19.18;3.43;1
650469;31.83;14.60;63.39;2.629;-27.56;2.73;1
650481;22.53;6.48;35.11;0.408;-16.32;-12.64;1
650485;21.28;6.48;33.06;1.038;-7.09;17.62;1
650505;33.26;14.91;64.66;0.602;28.43;-9.50;1
650509;22.34;6.43;35.23;2.831;-21.19;-1.36;1
650513;20.29;6.67;33.14;1.106;-5.12;17.05;1
650968;34.34;17.17;71.40;0.403;-19.38;-25.15;1
650983;30.27;15.15;61.85;0.517;20.63;-19.38;1
650987;33.71;16.21;70.01;1.691;-23.51;19.97;1
651012;29.22;15.18;61.68;0.690;25.78;-5.95;1
651016;20.54;6.81;33.02;2.775;-19.11;-0.47;1
651019;19.30;6.86;32.14;0.681;17.16;2.70;1
651474;33.46;15.67;65.92;2.222;-28.70;13.05;1
651494;29.15;13.48;60.00;0.564;23.92;-12.15;1
651497;29.68;13.63;59.91;0.900;-8.58;26.54;1
651524;32.48;15.93;69.32;0.461;-5.47;-28.98;1
651528;32.40;15.03;65.22;0.552;20.73;-20.48;1
651531;32.61;15.00;64.62;2.692;-28.98;5.85;1
651985;21.01;6.62;33.06;0.493;5.45;-18.24;1
652015;20.38;6.58;32.25;0.773;17.35;5.52;1
652020;31.87;14.40;65.19;0.980;-1.42;28.23;1
652040;31.60;14.44;62.39;0.787;22.91;16.59;1
652043;32.59;14.34;65.79;2.631;-27.25;10.35;1
652047;32.24;14.13;61.06;0.997;-15.05;24.27;1
652479;31.97;14.00;63.78;2.366;-24.13;14.63;1
652498;32.35;14.78;61.85;0.419;-10.59;-27.58;1
652501;31.94;14.08;62.01;2.537;-26.87;10.58;1
652534;31.76;14.54;63.51;1.313;-22.03;18.10;1
652538;32.13;14.31;62.37;0.465;-0.62;-29.04;1
652542;31.67;14.06;62.30;0.752;23.64;14.82;1
652979;32.42;14.09;62.01;2.724;-28.26;-7.63;1
652995;31.83;14.50;62.17;2.696;-28.53;3.03;1
652998;31.20;14.29;61.52;0.733;26.94;6.04;1
653035;32.35;14.30;62.39;2.701;-28.49;-5.44;1
653039;32.23;13.92;61.61;0.419;-8.83;-28.26;1
653042;31.80;13.67;60.21;1.275;-21.87;18.06;1
653476;31.79;13.95;61.85;0.657;27.78;-2.86;1
653494;24.26;6.73;37.54;2.070;-16.83;12.72;1
653498;31.50;13.87;63.03;0.835;13.11;24.20;1
653522;30.08;14.39;61.07;0.801;23.97;8.67;1
653527;31.14;14.22;74.63;0.629;2.29;-25.38;1
653538;31.71;14.29;67.78;1.066;-22.78;-15.16;1
653982;30.77;13.82;60.46;0.546;-16.04;-20.69;1
654012;31.38;14.75;61.72;0.648;23.02;-15.04;1
654034;31.62;13.79;61.00;0.997;-13.06;24.17;1
654038;32.00;14.55;62.80;0.526;11.77;-26.16;1
654482;30.48;13.62;60.83;0.664;12.87;-21.21;1
654494;31.59;13.52;60.37;2.550;-26.08;10.85;1
654519;22.83;7.10;38.12;0.766;18.95;5.79;1
654522;31.69;14.16;66.12;2.611;-25.18;-9.56;1
654984;70.45;25.48;122.20;0.652;63.39;24.38;1
654998;22.76;7.38;35.47;0.659;17.37;-9.12;1
655030;31.09;13.78;60.81;0.791;18.79;19.66;1
655034;31.32;14.62;61.06;0.576;19.96;-20.00;1
655470;19.91;6.91;33.24;0.739;14.32;11.83;1
655484;23.56;7.41;38.08;0.526;2.57;-20.60;1
655488;31.02;13.78;63.56;0.855;6.87;27.02;1
655512;33.07;14.41;62.77;0.452;-3.44;-29.82;1
655516;32.66;14.26;63.32;0.412;-2.68;-30.10;1
655992;34.79;15.90;70.09;0.849;17.62;25.56;1
656007;31.87;13.74;60.44;0.936;-9.24;27.22;1
656032;31.16;13.68;58.86;0.589;13.62;-23.27;1
656467;32.97;14.25;62.80;2.721;-29.85;3.41;1
656491;31.58;13.73;60.08;0.893;-0.57;28.20;1
656515;34.81;15.43;69.29;0.493;18.21;-26.18;1
656544;32.51;14.47;62.37;0.489;1.22;-29.10;1
656981;33.05;14.38;64.26;0.461;-3.82;-29.57;1
657003;32.87;14.38;65.38;2.695;-29.60;2.24;1
657040;31.75;14.45;62.17;0.565;18.25;-21.91;1
657487;31.95;14.03;61.27;0.830;9.73;27.02;1
657500;28.66;12.50;54.23;0.608;24.25;-8.13;1
657524;32.34;14.24;63.64;0.866;2.89;28.95;1
657528;32.25;14.89;63.15;0.509;2.15;-28.65;1
657997;29.32;13.10;56.08;0.480;18.35;-20.09;1
658032;32.57;14.52;63.15;2.725;-29.58;-0.87;1
658114;32.58;14.28;62.97;2.715;-29.40;-2.14;1
658480;33.97;14.61;64.00;2.732;-31.06;1.63;1
658492;31.05;14.98;65.73;0.922;13.51;24.21;1
658521;31.66;13.83;61.07;0.765;18.92;21.29;1
658980;33.53;14.94;63.81;2.327;-27.17;14.63;1
658994;21.73;6.06;33.73;0.860;0.03;20.02;1
659023;22.20;6.04;33.14;2.717;-19.51;-4.34;1
659480;32.84;14.98;66.71;2.731;-29.78;-3.17;1
659492;32.57;14.20;62.01;0.649;29.20;5.36;1
659515;33.60;14.47;65.00;0.427;-14.79;-26.76;1
659979;21.32;6.45;33.00;0.514;6.45;-18.01;1
659997;32.77;14.73;61.72;0.445;-6.30;-29.10;1
660018;31.34;14.52;61.85;0.817;21.61;17.08;1
660026;31.30;14.81;61.61;2.650;-27.16;-2.92;1
660479;33.02;14.73;63.29;0.458;-8.33;-28.52;1
660491;31.98;14.57;61.13;2.684;-27.93;7.98;1
660517;28.00;12.98;53.37;0.794;23.25;8.12;1
660972;29.60;13.29;57.14;0.508;18.51;-20.31;1
660984;29.28;12.98;56.22;0.435;1.65;-26.91;1
661013;32.47;14.44;63.01;0.505;24.50;-18.19;1
661480;30.43;13.90;60.83;0.772;23.18;14.62;1
661493;27.52;11.73;50.12;0.687;20.34;15.86;1
661525;31.75;14.44;74.43;0.516;17.68;-23.24;1
661530;33.30;14.71;65.39;0.422;15.93;-27.37;1
661979;31.86;14.25;62.77;0.436;16.19;-25.19;1
661997;32.33;14.26;63.13;0.657;23.73;17.83;1
662021;31.05;14.51;61.72;0.901;13.90;24.65;1
662024;30.95;13.80;61.00;0.653;27.83;5.72;1
662476;32.70;14.21;62.97;0.449;-23.15;-18.10;1
662491;31.59;13.55;60.42;0.811;7.88;27.94;1
662518;32.06;14.42;62.77;0.410;-23.62;-17.46;1
662522;27.54;12.36;53.04;0.640;24.87;0.25;1
662974;32.18;14.57;60.83;0.418;-10.16;-27.71;1
662986;32.84;14.15;60.75;0.642;29.82;-3.94;1
663017;32.08;13.76;60.73;0.937;-13.47;26.43;1
663473;20.59;5.85;33.14;0.920;-6.50;17.88;1
663487;22.25;5.94;33.00;0.474;6.08;-19.30;1
663528;33.17;14.09;61.22;0.511;25.73;-16.89;1
663974;33.12;13.90;60.17;2.744;-30.31;5.87;1
663986;32.69;13.52;60.61;1.371;-24.65;17.09;1
664011;32.74;13.99;61.29;0.398;-13.63;-26.95;1
664014;31.27;13.62;59.54;0.577;27.39;-8.13;1
664018;30.71;13.87;63.25;0.731;24.30;14.68;1
664471;32.06;14.67;59.64;0.639;27.54;-9.61;1
664487;32.18;14.10;60.83;0.908;0.19;30.20;1
664511;31.21;14.25;61.10;0.965;3.44;27.95;1
664515;33.00;13.78;61.03;0.922;-14.53;27.40;1
664984;32.16;13.81;61.10;0.641;24.81;16.17;1
664996;28.45;12.34;54.78;0.698;24.86;7.73;1
665021;33.84;13.98;62.77;0.357;-11.05;-29.82;1
665025;32.80;14.58;61.20;0.424;9.78;-29.31;1
665472;31.98;14.53;66.73;0.697;28.89;9.14;1
665496;21.71;5.59;32.06;0.641;19.14;6.18;1
665519;33.63;14.03;64.20;2.814;-31.84;1.74;1
665523;31.89;14.31;60.21;0.901;11.54;27.26;1
665973;29.69;13.00;55.08;0.372;1.43;-28.11;1
665987;31.84;14.53;60.44;0.619;29.59;-2.84;1
665991;31.84;14.18;60.80;1.187;-22.39;18.87;1
666014;33.71;14.15;61.29;0.465;20.88;-23.31;1
666469;34.70;14.37;60.83;1.109;-27.81;17.26;1
666481;29.75;11.86;50.99;0.548;28.21;-0.33;1
666506;31.04;12.33;53.04;0.812;-1.58;29.78;1
666509;31.47;12.95;51.87;1.312;-27.52;12.84;1
666973;35.24;14.43;56.86;0.199;-32.75;-11.51;1
666990;35.26;14.46;56.04;0.166;-27.91;-20.73;1
667012;31.00;12.28;48.75;1.096;-27.98;12.56;1
667016;30.95;12.26;48.51;0.228;-4.46;-30.11;1
667471;33.55;13.11;52.55;0.190;-8.66;-31.95;1
667485;33.09;12.96;52.80;0.977;-28.38;16.16;1
667505;37.42;14.59;58.31;0.167;-35.14;-11.71;1
667983;32.57;12.70;52.20;0.189;-30.95;-8.69;1
667997;31.44;12.60;51.86;0.980;-26.15;16.25;1
668041;30.37;12.56;50.61;0.961;-14.60;26.10;1
668497;33.07;13.70;57.71;0.672;24.98;20.70;1
668514;30.04;11.97;49.04;0.411;28.63;-7.46;1
668548;29.38;11.90;50.00;0.915;-7.88;27.68;1
669013;30.97;12.67;58.90;0.653;26.28;14.32;1
669030;33.03;13.20;56.65;0.852;-11.82;30.15;1
669065;30.65;11.85;50.09;0.176;-12.54;-27.52;1
669087;32.38;13.46;54.82;0.694;22.48;22.52;1
669482;32.91;13.71;53.94;0.843;11.30;30.28;1
669508;33.38;13.10;55.32;0.827;-7.83;31.73;1
669534;33.55;13.18;59.14;0.299;10.11;-31.18;1
669537;31.90;13.21;55.47;0.598;29.91;8.85;1
669979;33.60;13.02;54.56;0.195;-21.01;-25.41;1
669993;31.29;12.66;53.46;0.509;30.45;-0.46;1
670015;36.08;14.91;61.39;0.318;9.63;-33.82;1
670019;32.39;12.81;57.22;0.242;-8.49;-30.45;1
670476;33.11;13.49;56.30;0.381;20.04;-25.32;1
670501;33.28;13.28;57.14;0.433;31.17;-9.83;1
670532;25.37;5.84;33.73;0.230;-3.65;-24.63;1
670558;31.42;13.23;53.76;1.054;-13.35;27.36;1
670973;31.96;12.27;48.75;0.403;28.67;-12.99;1
670986;31.29;13.19;55.15;0.928;0.03;30.70;1
670990;32.78;12.97;53.15;0.210;1.02;-32.46;1
671012;30.91;12.44;54.04;0.269;-21.37;-20.84;1
671017;31.13;13.08;55.46;0.185;-10.79;-28.79;1
671478;32.00;14.92;62.65;0.638;-24.78;-17.45;1
671491;34.33;16.58;78.87;0.371;-17.50;-27.02;1
671495;29.85;14.27;60.42;0.718;24.57;11.28;1
671518;30.73;13.75;60.83;0.943;-19.35;22.16;1
671971;31.16;14.23;61.10;0.588;28.07;11.17;1
671985;31.50;14.58;60.83;0.443;24.52;-17.78;1
672014;32.79;14.74;62.10;0.334;7.84;-30.70;1
672471;29.46;13.86;57.87;0.892;3.08;27.81;1
672487;21.33;7.04;33.02;0.719;18.66;4.80;1
672508;34.44;15.14;67.12;0.488;28.43;-11.29;1
672512;32.64;13.43;62.65;0.447;-22.29;-19.49;1
672982;31.00;13.65;60.07;1.016;-8.82;25.21;1
673005;23.38;6.24;36.22;2.697;-20.07;-4.37;1
673027;23.68;6.56;39.20;2.737;-21.00;-3.43;1
673030;31.42;13.61;61.10;0.555;26.70;-5.26;1
673034;31.48;13.40;62.30;0.465;0.22;28.31;1
673467;34.44;14.23;63.79;2.672;-31.25;6.74;1
673491;31.36;13.52;58.52;2.732;-28.33;0.47;1
673517;34.90;14.15;64.38;0.372;-21.01;-25.07;1
674002;33.70;14.54;65.73;2.542;-28.39;12.35;1
674021;32.45;14.24;65.00;0.463;14.73;25.41;1
674053;33.88;14.20;63.81;0.370;27.73;-15.65;1
674483;33.56;14.26;63.95;2.540;-28.57;12.97;1
674512;30.27;12.53;57.38;0.356;-10.62;26.43;1
674516;30.27;13.36;59.64;2.161;-23.87;14.04;1
674553;30.28;12.41;57.01;0.364;-19.63;20.64;1
674556;33.79;14.39;64.12;0.385;31.13;-5.16;1
674983;22.92;5.95;35.13;2.791;-21.38;-0.75;1
675000;21.18;5.95;34.48;0.419;2.08;19.40;1
675026;30.18;12.83;58.19;0.462;25.13;10.74;1
675029;23.45;5.76;33.73;2.465;-20.53;-5.02;1
675485;34.33;15.17;70.84;0.358;20.02;25.43;1
675514;34.54;14.35;64.85;0.360;-11.79;30.31;1
675543;24.05;5.90;35.44;2.426;-21.14;-6.94;1
675967;31.42;12.96;58.42;0.347;29.63;-2.59;1
675979;29.93;12.88;57.45;0.392;11.76;25.28;1
676001;22.50;7.52;36.12;0.368;0.34;-21.41;1
676005;22.28;7.36;34.37;2.346;-20.46;-5.37;1
676485;21.88;9.80;41.40;0.356;-10.54;-17.68;1
676498;32.75;15.75;63.32;0.563;29.10;-8.99;1
676532;32.35;15.22;62.24;1.106;-23.68;18.85;1
676536;28.77;13.77;56.40;0.484;18.49;-19.48;1
677003;30.49;14.22;58.69;0.324;-10.63;-27.08;1
677015;20.61;6.79;33.96;0.850;0.73;19.17;1
677047;33.08;15.41;66.24;0.521;28.39;-12.59;1
677484;34.22;16.32;65.80;0.429;19.03;-26.66;1
677501;29.28;13.84;56.64;0.468;21.04;-18.42;1
677506;30.05;13.97;58.87;0.391;5.54;-27.90;1
677535;29.51;13.89;58.41;0.379;-13.96;-23.76;1
677538;28.74;14.04;58.14;0.571;27.21;-0.56;1
677974;28.53;14.27;57.27;0.587;24.69;-10.34;1
677993;32.56;15.99;64.03;1.151;-20.61;22.53;1
678036;29.74;14.34;56.86;0.434;12.60;-25.20;1
678478;30.26;14.40;58.31;0.341;-25.59;-12.83;1
678491;32.44;15.65;64.14;0.538;23.48;-18.79;1
678514;33.61;15.81;71.31;2.472;-28.42;13.62;1
678982;30.22;13.75;58.69;0.995;-21.36;18.69;1
679031;33.24;14.97;63.78;2.129;-26.45;16.14;1
679072;28.69;14.05;57.28;0.849;10.72;24.61;1
679076;30.23;14.17;59.01;0.408;3.95;-28.13;1
679479;30.97;14.17;59.08;0.306;-19.51;-22.21;1
679513;34.08;15.91;65.39;0.353;-11.59;-30.04;1
679537;33.30;16.25;66.29;1.120;-25.12;19.47;1
679540;26.51;12.35;50.45;0.524;24.62;-5.50;1
679977;33.95;15.85;65.79;0.546;30.76;-9.81;1
679989;21.79;8.03;36.25;0.497;10.19;-17.54;1
680017;29.60;14.07;56.08;0.580;26.92;-7.26;1
680473;30.82;12.89;51.74;1.105;-25.23;15.09;1
680483;35.75;14.83;63.07;0.272;-29.84;-17.24;1
680505;30.38;12.71;54.41;0.979;-21.38;19.36;1
680509;30.09;12.67;55.90;0.858;-7.26;28.03;1
680513;32.93;14.04;62.01;0.351;-5.93;-30.59;1
680971;33.26;14.06;59.08;0.291;-26.41;-17.80;1
680988;30.83;13.54;55.46;0.561;27.98;-7.80;1
681015;33.11;13.73;59.82;0.981;-23.41;20.88;1
681474;32.27;13.08;55.00;1.228;-22.27;20.02;1
681494;30.91;12.78;53.67;2.642;-28.06;7.45;1
681515;32.13;14.21;55.95;1.389;-27.27;-12.55;1
681519;31.62;13.33;55.54;0.782;10.09;27.83;1
681971;32.03;13.46;55.95;0.442;19.06;-23.45;1
681989;31.60;13.56;56.52;0.403;-25.87;-13.28;1
682025;35.49;15.09;62.64;2.737;-32.72;1.45;1
682471;32.19;13.65;57.45;0.362;-14.48;-26.41;1
682485;31.37;13.58;56.32;2.779;-28.99;-3.44;1
682505;29.90;13.76;55.11;2.792;-28.07;0.94;1
682509;31.12;13.03;55.23;0.377;-20.15;-20.75;1
682970;31.42;13.35;54.92;0.572;28.64;-5.03;1
682985;22.95;6.15;33.02;0.642;20.56;4.56;1
683032;31.15;13.38;54.92;0.879;2.88;29.33;1
683036;32.09;13.31;56.04;0.919;-21.56;20.85;1
683468;32.29;14.20;58.25;0.330;-15.24;-26.49;1
683494;28.59;11.90;49.04;0.506;26.47;-6.63;1
683524;30.60;13.95;54.42;0.753;25.28;13.31;1
683979;31.57;13.53;55.71;2.745;-29.03;3.35;1
683990;31.97;13.77;56.64;0.621;24.14;-17.43;1
684013;31.43;13.58;56.29;0.570;29.25;-5.34;1
684017;35.78;15.06;63.81;0.497;29.54;-16.25;1
684477;35.09;14.94;65.46;0.363;-26.28;-19.56;1
684491;31.21;13.18;55.76;0.429;17.00;-24.12;1
684527;30.84;13.36;55.08;0.373;-6.24;-28.22;1
684531;30.50;12.83;52.33;1.036;-18.31;22.38;1
684974;30.20;12.97;54.59;0.693;26.18;10.04;1
684995;32.35;13.16;56.08;0.305;-17.05;-25.72;1
684999;30.59;12.88;55.00;0.453;21.48;-19.43;1
685030;32.30;13.43;57.20;0.470;22.55;-20.29;1
685038;31.13;13.61;56.94;0.350;-25.94;-13.57;1
685478;34.58;14.87;61.61;0.792;13.50;28.60;1
685493;34.83;15.55;64.54;0.981;0.70;32.27;1
685497;31.18;13.64;55.17;1.169;-22.30;18.98;1
685524;31.18;13.69;55.32;0.360;-21.71;-19.39;1
685977;33.26;15.12;64.35;0.804;15.66;26.13;1
685990;30.32;13.19;57.28;0.811;6.21;27.50;1
686012;29.69;13.14;57.71;0.779;13.23;23.88;1
686016;34.77;15.28;66.48;2.596;-29.90;12.11;1
686020;32.46;15.14;62.27;1.487;-23.58;18.15;1
686474;33.42;15.06;63.13;0.385;-10.83;-29.13;1
686500;29.99;13.15;57.97;0.520;12.92;-23.57;1
686526;29.84;12.89;57.38;0.809;7.88;26.37;1
686977;29.81;13.46;58.14;2.653;-25.56;7.33;1
686990;23.52;6.53;34.23;1.927;-19.85;-8.65;1
687027;30.29;13.45;54.45;0.483;17.90;-22.11;1
687469;23.11;5.95;32.39;0.915;-7.54;20.03;1
687490;29.94;12.82;54.15;0.646;26.30;9.07;1
687517;23.04;6.82;34.00;0.481;5.51;-20.23;1
687520;30.00;13.24;57.27;0.719;21.86;16.50;1
687524;29.48;12.87;56.04;0.843;8.20;24.90;1
687971;31.31;13.54;58.73;1.696;-23.62;16.67;1
687984;30.21;13.32;56.04;0.854;10.12;26.00;1
688005;31.36;13.32;57.31;0.955;-17.74;23.50;1
688009;30.78;13.98;56.36;0.443;10.60;-26.90;1
688469;29.97;13.55;55.03;0.907;8.26;27.06;1
688483;31.54;13.56;57.38;0.362;-18.06;-23.33;1
688514;34.89;14.84;62.80;0.424;-12.81;-29.13;1
688517;29.52;12.79;54.41;0.692;24.20;11.50;1
688520;34.60;14.70;62.65;2.725;-31.39;4.95;1
688970;29.99;13.25;63.64;0.793;18.13;20.90;1
688983;31.71;13.37;57.43;0.487;21.93;-19.79;1
689007;31.41;13.35;55.95;0.432;17.65;-23.84;1
689011;31.76;13.18;57.31;0.364;-22.22;-19.64;1
689474;33.91;14.76;61.00;0.922;-0.27;31.45;1
689519;29.56;11.86;53.94;0.833;2.47;27.16;1
689572;24.16;6.16;33.96;0.425;1.12;-22.23;1
689605;31.14;13.48;55.44;0.647;28.75;2.12;1
689970;31.31;13.54;56.08;0.426;6.87;-28.38;1
689992;30.29;13.44;57.01;0.863;-21.45;-17.36;1
690014;30.07;13.00;55.08;0.838;2.55;27.63;1
690019;30.46;12.91;54.82;0.885;-0.94;27.64;1
690471;34.05;14.72;61.61;0.673;21.47;22.95;1
690493;30.47;12.87;55.32;0.443;-1.20;-27.83;1
690518;32.62;13.43;57.27;2.804;-30.78;1.16;1
690522;31.31;13.32;58.69;2.790;-29.41;3.83;1
690971;29.83;13.21;56.08;0.824;14.15;23.60;1
690988;31.17;13.18;56.04;0.985;-20.57;20.53;1
691007;30.99;13.64;55.32;0.672;28.62;-1.12;1
691016;31.13;12.93;61.98;0.857;-25.38;-14.28;1
691471;34.99;15.03;63.56;0.335;-10.17;-31.79;1
691485;28.87;12.89;52.43;0.746;24.22;11.77;1
691516;31.27;14.06;56.44;2.291;-26.33;12.88;1
691520;32.06;13.28;56.32;2.711;-29.12;-7.82;1
691970;31.24;13.12;54.57;2.232;-25.41;-12.39;1
691995;28.14;11.92;50.09;0.854;-2.96;26.34;1
692023;31.76;13.45;56.72;2.786;-29.81;1.03;1
692027;32.16;13.32;57.25;2.772;-29.99;4.78;1
692465;32.21;13.30;57.98;2.090;-27.30;-12.56;1
692477;32.80;13.86;57.31;2.783;-30.98;4.15;1
692511;30.70;13.21;56.61;0.693;20.87;20.19;1
692981;32.43;13.89;58.42;2.731;-29.68;-7.68;1
692998;32.46;13.36;56.08;0.431;18.73;-24.33;1
693021;32.36;14.10;56.29;0.334;-27.44;-13.52;1
693477;32.27;13.35;58.14;0.890;-10.05;28.68;1
693489;30.99;13.75;56.57;1.038;-8.14;28.20;1
693535;28.28;12.59;52.04;0.658;26.56;3.85;1
693974;33.55;14.66;61.62;2.723;-29.88;-6.64;1
693989;28.49;11.93;51.48;0.453;13.76;-22.69;1
694024;31.49;13.43;57.08;0.629;28.33;7.54;1
694475;32.37;13.76;58.31;0.886;5.17;29.86;1
694488;31.52;13.80;57.31;0.923;-3.17;29.73;1
694514;32.72;13.87;60.84;0.747;8.45;29.91;1
694976;31.60;13.82;58.25;0.500;23.22;-18.97;1
694993;31.85;14.23;58.31;0.881;11.52;27.88;1
695025;31.20;13.69;57.70;0.373;-7.81;-28.23;1
695475;31.66;14.09;58.60;0.550;27.12;-9.31;1
695492;32.57;14.02;57.20;2.674;-28.69;3.81;1
695523;29.95;12.83;60.46;1.011;-17.76;19.76;1
695527;30.79;13.20;62.20;2.505;-23.52;11.74;1
695975;30.91;15.48;66.24;0.973;9.07;24.22;1
695991;20.65;6.79;35.36;1.048;-10.99;13.94;1
696018;30.84;15.17;64.63;2.511;-24.32;-0.99;1
696021;22.08;8.20;38.01;0.903;11.64;13.48;1
696025;29.19;14.96;64.66;2.463;-19.57;12.52;1
696487;21.67;8.69;38.08;0.779;16.34;9.93;1
696501;28.95;15.41;62.48;2.492;-21.76;12.03;1
696527;34.20;17.71;73.25;2.487;-25.95;16.11;1
696976;21.42;8.19;38.01;0.603;11.62;-14.86;1
696991;32.14;16.08;69.20;0.832;13.43;25.43;1
697013;29.66;14.33;61.29;0.428;-21.46;-16.57;1
697018;29.42;15.06;67.62;0.484;-10.38;-24.31;1
697476;31.29;15.21;65.12;2.467;-23.12;15.08;1
697488;22.13;7.89;37.80;0.493;-12.40;-15.10;1
697491;21.61;7.50;37.64;2.747;-19.96;0.80;1
697524;21.35;7.42;35.17;0.567;19.33;-2.68;1
697528;32.21;15.96;67.74;0.814;22.10;18.68;1
697559;21.09;7.17;35.23;0.986;-7.41;17.05;1
697571;20.95;7.69;35.36;0.717;19.00;1.12;1
697575;33.01;15.96;67.62;0.660;18.13;-23.44;1
697604;31.47;15.53;66.22;2.337;-21.58;17.55;1
697644;33.40;16.70;70.72;0.434;-22.69;-20.22;1
697672;28.54;13.73;63.82;1.042;-11.77;23.14;1
697676;32.78;15.92;70.18;0.757;17.25;25.19;1
697694;22.04;7.22;35.06;2.702;-18.88;-5.30;1
697698;31.77;14.90;66.76;0.495;-13.44;-24.70;1
697703;20.41;7.83;35.34;0.757;17.34;-1.41;1
697706;21.63;7.48;36.40;2.609;-18.44;-0.38;1
697751;32.38;16.24;70.18;0.603;22.66;-18.16;1
697769;32.25;15.87;72.20;0.585;25.90;-13.57;1
697941;21.44;7.28;34.13;2.489;-18.21;-6.54;1
698305;31.72;15.73;65.46;2.554;-27.09;12.64;1
698314;30.85;15.40;64.66;1.025;-20.84;19.18;1
698357;29.07;15.25;64.12;0.688;25.52;-4.53;1
698733;22.08;7.67;37.16;0.414;-17.86;-9.70;1
698755;20.88;7.59;36.67;0.659;18.68;-0.94;1
698780;32.24;15.98;68.68;2.425;-23.93;15.69;1
699186;21.19;6.81;35.06;2.791;-19.65;-2.39;1
699197;19.96;7.52;33.54;0.428;5.01;-17.83;1
699229;34.38;17.32;75.43;2.418;-24.71;18.45;1
699680;33.94;16.26;70.46;0.354;-24.40;-20.58;1
699692;29.93;14.16;62.24;0.416;-17.14;-21.44;1
699720;28.89;14.21;60.22;0.546;21.67;-15.25;1
699724;22.22;7.62;38.59;0.507;9.94;-17.65;1
700198;22.72;8.33;37.05;0.931;-3.83;20.21;1
700223;29.10;14.65;61.98;0.906;5.70;26.00;1
700227;31.61;16.11;66.85;0.388;-16.91;-24.16;1
700252;29.33;15.95;63.25;0.757;20.72;17.04;1
700257;29.38;16.04;64.85;1.104;-14.52;22.11;1
700669;33.41;16.94;71.28;0.485;-11.98;-27.44;1
700681;30.04;14.39;62.27;0.454;-18.95;-19.49;1
700685;21.82;8.51;38.91;0.589;11.25;-15.91;1
700709;27.89;14.33;57.71;0.958;5.30;25.22;1
700713;21.93;7.82;36.06;0.506;9.17;-17.76;1
700727;28.62;14.99;62.03;0.940;6.92;25.22;1
701165;28.67;16.65;64.50;0.618;14.92;-20.52;1
701180;20.58;10.11;36.69;0.787;17.35;-3.56;1
701216;29.30;18.44;70.21;2.322;-17.61;16.10;1
701667;20.19;10.63;38.08;2.191;-9.86;11.08;1
701683;19.74;10.81;39.12;1.154;9.62;10.90;1
701704;20.44;11.54;40.31;0.934;1.76;-15.10;1
701707;20.85;11.39;41.00;2.395;-15.41;0.68;1
702208;19.74;10.02;37.16;0.683;-3.07;-16.18;1
702243;29.26;17.82;70.24;0.771;23.32;-7.85;1
702247;21.47;10.26;42.72;0.822;1.22;-16.22;1
702272;27.89;17.84;67.00;0.914;21.40;-5.99;1
702678;29.86;17.83;67.78;0.671;-6.66;-24.17;1
702692;18.53;9.15;34.79;2.269;-9.00;10.60;1
702717;22.19;11.26;41.88;0.819;12.41;-13.01;1
702721;19.82;9.14;35.47;2.348;-10.34;12.54;1
703190;20.32;10.87;39.12;0.989;15.96;1.20;1
703245;29.29;17.69;68.12;0.984;12.06;20.81;1
703260;22.25;10.61;40.61;0.954;9.04;16.22;1
703285;21.82;10.85;41.30;0.941;16.77;2.34;1
703680;30.27;18.44;69.34;0.793;17.29;-17.75;1
703715;20.04;9.63;37.11;2.592;-15.91;-4.92;1
703718;19.14;9.14;35.23;0.822;15.96;1.50;1
703737;30.95;18.08;71.06;0.621;-14.03;-22.09;1
703742;22.42;11.02;41.62;0.767;12.22;-13.98;1
704179;20.83;9.36;37.16;2.521;-17.23;3.51;1
704196;27.66;15.71;61.81;0.569;-5.01;-23.68;1
704199;19.53;8.58;33.73;1.124;-5.87;15.51;1
704233;20.10;9.88;39.32;0.665;-0.61;-17.00;1
704669;19.67;10.17;35.74;0.816;6.69;-15.21;1
704692;20.73;9.69;37.12;0.631;-4.47;-17.09;1
704720;22.82;11.10;42.06;0.671;-3.95;-18.57;1
704723;19.16;9.22;35.51;0.849;15.70;0.11;1
705181;18.61;9.52;39.36;0.836;15.20;-3.52;1
705207;19.32;9.27;38.05;1.457;-4.99;14.99;1
705233;31.74;18.81;71.70;0.574;-16.25;-22.38;1
705237;31.52;18.32;69.81;0.611;-11.89;-24.13;1
705242;31.13;17.87;71.18;0.673;-5.74;-25.40;1
705671;29.44;17.62;66.48;0.734;19.71;-15.44;1
705684;18.99;9.59;35.17;0.776;7.73;-13.37;1
705730;20.12;9.85;36.67;0.713;9.50;-14.26;1
705733;26.82;15.66;60.93;2.247;-12.58;18.83;1
706183;21.36;10.64;39.00;0.669;-14.74;-9.55;1
706197;19.65;8.84;34.93;1.987;-7.82;14.30;1
706244;19.10;9.89;36.69;0.931;14.92;-1.64;1
706248;19.30;9.30;36.40;1.082;2.11;14.94;1
706683;21.45;10.94;39.92;0.721;-1.70;-17.45;1
706704;30.61;18.31;73.41;2.374;-22.02;9.86;1
706708;19.13;9.54;36.77;0.825;15.70;-2.34;1
706739;29.40;17.84;66.85;0.620;-17.91;-17.30;1
706744;21.25;10.65;39.41;1.067;10.58;12.69;1
707173;31.51;18.20;70.21;0.587;-19.48;-18.76;1
707185;19.87;9.23;35.36;0.805;16.49;4.38;1
707189;21.86;10.34;38.95;0.898;14.88;11.54;1
707210;30.52;17.66;68.59;0.930;15.49;20.21;1
707215;19.95;9.03;36.22;2.094;-15.44;-6.85;1
707710;30.04;17.49;69.20;2.395;-18.85;16.36;1
707729;20.13;9.07;36.40;0.569;-3.87;-17.15;1
707769;20.20;9.07;35.85;0.644;9.69;-14.69;1
708178;29.39;15.04;63.70;2.445;-20.01;16.15;1
708191;30.04;15.51;64.07;0.525;18.30;-21.19;1
708196;27.41;14.60;57.98;0.586;19.76;-15.59;1
708231;30.17;14.83;60.64;0.574;27.45;-5.94;1
708692;31.60;14.36;59.44;0.509;12.36;-25.80;1
708708;32.27;14.13;59.09;0.463;16.92;-24.89;1
708735;31.60;14.44;60.08;0.446;-23.07;-16.64;1
708739;30.44;13.69;59.08;0.457;-8.87;-25.87;1
709176;31.58;15.06;59.62;0.724;26.05;10.46;1
709200;27.95;13.52;54.23;0.610;24.46;-6.57;1
709227;32.37;15.72;62.24;0.490;15.23;-25.82;1
709232;27.63;13.53;53.85;1.076;-10.56;21.91;1
709685;29.87;14.62;57.63;0.648;22.77;-13.54;1
709725;30.77;14.46;58.90;0.872;12.26;23.41;1
709758;33.71;16.69;69.77;0.637;-4.67;-27.08;1
710179;30.22;14.04;58.94;0.736;25.69;8.62;1
710231;34.89;15.87;66.73;0.491;-4.92;-30.69;1
710235;29.36;13.55;59.20;0.819;18.33;18.79;1
710258;31.18;14.23;58.41;2.553;-25.40;12.12;1
710680;32.25;13.44;56.57;0.389;-17.35;-24.28;1
710705;32.68;14.05;58.14;0.318;-20.00;-23.74;1
710737;30.24;14.06;59.06;0.930;9.98;25.61;1
710741;30.74;13.68;59.51;0.753;23.32;16.17;1
711177;34.53;15.18;62.80;0.578;32.04;-2.37;1
711207;31.63;13.66;58.31;0.923;-15.53;24.73;1
711232;34.51;15.27;65.00;0.606;30.32;-7.02;1
711236;30.27;13.53;59.09;0.856;6.83;25.96;1
711678;31.18;13.51;56.22;0.635;28.27;2.23;1
711703;31.86;13.73;58.52;0.513;14.80;-24.66;1
711724;30.57;13.50;55.66;0.900;4.53;27.74;1
711728;31.20;13.39;58.87;1.706;-21.19;19.02;1
712176;31.99;13.85;58.00;0.458;5.18;-28.77;1
712196;31.46;13.85;56.86;0.797;13.28;25.29;1
712200;30.68;13.63;59.48;0.821;15.51;23.51;1
712230;30.56;13.71;58.60;0.811;11.88;24.82;1
712233;31.24;14.04;60.41;0.552;14.25;-23.60;1
712237;31.00;14.58;60.03;0.542;11.49;-25.22;1
712699;32.95;14.26;59.03;0.412;-19.45;-23.04;1
712745;31.62;14.15;60.90;0.612;27.07;-8.33;1
712786;31.71;14.07;60.03;0.551;20.89;-19.46;1
713174;32.97;14.42;62.51;0.464;10.69;-28.33;1
713194;32.48;13.66;58.41;1.747;-24.17;17.07;1
713219;32.23;14.67;59.67;2.759;-29.85;4.80;1
713674;31.65;13.86;59.68;0.794;15.04;24.15;1
713686;32.41;14.57;64.76;2.714;-29.44;1.29;1
713710;30.83;13.77;59.55;0.798;15.17;23.12;1
713715;31.70;13.79;61.20;0.463;2.06;-28.72;1
713719;31.75;13.72;59.54;0.572;27.02;-10.64;1
714173;33.06;14.19;58.60;2.616;-27.95;10.84;1
714194;22.46;5.85;33.24;2.767;-20.71;-1.90;1
714220;32.31;14.49;57.97;0.528;15.52;-24.91;1
714223;32.53;14.06;59.03;0.559;25.59;-14.84;1
714691;31.31;14.11;59.62;0.580;26.51;-11.28;1
714702;33.03;14.84;63.39;2.690;-29.73;-1.83;1
714732;32.49;14.27;58.14;2.569;-26.53;12.93;1
714737;28.23;12.10;50.60;0.806;8.27;24.55;1
715182;32.40;13.71;60.14;1.991;-24.72;15.96;1
715197;30.01;12.56;55.54;0.435;-10.12;-25.35;1
715218;33.45;14.78;60.80;0.376;-20.61;-23.26;1
715222;32.19;13.87;59.55;0.725;22.67;18.51;1
715677;32.74;14.50;59.03;0.803;20.24;21.98;1
715697;32.60;14.56;60.31;0.570;26.18;-14.48;1
715717;24.46;7.11;35.06;0.695;21.87;3.01;1
715720;32.84;14.14;58.69;0.501;10.87;-27.54;1
715723;32.09;14.48;60.42;2.021;-21.38;18.15;1
716172;31.82;14.46;58.18;0.787;24.59;15.77;1
716189;32.72;14.38;59.41;0.579;30.47;-1.77;1
716194;22.25;6.05;32.06;0.552;12.17;-15.05;1
716223;30.89;13.93;58.05;0.673;27.74;-0.69;1
716673;32.27;14.18;56.61;0.662;29.51;2.96;1
716689;32.40;14.41;58.14;2.763;-29.90;-2.86;1
716724;30.57;13.89;55.97;0.961;7.12;25.07;1
716727;20.33;6.58;33.00;0.818;7.97;-15.52;1
717171;33.48;14.58;59.48;0.420;-9.16;-29.32;1
717213;32.34;14.83;58.31;0.768;26.73;13.08;1
717236;33.86;14.34;60.22;0.360;-16.88;-26.81;1
717240;29.49;12.48;54.38;2.276;-24.10;12.94;1
717259;32.90;14.64;59.81;0.405;-5.49;-30.04;1
717668;28.94;12.24;51.04;0.530;23.71;-12.45;1
717702;31.25;13.65;57.69;0.766;20.30;18.69;1
717725;31.35;13.91;55.01;0.613;20.12;-18.38;1
718166;31.49;15.12;60.21;0.896;22.17;5.29;1
718179;21.91;7.03;35.13;0.680;-5.90;-15.69;1
718183;32.10;15.34;61.29;1.045;2.59;22.80;1
718212;32.74;15.22;62.97;0.846;24.38;2.17;1
718216;32.86;15.32;60.61;0.884;23.38;5.50;1
718667;34.50;16.48;69.66;0.675;-7.01;-25.68;1
718680;34.03;16.56;69.64;0.701;0.12;-26.11;1
718684;20.85;7.18;34.23;2.395;-11.97;8.16;1
718708;33.95;15.41;63.29;2.467;-24.80;-5.37;1
718719;32.53;15.32;62.24;0.989;11.57;20.49;1
719167;33.59;16.19;66.85;1.099;-2.49;23.34;1
719182;20.70;7.65;34.53;2.306;-10.29;-8.91;1
719231;34.83;16.31;68.01;0.715;-5.50;-25.45;1
719676;31.31;15.09;62.48;2.404;-21.28;-5.19;1
719690;21.47;7.57;33.11;2.310;-10.77;-11.17;1
719721;23.58;8.48;37.01;1.137;1.72;14.21;1
720166;33.49;15.79;67.07;0.772;27.07;2.03;1
720183;22.05;7.51;33.73;2.211;-11.93;10.99;1
720188;20.27;6.19;34.13;2.214;-11.56;9.85;1
720217;30.61;14.55;58.31;2.541;-23.56;6.50;1
720221;22.16;7.03;33.06;2.438;-14.21;7.37;1
720665;22.45;7.56;34.00;0.800;16.55;-5.48;1
720680;22.25;7.17;33.38;0.959;9.21;13.47;1
720706;31.30;14.25;58.18;1.087;-12.16;20.68;1
720739;34.59;16.21;66.48;1.081;-7.46;24.50;1
720749;31.14;14.47;57.71;0.747;17.76;-16.14;1
720753;31.02;14.24;58.25;0.852;22.87;5.91;1
720783;34.70;16.22;65.86;0.874;24.78;-1.01;1
720802;30.18;14.61;61.00;0.631;-16.53;-17.47;1
720805;30.92;14.46;58.22;0.697;9.21;-22.35;1
720823;31.08;14.44;57.56;0.800;21.64;-8.44;1
720837;22.95;7.45;34.93;2.183;-15.35;10.93;1
720851;31.69;14.19;58.31;0.713;16.75;-18.30;1
720856;31.16;14.53;59.23;1.001;5.15;24.40;1
720916;29.38;14.06;55.23;1.083;3.91;20.53;1
721103;30.71;14.44;59.03;0.831;22.97;-0.24;1
721462;20.92;7.22;33.96;2.338;-13.00;11.17;1
721489;28.26;14.09;60.00;0.933;15.35;18.76;1
721520;31.71;15.71;63.81;0.750;21.50;-13.31;1
721523;20.81;7.30;33.84;0.881;13.42;9.79;1
721895;32.60;15.91;66.29;0.600;-8.35;-25.75;1
721909;21.26;7.98;34.21;0.687;9.40;-14.83;1
721912;32.66;15.46;67.78;2.563;-26.50;7.98;1
721931;32.21;16.09;70.33;0.607;-18.00;-19.50;1
721935;20.14;7.48;33.02;1.099;-6.21;14.45;1
722331;33.40;14.83;62.29;2.555;-25.65;10.63;1
722346;33.33;15.28;60.93;0.626;1.13;-27.23;1
722350;33.00;14.78;65.07;0.634;-7.90;-25.16;1
722376;21.24;7.23;45.79;0.673;7.58;-15.39;1
722383;21.44;6.59;35.23;0.778;9.20;-14.48;1
722829;21.06;9.21;37.00;0.954;10.22;-9.55;1
722851;29.81;16.36;64.03;1.076;18.02;3.38;1
722885;22.91;9.62;39.81;2.106;-8.39;8.33;1
723333;31.90;15.41;62.43;0.766;25.29;-6.19;1
723358;32.76;15.76;64.35;0.633;-11.57;-23.84;1
723362;31.50;15.23;65.38;0.679;-18.45;-16.10;1
723388;28.40;13.24;54.04;0.756;23.15;6.96;1
723827;34.24;14.70;60.11;2.453;-25.90;15.42;1
723847;33.92;14.64;60.08;0.900;-0.10;30.04;1
723885;20.48;6.50;34.79;0.928;12.42;11.33;1
724324;33.30;14.32;60.31;0.636;27.19;-10.41;1
724336;33.37;15.26;62.24;0.533;-1.28;-28.99;1
724360;32.42;14.83;58.90;0.882;17.02;21.86;1
724363;32.55;14.79;60.21;0.675;23.00;-15.25;1
724828;35.56;14.85;61.77;2.684;-31.50;4.19;1
724842;33.57;14.66;61.29;0.529;16.96;-24.90;1
724867;31.76;13.43;60.44;2.640;-26.05;-10.83;1
725348;31.11;13.11;54.42;0.523;-19.83;-17.92;1
725379;35.04;15.25;68.07;2.642;-29.95;-4.42;1
725405;36.17;15.42;63.89;0.489;-15.98;-27.52;1
725823;32.08;13.42;56.82;0.470;-19.62;-20.58;1
725837;34.64;14.89;61.03;2.619;-27.22;-12.17;1
725859;35.82;15.47;64.62;0.746;-24.61;-19.13;1
726325;31.61;13.60;55.54;0.966;-14.49;24.65;1
726343;31.59;13.46;58.18;0.422;-9.66;-27.15;1
726368;32.21;14.03;57.20;1.002;-23.36;18.83;1
726827;32.15;14.21;55.80;2.656;-27.61;7.24;1
726840;31.44;13.60;54.71;0.947;-3.02;26.80;1
726871;32.06;13.78;58.00;0.510;8.71;-27.29;1
726875;31.72;13.54;55.47;0.574;22.61;-16.74;1
727323;31.03;13.04;53.14;0.825;9.23;26.23;1
727335;30.30;13.52;54.13;0.773;23.34;13.38;1
727391;31.38;13.25;55.33;0.707;26.82;5.14;1
727822;31.31;13.81;57.31;0.427;-19.20;-20.91;1
727839;35.29;15.22;64.90;0.819;19.87;22.75;1
727867;30.52;13.10;52.24;0.639;28.23;4.64;1
727872;32.01;13.75;55.61;2.648;-27.17;9.48;1
728322;31.49;13.29;53.85;0.942;-10.91;26.09;1
728348;35.79;15.25;64.40;0.868;6.21;30.80;1
728373;31.55;13.59;54.82;0.514;14.19;-24.73;1
728376;31.15;13.29;54.56;0.633;25.01;-9.48;1
728833;32.27;13.83;57.56;2.685;-27.55;-10.12;1
728845;32.56;13.34;56.61;0.463;-0.99;-29.34;1
728887;33.20;13.68;55.15;2.674;-29.28;-1.66;1
729329;30.11;12.91;53.14;0.611;27.78;-2.69;1
729351;31.31;13.35;56.92;0.653;27.86;0.10;1
729419;31.59;13.29;57.27;2.659;-27.29;9.54;1
729830;31.18;13.89;54.33;2.698;-27.45;-5.10;1
729841;30.76;13.09;54.42;0.658;27.16;-0.88;1
729845;31.11;13.73;59.51;0.627;27.20;-7.08;1
729885;35.65;14.96;62.59;0.500;13.32;-29.22;1
730328;30.74;13.62;57.49;0.569;20.67;-18.61;1
730340;31.23;13.09;56.30;0.468;-15.17;-23.29;1
730361;35.73;14.96;62.97;0.433;-19.50;-25.78;1
730827;30.89;13.12;55.71;0.833;8.44;26.36;1
730839;34.81;15.79;65.22;1.493;-24.44;19.42;1
730863;31.84;13.32;54.04;2.086;-23.75;16.08;1
730868;31.36;13.26;60.42;0.938;-15.42;24.90;1
731349;33.97;14.99;61.07;0.418;-15.24;-27.12;1
731363;33.86;14.40;61.00;2.345;-28.34;-11.65;1
731368;33.21;14.55;61.40;0.454;8.26;-29.49;1
731393;32.03;13.57;58.46;0.470;-1.35;-28.76;1
731397;31.83;14.76;62.36;0.515;1.59;-28.19;1
731828;34.40;14.95;62.63;0.706;-25.46;-17.63;1
731854;32.41;14.81;62.01;2.421;-26.64;-10.43;1
731872;32.70;14.23;55.90;0.425;-2.13;-30.01;1
731894;32.99;14.77;64.44;0.527;20.33;-21.87;1
731897;30.79;14.28;58.69;0.849;23.54;12.94;1
732341;33.93;15.08;59.48;0.793;25.43;15.20;1
732361;30.64;13.17;53.67;0.580;19.47;-18.48;1
732392;32.56;14.67;59.46;0.674;19.51;-18.60;1
732823;33.25;15.64;63.39;0.605;8.34;-26.96;1
732858;32.38;14.79;63.13;0.792;24.77;-4.34;1
732903;32.65;14.89;60.01;0.661;19.84;-18.79;1
733321;30.48;13.78;55.44;2.616;-25.40;6.31;1
733334;34.89;15.54;65.30;2.567;-28.56;-1.91;1
733337;33.28;15.28;66.40;2.517;-24.04;13.22;1
733369;35.00;14.89;62.13;0.541;-10.40;-27.94;1
733822;32.56;14.79;61.06;0.686;25.67;-11.48;1
733859;32.51;15.40;69.03;1.010;10.02;24.90;1
733883;30.68;13.50;55.15;2.551;-23.89;12.22;1
734320;30.95;13.42;56.36;0.612;20.11;-17.10;1
734334;28.64;13.37;52.95;0.907;18.87;13.99;1
734357;30.50;13.30;60.44;0.526;0.60;-26.49;1
734820;23.08;6.79;32.06;1.116;-10.60;16.12;1
734834;33.62;15.55;63.60;0.993;10.64;24.15;1
734862;30.36;13.54;56.04;0.770;25.36;4.81;1
734867;31.88;13.64;59.08;0.522;-2.92;-27.56;1
735332;34.31;15.44;62.94;0.773;27.61;1.19;1
735351;34.86;15.22;61.27;0.616;1.59;-28.45;1
735376;33.03;15.81;67.48;1.116;3.93;24.56;1
735821;23.56;7.04;33.73;0.569;-14.06;-13.62;1
735837;33.19;15.71;59.91;0.888;23.86;8.85;1
735862;31.30;13.98;57.07;2.607;-25.07;-8.12;1
735872;32.91;14.39;60.54;1.079;-14.93;21.42;1
736320;30.22;13.45;54.45;0.731;23.62;-6.30;1
736335;30.13;13.70;54.71;0.981;4.49;22.88;1
736362;30.84;13.92;54.49;0.572;-7.19;-24.76;1
736823;31.59;13.76;57.01;0.632;-1.54;-25.33;1
736861;31.33;13.82;55.36;2.200;-20.03;16.04;1
736923;30.35;13.99;55.23;0.817;23.93;6.90;1
736927;29.76;13.19;53.74;0.875;12.32;21.42;1
737320;31.51;13.56;55.36;2.571;-25.83;3.48;1
737336;22.31;6.76;33.14;0.913;12.23;11.59;1
737359;30.28;13.59;53.71;0.975;1.61;24.11;1
737363;31.49;13.72;56.64;0.552;-5.44;-26.19;1
737831;29.71;13.62;52.95;0.912;19.34;14.70;1
737922;31.07;13.68;53.85;0.751;25.42;-0.02;1
737948;30.61;13.47;57.01;0.877;8.83;24.61;1
737976;30.58;13.56;57.28;2.535;-24.33;-3.33;1
738324;30.60;13.42;55.01;0.953;-8.22;24.71;1
738341;31.18;13.93;58.31;2.609;-25.58;7.44;1
738361;30.29;14.12;55.71;1.097;-4.62;25.23;1
738385;31.04;13.57;55.23;1.005;-10.60;24.08;1
738852;30.40;13.97;57.01;0.843;23.40;6.38;1
738869;34.69;16.29;68.88;2.619;-29.66;-1.04;1
738896;29.60;14.04;55.04;0.903;21.41;9.68;1
738900;31.41;13.57;55.71;0.563;-16.82;-20.28;1
739330;30.58;13.94;55.97;1.123;-8.87;24.46;1
739348;30.86;13.22;53.67;1.179;-18.31;18.54;1
739371;35.85;16.10;63.51;0.581;0.25;-29.91;1
739375;35.93;15.57;63.63;0.576;-14.70;-26.08;1
739826;30.89;14.13;55.15;1.125;-9.70;24.59;1
739841;23.93;6.62;33.02;0.613;9.93;-17.46;1
739878;35.63;15.78;64.20;2.536;-26.12;12.58;1
740326;30.92;13.43;55.23;0.612;22.59;-14.08;1
740341;31.11;13.50;54.82;0.624;6.18;-24.80;1
740364;31.95;14.17;55.54;0.557;1.35;-27.33;1
740368;31.85;13.22;54.38;0.515;-16.51;-22.04;1
740826;30.78;13.97;54.01;0.953;7.20;25.02;1
740841;36.03;15.60;70.18;0.566;-16.51;-25.28;1
740867;31.96;13.86;56.29;0.704;5.69;-26.87;1
741319;34.53;15.33;61.98;2.553;-27.60;-4.46;1
741333;30.59;13.97;57.07;0.754;16.45;-16.43;1
741356;29.30;14.34;55.33;1.083;6.65;21.23;1
741377;30.27;13.87;56.22;0.806;22.16;-5.19;1
741838;34.16;15.57;65.76;2.500;-23.64;-11.19;1
741850;30.16;13.68;55.01;1.217;-13.84;18.20;1
741873;22.52;6.83;33.73;1.636;-12.48;-12.25;1
741876;21.72;7.21;32.14;0.962;12.72;9.62;1
741879;33.41;15.81;62.10;2.096;-15.34;18.41;1
742329;33.84;15.76;61.85;0.705;-6.74;-24.40;1
742343;33.12;14.77;61.40;2.472;-24.36;7.23;1
742373;32.31;15.39;60.53;1.009;15.66;14.60;1
742829;20.54;7.15;32.06;1.050;9.14;11.46;1
742845;34.16;15.50;61.85;2.436;-19.50;-15.03;1
742874;32.79;15.61;63.25;1.044;-7.28;22.14;1
743326;33.09;15.12;60.21;0.675;-8.26;-24.11;1
743363;33.84;15.87;69.86;2.491;-25.51;-4.51;1
743386;32.50;15.40;61.03;0.999;12.78;20.85;1
743410;33.38;15.35;62.10;2.495;-24.93;7.32;1
743860;31.05;14.90;58.22;0.799;12.73;-18.00;1
743870;32.15;15.01;60.54;0.727;1.55;-23.76;1
743873;30.50;14.97;59.93;1.246;-10.70;19.62;1
743894;31.89;15.17;60.01;0.855;-3.76;-19.97;1
743898;22.59;7.49;35.06;2.042;-8.88;-11.97;1
744329;22.86;8.38;37.05;1.314;-7.10;-14.74;1
744346;30.39;15.11;60.53;2.285;-12.20;-16.94;1
744350;29.42;14.74;59.36;1.181;-12.54;17.97;1
744399;21.40;7.38;33.38;0.902;12.50;-6.02;1
744830;20.96;8.94;35.47;1.255;2.40;11.05;1
744862;21.40;8.36;36.25;1.077;-0.48;14.29;1
744891;21.91;8.67;37.00;1.570;-1.34;-12.90;1
744895;32.41;17.79;69.81;1.096;17.02;4.44;1
745323;32.08;14.33;58.01;2.532;-22.61;-12.52;1
745345;23.73;7.08;33.96;0.903;11.70;14.29;1
745368;32.79;14.61;60.17;0.643;-16.18;-20.21;1
745372;31.87;14.31;59.41;2.524;-24.07;-6.50;1
745376;32.17;14.73;59.46;2.488;-24.65;-1.58;1
745820;29.57;15.48;61.29;0.755;-5.08;-21.19;1
745843;21.96;8.14;34.48;2.401;-12.22;10.76;1
745869;30.86;15.07;59.67;2.432;-19.19;14.65;1
746346;31.85;15.21;60.46;0.760;21.54;-12.85;1
746369;32.09;14.90;60.64;2.539;-25.96;3.71;1
746396;31.66;15.22;60.88;0.749;6.20;-22.80;1
746402;34.29;16.45;65.79;0.662;0.36;-27.43;1
746833;31.44;14.60;60.03;2.506;-20.47;-11.39;1
746847;31.44;14.75;57.71;1.051;-3.51;23.83;1
746880;34.90;17.35;70.18;0.915;24.30;-4.12;1
746886;32.20;14.64;59.68;0.600;-15.94;-21.10;1
747341;30.97;14.67;62.64;0.920;18.49;14.27;1
747370;29.42;13.29;67.01;1.047;4.21;20.64;1
747374;30.76;14.68;61.00;1.158;-12.20;21.00;1
747396;32.12;15.43;64.40;0.844;1.39;-24.29;1
747836;32.36;15.18;63.32;2.478;-24.36;5.38;1
747850;28.19;13.43;53.76;0.784;20.92;-7.61;1
747873;32.27;15.13;61.55;1.074;-5.83;22.93;1
748330;30.45;14.17;59.03;0.763;8.03;-21.14;1
748359;30.48;15.05;60.37;0.823;10.95;-18.24;1
748381;31.96;15.17;62.01;2.454;-22.17;-7.97;1
748385;32.11;15.17;62.43;2.433;-23.34;-1.30;1
748827;32.27;14.98;60.75;1.031;-2.07;24.27;1
748842;31.62;14.28;57.31;0.751;21.25;-12.02;1
748866;32.09;14.98;59.03;0.793;20.94;-11.93;1
748880;31.61;14.63;57.98;0.771;9.33;-20.85;1
748884;31.55;15.08;61.00;0.998;12.46;20.10;1
749316;32.12;15.29;61.13;2.265;-15.81;15.46;1
749340;20.92;7.19;32.98;1.869;-11.04;10.89;1
749364;31.98;14.69;59.14;0.953;10.51;22.03;1
749368;32.77;15.19;60.03;0.640;-12.93;-22.32;1
749819;21.80;7.65;42.44;0.958;4.75;-11.36;1
749833;20.35;7.26;32.56;0.868;13.92;-3.63;1
749837;29.74;15.09;62.39;0.920;20.02;-2.48;1
749873;31.28;15.56;62.94;2.427;-21.53;-7.53;1
750325;31.61;14.68;64.66;2.499;-21.95;12.24;1
750339;30.82;14.63;60.53;2.362;-18.55;10.11;1
750391;31.37;15.06;57.87;0.615;-12.63;-21.87;1
750410;30.36;14.02;57.31;1.020;6.21;20.81;1
750828;30.39;13.48;56.32;0.824;23.56;0.13;1
750840;33.15;15.24;59.03;0.941;10.91;23.64;1
750844;32.25;14.61;58.94;2.333;-20.16;16.88;1
750881;33.39;15.68;61.29;2.506;-22.70;-13.31;1
751318;32.59;15.30;60.75;0.746;9.05;-22.46;1
751337;31.57;14.87;58.00;0.740;9.24;-21.84;1
751363;31.94;15.29;59.91;0.769;23.39;-8.42;1
751818;30.20;16.37;64.50;1.980;-10.03;4.92;1
751837;22.13;9.77;38.83;1.274;3.78;-6.94;1
751862;29.95;16.97;68.15;1.085;0.77;-14.82;1
751866;22.34;9.64;38.28;1.137;3.52;-9.72;1
751869;20.05;8.13;34.23;1.292;-5.40;-7.14;1
752331;33.13;18.27;67.01;1.548;-2.18;-1.24;1
752348;21.40;9.38;34.06;1.849;1.14;1.04;1
752378;21.27;9.52;40.31;1.898;-3.32;-0.14;1
752828;19.97;7.86;33.14;1.214;7.90;5.80;1
752847;21.81;7.81;34.37;2.264;-10.84;7.86;1
752870;20.83;8.35;34.13;1.251;7.23;6.84;1
752878;21.90;8.03;35.85;2.251;-10.85;-5.06;1
753331;21.20;8.28;34.93;1.063;9.72;-5.72;1
753345;33.36;17.15;67.12;2.297;-20.90;0.53;1
753349;29.89;15.24;59.91;0.892;-10.09;-15.28;1
753377;20.63;7.57;35.01;1.133;7.95;8.79;1
753829;33.15;15.48;61.20;0.712;11.87;-22.92;1
753846;23.05;6.73;33.06;2.410;-14.34;-10.89;1
753872;33.00;15.93;60.42;0.741;19.03;-17.75;1
753877;33.29;15.20;64.64;0.963;-7.11;27.93;1
754254;33.61;15.55;60.88;2.471;-24.74;-5.16;1
754331;22.36;6.88;34.01;0.698;7.47;-15.71;1
754357;31.12;14.01;55.97;0.582;-8.12;-24.50;1
754382;34.60;15.51;60.44;0.746;28.01;-5.31;1
754386;34.80;15.27;60.41;0.721;27.50;-7.74;1
754822;35.49;15.57;63.07;1.063;-17.58;23.16;1
754835;30.66;13.29;54.04;0.511;-13.17;-23.06;1
754845;30.25;13.77;55.90;0.650;8.41;-23.14;1
754872;29.15;13.56;55.97;0.955;11.51;20.30;1
754876;29.56;13.15;51.48;0.785;23.51;1.32;1
755323;35.56;15.54;65.19;0.611;14.91;-25.35;1
755335;30.46;13.64;55.36;0.666;19.79;-16.12;1
755357;34.17;14.82;64.26;1.853;-20.75;18.98;1
755360;30.90;13.74;55.23;2.568;-24.29;7.93;1
755364;30.50;13.48;56.00;0.807;22.06;11.56;1
755823;21.28;7.48;33.96;0.925;11.61;-7.30;1
755839;32.53;15.96;65.19;0.963;21.45;1.19;1
755861;32.84;16.30;65.95;0.938;20.29;-7.62;1
755870;21.64;8.11;34.37;1.049;9.11;-6.94;1
756323;29.98;15.00;60.42;1.026;16.75;13.91;1
756336;31.08;15.03;60.80;0.857;18.83;-11.11;1
756361;35.91;17.03;72.56;0.758;-4.66;-25.55;1
756819;32.00;17.25;66.53;2.182;-16.42;0.06;1
756836;35.74;18.87;73.60;1.329;2.36;16.18;1
756873;30.90;16.91;66.37;2.041;-10.78;-2.27;1
757329;21.49;9.30;34.00;1.842;-0.41;-4.70;1
757341;32.52;18.05;67.21;1.683;0.84;1.64;1
757345;20.61;9.52;34.37;1.702;-1.21;-2.58;1
757370;20.34;9.39;33.38;1.912;-4.17;-3.74;1
757393;21.37;9.34;35.01;1.794;-3.25;2.70;1
757840;30.88;17.53;68.45;1.766;1.53;-4.18;1
757859;21.12;9.11;33.24;1.613;1.04;2.41;1
757894;31.24;16.99;64.94;1.742;-1.39;-4.97;1
757916;22.74;10.70;41.23;1.672;-1.95;-2.30;1
758327;33.27;18.33;67.94;1.405;4.24;-4.80;1
758346;21.60;9.70;35.06;1.872;-5.99;-1.58;1
758376;32.35;18.46;68.88;1.600;-3.49;-2.82;1
758380;21.29;9.03;33.96;1.642;-0.34;1.96;1
758843;27.88;15.81;65.31;1.970;3.11;9.64;1
758862;20.40;9.79;35.36;1.284;10.32;2.38;1
758889;20.50;10.81;37.64;1.215;0.21;-10.63;1
758893;20.56;10.64;37.05;1.259;2.91;-9.87;1
758897;30.33;18.79;69.12;2.114;-15.87;3.13;1
759328;30.24;18.25;68.01;2.328;-21.58;8.63;1
759344;30.71;18.06;67.68;2.343;-17.43;17.97;1
759380;27.42;16.85;60.22;0.763;13.25;-18.50;1
759827;21.39;10.57;38.63;0.858;-12.27;-9.17;1
759842;21.15;10.06;38.28;0.973;15.40;-0.44;1
759864;19.20;8.85;33.53;2.245;-8.81;10.05;1
760328;22.65;11.67;40.79;0.872;7.06;-15.72;1
760341;30.74;18.64;70.71;0.743;-6.57;-23.50;1
760361;27.47;16.09;59.30;0.698;-2.85;-22.28;1
760365;21.00;9.00;35.74;2.475;-16.77;1.51;1
760837;32.51;16.65;65.80;0.879;12.25;25.43;1
760877;28.52;14.84;59.48;2.517;-23.32;5.79;1
760957;28.63;15.07;63.25;0.620;12.69;-21.42;1
761322;29.01;15.44;63.89;0.624;17.28;-18.61;1
761333;29.37;15.39;61.81;0.732;25.64;0.60;1
761367;21.81;8.83;36.50;2.571;-18.23;-1.20;1
761831;19.40;7.40;32.06;0.699;17.12;2.94;1
761845;21.46;9.37;37.58;0.649;11.33;-14.93;1
761883;21.40;8.25;34.54;1.449;-10.27;15.11;1
762320;21.51;8.86;38.33;2.614;-18.54;0.33;1
762345;27.91;15.76;61.20;1.056;-1.19;23.83;1
762371;19.30;7.55;32.14;0.949;-0.20;16.88;1
762375;29.92;15.73;63.25;0.517;-13.78;-22.68;1
762825;22.16;8.88;36.77;0.551;-16.00;-10.69;1
762835;29.40;15.45;60.61;2.380;-20.90;16.23;1
762859;21.54;8.69;38.33;2.660;-19.05;0.01;1
763323;33.79;16.13;67.47;0.535;-7.67;-28.40;1
763337;29.51;13.72;56.61;0.819;2.86;26.31;1
763341;21.57;7.30;32.25;1.155;-8.75;16.66;1
763369;32.41;15.81;65.86;0.986;8.68;27.28;1
763823;20.20;6.75;32.14;1.038;-4.19;15.80;1
763837;36.53;17.04;70.46;0.509;-12.13;-29.72;1
763864;30.98;15.34;63.13;0.671;10.09;-23.33;1
764323;31.73;15.32;61.40;1.413;-22.39;-13.73;1
764346;29.97;14.57;57.80;0.689;20.87;-14.71;1
764372;33.02;14.55;61.72;2.626;-28.45;4.48;1
764823;32.07;14.79;61.40;0.627;0.86;-26.30;1
764837;32.18;15.42;62.37;0.541;-14.98;-23.03;1
764861;31.84;15.32;61.07;2.523;-24.61;8.28;1
765321;31.31;14.27;60.00;2.500;-24.31;5.33;1
765335;33.20;15.47;63.57;2.611;-28.47;2.18;1
765361;32.41;15.27;61.35;0.574;-21.03;-17.07;1
765370;31.85;14.58;60.03;0.861;17.54;19.68;1
765823;33.43;14.79;58.87;2.633;-28.69;-1.20;1
765840;33.19;14.68;59.55;2.509;-25.53;-4.52;1
765860;33.43;14.85;60.42;2.473;-21.71;-15.06;1
765869;29.07;12.40;51.00;2.561;-22.73;9.41;1
766319;31.84;15.08;59.64;0.688;3.15;-24.54;1
766358;31.41;14.51;60.08;1.433;-15.92;19.08;1
766385;32.88;14.36;61.13;2.592;-27.56;3.38;1
766818;32.55;14.64;61.52;2.567;-24.83;-8.86;1
766835;33.44;14.69;61.62;2.587;-25.10;-12.04;1
766855;32.41;14.33;59.91;0.780;23.42;-8.24;1
766859;33.18;14.63;61.03;2.498;-24.40;8.88;1
766862;31.73;14.11;56.32;0.701;19.61;-16.14;1
767318;33.01;14.95;60.83;0.686;7.66;-24.70;1
767330;33.22;14.85;68.45;0.953;-1.45;27.80;1
767334;31.93;14.59;59.41;0.630;9.40;-24.64;1
767363;27.78;12.82;52.01;0.968;11.91;19.62;1
767830;32.89;14.34;61.52;2.491;-24.51;13.35;1
767847;32.29;14.84;62.23;0.588;12.28;-25.02;1
767874;32.07;14.76;59.41;0.577;12.41;-24.96;1
768327;32.63;14.05;60.01;0.665;26.35;-8.86;1
768342;32.14;14.57;60.42;1.214;-21.68;18.12;1
768367;33.23;14.11;59.46;0.470;-16.87;-24.21;1
768828;33.40;13.69;56.52;0.434;-15.44;-25.95;1
768846;32.62;13.35;56.86;0.530;20.86;-20.73;1
768871;32.77;13.88;59.06;0.635;26.97;-9.15;1
768875;32.88;14.27;60.17;0.504;-5.07;-28.36;1
769366;35.36;14.40;61.00;0.380;-5.95;-32.40;1
769379;34.53;14.31;59.03;0.940;-14.97;27.94;1
769410;29.13;12.76;52.40;0.762;23.61;12.63;1
769820;34.95;14.49;63.60;0.692;24.88;20.87;1
769832;30.01;12.97;53.16;0.867;7.57;26.62;1
769863;31.16;12.57;53.76;0.333;-22.54;-18.87;1
769867;30.72;13.02;53.34;0.521;22.10;-18.29;1
770328;35.94;14.56;60.64;1.887;-29.24;16.03;1
770343;32.66;13.19;53.46;0.395;-1.96;-30.29;1
770365;32.12;12.63;53.60;0.393;-0.74;-29.92;1
770369;28.81;11.45;48.00;2.728;-26.18;5.91;1
770373;30.67;12.77;52.39;0.444;7.35;-27.24;1
770818;30.98;13.75;54.56;2.491;-26.12;11.55;1
770843;31.74;13.53;55.08;2.761;-29.41;1.65;1
770867;35.73;15.62;63.25;2.636;-31.03;-11.20;1
770872;30.78;12.90;53.01;1.882;-22.84;-16.00;1
771318;31.03;13.09;54.56;0.980;-16.29;22.72;1
771330;33.04;15.17;60.81;0.621;17.80;-22.27;1
771357;30.24;13.00;53.01;0.844;6.95;25.99;1
771818;33.70;14.62;60.96;0.744;26.69;11.40;1
771830;32.05;15.11;59.09;0.928;19.12;17.90;1
771865;33.76;14.57;61.74;0.584;1.00;-28.28;1
772321;28.75;12.59;54.71;0.820;13.83;20.55;1
772339;33.11;14.77;60.83;1.135;-22.19;18.67;1
772359;33.07;14.83;60.21;0.756;28.24;-2.35;1
772364;32.56;14.39;60.01;0.886;9.34;25.55;1
772828;33.16;14.53;61.19;0.632;25.20;-13.27;1
772853;33.39;14.62;60.61;0.772;22.99;17.31;1
772857;29.70;13.43;55.04;0.499;-6.80;-25.10;1
772888;32.45;14.40;61.22;0.765;25.80;8.02;1
772892;31.78;14.21;60.02;2.545;-24.43;11.80;1
772899;32.32;14.60;59.03;1.069;-6.20;27.77;1
773333;20.27;5.77;36.77;2.663;-17.51;-1.40;1
773347;31.96;14.47;59.14;2.676;-28.11;-0.69;1
773369;31.75;13.99;59.54;0.739;26.20;1.33;1
773373;34.03;14.53;62.37;0.490;-8.78;-28.67;1
773817;30.32;12.61;53.76;0.458;-11.34;-24.64;1
773840;33.26;13.95;61.29;0.520;12.30;-26.88;1
773870;32.11;14.57;59.68;0.778;26.99;7.64;1
773874;32.58;14.56;60.54;0.976;-0.71;28.31;1
774330;33.59;15.31;62.43;1.090;-9.54;28.05;1
774376;33.00;14.01;58.82;0.673;28.84;1.09;1
774380;33.23;13.74;58.42;0.468;-8.65;-28.34;1
774404;32.25;14.03;57.87;0.880;3.28;28.08;1
774407;33.82;14.54;60.75;2.634;-28.19;-7.26;1
774835;33.17;15.03;59.91;0.781;27.46;10.48;1
774848;34.30;14.72;61.74;0.699;4.77;-29.27;1
774888;32.75;14.77;59.08;0.687;27.11;-8.74;1
774893;29.26;12.69;52.24;0.863;6.19;24.78;1
775329;29.98;13.14;54.12;0.998;-6.28;25.86;1
775348;30.80;12.83;54.12;0.476;0.83;-27.55;1
775352;30.95;13.00;55.71;0.493;5.45;-27.13;1
775376;30.74;13.12;54.08;0.476;-6.17;-26.61;1
775379;30.71;12.76;56.61;0.510;12.70;-24.38;1
775383;33.15;14.26;60.64;0.897;-3.03;29.49;1
775830;36.03;15.10;74.33;0.435;20.94;-26.89;1
775845;34.44;14.45;63.89;2.404;-28.82;-13.14;1
775867;31.88;13.13;57.20;0.405;-20.17;-21.04;1
775871;33.86;14.22;59.67;0.769;13.82;27.94;1
775876;30.75;12.59;53.82;0.921;-12.49;25.61;1
776330;30.51;13.12;52.35;0.892;3.47;28.11;1
776346;32.73;13.75;56.75;0.842;15.70;24.58;1
776372;35.20;14.96;60.54;0.656;26.29;-18.07;1
776376;31.78;13.06;56.32;2.742;-28.91;-2.64;1
776830;32.33;13.51;55.04;0.380;-18.68;-23.38;1
776842;34.84;14.75;60.30;0.821;11.40;28.91;1
776864;31.84;13.24;56.80;0.415;-7.99;-28.12;1
776868;32.09;13.53;56.86;2.744;-29.39;2.38;1
777326;34.54;15.03;62.97;0.413;-20.57;-23.89;1
777376;21.80;6.29;34.13;0.598;10.47;-15.47;1
777403;33.72;14.53;58.52;0.854;-24.34;-19.41;1
777407;34.86;14.09;59.21;0.424;-4.63;-31.59;1
777826;30.25;12.95;52.35;0.735;21.84;17.57;1
777841;29.47;12.31;51.48;0.780;12.84;23.40;1
777871;31.02;12.72;52.55;1.276;-23.50;15.42;1
777875;30.85;12.60;52.84;0.511;20.98;-18.91;1
777879;34.50;14.60;60.02;2.491;-28.92;12.07;1
778328;30.78;12.51;53.01;0.563;27.26;-7.44;1
778345;30.44;12.80;50.92;0.675;27.31;3.28;1
778384;30.14;13.21;55.04;0.696;27.27;1.98;1
778388;31.72;12.85;53.41;2.709;-28.39;7.59;1
778827;32.06;13.01;53.15;2.737;-28.82;-4.82;1
778844;30.43;12.98;52.80;0.568;22.78;-16.00;1
778848;30.60;12.85;54.20;0.751;20.86;17.37;1
778876;29.92;12.78;52.50;1.040;-12.71;23.50;1
778881;34.88;14.25;61.07;2.634;-29.54;-11.76;1
779320;31.91;12.85;54.63;1.008;-23.45;17.88;1
779341;31.65;13.29;54.34;2.761;-29.17;-1.26;1
779363;32.07;13.35;54.08;2.750;-29.25;-3.56;1
779369;30.08;12.25;53.08;0.604;26.77;-4.55;1
779821;32.25;13.11;56.86;0.365;-18.01;-24.07;1
779832;34.22;14.47;58.60;0.824;10.99;28.43;1
779854;30.17;12.67;51.97;0.679;26.12;6.19;1
780322;31.39;12.85;55.58;2.434;-24.83;12.60;1
780335;30.45;12.89;53.15;0.609;27.41;-5.25;1
780365;34.05;14.65;58.86;0.859;12.26;28.26;1
780378;31.08;13.08;53.26;1.070;-19.98;20.75;1
780820;30.96;12.91;53.24;0.646;27.47;6.54;1
780835;34.78;14.49;61.74;0.731;19.60;25.59;1
780856;30.43;12.96;52.33;0.703;26.48;7.46;1
780860;31.68;13.11;54.20;0.600;11.27;-27.12;1
781321;34.98;14.70;60.44;0.873;-1.45;31.70;1
781334;31.22;13.26;52.55;0.647;1.92;-28.20;1
781354;31.60;13.29;54.59;0.402;-2.69;-29.18;1
781358;32.07;12.99;53.26;0.392;-22.24;-19.45;1
781840;31.74;13.05;58.82;0.697;-23.12;-16.92;1
781890;31.88;13.38;54.41;2.685;-27.09;-7.98;1
781974;30.77;13.00;52.92;0.798;14.47;23.26;1
782333;30.34;13.30;52.39;0.686;26.43;-2.83;1
782344;30.06;13.28;53.91;0.586;13.48;-22.26;1
782377;33.69;14.34;60.83;0.804;14.15;26.48;1
782829;34.66;14.88;59.55;0.728;27.55;12.58;1
782852;29.78;12.51;53.16;0.657;26.29;0.06;1
782880;28.98;12.53;52.70;1.024;-16.17;19.30;1
782884;32.27;14.82;65.31;0.543;-1.96;-27.67;1
783315;30.50;12.90;53.54;1.013;-15.39;21.36;1
783335;35.03;14.83;61.55;2.618;-28.62;-7.98;1
783362;30.46;13.37;53.00;1.946;-21.12;-14.99;1
783380;29.87;12.92;54.15;2.554;-22.93;-12.34;1
783845;34.68;15.10;60.96;0.566;11.32;-27.86;1
783869;30.46;13.29;53.85;0.980;-5.58;26.88;1
783899;34.81;14.99;60.88;2.628;-27.83;-11.18;1
783906;30.10;13.28;55.15;0.770;25.13;7.30;1
784327;31.38;13.14;55.47;0.454;-22.17;-17.09;1
784337;30.58;12.95;52.84;2.661;-26.43;-4.24;1
784589;30.29;12.94;51.87;0.705;25.40;8.03;1
784610;30.98;13.05;54.08;2.648;-26.34;6.25;1
784629;31.24;13.32;54.04;2.610;-25.60;-11.47;1
784643;35.23;14.81;63.57;0.461;2.67;-31.83;1
784825;30.66;12.92;54.42;0.623;26.92;-0.14;1
784835;29.66;12.81;51.26;0.937;-3.47;25.39;1
784870;30.37;13.09;53.04;2.664;-26.25;5.39;1
785325;30.46;13.20;51.74;0.414;-17.51;-21.56;1
785339;30.38;12.74;52.40;0.586;24.49;-11.68;1
785344;22.44;6.12;32.00;1.019;-6.01;18.89;1
785358;34.42;14.88;61.40;2.432;-29.91;-10.84;1
785382;34.13;14.38;58.03;0.890;-5.22;30.72;1
785387;30.96;12.74;53.01;0.464;4.41;-27.68;1
785832;34.05;14.62;58.82;0.925;-9.09;28.36;1
785852;33.98;15.17;59.82;2.174;-24.70;-15.94;1
785857;34.36;14.72;59.24;0.779;20.83;21.80;1
786326;31.23;12.80;53.71;0.413;-16.12;-23.49;1
786340;31.47;12.97;53.76;0.391;-8.82;-27.79;1
786370;29.26;12.94;52.47;0.885;12.02;22.40;1
786827;34.02;14.60;58.90;0.511;14.15;-27.22;1
786852;30.31;13.23;51.97;2.696;-27.10;2.75;1
786856;29.59;12.95;53.91;0.823;17.23;19.88;1
786883;30.58;12.87;51.62;0.634;26.93;-3.37;1
786887;29.78;13.27;53.15;0.823;21.44;15.93;1
787328;20.14;9.56;36.25;1.120;-6.21;-7.95;1
787342;19.58;8.89;35.44;1.328;8.53;1.49;1
787374;22.26;10.09;42.06;2.101;-9.94;-0.76;1
787826;26.27;16.33;62.01;1.341;5.73;15.20;1
787846;22.98;10.60;40.85;2.185;-10.02;11.26;1
787873;32.68;18.23;70.01;0.746;-11.83;-22.19;1
788323;31.62;14.75;67.36;2.509;-24.70;-3.24;1
788333;31.94;14.25;60.84;2.597;-26.00;10.61;1
788376;32.80;15.30;63.13;0.657;26.90;-10.32;1
788828;20.85;8.88;38.01;0.710;-0.35;-16.45;1
788842;19.99;8.80;35.85;0.983;10.02;-8.15;1
788879;21.14;8.37;36.00;2.263;-6.70;12.46;1
788885;20.31;8.98;35.34;1.002;14.00;-0.78;1
789326;22.50;8.03;35.74;0.622;-13.41;-12.41;1
789341;22.59;8.61;37.05;2.476;-14.64;-8.04;1
789377;22.15;8.24;36.67;0.795;12.54;-11.12;1
789381;29.68;15.00;62.61;2.450;-22.50;1.01;1
789827;31.44;15.40;60.67;0.780;26.69;-0.72;1
789862;31.72;14.50;62.01;2.581;-26.12;-3.47;1
789894;32.83;14.98;63.13;0.577;-7.33;-26.64;1
790331;33.10;14.57;59.48;2.678;-29.37;-1.11;1
790347;34.04;14.50;61.19;1.710;-26.54;-14.53;1
790369;32.78;14.26;65.51;0.862;-1.60;28.50;1
790375;33.05;14.56;60.03;2.652;-28.30;8.70;1
790832;33.45;14.62;58.22;0.994;-11.66;26.21;1
790846;31.07;13.00;53.71;0.476;-3.67;-27.50;1
790849;35.09;14.81;62.00;2.689;-29.31;-10.00;1
790870;35.14;14.77;63.89;0.388;-11.37;-30.50;1
790875;33.79;14.56;65.30;0.630;28.40;-9.20;1
791329;20.98;6.72;32.76;0.951;-11.58;16.05;1
791344;21.94;7.80;38.33;2.806;-20.69;-0.97;1
791370;31.85;16.49;68.12;0.362;-22.36;-19.96;1
791832;30.87;14.77;64.62;0.669;27.15;-4.48;1
791849;20.99;6.64;34.79;0.555;0.09;-18.07;1
791854;19.52;6.40;33.14;0.719;15.91;6.96;1
791880;32.15;14.92;67.45;0.426;-9.10;-28.01;1
791884;32.72;14.68;69.12;0.426;-21.78;-20.37;1
792316;20.52;7.62;36.25;0.535;18.46;-6.59;1
792362;32.53;15.26;63.82;0.295;-27.24;-15.27;1
792418;21.14;6.78;33.54;0.357;3.69;-19.94;1
792821;30.20;14.20;60.75;0.859;14.22;24.85;1
792834;26.90;12.41;52.63;0.842;6.65;24.75;1
792859;31.87;14.10;63.78;1.001;-24.97;17.36;1
793321;31.98;14.57;62.17;0.349;6.02;-30.06;1
793349;22.60;7.91;37.11;1.091;-9.02;19.04;1
793372;31.11;14.08;61.39;2.784;-29.19;6.18;1
793377;30.29;14.11;61.77;0.709;17.83;22.58;1
793392;30.48;14.61;63.29;0.461;18.15;-22.47;1
793397;31.81;14.52;65.00;0.302;-16.61;-25.52;1
793414;18.29;8.51;37.34;0.569;16.30;-4.33;1
793440;29.83;14.24;60.46;0.655;22.82;16.97;1
793444;30.97;14.28;66.00;0.327;-8.23;-28.36;1
793458;30.63;14.69;61.59;0.479;23.32;-17.71;1
793481;20.37;6.96;34.37;2.821;-19.17;-2.28;1
793698;33.69;15.69;68.80;2.585;-28.26;13.55;1
793703;29.96;14.63;62.13;0.399;-18.06;-20.96;1
794065;22.20;9.52;39.56;1.093;-8.77;17.70;1
794088;31.29;16.70;69.35;0.419;-18.39;-22.36;1
794113;30.79;16.12;64.90;1.143;-16.80;23.05;1
794117;20.26;7.97;33.24;0.644;18.38;-3.08;1
