time_ms;amp_mean;amp_std;amp_max;phase_std;i_mean;q_mean;label
5678;29.3491081401708;13.8269013293453;29.576081644756105;2.6281270860915615;-27.94314757520318;8.975001516092151;1
5697;27.25171547640131;13.573171217740375;83.38764625092577;0.4297682043493101;19.515557819309453;19.021014678715755;1
5701;28.30454650556498;13.949441230905348;28.588038509051277;0.3958086007123755;26.08309280896653;-10.99179796050351;1
5728;25.3922223430047;11.937153222335901;25.3922223430047;0.3551513564130833;15.022702261548362;-20.471525890305706;1
5731;28.165298404031265;13.433746386878658;28.883246741866202;0.43004118580844886;27.09555143854534;-7.688636187859964;1
5734;20.247109702437022;6.2686278494938525;33.20798677806436;0.38230624080566955;20.220177341115825;-1.0439729864060632;1
5738;27.854225283255232;13.509734398292954;28.200547297966896;0.42748095134753367;-15.094939374622076;23.409414161973793;1
10623;28.489729197160592;10.050254378448798;83.20898402687722;0.19451212128713016;26.345866916174895;-10.84250737434593;1
10638;33.90616310943953;11.317879580225375;34.22963814041536;0.17880839813394536;6.276395859561426;-33.32018535089501;1
10641;29.39301151909042;9.623690052377935;47.4787703232633;28.14050962054568;-29.158817549851257;-3.7030373014416975;1
10682;28.233097250752678;9.755472552643319;46.005240811232696;0.22351212861133615;25.2724284988536;-12.586188388101885;1
10686;31.75365411691885;11.498459961022592;95.15279311188043;0.2277009301668777;17.29575776552919;26.62989510105239;1
14429;35.4184783419268;29.11606630257552;35.82941043498434;0.22490041241302824;32.26260296157224;-14.614823235382897;1
14433;28.57969169341164;9.52787713926097;86.24514534886528;0.18765489482896577;-11.237470303679187;26.277709916664936;1
14436;32.122335505247854;1.0907185635203787;32.122335505247854;0.2827981524682726;31.107514087436325;8.01043105030293;1
14454;28.98107888231811;9.681277281875397;28.98107888231811;0.20033568555759068;0.7840271320076736;28.97047177108824;1
14458;32.46774413558286;10.722153903037064;32.46774413558286;0.24610853746013697;-25.529946164420547;20.059318485319082;1
14479;32.23149522126669;10.827511667571386;32.23149522126669;0.18730358198293254;31.969728837295474;-4.099478292214253;1
14483;27.745275112547986;9.526424432406117;42.213623531016786;0.21256759110429482;-8.204411195185367;26.504488827579596;1
14491;31.6001240676958;25.038174303362073;31.6001240676958;0.1597536739921017;19.44178628275222;-24.91153923846447;1
14805;30.769328967326256;10.364515587547196;31.213311589187526;0.17811488838997094;30.76334852811;0.6066238023478873;1
14835;32.943110059839064;11.3088589116334;33.26583321874435;0.21281307915256947;-5.515260751525139;32.47815264539158;1
14839;28.981380770268714;0.9804731906717166;29.148731593105964;0.18414682092633744;-2.034652811890892;28.909870620367116;1
14866;31.950853244742532;10.391569062577817;31.950853244742532;0.21090315725841427;-25.02490064687785;-19.86482747674812;1
14870;29.23392028975701;10.643296433460526;52.3986035724087;0.44749568313521776;20.893302059082302;20.447298710974362;1
14874;30.977803604398044;9.879409282314093;31.581153579524518;0.17658297229476197;17.39934773190692;25.629807152158637;1
15258;32.07680601931483;10.624528260467677;32.31964949944408;260.78238624295096;-31.286248460128967;-7.077580214439813;1
15279;30.687139852181133;10.271087326154017;93.00837145826176;0.23059145350113497;15.807045569632857;26.30281092710195;1
15283;30.570650790678048;9.025741424349418;44.685677372529064;0.16622314117282025;-27.789335901808517;12.740388530262356;1
15310;31.500683209266253;9.978082638102189;31.500683209266253;26.61629286409076;-31.353582287220227;3.0407105105647316;1
15314;30.572015586804667;10.475521859105704;47.150059922457324;0.3047262028526009;12.769701240164366;27.777380497029814;1
15757;32.15114725840682;9.724043379601522;46.15792752562835;0.18250548025149185;-21.956590201017782;-23.486260170072427;1
15770;32.38892907537998;10.615276336808968;32.38892907537997;2.7323783667639803;-32.12642085056581;-4.115314080641325;1
15775;31.417302640495123;10.49459374365107;31.438978443466887;0.33477309439686087;15.135491243421482;-27.531142548480865;1
15794;28.498272429605613;9.457750759790667;28.948053798469015;0.223580796934102;-26.500058187594792;10.483246039567598;1
15805;31.557166270988866;1.0258449323471839;48.77828985488058;0.19424254861874102;-30.275010174060892;8.9038475961433;1
15809;32.137347331560555;9.972432746590266;32.137347331560555;0.1708770560538514;-18.813686131014833;-26.05483271243595;1
16271;27.74010906277034;22.746605861673704;42.36472461630598;0.212711893303527;8.91931827538028;-26.267078488420832;1
16285;31.99814749506273;10.195939116661439;47.96431432060891;0.23306733320618742;-9.808406508323936;-30.457783978537538;1
16288;31.887673806181695;10.59711589545349;32.68308267544312;2.599450822532712;-31.262127625075898;6.285150525079939;1
16320;30.216915285722777;10.621212331818825;47.575249866357034;0.2331437612331619;29.012000827867634;-8.447826782572818;1
16323;30.46448789294382;10.149764923418614;31.099141424786815;0.24312455614312944;28.185107859136636;-11.562210755221281;1
16326;29.391743896527693;10.109401478806445;47.95834222654838;0.274610009839758;28.11341101403039;8.573839888595286;1
16761;28.7627606930374;9.738499175685961;48.56688960971645;28.59489412553186;-28.748567214187855;-0.9034853713594164;1
16783;28.270268114788855;9.417448862784562;28.27026811478886;0.29232075906921245;-23.736276550848654;15.355690631934461;1
16787;28.836176275637346;9.298335566341224;44.85403946349279;0.160009234466262;-20.709547910522897;20.065883672078506;1
16810;33.13609479925826;10.888208484726581;33.43480684927391;0.2000305951471882;28.25843304249668;-17.304962887222906;1
16813;29.004332862239867;9.52358232080069;29.004332862239867;0.18383232148910783;27.28830783290038;-9.828508554225067;1
16941;27.633200510601082;0.9799398420206877;48.93548862252212;0.3557805140600299;27.26378587171366;-4.503304386828689;1
16951;28.863803080409227;9.560304193842171;29.091461554668395;0.18615159608087473;28.38754149258532;-5.221744562058533;1
16955;31.809401304985762;10.94424293843195;31.876653487665564;0.29497323069116366;-15.348807075182828;27.861301705958525;1
16988;32.400273977583865;11.244124370350567;54.495343701569304;0.19634436076754522;29.185448260208844;14.070798259984073;1
17020;31.469465496356268;11.25165247405271;31.469465496356268;0.24295290461343402;-5.641672598862671;30.959631601709987;1
17024;32.484004248586324;1.0409788760126157;33.295519072757855;0.15905368018141747;-29.04054478842134;14.555318286243983;1
17028;31.424245768235444;1.0668362576507036;31.42424576823544;0.22384705579900338;-10.305705913785664;29.6862872000024;1
17058;31.184675596376792;10.425624379522072;31.184675596376792;0.1830179880683842;28.746316583369392;12.088559671853389;1
17062;32.1803380000977;10.68601663525469;32.1803380000977;0.18292790192386327;14.08795686893121;-28.93274313057208;1
17093;28.41879746919908;9.239705732579896;28.41879746919908;0.1830444130405298;26.823951408436105;-9.38635607854373;1
17097;31.889757877390092;10.927194585713723;31.889757877390092;0.21487490058589545;-2.283825263896501;-31.807873233565168;1
17100;27.222444096228372;9.20887006315217;27.51542149324549;0.23415860321692872;24.969888398305564;-10.842791889012911;1
17616;30.806545537428317;10.974967208326921;30.806545537428313;0.24087498948390174;27.455062304130724;13.973646690321914;1
17629;27.994174719372545;9.674681424640527;27.994174719372545;0.18410835155765662;3.2356332823813965;27.80655490133042;1
17633;29.65044928232165;10.908588028862553;55.538867709032125;0.4134850378621205;13.889379552500952;26.19607371897737;1
17856;28.094968555672267;9.362739797824617;28.488846967322853;0.20540403294629403;-19.276742415435685;20.43855327544384;1
17860;32.64244694659295;10.708118261771437;32.64244694659295;0.23416830613622025;-9.985780794716966;-31.0775405169231;1
17991;31.864752461964628;10.431691696431285;52.94686592714763;0.23565904494543255;-0.6423372385914555;-31.858277610916122;1
18039;33.20301929452061;10.969883614448351;33.20301929452061;23.855649235254955;-32.85350345069341;4.804976720816018;1
18059;32.938018326117756;11.002977755238678;33.667801467051696;0.176393636917317;10.946017276094308;-31.066022549452867;1
18063;31.770150867480922;11.39146845813257;31.770150867480925;18.478735021164752;-29.973544483453477;10.532289268764625;1
18085;29.0695147491996;9.734603051696013;49.897325230100904;0.22587254675757412;-10.596583980438423;-27.069338663872987;1
18088;28.38925071656269;9.534518872339461;28.680415017614624;0.19048633966232098;23.467981837374275;-15.975086376246182;1
18094;30.57001012084149;10.659188600602302;30.57001012084149;0.2686805193541053;30.39334719319268;3.281762511577834;1
18529;32.14350962052648;10.685743133607662;33.07538089771858;0.18914359908718742;13.19604442539691;-29.309889495660496;1
18571;31.662973351117845;10.735740745363996;31.662973351117845;0.21153476049879413;17.122603902447327;-26.633819047096765;1
18593;31.94695323928619;1.075941795484126;31.94695323928619;0.2152118243155679;24.840624464585467;-20.088583760001015;1
18597;33.17104127991031;11.031514661942337;33.17104127991031;0.20976600183919666;-25.9660724885946;-20.641731010517613;1
19032;28.341182900617742;9.901484132242038;28.34118290061774;0.1866266273213007;3.349484743752526;28.14255852188348;1
19042;28.25432225279637;9.682413760415457;86.56730814471115;0.25187721726732143;27.43176547083346;6.767936843533125;1
19045;32.51171029974709;1.1037854870381416;32.655339169629926;0.2340983653147226;-25.65732899838424;19.96779345053809;1
19070;32.82428321788886;1.1639415975488527;32.87367190253478;0.1498569613082013;28.95251159649724;15.465627728057898;1
19527;30.692167208936212;10.378704068370897;51.66513025382597;0.197071373049364;3.8397348037356953;-30.45103552620633;1
19560;31.851520249465636;11.311549533697649;53.47751915432169;0.18773066304971095;25.40034526625573;19.218267418191463;1
19582;30.672449841937787;10.691799622428565;30.672449841937787;0.25504033144463006;-2.35818438973124;30.58166355334872;1
19586;28.615151128346206;11.203408318933649;54.119979820689146;0.4213569555190303;6.105787760802358;27.95614833839113;1
20027;32.33990126452629;11.997173217558286;32.33990126452629;0.18810175072311994;-21.00173441473958;24.592607941657025;1
20039;30.963535103346977;11.355584769113683;30.963535103346977;0.2139276699565081;-24.95738821427226;18.326736742210944;1
20062;29.557906976011473;1.1667498300157324;54.33189090711636;0.2803085666505004;23.08658879326433;18.457499361865615;1
20067;31.42922817795549;12.320500323621317;31.47617239424494;0.24680454194640766;-5.841094939030957;30.881677314796526;1
20523;28.191970081341534;11.893680850551055;55.09567879803467;0.3885793760087229;28.18885335663385;0.4191938757289711;1
20533;30.198706046591287;12.165403967487023;30.52483633693082;0.3468910014869748;9.991821191672145;-28.497813182103652;1
20554;29.212834012373065;12.394813679016544;53.85927602553005;0.29311112748991547;9.063501946049103;27.771254986197953;1
20558;28.921012015318233;11.88907570649169;28.921012015318233;0.34661292152925127;-7.025719646929468;28.054664486194287;1
20562;28.912211386353942;11.939101517732807;29.1613099657041;0.3523579877398319;-15.983734835717282;-24.092243315031755;1
21030;29.29507400961163;1.180766473016557;56.603537671290184;1.1580479247412894;-26.830712744376182;-11.760706392789174;1
21049;28.992149670077612;1.1352961778442123;87.87874499811888;15.806317402078067;-25.252518324511307;14.242719570447283;1
21084;29.492483179013643;11.77451711470125;29.492483179013647;0.2937300157856033;-18.932018573830362;-22.61382844156524;1
21540;27.97672618475721;10.677092844036448;27.97672618475721;0.32165189649025633;22.133111500837845;-17.112059586980152;1
21563;28.801530915393343;11.070984049803931;50.35836081178831;0.2643456456969842;16.90512277143613;23.318340574599862;1
21600;31.45313201872561;1.2278695218269167;95.02360782351425;0.3646902812788714;-21.61659948536014;-22.847803843628167;1
22040;29.781790688449853;12.695924770334473;60.45965021958525;27.778007347953697;-29.507866997671552;4.029992786391117;1
22058;30.050069339058517;12.531416512875193;30.050069339058517;0.28156991851894153;-26.297477231089047;14.541298379531932;1
22079;27.763275966706914;12.8696380374496;58.5910798538999;0.45992632781952214;0.6591645333212686;27.755449816595245;1
22083;30.42717046036669;12.311803884921698;30.461574227137728;0.35314058395275777;-25.898354447691222;-15.971472666162114;1
22521;28.705699990984854;13.784774309651707;28.705699990984854;26.92561200663801;-26.135303542644863;11.872789087078182;1
22544;28.477480353954785;13.486935257069355;29.15279532565843;27.136857672512868;-25.447579138760478;12.782316037651519;1
22548;28.417597676791377;1.3192629682017663;28.417597676791377;0.503972374940348;-13.069534118566688;-25.23384900572245;1
22580;25.248917050124447;12.853484064281663;25.248917050124447;0.446314613583904;-12.016500210315495;22.206114808753753;1
22584;17.026855527747763;6.337833518852183;17.176952381753466;0.5311494205110245;-4.151990688447738;16.512867179440335;1
23232;26.615611230927897;13.416956609359351;26.615611230927897;0.3730078121996723;23.700407462946195;12.11121163576211;1
23245;31.194111957132318;14.701254010499088;31.194111957132318;2.0737292636007427;-28.562298977309332;12.540641846608164;1
23269;18.897549546180773;6.224990617563058;29.18894397403796;0.34227781974432575;2.83132047902892;18.684244785256602;1
23278;27.14721776581161;13.169201139014064;55.57284886893441;0.29872236435472577;17.63708974326062;20.63745376282085;1
23537;31.203079595687388;14.849009463946555;31.203079595687388;0.2971584170639143;-27.215054618453813;-15.263452373869367;1
23550;18.272136346207784;6.890576193072456;18.607431162057367;0.3509504073514568;16.13510076571308;8.574933815178559;1
23554;18.372535495975555;6.583477496875769;19.067378415971532;0.3854297879921847;-0.08411229786445085;18.37234295543793;1
23584;26.042309811620314;12.986491256000713;55.35497880629956;0.3314741836418857;-7.739956290992857;24.865537937835484;1
24104;28.683357836542353;14.769017475372372;29.00226920431164;0.38903985398899915;-21.131843143969558;19.395365995974462;1
24118;29.447431899219726;14.743444489712353;29.648399578796553;0.40530623465546184;-13.202340127921179;26.322033747525392;1
24151;26.25787301558758;21.159644895759193;26.257873015587577;0.39560129724172016;-17.14895409908878;-19.88439761748061;1
24155;27.397789103609583;12.939986856781394;27.397789103609583;2.8314407156273664;-26.975642372083637;-4.790988037901349;1
24598;29.50159105402708;15.013189819872496;29.50159105402708;20.56623660741673;-25.447362098662705;14.925670401646805;1
24610;18.252144893270586;6.619840490508166;18.252144893270586;0.3784491842156949;18.084894548840964;2.4652347478984424;1
24614;19.22025218029666;6.349803781566418;19.220252180296665;2.5739216609393685;-19.10671599995481;-2.0860243457997854;1
24642;20.32133417932995;10.265188986904402;20.32133417932995;0.8179956296383358;-18.890270358539208;-7.490948445243669;1
25038;29.09962970948336;13.776643680393239;57.79539425811279;0.24473904377972494;0.7205144523043073;29.090708278642293;1
25048;29.75183159046557;14.044504595601483;88.45317477703279;0.24503487833635051;27.830852480901907;-10.517372921680646;1
25078;28.507828458507458;13.380221409033796;29.553185719154165;0.2914229584350585;17.397108176584318;22.583996778956347;1
25082;29.499079298886215;13.861763662113189;29.933756695137017;0.23963503694993998;1.0096979186542228;-29.481794205832227;1
25519;29.43703923929811;13.179943622492383;29.43703923929811;0.23825473466318958;-5.93176430500873;-28.833200505767667;1
25533;29.73058756077545;13.73717365533737;87.97402688963153;0.2587874267587492;-22.37265321036647;-19.579893386778565;1
25556;32.56844776436906;15.419343237350736;32.63017940798231;0.2581630557680477;11.879146511404683;-30.324736898133477;1
25560;28.259268200532347;13.641946700377964;28.259268200532347;0.28800578989619346;-15.679327733489519;23.510527877005337;1
26031;34.18690102860324;15.223404693457802;34.277452161058385;0.24371058547717483;-21.91240837041748;-26.241009152613984;1
26060;29.69510081551933;1.2972771130549499;57.91215324347684;0.20554457211489724;-5.425229546952545;29.195306074893782;1
26064;33.970528193115506;1.4058283769604085;34.31424422007373;0.22581963390101129;-27.774770627567833;19.559113024502178;1
26084;29.49121732082366;12.423184231305893;29.49121732082366;0.30879081603155956;-22.14830567772104;19.472659157656906;1
26088;29.28292884577274;12.528768259950795;30.004749777905708;0.26086275775462425;10.702236519837914;27.25714686573114;1
26097;32.82263749235253;14.000015439772381;32.90229531036377;0.2706070325323751;-24.774620882360825;-21.53006484174344;1
26572;30.282815265930903;13.037523671682981;30.677705721651268;0.18900763599790665;8.134138861162636;29.16992775818654;1
26585;31.853401610954275;13.163390136700585;57.05916833097554;0.20590965812172923;10.64458276924509;-30.022192655724446;1
26613;25.771859757553344;1.1466235560073736;27.060272353571936;0.25170441569806007;5.000903470587737;25.282003873128037;1
26617;30.264863055616704;12.567948921318672;30.957643901272217;0.23288791510762752;19.870077442281165;-22.828533860346397;1
27032;27.757468406081014;12.86765496856273;54.20189501910609;0.27027628038620016;22.634636034892385;-16.067056478475976;1
27049;29.10229372508255;12.690602707659544;55.804154388042555;2.8501325981155237;-28.700272867798247;4.820564010041029;1
27071;28.057371646229658;12.294743770891674;28.06658002490178;0.23431145517470398;27.204059114619504;6.866969592399501;1
27075;28.542004172037863;12.64833147373152;87.43965463356987;0.21933571672384214;11.327615056196054;26.197922423262256;1
27532;30.915532695296218;14.195253980417258;31.68210669012694;0.26175516728874415;-26.715653926559458;-15.55776324251779;1
27542;19.104622126263745;15.550463901705886;30.336099581934437;0.2847314500560588;18.6314873379535;4.225430884892648;1
27562;27.492811882258387;1.226965539110898;28.23943513045531;27.85464973726003;-27.168674829185754;4.209253285229624;1
27568;27.291933825928528;12.81264440553685;51.978554649871896;0.19329006386009753;12.806753170923425;-24.100554457893796;1
28026;32.7292838412673;13.134967580456307;32.7292838412673;0.22484356275680858;-20.59039200329134;25.44094687532359;1
28044;33.27987468750694;1.3329606675792198;59.64655438374624;21.09891957555681;-32.53791364403817;-6.988149605530779;1
28048;28.582911518807364;11.52801850114491;28.582911518807364;0.18181325620875408;-5.831937966180998;27.981624871522158;1
28075;29.276790868607335;12.707006509369748;29.52181246934239;0.18721828543371732;24.578426571076594;15.906961710344497;1
28521;32.07398894953505;14.99006574445925;32.07398894953505;0.2138912880232157;22.20262071347754;-23.14701709915026;1
28529;19.850703224176574;6.47409333701261;29.600936625078745;0.21976308672083458;19.762743809950276;-1.8666482251903578;1
28585;18.62923182306159;9.167536512076866;18.62923182306159;0.23271800720576594;6.418936888725192;-17.4884398256658;1
28589;17.887547106832496;8.772086974618933;17.887547106832496;0.18451720894053625;14.44664932397734;10.547922298214786;1
29031;31.176489485735082;14.13144615485528;31.524327830310224;0.2590612118238871;-11.38814346071104;29.022124063762366;1
29041;18.550520899119615;8.735893296627406;18.550520899119615;0.3104822201525778;1.3906451308906436;-18.498322403629032;1
29070;31.495308520237696;1.44001662714231;31.495308520237696;0.20904776393920146;-23.679526731127016;-20.76618579746407;1
29074;31.141104038440428;1.4466097954476915;93.07945881601157;0.2542248379185593;-27.024230593450962;-15.474473224150794;1
29525;21.536052079992594;17.228798339126723;21.536052079992594;27.600796894223738;-21.371557407686687;-2.656703438870358;1
29549;30.05758785766933;14.94843981659631;30.55005781739825;0.2557633246200197;28.281538702296608;-10.179054791679318;1
29612;30.76934258161199;14.260072212432071;58.40517432184361;0.24900719598187354;12.115149895460029;-28.28383966004502;1
30024;21.049436290183166;16.80234245712011;21.27130283617159;0.32269862001060856;-17.453210964114884;-11.767080996431531;1
30041;30.506615321914555;16.934772662284363;31.038927931453745;0.3791562433491033;19.141118607963627;23.754392369310157;1
30043;17.797714379975403;7.0099786802926625;17.797714379975403;29.207657347405984;-17.779233883057806;-0.8108512087383988;1
30062;26.406378485568034;16.01720619166187;59.84387577424133;0.33691657178303286;26.12330111194308;3.8561591950830847;1
30066;28.559879969433762;14.683129023037756;28.7155720644102;2.576647807723397;-27.450179517169744;7.883805448108068;1
30519;19.662052073706587;7.303668690157789;19.662052073706587;0.3454679833646693;-2.3120256456596238;19.525645422442807;1
30538;19.920821667190484;10.116665642269323;40.3309845293312;0.31290083857323847;-9.211438536506439;-17.663197218628625;1
30541;19.650711935258332;15.747467515820185;31.745884881756965;0.330933712842602;19.623113210782595;-1.0411087740067573;1
30576;27.42324778931841;15.058352957984145;84.21910518108396;0.40193255004885;24.057341401619617;13.163542228453395;1
31027;29.62863657422643;14.416197044233787;29.861199454043668;0.2796039158857806;4.974960264277615;29.207976232810907;1
31045;33.7737883495883;16.788716499966153;33.77902091252253;0.2516640954409439;19.52820891351086;-27.555722384162994;1
31069;17.790213115861995;6.369757718733865;17.79021311586199;0.37861404597147835;-2.4744536257148955;17.61728588523143;1
31074;18.96061128301681;1.0096453660379725;18.96061128301681;0.30681225907577103;16.76278770475152;8.86079728868095;1
31525;29.290711797609546;12.679890425298566;29.852177273041093;0.27271894040984535;-22.669700433886646;18.54805865443774;1
31540;21.342596047731057;6.441333416616154;63.602684628968674;0.8956594214804653;-19.918587060665754;-7.665265524644544;1
31575;31.881548291564176;1.523912218776402;31.881548291564176;25.166045628634954;-29.380576026795687;12.377999588019756;1
31578;19.108054486195822;6.404795390385371;19.108054486195822;0.3370363888870774;16.3763248458306;9.845492917637982;1
32038;32.185830347000255;1.5502280462849474;33.016707490151724;0.28741144421328657;20.25266203649476;-25.01514252530668;1
32052;29.08910645186295;1.3552297480378463;57.12452074248924;0.3334898578808298;-24.799827882840706;-15.20344208228161;1
32088;28.844389717477526;13.297306374490006;28.844389717477526;0.29599890761639364;-22.732759887640167;17.754448627446063;1
32581;18.308979208923127;7.526101141154701;28.99286932068769;0.2381690594935384;18.164384933411487;2.29648419625154;1
32600;16.669959505714697;9.466826937256286;35.88400969953603;0.4392071963488215;14.748513093334402;-7.769743332820684;1
32621;29.17776339739041;15.522234648683936;29.17776339739041;0.2762609550680959;27.945040205967988;-8.391460228168174;1
32626;29.331483959531162;15.767137312860948;29.700039172991193;0.2700399519851453;11.514941428278538;26.976695037968394;1
33024;30.4565219654739;14.862965413553779;30.4565219654739;0.12869907571526992;-10.51864245228635;28.5824752461076;1
33046;28.966742312618482;14.498682558120136;29.11498190247752;0.1896615165062955;17.416751915069977;23.145818476229095;1
33066;28.180192734144562;14.20355395256941;83.21702139848148;0.21934228853683962;13.936735558646847;-24.49266552463987;1
33070;30.83177396599333;16.45114507572947;30.974560359062767;0.2605778522738319;9.139109781930882;29.446136559554283;1
33531;19.812794424938087;6.259948931849052;19.833564517167133;0.5170657337539467;-6.442917310121589;-18.73594511786884;1
33542;28.291263141454948;13.177245775186078;28.291263141454948;0.4401521094064525;22.7124524952158;16.868315618093376;1
33576;29.267820706745464;1.2846531429573254;30.369456367722226;0.40805549227821997;15.121406676908084;25.05889840024414;1
34021;32.175850929111824;1.228858948856571;32.175850929111824;0.24606475670323472;-18.94630302301318;-26.006210503889026;1
34035;28.54562689134382;10.758547920957119;28.74357250741021;0.2530657135507801;-24.077450022399447;-15.333923667433206;1
34055;19.84666689448955;4.1195880875558535;19.84666689448955;0.19508302228052177;19.8364147191166;0.6378384686123642;1
34058;31.061394972747067;12.529326805198895;31.32685118576734;0.2766646965358914;28.50878560967737;12.331236787705002;1
34527;30.638284352650086;13.38103750307992;57.538185797956274;0.325797179540555;-9.415716523980405;-29.155595524939727;1
34542;29.569214464300448;12.163962656940972;29.569214464300448;0.29092324801937464;21.75485280667688;20.02660289204382;1
34564;31.007046438164053;1.2545515360888666;53.88552204168053;0.24368248071107956;18.724065574111297;-24.715304918103726;1
34569;28.038391408603328;11.369952036696223;28.038391408603328;0.2512639200702433;-12.071413296970858;-25.30676537599691;1
35025;29.709845815728208;1.1952543827355704;29.709845815728208;0.2638342250821963;-0.024582419301116303;-29.709835645775698;1
35037;29.084028908651966;11.619116181872622;29.40040751174228;0.2769078565111321;28.52132218805337;5.693410068189159;1
35040;29.01404464740615;1.206726875106179;29.01404464740615;0.3497616713065981;28.90958047116842;-2.4598666188870353;1
35061;28.705812504819896;11.471528678658531;29.184914151168044;0.3723763118929515;-19.000784308336268;21.51729228388081;1
35065;28.369249169168036;11.406359127476742;52.484529466495;0.3231648306169412;19.926057805351853;20.19322952774315;1
35518;30.88302844425386;12.423446898100194;31.4277516764104;0.19610931870971243;-22.81546101000806;20.81384598745256;1
35538;28.790817324691723;12.488641237008514;53.16957447522356;0.2548349794958562;18.31267643405352;22.216143770812923;1
35541;28.739826299105754;12.68204920895524;29.222602297338742;0.31171369071836863;9.080253681168934;27.267684331244354;1
35567;19.63975467404189;6.063312047533672;20.03305277240244;0.30014323355184375;-1.102924491013144;19.60876133833225;1
35571;28.723126251652904;12.884724445784766;29.017210123176774;0.24914534714906975;-19.046658759483932;21.49983190092811;1
36031;31.026888551478216;1.2806571807723284;31.604218961783744;0.15055283499035205;24.48234887983714;19.05996869125936;1
36046;30.29479502618922;12.206877538717874;30.81839391318187;0.2045355725457159;14.870652432426402;-26.39390652996994;1
36098;30.417732321589828;13.563972393622754;30.417732321589824;2.3094103582118044;-29.354453767567826;7.972106597105529;1
36525;33.154646134970605;11.86818247077303;33.154646134970605;0.16847830231833694;-31.19309902870124;-11.234817903319968;1
36544;31.37029964867591;11.579230326107481;31.54781317661718;0.1938353093922693;26.16836535055736;17.300646084105214;1
36547;31.570918141260147;11.426519895479851;31.570918141260147;0.17526728399537309;1.3526209802155593;31.541929059048208;1
36592;29.233024596994806;1.0708721737473321;30.067055764732743;0.22059452171606928;-13.836874728312527;25.75093444598641;1
36596;33.93949191017186;12.356799492226243;34.569426495538124;0.18411936656020264;-32.13492177964598;-10.919519830865084;1
37029;20.30423228037767;5.093990327679527;31.714967507380802;0.26423718698091925;-9.417067898249634;17.988348470476293;1
37063;19.652193848262183;5.469321837679952;19.72829997956725;21.124704666598138;-18.661800773330565;6.1600255637612955;1
37067;30.875937577852778;14.086780151096393;92.32680043798926;0.2954930164359182;-3.5794197110857295;30.667756289682362;1
37091;32.14481297131589;13.26439126016155;32.380202628390514;0.2530377526782948;17.35521717525841;-27.05707740611491;1
37096;32.01748656833513;13.501750732796493;32.881452643816424;0.28644549630732224;-21.550623045148598;-23.678895508858314;1
37522;27.47979676607565;11.529896259161502;81.3348599353789;0.2766677887035825;0.7702047672763384;27.469000981493423;1
37534;28.950909563952546;12.498365750016104;28.95090956395255;0.24481958885109964;3.0599398893725134;28.78874662873648;1
37537;29.169440483429977;12.077620278546455;52.4829097687423;28.191315339774658;-29.010837653113327;3.0376893819259365;1
37568;30.432649723499296;1.2061178085870385;30.432649723499292;0.212132821963642;-21.706078523647104;-21.330549086192498;1
37572;33.44820155203162;13.624934145745696;97.34491677405045;0.2680914971790588;-9.973765352334892;-31.926575008320174;1
38031;30.54526163294659;11.541322883143737;30.54526163294659;0.19530743476665727;24.881033738560454;17.718554352028143;1
38044;17.886323025384076;7.014432931905879;18.191303715697156;0.26152326263919706;17.819959504142677;-1.539348771104104;1
38063;31.17715969177722;11.335799402364144;31.20467633882848;0.808310880763706;-29.18449798073448;10.967240494266703;1
38066;30.119415933283634;11.653986447171993;30.2036914034838;0.2001036122637145;28.775495129978978;8.896633980708447;1
38536;30.263840044208667;12.121919478507461;30.263840044208667;0.18815505043170574;9.766243729929887;-28.644728967631256;1
38552;29.046825682299232;11.251769202542826;29.51552364074068;0.2449897818490917;28.909431568974604;-2.8218519763894054;1
38575;30.355977147050247;1.1457507341811375;30.35597714705025;0.20170495802483582;-6.122189387098875;-29.732207211384942;1
38580;32.89713903910747;12.663886382373814;32.89713903910747;0.22202203590956673;-25.59069175987375;-20.672161285397777;1
39016;30.613896100225183;11.284918108752503;30.996948298994305;0.21817864556666303;29.83798416727672;-6.8487469853051675;1
39032;31.073706473666146;11.107026018851457;93.86040832457418;0.24061339766993778;24.006445295911377;19.72982053304023;1
39065;31.590568477205693;11.820297342688729;31.590568477205693;0.24691964490698792;-10.873450337952905;29.66027805771709;1
39068;32.87180236071674;11.528203391854078;55.17571116172249;0.2296585567576302;-25.13081928933638;-21.189556679853904;1
39526;18.799458917741415;5.35599573639143;18.799458917741415;0.35764505124945206;17.188169105367386;7.614886631141749;1
39544;33.773367356816664;12.541676352169185;58.264318342045286;0.21522781679836947;-17.654551562142956;-28.791615997684556;1
39568;32.91169327738957;12.522187052624972;32.91169327738957;0.15758138367301824;26.384016620803187;19.67392236789987;1
40024;32.206623762760856;11.731545187540554;32.206623762760856;0.23252693525701423;-13.433265171139807;-29.27138536246405;1
40036;30.609639814867826;11.714461191659312;56.699490758809524;0.20526123423024348;25.115043254347746;17.498132812622707;1
40056;27.7549645721261;10.26091739188046;83.76732771756271;0.24138346462110333;-19.563453625781403;19.68779674396999;1
40071;19.870717124942853;16.181128326192727;20.145344592727056;0.216697193867271;-5.437705953329219;19.1122147597976;1
40517;30.871245948698594;1.1667306216811433;91.01396805262813;0.1899695004733253;28.95600183064987;10.704381551889892;1
40541;32.47646233979522;11.6363335376396;32.47646233979522;0.20507004278103047;-19.825624466918196;-25.722854052473878;1
40567;32.63409041861867;11.475101879129499;56.505147394795245;0.2307467273183464;-14.186358904652202;-29.38930210942366;1
40569;31.463077206231517;11.913806530200985;31.463077206231517;0.1691015887301439;31.27192453113778;3.4629414381574954;1
41031;30.42477205338022;1.1295919464254434;52.656522800251246;0.23324632789494643;-15.330281776584242;26.280205766901354;1
41049;30.978394835852367;11.339004549988829;30.978394835852367;0.24517326857234104;27.36268229719641;-14.523930738910137;1
41079;30.54158004097969;11.502947989145252;90.14199637489874;0.19141558815826087;29.461776242988535;8.049338606844989;1
41085;31.94103351764136;1.1422453124107357;32.59932801970587;2.441017416992419;-31.38192535835003;5.95015823134444;1
41529;29.27996401257894;10.757619980600495;29.279964012578944;0.21911062637983;20.62619569858788;20.7816347668193;1
41542;29.942445445010215;11.252208851903482;50.83710924727299;0.24111778741021123;26.723885171880088;-13.504962071312175;1
41561;29.93070080389076;10.709477470862494;29.989811865938563;0.29583020352436606;11.54618639235141;-27.613989758908545;1
41565;29.85106302202483;10.892231751959363;30.190752880987656;0.21313999219185192;1.194427080706808;29.82715721442076;1
41570;28.473093880279684;10.138883116305127;50.7795389442357;0.33251088753053437;23.449228640485423;-16.15087462899327;1
42026;30.695139238515523;10.717224832050084;30.830531235261322;0.2169315815810436;-29.162111078745987;-9.579292787191338;1
42044;28.649642143407124;10.154352762450285;54.339924608865786;0.25243918447334757;15.075529039114773;24.362479741112086;1
42078;30.235070002467367;10.951739373984154;30.759747517975804;0.20210592597985594;-22.578143264882197;20.109373554751944;1
42528;31.691607187869195;12.041447054580885;32.20964610770987;11.27651676359263;-29.006457363461468;12.766495109147789;1
42542;33.047304828151596;12.872016710514668;33.047304828151596;0.22866821904748277;-7.941195587320939;32.0789926439202;1
42546;30.22862025259876;11.772742602432968;59.22876652881457;0.39659203102126367;19.82911320321543;22.816129206109682;1
42570;32.358135768469474;12.15287103231006;32.358135768469474;0.2516099403330947;20.523294350602608;-25.016861102249152;1
42573;31.2632506133364;12.152290700976241;59.16648394688842;0.29838918716223434;-22.448063556061552;21.75948716066856;1
43028;26.728227486403394;11.974498708346442;53.70319650306736;0.17794945657612177;-24.89178112595743;-9.736394452894741;1
43044;26.68824799290051;11.777301801434158;26.9760129693225;0.45650054173860294;25.841885162417658;-6.667799650782571;1
43086;24.84504423985741;10.646676013420894;25.256434460630803;0.5736642747464963;22.329002066387314;10.894580762917993;1
43098;30.555470314497427;1.4381435928797308;31.22257661662407;0.8025919454212315;2.8984517428186294;30.417688006071156;1
43518;31.599822524066223;1.2708197931049063;31.599822524066223;0.24176073178758395;-9.18011975182008;-30.236967190753866;1
43541;27.861997678710182;11.548990626758673;27.861997678710182;10.465621363767488;-25.049505734754856;12.198900650998644;1
43573;26.631136856628565;11.316233193943761;26.76923603483057;0.7857800999051712;3.5415123535613477;26.39460438282894;1
43577;27.063323664003285;12.29666110312887;27.063323664003285;0.3356181419453255;11.528524101226994;-24.485028482524346;1
44020;27.648549603845456;11.312890285663341;27.648549603845456;0.2708372455680891;0.43443775256475836;-27.645136263644083;1
44032;27.537393943702718;21.500805910524196;27.537393943702714;0.21338236165687677;-21.856824824530673;-16.750739500107294;1
44071;27.304989552936163;11.284077014988512;27.304989552936163;0.9732743902837268;-23.69954503021821;13.560752923293471;1
44531;29.163605310372716;1.3115545732409404;50.69675688516129;0.996345705579248;-11.39113204436364;26.846936239486833;1
44550;27.262076864740667;12.01746198626198;48.56449139398015;0.21606981064901004;-9.60236094249006;-25.515005375448574;1
44583;27.27517916712182;11.355687630452323;27.63076025943661;0.21201521416798896;-9.484268609090778;-25.573111808092722;1
44587;28.323097432901108;12.604346017490148;28.34000758799948;0.6870411663597746;19.67559030340411;20.3732421181853;1
44590;30.176172288405848;13.035823444721817;52.872923839665745;0.25256284923813277;5.180930694566484;-29.72808993389336;1
45024;28.948723548841382;13.071991473445843;29.619729770422538;0.46347693540868123;27.286037030690025;-9.669580046054543;1
45045;28.703029899814716;13.140297135639054;28.703029899814716;0.6000151589762421;25.808473634949554;12.561314185377714;1
45081;29.79706775711364;1.2896931372362417;30.49422673427375;0.3786805613369966;22.720121247384608;-19.278520104669962;1
45088;28.667262784654802;13.582079699670357;28.667262784654802;0.8525984385493451;2.4798624148436583;28.55980108417949;1
45554;28.72599103025444;13.472174837870822;53.5967714397541;0.8687228766279352;-6.747465171689717;27.922289920905357;1
45565;28.072047490113718;13.716971872614378;54.90759596836121;0.5166478123248783;27.64599957980212;-4.872223057371353;1
45591;30.0073166617336;14.032500022195169;55.93966223283675;278.62741580665613;-29.32804045430424;6.348629485822039;1
45594;29.89317228520632;14.400688239063118;29.893172285206322;11.259812002293618;-24.212926956504347;17.53099875854232;1
46024;28.78236638363134;14.23031506416128;28.78236638363134;0.2912037824847975;-15.869316885440707;-24.01227594858634;1
46040;28.490649756858428;14.380817360992339;28.490649756858428;0.3431680758441908;13.414733104200781;-25.134877348239375;1
46069;28.399140406723184;13.897995546631774;54.62560550759286;0.9638509901063378;-11.816147097010084;25.824210416246952;1
46072;28.22471533136073;13.431693653415607;55.11909528619538;0.5799461350011478;27.629898568417815;5.763962234027269;1
46523;32.864563415309775;16.10352798315149;33.00533773030305;0.24402247462166382;-20.559177008950492;-25.639808290889366;1
46542;27.08595685717172;14.095701124883027;27.08595685717172;0.9720696962131826;0.08412687722506139;27.085826211084942;1
46579;28.142913976067046;13.600079222371221;82.12228473708397;0.28374096617506217;-1.335149267396669;-28.111225222285846;1
46583;28.246621324498477;14.207661279557191;28.246621324498477;0.31251924962154093;-8.689085482637704;-26.876968015850053;1
47036;30.75531731818797;12.537392509905247;30.75531731818797;0.16971532725986163;-24.327609720119668;-18.81640105461116;1
47053;29.59271591349715;13.400792111253692;51.13298253510971;0.4517348791624716;26.646858111152355;-12.871433018163179;1
47075;29.928464945663098;1.3075417857691314;50.42796897695267;0.2817047537321948;13.250434465862396;-26.835405725825552;1
47077;29.066410718116025;12.098206123626388;29.066410718116025;0.48629830646710703;28.836433628924006;-3.649154367640641;1
47081;25.805161955419607;10.597422896131272;44.73251288048632;0.3783364685416978;19.439462162786054;-16.970966217839358;1
47529;27.34281751598979;11.343802558156751;27.34281751598979;0.2794917792148947;-0.9421154996888369;-27.326582078590878;1
47547;30.332677802592375;1.2384728716425282;30.479843650271754;0.9055188057595525;-16.5792013297495;25.400815458238988;1
47550;30.530359266572493;12.793539794220646;31.29991161465099;10.169360432910537;-28.702660785825053;10.404811423560234;1
47571;30.511907495814476;12.772282542226556;30.511907495814473;27.317682098073988;-30.15844451252139;4.630844806113472;1
47577;29.963195564393878;12.38721458033464;30.65017246641785;0.3095046467163076;11.4969268564846;-27.66972644040335;1
48018;29.95645592092171;13.115324684654787;87.27004954320627;11.40400236836497;-27.725073273859206;11.34502372413841;1
48047;30.740739392650376;1.2805514668601197;30.740739392650372;0.7861485335608671;-7.48338942885545;29.815967887407933;1
48051;28.056155032484302;11.666737021507874;28.056155032484302;0.21134677795890783;-15.761861897225161;-23.210160377291576;1
48078;25.442915220549704;1.1010781926691071;25.469801562475304;0.9218735866857861;-13.827895021596442;21.357229553286825;1
48528;31.816206074621668;13.73424395805663;32.88972270746034;0.19872378594281176;-5.005369202486196;-31.420013496648842;1
48541;28.304859578677323;12.450842535080522;28.33505800331032;0.17494277718283746;-17.22768711054131;-22.45822505430761;1
48571;26.31675740393231;11.78440330639859;47.7695709692656;0.5601362435398474;26.260469109101788;1.7203146303327235;1
48574;29.853696787808232;13.258552707568976;29.853696787808232;0.518105252045248;29.05478984894414;-6.860203986186131;1
49034;28.811048973015573;13.577759648068309;29.261243077147423;0.2050287383479751;-22.65604320492033;-17.79832152823083;1
49047;29.34602990937225;12.831907070855591;29.34602990937225;0.8396737154383112;-9.151135799976982;27.882721979967275;1
49050;28.286426877884654;12.704611677560798;29.342318590607178;0.6266717108017298;26.695392731446844;9.35296490059331;1
49091;25.92430367329956;11.106870861595752;76.32495930044492;0.5967056240629108;21.62632280696582;14.295862436186315;1
49548;28.1396524100003;12.975634373203182;28.1396524100003;0.8095871341357872;11.24293732427545;25.796053924545312;1
49559;30.906154263179246;1.2714771430929492;30.906154263179246;2.723046386400974;-30.67824666496458;3.746405330850134;1
49586;29.275076159225904;12.867417243551907;29.2750761592259;0.7356875366789656;3.3396053281080063;29.083966723625398;1
49589;28.316407342329025;1.2593062055330146;28.316407342329025;0.5105542549484446;27.616588145647707;-6.256435404475587;1
50024;29.649664945371672;13.470454578190568;29.649664945371672;0.9435034245718283;-8.94809365379582;28.26719390628827;1
50070;30.765215884421718;1.3781326179000584;30.952034450945042;0.7596162972376844;-20.14761501890348;-23.250206826287144;1
50094;28.200585011468288;1.2245032003716838;83.24228790002915;0.8483429187737556;-1.6121158333855552;28.154468162776535;1
50097;30.776075482240014;1.303323042595376;30.776075482240017;1.500794620114851;-30.02035940159982;-6.778262571434683;1
50520;30.81392159843481;13.187488371066188;54.17240633076403;0.1704257829610686;-20.689843328818238;-22.834801231967024;1
50536;29.60087983380819;12.50860223185758;30.393344521905824;0.8430404076215247;-8.001880442943166;28.498806927876753;1
50570;27.92009985730612;12.188797626287238;51.54015439445908;0.9060364519453121;2.466495187489929;27.81093988940385;1
51037;27.690013605816812;12.298314025207128;27.760130719952436;0.5730077134050139;27.511739971022106;3.1370395689542567;1
51048;27.820210547644834;12.293283358245322;49.563277981372565;0.5143172533075718;27.388304879425245;4.883121004740732;1
51068;30.149714870223878;12.642641386173539;30.14971487022388;0.2034812802015775;-26.888677017049073;-13.638341359146862;1
51072;28.307222281490517;12.89489815963326;84.38749196746853;197.78231823378707;-26.98109569089068;8.5626694793571;1
51528;28.930158483905178;12.589143273071572;85.24324702551367;10.126342669422419;-25.99018688255692;12.70685860917784;1
51542;27.906249527070774;12.84088035920348;27.906249527070774;0.6459882284642525;21.148835636588956;18.206743637555917;1
51545;28.355497379844017;13.078634199834822;50.81993016084995;0.9509923357695867;-21.27772743790617;18.74279986385481;1
51566;29.817295644997845;13.116444257154622;56.129907490391716;0.21918419328204128;-8.257309589710138;-28.65114234931809;1
51571;30.704385404168846;13.40299944216003;59.5580613287248;0.24213305571018548;-14.543512509247732;-27.041551858964965;1
52035;32.732966001636775;13.700649684519954;57.03203238320651;0.2529802107484294;-1.1579402902850202;-32.71247831559761;1
52053;30.16735690050671;12.830028813666482;54.41163482050176;0.7747978727112982;6.702268951290027;29.41341553215341;1
52073;27.1517753684737;11.919812317811843;27.71140173594879;0.2667096411098979;-0.3579039164367004;-27.149416392376732;1
52078;26.419000616674253;1.1866488987922053;46.95789412994174;0.7354804799306265;11.742976146063407;23.66571581036205;1
52082;30.816687091359302;12.462207990239945;58.37166119573248;0.27681859755741567;10.145157659522013;-29.0988656024628;1
52526;31.681154844268374;14.628187819328842;31.68115484426837;0.7662001493433508;23.655097627369972;21.07443779810282;1
52547;28.79384234656043;12.190020623527511;51.315440120749024;10.776314784155268;-24.13778922465106;15.698805318395918;1
52551;28.876923795541792;12.856749121817101;53.50715633250019;0.6480329191031857;18.259488505281283;22.371137821287242;1
52574;29.482242734393314;12.248319809093378;29.482242734393317;0.748096364546864;-1.0309826492580991;29.464210687317184;1
52577;31.13130014087453;13.052004785156486;31.13130014087453;0.6730573879646439;-29.39756856164831;-10.244062237433026;1
52585;29.557934806606376;1.3740931744322968;54.351730263054684;0.22270446454337797;-20.189609025158077;-21.58821895022487;1
53023;25.881352258053237;1.0541374671284127;41.972270386715316;0.8493710961453887;-0.731314986676847;25.871018014289643;1
53047;31.138191105971053;1.2711151552344424;51.704631924171906;0.1988084217802232;-28.376959284855044;-12.819326312160635;1
53085;30.909847964069414;12.094011847343882;51.603170098887304;0.3482317761147042;22.323503536803983;-21.379426816549273;1
53090;27.39305144514756;10.891855755889274;27.524120457899986;0.9818512107541684;-12.037927386890802;24.606250663285643;1
53524;30.87772297100759;13.984019018223364;31.199463779343663;0.25520057729775364;-18.492503927807725;-24.727738965669822;1
53542;30.937468545399422;13.027634868898144;30.937468545399422;0.9150994822823179;-8.22829753710938;29.823180240181937;1
53569;28.179287460995887;1.1165343315730285;28.93775904959843;0.35137193704046726;11.543774559109801;-25.706293212711344;1
53574;29.030903715260386;11.859157298548805;29.030903715260386;0.28252867728339;1.6922109785953943;-28.98154227311998;1
54023;27.260610880506434;10.369147005569184;27.324582172424773;0.3784557748058682;10.214105495164212;-25.274749346176353;1
54033;27.439532973897588;10.56846564319093;27.61231355799708;0.4265124138713814;27.439166811119186;-0.14175520162690647;1
54036;27.49329662289685;10.664534737153913;27.49329662289685;271.57676271199074;-27.473677969236675;1.0384498241468587;1
54058;31.611853073179333;12.42742884936002;49.690410638638554;0.36437991614318765;20.785672138515626;-23.8173274837966;1
54062;26.402727522605808;10.962931946916544;26.427379296689107;0.5164076348789712;25.26624913329617;7.66294169149007;1
54520;29.509308782829788;12.853485038801798;29.509308782829788;0.6869309928954372;23.707436633802157;17.571475552572434;1
54532;31.110403974092186;12.947155629430142;54.65283813783977;0.42761741870957487;24.181009320673805;-19.573860724565748;1
54536;27.099983968975778;11.391310807983897;27.099983968975774;0.34941531682357585;14.595543461988875;-22.833730360323035;1
54570;26.80904339128484;11.570529938202757;26.89203943136939;0.8632034010773665;0.14556047346285747;26.808648225980335;1
55021;26.077215007820005;12.90472452341659;26.243405374565103;0.6981543082650655;25.799833633317256;3.7933793716453645;1
55043;27.966668043667152;13.306708584358622;28.176173297775378;0.5061147702464555;5.760247600121902;-27.367025213748814;1
55063;23.270559401077204;11.471486501393295;23.59490540853452;0.7892076763716126;21.91312300536352;7.831601049011031;1
55067;27.190196925266786;12.872753945903563;27.190196925266786;0.5758245806841017;21.32255181201908;-16.87173947933494;1
55533;27.724377776628394;1.2608761730045255;56.61192350566531;0.4701502419853815;23.45674725899552;-14.779111310522449;1
55565;28.693871613977294;1.3164689957207876;28.693871613977297;0.4119247822932635;-3.5384033625613105;-28.474865580775386;1
55825;26.942637237264357;12.565945290421936;54.09358592788545;0.722634183120041;21.74921915294357;15.902112046393599;1
55845;27.520615970592015;12.964644566874382;27.520615970592015;0.9614412091967518;-14.810536099589118;23.195523788946257;1
55868;27.715313600922915;13.141232619575272;27.715313600922915;1.0178095248753136;-18.265708388012378;20.84472367486787;1
56027;27.578040476077838;12.821767222193348;55.11208236335657;0.6378645737732045;27.578036075665242;-0.015579136498976529;1
56046;27.42526375351594;12.101135930953856;27.42526375351594;0.909303873475359;0.15314192246403577;27.424836180030304;1
56068;26.639521493474586;12.571575056171122;52.4772715556296;0.6760995459797975;24.458337120540186;10.55717058208782;1
56074;25.79832993792337;12.441322153758511;53.67132651734994;25.67656466730178;-24.836728359403658;6.977875893647533;1
56521;25.522370534424596;12.533208083432825;77.25843453081283;27.4723396134002;-25.272313573273482;3.5639254131647893;1
56540;28.807838775192643;13.33572194641019;85.68591456866733;0.4298831686277844;4.733352150433621;-28.416314896859483;1
56544;24.79634628157769;1.0953411739106589;24.79634628157769;25.19566992774852;-22.19372410401321;11.058815456949032;1
56561;28.45499283668183;12.831392470530842;28.6961942349623;0.9897106750678633;-18.66811862229037;21.475287295859623;1
56583;28.98309530991075;1.3462779718440752;30.19097007723263;0.41145094828336465;-23.36122552799463;-17.154385899050492;1
57026;29.12461550011732;14.279735276138938;29.540337019688288;0.38793936191038575;-24.921438743913324;-15.07199784245771;1
57052;25.982296066344365;13.390092018556416;25.982296066344365;0.9208937936879176;9.783501942565508;24.069956348506135;1
57056;27.727675671624983;13.560728884589183;59.64388396790665;0.44536918530501973;-23.85346103868264;-14.13635011687505;1
57533;26.257588839975806;12.623203366057188;52.88272250342481;0.9423632478817929;-8.345580478560791;24.896028963774263;1
57545;27.35783744828456;12.815944917577255;27.35783744828456;0.5423029611581853;20.892219093925746;-17.662572043113244;1
57549;27.05333998533807;12.731276047781106;27.053339985338074;0.4834856123663139;-0.7933821266978961;-27.041703887945523;1
57581;27.663826362665223;12.671155516482322;55.243277220669746;0.5524190339092369;22.580587691473774;-15.981375051332549;1
58023;24.12944606266159;12.167700849254253;24.537911495936434;0.7384211757614431;23.272409420690636;6.373784358341955;1
58034;29.495699079125764;13.108237131642522;29.495699079125764;0.45670664492724916;13.342978370492542;-26.30515524323908;1
58057;26.17015947237489;11.588964125584209;26.17015947237489;25.196274274431396;-23.91966933710962;10.617281460565644;1
58061;24.98961795741716;1.197101726135387;24.989617957417156;0.6913926886738371;24.98801849353761;-0.28273207155985;1
58520;26.423593505238756;12.251468344988533;26.423593505238756;0.42967196087239196;-2.894415051150395;-26.2645893788913;1
58542;25.196192076853897;12.162056293493519;49.18895753932986;0.44376633690922795;-16.936335514143455;-18.654989534333122;1
58561;28.857730716078855;13.126487874432962;28.85773071607886;0.4108094524390857;3.8923336421025843;-28.59402666467732;1
58566;25.38649992913855;11.764813949062779;48.907006808317135;0.4427795859950205;-2.0026492197188492;-25.30738577480715;1
58569;25.43201744345927;1.1384027897292723;25.43201744345927;13.291910095789163;-22.155980666461577;-12.485993430712565;1
59032;26.66880594462643;12.65224011809909;52.66773616385778;2.761287964984719;-24.801613737352888;9.803324259417854;1
59043;16.940632698993127;5.714116221128871;28.664704445678634;0.7676033285960011;14.911413299644686;8.039576459576383;1
59046;17.085834656459543;5.618448935321519;51.405827869449595;0.7076830022121989;16.799665351940547;3.1139990319013133;1
59072;29.474066208270568;14.482662776870692;58.742149319931414;0.5721711531035168;28.7852646440042;-6.33475478800551;1
59076;24.981555969596524;12.180485531840137;25.07462353702737;0.8894388138163509;13.269065050648551;21.166247927862436;1
59527;24.308926176854683;12.375177754028458;52.00297851757256;0.8873759641410778;2.6859902865916396;24.160077567179005;1
59545;18.44537617869058;14.5214250711686;19.04966084034556;0.6718821366621496;6.714579023882783;-17.179823366537832;1
59567;26.15051325414622;13.481055405667025;54.49532349162371;26.200153357804204;-25.184365475203194;-7.042519369279039;1
59570;25.953344771874594;13.00938755937639;26.463952890663904;0.5801635230663776;25.682377722974437;-3.7405319597962;1
60023;16.73879066172917;8.964244161853951;16.73879066172917;0.6172646379124223;-3.052469484067019;-16.458114802918082;1
60041;23.0003426395514;14.535249756587165;23.009286917259764;25.64221620739703;-22.984948918232437;0.8413588788452581;1
60063;16.419054195606925;8.115857942191647;16.614722109775524;0.5989753243088325;0.9116399752033449;-16.39372603265922;1
60066;16.087559020144955;8.074133738910241;16.128286519226407;0.667545096154116;9.979022092074787;-12.61858444170861;1
60533;22.731624662001224;14.858802556305468;22.731624662001224;0.7878123609218636;22.518871372815948;-3.1027716430109207;1
60542;13.090223978961562;7.454237450208801;13.262117425325957;0.9736392955686507;10.868503398968526;7.29586168221341;1
60551;15.844914324131311;7.828254341823017;16.136414537953332;16.544462251470247;-8.899772484080057;13.109361527956771;1
60572;24.14766877364946;14.4810674627634;24.14766877364946;24.659109003923675;-22.54394158542082;8.653358018423772;1
60576;15.835366897341098;7.797876320340378;31.94689026717583;0.8673896403471396;14.025779383111637;7.350942624567734;1
60606;26.54079460873592;1.6121519404707874;26.54079460873592;0.6805973007889631;24.050015306514016;-11.225441738281267;1
61155;26.61026683073166;13.402005651582801;53.84420025130079;0.43583086871842047;-21.713953492915344;-15.382149541278263;1
61169;25.167247624270914;12.887889311626216;56.68282907924178;0.6276136782155657;25.13314775818405;1.3096704725456703;1
61172;26.273961403252503;13.533075623194064;26.273961403252503;0.9269921400438059;-8.540078737318535;24.84729568745867;1
61203;27.322595814192482;14.625480201263633;59.25529642512694;0.41064874208278146;-13.247328437491792;-23.896286977163417;1
61529;23.911055474977644;1.4285421548510362;71.01208857750316;25.86888016856392;-23.900905738996624;0.6966195396747562;1
61542;15.722201305072478;8.64313558714325;15.722201305072478;0.7641924837577322;15.385730325104474;3.235261386717203;1
61566;15.103838458321611;8.646010363122079;15.103838458321611;9.718618071021467;0.23689731642532066;15.101980526955577;1
61569;21.728714829098983;14.7873312837235;21.728714829098983;9.727321266040251;-3.74183564216063;21.4041050770959;1
62023;27.040907870454756;1.5566396867149024;27.04090787045476;0.4314042642050156;21.729324683996033;-16.094941666123017;1
62041;30.210619421239148;17.02359629881965;30.210619421239148;27.729051780606476;-29.6964201290313;5.55014930745261;1
62045;26.222132094050483;15.255905636920604;26.222132094050483;10.526995533548908;-19.832135313809726;17.15478418554351;1
62087;26.515791094497104;1.4677669143296386;26.515791094497104;29.684030029522674;-26.493891047309724;1.0774574424512584;1
62528;18.64802825701916;11.27406689102892;18.72374623049688;0.33674817977583477;-15.771746626080098;-9.949922926199783;1
62554;25.347741233997354;1.5084932741546113;25.487839805691873;0.6722390774855357;17.49019612697596;18.346689758798586;1
62582;17.376069397326216;1.0134822660474339;17.433048291266704;0.7836719032145446;8.731436509604956;15.022975876284773;1
62585;16.705600068953;9.439663542451664;16.705600068953;24.75673352014205;-16.344190376303654;-3.4560837094818035;1
62589;28.098183024263506;16.45478085442779;58.63447623908293;0.263946245842248;-17.053074706870913;-22.331603890157318;1
63025;25.55030697761419;16.05057582510102;26.130056401238434;0.3584606519908984;-23.503098350321984;-10.02110545725433;1
63037;24.942618730485098;1.5656743859692088;25.60413169303359;0.9246929250297976;-7.970584638011144;23.63480504812017;1
63068;30.160134285790264;17.71121236091486;30.16013428579026;0.3258922366566357;-17.506891510744264;-24.558958645836995;1
63520;20.700513381384432;8.805965439686002;20.824301339014838;0.2589416013930736;-17.708080825947913;-10.720780182177592;1
63540;20.333230135575565;9.147765550002259;20.66799122413317;0.35451038374430066;4.490847780008465;-19.83110017026467;1
63563;28.648742081658828;1.5523513498012231;57.32139237527247;0.2658290210237129;-23.722559134143058;-16.062086134387872;1
63582;26.786801732918;15.068928955800677;56.77594782877293;0.7573635779620901;13.275784786327572;23.26556007032223;1
64038;27.55309841180233;15.793857563830537;27.553098411802328;1.123039180065428;-19.952843935604324;19.001506544794857;1
64053;26.775827684102847;15.524275452656356;78.7244460796182;10.004792529701616;-12.18339780377663;23.843442832856567;1
64072;32.075395848171965;18.088273702541894;94.98241219310604;0.2524274620803705;-23.986062209605084;-21.295535647028984;1
64076;19.808229218140998;9.668362796815954;19.963530374195944;23.648466623019814;-19.51245925676919;-3.410260768817693;1
64533;18.965037233212936;10.407828867370256;19.37576030510705;0.9180953481918611;3.179696231610898;18.696581749930452;1
64548;19.041450037337885;10.439130448425272;19.261282769320722;0.8811012716074752;-9.521802781019275;16.489757163882327;1
64569;25.311267371461522;13.509883537929886;51.587899335738605;0.520097654261192;24.140356640604892;-7.609430807492498;1
64572;18.634404078876035;9.813740680387964;18.91113236483953;2.8104729748556285;-18.551970371928842;1.7508314293233012;1
65059;16.61302299812138;8.415933090926364;16.779862233719967;29.429671733654466;-16.61055070708534;-0.2865978776204483;1
65075;28.078337927807507;17.879603694786795;28.078337927807503;0.8682441392439003;-14.250788070577306;24.193141593345107;1
65096;22.998770860701807;15.948384589289974;54.466512259907056;0.8293420543441138;16.64953602011302;15.866203434282117;1
65100;17.68334624940842;9.534777803566225;31.382186965274496;0.3982760618401625;0.8181529160585508;-17.664409426369502;1
65532;22.634698796405345;1.4926179717359618;70.33581487588859;0.7796356949452663;22.620297793524895;0.8072901190070589;1
65552;22.865953671516124;15.450097198753593;23.340237967893263;24.118220893124402;-21.4834844424173;7.8301809379053005;1
65575;22.437359119538097;18.102138928212455;57.07305189784841;235.79866197551442;-14.46810719630466;17.149605197069604;1
65578;21.27163685876924;17.15147270530604;22.226906942479342;0.8993572986588858;18.87739922770446;9.804403757965769;1
65582;22.700178390855424;15.670086181534845;22.700178390855427;0.64986188815231;-16.059509840103004;-16.04338625952434;1
66034;15.882425042939015;8.019495818047986;30.833795162695562;0.7514300395236945;15.869955347329507;-0.6292396350707727;1
66053;16.568186866699666;8.600385879326558;16.623585114397766;0.6664834328204324;6.349055725629324;-15.303408360320676;1
66060;15.806737213264327;7.743372211126491;15.806737213264325;10.223951158815598;-6.462826846554839;14.425145076589189;1
66083;24.70545954685548;1.6049321216127697;24.70545954685548;25.8941027794889;-22.267842443550965;10.700603923634533;1
66087;19.514132590355793;13.990967421346406;19.932688378432456;10.190074545430326;3.2573270158272205;19.24035320533249;1
66531;16.151222999261226;7.809899605292965;16.256432789116587;11.400316262024777;-8.899104119698366;13.478425361986181;1
66548;24.7089058517265;1.6150229818741573;24.758245085207516;2.3433411081329485;-23.153758163795015;8.627485803058716;1
66552;22.06600799403082;14.054115810787788;22.087963738319853;25.447501096729802;-19.925585986730205;9.480492174884855;1
66577;15.904065462919323;8.567301455625735;34.75152646424481;23.12603303307614;-9.719208224688767;12.58873662183642;1
67030;21.589950027837517;13.76875774740493;64.15251782098181;10.1112750599437;2.2739150000666273;21.46986848532131;1
67064;15.79856464550901;8.639148309727103;15.79856464550901;0.6451525686214125;-4.497534961172912;-15.144861311063718;1
67117;22.447789658494;1.6451091385757983;22.602946469328025;0.8252214936392676;19.790741605758896;-10.593857052371147;1
67531;22.62676601954821;14.060455540414118;22.62676601954821;0.7890566501187264;19.969236628320214;10.639554924221963;1
67542;15.915716288374211;7.950694997178791;16.47171164434815;26.637131407807825;-15.85706009277012;-1.3651630621641704;1
67573;27.1316257069104;1.6041168759663686;27.337738758581786;0.5731237433557662;-11.73383241106974;-24.46308015048004;1
67577;25.820717587682577;15.473164464368931;26.578129264652347;23.242345886827263;-19.18142296521082;17.285325272396328;1
68031;22.84241360952611;14.083784134248724;22.84241360952611;16.18238945009452;-14.260186980409992;17.844408838412352;1
68044;24.918925338875972;15.74925516519169;25.468169620010915;0.8916136002286947;17.701949395287123;17.538353048424156;1
68087;24.9042575910823;20.311242877165206;59.45250744777138;0.4833997949234486;-17.249322254365815;-17.963377408717452;1
68090;23.373684132623104;13.813972353784793;23.373684132623104;10.043829407635874;-8.142590423690109;21.909526036034354;1
68528;18.063965662375324;7.488073633729111;32.845177719731126;0.47803892596334985;-1.4002046818149672;-18.009616384046;1
68540;25.370873923797262;15.342742711537754;25.370873923797262;25.391338964588854;-22.76217076755507;11.205571186060855;1
68594;16.42415954251584;7.210038961001322;30.375818942126383;0.7053282612585023;-0.2968788622906859;-16.421476170525573;1
69038;21.369186110531608;13.161128438860345;21.369186110531608;2.5936846356555203;-16.83356229778022;13.163331470159418;1
69052;16.03482288462339;7.329535036820639;16.03482288462339;0.6639926633278962;7.510760878532827;-14.167004481073013;1
69056;25.846580655708454;1.5734280446188251;26.714441935266155;0.6467730827819268;19.426168079892204;-17.049038838709347;1
69076;15.546549450062503;7.223884465756433;15.546549450062503;1.0029399798218364;2.3980477462469487;15.360487193118539;1
69080;14.603412381921407;7.004994497247746;14.989322668885666;9.88186150193043;2.645249606136524;14.361835109681842;1
69522;24.396421068860953;1.2870842054734593;24.53384156023002;26.39603288421321;-24.27540371264334;2.4269601474570073;1
69532;23.39820960549274;13.610873209933056;71.64227318412411;0.6378525126998149;15.611694612689854;-17.42845960097115;1
69561;24.61962729433889;12.676568575358742;25.080127239952976;2.16962352572652;-22.734999604785276;-9.447001698029371;1
69569;15.651659317731019;6.586778093015263;15.875634965186176;0.7786417132553461;15.24432145093679;3.547548857848847;1
70028;22.584379747141586;13.43376235987321;52.03518507854684;0.7378869917086014;22.577589821689887;-0.5537566312236639;1
70042;16.954660067476876;6.3316089490386185;29.521009209471863;0.9729375455755898;-8.11436387282554;14.886826288469907;1
70066;17.2774821759482;6.659389394175322;17.312849667272577;10.637366714887458;-8.350914097953657;15.125264429715159;1
70074;22.765933180010013;12.693550245886234;22.765933180010013;0.92038200427298;-5.40238042911878;22.115650550136554;1
70521;24.02780866902696;13.071360128437332;54.42941097223297;27.800238302555247;-23.65019746774123;4.243082508296714;1
70553;23.673543728523402;13.224623927042362;23.78539197622371;0.5028879233308763;-8.54826517465248;-22.076318424278387;1
70577;27.04666673164063;14.36245838762982;79.49501698707836;0.5593789663590729;15.780440225453665;-21.9658800775958;1
70584;17.112118708241418;6.292651828466182;30.82064803057498;0.49886275437455646;6.003261809914135;-16.024526649064313;1
71024;25.972050623097715;13.560737266682281;26.055051681449395;0.46248590023974917;0.47394587205274274;-25.967725908887644;1
71050;26.372074692805576;1.4319911915941337;59.58322067091403;20.113602611037436;-23.60216522106137;-11.765378042402098;1
71080;24.206002425652244;12.391696749342048;24.206002425652244;10.369776267732536;-9.363036260108338;22.321830243566023;1
71084;28.409946034984028;1.5435299899963593;59.990073107333394;0.4943449069685071;18.031653429987447;-21.954145583272574;1
71526;15.568962267934921;7.622812454838257;15.997025380262375;0.8449648759672576;13.640900866552245;7.504559257496438;1
71541;23.722482603280483;14.150223445704412;56.65141180220946;2.538279094006557;-20.08598868804878;12.621776391876132;1
71566;28.029927374437996;17.20614608478402;68.90720451368841;0.515891644751152;-15.830344886304841;-23.131731655820985;1
71569;14.674890486655537;7.681558461769806;31.065970827692496;0.9139352222753887;12.57135738976789;7.570560360637872;1
72026;22.805747531312928;14.853664863805847;22.805747531312928;0.6740814961526924;18.776733631947476;-12.943585074347768;1
72045;26.809561435022523;17.333138214831568;27.450087850036557;0.5614470472843088;-14.754620689794267;-22.384229998785795;1
72078;26.713281499304074;1.5386118254208327;26.83930155203443;21.252039351050854;-18.516565976009662;19.25451097579844;1
72081;22.864782269762006;13.9340421898124;22.864782269762006;0.7365632473081498;22.841380935217636;1.0342075303822142;1
72520;23.78819466630362;18.52552925462664;23.816738614187393;0.7521828570223479;22.806766611108426;-6.762366614461678;1
72534;25.692965113487567;15.955688323099395;25.906151526547575;2.5726253802509587;-25.481555731186674;3.289190453792046;1
72559;21.885938524414538;12.926101590282853;55.74900658512837;0.6831905076651245;18.766602972360342;-11.260946584201895;1
73032;25.834737710015535;21.00200223807709;26.146533676364516;0.5540732765009985;-4.01281325678896;-25.52118732174186;1
73046;22.46165557494617;14.668324665896783;57.5195877641393;0.8070853456244282;21.39174386939672;6.849763893276779;1
73080;15.91797083323281;6.671436440322106;15.91797083323281;0.963256573948088;-1.2683449453368274;15.86735946990831;1
73544;22.965568506034252;13.788120875455144;22.965568506034252;0.9201798106392843;11.77323726507119;19.718220535983754;1
73559;27.23935598395218;1.4943637448258664;27.23935598395218;0.5599528046178477;18.367866811948847;-20.11477027457633;1
73581;26.00310752875546;15.45793837422808;26.00310752875546;2.577229335185761;-24.052378827640776;9.881531960363064;1
73585;23.818322433023752;14.004801302865262;23.818322433023752;2.7768767266850407;-23.710842673946825;2.2601821198356293;1
74027;27.438153768230904;16.020984906162713;27.438153768230904;0.5721877770501723;-6.060860337208147;-26.760385912425495;1
74050;23.44938390806809;13.44721272715698;23.44938390806809;0.899169309648926;13.18150094427916;19.393855689984143;1
74073;24.603448546417727;13.341557133625699;24.92947629607866;0.6864115761512132;24.09687684407427;-4.9669111868184075;1
74078;25.834146273152545;13.466518253854113;25.83414627315254;0.4771827877371711;-6.500693244504429;-25.002881853968272;1
74536;16.552712567450126;13.841058587181518;16.71057143919383;27.96715746416679;-16.519457990991626;-1.048713986024934;1
74549;16.26838073517495;7.421665310397382;29.93584446031599;0.4788440128377048;-14.53949064387239;-7.298179468974344;1
74569;15.947741886179887;7.346225828397351;15.947741886179887;0.6970337450021369;15.944256516757727;0.33339975411685524;1
74572;16.343949359960487;7.218562275701688;16.343949359960487;0.5258082146280217;4.859017422337279;-15.604955314590798;1
74576;24.742697639719083;15.40189555767702;59.26502061485188;0.6498551232137102;21.727266148491427;-11.837524749844404;1
75025;25.786778050611954;1.4774814880626386;59.15837796809788;0.5241961305075131;-23.365018040942598;-10.910263707993005;1
75053;27.797323498326485;1.4780495560332483;27.850664877425537;0.4531555054772228;-7.460408099760495;-26.777481297830118;1
75075;15.936333022341556;7.02501439731319;15.936333022341556;0.6693605048916157;15.629615076703232;3.1115659647619527;1
75078;15.830925679032921;6.745597743203385;30.409499502713967;0.7488084746163296;15.790894622619172;-1.1251021608729002;1
75524;24.184202628959248;15.46594964402605;24.609113079324665;0.7289600757721536;24.12595867998222;-1.677430943541373;1
75538;26.13204204063817;14.729323347039962;26.13204204063817;0.5429090285605395;-21.625285883289358;-14.670740665681699;1
75542;23.400122857500484;1.5199822082842203;71.72393819656472;11.636678230902751;-2.0892452045276397;23.306668664171525;1
75675;23.978896751544546;12.658863133664047;23.978896751544546;0.45121631555702707;-20.216912843531535;-12.894336915804674;1
75679;26.85421678671068;1.392238560540297;26.86342831459006;0.4323511990463702;-6.979452868675155;-25.93137475880513;1
76023;25.04692218802331;1.4620971188218608;25.14160021703011;0.5261696019826451;-2.8943439394133765;-24.879129491468856;1
76068;17.472720318120153;6.486399774512879;17.69878121649447;0.49340916787551065;-0.30094867824866633;-17.470128368398132;1
76072;16.63644510574061;13.622775240634247;29.29011149788503;0.9317782527119584;-2.6479188158854696;16.42436701065829;1
76105;16.649485713859793;6.837718170290432;16.671794361559993;0.6545358365478525;16.64083554942591;0.5366253376278813;1
76524;23.68667986226531;14.098471983126766;23.686679862265308;0.6666874285429861;16.672341071672477;-16.825333461398856;1
76545;24.564861055685117;13.866211691540299;57.72411944417395;15.166614985230481;-16.142602009127604;18.516176685807057;1
76567;16.650116238989106;6.286346917162639;16.65011623898911;0.47289478493974285;1.0522817670935074;-16.616831041281348;1
77019;28.340771548513644;1.5918362972158835;84.88619259475014;0.5742080722367578;-19.04757901984684;-20.98544889793237;1
77037;15.353764800958903;7.127815188013553;15.555504634476112;0.889815861485384;9.342821849726565;12.1839966122548;1
77041;17.873131923281036;7.213881782614978;33.22207870429556;0.5700140205892166;-0.30317274138615946;-17.870560456680927;1
77073;25.419981957293736;14.302604052964499;25.826141256092285;0.48643957150870254;-22.014037600464423;-12.710532295481476;1
77077;16.48229916947518;7.340794346409865;16.80541821866502;0.7935587079973188;16.33149067918263;2.2245444719881613;1
77520;26.12659141303718;13.904731354892197;26.329310081030144;27.343440406651926;-25.817767240713525;4.0052058084607225;1
77533;26.832213041199456;13.539695301998481;27.09267351923883;0.6239542294484367;0.4039325079392046;-26.829172466129926;1
77536;24.741798732413564;13.780449310096104;24.741798732413564;0.5659905623986328;15.321074163486102;-19.42733360480074;1
77562;27.768244905621675;14.163111085384054;63.25732845366277;0.8843626135511742;4.728637652465945;27.362664546609224;1
77568;25.725349226881757;12.683935999494235;25.73023180425555;0.8652927596071105;7.6191244727750975;24.571172847737355;1
78016;16.19396037820708;7.210196376323317;32.04090366642186;0.7724289749001255;14.38342429474396;7.440528092031505;1
78063;23.601215295581344;12.92398439378704;56.129321961413915;0.8689615124594176;14.600593617449375;18.542923972407355;1
78067;25.63126628130415;1.3096277591510757;26.674907363747767;17.877131359495742;-18.569854857113775;17.666983380556143;1
78118;28.145859420989378;15.902026667875068;86.05928741499405;0.503674436937273;-20.407809446287985;-19.383258656637057;1
78122;25.152687678715903;12.70335697873228;25.1526876787159;0.5031114788463337;-22.02906419731117;-12.139935257396145;1
78536;13.26044707422891;5.999178575549803;28.8815197911548;0.8958631671373019;10.290988582975451;8.362715503560729;1
78556;24.23105339639552;14.427621177795828;24.654398549155594;11.10461096976279;-21.261837792253584;-11.622314846658911;1
78560;23.318612202950263;13.149215561323958;23.57484712385419;0.870523304825055;18.034494647136764;14.782241977926633;1
78582;23.79710596858683;13.420434104799991;23.79710596858683;0.8454632280594041;22.077797584900956;8.881053219089079;1
78585;25.56705680153827;13.564679685795403;25.801361420699585;2.8138133286924747;-24.894593080290534;-5.825257836339525;1
79037;25.351391983122845;13.61302316394795;25.351391983122845;25.657856117802197;-24.12953996078414;7.7754984896703965;1
79066;16.620990956622375;5.561898294336968;16.620990956622375;1.0220080132485927;-7.832263841223722;14.659910760355338;1
79094;23.216859874695945;1.2772490238710084;23.216859874695945;0.9012072667940301;8.763811312617575;21.499260306301306;1
79531;24.44996611960247;1.3130043082996192;24.449966119602465;0.5926574243087521;19.47210830325521;-14.786407321456013;1
79555;27.243143325374316;15.731183287918405;27.243143325374316;0.4847344980649964;-11.908866150754202;-24.50240325458521;1
79579;18.377054776285956;14.417656269679284;31.075386732446677;24.34396468333876;-17.386020761046712;-5.953354041804263;1
79587;27.492096362936554;15.135130228864014;27.766680239520767;0.6083197363606107;21.385709021771273;-17.276192059163964;1
80026;17.452233116709365;7.084507075058233;17.46587116036508;0.5046404428009446;-15.396458244064783;-8.217634349296436;1
80045;27.215454688012553;14.755789209831063;60.90182618705896;0.5713903067457334;13.791584541417045;-23.462164642509244;1
80067;26.315728491804983;1.508049779909977;26.315728491804983;0.7903882561557015;21.90079722406119;14.59015582524567;1
80091;26.93701684081607;1.4212465986786398;27.788619996767952;0.4487460179302106;-18.38517734880846;-19.68725806544093;1
80526;19.127868421879658;15.054385376500528;19.127868421879658;0.40081850735706687;0.19462077103075137;-19.126878289993492;1
80537;26.793776560881028;11.099373571864257;26.833239686087385;0.35392576450036795;-21.46649709544506;-16.03421232383014;1
80561;29.526710685315738;12.981561430434539;29.526710685315738;0.40450271130715165;-16.576536765484036;24.43450578090121;1
81023;25.175194385569743;12.673506854467776;73.77804803443324;0.5271464819229877;6.566025249929735;24.303862342609403;1
81034;17.918600482723587;6.164953371896716;18.00384935560465;0.9415273230361589;-16.214921561014613;-7.625782715866315;1
81038;16.9787718820958;6.360364789554377;16.9787718820958;0.5550319033851558;8.962858720779472;-14.420327949654762;1
81060;25.98515989678845;12.273279206771516;79.06086103515636;0.48038445974523464;15.231670180829163;-21.052903798861152;1
81065;27.991866602540757;14.255121463390159;28.827794944383076;0.5048750468494837;22.071456726438676;-17.21613760015241;1
81524;17.487141848460183;14.327431754826565;30.894016894861068;0.596234518452257;8.33657072661282;-15.372108461377367;1
81546;23.942418261972076;13.311286479505517;23.942418261972076;0.5696510419242848;-3.2002788175999384;-23.72757062408276;1
81567;16.48931141142511;6.055513671328524;29.89325165529093;0.5729783839640837;-5.204333977394354;15.646478794754206;1
81572;25.64542477249412;14.630385247691267;76.88959758642294;0.590878625505922;15.355472483339604;20.540138182959126;1
82053;17.51296146263288;14.397751607871129;17.638054728891834;0.4917285219235179;4.127520128645042;-17.019617997455008;1
82066;18.388570704509387;5.083589184481496;18.754329718655203;0.46168204271168445;-7.811829369778128;16.646767087101708;1
82088;28.33599681765457;13.059978451233698;58.26405522055315;25.887794670389717;-28.280606054221916;-1.7708858958263254;1
82094;29.689779882448036;13.675522921633757;29.689779882448036;0.44958729631956396;-11.81021960365624;-27.239708926154663;1
82547;28.52774186430029;12.605374354566491;55.542738711754545;0.32988076822962437;6.815968946529757;27.701527452400406;1
82556;31.470120835572477;12.618092159661789;31.47012083557248;28.581515563619625;-31.46698723724669;0.44409415272755615;1
82586;28.49559956789483;13.457070072556693;57.09484220664362;0.3664596625008759;25.108541262181774;13.474433213279259;1
83016;31.11888212688887;13.292075217344374;31.366762546400874;0.2938461746283068;21.456864575912668;22.538584414247218;1
83034;31.511989775545025;13.43832519078945;56.447974301027386;0.28662258718083505;15.469911333212261;-27.453366696210594;1
83060;30.098588339998997;12.457274255555188;60.48667779848293;0.3029688432166809;29.165759970506183;7.435285159531048;1
83064;30.948344753016315;13.256722360059383;31.324839836963424;0.4083438835385144;14.295709191959569;-27.44872932670063;1
83521;27.515482126602006;13.308572574623009;27.515482126602006;0.3871333726359483;25.46700178262398;-10.417944944334339;1
83545;26.689019442395207;1.1360660921774255;52.08468568505943;0.3883349835211685;13.014076261311565;23.30102096178011;1
83549;27.495242397145688;11.652792276750063;50.5039742568965;0.36046189879345814;-16.122611749831364;22.272174227991247;1
83578;32.748356834937276;1.2522397932717841;32.748356834937276;2.807382933642901;-31.41464936700351;9.2506583839535;1
83582;32.90396617365343;12.421457762861495;33.02144801309986;2.307509374452334;-30.89213600892513;11.329030089244188;1
84027;26.907218745348008;10.75963390111829;56.103095023695175;0.38054278257652513;7.247759334863571;25.912707408410746;1
84040;28.34787763353687;10.544479347008366;28.34787763353687;14.788502382372995;-24.407857630310343;14.417303916630223;1
84044;28.09705187337823;10.922164217012797;28.403072695409698;0.3089459092875078;22.49094622054445;16.84047689585673;1
84047;31.297959580442058;12.33571786163066;31.804621689691828;0.39463759951727256;12.810486039230597;28.556150324188707;1
84054;29.789364053531344;11.51818318568777;29.99988923515179;2.8487282940533434;-29.644184928314218;2.9374326630126495;1
84094;29.55202776736779;1.0917437209648986;29.97073910942137;0.31939083743246377;-13.599882775180388;26.23672109209969;1
84103;28.829285774023937;11.102345773349496;29.311863231707026;0.30863195530041404;1.3320315171026853;-28.79849666697524;1
84107;27.402064277520875;1.1475172045250517;27.40206427752087;0.4334772914771393;7.847885475036487;-26.254215285170815;1
84124;28.285436290095454;22.452365007101463;50.18505584218975;0.3822849591019447;-22.08223184837605;-17.67599905848649;1
84134;28.59278218320566;1.14243476218531;58.718740581513444;0.37568833220305026;4.419919432314744;28.24909742253882;1
84158;32.042952599588155;12.77967620202427;96.72304476587665;0.3944934965844245;-2.978787995157269;31.904194604775093;1
84161;28.428667294621864;10.849134336078581;28.428667294621864;23.17815928129334;-27.785680145215707;6.012079757959674;1
84188;31.61326981321244;12.123831883197228;33.089591961651045;0.9210745112558487;-20.17984594493446;24.33459771439999;1
84213;28.78275922107923;10.711381052184862;28.99729142025358;0.38172503395301177;27.58158157809035;-8.228218885625754;1
84217;29.883992850187216;10.925608297177327;29.883992850187216;0.3869221422337891;-11.113666046768024;-27.74057417702374;1
84441;29.523869866594495;11.10205318662289;52.965672748526124;2.596062851957234;-28.59949882169162;-7.329908529283712;1
84444;28.473802130228545;1.1718790526701732;55.34689349830588;0.4614749605205574;12.95507773846806;-25.355933596333166;1
84876;29.928397802498672;10.971926797800982;29.928397802498672;0.35603411515436095;-26.21260121439402;-14.443286765821572;1
84908;28.203288126161723;11.917114898507865;28.203288126161723;0.44785635911073335;5.910619908896675;-27.576983762185616;1
84933;28.51819266638425;22.843927597796956;28.518192666384255;0.4328976184769013;27.9677184659509;5.576202719263502;1
84938;28.99810635597126;11.557270686721129;86.01799164015198;0.371243632668106;21.703774043870048;19.231130088605127;1
85440;30.12968179988036;1.3205670781888448;30.12968179988036;0.30087467576035687;-27.119893649764524;-13.126655849358727;1
85454;25.521919490174387;12.818329881274048;25.81377963328655;10.256032724907161;-11.450679819030624;22.808996166972978;1
85498;27.431979291712253;13.642621298164714;54.35059429015905;0.9300340900652811;-19.022253305030752;19.765307158255258;1
85663;17.181950476462646;14.027253051404564;17.362063269664862;0.7974115051179185;3.8323894647711056;16.749095891000398;1
85678;25.451676276941843;12.40336532023081;53.054566736478584;0.39224905513704406;11.389991911559633;-22.760841582877603;1
85702;28.463715978038945;14.450700210203566;28.463715978038945;0.3511923681962091;-7.664266133234271;-27.412445201357496;1
85706;17.362619806011875;6.0813247555373104;17.46565351630521;0.895265445792808;-4.350234267137575;16.80880805854888;1
86150;26.320421513680945;12.92634228222325;51.89832341559866;0.8763674243591913;12.073364310261008;23.387998265981516;1
86169;29.284764797907023;13.598130442637848;88.11193125839505;0.2913375059631594;-0.921853866662306;-29.27025170232149;1
86190;26.772146379371605;1.3409161811847836;26.772146379371605;0.731370037522496;21.97376824890192;15.293833093833936;1
86194;29.37363486665664;15.415306651565308;87.1894986242998;0.8518472005426803;19.509244785800146;21.95904809338047;1
86198;26.291577328362802;13.887259062094762;26.62784367742675;0.6419462011568335;26.289242261479583;-0.35039938715236196;1
86645;16.54293987556458;9.242248328135801;31.69305375262564;0.5382892351549539;-0.4201974452789909;-16.53760242095346;1
86663;24.02791150226508;17.25170152070708;24.02791150226508;2.3276021607877877;-17.961473058703962;15.960138367888113;1
86683;15.822252396810542;9.032470426298563;47.84423224735347;25.590903920823543;-15.684040937023225;-2.086751253541398;1
86690;15.675559956926133;8.803720719527076;15.675559956926133;0.7541542935559985;14.97700179443789;-4.627374764657633;1
87144;17.676094836841663;14.075315406734799;34.243543502194896;0.9257806328569338;-9.237567689788694;15.070224678404516;1
87157;27.450053347684808;1.7336014143102736;27.450053347684808;2.449923142021799;-24.1639425338114;13.023413915460194;1
87178;16.959511243840257;8.276638427707477;33.192168125150445;25.73281768913267;-16.940512955895027;0.8025225361924734;1
87182;15.982208533852408;8.228810642720955;15.982208533852406;0.7749135591467272;15.70011130981579;2.9895642623865784;1
87193;24.213378761369242;14.655593936144248;24.28482503956668;0.5513430775923681;10.636772126687669;-21.751937609473952;1
87657;25.067757762341696;13.278799972715818;25.447045804262764;0.5440899418861845;22.082514482560736;-11.864022646595783;1
87669;20.685230696365224;6.478745927719231;32.918885765741976;2.307601971949956;-19.68221616263449;-6.363107408269939;1
87704;28.121624108999818;13.528460150604614;57.20692141814726;11.483981984257674;-26.41999741460388;-9.633767650312318;1
88156;24.815756967764166;15.091252525251313;24.815756967764166;0.6374835822367924;23.066759812618585;-9.151305132608133;1
88168;25.259577665413286;15.132879063807557;25.259577665413286;0.7834630068724227;20.023496947627834;15.398241257474325;1
88189;26.32603969827145;15.588979516262496;26.32603969827145;0.44487974421763965;-12.848086112799438;-22.977968783881977;1
88193;26.349752962201528;1.5132157735788652;60.29938651896705;0.36674189580133026;-19.567476550995345;-17.64719078480469;1
88198;23.43315145596541;15.460666153972264;58.20736368984157;0.5610849737990273;10.816594415613137;-20.7873488546842;1
88664;25.262858926518174;16.80861481906498;25.262858926518174;0.6380897340315065;23.8946304495445;-8.201138751469802;1
88681;23.95457120102636;1.4746909978287994;57.14672277816206;0.4540497534664239;-20.653623324288183;-12.134633286731848;1
88711;16.286418734772266;8.193644522119525;16.58690455630817;10.457890361526879;-8.51263198403832;13.884614935556149;1
88715;25.352367632902293;1.666240098175374;25.352367632902293;264.22690354224005;-23.48739877367413;9.543827504740584;1
89150;28.162450346388734;14.07784877584605;28.162450346388738;0.3273485813100874;-21.60618118694168;-18.06368024600354;1
89174;27.089672111135474;13.94761075753381;58.67057839583264;0.37448379373287094;-23.86274843036226;-12.822619562245249;1
89178;26.63716075430934;14.308513747534281;26.854430763543743;0.3955225024487298;-9.670020907455923;-24.81993208492487;1
89208;28.805552197273528;15.300392367364843;28.996012089234174;0.42543370248673756;-17.58766006625643;-22.813023709794777;1
89212;30.310895146308663;1.6199018190481138;30.403624390560086;0.3761601279846523;-27.079043314513573;-13.618949215751403;1
89656;27.86717482527219;14.472906607622352;28.288428245085342;0.4149849748233478;-4.787410742202807;-27.452871090793497;1
89671;16.49803669015497;12.942783994038507;16.49803669015497;0.8775424676314918;-2.3789245518827946;16.32562196690064;1
89697;26.952304206656105;14.079986127857202;57.644426061041955;2.6075216798901817;-26.642124136796326;4.07724459993107;1
90151;25.901934865008947;13.131146037790687;55.36293875824161;0.7391520490221639;18.101936468248677;18.526470949715563;1
90181;27.38685617061244;14.23210198652247;27.38685617061244;0.45897220981691045;8.3098960420852;-26.09569923722201;1
90250;27.25359519289349;13.923444423653464;59.972505014367364;0.6273522001450664;11.571347471554997;-24.67513664867218;1
90254;30.064311165340534;15.259396629391398;90.16540699266871;0.7051671185126915;17.806419024111964;24.223836347369982;1
90657;30.725496007195904;15.936184830022347;30.78241944675835;0.5663999000453269;28.758268230162336;-10.817491081126299;1
90675;28.870003712821728;1.3788972170621436;29.47216515702298;0.5915576684911128;-23.512032764762147;-16.752952863513094;1
90695;27.33119984467525;13.090997058669265;55.25549341412468;2.7053655069573987;-27.326947030019397;0.48213169164699127;1
90699;26.302054301627344;1.306056073825506;55.342318880636725;0.8589541087397161;13.159806293446527;22.7731763003038;1
90710;25.30166113111676;13.195329806399915;25.77932309110196;0.6351793983616322;22.988990905072846;-10.567892560030245;1
91149;19.195621640087975;6.780561982083154;19.195621640087975;2.756829339617749;-19.06811874503039;2.2087864710818965;1
91168;25.138472147900014;1.298134388741727;25.138472147900014;0.6357568589347637;25.124359690626537;0.8422185386021127;1
91188;17.709647576436485;6.895579421571366;54.06692966315664;0.7534201396183658;16.754517867803113;5.737399088354308;1
91196;28.41900429744974;13.257987935934496;28.549520063958607;0.34411498977076066;-18.287184575907077;-21.753590175995615;1
91649;26.133896002569834;13.014003900042402;26.31436475455826;0.5130508112255082;16.886824184559195;-19.94531747636327;1
91664;30.866765173482598;15.996651235115644;30.866765173482598;11.675857467116805;-23.058952576931944;20.51930550310419;1
91668;24.408488298264405;14.466243001609223;54.12566931739833;0.7282280354906491;22.32070039410566;-9.877278720532383;1
91690;26.14573687126778;13.546078584083165;27.057241416876373;0.6239396450389181;25.59696038793264;-5.328712362304682;1
91699;27.89172966662261;13.211773538899694;28.49201218466575;0.9012073697653229;-5.560041733446548;27.331932235359588;1
92148;26.04158928199279;13.299059898486245;26.21262751740191;0.41929605928451724;-22.34392381801072;-13.375852897925238;1
92160;26.211049404639407;13.572036819299571;26.826811523007375;0.9738828173755291;1.259308544909866;26.180780219106627;1
92184;24.951969509810834;1.3066066408331756;74.25232351798249;0.8890882989973465;-1.2735735084592168;24.919446080061256;1
92190;28.99526517690153;15.463993885385097;28.99526517690153;26.77185389242569;-26.544602025319882;11.666597875825754;1
92657;18.905041787852344;6.349702648810882;19.293270986605897;10.08888072991537;-9.572690344433022;16.302276054896204;1
92672;28.329954148279697;1.369683503639267;28.791333187404497;11.30356159616397;-26.14599906122568;-10.907476112007574;1
92695;27.98720073029481;1.3215271161827167;56.508696317410255;0.36703787050140524;-2.5268705342150044;-27.872895974784004;1
92699;26.739736581338857;12.579494567089226;27.453509360013562;0.9374825561201315;-14.80003401849999;22.270440172808318;1
93147;15.603503834105718;12.33954848064422;15.603503834105718;0.7482894675986665;14.4981770936845;5.768205341448402;1
93174;26.717783687145676;13.193583334701087;27.016849505061426;0.7974722473522382;9.196510478752252;25.085138232971882;1
93198;29.929939542330384;15.331938141487997;30.10411755727804;0.7914870526874026;19.48804150947279;22.716018998332817;1
93647;17.822313226352755;6.4125745010143795;30.911388377506505;2.8292115985159523;-17.71190115164985;-1.9807590293655275;1
93659;24.20032855522022;1.315548843643252;24.20032855522022;0.4496487836245355;-16.772516304680906;-17.445303063857057;1
93684;18.71132995062132;6.88318919613923;33.30354135541114;0.8521601562839619;-0.5473096651640513;18.70332378620005;1
93688;22.795006924241918;1.2186402863456272;22.897941137344745;0.8377786204609411;11.82664171729084;19.486992748165967;1
94157;19.795332891593883;7.250743765971928;19.79533289159388;2.8227549017124063;-19.412644394737146;3.8735567496164363;1
94198;26.825412024621105;13.314546761355912;26.8722911290156;11.667862590569454;-21.56837900489305;15.95016480767441;1
94230;29.07521484584612;1.3856932876241599;29.190476313410855;2.68323436233359;-28.199861054294956;7.080674745429917;1
94233;28.473130979388785;12.901675154950583;28.473130979388788;28.524485773842105;-28.45115332629517;-1.1185089061213045;1
94855;27.53648256221211;13.742776605349865;55.853921287112776;2.7147744257051873;-27.30114537330267;3.592399365995629;1
94881;16.857394952603652;6.51313921392681;37.62467595722272;0.9661661553174651;-14.578722375080943;-8.46360552591987;1
95229;25.877581634549024;12.70850577486333;25.881109684433998;0.8458662020299845;4.097143725261742;25.55117696990292;1
95249;30.647974132840574;14.529694907749173;30.647974132840574;10.898817426193563;-17.629922563312917;25.069586132580152;1
95662;27.090433833430595;13.13900053846645;27.090433833430595;0.5848462202864132;27.08419654994973;0.5812938389249637;1
95666;27.741441702705938;12.94795127396625;55.76931469196221;29.123027372627313;-27.67427417938335;-1.9292839057402056;1
95669;26.5151581742954;12.89944021418702;26.515158174295404;0.8962258618230015;-4.34997247202813;26.155904734887336;1
95684;28.231677364230993;12.421266451098658;28.451471808118438;0.29222349125941266;-7.91427343545985;-27.0996657320124;1
96154;29.301064769739245;14.697256879978532;29.301064769739245;10.015668292945746;-21.45767787113841;19.952956097253143;1
96169;26.444948866406488;13.173844700405137;26.444948866406484;0.8603867650932058;-11.66369712037986;23.733804794657267;1
96595;26.102888382686846;12.833779218643764;26.102888382686846;0.44240773924531496;-21.48183167516463;-14.828745388565464;1
97063;27.171359432923854;1.3467559091192658;27.17135943292385;0.6902397044325858;-24.225656694880474;-12.30448418808903;1
97075;26.750535667572468;13.277834165244784;27.371556533092136;0.38442961866605974;-15.56457055482583;-21.756270405239857;1
97092;25.22573958679408;13.787421272370295;54.15232699145853;26.62788125921001;-25.173545430543363;1.621896469297373;1
97116;24.362046637434737;20.177423458178556;24.362046637434737;0.8273610178598741;17.274232714233854;17.178771798328253;1
97526;25.995006003659892;12.369815981969758;26.396116984276507;27.186471940719265;-25.51235731436186;-4.985976473534611;1
97552;29.586226861257526;1.541544103087633;88.44039693167296;0.42224347067737755;-21.24311002813028;-20.59308369862433;1
97833;24.379887825754317;12.880419269383381;54.17802974785011;0.8341924249433357;18.360642384028868;16.03950565454454;1
97843;26.200804177226402;13.154355819721985;26.200804177226402;0.8390736655549867;-0.9680053059440062;26.182916286407607;1
97864;19.32857145695786;6.544840573683867;31.988546356547115;0.464655370112716;-0.7269680390912744;-19.31489559994736;1
97868;25.065494267303077;13.100309445595613;74.97796101284139;0.7161580710810747;24.873482594027173;3.0965894963379794;1
98149;18.537974013740442;7.256585717906558;31.78515309943315;0.42548393433779974;-15.889793582374804;-9.548347524238759;1
98161;27.711504265803292;12.920295572942416;27.850260134689;0.4200706415937235;7.294841879634482;-26.73411211588604;1
98192;17.18934829731496;6.1807040926068835;52.29604243838057;29.145923262526377;-16.846152718299205;-3.4177234349995405;1
98661;25.559959158811683;13.208607777059605;25.559959158811683;0.7801982105276679;16.852852880899654;19.216994093116476;1
98677;28.047720718866906;13.783287477647416;59.1467225485924;0.3599876037379895;-23.75326238166337;-14.914997946745142;1
98704;26.367392007753068;13.116892061150738;56.422855439202195;0.547340945308713;20.913132624380882;-16.058650165115885;1
99154;26.174518341400578;12.268351656520558;54.91608507126828;0.6080001248503706;25.641967136357763;-5.253087833100037;1
99174;26.852028479215065;1.3459264688378778;26.852028479215065;0.8381772750768274;-7.840177446522362;25.681959642044824;1
99177;25.728535431541623;12.87185725369675;26.081756355280557;0.7488219409300639;22.17840578078001;13.041313295644596;1
99215;27.647337591251524;12.881213144817965;27.699309593791547;0.35613619360166043;-18.78107855850112;-20.28907006405269;1
99648;24.87269353699194;13.172278029492675;24.87269353699194;0.671560047709631;24.857357955635532;0.8732921908064439;1
99668;28.383948865397546;1.5520565206011363;28.697666924211344;0.9767696573586372;8.948486224746924;26.93646501453034;1
99672;25.981089203365883;13.973011326709708;26.44167253828185;0.9781127532937545;-2.2308417874576807;25.88513745593382;1
99693;17.7604242311181;5.777872164016929;30.659253998438228;14.826196512016336;-16.389507456909158;-6.842274051015939;1
99697;26.544359496450667;21.521299928387187;27.087573015856474;0.9494651308656179;-8.01106874974535;25.30663546510409;1
100149;26.742581822453538;1.3413619037878257;26.742581822453538;0.41006387979281983;-5.207311092616461;-26.23069945150788;1
100165;25.596078689370113;14.111044864388225;25.94483341952041;0.5248379032581912;8.523424462058127;-24.13525387709887;1
100188;26.105195533911093;13.536430580755447;26.105195533911093;10.376943025278326;-13.239229160116219;22.498978757038287;1
100197;26.09698427007323;20.73898970600288;26.93462023748057;0.5083255451315453;14.99976725811265;-21.35555127349564;1
100655;25.165850452279226;13.522044215924414;25.691028049200046;0.9204745381108858;9.75867344221935;23.196730839379182;1
100698;26.086268108495865;13.41103388733693;58.18459649508161;2.1834255911269307;-21.835693636246415;14.272206110210021;1
100715;28.56163823372842;15.040548259355804;28.682920560097845;1.0094914845142284;-16.492405180882088;23.318828228364968;1
100753;26.194059904636056;1.3131764430336845;26.34016530916406;27.55443755377742;-26.129690606455778;1.8352229016004853;1
100757;24.777336567826403;13.197454408190985;52.54466934820118;0.92169273498997;5.072005607761545;24.25265277263877;1
101159;19.247858380281162;15.049398398137647;30.904641134572735;0.404511535062876;2.3783921834054556;-19.100348238953018;1
101171;30.94428448022132;14.906646439294523;30.94428448022132;0.387592262961149;-8.190209750532665;-29.840730658533577;1
101193;27.22227599152995;12.614867240213828;55.58118731001548;0.3572040693949285;-11.052339222574362;-24.8776628296987;1
101647;28.420997043473132;12.26083348884516;51.36817396520919;0.9293528187910226;-21.336255305664057;18.77544360265906;1
101672;27.80310517378264;12.16301507176302;51.81146754717602;0.4400494776856304;9.40711196306794;-26.163312133954353;1
101676;30.82905748239157;14.135672897506968;31.03639438385755;10.071482815830702;-17.007420378387526;25.713390233989223;1
101701;27.59563650427907;11.570347304522995;55.04885217406555;28.066802258544648;-27.48977128947661;2.41487650379207;1
102145;29.851815313021994;12.398371534541678;52.57528551362561;0.7907945768832693;-0.43243667477373665;29.848682986106525;1
102159;19.87842458360635;16.484210403115597;19.93394332444866;0.2758276296478232;-1.6990608548169068;-19.805679895872146;1
102186;26.66059221065303;10.764802533768004;78.65218959900851;0.9355774418550421;-15.27818793998609;21.84866472563476;1
102643;28.277823892073368;12.179241592585957;52.596796588569866;0.8204035708863799;-1.7883900957696126;28.22121515697842;1
102656;26.468041236696365;12.151518995637197;26.46804123669637;1.1125491747002392;-19.227739054081717;18.189317133295578;1
102661;26.135250532335895;21.22502402905748;26.135250532335895;0.731810743696193;14.66930354020271;21.63013763325051;1
102691;26.7685422639026;12.597705073945454;53.501738316684545;10.50413863733197;-12.047019139393567;23.904480433371162;1
102698;28.337667325940302;12.872868685673891;28.68447708954754;2.967944000365384;-28.33759506453343;-0.06399557949661602;1
103150;29.109979857174185;13.066988880110054;57.830844174845865;0.5908163733962272;29.108958187218263;0.24388632570465646;1
103170;30.961421530495624;14.689076502069184;30.991123999190297;0.32825212331120807;-10.684181356304093;-29.059557669287432;1
103210;28.732432634701407;13.992279663342542;28.732432634701407;0.7001953571140476;28.1492013960872;5.759786963957685;1
103214;25.663919433904432;1.1199542687513215;25.77973868214388;0.8609167692530247;-6.071164402719578;24.93547119075732;1
103660;25.208724634755892;11.733008947820622;50.29288278272575;0.7076884741119038;22.698554562462245;10.966103158637207;1
103678;30.052289375026472;13.45516284307979;30.484895896118143;2.773326465705666;-29.51808533940612;5.641164292578832;1
103700;28.08587625425395;12.739351859285163;58.68923096555645;1.6368323776575273;-23.139425197441977;15.918022694457159;1
103715;27.823736999748984;1.3063638719442452;82.6449652827945;2.5769105358589246;-26.834339822326136;-7.353811728017126;1
104155;31.07411169053501;13.547263590449036;93.10726573548214;15.058885160432768;-28.906009718612758;11.403640624963126;1
104165;26.557450234300536;1.183756328247326;50.632244074951416;0.38896249815647554;16.558661629784655;-20.763161801075647;1
104194;30.978361787701285;13.884456314128078;59.71572574955299;0.35467031332551224;14.083025370140065;-27.592160036389004;1
104655;28.138828695480782;11.24347191185919;46.43854162457985;1.209181175924631;-25.99196276025893;10.780146206008792;1
104690;26.545117854285404;11.630433300034056;47.90020721466877;0.8249681493476465;12.233520230773378;23.55810401244464;1
104711;26.88960552180213;1.2025701550436445;27.127381530282886;0.6740365236271882;26.55454161951739;4.2316905009050965;1
104715;27.843641726982515;11.6495074063967;48.46614491865515;0.6251441989674847;23.967122274483465;14.171994725532477;1
105149;25.44171209356397;12.659199350674143;25.441712093563975;0.9640980991401932;-1.7430317898718302;25.381933622781688;1
105184;24.860671590695315;11.844077272905825;52.29894349205814;0.8048861260904399;7.187154577808694;23.799113450191555;1
105216;30.969831560874002;1.415053798111439;31.109448435415533;0.37002386101256807;9.769067316621394;-29.388701752071785;1
105644;26.048889163503627;13.859170331130551;26.048889163503627;0.8288191368340896;5.188118607660604;25.527006325954922;1
105669;19.915433240158546;7.101969818816749;20.56961686692399;0.9448371446413993;-5.892270652238238;19.023817379905218;1
105691;28.687905502737188;14.282011758308268;57.86068992735369;0.32979208909404967;-23.228164750594395;-16.83592244141148;1
105695;27.10163681684329;13.41958980462696;27.10163681684329;0.799638209321492;14.446875336984741;22.93003513188974;1
106147;28.505562714034184;16.208292909466177;28.505562714034184;0.7887669155223376;14.999779845645133;24.239919765253227;1
106158;25.39043616843625;14.073244077432584;57.05437114717559;0.529383705644379;18.4464495709252;-17.447141515180906;1
106181;22.93472668074974;1.3906018299165888;52.978887539191895;0.8000174474585853;11.364419815505455;19.92113576525297;1
106185;16.09986176810558;7.5374268706912275;16.204008354073487;22.651297923968958;-15.228612700661825;-5.224452523025652;1
106651;29.04958510445486;1.632970550705568;29.077306903514252;0.48533722612836244;-17.21439206715675;-23.39963889676882;1
106663;18.37037138439662;8.671248987397522;18.73333359072512;0.49471156917028636;3.5183584557458545;-18.030299458898064;1
106689;25.889952684780027;14.447024251466793;57.4183808206844;0.5915080341289081;22.604120856887196;-12.623128388295266;1
106692;26.493253000809098;14.8011564456638;26.493253000809098;0.44864571768007955;-21.987331190496313;-14.780044711850781;1
107149;17.627806987692303;7.367629146895085;17.72154371767017;10.959153398343652;-11.272589196589458;13.552428269512008;1
107161;17.86611583387575;8.22621035767762;18.02866331410977;0.5465017807564799;8.180471856006683;-15.883260849162818;1
107165;17.781645887088104;8.013133139760024;17.781645887088104;0.5370038905613285;-2.5100618193722717;-17.603593954551634;1
107203;22.658057663772002;13.827980037984421;68.24693567411077;0.8738571024439689;14.439899989073323;17.46072350735723;1
107208;14.215040815991905;6.647107149060701;14.468951445434486;11.538849437092994;-2.2209564401537993;14.04046786582467;1
107211;23.725158565191958;14.157309333519759;23.942007137627105;24.58516074645724;-22.46018626780362;7.643505855238614;1
107215;22.004446290471357;13.994546092833422;22.004446290471357;10.851698976741464;1.0897039281650691;21.977447574711224;1
107219;16.11217599740944;7.284209936986763;16.11217599740944;0.7199557354444575;16.075919564603087;-1.0802895555861731;1
107645;24.35777610151353;14.034340927907486;24.35777610151353;25.950499407633938;-24.178305052329108;2.951410071132162;1
107659;15.662200269830748;7.375125458446578;15.662200269830748;0.8242369716287652;13.990209377283792;7.041204362326593;1
107663;16.20656280366148;7.4761128470456235;16.20656280366148;10.894826422389432;-3.0594037591969974;15.915172840633403;1
107667;27.045686474599982;15.757752502379825;27.045686474599982;11.364549330483179;-18.11983185680118;20.078367721595637;1
107670;28.343023012937458;15.458416845555048;28.343023012937458;0.48034885720092313;-23.255065279613262;-16.20274335885217;1
107674;24.431709405189178;14.251178735914174;54.678404002679976;15.21025463331397;-22.249738729085728;-10.092450195419936;1
107695;21.603354956915464;13.727823470373327;21.603354956915464;0.828144646923693;20.912970231844227;5.417805965193022;1
107698;14.881814352717182;12.178200211675305;30.363192727558552;0.8941884974376443;14.094900637970769;4.775162241690885;1
107702;16.963142651692912;7.475115991687993;17.259472940187802;2.7419096707355304;-16.856702854892504;-1.8973079569595777;1
108149;26.657695758450735;15.292204127976518;26.657695758450735;0.5807047620506722;16.560581852029372;-20.889707318973088;1
108170;16.293127379218635;6.619580150447721;16.43737179389267;12.809817245231983;-10.413745443815595;12.530758381951744;1
108174;17.785996153724692;1.0281196869935847;17.78599615372469;2.514049252843137;-17.67837761008498;1.953618247139295;1
108193;16.592102307793507;6.760806152371712;31.487666953264345;2.6173702588914076;-16.303087556024153;-3.0833739852468427;1
108197;15.897870033629601;12.814896375494136;47.59300737942145;0.8563406715142652;9.610593001411107;12.664074137788594;1
108220;14.4450095912098;5.957251759854841;14.58844709960065;1.0172689588360946;-4.976987649965656;13.560527129217082;1
108645;15.218530425528694;12.213250472739794;30.390336759490243;26.513618625950834;-15.0386391494337;-2.333023970271755;1
108662;16.56509905244693;7.088697756414918;31.025140869668252;0.7501185417173322;16.49542338296982;1.5177331893157953;1
108666;21.893683268935757;13.12860559364471;21.893683268935757;21.074604376160107;-14.237565084490491;16.632050611556433;1
108691;16.920309153542238;7.7054444097429045;33.271580944918554;19.867108656484053;-15.348454024349712;-7.1219253656485595;1
108695;16.30403035776057;13.367270825889168;16.30403035776057;0.5829353454013358;-1.1269329536451826;-16.265036981967388;1
108704;28.59463380075608;1.4976688485868526;84.74636047624642;0.4063886675242759;-19.821139093104566;-20.610083145177846;1
109158;26.56958054981166;15.48930865543049;27.276594191425104;0.7767226255414825;17.746326362188064;19.773985719617556;1
109178;25.676113747340118;13.758964355626219;26.095564271923642;27.94373345611;-25.540393666014463;-2.6364955056583157;1
109181;24.83191462378151;13.411579930962498;24.83191462378151;0.540406261169121;19.6961600082407;-15.122343231541656;1
109207;15.71185952503724;7.098078008306152;15.71185952503724;18.05656417723344;-10.946250840359754;11.271296388367526;1
109211;19.115693893032308;8.597484994400679;37.548460617733284;0.4451485813564441;-0.30165439349756096;-19.11331362268187;1
109215;23.198994548516453;14.865119329534094;23.198994548516453;0.7265288182964221;17.646384410840785;-15.059829523833642;1
109219;14.157575050907091;7.055122316127494;14.157575050907091;0.8388486960670088;14.138840588210876;0.728092125508624;1
109656;21.852277425592703;13.968200091995678;22.380523047159947;10.427996410048165;2.498000272021348;21.70903091632719;1
109672;26.061296186610488;16.50399583821692;27.02689097342384;24.515308422377363;-20.62938447275772;15.925440502585197;1
109683;26.407652101183963;1.5958172779313353;76.72909334314292;0.5657974700530014;-18.095770712884544;-19.23297095624791;1
109721;24.112631376541156;14.436672164631611;24.369598016194875;0.451441966559869;-16.67960533560471;-17.412919277060464;1
109757;25.606476356054653;16.585476988545786;25.845494479602248;0.6871189582845447;23.530930392169324;-10.098858660862028;1
110168;15.697465152870661;6.754733897305027;29.394104171445107;0.7005444206881536;15.581822045882953;1.9019027199162228;1
110186;18.172679019682484;7.6854016700514745;18.19927312984495;10.086591602755938;-6.47575261745429;16.979719985616423;1
110189;15.287963889257052;11.929648974643042;15.349480402740683;0.7761084229796563;15.171598130627725;1.88267098611545;1
110227;24.452148400531;1.5118382157623833;75.47001954561892;2.541386369525031;-19.04012686885075;15.342135777643822;1
110231;25.56399745591484;14.858044116543072;25.56399745591484;0.5212080594227216;-13.660755987463084;-21.607908547034622;1
110659;25.439436223783584;15.43458612884156;25.92452976902478;0.7294439729610653;23.784769712825433;-9.024945711294578;1
110681;16.24430346225195;13.106715048081611;16.976195086005557;0.5772818496892136;6.305746960131064;-14.970469272822697;1
110685;25.161219147107637;14.75418916004192;74.32362197660966;0.7903068272772199;20.238301329417183;14.949853118625834;1
110709;16.41180015495144;6.832569039698484;16.41180015495144;10.820548105664628;-9.131194594967685;13.637025687256626;1
110712;15.624128215712455;6.799823792184158;31.200337480481238;0.8472127025231495;12.527098709357478;9.33730048927613;1
111170;26.910402805143363;1.5746480722439968;83.05970241507391;0.4909492959609969;-20.684272738593588;-17.214256893939453;1
111241;26.53870853397596;15.081895037074325;26.538708533975964;0.6292059561886266;19.07845287249143;-18.44764718449082;1
111245;15.531264821890227;6.858915799567208;15.531264821890225;0.7542206567305956;15.392484126923643;2.071622400460217;1
111248;16.436944429203002;6.999112330140253;29.941818992941975;0.5545653744214056;3.4701164551455235;-16.066469243627733;1
111252;25.19222893752732;15.349547939488495;25.494571031350894;0.8655563091372943;15.430664659154983;19.91338713070919;1
111256;17.585991215052534;8.059594280389458;17.585991215052534;10.631313242828805;-0.7979611320359723;17.567878217009156;1
111260;25.107386084291775;14.985315109538464;25.317045986202825;0.6712096050958813;17.95501702073032;-17.549877485924874;1
111299;22.697607158913463;13.390683707759534;22.92029620258713;0.6064152249671364;-17.086147027216096;-14.941383821611515;1
111303;24.063794610281985;1.5470982183358646;24.3629033127735;0.8786080150418266;10.753825129971823;21.527225927179348;1
111307;23.35182922315653;18.742524059849426;23.35182922315653;0.9054261539763659;16.413523029363514;16.610363928343677;1
111653;17.411060278124683;7.146861130437825;32.60210033337324;2.791392838408367;-17.14647856926693;-3.023787803758906;1
111666;24.267439912362473;15.834885392559421;24.450361166732424;0.7572732550201128;17.362279659596965;-16.954641987434258;1
111669;16.143037584102167;13.200747583492493;16.258309456880898;1.9726246971705352;-14.653574144253144;-6.772771016401699;1
111705;18.12573853248911;8.213586778824759;18.312633419656077;0.6087399234408355;-2.707065337523289;-17.92244945889206;1
111708;23.96632671169621;1.5880186794834295;23.96632671169621;0.7145436738977076;17.82235137294604;-16.023376909721986;1
111712;15.657394935643632;6.863110700343407;15.800577827860144;26.82920323256594;-15.657394822201734;-0.0018847835837228154;1
112159;22.445821043277626;14.709350125718379;22.445821043277622;0.7084871949625672;20.556341333506065;-9.013973224235508;1
112163;22.09989612892578;14.100880340344746;22.09989612892578;10.532836137907113;-1.6131006340890925;22.040946332986934;1
112179;14.709584160631973;7.29780997465859;29.79147780721718;0.7362068616516632;14.6824484353833;0.893070053817463;1
112183;23.877461167613827;1.5134943992827339;23.99288531275279;0.7429731519574084;22.742427375739837;-7.274279955439267;1
112216;18.39348645756333;8.129549124249218;36.220428905748406;0.5594687817386035;-15.231304235132539;-10.311533123711488;1
112219;15.94331056261899;7.482174548144327;16.105276310600445;0.6029165933282665;5.4748059291668;-14.973832232734487;1
112223;24.194940100249834;1.519660427532524;24.194940100249834;2.3618540809988215;-22.950582854690026;7.659365057541366;1
112653;16.141719701805048;7.08676018639491;16.141719701805048;0.7707760910068033;13.7929421167152;8.385097655757225;1
112671;24.11689571275645;14.29550547484426;24.11689571275645;10.918264718531434;1.2728082026499998;24.083285035460534;1
112675;16.754474160149147;13.738453749457667;16.796409778085206;0.9430269774311931;-14.834227342976378;-7.788331241029586;1
112678;25.75667713367037;1.4757221300183077;25.75667713367037;0.6419226219460562;19.338847615280535;-17.012212962489517;1
112681;22.623411874960233;13.204363580661937;22.623411874960233;19.203166549729996;-14.50864313751345;17.358514889597426;1
112711;16.599537412697813;13.600755104230144;16.75530943677664;0.972547270804175;-3.096381002037763;16.308190181800494;1
112714;23.420167292337485;13.495080770996276;23.420167292337485;0.6780511575125984;15.719951560016629;17.360511483012395;1
112718;23.261512173295465;13.705888332819663;23.26151217329546;0.519742783029811;0.12008387802614402;-23.261202214215224;1
113147;21.683251172538608;12.641099063339523;21.68325117253861;18.781759081626756;-13.436249866476548;17.018536098531094;1
113168;23.295743805090446;13.915749010323587;23.295743805090446;0.5625011843292713;5.83529988642851;-22.553069739347176;1
113191;15.243747654807418;6.523261413133228;15.243747654807418;0.8520397542995718;12.689554740671573;8.446717886075412;1
113202;15.108880451433507;7.202555675236863;15.108880451433508;0.9016229641746867;13.002405840082126;7.69517451819696;1
113649;15.12871003728509;6.609528499340057;15.326271987548587;0.8050019159484143;15.126087276481291;-0.2816932667307242;1
113666;14.89027793834043;6.660335975858717;29.567791473855568;10.310026380613921;-2.6352618588307752;14.655230193225199;1
113687;25.195792260108615;1.4448435950448777;25.415965947374076;0.812657104554512;19.268947790143816;16.233779556075685;1
113702;25.345262364151672;14.48582582255579;25.34526236415167;0.6269790466650783;-18.484724375422665;-17.340625394498847;1
114160;14.827004030103948;6.506576274086491;29.226549880296346;0.7936523520884513;13.081555965619623;6.979465740805695;1
114176;14.879982042249882;7.356635376153281;14.916347133886553;10.148899590326254;7.290097756955848;12.971828717328421;1
114180;15.084078426048077;7.0967274306734405;15.084078426048077;0.6497822023093512;4.638972161085982;-14.353026135691326;1
114210;14.513198197163208;6.882268708324556;14.513198197163208;1.102406980651931;-1.1911730342446862;14.46423273847008;1
114213;15.05764999149528;12.35098400742829;15.057649991495282;10.017412022015211;-4.771815154552186;14.281547654129223;1
114645;26.026567618535818;15.66128014450257;79.1087348489759;0.7309604895453514;-13.356649212623463;-22.337908223760394;1
114659;16.447530747982697;7.286527712563745;16.59508566800785;0.6055221318681067;-0.44640956694776607;-16.44147153403167;1
114663;15.49178700841172;6.689500600287412;28.7982596560433;0.89646949580993;0.762322695681118;15.47301938283681;1
114684;25.942186239280005;1.6131058025443612;26.013739056969047;0.5453932068714188;-20.14420523761049;-16.3464987755334;1
114690;21.11130044894501;12.810662083951383;21.111300448945006;0.9653737058596726;5.648572510221305;20.341598640283852;1
115147;26.355575083353568;1.5204462937857939;26.355575083353568;2.622414061965606;-24.674423559635002;9.262243787226534;1
115157;15.94698418008141;6.450172983716093;15.94698418008141;0.9461910901564624;-2.4628439200663625;15.755656262598487;1
115160;15.720155339459971;6.847242802383212;15.911555597247075;10.533164990777843;-5.102034350429271;14.869180521595386;1
115186;24.790229764174043;14.763767722925895;24.790229764174043;0.8414518102353977;12.542560186208703;21.383163370649182;1
115190;17.739188999784734;7.844409443235068;34.02752408354161;11.016083195022556;-7.933074947388165;15.866478760241856;1
115642;25.469707630385933;14.817928473269959;25.469707630385933;26.33427154792542;-23.88267660460832;8.850071467340461;1
115659;16.956470188517038;7.024161213456693;30.048260900376757;23.423300529304697;-15.957510831054858;-5.734084873005794;1
115681;15.463124468205468;7.279602113343366;15.557493196694525;0.6349409061243284;10.904942632622614;-10.963140266293431;1
115696;15.803093140653381;6.5534691568624;16.188586680940656;1.0435149753221649;-8.374637699521799;13.401611702101885;1
116156;15.55803212243895;12.276043365948379;15.644229950631766;0.770328904578325;15.549362858283457;0.5193055211310227;1
116211;25.12396304089983;15.012625773569189;25.12396304089983;25.944217226690846;-25.071730359265217;1.6192145234030755;1
116239;25.26152517354868;14.800122019312141;25.33838412229933;0.9026021024511865;7.205087944726942;24.212215136219655;1
116646;25.653778628606823;15.101088547527748;77.7044261422724;0.5359214090609744;-1.0672066488778404;-25.63157092131021;1
116657;25.496199464237414;14.34067575007757;77.8469564718568;0.6262460642384216;18.705308862296967;-17.32534581144788;1
116684;24.718512087106927;14.911774576885716;25.056780091673872;0.5774433784138192;-16.19993255797398;-18.66994978347681;1
116689;20.749464182594153;13.065679690311105;55.66563018069714;11.11744509973785;4.465151401931203;20.263333556515065;1
117143;13.350166323809816;7.316631975813944;13.472229458102003;1.028733837171331;11.2565686187402;7.1775067958852565;1
117159;20.804835742108537;12.97579948599909;61.78042328437149;11.047167142733354;-10.089223152854965;18.1947455719505;1
117180;23.72653981244249;1.5471045892409754;23.962695087038963;2.301594629274587;-15.602346280220065;17.874996000657497;1
117189;22.48352226101756;15.50417050662014;22.49083357662831;0.7838674793503441;19.263929068152326;-11.593524490803821;1
117657;24.690879862836848;1.538669165192697;72.37204187042549;0.7494080071801791;24.07700277186814;-5.471515870807287;1
117690;16.370713966427505;6.989926782233917;16.75886451421138;0.7532960333881284;-14.616001685234771;-7.3737894265973525;1
117710;25.25911489218253;1.513368762531485;25.519909193727518;2.604701663388045;-22.808778784025765;10.85276441824172;1
117714;25.49233321245492;15.625260084557638;25.779064446167844;0.5722213002420722;-10.98434111346294;-23.004419204099023;1
118155;22.92440779269088;13.648775656873315;22.92440779269088;0.6670038681386343;16.293025932224168;-16.126555075944058;1
118169;26.464261446455993;16.143097772780028;26.464261446455993;24.70482937975882;-20.69478592416623;16.49493769188924;1
118190;21.19700820264028;13.170298602142944;21.216809949793248;0.8667865424158534;16.87463473654869;12.828088682686271;1
118194;26.007689224746894;1.5452166017564088;26.02064899408723;0.5601297214297342;-18.55854427899803;-18.220327468393236;1
118667;15.742999387859397;7.415032088818498;28.862888347826004;0.5984074815587097;2.3870141710237327;-15.560983036860918;1
118680;22.990163656737572;15.830549595854935;23.345830155369672;0.7534653396770341;17.91212975459654;-14.41191287158212;1
118683;14.167114938237903;7.573613092198728;14.263050008227845;0.7468988371665449;6.115049455148015;-12.779409839047243;1
118708;15.887756461091186;7.650299886567407;31.629006961426484;259.50644364740805;-15.636848420604133;-2.812432548168001;1
119149;21.371212512218506;13.910073122405414;54.08506755374284;0.7472912572372888;18.41288325701694;-10.848707499323135;1
119162;15.949908452431018;8.029918677225352;16.151681070323303;0.5907841382927258;-13.976780847156567;-7.684346217570353;1
119166;24.597624293871654;1.5510851380720272;74.44564818013882;0.7189249767509572;17.66099054717603;-17.121113684425552;1
119189;24.50497846844739;16.507039116437973;64.59917529320263;0.7718802397728064;22.1897334516785;-10.397581405429358;1
119648;25.502377569052555;16.074495358697735;25.94258719871025;0.6774628556106075;21.288055606675943;-14.042433911597655;1
119661;16.051256594872335;7.664385432620243;16.051256594872335;26.40770242846037;-15.482624043608276;-4.234523703879284;1
119666;23.903030432228903;15.574344344866121;24.113951211911097;0.6517188664909233;-10.71321637707282;-21.367776175870052;1
119692;15.454519136966095;7.5126761663596735;30.87324680729197;0.7505288133338215;15.451772387260547;-0.2913620550856826;1
119696;15.103114646269534;7.2756272928178145;30.836246551099602;0.807428805606856;14.869791813756633;2.644496820549713;1
120146;14.671857722983578;7.1762676358631685;14.67185772298358;0.7500892639692684;14.602761194484003;-1.4222427853024957;1
120161;23.17371143525534;15.189847065813087;23.173711435255335;0.7188904017196371;20.078025136015192;-11.571249211819184;1
120203;15.114880785569296;7.1966071687815925;45.658099718574256;24.15321351398814;-14.144246934171335;-5.329155639231854;1
120642;15.776788597081776;6.954731397192096;15.776788597081776;1.0628727599680448;-5.348294656332464;14.84260094141371;1
120662;25.772852056633702;15.423156776669993;26.01649461847186;1.0080037298268865;-15.966926676917804;20.231093782271355;1
120716;22.350438791688937;15.062464693216393;22.484231358942733;2.631063792327139;-21.897283517508924;4.477844206185115;1
121159;15.476651331656837;7.591865720741566;30.508866414153488;0.7315095669583785;3.2650246856261176;-15.128329393688103;1
121176;23.14121930927362;13.87853396591794;23.14121930927362;2.466718895033888;-22.337060351362528;6.0474594648898945;1
121198;14.476378343399139;7.058837672740572;14.476378343399139;0.715390612544909;3.718421503466252;-13.990670872542008;1
121202;24.627705132293855;15.41403904872269;24.627705132293855;0.568579535021671;-5.738676186381056;-23.94976942918399;1
121668;13.844152673620242;6.6965094462196495;13.844152673620242;10.727212269381711;-3.768077160696586;13.321492324868984;1
121710;22.511828830307483;15.381932870024787;22.653525250758893;1.0017907132332433;12.254033678928993;18.884414099482598;1
121791;14.560584206999886;7.384853728474395;15.032217914307322;0.6714531550321021;1.1969644936009347;-14.5113020935474;1
121795;21.540663267784833;14.359582969642233;21.575194756701862;10.608103769427018;0.5365038806872523;21.533980997532765;1
121799;13.119299290049135;6.743462104701148;13.313365417610402;23.427018949158203;-8.114635869906676;10.308671037563846;1
122153;23.085402236074753;1.5879718578380295;23.130136039746617;0.8642940326899292;14.466959572213714;17.990077185418055;1
122163;25.376341174141643;15.179240915988832;25.376341174141643;243.8751025250932;-18.176974124479198;17.707521087505448;1
122185;21.07743651079209;12.926388226561844;21.07743651079209;0.766875158617845;20.600725044532947;4.457404794947898;1
122189;23.66983726811885;15.049689160540002;60.31896244060144;0.8475484808697782;16.3065741152127;17.156830620027208;1
122661;23.04297170341871;18.48481501943834;23.04297170341871;0.5927089361745218;13.029296113502376;-19.005683037218823;1
122672;17.3230272570235;9.193226801562977;17.3230272570235;25.487225648155952;-17.3229013302286;0.06605187918093602;1
122697;16.295231550520082;13.000332575495303;16.3508353807549;0.49366660274040536;-12.977740835459583;-9.854583405335303;1
123153;15.621008943365107;8.547614998681103;46.86453216412048;0.6616433914087388;-3.1681718524829905;-15.296359289773077;1
123173;14.618270310801492;7.616302199479271;14.618270310801492;2.3123603141062663;-9.876874479923567;10.776881617030732;1
123201;25.634859632048844;15.650335863489003;26.192355429492785;2.4135039631293096;-22.8921014939072;11.536798409762524;1
123648;24.20713830667915;16.944321279786813;24.207138306679152;0.775977286130461;20.69762388227678;-12.55364132937129;1
123665;14.433347720609015;7.799685126555773;14.806704203309053;1.1778480620122853;0.6284485101214738;14.419659458327564;1
123685;15.188788955078799;7.822692636618462;15.607302073329981;0.8195608233898326;13.884428520161187;6.158080430658431;1
123689;24.50659608594318;15.546958818164017;24.591003075635985;24.375399520749422;-23.739789537640792;6.08240449395519;1
124150;22.760670427083408;15.088511353380031;58.465110306657465;25.79575172318906;-16.695343731462415;15.469764574117725;1
124180;25.089833238470774;15.843140468197758;25.131203646256324;0.6336436497581742;18.562440007790176;-16.880034149594113;1
124210;24.358366814804096;15.762247589191745;24.358366814804096;0.6234746597150852;13.940323109006698;-19.974919912256052;1
124652;27.153840140448903;16.756245448161124;27.37552686185568;0.5828481973678384;21.61278468773232;-16.438326326447516;1
124671;21.803928282336113;14.477018708606733;22.154521261411755;0.6543953030472356;17.313397308960724;-13.253586765978792;1
124706;15.848197248189976;7.401762972144053;15.970519698813131;21.243266495600203;-14.827557875760304;-5.595434161753214;1
125146;25.771670405894294;1.643904453270439;25.93464042661637;0.7786763709559771;-16.260517413678947;-19.9943634294641;1
125166;24.624258865275166;15.909327437910228;24.624258865275166;0.6386686368001527;15.963658119328674;-18.748753134896045;1
125169;14.540158082645702;7.382628556380771;14.540158082645702;23.403124332400466;-9.090772441185036;11.347865591859897;1
125194;23.005498579092567;13.80127183918513;23.16907879289994;0.6196009824578218;18.96412960648292;-13.023622888472623;1
125197;17.544241799424878;7.472793417341823;17.544241799424878;0.49931584989888805;-14.138741999795544;-10.387318950523499;1
125645;24.653571788244093;1.5663764532669435;24.653571788244093;0.6037484778005704;-17.695041575726492;-17.166365531218773;1
125659;25.369275809315056;1.6075133764679008;25.511334721467342;0.9185316411876169;7.9245469801952275;24.099828012825668;1
125663;22.517911045051235;1.3272435966376046;22.736253356169392;26.28774596751452;-21.796541957449215;-5.653943449486946;1
125689;16.1203738112075;7.859632478037335;33.341422639154075;0.5966261485285224;8.539039636103135;-13.673011881298292;1
126149;22.848454443491935;13.049371706038242;23.2720880581907;9.801034456418327;-11.288480638382369;19.865096912252724;1
126161;15.746763118068085;12.93139492138885;46.726393249257114;0.7766906338625573;1.8600787336036828;-15.636516741312454;1
126170;25.427669783426005;15.387682360523572;25.64525685044625;24.800243793346926;-22.864929814336534;11.124808996132032;1
126195;16.375606759403745;7.7845105318506365;16.68530405489286;0.6180484474121147;7.365611446674799;-14.625603056121918;1
126200;24.58510495601081;1.5201235826403638;24.58510495601081;0.9854732327155143;8.300338482968266;23.141559298505;1
126655;22.802503296035198;13.837468443790994;22.964274348827516;0.7029275355999474;22.2932526193813;-4.792185744954483;1
126668;16.98267885298353;13.811504573543008;50.5960588510213;2.7728321739801745;-16.27625800046485;-4.8471441618625155;1
126703;15.946998482836651;7.86623696842481;16.138094003662264;0.5574811488061397;-0.16430392230113522;-15.94615203842955;1
127164;14.431129781032755;7.294792539331029;14.431129781032753;0.8542782761349307;13.080738159589348;6.0952273097296015;1
127194;26.146294839084952;16.262547659640482;26.458530653337007;0.6400793917692512;15.34320432481425;-21.171084404426754;1
127219;16.759299787800135;8.27334589237917;16.75929978780014;1.0104875888115776;3.7650828971327948;16.33089955131302;1
127224;23.70454565452628;16.03133916075325;23.70454565452628;0.6796540515216403;15.158123312982312;-18.224620224189664;1
127654;15.926752868213969;7.478969846888625;15.926752868213969;24.04327420173126;-15.02439844283591;-5.284780823844236;1
127680;24.35082896201886;15.148918274567496;24.35082896201886;2.5288781928596116;-21.971500369072803;10.498382859723211;1
127724;22.096691886356236;13.322079948385639;55.56950173129407;0.8763531557202846;1.0521195306487616;22.07162968187417;1
128153;16.368389075081296;7.896137732607509;16.46256298182175;0.6839657539827149;10.203211128220369;-12.799165737898731;1
128162;15.942965339699581;7.336437567281642;16.302092074350362;17.304859182036544;-7.9696141076445475;13.808091642152988;1
128195;15.563421297583341;7.964697636031659;15.64766667544224;0.8472562636897614;15.483604741546317;-1.5741876297427644;1
128655;23.279757444404037;1.3757459154971408;23.53382316287949;23.53999906585471;-17.163826119413958;15.7273703972663;1
128674;24.169819461612796;13.227562022308996;24.169819461612796;25.44634995674524;-22.664888314327833;8.395416041269327;1
128706;24.44002248322603;1.4557194115910657;24.998079466678135;0.9960234180560573;7.830489861137665;23.151633366033035;1
129157;15.503446278562992;6.536950997772198;30.539679694174396;0.9803608046520409;-2.3599283898626804;15.32277992098721;1
129179;26.645081903801263;15.113603753027562;81.07196269870029;0.6811093705564859;22.44632632081631;-14.356978246124994;1
129198;22.37399728716747;13.857694239926412;22.37399728716747;1.0128878798573517;-0.47651835833143613;22.368922299931;1
129203;17.10580288298139;7.988020057003542;17.105802882981386;0.6331127802745413;1.7630025534248353;-17.01470876236299;1
129212;17.500496642657524;7.294494771752753;33.9599390662461;18.126362563872842;-15.55550805453208;-8.018326003914709;1
129653;22.961181295156905;13.45632654899267;23.629552155658583;0.9963765361556758;4.358796916858881;22.543662876885044;1
129673;22.059349978249298;14.004913914006877;22.229142908194934;0.7921130549811716;22.05934829429759;0.008619382651860196;1
129677;16.347146446763414;7.4086926328598;16.535193149721753;26.211834846590786;-15.862794030959035;-3.9498053728380227;1
129698;17.451749617423257;13.764565497107844;17.451749617423257;0.7279920299576605;-1.6494587004164394;-17.37362514574472;1
130149;18.192298018091552;14.462012186891691;18.236277983180614;0.5189098554536301;-15.463246386680545;-9.58372152996261;1
130166;24.901216327748863;1.4511668703389713;24.901216327748863;0.6991188706453666;23.713886481464677;-7.597510285978783;1
130202;17.405857792669288;7.751658707531588;33.42927338782116;0.7811321594217461;17.17174733633633;2.84516764280284;1
130647;17.378746892559324;7.734340134988093;32.75426601112053;25.835209767023482;-17.095549293483952;-3.1245860381338075;1
130664;14.834489376221024;6.479328369898321;44.72039699365505;10.794326346905937;-5.376246165273904;13.82599190740368;1
130685;23.992512948109436;13.919119739270577;24.49180446712346;0.8308366051950586;19.596748784190282;13.842258293159238;1
130708;15.37147904682295;6.30326692290819;15.37147904682295;26.85246484982115;-15.33016522191158;-1.1262337039041475;1
131160;25.46041813030091;14.603109509160436;25.46041813030091;0.46567760359385;-16.505749762074952;-19.385384085994218;1
131177;15.078865004804781;12.11558557773062;15.078865004804781;0.7178266970561118;13.506948354691133;6.703321264629407;1
131207;24.3784287184236;14.037635545948545;58.80262031731105;2.3888275024810373;-19.1248697355691;15.117775774788225;1
131212;24.688098358626966;14.20307469281433;24.688098358626963;2.6333536620484277;-24.67270841228801;-0.8715848595816109;1
131647;16.979344327217305;7.7159871333893175;17.052709852223483;0.6304924573344123;8.670699157114276;-14.59853108737397;1
131673;27.147071450412167;1.5535038300841997;27.2409319697695;0.5500294078121727;-4.783769425177014;-26.7222573601207;1
131717;25.409255388630214;13.251754910434862;55.135479790839824;0.4260539289704094;-6.71212823518909;-24.506684679062793;1
132163;24.543829130998258;1.355657485989441;55.85546674356391;0.7132785638184673;21.276998070794363;12.234741579087464;1
132195;17.01587085023985;7.509322410600477;17.01587085023985;0.5108209755667509;4.649020773772929;-16.368459507145747;1
132229;25.161377511782447;14.959780496980876;73.05326584234398;2.6737679495993283;-25.02519997902855;2.6142464115038995;1
132642;27.007920272197506;1.646020887599564;27.007920272197506;0.7507218637820768;23.035945488821817;-14.098686919901684;1
132662;24.219003518947247;13.707444334347109;24.60935339981963;0.7950757069752057;19.38154198515278;14.522946041645241;1
132666;26.510821207642945;15.605394615282657;26.550176763265622;0.933101612739061;11.053731179007759;24.096445134621884;1
132699;24.876884286779813;14.23027399553042;58.143075002379724;0.6956433256358333;23.920136049193058;-6.832749315314234;1
133152;28.112318573411784;16.52360933268204;28.112318573411784;0.6771170718168097;22.402371581262845;-16.983409643178838;1
133169;24.19308215290253;13.625976567938142;24.227943616127675;0.5552642893405906;-21.257338969422953;-11.55122348481507;1
133173;15.654523162216265;12.248384795197198;15.699182587826092;2.6432926524826366;-15.336902214431557;-3.137439386080614;1
133193;17.68073407324058;7.065965591898358;32.757470534384325;0.6843527453598927;17.38320134396048;-3.229964149024095;1
133664;22.905850016472147;13.557942125542043;22.905850016472147;0.5861963049990793;11.237213477078397;-19.960035026213873;1
133682;23.970125224159393;13.928328855078204;24.24310160485572;26.19676055074871;-23.795769830093537;2.885869272003246;1
133725;22.061083563373128;14.170934067478157;22.061083563373128;0.9801638214931171;12.344486934113535;18.284010783294573;1
134157;27.582977317506973;16.362411479557096;27.582977317506973;0.9303170602349586;7.892834860233127;26.429600745512463;1
134175;23.469174885113425;13.144336340692174;23.51626586213017;0.7136289314822519;22.46612009210255;-6.787902311853407;1
134197;25.54742356947355;20.873346610486173;25.645542047598653;0.47248005489868244;-10.351101101072397;-23.35648854244727;1
134202;15.86757771595197;6.840882184854452;15.867577715951969;0.45202530171010047;-2.0869911778591033;-15.729732686708754;1
134653;15.00107977773596;6.554305560325726;15.219798345147822;0.7450814834457841;14.41748135225652;4.14350406725205;1
134683;23.086994511214684;14.61957031313898;57.3679938589932;0.680487936722483;20.517702216931376;-10.584574214307645;1
134717;17.321263631450584;7.503305308157261;17.43919848036914;0.6302577665637626;4.419558747378754;-16.74794537454313;1
134720;24.419758614078667;13.973759706147218;24.718175020432415;0.576517849622762;-19.501588447620374;-14.697369111154174;1
135168;28.713687560610726;15.817724866352611;28.852267045231404;0.49431106336564457;-18.420113416813745;-22.02669460087213;1
135212;24.37892614970417;14.743474249268536;24.543377368726475;0.6371088247251515;18.52510808808879;-15.847788821704972;1
135216;24.65007942792639;19.51589358888856;24.65007942792639;0.48131479367767854;-10.020201375086929;-22.52158920249159;1
135239;25.70501015411662;16.764683486438184;25.70501015411662;0.7460710604291522;22.661207955965963;-12.13330956498282;1
135243;23.251630395253766;1.4461159957516097;58.212965285158894;0.9900616407182875;2.5971309846812103;23.10612963449088;1
135257;16.28667562537506;7.032749011622273;16.520201938351274;10.239932513002525;0.0736498005962124;16.28650909903833;1
135663;24.019947736591977;14.169390057988785;24.299638317152255;25.499080215351167;-23.921606703536273;2.1713180305838478;1
135679;15.589951894404647;7.464543805164912;15.589951894404647;11.698625758329916;-6.595866652801462;14.125903269112127;1
135683;22.6769525859;14.486843948187497;22.6769525859;0.5525933910657905;-12.867843200968089;-18.67251429075517;1
135702;14.063364910200766;6.884762662402035;30.00617192096483;0.9233833878264299;11.696654974519854;7.808104443749852;1
135717;26.036171210675;1.5717298239071813;26.03720591147797;0.939230809402064;8.012160949809758;24.77271660972864;1
136157;16.23717761626739;13.137575504277804;16.349536663407864;0.7782901507007929;15.22746070285868;5.636521754159161;1
136178;15.436859221936919;7.756828909726066;15.436859221936917;0.8461104532735332;14.85483761564353;4.198859613128415;1
136205;29.383987216563213;1.6830014447756065;87.21940459061076;2.624935241662235;-27.428036787003734;10.541418441268723;1
136209;28.3686935643634;15.864402009133325;28.842686432656137;0.8712620875262627;12.179779853458328;25.621001878733082;1
136642;25.399953534995586;1.4195764214544704;25.904736660487153;18.19814381317357;-18.306849837892027;17.6072964589345;1
136665;16.416994254844965;7.558553292709973;16.416994254844965;15.6479088517139;-15.056407526290984;-6.543874446064872;1
136694;28.154706764716142;22.21858990794135;28.63367416253024;0.5503497177307658;-11.775192673224925;-25.574056199898813;1
137144;15.902640686095694;7.7376890024310505;15.94006398520608;26.703614723339207;-15.89279638789064;-0.5594673932557365;1
137175;23.523156659061033;15.959079623552155;23.729547730727433;0.8937084722526004;16.828084524141897;16.43637643932091;1
137203;18.85760460656645;9.582163128386725;19.218380896297745;0.6082282538960198;8.850814723729767;-16.651496335879386;1
137206;16.260165751466236;7.738286710839956;16.570002857578835;2.3061230238041555;-15.338391622494735;-5.396918815411148;1
137647;22.789261537395817;14.079890531628607;23.067786166307407;0.8679942442588516;9.757161233606631;20.59485970045031;1
137659;25.30505354874826;15.539664629086401;25.496438389355752;0.7452044527887274;22.308496806628654;11.944735465202061;1
137683;16.563124679078843;8.318093686839267;16.563124679078843;0.6619068674642932;2.073451594312208;-16.432829872567744;1
137687;26.179105553522227;16.02939777059165;26.58268843706746;0.6409390432028576;22.307273595434424;-13.70150036751058;1
138160;23.461623517319943;15.009807760405115;57.579912844774405;0.7510706372793663;23.128395120660223;-3.9401925347729745;1
138190;23.914686109140813;1.5177590084236572;23.982830142280662;2.506791122851036;-21.557633964751123;10.352807809504695;1
138224;16.161318163965944;7.52346855788247;30.87851315372186;0.54327411631491;6.715429065239069;-14.700041403570191;1
138665;17.818881355984622;8.501339330563516;34.24972793701775;0.5367815586340976;-0.45166786216237964;-17.813156062892002;1
138689;24.927285557683984;15.105412447138585;24.927285557683984;0.48542669894857626;-13.699136211243234;-20.825542786206675;1
138710;15.32031833489205;12.387838556858783;15.32031833489205;0.7894309479327856;14.932641387521924;-3.424671527912839;1
138714;14.132031146065925;7.238422091630041;14.132031146065925;0.6510207700933665;-0.2507149034989769;-14.12980701745572;1
138718;25.66963754660664;15.227335672507467;25.680347876813;25.983091741196088;-25.64398293577665;1.1473582543188052;1
139152;16.145416747512616;7.585657580562387;31.194462815726272;27.19470086385948;-15.874337233185953;-2.9461668924124127;1
139175;14.967655948645298;7.4403086761652695;29.80989308774738;0.9001650370865089;13.0670687262399;7.299482139216463;1
139202;14.863104261506946;11.767018064350077;15.017335831384052;0.8000073955988878;13.75172714321607;5.639314574215584;1
139212;16.431636884258307;13.068051374244193;16.61736963652603;0.7140056752552603;-2.1107244181690894;-16.29550653176092;1
139658;16.181330314991186;7.693879823860973;16.181330314991186;19.54304184977013;-9.387298204042589;13.180063853837414;1
139671;16.786695176605697;13.29006195953923;16.85733424659751;0.563918124051943;7.098585597126938;-15.211943251029403;1
139695;26.571196308560193;17.00207668628304;26.571196308560193;0.5588495055938204;-20.21731148685055;-17.24206453739527;1
140155;17.02896706173711;8.558132127017034;31.98468337785594;0.5047787663415447;-13.886554702479813;-9.856435343711397;1
140173;16.66611343912666;8.317006549629316;33.05223531609662;0.559841768664589;-4.673361957386224;-15.997469336776161;1
140201;15.934080779583036;8.579204523404819;32.972245298067286;0.6267164609329743;0.030336427637857134;-15.934051901240805;1
140652;15.460505169873729;12.46260872716479;15.59054772771986;0.8407554238222473;14.37223541816409;5.697900419677583;1
140666;24.136521706671143;1.6335553967519822;24.136521706671143;0.7744320753376729;23.035152934543696;-7.20787134865698;1
140688;16.46254328009767;8.283058133086712;31.48876083829448;0.5925324244122787;7.790212773277302;-14.502686516509833;1
140692;16.798730902569755;8.572181533922741;16.881356357776813;0.5716407035121827;-0.8374000553940153;-16.77784613960261;1
141156;21.822627185034033;15.581100588179536;54.004337682996876;0.9794061469240412;-20.185168913767182;-8.293733368011862;1
141165;15.613976074367352;8.63159425943058;15.653935730840944;0.6473976328735259;5.877465064050877;-14.465533286808943;1
141168;21.863688172463164;14.284370723654462;54.15376849534089;2.6350326089412572;-21.862806714279596;0.19632390775622607;1
141197;23.672672192350298;16.994369352012352;24.184225466738837;0.7112350214818002;17.203205515825747;-16.261768929201324;1
141201;19.406670084874325;14.578607914736917;19.47294599453449;0.8713170142732934;18.046242722014224;7.138064681782076;1
141652;25.55811906336608;1.6701966158359574;25.55811906336608;0.8524817986196201;20.34538768797417;15.468763683088113;1
141669;23.48640906774818;1.4706541438881036;23.504514245139283;0.4991287896183645;-20.716766638068354;-11.064673106848753;1
141675;23.70989296247405;16.20496082069481;23.894229209995842;26.215265318954177;-19.51099179561683;13.471459588454;1
141709;15.78941372526846;7.974776047561752;15.78941372526846;0.9698264482969751;-3.571342340062115;15.380217803326964;1
141713;23.098921705606536;1.5289211635089808;23.488607174737417;0.5721819904742023;-2.298208887189434;-22.984308122555795;1
142151;14.981850485800072;7.9864931730172195;15.124434651615806;2.3743500270953617;-8.954778737681483;12.011152390092946;1
142164;23.786257854342274;1.6888913222593442;23.78625785434227;0.9687484363387123;17.572486677900656;16.03102537794334;1
142168;24.03020989750021;1.567434160193381;70.72946057586265;0.9221386016840354;12.65720008486591;20.42660700482553;1
142190;21.55753183116751;13.876002567266104;21.55753183116751;0.9253493959164586;-4.068580697258787;21.170116432407582;1
142199;14.259476697022134;7.542376152209474;14.259476697022134;10.233681564930489;-2.5397070615583113;14.031484729507;1
142719;23.45077955978958;1.6771242972844698;23.997977030582355;0.8959924840170383;11.666418330574404;20.342904052712885;1
142736;22.534882702891597;16.575467176202768;22.75788732104893;0.8387004775831371;21.454041739104838;-6.895290529762348;1
142765;24.574982997780708;1.6241377020279086;24.618843257411527;0.9454154804176856;7.66781106528733;23.34811475918919;1
142769;23.519824216084086;16.42699030023339;23.614342499655834;0.5948554198232308;-8.798438475228608;-21.812143671659424;1
143150;16.054460070141992;9.855473176076742;16.19054027246731;0.7586486274176372;10.608192716048322;-12.050391505796107;1
143176;15.396957433272185;12.278555624967595;15.490246041617587;0.6738230608639245;7.519781966469619;-13.43574253172313;1
143180;24.098944010209532;15.780360372779564;24.197605037964404;23.22673974164248;-19.157867171125137;14.619686311981514;1
143213;19.5676433697139;14.35295016517936;19.625260786686628;0.6863241449116455;-12.809465798763863;-14.79223624049478;1
143704;15.547043832687246;7.99623419860023;29.622615086429583;0.583636402957046;-13.961759044940832;-6.839580126477896;1
143722;14.746012785621067;7.654857069531607;14.746012785621067;11.18029623101547;-2.131567456339168;14.591138175371233;1
143758;15.825062237637392;7.731372457199752;15.883518726822265;24.590442054461295;-15.81975968134225;0.40963209063148404;1
144163;24.393728326542377;16.686076971680826;24.393728326542377;0.5733163422094363;-17.638949830369505;-16.849968265574375;1
144180;15.27859694218765;11.447428608196022;44.281494167888425;0.7773684579053802;15.014816650497766;-2.826801279496118;1
144217;25.005165583586997;15.77538547949242;75.0029081651733;25.975433504427894;-23.997032461756906;7.028565920014484;1
144220;15.126559431979457;7.338330088286701;34.248713453958935;9.809930080858296;-5.141960357032282;14.225787989981965;1
144676;14.170726857428459;11.563270572587252;33.58557417430349;263.4517560094144;-13.987447756959858;-2.2717405032624;1
144692;15.279695244249323;7.830205929424645;15.362847514460055;0.8353794495279743;15.065455996898358;2.5497298607214613;1
144703;15.49569533250417;8.18400538197586;15.595027518515723;0.6072551239686472;-2.2986314020685112;-15.324257486586946;1
144751;24.643628146899612;1.6115407226477012;24.938168463798178;0.7086751586971847;21.417135962302332;-12.19076270849855;1
144774;15.9556570519787;7.767300644414038;15.9556570519787;0.5426424378684801;-1.7395542337474188;-15.86054674430264;1
144780;20.218011167550646;13.574819409395843;20.218011167550646;22.505465728028714;-13.032850560296609;15.456803739589212;1
145150;15.31642945898455;7.18208519457971;15.31642945898455;0.9706180508407927;1.43456806391789;15.249099181329912;1
145168;24.09189122061306;20.468440074343764;24.57123718349915;0.7620663962812688;22.593089529582574;-8.364898570462104;1
145191;21.440864159282143;14.233432029457227;21.440864159282143;0.9334899277850234;-1.7149874024406517;21.372165873075648;1
145195;15.725536705494855;12.929756453127526;15.947546479714214;26.659418924429303;-15.268777766959206;3.7625696244824804;1
145649;14.615519728825946;7.341343784800099;14.905217815743788;0.7440085385473398;14.377539262658653;-2.6267435532250465;1
145668;23.05516680060557;1.5669237508938256;23.05516680060557;24.955107213771154;-18.704492741466197;13.478971306749768;1
145701;13.95917870231145;7.600864887186105;14.104653276482244;25.472151754287673;-10.556881564256994;9.13295799187297;1
145705;13.997803525641539;7.309785233061459;28.52243180787025;2.1994064505250126;-7.6048732481902395;11.751783116677363;1
146147;21.93667881953175;13.504316707193565;53.29349463078388;0.648419085409097;16.44430406307509;-14.51904754150302;1
146162;23.32976414660516;15.313071314233822;23.569276364758526;0.6812145244526494;-7.099130502713627;-22.223416506956454;1
146183;22.88738794691813;14.924096050047236;23.01951453712108;25.18543986428128;-22.874093637463986;-0.7799790364252124;1
146186;14.897177931437092;7.556653980713432;15.038671637516192;11.910204889770911;-4.934135278824102;14.056323109944497;1
146657;15.066459550467057;7.315572818054161;30.729291513317797;10.94002771816098;-1.5910914136457468;14.982210501100388;1
146669;24.87780571306273;13.999702496935898;25.299792938484316;2.6867264536177293;-23.96386419765714;6.681199728577408;1
146694;25.524847884509427;13.49019847882903;25.77950863131403;0.3839730928985444;-10.50146915102593;-23.264500966008193;1
146698;16.770055786518014;7.3769478706482055;33.53936325467557;11.014230304331646;-7.247687044575386;15.123022303323514;1
147144;31.067960504723494;12.797595713795515;31.067960504723494;0.975882624145644;-15.107445701655973;27.147435501250857;1
147164;28.12059706295669;10.647753880878291;43.40514790115425;0.9961467565620812;-23.700126692014347;15.135123850158527;1
147190;31.369413343469496;12.683311056634109;31.369413343469496;0.4307566033294478;29.488996141869546;-10.697625907566833;1
147194;30.3770010614968;11.29890498054692;47.34280767376639;0.29832942280046215;7.018230901189533;-29.555145550441228;1
147681;30.858043097508002;12.999896230687252;30.858043097508002;0.736500042849058;18.19604814996008;24.922332465722295;1
147693;28.55397700209357;11.67046286298406;28.553977002093575;0.8379781659370565;-7.38546519781921;27.582322354143603;1
147714;29.5395537397515;12.212069313579311;29.888679342962966;0.36091807014934546;14.914938987814018;-25.497643619233763;1
148143;29.25341921486463;12.17460729066838;29.253419214864625;0.738333865124695;16.256138450605896;24.320783261139916;1
148159;30.184000164792664;12.30487417419602;90.74686264328997;0.9907490345702334;-23.954814260829387;18.36411554301945;1
148163;30.130578558897064;11.746806985433253;30.130578558897064;0.19472716309805957;-3.557984506482595;-29.919767889231647;1
148190;26.25185213174575;10.534100133093654;49.141039604318514;0.33686878184880903;18.24426082258046;-18.876087713949083;1
148652;27.450638257071876;11.139494975179531;27.63690997837637;0.21417242956054613;-21.30873637019433;-17.305354518939374;1
148671;30.75420499728887;12.361809705969186;30.951816399271493;0.22016187648387803;-19.494875967866694;-23.785939880794313;1
148699;30.291305438089516;12.913127901865195;51.33266628865121;0.7041222773118176;17.69789331196495;24.58348546203198;1
148703;30.780794221943005;1.2448065099923136;54.63350041992236;0.6221569414448719;27.155273461611532;14.49304716609645;1
149180;28.14754764201862;13.215240022301856;28.608746336536367;0.41709393659876104;7.805323534754398;-27.043693586075054;1
149195;28.500048195221552;12.771587098542565;28.796507720073038;13.001772181195088;-24.15332926664604;15.128431262590682;1
149235;28.00913935480753;22.24615058536377;83.29226375353934;0.5873959713872804;14.60035477639064;-23.902751469246276;1
149656;23.71330913106422;13.845624806072607;70.16921963844868;0.559739734701044;18.767458986088183;-14.494947849195995;1
149674;27.058640601719578;15.372259776641377;27.252827364913745;2.54225648906809;-26.770997459728036;3.934936622648731;1
149700;16.838115245332116;7.081408020430795;16.957694950721038;0.8791167313334136;1.3959940784291274;16.780146767775204;1
149704;16.038806659338466;7.023552441152443;16.064340752124274;0.7610189992083393;15.461416444915397;4.264729835820746;1
150167;24.14548388591333;14.836112320288779;24.288123802534905;0.8389719712384016;20.529067602055886;12.710695318318335;1
150179;17.37729496468155;7.493312632561283;17.843552404061466;0.9146661542583614;1.269868151145412;17.330834231745836;1
150209;18.7382665735306;7.30311905902787;18.830178925688898;2.8892087131513335;-18.586241182459503;-2.382073233160658;1
150650;24.462654424785505;14.370594039928662;24.462654424785505;0.9584984052131151;-10.814727659428911;21.942268049562724;1
150665;22.807596609815924;14.491914749961202;23.070159342982734;10.467178531114273;-1.0414256544035987;22.783807752929203;1
150687;23.94136203091109;1.4504873900493596;56.64217270458989;0.648886245828859;23.587639168532775;-4.100255400612226;1
150692;23.512457491966227;14.318587682415354;53.40455806692695;0.9031074746444331;11.032929677290909;20.763191470664434;1
151157;25.917532409848427;1.5948269356993277;25.917532409848427;25.264089036237078;-22.24876042676705;13.293274453191286;1
151175;25.082060590198605;16.20772167242905;25.181450446827817;0.7665026948884933;20.517028308121578;14.427796534957505;1
151199;15.718861258537652;12.847484086037056;15.769115956353813;23.8404790125995;-15.306905583073064;3.575086115891836;1
151649;15.177402148558622;12.656852410870737;15.345176389283191;0.5846038904876719;-0.10969993605446877;-15.177005696220236;1
151668;24.402079923612924;13.882049508163954;57.388366741611;0.5014405453106963;-11.442292791370004;-21.55308424042728;1
151707;17.60292960515826;8.02395462274043;17.60292960515826;0.5057111348065514;-5.433834950977264;-16.743254415127755;1
152151;22.454044852710517;1.4056227569933915;22.758894476868512;25.61424425996306;-20.996234014038738;7.958786809260468;1
152165;17.21921533397123;8.208596495415623;17.419913594651238;27.050681430865772;-16.957024338912863;2.9934432159616478;1
152188;23.628949488378158;14.086789192474054;23.628949488378158;24.959216261647406;-18.673680166572606;14.47829143790383;1
152196;14.93066772905366;7.9532478629323915;15.084169768681951;0.7675651288892974;14.309727342942413;4.261049425440947;1
152648;23.43420003737465;15.123867183484057;24.20399689237741;0.6966050226372605;22.147204831204093;-7.659180736631054;1
152667;21.95489863252462;14.082864464319227;59.86280058244316;1.0233660213743083;1.9638429533629904;21.866890378354167;1
152693;28.329379262245055;19.571229396208324;28.32937926224506;0.6105553059883773;-13.61534937031801;-24.84302700776017;1
152697;22.288862665791825;15.255486941635144;22.569416445922037;0.7356509813734422;16.914365102012972;-14.515428072583129;1
153154;16.57249750668671;8.005559905358613;32.02216401170214;26.51844252572192;-16.535688291810082;1.1039412689233792;1
153184;25.13930155003772;16.181572169690714;25.139301550037725;0.7584980913744439;24.239153888564676;-6.666925917558182;1
153207;15.382258777734432;7.981159580375755;29.802104574363117;0.7872758127900888;15.238849033606728;-2.095558454477298;1
153212;22.889653204671276;14.093477960470095;58.60585143459374;0.5495233806550793;-2.320846265093003;-22.77169068040232;1
153648;16.129995799176562;7.766615189208506;16.129995799176562;0.5620864443451616;-14.267161057927044;-7.524950486788842;1
153659;25.968053424582088;16.078948614745244;77.33339074302695;0.6440845831219281;22.164176833615826;-13.531040756355628;1
153716;24.8658907810707;1.6094274536221278;24.870486325350516;1.011842305211363;8.539459388600825;23.353589824405457;1
154144;15.013490443495039;7.259750749744511;29.639436220807966;18.796434483142956;-8.430983329450456;12.422697589309875;1
154163;24.081610391500018;1.71624226249987;24.490156890942362;0.9845250392537523;3.655611828085636;23.80253056316412;1
154202;15.693268635018704;12.330411616915313;15.693268635018702;0.9589967413714361;2.955205858990207;15.412509165669675;1
154207;24.38356374480689;1.6224117072544972;24.38356374480689;0.9589425701127511;11.511825606647037;21.495023891570963;1
154656;23.861053756740628;14.491209171139554;58.99485950586384;11.064905243407706;-21.335356944009213;-10.684214077496943;1
154680;16.393018028304635;13.200512746439344;31.066352365400643;0.9297999808607879;-2.3878364527069946;16.218177368355683;1
154714;16.629581468616973;8.309501547301133;49.61048602437236;2.7545094315909675;-16.62285246513657;-0.47302826942166065;1
155154;23.330251288635555;13.784859007741215;23.330251288635555;0.9091791674466466;-20.54486633125254;-11.05482214338371;1
155200;24.630844693503853;16.730860672477554;24.630844693503857;0.8175970045495647;16.852597186020585;17.96297521017156;1
155330;16.337378043662202;7.760878782860732;16.3373780436622;2.6710309670115606;-16.224600788095692;1.9163117200654962;1
155661;22.669514181899203;1.5352139599755823;22.755528045705876;1.1074816479374832;9.650876946929948;20.512616785738118;1
155681;27.434252666815972;1.7137808872479137;28.00827343313982;25.533026759809953;-24.308722004583935;12.717085117689354;1
155702;21.409992731810583;15.654118876535176;21.527926685275332;0.8604808103150976;20.34313481435598;-6.674178204177627;1
155708;24.606205541845743;15.938843283142651;24.994006606191956;0.6953346494426446;17.573820824330387;-17.222838697551918;1
156152;15.978066910530252;7.505443205707331;15.978066910530252;0.6810345457592971;15.694355208538939;-2.9976385348451235;1
156172;17.01258197799201;7.699186788069501;17.054218571018954;2.6388503424190177;-16.90372556207896;1.921459778350014;1
156198;13.913222603402524;7.280767729575239;14.105109544218882;2.460074882986591;-12.242429923368581;6.610648438938531;1
156202;22.63496153887007;15.122425016639063;22.95459486573549;0.8683584763494666;16.487912523320237;15.507747240958857;1
156656;25.16194756781344;15.978303779737667;25.16194756781344;0.5640670922781562;-16.196583288747924;-19.256019712703974;1
156671;21.317800388838673;13.95828419108808;21.703581029280905;24.714233776283695;-17.036753193712016;12.81396324463722;1
156674;14.13092612521561;10.533561526350473;14.130926125215609;0.9253708104895344;12.084255110403738;7.324878946643569;1
156706;24.2030400513272;1.4946856744519654;24.48633423026509;2.526618000154128;-20.47497846622737;12.905905800588892;1
156710;24.69806072167881;15.805628034620096;25.569858346289262;0.6750590694057188;18.636766259722638;-16.206947485328556;1
157149;15.888932793411344;7.6730207683495575;16.068228027833943;0.5878065167955684;-4.382338959902615;-15.27263207682494;1
157173;24.213586639672005;16.399923276461795;24.95377535772844;0.7327164277081407;16.75355953363135;-17.481876927549077;1
157215;23.473404930095427;14.65415056515557;57.23065239097363;0.9545387613860997;4.355797164304503;23.065727174222474;1
157648;14.925667890933152;7.30420874478383;14.983442911889048;0.7366925034695788;14.800482895182425;-1.9290588533907793;1
157660;14.703976550821864;7.880305211994967;29.995287186289545;0.6996497785943636;5.676906540630668;-13.56391014921818;1
157664;14.384650367381749;7.4271453346311365;14.384650367381749;0.7685279414830949;14.242067455795752;-2.020316998982932;1
157684;16.183556815947306;7.696950918468;16.213421437133494;25.046824335217366;-16.17232012593895;-0.6029701146362683;1
157690;15.341205788413234;7.373415709554168;15.732874791204654;0.6258772965352679;9.660155916531894;-11.917801085382218;1
158145;25.584133830718972;15.292031868222079;25.892966925346116;0.5137442098088101;-17.37439968602668;-18.779726819587523;1
158156;14.7388024129239;8.03141729739431;32.33363615254763;0.6393438451351614;5.502751590723632;-13.673039950866812;1
158159;22.1796148967633;15.225687314303887;22.1796148967633;0.9405639599893791;14.920019298858925;16.411226069078502;1
158195;13.516278625811763;7.242025627580671;13.620373320284395;2.519006780973155;-13.339791945460597;-2.177094105086072;1
158656;23.63864635973422;1.5237282157384777;71.67211221161743;0.8958071239385619;13.695226953035633;19.267235412103684;1
158669;25.489617357915783;15.869685901413893;78.06127207800577;0.5560647659185907;-9.650195172853183;-23.592251401229234;1
158688;14.283602147013337;7.0395304139713994;14.283602147013335;0.9360768996561857;11.720575755539828;8.163908025744531;1
158702;15.250066669827838;7.677965639153713;15.250066669827838;0.7046388398447359;14.634289409397178;4.28976769956131;1
159157;24.65253772453391;15.03929128623157;24.860922773729197;261.1248874139988;-23.644645844740847;6.9769863935905;1
159174;15.806962704859478;7.944317437353463;35.029517439143504;12.673041153997403;-7.254707596179927;14.043834506528041;1
159200;23.30543638438653;15.589407949765185;23.30543638438653;0.9105342618239528;10.384271831578841;20.86409028916827;1
159205;15.941356046922769;13.163061271688612;15.941356046922769;0.5766859771001086;1.0434598348935376;-15.907168955779815;1
159654;14.032583683579222;7.680543734129684;14.278187201622526;0.8038725799366369;14.032216490306375;0.10151455968316017;1
159676;14.391771813447138;7.502432458528971;30.61647808351733;0.8444417971692625;12.941624986145056;6.2958270821487385;1
159698;14.520407983518162;7.016168539629514;14.520407983518162;11.021242024725497;0.7471699678456377;14.501171850818386;1
159702;15.426242832475554;7.318911164223043;32.09890716081991;2.3521353849727236;-10.501978280008121;11.299443354995018;1
160149;13.406979535917715;7.059921414278001;28.432729045437682;11.459194731340638;-3.474048896559799;12.949057283865418;1
160166;16.740860993550545;8.646504457236121;16.740860993550545;212.69540465345932;-8.964889325026924;14.138146490802832;1
160187;23.257816376301207;15.632692003036906;23.257816376301207;24.567842198961465;-22.56527989129432;5.633308621165075;1
160191;14.61030803451932;7.3590520932839825;30.983511422087787;2.752948144265224;-14.56819723992984;-1.1084809615146323;1
160210;22.52813018410928;1.552855475309425;22.52813018410928;9.900533056186923;1.3933413591523438;22.48500054367469;1
160649;16.405329324703953;0.8859697038583764;16.47036024672439;0.6706040167766899;2.317261278480565;-16.240847589311528;1
160664;13.607024521939033;7.200417337916925;13.737395883851612;0.8505737804125278;12.095011301960247;6.2339247626278;1
160668;22.071658238023577;1.5839201675768897;22.573596104887216;1.0355816250341032;16.61714085652428;14.526827841292317;1
160697;25.178988064565733;1.6361339392049077;25.68065018301779;0.6880762384372655;11.639562051155917;-22.32715913887915;1
160701;16.2163701763965;7.3633727324125;31.190505926720878;0.5887715061531541;0.08153503994137848;-16.216165198196013;1
161143;25.771546507097153;16.150152177228183;25.926713007405464;0.5344970024515894;-20.11866844849334;-16.10626552702612;1
161165;23.16752912480888;15.720113917123163;23.54393043037412;2.4147792885544233;-14.7880721984924;17.833881417152124;1
161191;17.028338259065954;13.99771771498762;32.86886427253853;0.4665490224066632;-14.201289048048507;-9.396153108530475;1
161195;15.805414985048149;7.245057076407233;15.805414985048149;0.6936077673329251;15.447812903902323;-3.3430853018751225;1
161644;23.364311014683974;14.569463040511799;23.364311014683974;0.5475688142980956;-7.159997871792788;-22.240176700440255;1
161658;23.947235077328106;13.743254867244994;23.947235077328106;0.513736962310956;-3.334182325470476;-23.713989459163844;1
161678;17.20756641061068;7.192527075543093;17.508601833699682;11.153262342525741;-15.814570310824886;-6.7823084314673485;1
161684;16.692539761810927;7.73476893582739;17.0876539789965;0.5036016055715621;-11.993791271474592;-11.609903300025316;1
162155;23.042532021752116;14.62089978535872;23.042532021752116;2.443199954357678;-17.922390178949012;14.482617589613543;1
162169;26.976205481758367;15.457893517158215;27.520029346545403;0.4840640916958169;-23.397859935363545;-13.425938054346878;1
162172;15.262773790633618;7.594889232263904;15.262773790633618;0.8193294446289171;14.950729366886275;3.0704975463557753;1
162190;17.200764233268014;14.03601814834646;17.200764233268014;2.613560757588;-16.860476938849615;3.404498142603759;1
162199;16.643104064668286;7.790485840279028;16.869905557294697;0.589096462021611;4.389746825423937;-16.053754567578842;1
162656;22.84203394955438;14.960224993892098;22.84203394955438;0.6807048286974258;21.534239796790395;-7.618072677975948;1
162671;23.624090614579615;14.348354497119452;23.624090614579615;0.6788940552846051;22.916880092913072;-5.737095447429227;1
162702;15.38445886249533;7.717857588843955;15.732713440269135;0.9482609358355939;1.6949661521339974;15.290803256694241;1
163164;22.909594189519783;14.167974624690492;57.45373598621651;0.9256675784732582;13.13966247646656;18.766959688053237;1
163179;23.555329496249765;16.110750909735007;23.725205724940274;1.0045331568396143;9.817595798972153;21.41187428519275;1
163182;15.983793578292554;7.9684210634891315;16.125314800737453;0.6626361892140804;15.142146827034852;-5.118305053627092;1
163220;23.763913582952775;1.5801782059577802;23.763913582952775;0.8890561107370494;11.349858790350734;20.878321154181567;1
163224;15.28854367721051;8.098536312654154;15.332280673838726;0.6711088331432993;6.627126163822623;-13.777545738583164;1
163663;23.310718734564094;14.724570355428373;57.017206990202176;0.5662667854691689;3.1012807329099963;-23.103498993391426;1
163687;24.217144604272516;1.3728107664316047;24.217144604272516;24.903218792742845;-21.703175743397985;10.744405773956357;1
163691;25.630825086170898;20.983538841474488;25.630825086170898;0.4350972885309461;-20.791002215715462;-14.989110095799623;1
163726;18.086942761939955;14.522507683421635;32.86697797239348;0.4778448568545055;2.565901166001959;-17.904012111256012;1
164161;16.65147997134829;8.063556724702172;16.65147997134829;0.5773987311704489;2.621927773164962;-16.44376112659508;1
164179;15.454620349063912;7.486164420125589;15.718407597089985;12.275268516799889;-7.396865803378406;13.569512386983973;1
164203;16.594576670773485;7.9943401184375364;16.876840734342323;11.198913792043168;-2.4971536770239244;16.405614843568205;1
164207;23.85383908337056;1.3889779777910065;23.85383908337056;0.9251948083975693;-4.486470289563148;23.428128891488623;1
164654;15.841784423174824;12.403485469184561;33.362797994568304;0.9942682666745981;4.545778776131789;15.175573433278041;1
164678;15.572562550373672;7.729311881305964;15.572562550373672;0.9248035559926081;-0.4236817766561108;15.566797941048444;1
164709;26.876909516666068;15.411505443993928;27.198165756064316;0.796503489146158;12.351315901755639;23.870761627189303;1
164714;16.31316531776786;7.482614316674748;49.522514280908176;0.9367308261092427;-0.4093773511325656;16.308027865723187;1
165160;23.430162657539356;14.734834590070607;23.81080885353382;0.529894119066353;-15.697901868715007;-17.393918450968588;1
165171;16.442939299026452;7.422159419665098;16.442939299026452;2.097632156758134;-11.12763561450397;12.105617639025752;1
165192;15.936905304156852;7.828920681055122;15.936905304156852;21.80875395764672;-10.383377793000642;12.090095792899406;1
165648;16.894109414728213;7.794494764880247;17.264957325830387;0.9076655471561894;4.726859100403427;16.219362994943474;1
165670;27.71363485743;15.862707527682495;27.713634857429998;0.4870045227884211;-18.44850845924079;-20.68086295685652;1
165673;22.410154250297218;14.271117123324906;22.826583653256794;0.6954540743848464;18.895557632513345;-12.048772355658524;1
165715;16.61312494186039;7.6985880075542905;31.597803147136027;10.80773735142227;-6.243678908545497;15.395206852161746;1
166144;16.909901134561593;13.056448839654163;16.945108776440087;10.895321551366715;-8.57175772748686;14.576341305070926;1
166154;16.93588492658611;7.709716550917778;16.93588492658611;0.5310033179763121;-3.100071536312522;-16.649737376797013;1
166183;23.429719009001868;13.593863271996902;23.48069892222309;0.8943222243416369;12.323392293860678;19.927010192510032;1
166187;24.10562750813514;14.068989932457006;24.10562750813514;14.417223455370637;-16.01463701595026;18.017010817788762;1
166647;27.489711546621958;1.4951885430647611;27.489711546621958;0.43863781446392414;-15.81194859118482;-22.487030098841622;1
166660;15.51776828093169;7.270159308875554;15.51776828093169;0.7466642069184957;15.501270896374963;-0.7153551690511706;1
166664;26.276491110676545;15.512722367327088;26.602246121439297;0.5974105153336566;16.922110932989327;-20.10214283754512;1
166704;24.66510693606413;14.20013379712267;25.0941780664439;0.5256783071340418;-12.823481328466698;-21.069547379712382;1
166708;15.222796500189206;7.62322980411588;31.003735436543202;11.26815599888861;-4.59449906753063;14.512894666627774;1
167147;15.122784363408671;6.6241781488347895;15.122784363408671;1.0374546824939386;-2.4499095565317406;14.923020809037702;1
167161;15.281010720800296;7.050525826841236;15.281010720800296;13.566576884831262;-5.70445828202568;14.17633395338309;1
167184;26.500969981580123;15.868810007251252;26.500969981580127;26.11364469397275;-26.10564730914352;4.560327678491814;1
167188;21.061991964972393;13.46715613463467;21.264892125260275;0.9565600743924595;12.267768613256541;17.120436874804312;1
167641;25.033001847039;14.551634216606635;75.57590532301809;0.5009167580876293;21.32251872771483;-13.11492953012361;1
167666;26.11750256457106;15.352198600704115;26.11750256457106;26.76477282098356;-25.64551323254699;4.942832310490932;1
167699;14.147224285503508;6.48558972428525;28.491611189839922;0.7654107434531755;13.5737628597574;3.987093780112386;1
168156;28.17331973725633;16.58773318860467;28.173319737256335;0.5433833644311566;21.98873273054364;-17.61339200501698;1
168172;26.366196048971283;15.86693765133334;27.006003104549674;0.8165080181153084;20.434259206265295;16.66185298170497;1
168178;17.912262739741635;7.501883801315768;36.02587356237714;0.44817729781242677;-4.857863353909342;-17.24094893247704;1
168200;16.958277450371874;7.399968905103908;16.958277450371877;2.7347147703793206;-16.729529545221524;2.7759710516054255;1
168661;17.24208849585791;7.168000415215397;17.427165285148526;0.5219898319110614;-13.632426626849497;-10.55682527858449;1
168684;15.448143167941387;7.476610201987494;15.448143167941387;0.9357172578871367;2.8109845987131563;15.190243346405337;1
168694;25.657713352594953;14.572876292815579;25.657713352594953;0.38773700726497196;-12.736809615257023;-22.273121364295253;1
168713;22.929341956159888;14.533622233876164;22.929341956159888;0.7787240173191622;19.45109807946417;12.141231652743452;1
168717;15.763642416240561;6.972760848597044;29.432698021539622;0.441923584115089;2.8823212419605655;-15.497891678716865;1
168721;24.44023427762426;14.513080286001799;58.69895380543663;2.5355099295113748;-19.352569264209816;14.926590850529848;1
169149;16.314801509155178;8.157626575973591;16.318925819062517;0.6044217685985854;0.09484323421066437;-16.31452582958072;1
169179;21.57587187911001;1.2593017238939288;21.575871879110007;0.6363072584680975;21.261446704056873;-3.670031524976218;1
169183;23.97307119563005;13.834061474501086;23.97307119563005;0.47251121744224484;-13.259536656290528;-19.972301575212484;1
169215;26.310305179309132;15.42584894106887;78.27506484160749;2.550982873229224;-24.558935013772746;9.438795983475218;1
169661;24.323860204911423;19.50097763809035;63.147544878846055;0.9388749448999282;20.503498517357556;13.086509229614673;1
169690;16.44169774849875;7.690275028565069;49.598053691071236;0.9643211222960437;1.3727878749376232;16.3842875433573;1
169695;22.87744324965781;13.73196711628355;23.43083659087245;0.8525034514999503;12.156332048632569;19.3804282915704;1
169734;17.099010356125977;7.590859551227853;17.099010356125977;0.5504765690198505;-6.025452091890496;-16.002189920358894;1
170154;26.064765721920335;15.957386614464708;26.200995300740775;0.6318000845821881;24.571947150678174;-8.694332945250721;1
170175;17.23985779887598;7.4217442555375115;17.528050516143722;0.5313541403624898;6.8383622408375;-15.825596316997123;1
170215;15.969671986881323;7.42504693432357;15.969671986881323;0.9129684714070769;14.123016140299537;7.4545850635310895;1
170654;24.639951787576585;14.36475680915078;24.639951787576585;2.579686944502695;-22.339139460835444;10.396637545064426;1
170696;17.028261575813634;7.741784985847633;17.31067861623401;0.5154129434199985;9.87497572250204;-13.87251047122785;1
170718;16.19843337551153;7.654231476045591;32.175525226358225;10.153027231341843;-2.2397096612758;16.042847143012793;1
170722;26.268797662592988;16.217352290007785;26.268797662592988;0.5371177356683159;-15.943477640934155;-20.877146628581297;1
170725;20.54494485428552;13.694540508934129;55.520848749256565;0.9016890362907622;17.99051545965439;9.921497495921143;1
171155;15.958675726579092;7.784110279160575;15.997005146190151;0.7033484697858956;15.150284557239543;-5.014798977105037;1
171166;16.821144934627167;7.224676322000824;16.821144934627167;2.5872473730741326;-16.81998006352841;-0.19795851646262966;1
171198;15.170081604989019;12.427695295978582;15.170081604989019;0.8442443959823763;13.472236567577765;6.973536962635722;1
171657;15.279963572648795;7.518490157368013;30.94640630990399;13.030031863222069;-7.5575828635731614;13.280068826692858;1
171672;22.97891872358041;14.021517873180876;23.043661315012358;0.8822462662629498;8.83613262899671;21.21210658722264;1
171676;23.590668531286425;13.580086891399644;23.595063487638654;24.018179685664883;-17.776380056237734;15.508705743846615;1
171711;23.557029628946527;14.071666803741552;23.574611060839857;2.3504312141432453;-18.020230450715246;15.172506036979504;1
171715;23.62373475882079;14.037481391532154;23.62373475882079;0.9000477623244711;4.420005505749718;23.206559315940392;1
172154;22.365684510251292;14.203007236801945;22.808343243829338;0.879890640534665;4.312037920086305;21.946074195350572;1
172188;16.763982565101614;7.7652136129414995;30.806735226128083;0.5403050698963461;2.0410935649106787;-16.63926225835482;1
172224;15.615007965200258;7.562108852104993;29.704690881934297;0.7040109407568672;15.211813654620071;-3.525506926724414;1
172228;23.437396916512395;13.787890055168807;23.595609986854758;0.4878798078110181;-15.594076296243811;-17.496752804136875;1
172682;23.370744735580043;12.633829118696065;55.589741379431295;2.6063429800467928;-23.07218130540819;3.7237292202864474;1
172694;25.84187756152208;14.603976705889398;57.045553312561566;0.6091286301501846;17.75311851066466;-18.778429621536358;1
172698;23.164173977505655;1.2889790726434924;53.730963668557294;0.8210585100322291;7.517622263255769;21.910369955049855;1
172732;17.84294788230997;6.704197039033146;54.52677570310233;263.46016579380114;-17.80512253570676;-1.161206536020678;1
173155;26.424642074281063;13.835406948661246;26.448122648143354;0.49133365768215204;16.4367985041587;-20.69041719462301;1
173172;27.509584606886374;13.5903270011926;83.00777581416955;0.48894640552064067;17.526560592420324;-21.203700597859296;1
173204;26.894849175288893;13.516847167258382;80.43006323594186;26.25614328808882;-26.402448145530176;5.122855071552181;1
173209;27.36977335780859;13.294828542848164;27.65120729550972;0.37008568832421745;-0.3172646903016122;-27.367934463055423;1
173214;27.974101149277054;14.184334377798377;28.37686517599026;0.40602410220486296;10.909624874534034;-25.759084226869014;1
173655;26.502419122555157;14.415290489505953;26.502419122555157;0.8572566195741146;15.237573464479876;21.683970445058165;1
173706;28.675879179633977;14.033767541234672;57.674116472326546;0.6138450544013148;28.60336942346112;-2.037965738174928;1
173727;28.98868487449577;13.959241431185326;29.323032633148845;27.943520045664574;-28.70678033834447;4.0329410309176765;1
173733;14.572657289203958;6.318857105242857;14.572657289203958;0.869784876557222;12.544988865879734;7.415227226696613;1
174173;27.489094664386073;14.92500730455373;28.84052548227062;11.149020110935712;-14.14341630095359;23.57146793913139;1
174205;13.562780679251361;10.751226481247135;13.56278067925136;10.737228493522652;-1.5764719743085744;13.470848372233043;1
174231;25.43221223724834;13.717420024248021;78.04052442386714;1.5102969677221803;-19.569261637068994;16.243196060516663;1
174648;26.461620899218424;13.591303376465863;26.634868301145033;0.6811354209240087;24.59342399650937;9.76631336492284;1
174660;31.59100028573682;15.936706871793126;31.61349450160946;0.35378156650950127;-25.07295666083784;-19.218172216346982;1
174681;27.703622065013313;1.4869112615378381;27.703622065013313;0.296139427127531;-9.835277736414195;-25.898995875683823;1
174685;27.372468401371965;13.379341476462567;27.37246840137196;0.9165834416794031;-16.02286099637691;22.192790538255665;1
175149;19.235800856718615;7.515738893966128;19.669251636312488;0.4020404843715614;2.5940549148445173;-19.06008692787385;1
175161;16.86987871274838;6.523944370452144;16.869878712748378;29.089204599786356;-16.864622249565205;-0.4210987560076341;1
175194;16.72449664713535;13.467456888799713;16.72449664713535;0.7187569659238309;16.434551025418454;3.1006968076480574;1
175648;25.093969691626985;14.193895996056654;55.19197280700494;0.7123963753913454;23.950199771883014;7.4896759456727136;1
175665;25.70981459776301;1.4169809235873299;26.27611041639171;0.8254677227329575;9.543024691180989;23.87310717931074;1
175688;18.191139699880477;7.72665256566885;54.84386031262402;0.6123856700937503;18.1858251985209;0.43968787726049907;1
175692;25.814194627239644;14.177980130980535;55.61513342472047;0.5034607820324793;14.410245137985331;-21.417690802609375;1
175701;29.253745462288794;1.5635710495932351;29.307470699414004;11.372938718102265;-17.256589181092565;23.621849068338857;1
176164;27.181632197786392;1.4043396970554545;57.06277156682291;0.39910938776429;5.473475917636518;-26.624841601684526;1
176176;25.499275192349902;14.232061712853833;26.242581837979845;0.6351183338988937;24.96529750117048;-5.1910457533374;1
176181;26.410444626586862;14.136060553456502;80.1890397342037;0.3718149958862537;-21.739444983762887;-14.996936926317904;1
176238;18.008104047475232;7.517560158073723;18.008104047475232;0.8490383665321092;-0.2148145552323249;18.00682276503976;1
176654;25.38914323678342;14.465057087336069;25.38914323678342;0.501502843184919;9.25578111670837;-23.641893118307806;1
176675;24.738985397141693;1.3907017714862389;24.73898539714169;0.8590445725094692;-1.9656828836557976;24.66076822162871;1
176695;17.535291224374927;14.194714113049125;32.706599637613586;0.6747733379015125;17.362982583240363;-2.4521978178222414;1
176699;29.060506749533978;16.15132765894195;29.56980529547646;1.0141973504650166;-20.367893809063126;20.728288745635467;1
177147;24.17475764769357;13.983686571857833;24.17475764769357;0.7053624794832367;23.409170860880057;6.035696060177557;1
177165;18.084275349029873;7.057860632330371;31.01353970088056;0.8540468067490086;2.2797456998899337;17.940004861854494;1
177168;25.346640558681784;13.885755219267478;25.648906570443877;0.7315527880622263;22.91778118062296;10.827164604276438;1
177193;18.118170496880715;7.62291010685242;18.11817049688072;0.47725042994750194;6.338948957208126;-16.973091299817746;1
177200;25.61073165384003;1.3462761552556646;25.61073165384003;0.5072637445575973;18.820845524434358;-17.369091789451254;1
177647;18.010275132368537;8.008097457274193;18.010275132368534;0.5752798498978349;16.564653555416495;-7.069813500555738;1
177665;26.435811188454725;1.4242057973527942;26.435811188454725;0.41840217785538514;-2.4136648965350718;-26.32539334860663;1
177695;18.732524909233632;7.516065671127486;18.9505755629914;0.40460874501614563;-2.680553311764567;-18.53974442698298;1
177698;24.930680124286503;1.3846555419615278;24.930680124286503;0.7242406797668357;22.942175516862168;9.756812697442966;1
178142;26.395683048881484;14.21182935923977;57.43976628459331;0.4416044795490466;4.590828474670452;-25.99339103566836;1
178163;26.00448899514082;1.4175081878329985;26.20024190457763;0.8471463132352347;11.07723259951463;23.52718355083435;1
178191;23.973249899277135;13.619828102752498;71.86859183505734;0.8324509669031155;16.62356142626341;17.27350329957529;1
178195;25.86297494803493;13.470601216665587;26.018206691846625;0.38820660293702375;-17.266111404489024;-19.25551531718786;1
178643;26.647371481792533;14.329342796766452;26.647371481792533;0.47031971223649155;16.369851112226158;-21.026421032886173;1
178656;17.882150353704155;14.380103624487486;30.0170724227783;0.3736697946650184;2.397017273371056;-17.72076774475763;1
178678;18.376337398340333;6.804874646985944;30.763637396796305;0.6444735788509199;16.074795356865756;8.904534261404617;1
178683;30.314332765046125;15.47611305675457;31.10666385737679;24.70221786461889;-27.98713266253575;11.648140466167709;1
179142;25.81258351179445;9.722883650225137;25.812583511794447;0.3248329268315133;-10.489848754610797;-23.585006691937846;1
179156;27.26720300505667;13.423975094123488;27.267203005056672;0.3996379906160107;8.131920772345625;-26.026375550031265;1
179186;17.470630970807797;7.327565663807503;17.579363088702863;0.6955633311421904;15.37788353789562;8.291178710718246;1
179190;25.54149697681856;13.5006888054652;25.577851436599467;11.034008446386284;-23.946337965215665;-8.884872867548674;1
179645;17.769633613737266;7.295206853231637;30.73551348614103;0.7180389338780633;15.685950968604567;8.349300628016382;1
179657;26.261220910055037;14.056149434480881;56.377036002802726;0.6146151951081559;24.401014741624063;9.707842358925951;1
179701;18.66173510704504;15.310209658335625;31.10138356565894;0.8489038683667726;1.6948717244719076;18.584611027490002;1
180152;29.195112590391457;15.776674189473571;29.195112590391457;0.6717887708181035;26.428186394823932;12.405868089177677;1
180164;26.371902578616545;13.601711284031255;56.907207971521544;27.338511004773647;-25.654606206464138;-6.108880912842688;1
180168;18.286167226500503;7.15749437562008;18.630372886427725;0.48662207979531624;7.797466214392543;-16.54035768872451;1
180210;24.238552701418616;13.726363045235708;24.54048030736236;0.46683937506190887;-0.22649411224489047;-24.23749445542105;1
180665;28.839011403823914;16.555813427586845;28.94322195157418;1.1386935814488992;-18.157349171020094;22.405339761573394;1
180683;26.723360219284416;13.69822129641305;26.723360219284416;0.4148165148164168;5.38549214342861;-26.175073176262593;1
180719;27.34573925574507;14.697431672812906;59.090126559055044;2.5995390433088956;-26.774298668056957;-5.56114972616997;1
180723;26.918790062721442;14.070003335677349;54.87649687031842;0.2892808626542352;-23.07239375561531;-13.866719324581226;1
181142;27.081102897648346;1.4190541540847068;56.57961163022401;0.3902031356694769;1.3218417378531804;-27.04882379278417;1
181158;26.71152697382111;13.615717728007889;27.179716902843573;0.5517355226756504;24.959542328156115;-9.514563576021542;1
181180;18.863781307028617;15.336304548332619;19.089950701968096;0.868639155407159;-2.5742432574754033;18.687308978307836;1
181193;27.872792016116854;13.375506028895968;27.87279201611685;0.34253528401248523;-23.115211435717537;-15.574965009777088;1
181656;28.7028065218694;14.836538449615032;29.411971719160924;0.4887423564448193;15.318436741654958;-24.273372201319372;1
181684;27.333372414751015;14.977256468461993;27.81280943257872;0.49124267670548827;-3.102689288816399;-27.156703900520323;1
181715;29.7553101866308;15.341559052363783;29.7553101866308;0.3611163877712786;-18.81537455426014;-23.051250826918587;1
181719;24.23381534583339;12.342816577833652;52.71121488169926;0.7253245792010319;21.33121958050726;11.500299014553212;1
182155;27.48948522782682;14.93789573365374;27.6687923314831;24.79243200936431;-26.729686188800798;6.418385648988447;1
182169;17.747244822684557;7.001577189964369;17.747244822684557;1.1718062800203677;-16.03674200604549;-7.601815877002018;1
182200;24.939488335334758;14.48556568349719;24.939488335334758;25.029932798586717;-21.427338864811702;12.761160903335888;1
182205;24.247711244997873;1.5423559272937228;24.803954149542484;0.7323038478615564;23.601756186162262;-5.559550840647807;1
182651;15.768891119369233;6.991600450558536;15.980165273452451;0.7420601639142025;15.087828505315915;4.584251097911016;1
182669;15.543884950488211;7.188332337462755;15.763489284467338;0.9364736677721895;12.881574971188398;8.699275005175233;1
182702;22.127251208439226;13.163362135081838;22.598049591001097;24.15117516151319;-18.78459852546795;11.694191048480544;1
182706;24.325697179876556;1.4836574106898173;24.325697179876556;0.5166543311667555;-11.652020924198997;-21.35345292146174;1
183147;16.737307674766964;7.390913159551449;33.474600849083686;0.545008375628193;-1.7540548694069324;-16.645142225734297;1
183160;25.850696664244328;15.252486957855776;61.56327815375897;0.5141987798025892;-14.092609765832798;-21.671568194635267;1
183164;15.879016208146824;7.1189673175712835;31.027273289379284;2.6050236449922455;-15.082516331877075;-4.9659698788102675;1
183184;15.165373167496124;6.898827479089509;46.6696552927267;0.7603495921034288;15.165316390321948;-0.04149808241250495;1
183188;16.90270608080968;7.479566554258136;31.200320237861856;156.3999039895978;-15.056950701797078;-7.6804757937183155;1
183647;24.241358243981825;15.31142154347326;24.241358243981825;25.1110734176673;-17.931954637695767;16.31221788674633;1
183658;24.625744525782977;15.37616715362261;24.625744525782977;0.601066064673049;-17.10160788575206;-17.718981380742893;1
183693;26.155124275283836;15.909067312048178;78.86928476999223;0.5259602692816644;-13.076364440561056;-22.651693510048474;1
184148;14.798745589056487;11.796638658713684;14.828524477813687;0.8336702968366605;12.559035323737257;7.827739312645679;1
184165;24.20653045304276;15.893437640384153;24.53585690291795;0.9354747809572678;4.467215081666177;23.79075673424914;1
184169;25.469059623717957;15.031218005315022;25.55127507039432;0.5550377253677786;-11.412098480304318;-22.769211808763522;1
184204;16.874200677859648;8.286449632608978;17.05581669871423;0.8313756581991927;16.859729586014737;0.6986893466615043;1
184208;23.389393702201865;14.699501368661165;23.389393702201865;2.147141452333351;-13.101832528656875;19.375389599892667;1
184658;16.74255530008427;8.905625004159358;16.89217513199003;0.7500968498845423;10.843565697049844;-12.75657638044565;1
184725;25.087554733620536;15.699718842059852;25.541707848648645;2.540613354198142;-24.026997173497115;7.217257743573239;1
184749;16.564911212838958;7.384159046560927;31.217507385639802;26.94730747531794;-15.89687389838828;-4.656788995432279;1
185153;15.727613714246758;7.154214038540349;16.045199190176017;0.9554952010796358;-0.8350553229577511;15.70542949913063;1
185170;24.5628636886939;1.4697054385584731;24.5628636886939;0.9457400527877228;11.61912237999867;21.640939621651626;1
185190;15.862055702996528;7.00575361712832;15.862055702996528;16.2972327702325;-9.445035449824205;12.743473485534812;1
185194;15.675926062271477;7.251970129219795;15.675926062271477;2.0586493793874343;-9.799823100090816;12.235118516660497;1
185199;15.703713391117063;7.541064598994845;29.53002155142592;0.5967717981439626;5.879353033311007;-14.561587213626337;1
185669;16.28186537416134;7.29821462019154;16.28186537416134;0.5746368249398859;-1.458515998011856;-16.216407467310926;1
185687;25.617697419407126;1.5957970696863713;77.49223838898095;0.5937952924350212;-16.26796396508166;-19.789385273502134;1
185691;25.992096392022844;15.39882698727824;26.19431404773652;25.466464298479053;-23.239045321736192;11.641986402092137;1
185712;26.253623488001484;15.113693846117696;26.366048079570316;26.015998506396844;-25.34694048794005;6.839982028526734;1
185717;26.52097867848104;16.35356832106342;27.239746230246993;0.5261125346098711;-13.971202427918518;-22.54257777590153;1
185721;15.581972907919187;8.136763720022987;15.581972907919189;0.83493139509924;15.100892636390745;3.84199444134519;1
186152;24.956543007140443;15.759701505268197;24.96088338946828;0.8704470365095699;11.261506755835413;22.271225930682935;1
186163;25.786784540426584;15.7037920166812;61.25090836511117;0.623319548957412;14.990722939504037;-20.981813141037428;1
186196;25.255236224345882;1.5538257122654513;25.255236224345882;0.5493914252979113;-19.60422003179648;-15.921730863584587;1
186204;16.028627921815545;7.341521372872544;16.05858076376668;0.5766512747497362;-1.4090805008912444;-15.966571491651331;1
186662;15.381706818093418;7.461862397965188;31.156516204550766;0.6548325104720544;-1.632403108890734;-15.29484111482906;1
186678;15.2479360548313;7.214578595955464;15.247936054831301;0.6423459303534707;-0.15609973957481763;-15.247137003500985;1
186687;14.462325465409233;11.6790530986959;28.950416885498974;0.8751186197012004;11.6414641832027;8.58109372624685;1
186715;23.34581633771673;15.52244220073002;23.34581633771673;0.6024448289506666;-16.885402717636946;-16.12173425961426;1
187154;24.49611456313018;15.89573358066764;24.607274499731545;0.6151281661112571;-6.796532673118065;-23.534374270696834;1
187172;24.29856599908456;15.179684984876419;24.29856599908456;0.6472217284122735;21.749806592082784;-10.833569255737487;1
187175;13.66229213533185;6.5456362392506255;13.66229213533185;0.8618428422859318;13.188748367300215;3.565829902727613;1
187208;29.029805893741123;17.34119701238257;29.419386687073867;24.88954556306383;-27.629668312468922;8.906798480443886;1
187648;24.45589736355466;14.4369178140241;24.455897363554662;24.896782158530772;-18.479410160526136;16.018811315942365;1
187663;23.01217675249313;14.855266679179621;69.1924487115462;25.535290125983828;-19.558449731166903;12.125482382214846;1
187688;26.26794099274396;15.530339891048197;26.295129452521827;0.5604664880186611;-11.643969081185682;-23.546182451401126;1
188151;25.61191870535338;14.888207071609582;26.135059924924253;0.5596747518420674;-6.3097623289453715;-24.822515567964746;1
188166;23.42547316433507;14.450314462815932;23.497823655578994;25.537609997501164;-21.461864263313995;9.388353173803603;1
188201;27.65229282096459;16.612723911161474;27.65229282096459;2.449644596202408;-24.492638647082032;12.835885258128224;1
188205;24.465708274576247;14.832428335920422;25.05466520373675;0.5294218859601877;-19.540563087107984;-14.721999715236432;1
188651;24.266216766584847;1.495351299846402;24.72223722516632;25.488627040807682;-23.76400896699805;4.911329145895215;1
188678;21.173708224658405;13.461155673521722;53.912146104740316;19.48074862510288;-19.03183445599518;-9.279827434955978;1
188709;15.500634601135758;7.52191056705055;15.759479413116043;0.6287464678334052;3.111891388822338;-15.18505202566328;1
188713;13.719178819334516;11.227779974963482;30.235542048784904;0.9388360643932375;13.425649792299712;2.8227283134229384;1
189169;14.898493590779275;11.785396448852218;29.29028764115521;0.7732082585689412;14.8866645735245;0.593573205141328;1
189182;15.860714016211164;7.140857249067946;16.091873894808266;2.3570117811817335;-15.85851792299236;0.2639287596441815;1
189205;24.52929374001297;1.5448221601612622;59.07001667081997;0.9730562257483719;13.902312483861818;20.20920480832681;1
189225;15.2307497891581;6.507011224002133;15.230749789158102;1.0022008968067575;-3.6553243711159076;14.785612698899753;1
189642;24.541340416419395;14.987600616210885;24.63224394784222;24.246885245829567;-17.54062254769991;17.16403070591816;1
189660;27.176592401078864;1.5147441546152944;27.176592401078864;0.5506342476170263;22.92358281392964;-14.597141004569593;1
189695;16.666153064973436;8.417050721924971;16.666153064973436;0.5976453515080669;-10.756763894010367;-12.7299916933845;1
190141;14.684753405952444;11.820904835505567;28.94538362070596;9.764778103206977;-0.6020689797346894;14.672405921909096;1
190155;21.583878861134707;1.505276047618615;21.583878861134707;0.9704838634327227;11.764538158556693;18.095841196473877;1
190190;23.447239209795576;15.493197109335247;24.040562423666415;0.7607914774026672;20.81517873070039;-10.793579618012425;1
190654;23.79481525921218;14.604513695411136;23.79481525921218;0.6619019326382066;-18.05341416575674;-15.500563543938993;1
190664;22.416019333247927;13.839938694011655;22.419269087282938;0.6823581557135566;22.12723435335921;3.586561392206305;1
190668;14.45405598297677;6.710435864304604;42.26400745826894;1.1222685707594466;-4.336021059784397;13.788352175953904;1
190705;24.036361146547485;1.4807681983418364;24.2386854692569;2.404261543422966;-17.35290557261846;16.6319970344828;1
191168;23.70211039528731;16.082672796185857;23.70211039528731;24.047422019308577;-18.800481983927284;14.433707575062352;1
191179;24.92710318667108;15.51128871486014;24.92710318667108;0.8559349734543045;-19.205496097444357;-15.890544135743026;1
191211;21.707467193862744;1.4339214104199143;58.809131829989894;2.4682753479038255;-15.581687309883545;15.11374052144741;1
191215;21.8399691976891;13.894396840124493;21.8399691976891;0.9262655949914772;11.736927174755095;18.418164812230998;1
191641;24.699006241725506;14.603040158348456;24.83011154252577;0.9123569321086774;11.203324258455563;22.011961177702833;1
191650;16.561955091780412;8.711199690701612;16.697184837343055;0.6820971565890751;7.7354157969769;-14.644510879849532;1
191679;24.560567502430274;1.5445959146145916;73.08062641823973;0.6704662132044741;20.503989391180266;-13.520646992204226;1
191683;15.41469863066823;6.617688435503074;29.021733011510303;0.9695965876551499;-2.075584678354319;15.274321003478544;1
192159;15.944711217250303;7.107128309897363;47.72057721761397;2.5301205155506583;-15.638961935110398;3.1075207792830044;1
192173;23.910341196579193;16.1776113479375;23.910341196579193;0.743909355766977;19.18000513574941;-14.276968135057887;1
192198;15.709696191182616;7.339423530426419;30.909570053437484;2.6229645231545904;-15.389216055842889;-3.1569896429739908;1
192202;22.49043532454909;1.3092230277018886;22.49043532454909;0.9188379066137203;4.287787373155023;22.07792020391273;1
192654;15.005138980818828;6.826596445638195;30.262528808713743;16.18350240069511;-8.213483785127986;12.557582567720921;1
192666;16.408678566339898;8.161431842463918;32.985771661925526;11.985024585354106;-6.073092285619979;15.243434074505831;1
192701;16.130938427286363;13.271246765042799;16.130938427286363;0.5748757605185711;7.802985255713932;-14.118094618043004;1
193163;25.27831385437444;15.642067608161632;25.43559343769544;2.427644381554827;-22.358030918893082;11.794558268544003;1
193176;27.10557954876706;16.556292154431652;80.7168191170752;0.48200566343178947;-9.055339948695995;-25.54825358195917;1
193216;16.712663946097358;7.467857238079416;31.304645709501692;0.55517684247553;4.031298380604009;-16.21917906497496;1
193653;17.448444644426736;8.157257353288026;32.08387544346434;0.504799300822478;-4.381838968265635;-16.88927789355758;1
193669;23.175609958292515;14.092303949474074;23.175609958292515;0.6346150612093138;15.289351900092033;-17.416791191664995;1
193690;27.24280699732239;16.296586743863745;82.05619340599326;0.516257720555268;-18.158052155529433;-20.30900477646383;1
193694;16.338817946271146;7.640453834525122;30.549745821954893;0.694473552440532;16.338793330634374;0.028361597447490304;1
194151;16.930848770530336;7.1613759455899775;29.735495096770197;9.659333046910078;-0.45005200050315924;16.92486612317544;1
194171;24.549359063026372;14.203098475398887;56.861176565745104;0.6189815650779448;24.28987731444478;-3.559900343354551;1
194176;25.374333654116988;14.19513516080305;25.374333654116988;0.7152761004484457;24.036541431609212;8.130281938345544;1
194199;25.401160824190985;13.543841209332781;75.49516813118055;0.4339731676256433;-13.315317525139285;-21.63148840050387;1
194203;16.968065686516518;7.385422481815654;16.968065686516518;0.8845031490637815;14.52800693266009;8.766542517236752;1
194206;25.829312418766655;14.334326966714999;25.829312418766655;0.4286955731967566;-23.12385003296849;-11.508298730874017;1
194648;24.847665469985486;14.657219381910796;56.234147806581866;0.652415159119881;23.556375861433423;-7.905924081547063;1
194661;25.338993324593176;1.3394755916773105;25.82560778773952;0.8037765011752577;13.640919547111833;21.353919935529397;1
194683;25.183847747059193;13.359403400471594;25.183847747059197;0.7608176185569975;17.206580668166747;18.38912094301761;1
194687;24.650786536593987;13.910407797508237;24.88501835679236;0.8504992005384283;11.097824227046479;22.01135103300803;1
195159;25.689799827247235;13.996906068106611;25.950731860067545;0.5277406071735478;24.429099695046936;-7.948893209339882;1
195171;16.86227764738568;6.8663492676408415;16.86227764738568;0.7298892364596974;-1.496015513535589;-16.795783549474066;1
195204;16.2137267252618;7.763025903168249;31.47555462579835;0.7940690012485143;14.33926880647339;7.567714609918105;1
195209;26.814011983980485;14.779855273388286;26.814011983980485;0.8843724237033584;5.693458556814632;26.202590870730386;1
195651;17.303576224252726;7.435976328908833;32.6770649012325;0.7527344848766726;16.443819825465223;5.386514614865638;1
195671;29.588563924759605;16.056867369860473;88.85224898540555;0.417521134211703;-21.97802520334657;-19.810338797977398;1
195700;27.433395107352045;1.5128785726675273;27.678334644918067;0.6048793756469993;25.100237016802257;-11.071100614502466;1
196145;18.313830512962944;7.498886192690988;32.8278815087917;27.31160967283032;-18.31333722757037;-0.134415947037042;1
196160;14.673447654187617;7.31501391132058;37.03083282584813;0.9996027996169548;3.3954459068155693;14.275188725690231;1
196185;27.87925326123165;15.727034654940706;28.343395896555183;27.26668336099693;-25.336187622488573;11.633157746800839;1
196649;25.79966030574279;13.66445047607515;25.79966030574279;23.599335134385225;-21.895297192926474;13.646187479481082;1
196665;29.473151432797053;1.6337600574448652;29.473151432797053;2.6958198664049657;-27.770218900464307;9.873276943390275;1
196697;26.239988989204583;1.4662422972714995;26.239988989204587;0.4022802513592694;-16.850633223525403;-20.114501786517103;1
197149;16.59695700510618;6.4991807926811465;30.39279475177706;0.6202563137174649;4.805930207212047;-15.88590622762044;1
197192;25.473604508151855;14.124706589390883;25.473604508151855;0.49378720828898665;13.540725382176825;-21.576683775830954;1
197335;17.433419487672474;7.492012904956761;17.50035901863353;0.7852542198344621;13.19560615000928;11.392984392466957;1
197346;26.186208754213215;14.25070912545614;26.18620875421321;26.796675493998663;-25.460876707508866;-6.1205625725308295;1
197684;17.239655896483956;7.123789584194656;30.311125628308535;0.8437862153093274;3.7611924511470587;16.82436229919602;1
197699;18.78667068265532;8.106712802170293;18.78667068265532;0.69687666338621;18.501789030533057;3.2592634149739386;1
197702;27.341314273446393;16.69443698515956;27.341314273446397;2.4946449697541535;-21.98681535886752;16.251997310313303;1
197723;16.855672261775833;13.570457168622339;16.855672261775833;0.9900811510372403;-5.589581535599854;15.901895033400278;1
198162;17.72144526180321;7.4272523715292404;17.79260645986421;0.5100307263589315;10.137746969325542;-14.535326227952996;1
198186;26.306115022466475;14.226416131874089;26.306115022466475;0.38673566423044325;-16.780669673865727;-20.25884529956827;1
198204;24.49194662183143;13.561031910029786;54.72676793630077;0.5886820722611319;21.145177984695717;-12.358677005334332;1
198208;16.90313991753413;7.72390008602461;17.055879187654188;0.4052136820567175;1.839826842837766;-16.802713360053172;1
198652;16.213452800682834;7.218529545497749;16.213452800682834;0.9857277280697473;-6.3952315257514565;14.89889477283482;1
198674;19.031518967562423;8.118911287533148;19.172087301362335;25.48689495822744;-18.654824392560485;3.7677899484205075;1
198678;22.323802760467323;13.434777988990064;52.20577534298881;0.689685459489593;21.790130059156176;-4.852051287167829;1
198705;27.661639152987934;15.854319373261028;27.885842040929845;10.610331954153157;-16.466382353725706;22.226662655716574;1
198709;24.810958228467847;14.819955827227759;24.84227505051431;0.9199563637619087;15.079489248665071;19.70260521388405;1
199153;24.609103509080455;15.320478605413912;24.609103509080455;0.5866825871682132;-2.994348494152027;-24.426253347908382;1
199168;25.860790701442834;15.365476563655942;26.45820195635564;0.6021606963002576;-10.969477424137281;-23.41903201981616;1
199187;15.624523003373248;7.004550328602277;15.716435269842522;11.26810776243336;-4.333699583531195;15.011487834410064;1
199190;24.341177778878556;14.746054705368975;24.688093412183388;0.9261351610314053;17.97617341594985;16.41188974440997;1
199202;25.868413537052124;16.093723389624607;26.027069802785707;0.5091761409426867;-4.285857535687026;-25.510904415714787;1
199341;24.46406205728943;15.704563348753117;24.583919259314516;0.7046415709186404;17.652509215140952;-16.937510169805716;1
199662;15.160984423902862;12.489078329619225;15.160984423902862;0.8436677500540855;14.679650607471284;3.789895347419656;1
199676;23.637994638061098;14.515365701770177;68.72681177756392;0.5856256704205863;-12.77416503253963;-19.889079873901835;1
199778;16.645177194283995;7.18082804847623;16.645177194283995;0.5643921426029687;4.19668916342335;-16.107443120952407;1
200155;23.40079605455586;1.5032798636479194;60.01996271374568;0.743041307890571;18.275194657072653;-14.61555733569611;1
200184;27.22383587299919;21.337809653158008;80.8953600354888;26.44460896740651;-26.585516019059913;5.860680646503972;1
200211;25.33497908101622;15.132322469125741;25.33497908101622;2.4900653103281036;-21.291414598453777;13.73087140105386;1
200216;25.115763145538825;15.459509519169378;25.115763145538825;0.7333954557886851;24.544220767995295;-5.327549650140739;1
200654;14.96242968267201;7.298460555513065;15.08742694950843;0.7062689033797749;14.752110465587268;-2.4999077623014423;1
200669;26.11807542889626;15.276860645080127;26.12510680984829;0.5435759288968323;-10.86938473568605;-23.74890186044714;1
200673;15.532481379200798;7.656310196196662;32.41784396206465;0.6765092335451881;9.452767576730167;-12.324900118684061;1
200695;15.160305236989174;12.135548664847148;15.160305236989176;0.7500269966610693;14.75400111070749;3.486302640896734;1
200699;15.43034362878139;6.664663872527471;45.72622100203794;1.427471242529724;-9.72092617461376;11.983284141252078;1
201155;15.808742889444904;6.622147372464937;15.8783517668703;10.576257660725945;-8.219667083624383;13.503830004075017;1
201169;26.76251967993438;1.5558741612179525;27.131258908543185;0.5058139595071629;-17.283837854926528;-20.432851211308805;1
201204;26.296279690138086;16.11542992727006;26.296279690138086;0.5528936416378205;-10.046109012225322;-24.301646430981872;1
201657;15.19071686965571;6.984302754638191;15.24310740527348;0.8929955913515438;12.674733941598655;8.373111639273034;1
201679;16.385630024737473;7.0365264093722075;16.385630024737473;26.188094767631057;-15.275815694150296;-5.927758951402263;1
201714;23.03676410885692;13.489140153354288;55.76536848468937;0.5427415554325553;-2.1154659070357678;-22.939426858648577;1
201722;15.20986316185061;7.4853801031430205;45.12954644007263;0.7866526497128785;14.65658276512932;4.065036168490312;1
202151;24.22354092036059;15.360450624297954;24.22354092036059;0.5858225129472464;-4.055499770751367;-23.8816426639756;1
202167;13.602257585040176;11.23410109239238;13.742864283098323;0.8721278987860671;13.080954522918969;3.729616626291338;1
202187;23.81148823962597;14.45205526134087;23.81148823962597;25.23101188342639;-21.51828002246737;10.19561656107798;1
202224;16.971759903831742;8.317386702115883;17.10752200483593;2.346817547879875;-11.906514094333636;12.094443201518013;1
202645;16.160253173192036;12.993627218266106;49.1541438552308;0.7031237231119141;11.005931959306714;-11.833141777599657;1
202671;24.530903969091035;15.055859576420273;74.2464333358072;0.5770780172442578;-12.443697878291946;-21.14047380392783;1
202698;23.2575379255986;14.726337868405436;23.28748390625144;0.8549203246956182;14.977365029915648;17.79302130390781;1
203146;22.88577202432266;1.5051035076994097;22.88577202432266;0.7112205139094516;13.028974548681143;-18.815004208319717;1
203159;15.575799983522352;6.857344123168834;30.36761801081041;11.071363937177326;-7.356128038696808;13.729272573774386;1
203181;23.08975213976045;1.4497637191283836;23.15954311698981;0.9681999067744941;12.412211389390734;19.469814131127478;1
203185;15.288120568801396;7.208256339228899;15.360944856688786;25.92118973151721;-14.391587134737204;-5.158376708759736;1
203658;25.042289996522598;14.931710562043028;25.652165862372517;26.20695540545953;-24.33673367547397;5.902514911373543;1
203670;13.30504418420741;6.264894189500178;13.30504418420741;1.0163866031290059;0.7576963562400446;13.28345199770948;1
203674;26.59262000738498;1.5433909976718918;26.628075901707028;25.20081076281456;-25.846058084519814;6.256893825917132;1
203699;15.574364504150221;7.700864020536575;15.698065619660785;0.5628833113722926;-12.38536747371599;-9.44264275767925;1
203705;14.386234632678931;7.2564795339761785;14.386234632678931;2.5918903629186496;-14.294448023717266;-1.6224988763436055;1
203709;22.801728311932003;15.351869774785053;22.854856097287236;0.8741329152548721;22.40080827077758;-4.257065048484012;1
204143;26.209353904182507;14.16006658260722;26.209353904182507;26.696373972789942;-25.717032544912254;5.056131837542486;1
204168;16.910190477158604;6.197033027429182;50.53750183986856;0.7308251979143507;16.038946353135426;5.35786728605976;1
204203;25.77744937875936;14.903768763511234;26.316623827339416;0.7476754025258845;25.25907924214128;-5.143521392366208;1
204207;25.979116645828807;13.862707161237207;25.979116645828807;0.7845175318291834;21.14866648455293;15.088021991723338;1
204642;27.2522902341938;12.947258707752013;27.2522902341938;0.5224994983366604;26.03220225924292;-8.062987569294814;1
204654;33.25313292933316;15.190370059114356;33.7083338684452;0.3435310335456787;-10.586449932031645;-31.522974597148803;1
204682;27.791983129624892;13.546993234082166;55.72025372483927;2.8822012989481216;-27.31167126643399;-5.1446028915358;1
204688;28.239908186912356;14.190769546296455;28.239908186912356;0.556726258731016;27.472541050325244;-6.5384939124720365;1
205148;27.73618071357915;1.3810797554143202;55.39194988754179;0.688502804209244;25.096746063820714;11.808855049682817;1
205165;19.018590025096085;6.8734383465593245;19.59264620408923;0.9526396763612122;-0.45352528805048453;19.01318177885498;1
205199;25.56148459420774;1.3191072973053242;25.56148459420774;0.8639547173788769;0.8183099582880397;25.548382795630847;1
205204;25.403538121022827;13.517111182519226;53.973743031153994;0.9179634096621967;5.3054387101776195;24.84335060250144;1
205657;27.044961455899514;14.327220298748884;27.083599711956698;0.7261077180199021;16.618099065082898;21.337027056602363;1
205684;25.806806566993604;12.4554253812642;25.80754961393017;9.822471227826473;-20.469719223762542;15.715656527379009;1
205707;25.93505332489528;13.104144464094883;52.02207110818594;2.535400161768767;-24.01231009980115;9.799793601711682;1
205711;29.062309440768825;13.384628832733023;29.628572750803944;1.0059459430766873;-23.140449612779033;17.582304221842925;1
206152;29.434841991762347;14.659378754612161;29.661571104976694;2.8311247173140934;-28.40952133249732;7.701235013840034;1
206167;29.58731743928791;14.907924295954263;29.58731743928791;0.33574926068579825;-8.904133930636355;-28.21570045557049;1
206187;18.246774890047554;6.667600193580494;32.711624621457275;0.9273415446687318;-6.468135197705941;17.061887965646342;1
206191;29.08001408214017;14.808508008541345;29.223602777367905;2.7319026148580208;-27.548357221354614;9.313175259926641;1
206195;25.345682285239572;12.332895047208583;25.345682285239572;10.631560809974275;-17.05923062736284;18.7452997017053;1
206655;29.148762139471607;1.4469740519548522;29.518555322031546;0.34589477991058143;-7.107570275558066;-28.26893664504374;1
206674;18.527354807719362;6.57413322758976;30.44922037006151;2.6618484205479374;-18.32320466193574;-2.7428173632121524;1
206693;26.71521336496738;14.849902151179487;57.07944986542677;0.6880812065796413;26.683460394265477;1.3021392104522795;1
206699;17.70487043743959;6.643169278349731;17.704870437439588;0.8870756723524481;-6.396004558236062;16.509196312890154;1
207148;27.95476817980464;13.704974995642576;58.555921444644085;0.4754056579463036;27.330239141247485;-5.87597587374573;1
207169;27.204694342734054;13.607087418165387;27.204694342734058;0.7486070832550438;9.385405355183845;25.534477879926833;1
207193;28.123322309449723;14.258475340912126;56.30402992607451;20.084131881565593;-26.73292200899966;-8.73339215780066;1
207650;26.870824315378265;13.390018695532243;53.927616399869635;0.9418781555897697;-1.733012508179402;26.81488144733102;1
207666;28.77894762025512;13.614874385863235;29.056596331794477;0.38939383963353214;23.363544157235523;-16.803946873942852;1
207755;27.73863878900264;13.823204358033252;27.73863878900264;0.8718846594882893;-5.317835884197298;27.224119882477474;1
208146;27.958009216906866;15.17579239978939;28.13455036280838;0.570067211975418;22.695958685716285;-16.32616730004041;1
208165;28.82655104446442;15.031401524564611;58.339291279509375;0.415993368181515;9.63156742778;-27.169890577682494;1
208169;27.770960532073047;14.08973250428965;27.770960532073047;0.8922324273804597;4.356138905125104;27.427181822294727;1
208199;29.75833158398134;14.453992424349087;29.869488419034596;0.32439703995290686;-23.72444413296238;-17.964104465409022;1
208207;27.576000869393628;13.893995809430931;27.576000869393628;0.39214296726267156;16.645252960443667;-21.985708490554483;1
208651;25.658675111442097;1.3398800124388324;79.29679779110867;0.9563097065444176;-14.211361114787486;21.36363320551175;1
208675;29.260901342275037;15.25044130516912;29.260901342275034;0.8048424085848345;21.401177285368295;19.954697646483876;1
208680;27.03568433810881;12.78200373259007;27.181252502202334;0.993596284819721;-15.188549670741677;22.365960442808504;1
208705;25.398054900696522;12.887668196951093;25.398054900696522;0.9695962784183909;-16.087701637301397;19.653168924322728;1
208709;17.108320555485232;6.803575827074333;17.108320555485232;0.7300980557607991;17.10575062834705;0.2965260023050393;1
209148;26.53544721503904;13.037619377192039;26.53544721503904;0.45325175993114836;-21.42872374329937;-15.650551352443815;1
209168;18.369600195873563;6.114642551506698;29.541194117869885;0.673051972597777;17.118603736405714;6.663003637411162;1
209188;25.242779518261212;13.025472190468681;25.242779518261216;0.6470969598355797;25.117138071383103;2.5154110818363953;1
209192;26.99438767743987;13.603092161942392;58.385226501737165;0.4202593188210691;-11.287290435126092;-24.521297696350178;1
209649;25.357434915541443;13.107558007448688;25.86876711126956;10.108761123008453;-17.413238341253688;18.433085362104;1
209661;26.244723952814265;12.633235339614846;81.2046257612288;0.5610671757450026;21.704098346657997;-14.755258395501603;1
209684;27.92830032980567;15.638284278711186;28.203312637039257;0.6851205233795041;27.146177201958004;-6.563156453393372;1
209697;25.671966107456168;13.630265952999267;25.78533215556154;0.6462805843670651;25.533679707933267;-2.661023185741725;1
210154;15.392762302146693;5.200173671339302;30.352033292577843;0.6297007857410499;15.392665026141573;0.05472370040852248;1
210173;19.155411548852985;6.288202105583579;32.96259914661224;26.47992824034612;-19.106556095963743;-1.3672255694365438;1
210213;16.27286769333148;5.068437331863442;16.49106137943429;0.8258164423259877;1.0609361882276598;16.238246129714266;1
210223;23.2063917391474;13.367375032427072;23.508125094546994;0.666836250766297;13.708804628269315;-18.724457087315255;1
210227;14.784233772424841;5.832964855254697;33.638148817814624;0.9963027995542576;1.7893083689838796;14.675555996226906;1
210649;17.285253997369118;6.480604518908863;17.2912292563371;0.7604111028222563;17.28059265894197;-0.40140143159438835;1
210667;24.841801827059516;13.120701989071238;24.841801827059516;25.347054299250104;-24.771134248177916;-1.8724385366800667;1
210687;24.689345144395386;12.74731422061076;24.710431392421796;0.6287112771404642;23.33695642254679;-8.059170465453137;1
210691;26.168971195231396;13.295301504035542;26.182035949453205;0.5413740389019112;19.148590940483118;-17.836662199270872;1
211141;26.505868262757645;14.772477494333234;26.505868262757645;0.7084277183389993;26.437948034209995;-1.8963006362586123;1
211167;26.000345816028386;13.34812360641161;26.250763225753115;0.5077750847597774;6.063591180608026;-25.283410461160443;1
211197;29.31859163438158;15.310982957509795;29.831717277579894;2.709796507998403;-26.93042876109485;11.59016057555826;1
211201;24.677760103051288;1.2689786633436873;24.677760103051288;0.5690066584033213;14.634570747676797;-19.870107768580233;1
211643;16.579708625372486;6.628104855532242;30.23960563576768;0.7043937244434576;16.518763536199796;-1.4202779084977721;1
211659;27.226343994368744;14.693554547340055;27.506549151140753;26.67633990590318;-26.582906133002993;5.884123454147676;1
211682;25.128040003525204;1.4426660113788785;25.128040003525204;0.721669284684578;22.97241543603669;-10.182657975838431;1
211686;23.83588809097607;13.104122945005258;23.83588809097607;0.8918023882128596;17.82399243277325;15.825765537312147;1
212155;16.32389693158033;6.227132582668141;31.53355621285924;0.734316366347122;15.422518976711352;5.349347571978839;1
212184;27.082966192823164;14.95187577618648;27.082966192823164;0.8616715553780375;19.304113799020847;18.99574289771409;1
212209;18.709874099005482;6.2870473373412095;31.956313161150963;2.2868035481416036;-17.41670319275634;-6.835044893493185;1
212212;23.991781653952966;12.327791870077457;53.290750120439085;0.7003679369642696;22.682602993815586;7.816975652763818;1
212653;24.786957455754955;12.816251053111374;25.17026508897751;0.4525367701694373;-16.71792432337952;-18.30038978358553;1
212685;25.019635134597554;13.026935014210379;25.338104683640644;0.6513329995743296;20.987005595820296;-13.620856742121472;1
212714;15.774630203704314;5.778956316779143;30.160381101483164;10.652337128714183;-7.475525746503944;13.890841330782562;1
212717;15.558165495716505;6.420581382356501;15.558165495716503;1.1414156448147788;-4.646707365811967;14.84805119362849;1
213142;26.261084096003646;13.115440413566166;56.45735044842678;25.717701937972482;-25.143988182488375;7.57788863577848;1
213153;17.03876439480201;6.674328337638689;31.309884753711106;10.970872625241233;-10.81074368316398;13.169939753791693;1
213183;17.698831654177482;5.961601887001283;29.928016114345432;1.059731947569344;-8.885865767143459;15.306535580960926;1
213187;17.593205772403216;6.361960184562101;17.599795974510695;0.6412425158320765;17.565878190515154;-0.9802105621273194;1
213190;25.809172069026427;12.628906922366697;25.809172069026427;24.5527151767231;-23.13430306985958;11.441913492091233;1
213640;27.42189801403714;13.480057360840842;27.42189801403714;0.3823410975939712;-16.205052211341272;-22.12140984476255;1
213655;17.147097520647453;6.542240076743514;17.147097520647453;0.8142879448928229;14.424203497708074;9.271747776945844;1
213699;25.83946582558868;12.56420194105614;26.358709424768303;0.692680806217391;21.809515833803452;13.857236854685057;1
213704;24.865068035978783;1.1802901259275125;25.011894142979386;0.9318993508818961;-6.893453529376445;23.890414539563377;1
214148;29.349220306526174;1.598779592472209;29.349220306526174;0.48051060036872745;-15.273887232965276;-25.061626072457244;1
214163;18.10570767663339;6.400128469633677;30.586951865299497;1.0086829750011623;0.5466781813456012;18.097452678146222;1
214189;24.417847597019307;12.90483518590247;24.417847597019307;2.382067083384113;-19.53556391976981;14.648993945245847;1
214644;25.00281454867126;13.386113749143496;25.00281454867126;0.8983844012956166;5.472398608303036;24.396589696658225;1
214665;25.099135752964635;1.313631199317944;25.09913575296464;0.7889261156922001;11.557928162359845;22.279607540068493;1
214688;29.964683845657365;1.5028855111510004;29.964683845657365;0.4322588604075372;-16.888960582536672;-24.751672436660154;1
215155;18.850931266390933;6.534750456412724;18.850931266390933;2.6486034334522763;-18.8374110429655;0.7138310784469337;1
215174;25.437419892971096;12.760108098178788;25.437419892971096;0.7717774888816277;22.254268950604523;12.32111375994399;1
215177;18.14405229579166;6.014486616277064;31.17182457105263;0.9251744048896221;-5.423993681583339;17.3143560739222;1
215200;26.999510703383308;13.654698164040312;27.454298186860825;0.41060458271614436;-1.2159789807042884;-26.972114736160293;1
215208;28.98849823009255;1.5355397069035484;87.77018035590164;24.764072220140918;-25.94803453012407;12.924106687100961;1
215654;25.323109281656215;13.470194765175634;57.192718051353516;0.6763241078257002;24.97732363148568;-4.170511707060669;1
215667;18.2675966019629;6.917270633032624;18.300929058883746;0.5434607368064521;5.416925692426023;-17.44597379497004;1
215691;24.183531191488093;13.438630367390143;55.4712005526282;0.5948215682624789;12.37898278789909;-20.7750804096296;1
215695;24.794415801267853;13.347339073938475;25.332715995049774;11.145529323416056;-14.910216359345377;19.810313047593937;1
216170;17.67138186170325;6.7286741031931445;31.958890659907286;0.7503464093777954;17.590823851252157;1.6854237260560825;1
216195;29.826474069142087;14.68872683515411;30.095996892938803;24.5349523759023;-27.24241279957452;12.143702081934642;1
216218;25.87149712709836;13.109712582321556;25.87149712709836;0.8800834633410715;-10.22905088269167;23.763435812961966;1
216222;24.925824295412966;12.867710225340687;76.35621960586157;1.0191519051215157;-11.668110521579795;22.026164297534834;1
216661;26.343408776259004;1.2995473727757032;78.32832606171722;0.4485092378758737;-7.0591359181108775;-25.37998790469997;1
216673;20.19742954577687;6.332320760965655;20.2233075966392;27.954379254363573;-20.161797302746358;-1.1992038106969645;1
216698;27.687802303882105;13.298283612716403;27.68780230388211;0.37048988323490356;-19.599060011534664;-19.557383339371402;1
216703;25.82589668903435;13.366587983113417;26.440038340036143;23.889908519360034;-22.135107953597416;13.304658420089703;1
217145;29.769533124567467;15.400656962324415;29.866238580792082;26.642705478418886;-26.83916810291477;12.879602400625654;1
217175;28.035888220923002;13.412888907300145;28.833460166438616;0.3747548607588372;-7.196232008654359;-27.096591542363914;1
217179;26.82339217937404;13.761242016674519;26.82339217937404;10.650292810668395;-19.84917735624769;18.041743992439542;1
217204;26.571915668088053;13.665547363503055;57.5884911876706;20.550228443948704;-24.080693167540115;-11.233295101739744;1
217208;25.05160606018218;13.561029509126861;75.50549850682279;0.812409696618516;15.632764369795652;19.575485801200543;1
217648;28.586548787815914;1.4304890557903076;28.76173272934165;0.4189053688300799;-7.288988640927239;-27.641660879741167;1
217659;26.944773626203965;14.287139415946974;57.78453332920566;0.7500079173682079;24.462691695496172;11.295908143149859;1
217688;29.08469589262884;14.956265984976294;59.628624108706745;0.41043769361132065;-9.0355435255916;-27.645587140877307;1
217691;29.42570746069375;14.270237549933983;29.786723436233256;26.69605512510101;-28.37625430170226;-7.78848196810211;1
218147;28.688125332502256;14.087283229379606;28.688125332502256;0.3902187232101056;-19.142641309115284;-21.36744764364501;1
218168;28.34045581340313;15.068412697752839;60.602423656418836;0.6154709398887577;26.91189782573022;-8.884322772666026;1
218267;27.881794258219962;1.446656344095323;83.1301376495661;0.7383940773510589;25.71642325129283;10.773115901078624;1
218272;29.459207723167946;14.760124463939741;60.83266311665724;0.3805042099856962;-4.83232212956842;-29.060171756423625;1
218645;25.038209510919867;12.343772197330917;25.038209510919867;0.378316999943976;-6.45563147103433;-24.19166711541206;1
218679;24.251624152547468;12.467241200066788;24.251624152547468;2.65226280186427;-24.102030908840174;2.689494395929575;1
218715;27.594849316039944;14.709408555024291;27.594849316039948;0.544962552147593;22.276935678250002;-16.28538748578192;1
219147;18.162847449100333;14.417292157578453;18.162847449100333;0.5658870663081979;18.078640681211304;-1.7469340511141704;1
219155;25.862048898513546;12.419954478498747;54.701630753936826;0.42787679367574544;0.4541824421097436;-25.858060475186164;1
219165;27.27274096158166;14.31710124290718;27.720994394013534;27.234532345427603;-26.566271623134032;6.1673018090083565;1
219185;17.42441030686784;6.014114537519424;17.670294154482498;0.8804386388234763;1.4091331049427775;17.36733768988893;1
219189;27.384302119023726;14.533745249671698;28.046198345567205;0.9255803022666089;12.050381375687326;24.59041096131692;1
219193;17.492653864815047;6.205097853964012;30.47871599234768;0.6833373740163567;17.025947529278035;4.01373267227652;1
219679;29.565939305752014;14.280685018704311;30.007946978458715;14.315971038776816;-24.1367025512244;17.07525569311129;1
219698;29.66075497595457;14.555417874129772;29.66075497595457;0.9610520898564909;-23.68406361448854;17.855685829686685;1
219721;25.121633626318626;12.852331238414017;25.121633626318623;0.8689442935778026;1.2366887982904693;25.091175278794047;1
220150;26.246925428073556;12.442313946910343;54.701740262747144;18.197780337620113;-22.85620619003227;12.903291557799687;1
220180;29.420979491544507;14.519736890937024;90.13762068519547;0.7152088499893176;20.462077507422922;21.13994839922982;1
220183;26.444703273888642;1.3084170781281215;26.444703273888642;24.717432430637345;-24.399879398630336;10.196480597554803;1
220208;19.01403998421142;14.960095688203777;30.259213322320683;0.6594471005363016;18.2708680011032;5.263943294475513;1
220212;26.98124539420075;12.898437875569662;56.877581563237754;0.42685769924948325;2.4567709309604715;-26.869162242520083;1
220655;27.77830510015128;13.356892760944891;28.017547454799573;145.46990862162536;-26.34715288122014;-8.801236804603304;1
220670;26.963033734851887;12.825192575431222;52.14103690707002;0.5227218448680162;21.470492169868873;-16.31021625148975;1
220691;27.59054507883756;22.266261688878018;28.065182269400946;0.34600155106934705;-2.0338301260595215;-27.515481328984603;1
220695;26.52417795850232;13.153754285490178;55.353814697471854;11.048767884762817;-15.525804974800142;21.50538063505902;1
220700;18.418180456824885;6.1457674227576735;18.418180456824885;0.9881270204181055;-4.881436332705277;17.759531262674447;1
221146;27.4090531963258;13.14050137291906;27.90825798545752;28.808180952521422;-27.119243492500857;-3.9752772876200115;1
221170;27.478472810920415;13.356028530221801;27.817765546353524;0.6089970588342319;-18.687813634252375;-20.145274621904353;1
221174;26.783770960142682;12.868982021469723;53.86278637521218;0.36005456853944773;-18.496775977426495;-19.371103873715626;1
221201;27.2201265695922;12.88238948923626;27.2201265695922;0.5786609027793422;26.915668109563864;4.059815350533333;1
221205;28.3312108420616;13.067788200075656;55.78062407404677;0.34113640559788605;0.3972540054046881;-28.328425601020236;1
221644;26.237906718405945;12.233584127439341;52.38650061970167;9.618953894288994;-15.060475293868974;21.485107234699438;1
221658;27.25035131252796;1.2686709255769417;27.250351312527965;0.40773221368339996;-0.5007883528215015;-27.245749350712906;1
221717;26.319917742007423;12.757954908926456;26.448824989241594;0.3674167930215821;4.883568474560288;-25.862885161952022;1
221722;29.301377728867624;14.604062551618577;59.172291901642865;0.5368208065728454;23.071367692215272;-18.063297861143322;1
221733;18.763776207850096;15.27871940051759;18.763776207850096;21.973621207007433;-17.789428895768108;-5.96787375374949;1
222141;26.994014697163973;12.91481039274577;26.994014697163973;0.36744264586694897;-2.8237478388549215;-26.845917336035786;1
222157;19.081345396179984;6.5113166659048485;35.09452533664089;0.45829455075790826;11.182440379644062;-15.46126674254167;1
222161;18.91471059659933;6.830808174878979;18.91471059659933;0.37987474162372;-5.624767945978812;-18.059021637591453;1
222202;28.156121318824063;12.958427764306972;53.862213504572146;0.2980572166577407;7.124934666744834;-27.239722350181115;1
222649;28.16170105101868;1.4013538701901358;28.169844704711256;0.9556500117646142;-14.466811538547386;24.16180394745183;1
222668;27.10039569941093;1.3685544497564466;27.584776174770624;0.8711605931899874;1.2625942439923286;27.070967896247964;1
222707;25.66120074553438;14.256968542111718;26.027111840542133;0.7101327876283532;25.564261131950726;-2.228402225821808;1
223147;18.29374666941169;6.211113526183114;31.43885431904425;26.843959478443665;-18.278309667491474;-0.7513740106625039;1
223162;25.03178311374354;1.289152451018842;25.32440066732944;0.8333291570649007;7.144358946729553;23.99058776049019;1
223181;28.944387427837388;1.4669309912479136;57.94240428765823;0.8132249896183645;11.119973737015385;26.723093901358784;1
223185;29.298720085687314;1.496556910579249;29.569181777855412;0.49047301712944225;19.12334614540104;-22.197131140366597;1
223668;28.079971363532103;14.222551706001227;28.079971363532103;0.4428254155932837;-20.135374224507395;-19.571701423632696;1
223684;28.693069025284682;13.81010661386873;60.89792029769527;0.4033944868904046;-2.3551372569658127;-28.596250428869215;1
223709;18.54044503572328;6.625195088251104;31.654645154736805;0.4158586611902902;-1.662823397992421;-18.465728268058236;1
224142;16.491717200744546;6.47990209468165;29.560592417456572;0.7078560277404828;16.327140223840185;2.3240542894677265;1
224166;16.89092261265408;5.965888097480976;50.7560949609369;0.925614383258985;-1.704526920733956;16.80469739933338;1
224170;16.809961023692523;6.319357802338259;30.545987611032288;0.7520812070582793;15.346858267616753;6.859207748110935;1
224212;29.197985986775528;14.70316065674831;29.197985986775528;0.48734844672417627;16.43095595701588;-24.135991216905605;1
224650;25.656044381760655;12.10646602823635;25.94353497799937;0.4033243647576142;-22.1075860511101;-13.018726985064038;1
224666;18.109482632515242;6.756786807300764;18.109482632515242;2.777852206531941;-17.37892561010561;-5.091788080408146;1
224686;27.930468434718172;1.409891758859404;58.11347249234822;15.838428037566015;-22.005567110017807;17.20075821437214;1
224690;28.978919642437443;1.433406581863555;28.978919642437443;0.3774130943390607;-24.680192295687448;-15.187688826504731;1
225142;18.002314698942065;6.6001994226047715;18.566849602930965;0.4537154823063118;5.526489979489648;-17.133045351785714;1
225163;27.59775640793478;13.936470703867545;27.794494901419352;0.5859973111050397;25.30102424915783;-11.022446674637745;1
225167;16.63752614460447;6.208187972960696;30.613859316278837;0.7464600481418058;16.382134054371427;2.9039559289013503;1
225195;25.34483491100358;12.440864072483741;25.34483491100358;0.6153905018461253;24.298222396980936;-7.208123543119938;1
225199;26.504867995904704;12.918682892011125;26.766688427961203;0.33608270826886955;-18.25618912467512;-19.215087460754045;1
225653;29.019065487284813;14.724946779335543;61.335378081896245;1.9121604094205196;-24.895438810318637;14.910509320509647;1
225680;26.589599186590153;14.175602573391132;26.589599186590156;0.8463877376648649;8.603406814485508;25.159256270565315;1
225705;27.692777391009447;14.852770458221745;59.69270698455933;0.9820896102981862;-12.054672384139915;24.931401752389664;1
226154;23.172778838357154;12.506204610160959;23.37150855518598;10.368535094794371;-10.749113606078696;20.52886347986724;1
226169;26.53128696942928;13.100545044768003;27.10535639899258;0.33671976224118694;-20.203371147902633;-17.19688874518596;1
226174;27.36599700751753;14.256769556845017;27.494698958005134;0.8101575221313925;18.888377074614347;19.802196941315415;1
226195;27.73709987186391;13.870528639153054;28.45133997692122;0.7729902851749936;22.600207694520606;16.08033959424628;1
226649;27.969500667699233;13.528151454898495;28.040109577745696;0.7848128986075483;7.754488801720609;26.87305101815604;1
226662;28.48405836985531;14.299450323275007;58.8358597285072;27.050523465427464;-26.718491728571724;9.87237463671069;1
226666;25.477886843645067;13.260880566996507;25.477886843645067;0.3851445329660799;-5.138554987317462;-24.95431767570288;1
226698;26.993020465136944;14.409010218112446;57.96110383462831;0.6159069744073018;21.725520439800892;-16.019516704666703;1
226702;27.239859392350862;14.225975570778434;27.66751519311082;0.7810155828033816;12.242906107009432;24.33354042818259;1
227153;27.32072447198728;1.3987744305412042;27.32072447198728;0.8358389678235589;10.22373194528808;25.335692032883976;1
227174;24.495840396532245;1.2822394201123932;72.75251175993532;0.5669685623821918;19.40694107665442;-14.947134667876794;1
227211;28.623382328369402;1.422295772818613;58.59462834307664;1.0382531240372208;-19.375221702542675;21.068905996594346;1
227652;26.547861355153326;13.641370075376134;27.128922699141146;1.0683875421384461;-11.340994162397397;24.00355794337397;1
227686;27.076846355757816;13.029327142085545;55.94881777651056;0.8751705923006744;5.648977498551616;26.48102456088459;1
227706;27.307247797819866;13.240605171009937;27.307247797819866;0.7420112819961491;22.866496300161497;14.926792329440323;1
227721;26.558884583294432;12.955899975677903;26.644983033470208;0.8634425413527071;5.083980780257157;26.0677480756342;1
227726;27.844329085731772;13.405130664078127;60.51232754903994;0.3268952127690503;-24.730076845032723;-12.795700898087006;1
228149;26.90861021896093;13.336447076146003;26.90861021896093;0.585861519529515;25.047550866537225;-9.83328528540685;1
228161;27.240376420123575;14.526677956667688;27.34979901402592;27.889546093209887;-27.227124318503964;-0.8495933466985446;1
228184;27.186608874292894;13.369733658537486;57.651221635852735;0.5181008314223312;17.519560363238824;-20.78886016025439;1
228196;18.599090435933253;6.346453877292969;32.21987426660271;0.4994398070363947;-0.18240185051175836;-18.59819600415464;1
228655;19.197058651156482;6.234730808451095;19.20760181853205;0.7517692109413431;14.715712613627348;12.327808529056206;1
228700;27.668421759380482;13.26161068767694;27.976108730434717;22.878778471313513;-24.22007654383974;13.376451504995767;1
228780;27.37855398915487;13.227841049369404;55.8625517337823;0.4516035279393653;-3.989617562445652;-27.08630964606462;1
228784;25.574391134357448;13.043476519559405;26.017192931018048;0.6707238020555479;25.415072073235823;-2.8501918190412012;1
228791;17.55476049369164;6.588715379456989;17.647176578856843;0.600190578619583;12.250589147594976;-12.573491222715548;1
229156;25.188050400023034;13.11525426411548;25.655373217867993;0.9242794491376611;-4.687209068314297;24.748089908193172;1
229191;25.46901455678851;13.168050827884917;25.93407625237239;0.8124655477194863;15.99875371106078;19.816926658458517;1
229220;27.28193969895846;1.2764954153463963;56.396629763170765;0.5374607964927047;24.760181515313526;-11.45590001118777;1
229224;27.83497100211829;13.612855400295317;27.83497100211829;27.377332134816122;-27.670129560390574;3.0248207880742135;1
229641;28.943791742742956;13.738231684597618;30.061382159318242;0.3471111563165851;-12.018873375674595;-26.330396184386892;1
229652;26.81304175431372;12.837729136458357;26.81304175431372;22.78389069902562;-25.121404285993027;-9.373060056260293;1
229679;28.016893146356864;13.161064421503754;28.38933986101876;27.311985880907773;-27.650690065270496;4.5150460118064935;1
229684;27.763245592965664;13.832426208053521;58.90610703100392;0.4706965376357986;11.419857256361903;-25.30582277065193;1
230142;27.33129089223951;13.378337375935118;27.41850517062273;0.7415486691056252;12.263695502726115;24.42542188893837;1
230157;18.73841889280815;6.0444301738387365;18.73841889280815;13.673763491058978;-13.3372820814572;13.16226611499669;1
230182;24.17332029706595;12.468710813696486;24.173320297065946;0.4073599116443584;-14.366445611100389;-19.441055904652785;1
230654;17.80388899014681;5.459779805690499;29.906086002191334;0.45089810886796194;2.560564304871356;-17.618796031911188;1
230702;25.80369174457386;12.884175580725763;25.80369174457386;24.019432600397714;-24.229302375742783;8.875326136757698;1
230706;26.092734795698416;1.329456811164722;26.092734795698416;0.6483310962314325;24.66087745085843;-8.524783426714901;1
230727;26.390643626882994;13.415787326724567;78.91880196526664;0.4435622507080943;-17.809068193499478;-19.475706947898587;1
230731;26.68983267022732;1.2647984126684704;27.000041217505817;0.4695943114701879;-16.893779548761074;-20.66270506305009;1
230737;26.33957845031547;12.972911432969122;26.476127907033863;0.9125850798101508;8.122602540419022;25.055871984640678;1
231146;27.793725608471227;14.415535923376353;27.793725608471224;0.6723991062573345;27.33825115214541;-5.011108374522481;1
231166;18.531928445914684;6.816594111525904;18.531928445914684;0.5166999751175249;4.103414837155586;-18.071921829144603;1
231187;24.50229666765715;12.495236383230573;24.607239369218053;0.7637095823197633;17.95716557268599;16.670415309314393;1
231202;19.522421580037506;6.274471644996845;19.634663278825574;0.4407265791763775;7.559985389824178;-17.999210128623954;1
231647;17.150633027825982;13.839014150919493;50.718213764385716;0.8161847456173269;16.556716411989974;4.474299376226105;1
231672;25.571943635042945;13.059892673908426;25.57194363504295;0.641138871043905;23.706515564068006;-9.587774563704285;1
231718;27.49450565236483;1.3606159316714457;82.9088986229435;0.5017499450815076;5.981540236956528;-26.835964999634196;1
232161;16.413107205706336;13.067926901517936;29.822063513671765;0.5223174881375404;7.057397003679555;-14.818341191863011;1
232176;25.30725328781553;12.615511938830538;55.263087459309396;0.8551317771120163;14.526420610511842;20.722938334612365;1
232196;26.56250589176096;13.57290551330472;60.407216295688755;0.45618070561547197;-20.48283118861838;-16.91213604925167;1
232201;26.66538941971627;1.3157195980420613;26.831600584247074;0.5059541238790753;-0.8815706976134534;-26.650812858339343;1
232648;25.74682229592167;13.472431139027476;25.908338115749018;0.5452148449532705;17.79675339097739;-18.605763275891263;1
232664;18.36731534627709;14.701277856840564;18.36731534627709;27.33256053677407;-18.28166456985649;-1.7717261596645824;1
232668;25.80011875968457;1.2617483396247204;25.800118759684572;0.516980483867427;-2.751381844079225;-25.65299253424245;1
232692;25.905381276597872;1.2738588996479352;26.321091428979717;27.41297142017037;-25.477631251152083;4.688185674248234;1
232700;26.239897995804373;1.3026914656421467;57.32880211228946;0.44166407241400024;-10.175749302866146;-24.186491538779194;1
233153;25.947123591585274;12.317895703240456;56.208996922438736;0.8239464269039769;7.920878423489034;24.708559401092305;1
233165;24.738367674741987;12.491747411608852;53.49550105143327;27.192738839370424;-24.240356789508056;4.938819487293497;1
233169;18.425038381125127;6.280127450576051;18.425038381125127;24.006263900852957;-16.7936144169581;-7.580010168889687;1
233198;25.59186602585179;12.927078091917004;25.834930961210816;27.459611300824935;-24.92144613784791;5.819375317290741;1
233202;23.39624779765505;12.057500844320007;24.196108664723695;0.6008609406899996;16.46170919490314;-16.625177935640878;1
233641;18.177066226051735;6.740241174583776;18.382219539497598;0.5347343459247887;1.656490867831714;-18.101430180818884;1
233674;25.438160535449786;13.16860184072204;25.517285423353506;0.6584447372639546;24.19633759117795;-7.850939982006217;1
233696;30.493434197282998;1.5008428646980292;30.493434197282998;0.4498564176831968;-14.51844680159125;-26.81537304632164;1
234141;26.860104833356303;1.3989545608413374;26.860104833356303;0.8246333714385355;13.31020834338736;23.330314732435827;1
234171;26.075047877181657;1.2872342959370209;26.075047877181657;0.7288799969709847;20.41662608027841;16.219417415413265;1
234206;26.514947918311336;13.61917205159705;56.163453754281306;10.61746447120993;-6.706879380272846;25.652684695548604;1
234209;25.836874812446528;12.640001939169672;25.836874812446528;0.8286779575436132;3.557466691049235;25.59078996076731;1
234642;28.357851017376074;14.731154203542243;28.357851017376074;0.9124449711310408;7.56500846645993;27.330173091769595;1
234655;25.600021944755845;13.391293174038248;25.726971218792862;0.9070825983279542;1.1798346071521604;25.572819826365393;1
234658;25.193712032417558;12.982986172062814;25.259630729280957;0.613142915158017;20.448172783216297;-14.717178934840522;1
234687;26.908999351406358;12.753381599124609;27.194047685828863;0.41780656257717286;-16.346683665934595;-21.37475565286899;1
234697;27.564096825852616;14.755959205847637;28.073115190123996;0.7927430287096647;13.95379194462768;23.7712247095311;1
235159;24.31506151824059;12.980225048460136;24.31506151824059;0.7549277223962738;22.577760299543417;9.025904746460906;1
235168;26.617984658462554;12.875199393994896;26.617984658462557;0.640156277176436;26.250962190657972;-4.405007530390106;1
235243;25.546662788434134;13.041725223065095;25.843538902279413;0.8272793484063421;11.381249668484491;22.87136059812767;1
235642;27.160519098388445;13.847940630557886;27.21521615532581;27.040430660373396;-27.160480777375874;0.04562494623773559;1
235662;25.810768989727396;12.51294831315057;25.810768989727396;0.5693601335432699;24.1846398447726;-9.0165953341442;1
235681;16.96260267799772;6.031526840589703;29.70857679416481;0.4629242069111586;2.145468893173849;-16.826373728169678;1
235686;26.36486956180764;14.030727346505948;26.364869561807637;27.652633472342437;-26.237123783113816;-2.5922350589200627;1
236152;25.347211363332217;13.864513664403864;25.347211363332217;0.553035768885484;9.998077008467632;-23.292049717235898;1
236170;25.20092058263981;12.982981740644899;25.52389718335324;0.5477827698053206;12.573118484667615;-21.840400403450214;1
236193;23.926397554698777;12.66428982943067;71.04023192643794;0.904854708935696;7.2307265086235395;22.807654287606702;1
236640;23.450504719550754;12.520528830212411;52.99572093435844;0.683301244192122;18.453119368961985;-14.470955640748544;1
236657;15.871002017723992;7.016806368343777;16.069406375148684;0.6857483754771755;10.725779426066008;-11.698134926131521;1
236681;28.329310342142357;14.53681906677767;28.349921977633052;0.4755082768042637;-6.18802895551141;-27.645218792897378;1
236696;26.773351796066013;15.25622814874471;79.86144231577246;0.5666822526729023;-9.829282247710328;-24.90376631938948;1
237157;16.32188552675343;12.99052663130782;31.728653995425113;0.5810243736549282;-13.19283525212533;-9.610049175666182;1
237177;21.481396375910936;12.737440074465907;21.788505829068484;0.8585782515680221;11.816323324767037;17.93947862518769;1
237208;24.03521125257513;14.964371423157791;24.03521125257513;0.9811072532358883;9.996972487432744;21.857536939038372;1
237213;16.07174442882123;7.653387238271631;16.306942918666184;0.6025499450674386;1.2402621005857064;-16.023817238947682;1
237217;25.232236954336734;1.5690264099175448;25.394685212921207;25.155616118904508;-22.55306141917808;11.31482224087403;1
237653;15.622700023010289;7.600498252041113;31.68277684213177;0.7467448148969429;8.356865405091062;-13.199680170752542;1
237665;15.720840821405861;6.4508587410266935;15.720840821405861;9.542067265835282;-2.571212439111254;15.509149000668621;1
237688;22.132705106551448;13.243970396534642;22.453456441561357;10.765777800180214;-10.117049644926597;19.685069007134803;1
237691;21.820157617204515;13.361747696375318;55.776180479726236;12.74255241952312;-12.102043373246785;18.156536691552763;1
238168;16.06891243414479;7.3666501614762305;16.21878071159994;2.5755523055132965;-14.681821097852692;-6.531008809277516;1
238180;17.308947167687688;7.307011559537969;35.295780219002154;0.5576398492677596;-14.365186056021535;-9.656142171161733;1
238201;15.67704376266165;12.267666999500568;15.67704376266165;0.7737914556861918;12.501099757360015;9.46003202917104;1
238205;22.060200782149785;13.468833066827974;22.682692986572597;0.7596520311576156;21.453821701305657;-5.1367297921292785;1
238210;23.49273285292643;1.6214991827509464;70.60792434699451;0.8182218007820982;21.78271978845418;-8.798955365079168;1
238651;14.857670059785681;7.832962094669427;14.857670059785681;0.6963659627709092;4.285144941023397;-14.22630986728018;1
238678;16.92576789634529;7.89176234655139;16.92576789634529;2.693596934275411;-15.89926026414079;-5.804751668595886;1
238714;16.554518721851686;7.690765189269459;16.554518721851686;0.6150698321353382;-11.260219665416951;-12.135054313792557;1
239168;13.46896356162787;7.166703945119902;30.12232855062354;2.295770871117257;-9.517012482708264;9.530973341082978;1
239195;22.581124961880356;14.440894506228188;22.581124961880356;0.5999041086260808;-5.324299306898176;-21.944453546047114;1
239222;20.435615551682467;1.6514267378962788;20.435615551682467;0.9569422736364247;17.701029110364807;-10.212147247772332;1
239225;20.744218169467537;14.189246414239713;21.332998879960158;0.9072309539600891;19.23634852012084;7.7643726774873425;1
239646;15.966677517229684;8.712700133020371;15.966677517229686;0.7830662451429315;11.368411783831519;-11.211333749935756;1
239665;17.343578618649847;8.50667421507289;17.343578618649847;26.214855306470426;-16.809734713935704;-4.269957628407232;1
239700;25.975755788109524;16.461485870743896;25.975755788109524;26.055946213681203;-23.074616157736543;11.929039271317249;1
239703;16.76431806558375;7.4888680780312304;16.76431806558375;0.5939905515067143;-11.635650720817551;-12.068719588556016;1
239736;23.33547020043567;14.615551637959511;23.335483056368183;0.5622057920058183;8.051915484717238;-21.902301853969412;1
240143;13.537740832290963;7.655466524684827;13.537740832290963;10.542396242546909;1.0267293802203517;13.498750076287447;1
240181;25.242150997761755;15.555613271373312;25.242150997761755;0.5914685132615476;-18.11394286246766;-17.57985383810291;1
240219;25.0262884709586;1.5126659293707294;25.0262884709586;2.5616094485149885;-18.982083091139785;16.309372647428855;1
240641;21.47351711362307;13.716760231779483;21.47351711362307;0.7480329130729403;17.957181227317804;-11.775040534891076;1
240666;20.016942828564645;1.3860188305893804;58.15196059029407;24.203099606535783;-17.29851206551154;10.071716860663685;1
240689;20.486817848803163;13.339848005449564;20.493490966973418;1.0617102352403422;-1.1264923918730032;20.455823631941396;1
240693;25.040554931529673;14.591275630481544;25.04055493152967;2.560859915083299;-22.779455927614528;10.398354625652193;1
240697;21.594355758635803;13.948113928313889;21.594355758635803;0.7023951212815176;12.391783288062395;-17.68501929804502;1
241141;14.808894673145707;6.887279532433599;15.002408328907126;2.6905592255584447;-14.66247920855187;-2.0772734290669135;1
241151;25.50431875636568;20.139680836331838;25.50431875636568;0.6399255481647226;-11.99912985686644;-22.50535842648063;1
241171;14.501137004344049;7.0903320958912825;14.833998612509678;0.8901534721844357;13.108261105431735;6.201327697403344;1
241176;21.16682536689295;13.36890068732193;21.231483760770182;24.253582166590558;-19.053880723875807;-9.218683499982893;1
241183;21.38273260211334;15.033164815388524;21.617849058354846;2.3165939921493206;-21.37145506181533;0.6943789126180648;1
241664;13.927526014375092;7.680469207960708;41.66017287149158;2.3717256322842664;-13.877831525896891;1.1754884176023652;1
241683;14.124223910886956;7.230860190481203;32.34828901064823;23.985059106887835;-14.11978917336185;-0.353913527128132;1
241686;12.61740460855517;7.0005234585695675;29.700235801521135;0.9409380394051086;11.76649203894224;4.5550591822168585;1
241714;13.93498645575062;6.224760119483137;13.93498645575062;25.920244268820205;-12.574170625804728;-6.006170210300635;1
241718;21.20731085464392;13.716765074233022;21.20731085464392;0.7403471646535031;18.594646630155395;-10.197507067178158;1
242169;16.400156270496367;7.035891417643806;32.79435316647417;2.6304307081185296;-15.779805743531602;-4.467981243594063;1
242190;14.953547056044876;7.528580557927788;15.105053337715367;0.850467790043369;14.879086972111208;-1.4904161947922117;1
242194;22.232779296389978;13.781978563022303;54.87455552342708;2.4302643017588634;-16.37055839276892;15.043313901894418;1
242228;22.809133996630027;1.5584535942727569;22.809133996630027;0.8927815481184879;22.61844151180731;-2.943246040203854;1
242651;13.664311444361772;7.568692586553839;13.676861195595208;1.0215086353983784;12.33912839078538;5.870205942233227;1
242676;19.549654921915852;12.815487972229983;19.549654921915852;0.8056016012288849;18.91900598456105;-4.92546648776864;1
242680;23.454304292973287;14.91696476277126;23.454304292973287;10.127823557686575;-1.890279913824533;23.378007436793595;1
242722;23.361558326346383;16.255521149651525;68.43561707236074;0.885868816614979;-6.956483999254735;-22.301787771463456;1
242751;22.63381040664239;14.991173125221097;22.63381040664239;1.0234757922587463;10.187316078713252;20.211579963877732;1
243145;23.05913146021533;15.579132061286675;23.05913146021533;0.9619985183951372;10.661375552261111;20.44648172750367;1
243155;16.03333511278899;7.253385708445875;37.69557584813304;0.7297842649855386;16.03320568109437;-0.06442380550369063;1
243187;11.807692793289545;6.194740252839782;35.16478536173685;0.8747785455118953;10.265275265503721;5.834872134343594;1
243191;23.591646305894546;15.81539737922685;23.728254782842857;0.8020982713966082;20.29244896927552;-12.032551277753889;1
243640;21.825922698588194;15.540914579504271;22.008847815179212;0.7714237237629832;-7.581096273561426;-20.466994917079067;1
243659;12.753180685860967;7.042288696867625;12.753180685860967;2.078494856582005;-4.96219674848071;11.74820075737492;1
243661;13.65985908347508;7.018654984882598;13.894917625727386;2.250953786271402;-7.898891032952506;11.144472649252595;1
243701;16.184248972958297;8.858559280352889;16.252597970064542;0.7623474279787213;9.366637329831795;-13.19833398388233;1
243705;14.721625046096916;7.247601896952644;33.450344423499146;0.7650649583638995;-9.683218349754535;-11.088801846405458;1
244140;13.252595300185547;10.943483240278507;40.658472242627305;23.550494374011212;-6.889894099096188;11.32080569101597;1
244152;15.05192171934146;6.985734241387875;46.024266289496595;2.0805445127633786;-12.88380267551051;-7.782543033205237;1
244179;15.46445894447705;8.205993202722393;15.56274655434659;1.0384197030550042;-2.3660272612528437;15.282388734894313;1
244644;15.943432224716421;7.027779235025804;32.85858480805682;2.4948807735024063;-15.803860941245102;-2.104996544869726;1
244665;15.724678011615122;12.86284371556185;47.9691310487661;23.058769146389796;-11.773187905232039;10.423892992403086;1
244684;15.900085515045426;12.626189214479439;15.900085515045424;0.8738520056810032;-13.040614827010907;-9.096982154500504;1
244688;14.213403688665109;7.375786110938536;14.438734976017052;0.9171937376222362;12.019099525302183;7.586968499858145;1
245141;14.297252809184402;7.065869423400659;14.30924617650008;2.274799928787833;-8.20387694521094;11.70930574191176;1
245157;25.462323789737734;17.814389563214135;25.462323789737734;24.441726024378067;-24.05170482544775;8.357357702227274;1
245185;14.307840942965242;6.803817198963464;14.307840942965242;0.8642766707055012;14.307838885341477;-0.007673350173177832;1
245644;13.674270961243204;7.055766074948224;13.884332361412996;0.9431500792341222;13.265471577812013;3.3185765231136064;1
245657;21.52824092721641;15.790127244006747;21.52824092721641;0.8629520275178025;17.785620043969203;-12.12999905489842;1
245679;20.798937561780754;13.845932488324495;20.83421490492713;0.7276790033103263;14.358795180515;-15.047285624419892;1
245686;15.582219739569945;7.13660128788592;15.582219739569943;0.6380873028989457;-12.530144129952086;-9.262886164412823;1
246152;14.12592694737291;7.443181304625558;14.279922611429335;0.7409295472411469;-10.098040519288922;-9.877823130291171;1
246186;22.189172745166495;13.853858189321622;57.770474085802725;0.6098070728238666;-16.33891594459465;-15.013301198281155;1
246190;21.98114789095566;14.194269082079265;59.53538669711002;0.607622004237595;-11.021344211545902;-19.018434067364435;1
246220;16.12801872646072;7.476458673154287;31.30797116477083;0.6458228174882911;6.9152958530775255;-14.570232369645876;1
246639;14.618018999668891;6.998477868144551;14.618018999668891;10.75587109197671;-3.4064283461894305;14.21558037496035;1
246675;15.813155970202521;12.995624735308702;16.185763886502052;23.663257345655477;-14.702959504161841;-5.820556979957215;1
246680;22.392264416221206;1.59442961850254;22.535174891866635;2.349562004999733;-20.176199828056316;9.712593175064354;1
246710;21.165554134466973;15.545508384434331;21.31914651806542;0.7879594727384565;-7.265021385319504;-19.8796414980226;1
247151;23.021460705220598;15.99967012304787;23.11091740014094;0.7979606847815779;20.563675083410846;-10.350020293019911;1
247178;15.299320369363505;8.033864074126344;15.299320369363505;0.6740121339856308;-0.6032579123694635;-15.287422400639837;1
247182;21.41752639904101;14.294623436233136;21.429843024260833;0.6544205638107999;-6.10485088849176;-20.5290338955076;1
247207;14.815339621882162;7.6366777153343195;14.977406610247487;0.9083804539955674;14.45257745696556;3.258418782495949;1
247211;19.131578803350802;14.360955490612712;52.59494163735519;0.8380799572470157;18.397144250640572;-5.249989612365368;1
247650;23.19312648990231;15.959818978211304;23.19312648990231;2.4504901697356547;-22.889162351952105;3.742641206766486;1
247668;14.376968221801778;7.365855732912238;14.643606136039923;0.7982946144049714;14.372088288958246;0.37455769260214705;1
247671;12.676098974409456;7.37933684495669;12.872653398648863;0.9849136137651752;12.300765525852267;3.06180546198299;1
247700;15.202896626858056;7.832354100946476;15.390491955414337;0.8702451220711496;12.547753966329182;8.58381827902958;1
248151;21.848529763417808;1.58620726654654;21.8782896949742;10.278359175459057;6.106843735395403;20.97771942834625;1
248166;19.786881628999417;14.233298438100215;19.786881628999417;0.8006755605489827;12.647282301104802;-15.217323516183646;1
248212;22.198884821641062;16.164986763071923;22.631615533802467;0.8321798574046889;18.710609587483717;-11.945860211355582;1
248888;25.06511568661754;15.006954353234221;25.06511568661754;0.6619667851306736;-14.070675833091803;-20.7430977913996;1
248916;22.343680785394085;13.58590170784854;22.34368078539409;0.6186626477326554;-17.258411659490562;-14.191099253798104;1
248954;12.450371887401026;6.913626432749901;12.537960141365861;10.070270787075524;10.82539154887445;6.150012841299068;1
249196;21.717661646038326;13.454336147629336;22.186559139758916;11.302352689614866;-9.695834247308097;19.433157891102816;1
249207;23.639485210739604;1.5652444415514228;23.639485210739604;11.445487042418723;6.0891544814770775;22.841791933416346;1
249211;25.148847096752778;1.6056413084504797;25.148847096752778;25.932242823686785;-25.067260734771317;2.024092278242982;1
249234;14.360047675539658;11.415684614569159;14.360047675539658;0.8720218416264164;12.122230957482998;7.698213160026993;1
249260;24.507109061855083;15.311311182310822;24.507109061855086;1.0399253124121466;9.23988132407847;22.69852390986263;1
249659;14.15007001488983;6.863703484098241;14.15007001488983;2.236215764031609;-7.943831223702157;11.709826083918538;1
249702;22.275694689698316;13.87632130532385;68.92964873554332;2.5487905671863205;-22.175391567892415;2.11153563060151;1
249742;25.63137547971128;15.37260520667392;25.63137547971128;26.24030872692241;-21.83960470907768;13.416373397203015;1
249746;25.361317198429802;15.71350766066405;25.81970519725383;0.6483091584704627;-6.758204103620447;-24.44428537170148;1
250146;13.339341741043082;6.399396595903516;13.523595866930888;11.195922439376462;-4.4615073451646;12.571117304892855;1
250161;20.745524497758392;1.3592503181840914;21.071808591974495;0.7079383990806669;7.762337042092317;-19.238578698335672;1
250183;14.852348366542671;7.109740249576538;15.101178979421244;0.8186431834460709;14.55230338898532;2.97030605764273;1
250661;25.641690000242935;15.860261562927448;25.91104543755016;2.579429018859193;-25.569093839100635;1.9281354505906896;1
250672;15.61820894447834;7.042796675028418;31.975561024351382;0.6771870608285171;3.785080737657948;-15.15261081275415;1
250695;25.606674760932858;1.5221318399757289;76.66124146453768;0.6804443488603124;-3.579411931115943;-25.355267747345533;1
251149;14.222087540233323;7.3046791023640765;14.222087540233323;0.7800085958176284;6.482141091256151;-12.658973926630408;1
251178;24.026563802463304;19.35439526948701;24.11307324420091;0.7798963818517716;20.27161760746071;-12.897181387060076;1
251199;24.76274060778757;1.6044714309838584;25.337793666045602;0.6607865709783447;-14.076897496395723;-20.372390122038684;1
251204;23.517260456716105;1.512013400003787;71.04121085743913;10.276744398706816;12.792614031394542;19.733488430401515;1
251644;17.472580385601436;13.35071812237241;53.74113363943645;1.0213985170016462;14.867180401596894;9.179216319363936;1
251654;15.581145312835654;6.991923659716472;31.976137856259708;0.6692022023390201;-10.4886829888181;-11.522136018107851;1
251685;13.248487690885176;10.287552366283576;13.248487690885176;123.08386045373716;-3.667432326423544;12.730764557819754;1
252151;15.24940315769849;12.30541540039237;31.98534781583922;2.536330868663212;-13.83895968120297;-6.405270611618469;1
252165;13.139082802678226;6.992054901351008;13.512762010087172;10.314936282605574;10.774447235806058;7.5197595479154735;1
252200;16.118191700752913;12.824191680928164;31.930742438716276;26.138648981079832;-16.068548844824424;-1.2640576425589918;1
252204;15.012214456819294;6.71188239868305;15.3579680852638;25.409016935232728;-14.506835620506074;-3.8624219315282415;1
252652;22.455866986985843;14.60469998724318;22.455866986985843;0.7695608028568607;14.985071050675884;-16.724640735854273;1
252680;19.946205349247986;1.3105475488282883;54.52777058688701;0.9614147661840786;9.68041083259227;17.439631703295777;1
252712;21.14744392522382;15.811033161603426;21.14744392522382;0.9932624087680201;19.196351470120547;-8.872117830940168;1
253150;15.808364103948819;12.432484611752702;16.146216683194822;12.375949814071358;0.8651435519832505;15.784673017756159;1
253163;23.156946623411077;15.717310231476752;23.156946623411077;10.877314734149907;7.966463978514404;21.74349623677255;1
253183;22.84953904029336;14.4924507345895;23.205017247565074;0.775352482962054;20.752882538046453;-9.5613440852182;1
253187;13.365627373507673;7.25160004578879;13.496555233244226;0.9576800587445387;13.222928069013703;1.9478625128964266;1
253191;14.428761002969445;6.749920302955093;14.428761002969445;0.6962390028658306;3.2808880849692033;-14.050797751541332;1
253639;15.336763409449969;6.72082439761721;15.336763409449967;9.738891100083185;-4.428944860055247;14.683349730358996;1
253656;24.624871994679147;16.01177035526326;24.62487199467915;0.780075534138695;23.04438007883692;-8.67991172400028;1
253679;15.353479928937883;7.116071609473347;15.353479928937883;0.7819602222426598;15.343219559103362;0.5612125171861843;1
253683;15.867825977681639;6.673236746461599;30.398104991466205;10.72747758632379;-13.685379095344985;-8.031083381131262;1
254145;13.815202824531937;11.122759638366032;13.815202824531937;0.824408268053815;8.251931213529168;-11.07995759604423;1
254167;23.67913638743041;18.507756883598418;24.197762734985325;2.5354920460178723;-22.00281398792485;8.750867195158978;1
254199;14.841644456760827;12.043750372222943;15.093451892745012;25.634410876380212;-10.946401809363607;10.022509546458938;1
254652;24.97382756564391;16.31621110975987;25.03704251064516;0.7758545023538631;22.642009034782685;-10.53714810313183;1
254665;15.169133100053472;6.914486656465581;15.242071744942889;25.342246794198232;-12.540279317563215;8.534869281051359;1
254694;20.86657170096428;13.110517661844755;21.475763399319053;0.958039384249889;9.172882351756703;18.742252903861736;1
254710;67.1419004882915;2.864557783366556;67.1419004882915;0.7616906180626171;39.03352287623251;54.62983519149835;1
255166;14.000987256330056;7.2354670358751;42.5659409000776;0.9447983162445963;11.812901378826323;7.515517624624387;1
255179;15.436815212736432;6.94219309422141;30.388886754498106;20.57112388158215;-9.13567025046312;12.44326295579154;1
255199;23.790459359597442;1.600219680405955;23.790459359597442;1.098804974023763;5.658585979544032;23.107712159639803;1
255204;25.899402303956492;1.5569496533117517;25.899402303956492;0.6355743299602173;-10.444718069101425;-23.69993468681239;1
255648;21.885769299440465;15.238334902170525;21.88576929944046;10.28219714989713;8.405365373664814;20.207343486057916;1
255657;22.173786865777082;14.089470893341012;22.567027191785915;0.8535954235711383;14.500586627693043;16.77527381063206;1
255678;15.702920880768787;12.57111199501939;47.543692353370446;10.652622550446797;-5.3731022849779375;14.755049848199404;1
255683;25.15692658869551;16.20600244667852;25.156926588695505;0.6762447997511282;-8.414483802152825;-23.707961062316656;1
256150;13.993988107126695;7.510098757117547;31.231816401016214;0.7146344234380397;7.394504072195709;-11.880783335651081;1
256162;15.469805804227267;11.927224660051223;15.733902634653115;0.7495102323935302;9.417634613213913;-12.272858261729372;1
256165;14.575809292515789;6.439850482400563;29.0567824986524;0.5860210474860787;7.124185666011353;-12.716139159665877;1
256191;21.137127197065226;14.22653383428426;21.752811073577114;243.16290476544063;-18.626939949310447;9.990758443166214;1
256648;13.147075383498258;6.18705555372291;13.147075383498258;22.66434207203465;-6.992123579763847;11.133543864587605;1
256662;14.919383429743188;7.221472714788655;15.086886862884887;24.766874893858734;-14.8928681311992;-0.8890898438329132;1
256665;14.000982441020321;7.034102684340348;42.978182201621905;2.358660335495216;-8.82541338789442;10.869203643622347;1
256684;13.391896001439767;7.102237216646037;13.442385584418924;2.440447309189612;-11.211630048726754;7.324085619643297;1
256699;24.141570102671267;15.598724109766515;24.141570102671267;0.8393206981590092;23.965591054848144;-2.9096137912056057;1
257163;15.487537767733617;7.514223965546129;33.73594113491108;0.6688688299823589;-9.86766143164043;-11.937046702492669;1
257179;16.700913630809897;7.495463723951726;16.700913630809897;0.7778509437921011;2.3099838139193607;-16.54038968353534;1
257183;16.11732770766002;7.7151026594024295;34.46573382185665;0.6772605213711275;4.104938441645905;-15.585818323925219;1
257217;23.168778490132073;13.98419642906198;23.952399082106407;0.866650031740539;16.68304327197285;16.076951325120323;1
257221;24.943829566493598;15.407160977091445;25.153046808333116;2.459849870924761;-24.606691834153718;4.087217931707687;1
257663;18.166261633500575;6.0230324842709155;54.38285821537733;0.6506962734938487;7.584407981594002;-16.507265591415443;1
257685;26.25514759468893;12.637628516195825;26.25514759468893;0.6303814147456666;26.254763473480246;-0.14202172547618097;1
257705;27.07721204541465;12.938883556889163;54.246019693697995;0.6240737600993277;24.85413361414788;-10.744647711415793;1
257708;26.740285156626637;12.548421624936212;54.07510669025897;0.7005687998925415;25.323042345645163;8.589899686164486;1
258169;22.841658879174748;1.3232042122231693;22.84165887917475;0.8130919470995696;19.163967689128718;12.429148110896948;1
258185;24.224515009334898;13.839450407329153;24.224515009334898;0.6504177624637573;18.24579845863993;-15.934803608585344;1
258206;26.867390839838365;1.4851280431592184;27.47071148023312;2.490882802266651;-24.592264311790068;10.82022303650378;1
258211;24.38027900536363;13.392253273695943;24.761902438389274;0.5145357319366246;-4.77004346416714;-23.90909219793447;1
258643;19.132283762881805;6.366816231957429;31.14035454222393;26.287095084406232;-19.063425259946168;-1.6217581021462701;1
258661;19.53639759881081;6.034152164906551;20.030213330187664;0.42407887397728145;4.164720222118037;-19.087323977192348;1
258665;30.321617495164926;1.4273419955488569;30.321617495164926;0.39532595173044144;-13.28348595623336;-27.257099779206936;1
258698;29.3043416774995;13.74534089989216;29.304341677499504;0.37035112929900355;-22.27512902638596;-19.041088939698064;1
259156;17.69369681622221;6.784033849057308;32.030102889912726;0.7508955009738439;17.668879703471887;-0.9368014990547041;1
259172;26.995301389892212;12.992206316788053;80.05645319846515;2.7055414259434967;-26.995291423509165;-0.023196787040030142;1
259199;27.03030619114201;13.517719824175096;27.080562849862623;0.8393188169856218;19.817232643771383;18.382457483414232;1
259205;15.662805144575168;5.505582355639067;15.66280514457517;0.811015805751613;13.193898526299714;8.440646105283447;1
259642;14.506953920280845;5.8241776203827005;14.852078968072162;0.8599367318415349;12.799703372292308;6.827833157487132;1
259654;16.277886408732886;6.406272108347431;16.284514126906473;0.5903511580447567;6.1652085433838;-15.065184683640563;1
259678;25.194249025548245;13.959644253466545;25.194249025548245;0.6889928893236061;24.02938613691093;-7.572237835975014;1
260143;16.345109313876563;8.022619819775473;16.345109313876563;2.4311022763525103;-16.169897305905405;-2.3868430193557955;1
260155;14.025584840663159;8.118289673518882;14.071898999135248;10.689078673360472;10.04920008725361;9.784201946453386;1
260249;14.055621569639005;8.496552943585243;36.80919226502736;0.7852228903418736;8.14488555339447;-11.455188214560566;1
260644;21.46576867553521;13.08606195938677;64.72797716621541;10.791540696616211;-2.0295898296607144;21.36960434717794;1
260657;22.36994989236392;13.528079259522872;22.36994989236392;0.9643603229973197;5.078971445295956;21.785745505828825;1
260677;22.93323217807165;14.187162751538102;69.90446467959605;25.188450149659747;-19.237643527873;12.483837936621372;1
260693;16.413983573031427;7.194642044754634;16.416410644320262;0.685447055821878;7.076529979027499;-14.810185015443615;1
261145;16.880957974411285;13.565612361079184;17.00054748065259;0.6434473654566862;-7.905392796098555;-14.915478767818117;1
261168;16.0301519807872;6.878353829433246;16.117822750162958;0.67670378059332;-8.016238574759342;-13.881847558580812;1
261204;15.871007894681423;6.981081946885334;33.98433856276166;0.7497958905983467;14.351659916303941;-6.776337450259898;1
261643;14.606990440361816;5.896331960367258;30.54581221291193;0.6017721761843777;-8.324657018897767;-12.00267700317465;1
261657;23.045344625880794;13.88017812362338;23.045344625880794;23.51834550827275;-22.937172811926374;2.230249385481006;1
261685;21.271177866616497;14.063868955549403;21.946617451461183;10.997154830747167;6.896082482121057;20.122302408845233;1
262139;25.67530356720419;1.4688076003272328;26.02517810376186;240.81774668443046;-21.576513458024188;13.916726636094758;1
262156;15.618464363314493;6.288192220385789;31.072439796133484;0.6594894113559143;9.620252030933244;-12.303949769462227;1
262161;23.92177856136719;13.687311906605792;72.54561568481418;0.9787521628819953;-1.4017005045717714;23.880676816928162;1
262183;23.558063771467513;13.22086718621415;72.46995384775363;0.9264195363070773;14.760388851620641;18.360645130536213;1
262194;23.885475980992354;13.751103386011684;23.94092775565894;0.5693299993840588;-6.548932936336035;-22.970142364250503;1
262638;15.7030895537436;12.57647195270809;15.703089553743602;0.7903755921393006;12.5293566475203;9.465846160387896;1
262655;25.43423492697821;1.408304872650226;25.43423492697821;25.357187430183693;-24.89117592802572;5.227778423077166;1
262659;16.45576814139634;6.1706131480329365;16.677522866245056;0.5708293247085257;2.112684241480512;-16.31958548551999;1
262686;23.77897399034757;13.840499797055072;23.814441976844392;2.425893570750302;-21.55364602408278;10.04390099026104;1
263140;25.40211124219191;14.287993668046562;25.54280989108413;0.8782736201214006;12.59289772210049;22.060965131231427;1
263163;14.695710446360588;5.655628184680024;14.770252212721056;0.7200471107075204;14.6649520843623;0.9503083113545662;1
263185;15.674590812460593;12.785978696048854;15.764276771387571;0.9295034859249589;-12.849240152457774;-8.977183558474282;1
263191;13.793387512661925;6.078045354118202;27.95597053793582;1.0967477175866922;-2.0616898603291336;13.638437373624368;1
263645;25.807884739170138;13.709923463897494;25.807884739170134;2.510327332995626;-23.018746140626252;11.669800376342984;1
263665;14.972835868472412;6.043805264180603;15.300917200476098;11.288662618787958;-1.9657808249768665;14.843231443737825;1
263692;26.21180509308441;1.4959357752984381;26.21180509308441;0.9217245895362832;10.38112746565475;24.068463157826976;1
264145;24.77336493938275;13.917002278937384;25.12854693365778;0.6886966630672624;23.716431861822276;-7.158943369197691;1
264159;23.569125228554825;1.3123443055382165;70.11276908956609;10.45515639471276;-2.7382186068394727;23.409524192098772;1
264187;22.72403779884246;14.173041060370485;66.20095487542669;11.158640906697327;3.462781600272905;22.458651728722103;1
264642;24.932875613213174;13.245561241098384;25.541918062014798;10.14571080838288;-12.103425824697847;21.79805885050312;1
264657;26.228203609773413;13.45428166858848;79.42817350239137;0.9083824810486608;5.810371011236772;25.57651761494341;1
264689;13.996346885665067;5.759026894503664;13.996346885665067;0.8646375875313839;13.097104881497865;4.93594670422109;1
265142;24.44451734115156;1.40490599392127;24.90663230784448;0.9498236354130661;6.9665207665601425;23.430792057695054;1
265161;12.673284002597173;5.727449733111606;38.22342656731032;18.579442614377115;-6.18696740623694;11.060450340047062;1
265181;26.88656864105909;15.069584822344167;26.977515660264682;0.5900144753081125;19.65624298347567;-18.34447287509089;1
265185;25.93658830766166;14.146486661051162;25.93658830766166;0.867505004524109;6.187967859507902;25.187609390548136;1
265653;23.188343643055003;13.762321014018669;70.68589621641496;0.9658996751772525;16.998419912464982;15.771905445694358;1
265672;14.917881090596133;5.8933850280589155;15.018836350827463;0.7028518783000144;9.584853964468385;-11.431261991266771;1
265695;13.968989046841417;6.228618919264345;14.13141015951322;0.9001446876069699;13.426046109543122;3.856674844370141;1
266148;24.877918766199862;13.933421331702947;75.68350159606196;0.6678585842075073;24.194073761053176;-5.792895388521836;1
266166;27.232693840340286;14.086061552646566;27.232693840340286;0.5112346572552411;-11.211793958610789;-24.817640702358602;1
266193;21.12141762225067;13.07310692930718;21.12141762225067;0.7589403269666956;19.462727450394695;-8.204664683286822;1
266660;17.295296896724707;5.546876379507582;29.855065741034267;0.48875197791310937;4.482208848297936;-16.704403568702926;1
266872;16.357928180732177;6.816424029427138;16.357928180732177;0.871289176544751;13.750512664292636;8.860316915049921;1
266903;26.515313394748162;14.02988824812107;26.708861196198107;0.9014632858946554;13.903443468451293;22.577778990443022;1
267149;26.240993867510873;14.134851774401673;26.240993867510877;0.7700925749160269;25.62554723086067;-5.649875067085332;1
267161;24.60006861326867;12.053605864143684;24.809601969269046;0.9271871283853679;-8.394267087348048;23.123573595873793;1
267182;25.180053871671166;13.728920179633104;25.180053871671166;0.8595764388515982;17.650903603098214;17.957748048527595;1
267190;24.812244345724128;13.400899806715865;56.74788577363334;0.6084475611820852;7.233653179310308;-23.734399742849465;1
267656;16.838620792627484;5.9004251676706785;16.838620792627484;11.829211637335636;-13.80514688627056;-9.64142466891698;1
267669;17.222158621765004;5.904135975045614;17.23582407795583;25.292328263082375;-15.492681741168775;-7.521938583908426;1
267703;26.157110841664252;1.4352524634668091;26.384346169402164;0.947515354287291;0.6750691381119418;26.14839821560545;1
267706;16.34616386819064;5.5441026338037425;16.357370324601145;10.452815179909608;-9.374283304902006;13.391037514889453;1
268170;24.640480689462933;14.09585172587009;73.58601401208455;0.7219092257350553;23.842158258318268;-6.221316435699261;1
268182;28.23812201055545;1.5088304900735028;84.1419220265927;26.01210582478709;-28.198335748997877;-1.4984644372838818;1
268205;28.764111752572138;14.595971228799923;29.05469775279924;0.49943677304133194;-15.282520557781394;-24.368395316791947;1
268637;16.873547147243894;13.681277290799509;17.14479972406281;0.5124837475493604;5.740678346008575;-15.866984762642549;1
268649;15.757013333528034;5.398353848976554;15.757013333528034;0.7812605564822789;13.277203737384118;8.485241900439458;1
268652;26.222274661912564;13.516267363640274;26.360780401810675;0.634789781472236;19.813999562256722;-17.17594567386821;1
268683;28.023089820693556;14.292999470117138;28.023089820693556;0.5008227167556296;-10.4497445882991;-26.001853801949824;1
268686;15.869892140043522;5.914582956826548;15.974277054874317;0.8579654587325846;13.440204853475116;8.438860707064615;1
269154;25.02731566857955;12.337493131083948;53.89198194310877;0.7628458109156221;19.116718446783644;16.15294417129984;1
269163;26.226879958051654;1.2383566730546205;26.22687995805165;0.759597253775391;20.199647853853868;16.727924525007527;1
269196;28.381344791123446;14.391807425247606;28.976739034820632;0.5836843256364972;16.756382486318326;-22.906863122759397;1
269652;27.182508573304652;14.747937293882751;81.71813795779447;0.7259317031027888;1.564620780444345;-27.137441555002614;1
269667;26.219886937818764;13.71597646779437;26.44710634656736;0.73040398301177;25.847882150436945;4.401074797037909;1
269687;28.22559401987444;13.53064539563096;82.5803272236743;0.5261186001503403;-12.703728703733248;-25.205146990182694;1
270148;27.24660235807376;13.466965732654357;27.48101189125615;0.9129949313145136;-1.1159804690060393;27.223738311477128;1
270161;25.65890466178403;13.470073878513494;57.26297175071354;0.7977104266185688;18.922670932611346;17.329509895511414;1
270184;24.815727463648532;14.425257814317927;24.815727463648532;10.05529104086883;11.872616228626862;21.791312797484828;1
270188;16.732843577841923;5.238596703760753;16.838225054965456;0.7751297741015891;15.939790836468424;5.090296876427046;1
270652;26.546471093642847;13.17045433410895;26.69758054457942;2.389052635820701;-22.967997181938713;13.311131919415066;1
270676;17.886170547485513;5.633021102384146;53.688792027911;0.4623323652327319;8.632880931939772;-15.664879944279463;1
270697;27.741640903513503;13.35438755948135;56.50929191176152;0.8138421418706276;9.091681577129599;26.209539601442366;1
270701;27.89982972346692;13.662706077468503;81.61415695355527;0.6028301059163315;23.94635917623647;-14.31685652652577;1
271148;25.11427955410858;12.023823387502068;53.123818307635844;0.49723733482684856;-0.07731964079576244;-25.11416053136285;1
271174;27.92502345895579;14.33528183765502;27.92502345895579;0.5251852081144189;-7.436265074189718;-26.91670293571665;1
271204;28.09751833795503;14.079530864833918;28.809356810117087;0.5046671538166649;-3.083872923909424;-27.927768699645476;1
271208;17.806341154397614;5.4082552409965565;29.684285576319812;0.5237090773521655;7.141557232872213;-16.31146669053414;1
271473;29.20498773299601;13.009544233743485;86.65638784690083;0.38529306882054015;-24.302699398034772;-16.195990567211616;1
271650;26.779990931617974;12.559720471509682;27.409996621689032;0.7967843482768034;16.395083257997875;21.174729260627128;1
271663;27.7734611886646;11.86943919690244;28.304724537815407;10.070178395598163;-21.501071052958604;17.580360917054133;1
271698;31.069813828968265;1.415415979356354;31.09555462982894;0.6527835609356578;-3.0606525816798897;-30.918695592489083;1
272145;27.867848917354145;12.282937260036645;83.63403866463096;0.7065019166753411;25.000613530281363;12.312039895565196;1
272163;28.82880245887602;12.881548618900727;28.936106299448664;0.6674577366009771;-24.592208766170867;-15.044039325060437;1
272167;28.49987885160552;13.18707467691071;28.499878851605523;0.47409983688959273;11.429565696992459;-26.10762575444816;1
272194;29.062303096307165;13.715684021704318;29.062303096307165;0.48223420870218325;21.473508623169394;-19.583306377430105;1
272198;28.60163093863946;12.852692712392956;28.601630938639456;0.3664210484452643;-21.07141137370983;-19.34034423349362;1
272647;27.488728044457773;12.731601595563603;27.619022281254765;0.602221236646312;25.870363258820415;-9.292710818638119;1
272697;20.27639230153347;5.427234493552922;32.2169637190095;26.803040054820926;-19.102988331388;-6.797640883169667;1
272821;25.707546057202972;12.09255830673884;25.707546057202972;0.6571737233103954;25.11858125520019;5.471270420032056;1
272826;29.125568701917228;12.522728363480011;29.125568701917224;0.3396615508828842;-8.632079904583724;-27.817008263488404;1
273143;26.251563504428137;11.723422330195776;26.42482519324881;0.6204958987102442;26.251209506884145;0.13632994058084935;1
273154;28.280733518418177;12.275533539167943;57.53941840104494;19.670986594366752;-25.34164556716514;12.553919240140141;1
273188;21.168715971258333;5.374935155256502;21.579844859767523;0.3968343576440056;8.696161300795627;-19.300034054435038;1
273649;26.558008377236447;21.62129998064189;27.231809912764046;0.6474087645395935;24.734734224056833;9.670611760929754;1
273664;27.789360140125325;12.515119641188656;56.5947996976934;28.458541001503875;-27.750962086296237;1.460356217686264;1
273667;27.248330077240833;11.924377534967682;27.64618589069325;0.6932619363841663;22.398707475418696;15.516745645556286;1
273701;26.712292874011787;12.837374325801415;26.841648396167088;2.6519375751220737;-25.101781041930874;-9.134942753511956;1
274144;29.31535299934516;14.552380090898227;29.584860656585835;0.9287039071545192;16.956270165717402;23.913904397722618;1
274158;28.122385538981483;1.193555140862773;28.122385538981483;18.973144051088767;-25.573007900038057;-11.69999296357506;1
274179;27.59353650333091;12.454377991315962;54.532767673672964;0.3165022475614764;-20.931028280273463;-17.98041467516942;1
274215;27.287751122139028;12.167289906135377;57.11204260503915;0.860123428709115;6.98170808728767;26.379482813120156;1
274645;28.728506156482936;13.020185139568293;85.98480417707923;0.87149604379876;-25.071517085259817;-14.026621012439279;1
274661;19.147367604328906;5.007681648827216;29.16373997499886;0.9033846262974544;-9.086748508910839;16.853862694086207;1
274686;27.70840741829029;12.453779565687308;28.113546962507666;0.5593571368621022;25.541588994616546;-10.741651329662826;1
274690;28.21916467088159;12.767137629737894;58.48864528811761;2.70402791989484;-27.560736907804145;-6.060283476961626;1
274693;25.11587348226743;11.219375555620017;52.581404464365946;0.6741582226811876;23.413350545165514;-9.089670897588203;1
275142;28.2491864880319;13.043242223743517;28.882175501111952;28.207995121821014;-28.179184938437945;1.9874791674168566;1
275159;27.40521757265752;12.406244764107669;27.40521757265752;0.6990842742284575;25.552519206671583;9.905287093132454;1
275183;26.26317266342119;11.911002512084368;53.08452713697572;0.8570775390730081;0.47495683190414556;26.25887762941329;1
275187;26.953329536513586;11.727679267943627;26.953329536513582;2.9388922993867874;-26.894364449415956;1.7818905594583447;1
275642;30.34326537202025;14.408428486128033;30.387385780830773;0.5173350845114759;20.692240344985986;-22.193353575838366;1
275658;19.723561746848016;5.842110758979096;31.754499818893674;1.985847161249552;-17.38267932576865;-9.319943531976019;1
275689;26.239003654870327;11.821044364304177;26.239003654870327;0.7053481847456183;26.13419640592564;2.342880922454604;1
276158;29.36707174498593;12.77792569232568;54.6533652059095;0.41804940630654386;13.991435075736222;-25.819849871689982;1
276169;29.340172532521358;12.568867295835334;29.34017253252136;0.40906791175185114;-9.330991477542984;-27.816871180708677;1
276194;19.389117233312927;5.670634781981596;19.45288659798846;0.35498228266831483;-0.39693375127574343;-19.38505379626919;1
276202;29.52385944649304;13.936945585329747;29.52385944649304;0.5394936822495207;25.18420287288692;-15.408251110153628;1
276644;27.39909360125474;1.2442961823437741;27.39909360125474;15.127808973120697;-23.146820215674808;-14.660663152584421;1
276673;28.597634405456322;13.219974036261773;55.92262129456974;0.6430028772692181;27.95035748649146;6.049976030156647;1
276701;28.436353758946694;1.245889450483126;55.635358582986505;0.41707839412795567;6.172057440712112;-27.75845676640746;1
276704;26.72219405576077;1.3053263147536287;51.61406057087151;0.5963436332020332;26.07307744946825;-5.854082974110158;1
277152;28.590141347511043;13.01296332248205;29.324819637368822;0.8390841145784282;5.7425477681839485;28.007486988317716;1
277165;27.827348293878885;12.615323926745118;52.31375633288006;0.4195880607657702;1.0357552006475177;-27.80806581251518;1
277179;29.03091162709084;1.2710823901042068;29.356876516154028;25.610446487104024;-27.656317457789648;-8.827340175495552;1
277209;28.577027328517946;12.429877819790565;28.593789765241713;18.094245024253812;-25.55206919742092;12.796024799330242;1
277638;30.027921208666204;12.844616753629222;55.53555396003921;0.3711881024454513;-3.4812817377855176;-29.825437625892878;1
277654;26.99162462361797;12.712587029578945;80.893363398578;0.9496544488743713;4.186448357889679;26.66498546725692;1
277674;28.149665265604774;12.66537186689317;52.102084803154916;0.5454125031538498;27.86203937381477;-4.013778331895199;1
277678;28.55843766640491;12.938845906515091;29.415762311749194;19.90531327159749;-25.511052378615698;12.83629886226793;1
278152;28.443308525727165;12.218983611913615;84.17280613800843;1.0015542990062298;-14.097374849855463;24.703963694767005;1
278167;26.993197669610694;1.2288788721428203;27.416710127891132;0.874119984238396;1.6461812621622933;26.942954694739438;1
278188;28.393218073817;12.734761117231782;28.992204619426097;2.5511990671360123;-26.97342765476266;-8.866173534316442;1
278193;28.960917011491436;12.26874811354296;84.8022489677645;0.3869289779468686;-12.179094019412993;-26.275547244782413;1
278648;30.83565613779428;13.91545407670452;90.60905567531465;0.7707278968063689;13.650158334097052;27.649789635770667;1
278679;28.923334453021347;12.90599290983778;28.923334453021347;0.7203430886048213;19.834532717383507;21.05114219619389;1
278723;28.70702908668687;12.819019319491247;58.934070564655705;0.5380995369732134;26.146630689088195;-11.85104310144543;1
278726;28.277850950774884;12.788252873149753;54.537033529697815;9.929097869478111;-23.316276137155086;15.999628792261783;1
279152;27.993723929718737;12.79695273132123;51.0896432383276;10.569059997199634;-16.46865711234778;22.63695899119898;1
279171;27.62618852039562;1.2498566706662304;55.01952521718667;0.491358371806978;19.95056693902834;-19.109714047462564;1
279192;26.779885393918;12.091541362776411;26.779885393918;0.8046928304289128;12.613868888207778;23.623136400200686;1
279196;28.38672063634091;12.663797539312977;84.01133417145024;9.258336408169052;-14.251269263972397;24.550096391896684;1
279209;27.187398822699027;12.413795461603481;27.218035142461392;0.5421625339998624;22.437185046166736;-15.353415970023358;1
279648;25.269473454658943;12.600888975919895;25.269473454658943;0.859575007318421;3.360508916822957;25.045024825215613;1
279665;28.500637104587046;12.768868190570718;28.500637104587042;2.817168949779354;-27.961731130096855;-5.516149705685686;1
279669;27.37743940481049;12.190084257512249;51.90027320157185;0.8740124305973661;-7.715337806851105;26.26780826201996;1
279701;29.04409890277603;12.731540886892628;29.046113415453036;0.7733480060429219;3.018808382774394;28.886787239537853;1
279705;27.252300507749545;12.78579083290738;27.252300507749545;0.6626709739527817;25.44347735164145;9.763060136104594;1
280149;29.918960649123107;1.394745180696896;29.918960649123107;0.9035722907265051;7.566907408291942;28.946262601553823;1
280163;29.565690164160507;12.83399366687324;29.665719109190327;14.555118146397863;-26.371519765167715;-13.366861268020472;1
280184;27.363961683532146;12.615764817555432;27.58470582026718;26.174685733906234;-26.75066431220709;5.760933767491649;1
280188;27.122099213960123;12.398707121577921;27.122099213960123;0.6682696630450137;25.733206319199315;8.567984494933258;1
280192;25.959491669844127;1.288659821962529;54.44508024128607;0.7323894319863203;21.497039186301905;14.552405779777686;1
280645;27.15084116493144;13.251990226074932;27.6410214741377;0.9547593607096765;3.3103084691061384;26.948284431531068;1
280663;30.69232913790456;13.129723438507458;30.692329137904558;0.3985431265083076;4.98696878902002;-30.284471436807436;1
280667;28.18476550159429;12.655798295561917;84.64192278483694;0.5823798126997901;28.17932546300634;-0.5537353427604981;1
280695;29.86632690903008;13.735693434610905;57.693862328845704;0.3296789708411304;-18.520398257350504;-23.43058538377099;1
281146;26.906354540685783;13.023806332666025;52.699082661041395;0.7951543885649334;20.539806416127288;17.380111249848163;1
281162;28.885353017549665;12.423688132286241;55.49886525121005;2.497514082088587;-26.662945998933857;11.110847384713846;1
281166;28.70616161271281;12.020619248253253;29.020935538531813;0.4774126913179834;20.505594917952394;-20.088909666680056;1
281188;27.741045669384913;12.756846593794902;55.31567376928674;0.6146840916368914;27.692445459236033;1.6413650776524618;1
281191;27.288004641566616;1.2607469844605108;27.50727576974582;0.5848112308510406;26.311937529632683;-7.233058879538335;1
281642;28.341356264793;13.002139266979526;51.805962436937286;0.3525959220910617;-18.049239087473154;-21.850799603015737;1
281658;32.74628160285491;14.320046162325355;32.82624542633342;0.5081964793632129;21.592635751143725;-24.618631971169794;1
281688;26.088546108070805;12.710010550011198;26.409856998224797;0.8724306455857127;13.34818130717028;22.415135373756865;1
281692;26.663709208971337;12.837877429672078;26.663709208971337;0.7344733209726226;25.882259657668545;6.407965651718659;1
282140;27.688733667471574;1.1248151319176678;84.8439313631604;1.029720265257079;-22.45786142705274;16.19600050109503;1
282154;26.814106876181288;1.2357896856156636;26.814106876181288;0.5593024691069706;25.634988207525566;-7.86407700669937;1
282179;29.30424857645135;13.117324531579278;29.992139288082566;0.35052388650514255;-2.9533190313432756;-29.15504915669937;1
282649;32.21103424223733;13.86630951985737;32.21103424223733;0.36407168029082654;-18.838772511962073;-26.127597998995775;1
282661;28.075215200826097;12.749602125556589;28.075215200826097;0.5716649943796364;24.457797181403315;-13.785277131999807;1
282665;27.16279498194893;1.1350099078114417;82.75151141280813;0.5437541676931609;26.230333443984;-7.055993101527552;1
282690;26.759912320215275;12.037181734185253;55.01631771425347;0.6008420558015342;26.4412671547819;-4.117316921863211;1
282693;30.987065168118296;13.552325461907675;31.530241244812412;2.751917839389303;-30.47775632266184;5.595049353639012;1
283151;31.845710996342937;13.869610921986474;31.88043919037293;1.191262833548508;-27.10959514471748;16.709852182233924;1
283181;28.686385944117916;12.64730582734126;28.686385944117912;11.112303191488904;-13.939616805164924;25.071813294216465;1
283257;26.719787613064298;12.195034066447535;26.719787613064298;0.9070497201387812;5.766864518927689;26.090042616055598;1
283672;27.14238618359491;13.140590816304051;54.87848901186494;2.0916355721250803;-24.29456383261561;12.103028378152695;1
283695;30.380698554668232;14.018700548379066;30.807353695806516;0.9111087518941952;4.395425214893268;30.06105590044869;1
283717;27.361878926087567;11.78821790112578;27.361878926087567;0.4746874004521654;21.383579647877553;-17.070879877989643;1
283721;27.467450556847016;11.990632807720438;27.46745055684702;0.5998654191457929;27.45445725820958;-0.8447583974006254;1
284147;29.250057178094924;12.891491970596363;58.94177541406011;0.34392823611565815;-26.370618903443656;-12.655287573625595;1
284159;28.215957994953065;12.19383786286124;86.15825310795974;0.8713144011280957;1.4487029710202601;28.178742790882506;1
284178;28.540672229326454;23.440152728020163;29.496302717643143;0.44868097762590464;22.29599360382547;-17.81736906841243;1
284184;28.465711220013347;1.2697141244886665;28.465711220013347;0.43199568854596165;22.372202354712513;-17.600604451580338;1
284189;29.018189223270795;12.126767011943008;52.290544005573366;0.3630339656324917;1.0312648656050183;-28.999858595767634;1
284658;28.05564920197359;12.224595574762429;52.942730593406345;0.43526382566809824;15.882309474462899;-23.12729335442406;1
284671;27.680459155522012;1.2430273918617383;27.680459155522012;0.4706570330605104;16.923600645805838;-21.904327431852426;1
284692;18.789440053204004;6.023602922878336;34.98841566586583;2.691102989671046;-18.596881877275045;2.683103046031949;1
284700;27.0383847510688;1.1788861929308252;81.06950292299821;0.7293014529695516;4.287583643492324;26.696270834086302;1
285145;27.669690974040794;12.113786976870353;28.28236619534278;0.5518656165758211;18.320294972348062;-20.735925123443923;1
285169;26.212592835590836;1.1244959014763953;47.75638342860235;0.37371936010590856;-1.6844737435870547;-26.158413013247458;1
285201;28.784649193322846;12.382772610665349;28.784649193322846;0.848205456372267;-10.60972510185988;26.757985022150415;1
285643;28.41183871873203;12.990647797802884;28.41183871873203;0.5287273598516524;25.56119591561699;-12.403944644454272;1
285658;26.058116978596846;11.918491391004311;26.669738413144767;0.6686187981376414;23.98169742283285;10.193313945421755;1
285681;29.643431701664795;12.585319634591778;54.43662342527287;12.203758984866589;-26.260376431133288;13.75229699891784;1
286143;28.086636183814267;12.401810618743752;28.13333541011505;0.872085412673704;-9.624137021498115;26.386267616193358;1
286155;26.455257003333255;1.2963148303842886;26.765984799232353;0.6268549602628603;25.801428820864846;-5.845245410952236;1
286176;28.336818797641456;12.473172670468117;28.336818797641456;0.6073071078232382;28.036188476061263;-4.1167262849424215;1
286179;28.208599922152477;12.640048797139876;28.8613644850099;10.411093867390928;-24.33369712438727;-14.2687173153948;1
286645;28.75651134807088;12.207850410772906;28.914417039148738;9.897888099456654;-24.147366666207557;15.615429164754246;1
286660;26.762498298648783;12.461871485443542;26.881685317389266;0.4393365759887384;14.701311402994977;-22.362977400546395;1
286681;27.571041672636756;13.04216141931916;27.727545406629854;0.9080325046929041;7.088641380477444;26.64420203896629;1
286686;29.692006910637897;13.138198200063757;54.84703659655749;0.3641756089807866;-18.353835795111088;-23.339922578866183;1
287141;29.54212204075367;13.042885386931632;29.54212204075367;20.686467456522372;-26.607204531259843;-12.837197579787018;1
287158;29.837382993098075;13.731727965319745;29.837382993098075;0.9742442678428915;-23.86139298258135;17.91377539235199;1
287162;26.576969867540388;12.51373586103685;26.70658659469258;0.5629323571028264;21.317594642414765;-15.871215643479834;1
287193;27.24556499461004;12.051460291466467;51.7584929415438;0.8150936356136795;11.684851195774707;24.61270128222667;1
287639;27.66952854690314;1.180042763170239;27.841005245065766;0.6922822884590875;18.40083099202069;20.66427421447409;1
287656;26.257660763708024;13.628021986858206;26.571521206171003;16.08344159067348;-22.467681440329965;-13.58926191806694;1
287679;26.306500437599;12.388309549148055;26.306500437598995;0.6746175418202379;26.169660170456424;2.6797111479080815;1
287695;26.4746161690775;12.384354876175687;26.889576419115347;0.7170821024605172;19.69199372447002;17.695498988596313;1
288138;27.509662976035358;1.266354242182771;56.7179636921516;0.540202304893645;19.370186472989406;-19.534007091650928;1
288150;28.61668844500043;12.913632098776072;28.616688445000435;0.3835678079761198;-5.1020308163212675;-28.15819843504782;1
288196;25.866808556302544;12.13305847543979;26.307759586182282;0.5541768558245224;23.97084618437864;-9.720613051308366;1
288651;27.989311870396875;12.897875714945329;27.989311870396875;0.9628950572822749;-14.072997696616044;24.194055360963752;1
288666;29.56401006359014;1.370955997015188;29.564010063590136;2.757723987884233;-29.215426818916765;-4.526535853009233;1
288694;27.724356505944034;12.58548747004279;82.41114695373555;0.3563549239159826;-10.319001565354576;-25.73243382120881;1
288699;27.930840729783068;12.206203984038181;54.49468546180205;0.45811788731032577;14.513457028435155;-23.864019547349415;1
289160;32.332503979427145;1.538528373007976;32.332503979427145;0.37805388146513713;-16.837741097355394;-27.602197164684213;1
289189;28.619321735102435;13.223393946465588;28.619321735102435;0.9643697250432106;-13.93637200840298;24.996862039478245;1
289220;26.44946141025054;11.3697047125965;26.44946141025054;0.6278996313998241;23.906004693912177;11.317108661976402;1
289649;28.137063828236624;12.52484411415866;28.960402177236432;0.6435207319738457;27.630873728653057;5.313113763650479;1
289675;31.215058352507988;14.110551978013719;31.215058352507988;0.7873040182724549;0.18343288772355235;31.214519383232222;1
289700;32.059823566242244;13.921982447493992;32.059823566242244;0.5372237206709986;29.664526458973643;-12.159282752836797;1
289703;27.14536277812484;12.119256470406189;27.435799394671797;0.612228202987269;26.787289185077476;-4.394525966590354;1
290148;28.60299130847809;12.768882770943401;55.29124066707247;0.6119242391138472;27.32312925686693;8.460361659256389;1
290162;29.887894780671903;13.735156693883356;60.46174261434806;0.35109251430229094;-13.831368384215894;-26.494895792220582;1
290166;29.493628375409266;12.30016782834843;29.493628375409266;0.4321030728046416;-0.9999934468676218;-29.476670908584104;1
290188;29.928308317460797;1.319102063495614;56.09685826950649;0.41316224349832;2.331393974295956;-29.83736316904712;1
290192;23.091775579412108;10.643294732201442;23.091775579412108;0.695814900888394;22.768443735130234;-3.8507232165065033;1
290647;29.852984747776297;12.61689130648534;30.38384856742579;0.378329140858778;-11.527126034710584;-27.537720743207156;1
290659;26.87757269608321;12.777290450113634;27.521546497770288;19.9175873824852;-23.664485338460082;12.743470786996982;1
290679;27.294060212550825;12.742712423749813;80.88747881106958;0.6055328538636661;19.735207889165103;-18.854370646027554;1
290683;27.758774868082384;1.2261509710870673;28.113981575433304;0.457712477831542;14.32197184641518;-23.778786861557364;1
290695;27.331628423302245;12.105995295853193;27.331628423302245;25.97839646219563;-26.132530548846326;-8.006794576050817;1
291152;31.32745450325855;1.5326713091732675;31.77168712214203;0.8290640082938705;20.63872486507683;23.568038560673514;1
291172;28.445146409152184;1.2303776816659047;28.78501521716162;0.7973052039373224;3.6960253326908608;28.20400239289117;1
291176;28.21046753642391;13.00091280063032;28.21046753642391;0.4352829700261148;-0.8453049657104309;-28.19780023580869;1
291214;27.365696440691305;12.346074913942777;81.49863497538257;0.6962554453574414;24.637261013685933;11.911620856439987;1
291218;28.27911365396238;12.884744645524009;55.30161175586896;26.256280508642362;-27.819753206907187;-5.076376715778568;1
291672;30.687735601257213;12.757393662518178;30.68773560125721;0.3552245327677178;2.8674470160456975;-30.553475480587146;1
291686;28.3049064310059;12.774196262841812;28.3049064310059;0.848952941592768;4.35892849732878;27.967257112973634;1
291690;28.854878796684417;11.815881197803389;28.854878796684417;2.4850302633581243;-27.22640445706331;-9.55651247640849;1
291723;29.561730334974396;12.726892182145292;29.561730334974396;0.6762527234805109;23.953082686922556;17.32471443317887;1
292145;30.285922463809218;13.414393534697124;30.75950814020262;0.34096844987066327;-23.548285648080288;-19.04508709668401;1
292159;27.87710978888906;12.383992854212162;27.91142719298172;0.556817208795547;21.214328463665773;-18.08550574403366;1
292196;28.772980405764695;12.391132083366319;55.134147051903966;0.4289140278928136;1.7403289844585732;-28.720300424201216;1
292641;27.33368536106959;12.383598228142306;27.33368536106959;0.6982220411720589;23.23372073586913;14.398769953909078;1
292655;29.415381971432925;12.100030096523916;52.51532913093708;0.414274200975177;10.281308153451064;-27.560105209869608;1
292659;31.99804076519673;14.394361511411564;31.99804076519673;0.658796822116387;22.656220934848044;22.595801949976128;1
292677;28.585100442140792;13.068150484617378;58.09693517231285;1.0091023108623502;-22.183085757572247;18.028274281235934;1
292706;29.804701697904964;1.3587713219012703;30.051777907912744;2.80132999050939;-28.90706937912021;7.259585608822986;1
293154;27.454358027550803;12.084310544023193;27.96406705329199;0.47066735913561425;11.941531120974902;-24.72127847000901;1
293196;28.477299051437;12.467918026434534;28.640553046463907;0.8490660196844225;9.43694979257277;26.868206860105783;1
293221;32.861208351817474;14.180057095994721;32.861208351817474;0.8680300373370052;7.778935088061818;31.92721696667718;1
293637;27.915743340523157;12.87040008195481;52.55019994807938;26.19688802937701;-25.77948353550551;10.71013328098971;1
293650;29.213914016861374;13.42691114026992;52.869772377956096;0.7030109184554713;28.123011781492586;7.908791343979094;1
293709;28.837014626297005;13.565106038234818;28.837014626297005;0.5749378241284046;22.52708275049356;-18.00288741590312;1
294141;29.329531122748747;13.400778408647366;29.329531122748744;0.4418595650717868;8.039855400591017;-28.206065323222145;1
294184;26.666892437350885;11.119471105611582;26.666892437350885;27.552863820483473;-26.320296111986217;-4.285459700266138;1
294207;29.57423378484117;13.100403517594806;29.57423378484117;0.6407024085460109;27.934527650497564;9.710688384662951;1
294211;29.315920730068694;13.174596960367097;29.315920730068697;0.9598414099666046;-4.3507905247932;28.991271618558596;1
294653;28.11454752705044;11.90005285923392;28.11454752705044;0.555823265282689;27.2229017658335;-7.024343535061277;1
294662;29.803575863003402;12.814840320790443;30.38926695210398;2.749584088163398;-29.329075420388037;-5.297024561675096;1
294692;28.56157451178172;12.898696611095788;28.56157451178172;0.5080878941043382;6.854769095747502;-27.72680434590406;1
295407;30.03901500331861;12.210039918698733;30.934028308823752;26.88050230380189;-29.113715617848268;7.398242040691716;1
295435;27.892944183092855;12.903238526520438;52.31629246389498;1.3671679394417733;-22.97911777345809;15.81064456480747;1
295439;28.187668278614648;12.92403519891249;28.187668278614648;0.42649984390688944;-16.019753886880522;-23.19293272505646;1
295460;27.203893819128346;13.131354434901354;54.990164069043104;0.5799900276508753;18.948707364066845;-19.51917847024737;1
295464;65.71315878165514;28.505643670009594;65.71315878165514;0.7469973461023517;53.99329810256416;37.455880674076546;1
295468;27.974421292791167;12.725240817174353;28.199417550325517;0.730746008654858;22.702698443846252;16.344899205389698;1
295656;27.134878632468215;12.365016863907819;57.130601085488124;0.8496428453116405;7.448092926796665;26.09267234593999;1
295684;29.8490051690579;13.17160400737485;30.08597148025733;0.3847658030447966;-3.6675672011644447;-29.622830053986874;1
295687;29.519740033450397;13.363790665362854;30.315293080608217;0.9996600683774074;-11.288373659019125;27.276137405740887;1
295718;28.089177467454533;12.724666609275776;28.447604648064974;2.4793675167436793;-26.157493002149998;-10.236574165248316;1
295722;27.28711164305585;12.408526600837586;82.67525416867807;0.7327026900738669;25.603362137767817;9.43685906766184;1
295726;29.434822004158757;13.446221465231861;29.434822004158757;0.4104033510852059;8.265518780821122;-28.250485760432543;1
296151;29.073850891279218;13.364046655593162;29.073850891279218;0.5474263702073;22.644817826594632;-18.23461080606546;1
296168;28.877094431203638;12.18313839329772;28.877094431203638;20.41934715734824;-26.804805618194642;10.741926203407521;1
296172;24.751705343420245;11.423553734576261;48.38080531684856;0.8810920546059281;11.83300743535534;21.739982806854368;1
296176;29.416393449584334;13.551261771135902;29.724300021311656;0.36723151291990047;-23.528986101366375;-17.65533960654555;1
296190;29.406938151191685;13.300380956582401;55.18876858929603;0.8846777646296488;-8.466446354847472;28.16180565142269;1
296206;30.079434707598004;13.308818696707599;54.97903709862294;0.3941037551689786;-8.732835686400666;-28.783849172808324;1
296209;28.387668174163345;13.257578548363117;28.387668174163345;0.7480942316776549;26.619012086445235;9.863462876094223;1
296213;29.647133479775356;13.046518348305607;29.647133479775356;0.43866111938847363;6.958913494896487;-28.81884880660857;1
296647;28.933620447806163;1.4097329239951122;60.65660573351741;27.24666502085512;-28.66843304661772;3.908367801180419;1
296666;25.375374974104794;12.026806905279358;25.375374974104794;0.6637745474142986;25.36491112859669;-0.7286552784517359;1
296670;29.59232989368796;12.766865856960363;87.47850733315627;0.5768928594808752;-5.710444880778065;-29.03612935293638;1
296675;24.590076734833332;1.114241264374565;24.590076734833332;0.7835838161317975;13.72340671582329;20.40441084513561;1
297145;28.696947101058395;12.79446713723938;28.696947101058395;0.5961476731751134;28.619510386526755;2.1067506156237155;1
297162;29.937706594471443;13.14724891266676;30.782310440381284;0.3556872344998062;-20.754174925151975;-21.57615580479646;1
297165;28.826998367929946;12.745127089392568;28.982700756109594;0.980514780276893;-19.17891159348221;21.521272847906314;1
297195;28.298975951852036;13.712507481415987;60.07967551045935;28.259231714675877;-28.298577471133854;0.1501766750712271;1
297198;26.61610486284264;11.692580948543467;26.703625702597872;0.6688511254087072;25.947700921509252;5.9273817961848465;1
297202;28.133507229742236;12.588162309399214;28.133507229742236;0.40132519544093886;-24.20820918866343;-14.33376562260839;1
297205;26.990025461006155;1.3099861211687087;51.76784806458656;17.214292206503313;-23.009943246399178;14.106877265477623;1
297208;26.936299694481264;12.433705505556324;56.697635446229285;0.5332179397726479;25.776035004695085;-7.820502584082749;1
297211;29.82394734186867;13.161833258390262;30.221391096036612;2.7579548705889305;-28.807297543070494;-7.720585684749571;1
297640;29.02028069701363;12.581975829266149;29.07896197993975;0.40303734722494355;-21.82854089274529;-19.12306184237264;1
297644;27.795630581760864;12.449150787600596;27.912228087392858;0.5252254085943413;21.8342876884099;-17.200609308320203;1
297660;27.781508507340128;12.857676770987704;54.73074790452552;0.6449218687901928;25.236054278563483;11.616960850102304;1
297664;28.78296649998359;1.3575842496307196;55.468341866969865;0.3960014596938845;-1.1262070035405674;-28.760925199380388;1
297689;28.196866508830855;13.172768774040152;28.196866508830855;0.727488491979257;27.358818486051575;6.823366615103552;1
297693;18.25859231323102;5.519464759250387;18.564009484296264;0.4191267989220931;-2.410379116258357;-18.098791831961726;1
298140;17.656462020521502;5.338069665906566;17.656462020521502;0.8941736551141023;-5.286538302898635;16.84645849590067;1
298154;29.514045420252028;13.035497237462673;29.781551368820683;0.34729336251286963;-19.24995574202867;-22.372261418967845;1
298159;27.621472787914104;12.595312292760637;27.850843948222884;10.337079222019991;-20.77615741128821;18.20156702580449;1
298178;27.339987959495904;11.613931988108982;55.39707875123653;17.947192382334595;-23.165872552098925;-14.519548564789837;1
298182;29.255541298355215;12.783596196983943;56.55039576923458;0.3522609335464671;-3.5520216191327156;-29.039108785859483;1
298186;27.948650668808707;13.058110404685406;27.948650668808707;0.7238415164598734;23.078814390171473;15.76373688409939;1
298652;27.375474063958077;12.38009006193188;27.375474063958077;0.6491222356113596;27.208135802855548;-3.0222386338294767;1
298666;29.510792666737867;13.312942955517505;56.06516928274039;220.72736635878476;-26.199996371885376;13.581129331995283;1
298671;28.682197998129112;12.608903199746731;28.682197998129116;1.040431076984987;-23.31119640508386;16.710972567971233;1
298693;25.51815454221838;12.009071721548876;25.80354847747358;0.5375235532467415;18.612705273747903;-17.45690160461293;1
298697;25.623214951436;12.273404059111902;25.741615492212105;0.6383374930892717;25.404637535337347;-3.3396910254725864;1
298702;29.430624255884624;14.222480734483938;30.55855712149069;0.9038590276045734;14.000702661661025;25.887100437685604;1
299147;27.367925786574837;12.065811627136238;52.09871406729256;0.6485437182318752;26.822564936942044;5.436301321946301;1
299161;29.220072646577268;13.631201081770028;29.757164054396217;0.45315686901428354;1.3562748279616;-29.188579342994597;1
299164;28.019356873049496;12.853699862162152;28.019356873049496;0.6054091252061757;27.97247301088227;1.6202201192335293;1
299197;26.18765927654879;12.434709393635826;53.54058710120346;0.706590945035441;24.54674567312464;9.124186278433196;1
299200;26.490657403881176;1.2030967666395982;26.78299161388278;0.6598124154493987;23.941431279743888;11.338553610011532;1
299204;27.335512443893013;12.78457384378854;27.63723046854451;0.4968943719453407;18.211578119682745;-20.38550129285327;1
299649;26.896761530340374;12.56771404698409;27.188763275903586;0.6456854854931454;26.53276247217155;-4.4100222692547515;1
299668;28.81273694103489;12.198151948993265;28.81273694103489;0.6164300736274227;28.611035490428947;-3.4033010737652547;1
299672;27.090233305302704;12.85981773075673;27.421651452223237;10.391247088868992;-12.682678623213487;23.938053460463646;1
299716;27.52634944945767;12.790942454838326;28.000227031268622;26.157738788705693;-26.566438613291638;-7.205848556545272;1
299720;26.9999488659131;12.350871902605439;27.184219550911816;0.41600356059070837;-12.467595676037392;-23.9490354048086;1
299724;27.552640113985625;12.927871149680499;52.87322372068435;10.420963246054827;-11.695600885535685;24.94716210668193;1
300150;27.689799916538306;1.3156814501056366;27.996127055253346;0.6696459360459344;27.247391587355708;4.929976785261986;1
300163;24.88984720378422;11.861479686485401;25.121245103110326;10.121884898318884;-3.4927581472739044;24.643561722128904;1
300167;27.659091766663277;13.279024404132157;27.81581972450672;0.4328199471538144;-3.3433670600777496;-27.456278955063947;1
300188;28.168176601903216;13.153323018627338;28.168176601903216;0.6625516938296468;28.08370640659885;2.179818236451494;1
300192;29.610065658739344;13.018212462700776;57.58065339250064;0.40017570842443034;-10.76730678712765;-27.582985568403032;1
300195;27.688688524889745;13.075072314798502;28.002717919325168;0.6503886994364619;27.127695099893717;-5.545415295139165;1
300662;28.757732101659215;12.645905459905967;54.7814140050939;0.5523420308053911;27.63444536542267;-7.958931145340462;1
300678;28.9496378021792;12.973048079938076;60.174765177510366;0.3372832563434866;-18.986632641150166;-21.85381682515377;1
300683;26.797063625023657;12.044152847339165;49.90959275459625;0.5142908338708968;8.532315011518284;-25.402405781102424;1
300702;28.858399352786297;1.4008356328067064;29.58633461633766;280.06247284890594;-27.612662989891177;-8.387374786641555;1
300707;29.52453540599457;12.776527663101492;29.52453540599457;0.41656569482379024;-9.65905417713047;-27.89983626014829;1
301147;30.433626981529027;13.178623401252779;56.131997616192386;0.36452867066134553;-15.576373480461164;-26.14540572353081;1
301171;29.093033873921524;12.747485946039138;54.659087841545364;0.46497119640833723;16.21198851485571;-24.157318733322448;1
301197;27.507513329897787;13.218182467498366;27.73622402985047;0.4642103145482264;-17.76293158797562;-21.003369991394298;1
301653;28.93623996438568;13.258736438186622;29.173839397105493;0.35107943301764305;-15.727365765402585;-24.28900881793561;1
301667;29.288553324146232;12.900260646204153;29.78842448360963;0.8378915580826107;1.8513373451174686;29.229982994451618;1
301701;28.965574198470748;12.961386731898687;85.40080267155544;0.4705120969385481;26.22128339984524;-12.306453002880836;1
302154;29.187883422736242;1.2759217864255041;29.472263047730355;0.3838649156470643;-21.95002328936821;-19.238737388286015;1
302201;29.066737372876705;12.717800293486114;29.67702246294081;0.7818105612524284;6.434267261421438;28.345642104429167;1
302231;29.07342148216833;1.3438923339636055;29.620510594038738;0.8772456869122287;-25.93143190616954;-13.146279929147232;1
302235;27.89209299123378;13.0077509910559;27.89209299123378;0.9184994818318446;-6.013382788190025;27.236153892837596;1
302641;28.620477508379704;13.13904914111856;28.620477508379707;9.974370975972679;-20.95397634308402;19.49519449046723;1
302657;27.841667440223073;21.70764674674524;28.2880915324492;0.4462689127638844;7.418295644407964;-26.83518838361556;1
302683;28.377430313193905;13.041791912486428;28.377430313193905;0.6353741590912261;28.081132116596518;-4.0900574849784075;1
303139;26.703812722887534;1.2493458930386019;53.24112193718609;0.7949224934064998;15.792890547448529;21.533188851058753;1
303153;27.28822842247978;21.747437004059975;27.300415281949242;0.7884432461347569;13.319966301800164;23.816504952581546;1
303190;28.867020741864682;12.964625127317195;53.958432269792276;0.45625632556436607;8.205598830425226;-27.67621784755587;1
303643;27.676224318110425;12.410242990232941;81.76488294110531;0.5832214854711998;26.671533774230582;-7.389362532481684;1
303664;28.81412767471996;13.2079321637516;52.027184514090465;0.6003842439649966;26.387777374239597;-11.573208669277133;1
303746;26.23867556157586;12.724059761531805;26.878722550880457;0.8452692332511162;19.065748582411672;18.026794673981996;1
304156;26.289613107813068;12.404944609281396;55.8967051680838;0.9331695034625163;0.42017975958648607;26.286255083753;1
304176;26.671795542868026;12.523429053388625;53.98191797627149;0.6297516881375791;26.085335520106806;-5.5623689453333425;1
304197;28.366612268960843;13.55032056707537;28.858849077090245;1.21691004326987;-18.431105047496676;21.562909320073263;1
304234;28.227522778712117;12.734786730267768;28.227522778712117;0.6637377687045403;27.62246862107914;-5.81311186028703;1
304652;28.836907712309664;13.27612370048105;29.49564791432537;0.8818141310378258;2.652452915965879;28.714660714291032;1
304668;26.913590247741215;11.982519181653847;26.94558601727172;2.4937383316738453;-25.564128213841826;8.415265218017039;1
304692;29.519683447279768;14.471012849616143;61.03701711066413;129.00693256251054;-25.01077011956688;-15.680340839847311;1
304696;29.707447444015813;12.897725606383961;56.798267346808395;0.35828407085093605;-5.9377186240536695;-29.10800458946865;1
305149;26.03772285613369;1.1566815894758513;26.03772285613369;0.7854647417027983;17.254424263532826;19.499944996507978;1
305163;28.153522516287723;12.477370646527584;28.153522516287723;0.3899736486138497;-10.67450338252726;-26.0514070178855;1
305185;27.06266225406901;12.588716456931925;27.075897748201836;11.254415783195489;-21.419674779848943;16.540411742254626;1
305190;25.150571306115737;11.380280572342432;25.20349347353665;0.7330073861975088;24.158541931518243;6.994003772310041;1
305659;25.986950670890295;11.960377394868978;26.163376941479676;0.7551193236345128;16.00172798782168;20.475993420956403;1
305676;29.275072078731824;13.979170307147392;54.8163015446791;0.9270153962052925;-0.8816645945032465;29.26179271264396;1
305706;26.937110067667067;12.985457462770356;49.3882399384701;120.39349445740655;-21.11458139431755;16.72669576875091;1
305713;26.588066806433364;1.2526182100033274;26.625892659568464;0.4365477704569945;-6.871896797719859;-25.684671127052635;1
306157;25.75856209079357;11.814301206437387;25.856038446191846;0.6641415341807887;25.252827287058157;5.079196294225961;1
306169;27.498781508083212;12.093551633667571;27.498781508083212;0.44867912675134114;12.9977146871764;-24.233084767318793;1
306204;26.73028421611978;12.432110319383918;52.89396144693328;0.9684343109385863;-10.936753565718849;24.39048002228079;1
306647;27.27986601516445;12.282809780751865;27.57974442855344;0.4272907232475767;7.845969225794966;-26.127224435695474;1
306683;24.919739222913407;11.003244897192898;24.919739222913407;0.41558331463555215;3.023868471834414;-24.735594239942056;1
306705;27.046515843420977;11.392355923561137;27.046515843420977;0.730866783966916;14.481956191757606;22.842656678425904;1
306710;27.143670464914877;12.447538781713781;28.241958862637052;1.1917836077244277;-20.705623979082528;17.55152363599055;1
306713;25.544644997351153;11.856741431238685;26.092523238048315;0.9661226768063688;-8.082412807936436;24.232282006505336;1
307145;30.26891182503962;1.3229244147480734;30.26891182503962;0.3882587648426369;-14.230252272831908;-26.715294183736507;1
307159;27.258363505580384;12.465253820192896;55.44574331059819;0.7361439888435324;15.287354991891998;22.568011838756007;1
307163;29.436771918661645;12.546482686589542;29.43677191866164;0.8454358855413154;-25.02065187597846;-15.507756791115932;1
307185;29.03914653616936;13.44315330268139;29.03914653616936;0.4624772552229682;12.049203795367207;-26.421368614188502;1
307189;29.17126924178807;12.6198368443827;29.17126924178807;0.7549130762430286;14.895101350415558;25.081844129524036;1
307642;31.25217526893739;12.98153679038241;53.348761539303794;0.36224591122873784;-2.401543158074614;-31.159766518706245;1
307658;29.47920803065689;12.49104906760582;29.700767970768243;24.039960602270547;-27.94172589375833;9.395938494520959;1
307662;29.476374312025055;12.405472222522166;56.520822950189995;0.396614552883576;5.443024497255375;-28.969468875091383;1
307696;29.158824874151993;1.2698660647546105;51.81176547098056;0.6222101322525542;-20.547210383920333;-20.68935024306905;1
307699;27.003976871083665;13.151181785293524;27.003976871083665;0.6745756678788054;26.516048028553108;-5.110182364797405;1
308157;30.33268171489088;13.331026986592226;56.27590218283754;2.6674067743880756;-29.98669152919256;-4.568359787705737;1
308171;30.637877164604767;12.587958878931211;30.63792931008375;0.36811199756112284;2.9800782189344575;-30.492599937729853;1
308206;31.208180936809782;13.39555564294982;53.462804766045096;0.35027228818946143;-18.618802613709178;-25.045773028924337;1
308210;29.510898951043547;12.938807699306453;29.510898951043547;0.7639210683014572;14.227376509550549;25.854881832145207;1
308657;28.32279752352584;1.3216461922021816;28.32279752352584;0.679957007701374;27.869486875927905;5.047034855350592;1
308682;26.111648695323662;11.118817297264412;26.358707575007713;0.8322328576968206;-4.592799002495252;25.704559807759335;1
308718;28.28493906515308;12.885905323711501;54.05252812693852;0.6226278464492864;28.025661963507616;3.8210011026725836;1
309150;28.74653657003998;13.752105131071;28.74653657003998;0.6403554727255543;23.272081219035588;-16.875236309671543;1
309170;28.93353704415941;1.3135634330232844;29.647922396547674;0.5087322727887019;13.942353191663427;-25.35271885547303;1
309194;28.76053102416977;12.84931007305762;29.144472797024083;0.4751414660320211;13.105175307620067;-25.601221161280122;1
309198;27.21600352808749;12.872106256178721;27.696147741648808;0.7329228701348067;20.665703125293366;17.70987189050533;1
309648;26.619970677746984;11.434234210717806;27.21148414176173;0.35733447215316483;-12.733093705001904;-23.377150459021948;1
309671;15.725981974603377;5.549842655748035;15.725981974603377;0.7795388423660058;15.715256176900185;0.5807171083676324;1
309697;28.490388800812113;12.500311824344381;28.490388800812113;0.3961085806246953;-17.214266859410216;-22.70179002886009;1
309708;26.871453635409672;10.958748531393944;26.871453635409676;0.3432096885817482;-6.365433315060972;-26.10663285817387;1
310182;25.516664224178538;11.400008063573868;25.91217837505463;0.8531555338764539;0.10988826253651314;25.516427604569365;1
310199;30.226078681767955;13.483668203652543;30.37474741295268;0.33358691739362334;-10.87514266098206;-28.20189895343424;1
310224;26.71737491841407;11.475650189443193;26.71737491841407;25.99368233954933;-26.008205061092667;6.114850123368108;1
310642;29.803515366391558;1.3242241912083275;30.863130284178688;10.214530935557788;-24.829557081153585;16.48461777987205;1
310666;30.32227592347881;13.608021467342164;30.32227592347881;19.189543066544438;-26.203733389434014;-15.257941330174383;1
310698;29.382770853741174;13.466949498005668;29.382770853741174;258.21842952004323;-27.659026283532626;-9.915920940099975;1
310702;28.908223266909467;13.12827188512247;53.862845340893735;0.948396347975973;-15.782629185923978;24.219702484322685;1
311143;17.593000887871103;14.140740996440194;18.0045752003726;0.8543400354994114;7.971680106815871;15.68330311239407;1
311157;28.39216216377894;13.18573242316262;28.833286804654986;0.9213372778681167;1.420277696026259;28.356616222682334;1
311179;29.787126962328713;13.11415443251627;29.78712696232871;0.4223020343533933;-12.592982958420611;-26.994253330640916;1
311640;29.130054791739333;22.502333514821753;30.355396876287166;11.554056119653364;-19.864494961529836;21.306382426237718;1
311656;28.27161482616565;1.2916488666293542;56.78981676033971;0.4086612140094204;8.589382053090196;-26.935231961598575;1
311693;28.60550119836415;12.84694387506633;85.11008249945691;0.45421409604448343;10.247434837043965;-26.7070173937516;1
312143;27.791981965541375;13.238947323814644;84.69172445658177;0.8971855791430196;3.4359730451339168;27.57876630319221;1
312162;29.05474031641171;1.287862813142327;54.14820681668931;0.7141287707818708;18.11522133913108;22.716000763523716;1
312182;29.218546264552984;13.434715093226288;29.421800796393114;0.6856251602409066;28.505561741190967;6.415325060585233;1
312198;25.09339574012736;10.998325607708386;45.222781537229515;0.48142319257057986;23.631362299488327;-8.440214786423605;1
312637;28.317956046054487;13.598764900771231;55.31973375285335;2.5391524115775836;-26.302637232746694;10.491802001029242;1
312656;25.92510739654628;11.760063838962973;57.22517319912315;0.6618477981985901;23.326709295402168;11.312640141463739;1
312677;29.345898830754383;13.582855031197651;29.345898830754383;2.783938551423784;-28.95111763712317;4.797349866991914;1
312682;28.484083498798316;11.924744122394495;53.72969198178686;0.7089020774698301;16.70110803395295;23.07414144025183;1
313136;29.03323231125886;13.137915081972105;29.03323231125886;0.9229536697239348;-22.244910788818917;18.6572378029818;1
313153;27.057435178287314;13.188971981779645;27.19266135419128;17.132599261419973;-22.923293069581106;14.37454115000944;1
313181;25.262387120531233;12.028596861757897;25.61038082081081;0.6265112827770083;24.951380802905387;-3.9518095925774093;1
313649;25.958181364657904;12.432536953811933;25.9581813646579;0.4365879454293006;-5.982603926292277;-25.25936717381465;1
313662;25.433709058676172;11.469155240197619;47.06220783054837;0.6984290907363344;19.50702281601748;16.320221117888075;1
313692;27.86257823937011;12.660428880748709;60.09336064535197;27.762447515513767;-27.841525373064787;1.082927073265072;1
314149;29.742436907298046;13.754329733043631;29.934904750207068;0.3833290723027225;-15.636653908802545;-25.30034797628157;1
314158;25.634554263738792;1.051444687320586;25.63455426373879;2.8537926521401835;-25.622401998956573;-0.7892326047717917;1
314181;25.572252493023072;11.322477565737747;46.71995100460195;0.6107301195357815;25.47388135908871;2.2408627958885217;1
314679;29.486277008627212;13.646499343711985;54.887210586678904;0.4714247242246582;12.883878580387902;-26.52256029412167;1
314715;24.733875345666096;10.711657493427564;46.147037804521354;0.4892878306308471;21.07593393644856;-12.944867644028077;1
314810;28.963417212727034;13.587323889421056;55.2044625454474;0.39489525035118855;-19.505987458011212;-21.410184257180084;1
315142;29.278419461247644;1.342977666772891;29.27841946124764;11.44600614848364;-19.07423178253178;22.212598408448734;1
315169;28.076175056944436;13.035154770473625;28.18539169994683;0.5296423054990032;16.83104744312457;-22.471925769623724;1
315197;28.315636848066987;13.437551857897311;28.31563684806699;0.5390685798458612;19.827771462275013;-20.21471664286694;1
315201;29.147496869240427;13.861311648511904;29.147496869240427;0.42456313893692843;-23.041494422440206;-17.85122148546248;1
315641;29.61328293124015;13.625284387531037;29.61328293124015;0.47455155817445366;18.444174590509736;-23.16805882331263;1
315654;27.14514477545758;12.438260225571359;27.22162339074485;0.7487921997192011;9.11969106063541;25.5673643506545;1
315685;30.32348218700425;13.08459928153405;92.21355046869324;0.3895524164840169;-1.3738585278792268;-30.292343664545626;1
316155;28.883409685692516;12.851872269969826;28.883409685692516;0.5259201313054475;26.520716454591764;-11.441282874166776;1
316172;29.202344359270466;12.530908043996565;29.202344359270466;0.35990944140658027;-11.09873986668504;-27.011014224739355;1
316201;30.688584315656097;13.338025486261733;30.688584315656097;0.42930599504643735;12.438039278968052;-28.055024259372534;1
316205;28.274525325171858;1.321763260833749;54.33370226518757;0.7732753730714262;15.251428103987326;23.8084590671612;1
316660;27.301348633474056;1.1410355292152758;27.73136298030443;0.35028319166762684;-0.027133049130354997;-27.30133515057717;1
316671;28.818458112699147;1.301704904579744;28.81845811269915;0.9542949553347766;-9.965798266240785;27.040458444893044;1
316675;14.496923796175805;4.507781935133638;14.620329622046551;0.6566119133679349;13.631940149186676;-4.932647090672578;1
316721;31.086305572853675;24.663387957202918;54.895939660859874;0.3718710262089409;-23.543843978583748;-20.298911421082146;1
317145;26.069486046565334;10.97747210491519;26.069486046565334;0.8570330802411039;-4.466213156761125;25.684062037972858;1
317165;30.07969889169009;1.308689423501632;90.09735587960154;27.700994529883964;-29.28971117459202;-6.848438122938776;1
317189;29.43426743635852;13.02328336300654;54.21360271281489;0.901413258807983;-11.737245981399337;26.99283527692489;1
317193;29.271965941419943;13.337307184284203;29.271965941419943;0.36477741875562536;-16.183312492678244;-24.391563845722835;1
317638;25.885090968264134;11.25840692634967;26.804954141802945;0.5154443847943695;20.01851312626033;-16.410273204582925;1
317655;27.87752460082899;13.34290643386786;83.60129482577692;0.48730330714948467;8.25954278975623;-26.625858310559895;1
317678;30.449793081850185;12.846836671078444;30.670960518463897;0.4075734077471832;9.375347503925132;-28.970549837863558;1
317687;29.502250245295933;12.975444471730762;29.502250245295933;0.4350317696370487;15.772994068163;-24.931815570907762;1
318139;26.471606645190313;11.076754771461934;26.538870594562905;0.9708715311908938;-16.763377625663782;20.48743832100731;1
318155;29.41372588850501;12.603164098367557;29.413725888505006;0.4028426138881289;12.867746253900709;-26.449733023025658;1
318180;26.311805633852586;11.54433968694472;26.313851144110604;0.43284122540528164;21.50473153678617;-15.161056600527253;1
318186;26.30293416633466;11.292778998942012;78.24657687978568;0.8930548652759195;-9.536233671577829;24.513355403118528;1
318650;30.0766210318266;13.025871719315717;30.133540954186053;0.35486728065004197;-20.620599472977958;-21.895068167675007;1
318660;33.022898552091256;9.156013396071462;33.06239822112031;0.3148486352603227;-20.320058400612186;-26.03088656533659;1
318685;25.44839771267851;11.334043079109486;25.705017655326355;0.9057641286408572;10.678035795514932;23.099794321429847;1
319144;29.800403571089493;13.059651784740257;55.48472810221831;10.556333648790309;-19.7096604273843;22.351584705273243;1
319167;28.893754319243317;13.087718570699536;28.893754319243317;0.856336699979446;-0.7779804564594767;28.883278641285845;1
319199;27.089505379161697;12.317192353042216;50.584655685418326;0.3573464748156598;-8.860259103135837;-25.599552931895687;1
319203;24.82042102977227;1.0771554424595584;25.2393635228906;0.6778860759242875;20.94800168655494;13.312945783531646;1
319639;27.261957328581055;11.93492240908531;45.966893558421646;0.9673612886554627;-20.59281757046147;17.86477489069111;1
319654;29.324647391674105;13.013652736083579;29.324647391674105;0.4173106378416724;8.64297354299371;-28.022026211199105;1
319681;30.930346159434915;1.3738753493377023;53.06618856421392;0.5126559155523441;25.01386071730779;-18.19321537160478;1
319685;25.963712139828132;11.6410706118364;26.378803811767582;0.9806919894298459;0.7373231005680292;25.953240697940352;1
320136;30.39324212384281;13.231986537461495;30.565952867001368;0.45245668758404395;14.228788185681566;-26.856856732788774;1
320149;29.300503514642266;13.36303562844932;53.28872495253455;0.7976455647079415;-1.73927531273562;29.248836346050968;1
320168;30.1692423004127;13.283525287797255;30.1692423004127;0.9292954441134863;-22.04224878163987;20.59908856307256;1
320187;28.825614121137864;13.461178742000163;28.825614121137864;0.9885121718038509;-3.915906586796944;28.558391149786832;1
320650;30.339820208097038;13.530060868465105;56.33736196437747;0.3413896082184587;-25.832274733227504;-15.912205138405845;1
320664;30.46747170989596;13.179305596497862;55.23794103252404;0.49989903461906604;19.292762481814513;-23.580842822375985;1
320699;29.616769510447646;13.231963629735729;30.12668975684991;0.7678003083228111;4.209382490357287;29.316107096353274;1
321163;26.426885218543074;11.959248589577555;26.426885218543074;0.46824139032215323;15.95964023510959;-21.06347896051176;1
321176;26.951146939252432;11.58595401092067;48.05511816954473;0.3863287188824473;-2.135927215128939;-26.86637557008476;1
321217;28.34680006850999;12.667633956170244;28.350327916101453;0.668201334836395;28.13798352012726;3.4343787713536456;1
321221;25.794365235920218;11.267996552200952;25.79436523592022;0.4118889031998869;-5.629865319309328;-25.172482881322765;1
321647;26.234470432826477;12.25858430677681;48.15605015496034;0.42636922633408925;6.889615736907268;-25.31364521139945;1
321666;29.667437076267856;13.217110003630014;52.447033598971345;2.6087854538730224;-29.43781459613128;3.684005222324314;1
321688;25.20764836869314;11.796107519648583;25.211394900463553;1.0798874717344678;-20.99953454981469;13.944356742812376;1
321692;29.62206161417545;1.2739549300367528;53.528546081815165;0.49490060105197453;23.88328538913635;-17.52299099169639;1
322142;27.19316216674551;11.857743387453185;27.19316216674551;0.39333049563813244;1.3345806581305573;-27.16039327944025;1
322159;29.974473375712556;13.831153179191892;55.533822233607324;0.7874301355014313;15.427834488441235;25.699240789341697;1
322182;31.52878158218489;13.797696396228055;56.32680349967006;0.37988287397791315;-0.4553423325320593;-31.525493357239082;1
322190;26.679857279118075;12.739869045018086;27.47700556626961;0.7669337006033213;25.023545280216947;9.25402431610388;1
322648;29.653039362916065;12.834480365018212;57.06763373054933;27.833294249086215;-29.174129824660252;5.307814280145712;1
322658;30.643716170901488;13.972638401985042;31.818810852665802;28.48898784518758;-30.22594121925095;5.042798644914923;1
322686;29.33338736098677;12.91758725529002;52.235295803496726;0.6425125470753751;24.217869908375054;16.551205127443755;1
322692;28.618801434830225;12.582963729474082;29.01245476647058;2.8458105364681736;-28.554704365747437;1.9143286423717472;1
323143;29.97051618772192;1.3453972346606795;52.8556960944644;0.5838748585941208;25.853842410872193;15.159507681725287;1
323157;29.758585413785468;13.770932992504347;29.758585413785468;0.8316991533606013;21.98205531620547;20.058979283723488;1
323160;27.275292532162748;12.258986517626402;27.27789500208981;2.8207407186064857;-26.963548732258428;-4.112009542568926;1
323185;29.82938705185942;13.179481762853726;53.413709620187;0.47266157084689653;18.72733137268003;-23.218083287547074;1
323188;25.3492393651239;11.388685142823139;44.590248796510195;0.6542920941898566;24.40214489311459;6.864347092461792;1
323649;28.344959901229696;13.259487669003805;49.539595889179445;0.6963101976206543;20.512406839350202;19.5621552355383;1
323675;29.21598021652059;12.609988201767795;51.401458766071045;0.8241061114331723;8.388609436050317;27.985795177938577;1
323698;27.599342242605243;11.682648211299199;27.810675864377913;0.3592343640084027;-18.211221723316164;-20.738251989226857;1
324146;25.647679261082164;11.023217904953155;25.776171151542187;0.5428704426915532;25.091745575149073;-5.311097388612929;1
324160;31.041765621847983;12.457853077468709;31.24570499677702;0.3712666805011068;12.24513823036867;-28.52451231206078;1
324183;25.50758569155083;11.67293713631802;25.789681567110623;0.405484676512399;-4.78742819340905;-25.054290233506133;1
324646;28.386022333354145;12.198837471935935;29.059987634973066;10.805843102123129;-22.76994129667119;16.949809357506897;1
324662;26.97959686623212;1.1848952193567341;26.97959686623212;0.36490272759999653;-18.03511775148219;-20.065721386348763;1
324694;28.68801825381397;13.32674788799445;28.688018253813972;0.6592254996345239;28.687655775238333;-0.14421321922137678;1
324697;29.679495527859142;13.473082594818182;54.87479052175817;10.047436539190455;-23.910609598482186;17.58280988400837;1
325146;28.313346939936146;1.2644748412672489;28.922438943804128;0.5791631651773058;28.192592517715372;-2.612152765680204;1
325194;25.995412083075284;11.482633260038153;26.204046069348795;12.598647066988288;-22.351253784638583;13.273390811076721;1
325238;26.61677384276767;11.264510630228271;26.785434010756607;9.968639749555193;-22.073914133948357;14.87262467098919;1
325667;30.992122695766582;14.11053638275954;30.992122695766582;10.30850951467699;-26.377264901217558;16.271188202477603;1
325681;28.562455303514675;12.084899509398298;28.562455303514675;0.408536285162766;15.01667103586468;-24.296366888197426;1
325717;29.047679987811264;12.51762110588633;50.29726571241487;0.31333220210559176;-14.73168311323618;-25.034880173978923;1
326149;27.871799592653193;11.378027069666286;28.49025665412469;0.3627461708900034;-19.688319138305733;-19.728337538709308;1
326171;27.854491002479875;11.46296179676689;82.3357975345547;0.39717661915545044;9.629497022681507;-26.137051404039443;1
326196;26.268935415762236;11.279113533162654;75.30910600832622;0.7261474746220361;20.921613437600545;15.8853095357031;1
326638;28.652069687394018;12.763902539177591;28.860333741502128;0.8740426914898617;-6.063298815846212;28.003169549910616;1
326652;27.623063739892245;12.615796712774776;50.770051268444256;0.48167659523287065;8.791892689394865;-26.186566657664667;1
326672;26.972165775258983;12.492571073548529;27.867939959527057;0.6275136059835691;24.949859387149605;10.247060220839668;1
327150;29.502973523494855;13.885115000986652;29.502973523494855;0.4797002124767263;13.649805822814333;-26.155463057026964;1
327163;26.37302872427783;11.643212053327986;26.634964796200023;0.6555845444168935;23.476284338902936;12.016684972593907;1
327185;25.92974884370398;12.367078442467623;25.92974884370398;0.7548111898940312;19.99048145941282;16.514615530445756;1
327203;27.138328022157975;12.276040163582412;50.00417139950541;0.43108769745323683;0.6736380595730848;-27.129966081861205;1
327661;26.532165643808355;11.36337264825173;26.66539286864042;28.22087259847639;-25.47022323627603;-7.431254405869102;1
327675;31.574373327247315;13.52124795546615;32.04601606641064;0.3585638975297065;-2.1600629095859345;-31.500399667861643;1
327698;26.371123782086105;12.164640434714514;26.637779320769297;0.9596509811216937;-5.095261529116625;25.87420490527219;1
328146;30.34471013302521;12.699508247513073;56.75092109105827;27.661655359898106;-29.736264621379245;-6.0461557559024115;1
328176;30.75707685486041;12.788589252663;55.14279445482401;0.7579908652251419;-17.419822711947482;25.348521719029467;1
328202;26.60512228546222;11.92755583457733;26.60512228546222;2.4954346658723776;-24.85555923604707;-9.48860932317026;1
328207;26.720174990422887;10.940020432988366;27.241478079849728;0.36903950781789446;-5.393867706192798;-26.170096344624167;1
328651;29.360605258276568;12.712813501312676;29.486063631161198;0.9716885061223127;-14.800773706535146;25.357094447516566;1
328664;28.908950511369227;13.105727692830818;28.935487054348894;0.5061194249943677;23.121146742716412;-17.353385634237753;1
328688;30.338318108580445;13.017196171374186;30.338318108580445;0.3484255800691366;-26.588269371252508;-14.610868471762243;1
329145;26.296825181320838;12.871218994222104;26.29682518132084;0.7242572627295999;25.58552104909066;6.074876728254543;1
329160;30.00636764505477;12.721501253807668;55.77197585967996;0.8028181134150938;3.650670728024086;29.783463574368543;1
329181;27.170214764869893;1.2100775061109024;48.2718805249531;0.3484583926266398;-4.172629839094305;-26.847899928952614;1
329202;27.5447805711446;1.2204732923521984;28.806394945036544;0.3343889027854892;-12.61889659814002;-24.48424769842756;1
329652;29.522193892271574;12.931803625272702;54.216383162221085;0.5368025658924792;28.489386872476583;-7.740463025119097;1
329675;26.481982682385055;11.667070507767155;26.481982682385055;0.7649562245452752;4.365181241985117;26.11973582398496;1
329709;28.94861459675242;12.88846250261754;28.94861459675242;0.45034757020830096;10.180306580956637;-27.0995137408227;1
329714;30.51699013704412;13.607192529952414;30.516990137044118;18.056262718667977;-27.88286982386803;12.402913263007111;1
330146;29.94336751371092;13.32266713970165;30.556103826127046;0.46825257687952304;16.106422306183546;-25.24259135976399;1
330167;27.298684956509184;11.85309336493799;27.698890524486128;0.5839080235706151;27.257358360144202;-1.501537738925618;1
330191;30.656233175930062;13.393996057085609;30.656233175930062;0.6471690727336745;23.917948549767274;19.176453522684543;1
330642;26.733402100815983;1.1467561534556021;27.01623898466372;27.831528438569656;-26.437711347463733;3.965123780173809;1
330659;27.400636393126693;12.17348003023648;27.400636393126693;2.6255709075407667;-26.081310852607693;8.400005890354311;1
330682;27.29084736431845;1.1619844923547673;27.374847291372305;0.4118836373017708;12.973402647715798;-24.010022357398338;1
330686;25.252396228089534;10.812951998419209;25.4003031661778;0.6339013988923281;24.574433317011;5.812120302283009;1
331143;28.467579768866866;12.445409327924258;28.72221082553682;0.7984408283351326;0.4786646217113868;28.46355526066131;1
331161;25.377081074178534;1.119092802312019;25.493880486030175;0.5592891975683666;25.37468946388684;-0.34839411123126823;1
331185;28.886994081349144;13.390295096581482;84.7820281082333;10.810674009598989;-25.184510167988826;14.149165157505507;1
331192;26.700177213074774;11.61055326772701;26.700177213074774;0.9444364302695447;-16.095874452045898;21.303105145343803;1
331652;26.65190300553694;11.75534973554037;27.515902920520798;0.9146229762444963;-1.2449802717538194;26.622808979134653;1
331667;28.94685316432419;1.2711170567550756;29.449911271887594;0.428271468132323;7.413464953144596;-27.98143751677962;1
331686;28.333690375382893;12.822027085759498;28.333690375382893;0.7946928693509885;11.29012577682465;25.987132782043208;1
331706;29.073118427452705;13.004059938558013;30.108394490861656;0.4608954675066093;6.492560096233684;-28.338893388653766;1
332150;26.223069146540755;1.160330801918565;49.289894502629885;0.6415490705797505;23.714030986847387;11.19348425733023;1
332171;25.41351785634461;11.51731501383131;25.7599401717406;0.6747365534052526;25.32818213943546;2.0808842702872274;1
332200;26.77970091089013;13.898575943267746;26.83316373205409;1.0714810040732876;-15.928421102706212;21.52760511649155;1
332205;29.48123817509582;12.798491958148206;55.224087098164304;0.43739779042448657;17.631154147833634;-23.628072451049746;1
332642;30.431754658677544;24.801084681059884;53.900339151180525;0.373053049467819;-13.227535588546669;-27.40664141881806;1
332681;29.701685777812145;1.3448281483577134;29.70168577781214;2.0180319062601466;-25.64076504798471;-14.991374379887048;1
332685;28.232904506839013;12.850606284963701;84.61966199174469;16.11839558335672;-24.387717089624516;14.224491275568592;1
332714;29.269705429507237;13.689798989284553;29.269705429507237;0.7487683216220545;22.98513435302149;18.12178950058953;1
332717;31.19061166219524;13.703702238744654;54.55216219377238;2.850452471671621;-31.08416133890134;2.574717405662425;1
333141;28.987189893418027;13.749438219525715;29.418558873042446;0.6004872007892139;28.012642429731134;-7.453122971017129;1
333157;30.730997588489306;14.350053288584983;31.1864685778631;0.3695620267833421;-10.348206110395951;-28.93628937995505;1
333194;29.313415455706448;13.470566381795656;29.313415455706444;0.9371033999957135;1.2141514705952101;29.288259796124812;1
333657;26.934747233972715;1.1958561815603397;47.4113953510607;10.75351166571224;-22.923887005048716;14.14128753465396;1
333673;29.82038523477772;13.597620024031746;54.545725232587536;0.7118195051533392;28.529841721056624;8.67775932611673;1
333704;21.830037905733462;5.675265404096035;32.05050820916194;0.3905183301073854;-9.72840071593949;-19.542486394414297;1
333708;29.184188545814834;12.10688515706545;29.184188545814834;0.47442157493757386;19.762439867917436;-21.474702129357166;1
334155;30.014806066702796;13.214461151177051;30.52263840194036;0.9871799500967201;-12.567728883202744;27.256939922524143;1
334171;27.021400723384975;11.769211120646473;48.602648983873436;10.52328160273498;-18.35022938628207;19.834948412450686;1
334194;26.085381868257983;11.74337482357493;77.89465113973297;0.5315984568995566;24.35696172882065;-9.337320951622495;1
334651;30.40497049688765;13.174802484250408;55.678272443048286;0.5850933243200238;30.38141063664769;1.1967115959992687;1
334669;31.016731795676336;13.371637799585118;31.016731795676332;0.3801942350858626;-22.703572929842185;-21.132567934452652;1
334673;29.043576252017395;13.082201481226571;52.33244182985379;0.5512804203950777;27.696409393404608;-8.742895871487761;1
334697;30.543163780785843;1.4130704016882474;30.955156730374824;18.725719588645127;-25.690599394751803;-16.519018024031766;1
334704;25.583998698337705;13.474878783153024;76.83546887264983;25.696635446125274;-25.385669255614147;-3.179431685240624;1
335147;29.915806024945898;1.31664090946345;29.915806024945894;26.821768051618886;-28.947261949415033;7.550594397405931;1
335169;24.081918192731234;11.492183031429288;24.34781608052235;11.173641856815623;-9.873674396996208;21.964729402920064;1
335172;27.07722199008596;12.540578326210005;27.07722199008596;2.8104181431459376;-26.999347821734883;-2.052113033284123;1
335202;28.62164712480225;12.917069344139037;84.32873481442752;0.3677063132691518;-22.91316926581665;-17.151832506549738;1
335648;30.149995000063864;1.3442620146756512;53.38723076358977;0.8116282469481948;6.270998829919914;29.49062176657215;1
335698;29.94074200766317;14.01162492561273;30.198472226737003;0.38245807227730105;3.9087234866097984;-29.684506273048758;1
335752;30.272524732616944;13.510476305247233;30.308966311644788;0.4761407751575687;22.6521036556731;-20.082528567377814;1
335756;25.59482399002605;12.10479982299954;25.59482399002605;10.295679868536446;-5.496971698678452;24.997566226021707;1
336143;28.875459426377134;12.913496757240997;87.23950464978007;0.5004617015604599;19.973414345933307;-20.853174253576306;1
336163;28.477457985405927;1.2767677907770327;28.477457985405927;10.809404603377159;-22.113073656399617;17.94373391402149;1
336166;24.572838794360514;10.94754964224407;44.31163932179945;0.5547940720116487;24.456253673057983;-2.3908288714726256;1
336206;24.5764087987018;11.112232347587177;24.906771047654196;0.7322418972889407;13.676754190428866;20.419262088907463;1
336643;31.787962980292118;12.841939763491554;31.78796298029212;0.2836234345739825;-24.45598973231051;-20.307120836040376;1
336682;30.176747139948503;13.226403144955977;30.176747139948507;2.5855378145599612;-29.262053235726096;-7.373486853444722;1
336685;29.83909272387945;12.120841845451586;57.89241624208297;0.656442773129175;25.073028468163393;16.17759864809804;1
336708;32.03811859951487;13.455359679860447;55.83985220042631;25.700585312196576;-30.922044124859436;8.382614779221724;1
337137;29.616179102446686;12.706208672224607;29.616179102446686;2.799399477486269;-29.381643367569577;3.7198249487246686;1
337149;30.82525198546848;13.504477136478386;31.22303855537281;1.0006627736192122;-26.062177720203284;16.460833892855128;1
337190;30.13870933845013;13.638379785387407;31.25848363831521;0.5302049135190392;18.02073500313921;-24.157709132577416;1
337650;30.230786050541596;1.2890571133786397;30.230786050541596;0.449643248016362;25.4260675511543;-16.352844221044812;1
337663;29.054950070853312;12.57385837474017;29.054950070853312;0.7435189027108786;20.304092180430313;20.783021059229274;1
337667;30.873519035760047;12.27914918400031;55.660918864204525;0.32600803563185154;-3.74872974927894;-30.645084482153237;1
337698;28.42452943166;12.371424880081769;28.47248758854772;0.9077071380857793;-11.867668080531082;25.82851772250296;1
337703;28.005604233908656;12.921675518464976;28.18747206577102;10.905576343335508;-18.00636573924074;21.449584177112147;1
338151;29.74244331722569;12.266538982455552;56.56239274623326;0.5317928813072659;29.58901816549896;-3.0171076348310053;1
338178;28.095235225890384;12.71841392635373;28.099632261540542;0.7299129626742892;25.15142152040943;12.519913653887448;1
338211;27.34025148735385;11.3944857634004;27.34025148735385;0.8069638372931045;-0.0250498145685223;27.340240011721633;1
338215;27.730201141535588;1.2013984296223577;28.37262312926093;0.3290260456402744;-9.71228369990346;-25.97374829866901;1
338636;26.15381565322305;14.223092331304063;57.953384439848364;24.6744882570082;-23.648661588968817;-11.169730447652075;1
338655;24.282241535011053;12.487973079411724;53.51180579865298;0.8199209352331713;13.823580723117304;19.963363192510315;1
338677;26.19863811018802;14.17320064611344;27.008417427804048;2.5461346560137383;-25.618339182147885;5.483551438349294;1
338689;28.529778173976055;14.319390512652358;28.530244013375242;0.5409237160589467;3.878559843870691;-28.264907857514665;1
339164;27.177284808114855;13.736896605490355;27.242333337055474;9.79154352281582;-10.325614368107484;25.13934162746755;1
339179;25.600062898410922;12.619995533671394;26.21089605310336;0.6738288145208207;25.584323874392236;0.8975479334268802;1
339202;27.369090007867765;13.551195055949817;54.765928697992244;26.06519574078368;-25.541819591736928;9.832727993895219;1
339483;26.00627193387422;14.018510672108215;26.00627193387422;23.870516348422417;-24.832477321705603;7.72491100049644;1
339520;25.916034022373395;14.591596489139121;26.706214375288898;10.184376587626014;-19.54393006241611;17.01985949308052;1
339552;27.598359474026697;14.203620034402714;27.5983594740267;0.41283656411881053;-4.68519956318615;-27.197763707899213;1
339573;26.91717638581568;13.817829294411846;56.73250163649607;0.584608542685274;24.728076628693632;-10.63280822880621;1
339585;26.635711216084342;14.00584186890093;56.951752081004244;0.4846864193764373;6.627352808527783;-25.798048506387847;1
339643;26.675941205403014;1.3908237546206426;78.13758706459932;0.4748436166767874;15.406340263691028;-21.77729365356244;1
339657;25.836621786445253;13.909908994223771;25.83662178644525;0.6738930032878636;-7.7111732131737645;-24.65905174600696;1
339662;24.52602307329613;13.369211125181005;24.526023073296134;0.7138681428633639;22.648549237799326;9.411111794832415;1
339688;24.3588943798942;1.4089144493344994;24.451124304534456;0.7356078956345433;23.212298239899265;7.385455018670864;1
339693;24.73893566793237;13.67538079194513;53.81259575471253;10.819681461008523;-17.702484680806112;17.281116112911267;1
339941;22.342245586925486;13.163097433907184;52.813560935211356;0.5340785013432158;-0.679703326443588;-22.331904111707825;1
340206;23.949189821775754;15.402930029650431;23.949189821775757;24.517277670171065;-23.702871735598876;-3.4260129312650482;1
340222;23.01129458050012;18.35061399191141;23.01129458050012;11.085347180707425;-6.219014773137102;22.154988908190784;1
340258;22.350585911137845;15.669153664044112;58.63647447033449;1.1568658100617055;-18.423118064554302;12.654541135523106;1
340261;13.378610781643273;6.999017725705352;13.453075784605941;0.827607455818617;12.888902835713129;-3.5865596521245418;1
340629;16.404555350634567;6.999222318515805;16.404555350634567;0.8402063621771182;9.555670333312577;13.334114171293237;1
340639;23.9108756710507;13.625042978514074;24.437462636652857;0.5090150755059181;-5.130993405376681;-23.35386225082321;1
340642;27.182859379931283;14.492125007251227;27.182859379931283;0.612223912401747;27.182694678612602;0.0946259924345572;1
340673;21.985845819661947;12.76862010501715;50.21311788081581;0.75295646827224;20.716720192546784;7.361719966806059;1
341133;27.751942001331194;1.2627686706362105;27.751942001331194;0.2592588950823412;-19.883378283310044;-19.360308698159876;1
341147;30.125492010171833;1.2527044446966629;30.125492010171836;0.33874944352715003;11.816149317127536;-27.711439590361838;1
341202;26.970269005064875;12.561008077111225;26.970269005064875;1.050038717127132;-21.18780426813849;16.68749113859287;1
341632;14.925512237401291;6.719181853795631;32.22260381416518;10.909442856267596;-5.403844611041079;13.912921295275769;1
341651;15.64898688329376;7.322901939323076;34.95838837774623;0.6459224128348426;-10.010823187218374;-12.028059261067478;1
341657;15.417664853958298;6.932355840497032;15.417664853958298;10.335957729593767;-4.458490283896746;14.758938103311474;1
341697;16.1212653794033;12.731985254014717;16.215187879798656;0.7531194700315869;16.023572276792674;1.7720973233851327;1
342133;20.05947088429613;16.205648028132842;20.05947088429613;0.4959625069231757;0.4899017420476896;-20.05348768770816;1
342149;17.38891345982406;5.893755996660293;30.96505027938625;0.4544977949562104;0.728316957957068;-17.373654357158212;1
342170;25.356186115017426;12.634585811995724;55.27063702645067;0.8625988862714901;-8.27865423271484;23.966644704558774;1
342175;26.671451859498344;1.3946188779687063;26.671451859498344;11.629250848283846;-20.02218017224604;17.6204042361024;1
342638;18.12461810257631;14.099351288545034;30.726188334817245;26.17679121948206;-17.078454161762693;-6.06862297467946;1
342659;27.975289489090706;13.523194185244538;28.217137348076754;0.944836084318728;-16.944009626394216;22.26021922127204;1
342678;25.80086612721603;13.479932377009316;25.80086612721603;0.8395317577508872;14.040121011778744;21.646239740175023;1
342682;16.726975558849105;13.090687811677393;29.584892148250567;0.6295459120863178;16.707403703159027;-0.8089331529881729;1
342686;19.10271157743483;6.691196422033749;19.102711577434828;0.8554346826383096;4.823177111286782;18.48379160680573;1
343135;29.221700775600656;15.108736498044207;29.64848313425555;0.5783544056199413;22.717695707841905;-18.379719746085396;1
343150;18.633557413181183;7.27324325183269;18.633557413181183;0.4789449857906416;-15.609474729496451;-10.176136818043041;1
343176;18.2290852084912;6.538372523492933;32.7802255272764;0.813733810373919;15.128196230008996;10.170409350895085;1
343179;15.89007114206032;12.879205191410627;16.21640596681928;0.6992365627154685;15.844545478971554;1.2019731546670525;1
343228;15.259473031807321;6.688156343703974;15.543361770348808;10.679704141969571;-6.100178202108921;13.987113466007562;1
343638;25.30740414876246;1.1623051112331482;49.60598316901201;0.9683369688441321;-10.613493108810035;22.97430018037636;1
343665;28.286309617890584;14.48441604933293;28.79627465961766;0.7723367212303068;16.431885714644142;-23.02408399176921;1
343689;17.28821882902731;13.647470421361836;29.99536783495831;0.4787377783025317;3.016125976038741;-17.02308709890773;1
343696;27.653055116793595;12.363541271100146;56.323811599128;0.9878984949510917;-21.15968163840776;17.803351657866386;1
344125;29.214907818834295;14.05891993028206;29.629046210147767;2.697006714321256;-27.500855917646188;9.859703984392729;1
344168;27.93094118356355;12.993093012443444;27.93094118356355;0.4672587387661199;-16.40541850232069;-22.60530289917391;1
344186;26.21777741506667;13.378249905362617;27.01201514352757;0.6815932895885475;25.820550406985582;4.546540362330093;1
344224;27.528323444293175;13.530364645737937;58.49762508599405;0.6332154885583163;26.646561863676755;-6.911536189507278;1
344232;27.900542123372954;13.508419252613672;28.02562547950574;0.6235875939061805;27.838154526649042;-1.8647796997281167;1
344626;26.358547727224053;14.073685961728517;26.93387139278459;2.5905543722348026;-24.25421995818215;10.32016727134143;1
344640;30.00697883384265;13.424133672110791;30.81583263191483;2.774682915875894;-29.83427115844149;3.214816196809256;1
344661;29.504555737593467;13.688489314837026;88.23653787789068;0.5120902404113329;20.288598852396362;-21.421754500490863;1
344666;29.6846496445499;14.114157230652769;30.426559382857643;0.43028198384172384;-0.05653973005698065;-29.684595799481617;1
345128;25.95621471276293;1.2495691077290823;26.533746137687004;0.9517152672433252;-6.414332342894875;25.151171400353174;1
345138;29.89768016411196;13.110043631992319;29.89768016411196;0.4048421265399438;-10.284875128833503;-28.072987421716196;1
345142;18.87872637134362;5.3836293749798445;35.67755524655108;268.0144519087893;-18.87813715357675;-0.14915433218729915;1
345174;28.175675213064345;1.364784005598203;28.234374812283455;0.7463687675420391;23.777166899724644;15.116712868038714;1
345628;27.732533234832523;13.136913380553718;28.844812480381314;0.4434546838426144;-16.78558938530983;-22.075719435816005;1
345642;24.231989092283023;11.610167167146113;24.327918494887268;0.7680349018410121;19.685848332710464;14.129991889241975;1
345646;17.24824450342954;5.0709574271950295;52.418587832714536;0.6809105357834976;16.491128063340255;5.054169926763325;1
345668;25.85245039828701;13.235835606388362;56.571397601018006;0.9042616648546622;7.728876223341993;24.670096552712337;1
345673;27.092650061873712;12.472429211829688;27.110946560830843;0.7606947633716246;7.655216343977293;25.988638865897702;1
345682;28.425733573767552;13.009126134533282;28.70455442486927;0.43459919769654476;19.232175935594597;-20.93193106211541;1
346127;28.500218154511916;13.86038981749097;28.500218154511916;0.4275981745519286;-6.027693135736179;-27.855508437581417;1
346144;16.785195556514342;4.967062850099625;16.785195556514346;0.6895051712752054;16.558864949001528;2.7471405990879827;1
346166;27.222331373604465;14.012569779291457;27.906186417242658;2.54498325514499;-23.936191838409137;12.965880058415081;1
346633;28.135325343467922;12.706874528781679;28.760976020894667;0.8008504847697672;19.83921532868362;19.949989156009917;1
346664;27.862515673819406;13.44652507670963;27.862515673819406;0.458649085728223;9.091674163693824;-26.337449393877424;1
346667;26.937064996986294;12.201339819821875;58.41082310731011;0.6665635272947903;23.04310290778413;13.950658731154407;1
346688;27.963992643132354;1.2934235187223149;28.284605580944866;0.9955647276917121;-14.725087521840972;23.773024250593018;1
346692;30.127508230721173;13.22268904939534;30.32116534612984;0.3917622774449608;-24.386058849705165;-17.691435384696415;1
346696;25.69844771372932;11.613347138281842;52.31375820683815;9.932195272932473;-13.415065689110465;21.91908363623194;1
347125;27.606810873093867;1.2471754270292155;28.104966125279766;0.4438318317666933;-7.495759093637859;-26.56971212100197;1
347145;26.1067980565864;12.924644821975386;26.106798056586403;9.941465439961998;-16.826527756045476;19.960783262247368;1
347169;27.8571945409245;13.326560959287853;27.938443392880046;0.4288258704971832;-12.44999589507356;-24.920290726706323;1
347174;27.7976728932658;12.555701263186979;28.098178728152334;0.43584592193337557;-6.170436453802482;-27.104175550099097;1
347646;27.936673023425172;1.3760377804865682;27.936673023425172;0.4395879848431052;-17.578615485049287;-21.712898867874763;1
347658;29.732351823846752;13.969305984443768;58.53974022539285;0.3710875599028432;-22.310623355173536;-19.653214253159415;1
347685;26.496733444645155;12.865162096136425;26.646105091519576;0.6964362454211137;23.23898537083644;12.72896076553884;1
347696;27.726839466403884;13.47464659101547;28.303405462293533;0.9737622574051126;-1.8877156094712242;27.66250452459955;1
348141;15.974492375767545;5.358750373443273;15.974492375767547;10.62190439887761;-5.87691193204863;14.854168196381778;1
348153;26.33958487512794;13.145255446368346;79.45889937161581;0.842358962179154;16.304703372148673;20.686478176342927;1
348187;15.31655987091087;5.474802834396141;15.619460752879423;0.7164287957167587;14.704650233366912;4.286055038556973;1
348625;27.29952347202102;12.965427009378434;27.29952347202102;0.8275499525277675;8.351672918794815;25.990643340573467;1
348654;28.18343973718033;13.13000065031621;28.918806368273746;0.5863383722882611;27.7524450823121;-4.909996677445526;1
348680;28.192198033734385;13.753220905645888;28.54541254316243;2.234559446012921;-25.146596886415697;-12.74553627767013;1
348685;27.991276961296386;13.188220517018683;27.991276961296386;0.4762109701955008;6.700426100466238;-27.17748840485803;1
349128;18.90577887057431;4.8061823729557736;18.90577887057431;0.8891496390842484;-5.929951468991268;17.951717195813394;1
349143;22.514925977203724;7.4932463490841466;39.7717390090999;0.7599009086352378;21.908541867832056;5.1901526937473506;1
349173;27.09753914710274;12.174351762361793;27.09753914710274;0.3431264762193873;-9.348431037398454;-25.43390384836293;1
349177;27.958806703527454;12.995778296924254;27.95880670352745;0.6669114442369202;27.915464332286838;1.556188741134239;1
349640;28.39025048045118;1.1963652274016938;28.392874132159573;0.39298273251526283;-14.451867048904193;-24.436649957462574;1
349655;17.00751663515055;13.404973326821793;17.17308424904904;0.7358851200582792;16.488340357532483;4.170162388815135;1
349658;29.21381834242818;13.120138372585487;30.106530965026757;0.4113243310697049;-21.13798629607083;-20.165136188270957;1
349681;15.976603430294636;13.335676481122558;29.843821819768735;0.8316986257100747;15.412340582965985;4.2085169506088524;1
350132;25.11302941222303;10.962739835797926;25.775888320383945;11.387716692741934;-19.978819430322012;15.215486204185742;1
350155;19.48894350858506;5.3891852667318085;19.89269149912008;0.45342875352553275;2.9773215844201677;-19.260178484732833;1
350188;26.213560434524005;11.96835767386881;52.96608007128521;0.5585993846307121;26.091537518501244;-2.5263453000499054;1
350195;25.046730515348774;11.521987316993071;25.046730515348774;0.6127866859703686;24.4850872655452;5.274392013032378;1
350629;28.122787568302424;12.547402920748043;28.122787568302428;0.3359648705332911;-22.871882064832896;-16.363624030887557;1
350647;19.832688925795296;5.903714905750201;19.832688925795296;24.730506112681955;-18.622637253358207;-6.821505094713227;1
350651;27.615610385786294;12.167425227241235;52.92652092745384;0.37719536598368786;-17.05248370409666;-21.72175721485409;1
350678;17.695710584717176;5.411792665622077;52.28077585566879;0.9674219592015183;-1.8023181335017058;17.603687751256054;1
350682;27.844663787299083;13.58882510132209;28.126675129257478;0.4503047776820296;-15.097898808173717;-23.396126880444797;1
351127;25.95700227294983;11.783539976093872;26.45882637140597;0.711907311089259;21.133861989363208;15.07069488817525;1
351139;28.585637558078574;1.4133521237271949;28.585637558078574;0.8577618359317886;20.981845733149207;19.41393376500911;1
351143;25.204902814980468;11.619718752142042;25.36141182503555;0.8313545307519434;4.47124776952594;24.80514199306506;1
351176;29.272253853828506;13.407909630756487;29.272253853828506;2.606997742454418;-29.27081245679859;0.29048890151298523;1
351628;26.556511556809784;11.827001943680427;26.556511556809784;0.526072123019192;22.16298203860286;-14.630465926399564;1
351638;25.68997021879657;12.066253386527961;52.25445594338513;0.5045692970847695;12.047212023714394;-22.6900694643786;1
351665;31.440880860515172;13.819537284444108;31.440880860515175;0.4218732835937666;3.3730191836471892;-31.259426272275974;1
352168;26.153636854484123;1.183698335342854;26.621098303560622;0.6254929124311547;26.04809498694568;-2.34722565325223;1
352186;26.038855701998585;1.1978045418890013;26.03885570199859;0.7995220337308847;5.458861450077534;25.460220696968864;1
352207;26.611956097242462;12.396908095881221;26.71591435017386;0.531647321427903;23.756390275678672;-11.992919927657322;1
352637;25.583758658458553;12.039779537458735;25.58375865845855;0.5257127425643645;13.898494257216733;-21.479305493343272;1
352653;26.742849556062335;12.194245581759338;26.832602912820718;0.44467328409808654;-5.29127660757247;-26.214164000409014;1
352675;28.552649917523834;13.220859416128013;28.71887969776702;0.5582254534684589;14.712279071195184;-24.470444659710335;1
352680;17.943224537639974;5.666430793796221;18.014695017455136;10.747574926891067;-6.233805496413594;16.82554533562134;1
352685;25.360987571767733;12.159762037502835;25.360987571767733;0.9292943870271264;1.842971067981554;25.29393500936421;1
353124;25.9277729459346;11.70918649350109;25.9277729459346;0.7322241840122007;19.356670584050207;17.25018011026272;1
353139;30.863891031893644;25.168444785390708;30.86389103189364;0.45683942722388193;4.311371682585502;-30.56128014077952;1
353163;31.676525731438655;14.004840730599602;31.809202165677466;0.3891140577731203;-15.21767220697749;-27.781733837460184;1
353626;26.530238571577442;11.965049935977149;52.964800461147625;0.46980414737344445;14.107951608142603;-22.46818328408245;1
353640;25.852390772442842;1.1624352502603126;77.41302188070998;0.6845109564268574;17.27300344531411;19.235110101823036;1
353672;28.128464236903092;13.64531767710788;58.09776762133842;0.6874108276906603;16.181265749014287;-23.008197215047367;1
353676;28.205246310119488;1.30575064582114;28.205246310119488;0.5559416415173278;22.25574313775401;-17.326794764203342;1
354126;24.832305344926706;19.769397156497032;47.933906819659455;0.5985700083500209;24.700087350692932;-2.5591157871058603;1
354145;29.90482195858185;14.042168977617665;30.256915279766737;0.6046462945173583;25.149758284725426;-16.17986509815097;1
354166;29.450608328940096;13.509413942624443;29.450608328940096;0.8906221477307329;9.520674274783653;27.86924994143381;1
354170;25.103827129705913;1.1857606325925611;25.103827129705913;0.8946492564124621;6.691822344556669;24.195488221299662;1
354173;30.285405428765916;13.42466613878714;30.7397420277614;0.4056131813271741;-9.267875896159437;-28.832486163321242;1
354625;18.495331695381278;14.437884409374997;18.86204880106697;0.6530757235215624;17.429107996945273;6.188981253243025;1
354640;27.14980044326221;11.707479010785853;27.149800443262208;27.60185868202846;-27.136163996378407;-0.8603880930238459;1
354668;30.42069343758616;13.90519778858196;58.391507940286324;0.48826108403239876;16.78464702755741;-25.37112952518878;1
354692;26.033845231959834;11.897514124635103;26.03384523195983;0.8727918088084962;-3.3352491463773464;25.81931855594231;1
354711;25.918064380768087;12.062215668169854;52.393663800312545;0.9159127957077879;7.020553843528368;24.94910589531734;1
355154;25.82061950352388;11.494116681074583;26.117971361941727;0.7502040504504709;15.129318724793626;20.923864520431373;1
355169;28.530744822338896;13.655389720264733;29.419828247545546;26.6997993198219;-27.61159214906895;7.18354920014414;1
355189;29.244549988148837;13.160153155014163;59.33380398835739;1.9328099381442971;-24.323351188199904;-16.23632627735814;1
355193;25.53862946144264;11.793460227419974;25.53862946144264;0.9515016380879047;-14.341402703108502;21.131629451515046;1
355208;28.809027972367456;14.203761243723955;86.39081374050741;0.44090728399848295;-12.754644496361987;-25.831746678923466;1
355644;30.08095126820717;13.60314978943349;58.94744906177411;0.4476722702765259;-15.546091206513521;-25.752333436001823;1
355663;27.93486606678703;1.448553569387064;28.537647889816927;0.8668940300987362;22.033225153577227;17.172470163057532;1
355702;26.038095264889666;12.633216350426956;26.038095264889666;9.940998691830089;-12.135064042395763;23.037417947991113;1
356140;26.34279595765526;12.90026970572435;26.635805412511743;0.4844251706247804;7.773350335768829;-25.16978195026848;1
356162;30.44254381430046;13.65244816968818;30.44254381430046;10.019000056755914;-24.399829142119525;18.20430750457094;1
356192;30.311965844103035;1.4665801966554843;58.236198573614544;0.4737428722358299;7.852283728387043;-29.277242246888232;1
356195;26.041351444215238;11.615065391999869;26.87401520171288;11.420418257824528;-21.713171807649356;14.37672268260859;1
356198;30.68340305279291;14.20516436556398;30.68340305279291;0.41174777688055286;-9.309791146897611;-29.236946005034252;1
356637;19.802998784161325;5.612290114952594;61.06788428081933;0.873214247207958;-15.481001731156484;-12.348981587378969;1
356650;25.24339111892748;11.836285316858238;25.802394420390122;0.6067838311800225;23.28490068527473;-9.748958675676038;1
356692;25.781048250635454;12.306309402297677;25.781048250635457;0.5921025388141481;25.291613129895584;-4.999675408392704;1
357137;30.73264624798705;14.049058411090401;59.92527120961792;0.42848724886931205;-19.291777522310564;-23.92327037496306;1
357153;29.95287935579363;1.3327598361805606;29.95287935579363;0.5851304105854874;29.349179279260742;-5.983365051251687;1
357157;26.170143849649953;1.1961948700757563;26.320224351073733;10.699545673096901;-20.841390295467964;15.82759867015035;1
357194;26.308664127921496;12.15491113935369;27.062313485101186;0.43071175036202813;-19.03290950233599;-18.162988852930336;1
357638;29.61013217644265;13.915161876855795;91.90528699048576;0.5710982226613167;23.920011966007472;-17.45259164286106;1
357664;28.61485486803141;13.51929060655099;29.1072182290786;0.9991643418438781;-15.730009697435584;23.903487486914614;1
357667;28.756051622696816;13.682617331154368;28.756051622696816;28.47322351833508;-28.59286452029166;3.059183461554829;1
357696;15.053052173559639;4.876854873865693;44.98002573597491;0.8944010397325939;5.501142124800715;14.011845526648216;1
357700;26.057721369361442;12.451142581503339;26.487431698974742;2.684278320759023;-24.843354998212455;-7.862096119742384;1
358136;26.225734253431984;11.87375232890465;53.6889223343461;0.500702534024092;22.328517086567977;-13.755960956853487;1
358148;26.562741289501417;12.390783637889985;26.820460333581764;0.8537620433802398;0.866924953923454;26.548590658210998;1
358179;30.683832548280435;14.045920053366544;31.931162268799735;26.489578673382354;-30.50767987404094;-3.283146136551234;1
358632;29.411316906798746;13.073137446249033;87.55435585384689;0.4798610883693879;-9.55761332022832;-27.815060485520068;1
358655;26.57578636169791;11.606593910742294;26.57578636169791;0.958731857653695;-14.127147707905593;22.509911558725115;1
358692;26.79707870261008;12.524273201020952;26.79707870261008;27.676141262410976;-26.61454440205646;-3.122411450280688;1
359143;27.061510230489745;15.207430807012322;27.061510230489745;0.6846181649857375;24.217131192156526;-12.077081302068834;1
359202;25.341958334812382;13.12507808797139;25.620760446341265;0.6382502143970742;9.728633079919694;-23.400182705262345;1
359235;26.65418078693838;13.274306121832506;26.874181004576954;0.9215176597560275;1.4770246145110715;26.613225127949516;1
359647;17.25990361648409;5.487814486711918;17.25990361648409;0.5751069124384259;12.276003048703586;-12.13276646105664;1
359671;26.392671611509765;13.536465339065392;26.54459017473422;0.5362938915752518;11.966609022621222;-23.523889629326053;1
359711;17.82034135197481;5.518644178182446;29.706998898630072;0.5147208822287765;4.809773364954767;-17.15898149887327;1
359715;27.525414088076445;13.44160091898674;27.525414088076445;0.4500556169945124;-15.912692903337271;-22.459622109112985;1
360133;28.149835769251077;1.351698407620295;28.149835769251077;2.578213270946778;-26.036402880269;10.701354068160134;1
360156;25.754944511312864;1.4351006467473875;58.29623252195689;0.7860420756839692;25.73361626733323;1.0479315752697371;1
360178;26.74954187489112;12.168055660353732;27.191788945919857;2.649923418373239;-25.566543272291394;7.867010589963966;1
360188;23.715858451539173;11.321362513481594;23.95573804273493;0.6423261240430705;23.7062022740563;-0.6766947871603771;1
360634;28.373821246329687;14.132056007501049;28.59939163402828;0.8998413988344016;-2.7065886167879687;28.24443503025231;1
360647;28.738465481450707;14.189758288759734;28.738465481450703;0.8193332878124802;14.623379585665907;24.739768950458355;1
360671;28.279636287960596;1.3981620563742803;28.279636287960596;0.7765106534843998;16.48823230207649;22.975552749218007;1
360675;18.211181483452044;5.34144179983682;18.56637899776667;22.99362149158142;-16.421284842903507;-7.873279820472161;1
361145;26.19732168121407;13.589934563898954;26.19732168121407;0.7224636164252934;26.163348247065816;1.333743517984934;1
361161;26.90582842767951;1.3744127522861607;26.90582842767951;0.9050661176118477;1.4784275467027697;26.86517923574822;1
361197;16.328989019688752;6.648294192961417;49.992357868404966;0.5941201850950235;7.953387387805347;-14.261118871414496;1
361629;26.725829283249794;14.795116940859515;26.725829283249794;1.013154102047672;4.627830672799915;26.322103528048522;1
361659;25.487124703193803;14.19510563634799;25.4871247031938;0.8971200107593669;16.636571668145454;19.30849576654825;1
361688;27.716632549588066;13.8368242612111;28.27922963910498;23.411571533025544;-23.805076561484267;14.196127985854353;1
362132;28.140513631989553;13.140814262546218;28.65026316051743;0.6229231662389141;28.067632872786177;-2.0239793454189763;1
362142;27.265745802527004;11.94706631533893;51.66287418145262;0.39264167968781677;-8.738619671335403;-25.827454779899796;1
362175;28.580770089100415;13.864541763816678;28.67526572756473;27.322308970783027;-28.416744162008488;-3.057624914369565;1
362630;17.21202019129181;4.93643553161403;17.41361162363289;0.7199096128999538;15.105347345682912;8.251189043508043;1
362642;25.605638204669365;12.403898890661182;53.58302253294647;0.7250755178915363;24.627766595020994;7.008696056299731;1
362646;25.74197138115498;11.227762836093458;25.741971381154976;0.49104908098481115;20.698703117404943;-15.304011887271024;1
362665;31.43231342175773;14.06798315021386;31.43231342175773;0.3609617545764212;-24.654025721431324;-19.497931756230294;1
362669;29.497510907224402;13.27993742096555;56.00517576408083;1.0459901560150486;-20.625890549153894;21.087337166559145;1
362680;29.98345369664542;13.325050382379148;29.98345369664542;0.534093025095331;25.799237053550485;-15.277658951344202;1
363175;29.719348877890386;12.891361585088633;29.719348877890386;0.5164947539985623;25.68895289217181;-14.943807982891853;1
363194;27.898996435055807;13.526282433792828;58.73797335866974;0.5989068643387097;26.37448873557803;-9.096172053128956;1
363198;28.87370920195794;12.701171388399278;60.61364366526345;0.40020935949774905;-22.956675645334496;-17.51234211618014;1
363222;30.167489049530204;13.943380450894594;30.167489049530204;2.394117308946001;-27.080470665126278;13.29381450557965;1
363225;28.975947679938205;1.3291936094032868;29.01236116807774;2.6614343203799384;-28.642620758038763;4.382444530360109;1
363631;26.273936856935162;12.519501451036733;26.273936856935162;0.49122900589681784;2.8795233162660057;-26.115667776897766;1
363653;23.859185677996347;12.387748262737242;23.987129433246036;10.308739046715564;1.8140852818407085;23.790120550499843;1
363675;25.915749589952117;12.8945670748368;26.020361503860993;0.4877589281154876;-10.939949715972297;-23.493479457523975;1
363679;25.355340285348664;1.2212603347221784;50.161071263929216;26.200470262094697;-24.864347430755924;4.965632671521934;1
364128;23.57591148744668;13.06145559214199;23.654370868379388;0.6871382408188188;16.24015181914153;-17.09037949710756;1
364145;23.7674404069601;13.655730200347845;51.02752738891917;0.9474382960039458;13.392021915085285;19.635299145270878;1
364176;22.365410401074524;12.512936243027426;52.70990409079246;0.6730953826633665;10.055342940055658;-19.97752889539558;1
364627;17.676450523418186;5.868658099317481;17.676450523418186;0.8869568853699233;1.0270287837805938;17.64658933006991;1
364641;26.705646239030607;13.087612189081495;55.29882538823961;25.626102524748205;-23.21232589825911;-13.205281800751507;1
364666;26.03110192239391;12.352008207052169;26.30425928702575;0.535644095142328;6.425930593973646;-25.225496690759;1
365124;28.926438251807088;14.074952415219718;28.998878830794936;2.721990893910888;-28.356766175255927;-5.71249875426417;1
365152;29.058500172234673;14.243763557893073;29.24186864996598;0.4509668695429119;5.575928053577122;-28.518510806160517;1
365188;25.521578254124528;1.1723833526023288;25.521578254124528;0.3806807943381877;1.2659656255357639;-25.49016060397352;1
365662;17.243338648301922;6.104741911016361;17.350394654474247;0.6792511944498368;4.561002342987117;-16.629190761046935;1
365768;25.762191813201778;1.3907217183291867;25.78288800052817;0.5834950460799793;14.989939485746566;-20.95214168608681;1
365796;16.223336345491443;13.366981745590616;16.223336345491443;0.7905243565559691;14.522460978876396;7.231512241292003;1
366126;13.79949516992242;7.248121699218023;13.79949516992242;0.6563133894292154;-11.698297440401952;-7.319556266646042;1
366141;14.12185062284502;7.22519846975176;14.591286030347595;0.8238572477226592;14.120708899269871;-0.1795694741011144;1
366174;16.307283751316895;7.9430827245716165;33.38489861848412;0.7695574512578818;16.297342580511998;0.5693225442528101;1
366177;15.837567390870767;6.755057691102233;15.837567390870767;0.5312503640039165;-13.783450005997905;-7.800323505632917;1
366637;23.153217051599093;15.20748574112735;23.153217051599093;0.7183855085249512;17.17266599820786;-15.529681334543044;1
366653;16.724513880941597;8.103539178218085;35.52008433767051;0.608943991368332;-11.503098345138646;-12.14034978968385;1
366658;15.925184329000102;8.002203427421163;15.925184329000102;0.7006582649460477;-0.6901399123959694;-15.910223216974314;1
366682;15.789180360711597;8.648480888454763;15.984772484344083;0.6798300179825566;5.790168968811529;-14.689185129737213;1
367143;20.55003148075921;15.036171179252731;20.55003148075921;10.653602299952341;1.367775926855754;20.504462511222002;1
367155;22.27472192201063;15.210854958489525;22.477951514232874;0.7341570086566997;16.952419894139542;-14.449176323779941;1
367158;16.033120899417128;7.87237404341337;16.033120899417128;21.748888208167077;-14.574666322722036;-6.6813222760647015;1
367190;23.391980981082202;15.557969836600167;23.614089271925113;2.4576940440139174;-22.10432242736252;7.65399923219946;1
367654;16.83885136757832;13.311124385022701;17.244419994632572;2.5533297097315106;-16.701519192790663;2.1461994390641856;1
367665;13.91117514015016;8.408631319456335;14.11783815143021;10.825763324946774;10.521731720469246;9.100217326108377;1
367697;22.251365649309637;15.45987269266788;22.266377864435405;0.7129550268035875;13.061637854266271;-18.01435232872043;1
367707;23.769189542873328;15.174073737189879;23.875292195226137;250.73296971539818;-23.426086349678528;4.024034028489832;1
368137;19.130011334678677;1.5195000922581836;19.130011334678677;0.9031419192486864;18.742848866935844;-3.829223160921345;1
368147;10.786093488003909;8.79214381160935;11.108553983772225;0.9848700454290015;10.601572559932942;-1.986572925527075;1
368155;22.833439213347045;1.7291330401808904;69.33034560935917;2.3547715200656585;-21.647250110573115;7.263780624434272;1
368175;12.894299268977784;7.470964570673978;30.512644876020463;20.09368234252514;-11.382724972817616;-6.057765745813818;1
368179;19.371453192345186;14.957062300483107;19.58028015089961;0.8368776322159538;-5.180703614953893;-18.665838015937677;1
368638;15.651461113404096;8.99170015405709;38.19336815336852;2.507885358086137;-15.65126289332966;0.07877073239904042;1
368666;14.335049556901005;8.191945577123231;14.335049556901007;0.696319811701372;4.46924956085745;-13.62055263789187;1
368695;14.949445676035987;8.44310678372235;15.283431697356043;26.32754839545872;-14.938757611892166;-0.5651964560088193;1
368698;18.689857330176178;14.814058554046193;18.689857330176178;10.934113495227734;15.348128017557952;10.665164479697104;1
369135;26.941534914648848;15.218559668867568;26.941534914648848;0.5158548545112812;14.888519341976707;-22.453914922810863;1
369149;26.185812086163878;15.173188378310845;26.185812086163878;0.6511037730368171;23.04276639359914;-12.438957815745828;1
369181;18.63023391197912;8.040298140506977;34.17829051322887;0.5250963678701359;7.001737235448079;-17.26445166522229;1
369644;27.27417281204475;14.950136159775282;27.27417281204475;0.4524731019723172;-20.86444397933742;-17.565747351432886;1
369661;24.152631739350454;13.889794597538678;24.42843116114133;0.784306725583443;19.234674794857135;14.607426380877863;1
369686;26.971339665362706;14.624087775788526;27.172437431983525;0.5704323828409772;22.56427493658567;-14.77520422635638;1
369693;27.314791950540265;1.5247107530053028;27.399425320579425;0.5338979528437847;13.959667916981607;-23.478192667854433;1
370134;16.80453703589043;6.901309362381167;17.074379600045333;1.8379995011267325;-15.02676731200782;-7.522548048459805;1
370161;15.945438771526291;7.164856525789497;16.28497650983438;0.6875314574764793;3.4631932354671187;-15.564809996601586;1
370185;26.864818265599595;15.002340293001176;26.864818265599595;0.8306078736165694;19.853607368510666;18.098418022045813;1
370189;27.493459916068286;15.785123964464258;27.807721676183668;0.6436744925104381;18.771619542923943;-20.087723561722203;1
370193;27.017609170727113;14.373623679354365;27.017609170727113;0.8711832766163378;11.05176052103078;24.653798788177518;1
370633;26.256530718271932;15.327416888035604;77.96727883657209;0.8372059487162801;22.638843611238947;13.299931026340818;1
370647;15.697904200220162;12.57319663674748;30.749423576340998;10.1784476127285;-4.05689488386575;15.164623311528503;1
370680;25.264049853805165;14.825630598690939;25.283701254223548;0.6530620696124129;25.08464453672611;-3.0054656014750307;1
370683;25.721087169480423;15.047592431583325;26.07293423614034;0.624053065021988;23.32880707850346;-10.832409033727327;1
371135;17.112657967120825;13.633469755647267;17.112657967120825;0.47553878726149384;3.129873617994296;-16.823999341269815;1
371146;16.690890731744364;6.326337519348293;16.690890731744364;0.7100847069390435;15.54207661262615;6.085202378416772;1
371179;24.068545513937195;13.763855927316593;54.9543712070653;0.6787158004001114;22.414628913243234;8.768083817919782;1
371189;17.350038715130864;6.168647048876524;17.546355701064286;26.582386524706756;-17.33936146858238;-0.6085945106395424;1
371648;17.014330514864444;6.450868107435793;29.83417598286374;0.6881712054957894;15.987186088089423;5.822140830815356;1
371674;23.922838105231644;12.97604080046196;24.567713753765656;0.46676590020867703;-18.821736293427282;-14.766327434734931;1
371698;17.177269721919004;6.4637523573821305;17.20843300057113;2.603640236636802;-17.124113639519095;1.3503063209477617;1
371703;28.31697659095338;1.541450687701308;28.31697659095338;0.39039341919819837;-11.241143941572686;-25.990149021070376;1
371708;25.15573413446932;12.472263530473162;25.15573413446932;0.37205020170572545;-16.523364751095045;-18.968114749399177;1
372136;16.895806369980424;13.577562375508212;16.92686209597298;277.48791635954376;-16.895662598690148;-0.06970109822591483;1
372154;25.362402309917687;14.890839982281202;25.745701367876926;0.8529074656306718;10.701400398239121;22.994161877456754;1
372187;24.867164997237207;12.379430299942904;24.867164997237207;2.892808942374761;-24.38775470859187;-4.859353380170495;1
372191;27.377222641113253;14.569565442158526;27.377222641113253;9.910499896083754;-19.53138447670685;19.184299308657035;1
372626;24.226476488277278;12.654832980602935;53.25200121151857;0.6182935709640499;24.225471215384317;-0.2206975977159384;1
372650;25.621367988493095;14.216551609780653;26.341050868887102;0.8023962367243177;14.506154869564623;21.11932689509742;1
372653;26.618441133755994;14.55207929831032;26.665184513100506;0.48310207014933243;-21.967658384704418;-15.032078814460718;1
372678;25.154328996451746;13.938650027364057;57.230471134308324;0.907512559111804;0.1518027598358336;25.15387093836333;1
372682;27.865456735412064;14.492784658886935;60.41372949483162;2.730619391967095;-27.858771202244075;0.6103656069420981;1
373126;17.784525986883473;6.328366305452684;17.784525986883473;27.694079002718237;-17.705766357809768;-1.6718858396390115;1
373136;18.133834544804085;7.38496097394059;18.13383454480408;0.5501231951134509;18.12248140150823;0.6415786392315042;1
373160;27.528781819754016;14.346068919389966;27.826992347085575;0.5209647301342639;17.760648333173705;-21.03314525374066;1
373168;16.384501124710294;6.274713038511767;16.550159738185627;0.6396019420947856;15.542279602399985;-5.185501120089962;1
373638;27.917021074541545;13.990499096074752;61.09631737217365;0.7808380656345321;14.191174384417774;24.041019846658784;1
373652;25.711027763527678;14.447824755432203;78.45753316791772;0.6309893302484505;22.906822368588287;-11.676233880444258;1
373673;29.083962284394662;1.6466372397273996;29.139812423080617;0.6585294888355259;23.657871833615527;-16.916913502891486;1
373677;15.35412783213721;5.6538523888522585;15.35412783213721;10.586464577015196;-7.8924058318959345;13.170389958929293;1
374150;28.55137333153683;15.882631447418316;28.932533070522513;25.64470721506322;-26.396204674875435;10.882155019980038;1
374192;17.207773132454943;7.370543481430989;51.841940913497766;0.6622641653162609;17.16263546412775;-1.2455521279748265;1
374215;25.03266531862018;14.64593698677952;25.03266531862018;0.6826476518865504;19.902255206037996;-15.183364932312697;1
374219;26.335562829866138;14.435678729533743;80.51120322146801;0.46771423125411704;-8.703776425150352;-24.855706497841172;1
374222;17.194794419034555;6.231092785854191;17.194794419034555;26.97676200433092;-17.057197433929034;-2.170937772674901;1
374640;19.16748410781559;15.375948192608043;19.167484107815586;0.37056194056415237;-17.04807567726584;-8.761025209733164;1
374663;24.67226714471848;11.985850973561258;24.672267144718482;0.6797341029177263;20.416082448892467;13.852954323911558;1
374705;24.90307767450714;12.422834924956112;53.60102074102096;18.06920030246052;-21.306584844075218;12.891575541599261;1
375124;27.18257640433828;12.54498986025859;57.32265042700018;0.27297749449863024;-19.074791156579483;-19.366073487172493;1
375143;27.499452670731014;12.28083242782667;82.32305559596024;1.4105821860654124;-25.279449403247853;-10.824478512076544;1
375191;26.184361191479233;12.799886596026564;52.51713006492458;0.9594564753276925;-4.369081017730545;25.817279137553406;1
375659;29.329920922309505;1.357272187875165;29.329920922309505;0.4612317123245641;15.466282459609051;-24.920641408048034;1
375686;28.937638484349794;14.003004820076503;28.937638484349794;0.5963301792137579;27.572139004488825;-8.78430826918479;1
375706;18.52968001129686;14.803307609142058;30.85172955753442;0.9579987397977592;-7.874536377383777;16.773214306217934;1
375789;25.220406041555393;12.366456437226406;76.47794625723168;22.253913863991407;-22.182371782526175;12.000469282603508;1
376123;29.15291065918807;13.133013387944255;29.15291065918807;0.6786250786522967;23.057833448925667;17.838960635199744;1
376141;19.049555564688195;15.674522361360355;19.049555564688195;28.223752977762217;-18.607177623951344;-4.081483563958987;1
376146;27.447304765829994;13.281866352079978;55.34459010092234;0.9251489152259001;5.9327135797715105;26.79845981560785;1
376166;27.57071727561337;13.513400901457937;27.570717275613365;0.7523204511341077;26.063682604964203;-8.990489428250932;1
376169;29.17864147017343;13.629981394580225;29.17864147017343;26.473065520295275;-26.63984200882352;11.90428224589145;1
376626;29.73201511713637;13.304380279892737;58.77936415671221;1.0034229486605537;-21.246651292121246;20.79837810495396;1
376637;27.60665984829814;12.11513003864405;50.42427454403174;27.72477797044648;-27.60660895291912;0.053010378630230816;1
376662;25.86122779884324;11.173242396727003;25.86122779884324;27.806071307261167;-25.662171461393594;3.202508259114829;1
376666;29.584342264126345;12.883775113629182;89.64016161468281;0.9542066602923451;-15.102565536263198;25.43906093832568;1
376672;26.80281922464262;11.51074125288507;26.80281922464262;0.6202616239102495;26.333155591483035;-4.995601563737619;1
377137;28.043196456494698;11.704816178941497;28.242487528904434;20.19053396388225;-25.239653865412237;12.222141393869483;1
377148;30.759415383164225;1.3287917550887574;59.206461667781504;2.7493145837076827;-30.660435949748422;-2.465624076256245;1
377176;28.017231106956082;12.375491425674925;28.017231106956086;0.3856020901319168;2.397173061927026;-27.914490864276193;1
377180;27.73289671947838;12.052161709651974;27.82975916748666;0.9282308007335832;-15.57582574181761;22.945744984937544;1
377637;17.96037088597254;6.363769106449745;18.047085106706067;0.4230934376945521;-3.700912730585033;-17.574930080153482;1
377660;25.87070019435975;14.342062637884046;76.86143397625335;0.8716575803353022;11.730877389448217;23.058179551304093;1
377681;25.20187465532757;14.022328235046775;58.41676573711647;0.6552711574121644;24.364559224000054;-6.442262022227586;1
377691;16.76920927002818;13.72296388794882;28.599624644709266;11.52146480054891;-8.190798178855989;14.632744265353937;1
378144;16.98159210726679;6.4502565546443;16.98159210726679;26.51014408794292;-16.95497075284354;-0.9504931708359734;1
378169;27.82670166708312;1.4769011707518247;27.98124353172566;0.7655562387694279;18.581753785576968;20.713371331607092;1
378192;17.85929828027308;6.860009905299249;17.935094854775453;0.6819001096819012;15.836809992117816;8.255300378382502;1
378203;26.658270719371735;14.438478455909205;78.93870745461476;2.7931001261664954;-26.15324873324986;5.164395264121156;1
378636;27.016689252694118;12.60628356744173;27.016689252694118;11.385941815843667;-18.54556358123277;19.645955554034284;1
378674;28.6154450430568;13.289610774133541;56.22224439390551;0.3480092088773236;-12.86354158490546;-25.56116180664744;1
378757;31.63997885290846;15.086842619612439;31.763806541797564;0.35342947743356695;-16.081947786540038;-27.248104836914703;1
378760;26.46642067734521;12.390726449438787;26.590213048009637;0.6430628669037105;25.66867314822121;6.449080731390604;1
379134;27.410775333517208;12.92632184432766;27.61443256144823;1.0049734220707076;-19.534633876953862;19.228850295270433;1
379148;25.996454800609914;12.599898394396126;25.996454800609914;0.7175461600130317;24.241710645087466;9.389096186535069;1
379169;27.862779426651873;12.616292581496412;28.590088394004606;2.7890725291132066;-27.572763672059764;-4.009636001309359;1
379173;26.921611219845605;12.309713155294645;55.12324950142902;0.693605179184685;18.900255325136847;19.171684832511538;1
379637;26.638244452900295;12.244573806290976;26.78700006570987;27.292777429349858;-26.47364932245786;2.9566804162776616;1
379649;26.852290549017095;12.323298744346726;26.85229054901709;0.9653033312516316;-12.898117412560001;23.55173188834845;1
379689;27.41571324928038;1.293248267331216;28.334452948611972;0.4006029655143523;9.215251183235372;-25.820543731622827;1
379692;26.748560760336762;12.488945565531683;53.79804149478894;0.6091380854635031;26.05414760559705;6.055319586544482;1
380135;28.797741432007914;14.006881585600082;29.142258519790897;0.47900294548001193;-18.479574564868326;-22.086539690188157;1
380152;27.39103793378648;1.3505663559343144;27.57234696363698;0.45815781129675076;19.19122066215232;-19.54395069034682;1
380173;19.196104179508673;15.618627343607859;19.197219654963746;0.5507704965658168;11.649695426238337;-15.256966020360402;1
380177;24.093945141462065;12.356280110981983;70.01510440382825;0.8230903980202008;17.042955680059254;17.03102622179061;1
380644;26.247373749477152;12.244523238924712;76.3705360116588;0.444220504137473;11.580161897416485;-23.55471246214578;1
380658;28.66139211121457;15.043268835403458;85.23797595241345;0.5461426065338363;20.3112367132146;-20.221994484534807;1
380662;29.22102347372259;14.724602410512054;29.22102347372259;0.44990404566043013;-23.581673914397403;-17.256096553012085;1
380684;25.539357155504895;1.2312323092095996;25.68375142353487;0.7319894250334823;20.32325745524165;15.466866855456015;1
380688;26.39290349257301;11.624166412614585;54.263016789397554;11.95727013722836;-20.976821092266643;16.017438360465437;1
381128;26.67671203622117;13.393907743043231;56.48871930748448;10.442883592567561;-9.861909718387558;24.786885681138735;1
381146;27.85899724061073;13.546498001048407;55.63797446183696;28.287244067742794;-27.111048925330962;-6.412078712918853;1
381178;18.847101411485934;6.4943247190642355;31.0531520904277;0.44121137868400173;-2.4048330706657097;-18.69304709021693;1
381182;25.75419072339812;12.712513493990928;56.15055645026347;2.487405939272212;-24.5601144237734;7.751072139280067;1
381626;27.69999079386509;13.19624150489962;27.69999079386509;26.88036924220318;-27.562668674279358;-2.7547750420152695;1
381654;18.742171844695214;6.158174967781174;31.82041759087985;0.4286739765524286;1.2789303719544243;-18.698485033814332;1
381691;30.02657167270954;14.954360579540447;30.255808199601145;23.193187105642952;-26.374089456062382;14.352784112498245;1
382137;26.35048122136136;13.196475955249708;58.69771638707152;0.3962655590601336;-12.1613005477538;-23.376283485287406;1
382168;28.665998020524345;13.143142288382231;86.99305545789449;0.33007307235410227;-14.45881633561369;-24.752415491941314;1
382195;25.59003394370294;1.2952852247868587;54.027127221723724;10.1599298596852;-10.055446385640968;23.53163477587923;1
382202;27.753909853405084;12.562281739380483;83.0871725136256;15.402906421395086;-24.313845694045337;-13.38343826216151;1
382628;30.72296466664012;14.63349289223396;30.72296466664012;0.40267403026066095;-14.387296044381028;-27.146017579728987;1
382651;18.518851767684485;5.483596022449837;18.518851767684485;0.9969726067500039;-10.039689167397482;15.561250342292949;1
382677;27.00364089826531;12.886315286267218;57.61805729892319;0.38994918377943494;-21.601772896441595;-16.20370419049386;1
382680;25.723959074291894;12.831028984483597;25.723959074291894;0.6554430787087665;24.819281355529093;6.762051719036928;1
383127;26.67534935749368;13.157224048769237;26.905819542473957;0.8192435637940724;6.593314283974169;25.847678234167972;1
383139;20.096650906868973;6.3619425156852945;33.491053071488466;0.6901455765401854;-17.092822120149187;-10.56933345303743;1
383174;29.389080026140835;14.17520269236457;29.85798053691013;13.082461714906389;-23.463844799976744;17.6964971671095;1
383178;29.756241623640044;15.083839479811255;29.998214358993923;10.973642485163968;-23.118357069603892;18.734339645868065;1
383624;28.66951695637401;12.723321848823375;29.11993754981393;0.3477515046577564;-4.6791466709365315;-28.285098354852515;1
383636;30.611901416532714;14.83977163056685;30.816788298327896;11.892751237447017;-22.98731722743013;20.215631452443223;1
383657;27.655541650128114;13.829490689188335;58.02789528764167;0.3632961466648171;-10.105346744577819;-25.743172903389773;1
383672;18.34595074487139;6.421778357524072;18.39862228068459;0.5230241778744394;11.748310862642057;-14.090816179624719;1
384128;24.916875694028658;12.768294622796414;24.916875694028658;0.5823100852767856;19.9228583211739;-14.964304550031986;1
384149;29.8972882857389;15.342983456075816;89.00515516130848;0.41907198065044704;-18.33817798296469;-23.612688858020586;1
384170;27.243667984967736;13.28531049967249;27.399985617288404;0.4112398055829849;-19.894778286255853;-18.61223367078435;1
384184;30.869722610394568;15.63611847482443;30.869722610394568;0.5055924320624803;22.085663319393824;-21.56764358443193;1
384624;26.960671551322122;13.422188476544576;26.960671551322122;0.936406423468223;-12.260787692305628;24.01147425008462;1
384640;27.12383034148374;13.220891405930963;55.4099570244835;25.331585607307183;-25.815767656567296;-8.321557107640839;1
384660;25.787139924956126;12.391205195447402;25.787139924956126;0.6812506179371666;25.575835405974416;3.294423894366305;1
384664;27.96868992463306;1.2931707494410836;27.968689924633058;0.37169317783340305;-20.3466078489961;-19.19018408300038;1
384668;30.674747991604665;15.376452221765541;93.73483676009235;12.216728632051193;-23.965779324312635;19.146320422650493;1
385123;26.988973983793937;12.877440883380082;27.12626691612127;0.5762528433323808;26.9210243192631;-1.9139399937173296;1
385136;25.199792043863326;11.680175338556053;25.645534573349003;0.3210684222019787;-16.09145559206295;-19.393157968279002;1
385161;28.787015427585903;1.290954682895726;28.79760555733817;0.31546201256930556;-19.522900520791158;-21.155344773445815;1
385165;27.595766686350874;1.2813140842743824;27.595766686350874;26.613287907585654;-26.146467311014536;-8.825451045785762;1
385169;27.13307597070848;12.884028699559638;79.91440610736483;0.635046007860264;-5.38019549859869;-26.59430969265975;1
385624;25.326819899694403;12.40030623827251;25.326819899694403;0.7109186306972562;24.197632778890878;7.478126378278333;1
385635;28.375375721943104;12.789666237194192;28.64059729727351;0.4695182802232772;15.554638800353842;-23.732154540874813;1
385665;25.22887573049258;1.2396829081938545;25.453648814084914;0.6118263628239641;24.024624143441912;-7.701532665059949;1
385669;25.368056968539378;12.604990365906735;25.368056968539378;0.843425404578922;15.19371984625559;20.314753052709214;1
386160;28.7511864582999;12.84290250525566;28.78040839510104;0.3748428951993068;-17.939585238623355;-22.467799274207845;1
386192;29.821912242992113;15.204166724550815;30.210553872790904;0.46967970851662244;-7.752186515776646;-28.796702138497277;1
386237;27.0305415079238;12.235058434817375;27.0305415079238;0.6082225121349084;25.39124392652265;9.27010820192613;1
386643;28.760835578404546;14.361845781453573;29.38786684406561;1.0032015257557316;-18.285633420444164;22.19957822980329;1
386661;26.302912382910094;12.476036236759423;26.302912382910094;0.7926907711258753;6.588551054157207;25.464371086477065;1
386689;26.45867978695946;12.99318923276648;26.45867978695946;2.574555914565913;-24.49126484165741;10.011976953861444;1
386696;26.88590855241734;12.474146208051067;27.442126644058952;0.8062252179754961;9.713606708109733;25.069860857394353;1
387125;18.474246899574727;6.05055662877942;18.642985538186654;0.8902087087593894;-7.893194706321228;16.70315167369766;1
387136;25.943432127627187;12.908596846523167;55.468951435612496;0.6789003661984955;25.92003649964002;1.1015345741862648;1
387160;29.439705787034114;15.084807588885862;89.17762337579892;0.46237333498961897;-10.524456668239056;-27.494219186321484;1
387167;26.265113826480004;12.976954822198875;26.265113826480004;0.46436694112234866;5.576138450524988;-25.666376532314175;1
387623;27.438401365947524;13.642696431938493;27.43840136594752;2.378133370033917;-22.957046298190136;15.027970414583116;1
387637;24.044649554224023;1.1774591471977869;24.044649554224023;11.14075335235986;-10.193632968544593;21.7769377803227;1
387669;28.64161702146337;1.464512648915687;28.64161702146337;0.9403134611923981;13.600065418952553;25.20675397992354;1
388141;26.320361175311575;12.592059116628072;26.77604826529596;0.42900914726845196;-22.046938998906942;-14.376852686778324;1
388151;27.256721219518102;12.23110395282903;28.228581406606388;0.7474320139332438;11.023929912532004;24.92793254407815;1
388183;27.474505287073647;12.725456071592296;27.474505287073647;0.36890027502974804;-5.239350605643362;-26.970310454286253;1
388633;26.991680016456495;11.731785404393687;54.197804412767276;0.5986063369853398;26.978320089664038;-0.8491379454521848;1
388654;27.079713456221118;12.864183866596093;27.807805119902547;0.6585697255746835;26.371087495493317;6.154398847660027;1
388673;28.22188000926331;1.2864548045457682;28.37762093979731;18.09262322726648;-24.799744519840846;13.470233220248263;1
388691;28.277382113516467;12.122560120903575;83.01387365476292;1.9889767014601654;-25.219137509786513;12.790834314316632;1
389143;31.658976025438655;14.480630898243719;31.658976025438655;0.3667051403203211;-17.822662543032685;-26.165692478061406;1
389162;27.985612253629114;12.862042992831084;28.069488255229338;19.818421059214444;-24.69764236652552;13.161343196865573;1
389183;27.871355516845092;12.572181320679093;27.871355516845092;2.106529271373679;-25.630716707641756;-10.94891864062315;1
389186;28.57249356961957;12.319658653861298;28.905609421572443;28.297359463203197;-28.571390323687194;0.2510851597873328;1
389640;26.914615112640824;12.718938141607298;27.39186586818272;0.8080332128579962;-1.4259456934276242;26.876815018543194;1
389651;32.14756237536411;14.481338710531805;32.6393936668819;0.3619187511276475;-19.935506827065847;-25.219859916857928;1
389677;18.991595430891778;5.806759999796941;18.991595430891778;0.5086453840743728;10.490057436289902;-15.83159473944455;1
390135;30.042535498366917;14.885486576640371;30.1108137589401;0.4153442249860914;-18.022762305696276;-24.036097396270673;1
390153;25.455582724068986;12.250631933111332;55.28673952223212;0.8768235949179625;5.583415564564242;24.835703381529203;1
390176;27.085815503757768;12.329199663315162;54.737162229981394;0.9407715220873232;-19.71685154177786;18.571138004524567;1
390185;27.911707469320053;1.279996502544179;55.86974460630741;0.8936405406004703;-14.711148091010587;23.720150414726557;1
390637;19.422904610454285;5.919968406851726;31.009535184366413;2.8346991933818453;-18.9913820728906;-4.071440834433893;1
390649;19.777170953055826;5.562407971517971;19.777170953055826;0.4186411429809857;-15.95196795971257;-11.690646223314547;1
390671;25.89152853424508;12.151171700122601;77.62404519069966;0.5633427491043984;25.831841690457676;-1.7570443132601505;1
390676;24.78561084792951;12.173316186683056;24.78561084792951;0.5263329714362623;-12.641112631998395;-21.319680497843574;1
391147;26.708272562787187;12.547738820007321;79.66026087722707;0.4346228890966638;-11.143648191080706;-24.272431445604177;1
391161;30.979791176820825;1.4279711435065692;60.141233815539145;15.51527818610055;-26.242215008853485;16.464920673617907;1
391186;26.364907056682505;12.485129303041557;81.60377844796449;0.9245107872453335;-2.2065936854599175;26.272405074807967;1
391644;26.75963808285974;11.66715779490815;51.2825187526284;0.47255595938411854;8.783033216579131;-25.277194421891544;1
391663;26.27248330982194;11.817327109947446;49.98711046273638;26.966149631418812;-26.27182445050861;0.18606264141492446;1
391696;25.65729117444285;11.948162450950111;25.65729117444285;0.434401893182776;-14.260144977388881;-21.329436364657965;1
392131;27.907063226597604;12.721706509956098;28.16266181804014;0.4514254379426064;-8.191419708493273;-26.677796406236858;1
392145;25.115476015227642;11.614413960550241;49.45448927097997;0.5640028599267018;22.00875513504799;-12.099662510870857;1
392184;29.046546464144544;13.766315549646682;29.3515359412196;26.332253623694115;-27.78916630022165;8.453644056401561;1
392627;26.067303347383362;1.286172518621662;54.21598719129538;0.7799018089664772;24.40784948395058;9.152113819949857;1
392647;30.031901099782456;13.385809686469853;30.031901099782456;0.40652487278601196;-11.239625654459507;-27.849342879406155;1
392683;17.965143103345238;4.887220041158088;29.269442297575296;0.675503532103377;15.454266600374343;9.16034991516301;1
392687;29.38485944057388;13.484208867352985;58.66090822686205;0.5112967151723075;18.316761019098582;-22.977515751523587;1
393128;28.919309570928615;14.081873791860241;28.919309570928615;0.5105927253428826;9.225146244292754;-27.408450208477944;1
393142;28.910090276726407;12.773665976027786;30.244937756613066;0.6275255577303674;27.846756394612804;7.768621377539368;1
393161;25.97984739487084;11.457309625995773;26.521288510405256;0.5750127571598427;24.905119557390115;-7.395099086075967;1
393165;26.0192479149585;11.835496982211284;26.1796197594419;0.8498648874325766;5.2938000644506165;25.475025867262527;1
393635;30.52641288751512;1.3954034887615396;30.719800424514865;0.4607040608667119;4.493232198608772;-30.193919059778157;1
393652;30.098660662605308;13.37431925156556;30.098660662605308;0.4150739951771974;-24.285888820477446;-17.779903764702237;1
393671;29.97057602033734;13.611799140585557;59.6455141488096;0.46132207150743726;7.899279473448204;-28.91084244347057;1
393676;26.25371102485618;11.734322338710648;53.87948928925761;0.8511179969172165;7.839704715619672;25.05586503293282;1
394124;28.874492465713352;1.28958119223307;28.874492465713352;0.5036557597344028;-1.4211026999853043;-28.839500381744333;1
394147;27.793341932072014;13.860813601184486;27.793341932072018;0.7692682950158098;17.973668633680397;21.199459700655723;1
394151;28.83471793139209;13.484074131050255;28.834717931392085;268.825719737522;-28.573776027800474;-3.870436886972757;1
394182;27.387361326129803;1.3025108150771312;27.957095814206095;10.048631460838791;-11.262045567203991;24.964652812530986;1
394628;24.57025827438827;10.935282122188237;24.59239957451215;0.7336573881355024;17.245707418242553;17.50094761190145;1
394640;25.42555317183304;11.594958991124562;25.42555317183304;0.8943166552858279;-4.111469497698783;25.090926102143015;1
394684;28.47068736176481;13.570644543187834;56.73007219341476;2.608328957940605;-28.207976397941454;-3.858770061111741;1
394688;28.85359623548877;1.3598430685645526;56.707600976409026;27.245632958023073;-27.0591735780613;-10.016543365500938;1
395122;27.674501877391087;13.696707736986962;27.674501877391084;0.7008294685029092;27.63133695860024;1.5450799468037766;1
395147;29.221290884339624;12.738633437163251;29.516743862958098;2.4993471600366695;-26.870098670312753;11.483973110158644;1
395177;26.46190607510038;1.1789568003730087;49.37796192454674;0.9315862984661294;-14.107778709534742;22.38756469583578;1
395180;28.04302775574833;13.535231047414385;28.071670273038205;0.7895516339949098;20.28251416505503;19.36571777275537;1
395624;29.05999985721184;1.3717126823583512;29.15062959351094;0.8941695053336719;-1.9389574957294498;28.995241601526736;1
395636;31.523893771490616;14.214755911393159;31.52389377149062;0.35644026163763737;-26.994172772784996;-16.28098629780328;1
395663;25.891772626376707;12.509010389383494;25.891772626376707;0.3785787566997318;-10.709616138745355;-23.57303569540239;1
395667;25.387732127551136;11.351202021902916;25.53619276806752;23.353465179700244;-22.782904568766433;-11.201616043713232;1
396122;25.09821502914666;11.641744703731073;52.21335438244056;0.7189033858268591;22.844501099836215;10.39467013179665;1
396138;28.467403460195495;1.4370145647838755;28.544641603887953;0.6384970744852706;27.66886993476461;-6.6952741765090895;1
396168;26.782636795732184;11.721203358268722;27.144985996564476;0.5405787709855343;25.908714477886235;-6.785878560324801;1
396173;26.851726990049038;12.111663723663261;26.851726990049038;26.371233537583286;-25.055928783277466;-9.654826521251213;1
396653;29.19150366976279;1.3780080042568077;88.9058099631242;2.2863153518790718;-25.559315493732655;14.101960076301884;1
396703;25.816321389747284;12.370501601794627;49.304758419937215;0.5175872500255152;15.114108686832688;-20.92955252033191;1
396750;26.927365248020816;1.1958095630526042;27.02567433760865;0.5527659628347446;26.2927839050751;-5.811412368894751;1
397134;26.72352975102317;1.2275591870572427;26.72352975102317;15.845601961619538;-22.696141106794357;-14.107877984101647;1
397152;30.167686315557123;13.842735920801653;58.52161831151418;0.5748810756893856;27.099582526794805;-13.255260257999097;1
397171;26.32761669468153;11.947266243737198;27.052024586494696;0.6681622833660632;25.754295249063507;5.464400886294727;1
397175;28.51731900651853;13.333960496448645;29.132557319311406;0.9177774429048097;-1.0634629509933342;28.497482869043147;1
397634;19.406098643161;6.548261860209683;58.468717224931915;0.5303208103812247;3.5870626866006936;-19.071697507838472;1
397652;25.686538388508886;11.995069931360607;25.686538388508886;0.9640549507069918;-0.17322782382104762;25.685954265033544;1
397671;26.22039623869061;12.8510948892007;26.477776086342278;0.6512890718545492;24.778767077906497;-8.574490131360454;1
397675;26.935752213402804;13.729861834710842;26.935752213402804;0.5547635081208317;19.83665408439115;-18.222016958559827;1
398139;29.578933007098176;13.425893955573013;60.701754239119545;0.394705332452375;-1.6278504893046466;-29.534105380438945;1
398157;28.30182709277715;13.502472992814027;28.30182709277715;22.122402967287034;-25.949561928154687;11.296621288080765;1
398178;28.276313802211273;13.403642351013076;57.77163408803796;25.952347539043632;-26.401206056351107;10.125524233895911;1
398182;29.468703682445895;1.323763660033746;29.94130867139694;0.3941147241832696;-6.05575501788896;-28.839769900037567;1
398193;28.357689716603353;14.253588930611347;86.59449280481343;0.52882284923723;23.43125164708596;-15.972946262793316;1
398623;28.42656529215031;12.915423981166672;28.42656529215031;24.096402319405684;-26.130218974086958;-11.19291162634418;1
398638;26.881396819000084;12.309892715132298;26.881396819000084;0.5670739825267395;23.185198016787233;-13.603532183330664;1
398677;27.086888550397724;22.68775910478587;27.65984133869392;0.5002512969437083;12.630957188774024;-23.961603699189773;1
399134;28.54013968895245;13.130871902934256;28.54013968895245;0.42680939026214765;-23.193461519618133;-16.63138347230656;1
399149;28.70222803769654;13.824789832170255;87.06664507869714;0.4067430163526846;-19.031343231560932;-21.48548042587024;1
399153;27.644429717968634;13.52250792954812;65.61998948287544;0.5494799129769083;22.269601370720373;-16.3792353063541;1
399184;27.282375042299577;12.957369629894194;28.151487504017535;0.8899217724417064;6.769253422598947;26.42924887410392;1
399626;25.235419626919366;12.204643021429609;25.566216827397227;0.5328990301807589;14.4924961061193;-20.658992239720313;1
399660;25.61895237562514;11.6648719727026;25.618952375625142;0.7400293213329375;15.522620651181336;20.38084809187458;1
399665;26.17309156142504;12.34907294794801;50.87381330347924;0.4266211163866272;-4.065554351363971;-25.85540542514938;1
399689;25.851461627190446;11.764736784334156;49.88943973489475;261.8860061564843;-24.27921079557987;-8.877949729858683;1
399695;26.897190924155108;1.3132649902294742;27.02214925298024;0.7668712065286739;22.173078257268145;15.225422168449537;1
399829;22.433599055036844;12.805781223812344;22.433599055036844;26.183235134750962;-22.430117975680073;-0.3951887640402269;1
399855;27.898231354203272;13.647204006429604;54.72699740445628;0.701227030001914;24.407473152248933;13.512459695218261;1
399884;25.14166816031949;12.987459101475357;25.14166816031949;0.6219346230336374;13.617493806687166;-21.134505915882194;1
399923;25.119861297066343;12.450385972224604;52.89087540063398;0.5520690958366623;19.924044755505818;-15.298361747731443;1
399934;27.105149322486717;13.471450717656188;28.249918279968245;0.6871970382887594;24.62012630688041;11.337482102634484;1
399961;29.368024030044253;15.1814476617825;60.63233715215853;0.9607593989961006;-11.639031513565168;26.96319307603411;1
399974;25.302662105110173;12.185274051981878;51.47150808866884;0.5248909442196739;12.121746994767221;-22.210086884121598;1
399990;25.38003425919274;12.042369044789547;75.78044930135087;0.49526823917156576;11.025657555940692;-22.86003093735713;1
399994;17.61750502981886;14.52106250062921;33.628364345262646;0.4861059315656705;-10.609428918600402;-14.064725432686497;1
400224;27.336814062792055;12.54021446094194;83.02097353335368;0.53923859344168;24.07671326170538;-12.946554816524966;1
400429;26.986596480624844;12.789057651211953;26.986596480624844;13.155786889303851;-23.51043929338526;13.248986143857183;1
400481;23.767925709815945;11.157678956017953;23.767925709815945;0.9003970435969905;-2.7447277765021116;23.60891276573802;1
400496;27.093309284316906;12.193051611756413;27.093309284316906;0.6755236899864381;24.98612364032167;10.47573545896474;1
400500;27.936271299021538;1.2360101616738373;28.05455048423561;0.8422099628303906;-16.18565539697562;22.76971263461374;1
400535;27.388542313164198;12.408421796976356;27.830051850961453;0.9741272192496037;-15.944427150297846;22.268980508519707;1
400935;26.593549820113342;1.2330884276138723;27.40553999448398;0.6541802875295611;23.994196150200846;11.467146250943921;1
400947;26.40375060651937;12.156498797330105;55.12494249965318;0.4502839812247166;8.119927932161376;-25.124187876780763;1
400951;25.812443963598618;12.095810580315339;49.56848407603146;2.8637358849287553;-25.789071298396806;1.0982098798157058;1
400985;26.60782134636223;12.304175657776938;26.607821346362233;10.872258725302583;-19.970687673901658;17.58259908635245;1
401434;25.55660689329487;12.883532283354008;25.55660689329487;26.34271634565357;-24.236266516043532;8.108239097468328;1
401453;29.30922418910453;13.895948538026161;29.30922418910453;0.6287385915349075;29.007434014355816;-4.195163223282651;1
401478;25.438998851238942;12.155608392930743;25.438998851238942;1.0088495568146203;-1.5094238924206307;25.394178507412402;1
401493;17.21718908246838;5.8308139499198415;30.873937975695203;0.6902632560592182;17.208051595726406;0.5608566486065952;1
401942;13.377639404166127;1.423484311938903;13.619014637214043;13.267880709855934;3.6458868547782717;12.871237122749827;1
401960;7.432412768520837;5.854125116806288;7.453802044541828;12.82183066080731;6.8213347978954415;2.9512965179209516;1
401985;6.51859245474833;0.7237670626052249;6.545541322389668;19.465038871832977;0.725788451029659;6.478061339278428;1
402439;6.1707604305776655;4.7379331297118386;18.655759107067592;14.385728475981862;1.692667116898517;5.934067940540748;1
402458;7.722108668090201;6.218570379861087;22.989073571005964;10.999198856812319;1.8294194721103774;-7.502278765605635;1
402463;5.39716107264526;4.407133630886134;15.721669418802708;12.939484278252307;1.0821892121427585;-5.287552756540513;1
402496;8.908745344304432;6.917847403503423;8.93274714285669;22.29922839166528;-6.616005836518305;-5.966088365153639;1
402500;6.778883369274733;5.566386018921302;20.071678287960705;19.858329114015643;-3.3821979737683625;5.874861411171054;1
402959;21.636341796487972;16.490635081463385;21.941705276051437;0.8076477073573356;-5.560609404052662;-20.909588934027695;1
402990;9.645511800822423;6.993921848452454;9.645511800822423;11.539369378418964;9.635098114334035;-0.44808729837089734;1
403014;11.727786170186597;7.373004446912913;11.727786170186597;20.425154280959266;-3.27624327198586;11.260870236193444;1
403035;20.222068248184947;15.96236130752717;20.222068248184947;10.946369631238024;11.350704660225256;16.73599557691715;1
403446;9.31200786710303;7.540493568133299;9.31200786710303;12.25715722800225;7.47225532707607;5.556877796386388;1
403466;16.860557457597423;13.424143339528326;16.860557457597423;22.185439730332924;-16.177152225923326;4.751646413638965;1
403495;13.262457639232112;8.349605378024567;33.35381664262992;24.328159626379108;-13.251859388065064;-0.5300994165041256;1
403955;21.315324529709446;1.6088347482932341;21.940721252922003;23.308852122894255;-17.990311543514355;11.4320492639827;1
403965;10.434216497545188;7.447943024006686;31.090563954475527;22.577000011557303;-6.003817252009938;8.533876746362816;1
403990;12.622739862327334;9.861883552078089;12.622739862327332;23.449220342939487;-9.1441918019775;8.701569853804251;1
404003;11.730893038859818;8.041167686810743;11.730893038859818;0.8399761102848601;-6.322287228480784;-9.881423768352338;1
404460;11.200991500793757;7.090173681815231;29.399907007724952;23.216779793525898;-5.233022806004786;9.903417738977176;1
404477;11.941765489543041;7.681906965128381;12.097268220403615;0.9477480118996366;9.280077887697441;-7.5157113705563585;1
404481;12.070914399596571;9.461675811108005;12.070914399596571;2.2818263276699167;-12.054219027921322;0.634647988484476;1
404510;11.959824768860853;7.525285136169502;35.841469885939254;0.9176249624391547;8.821257593542622;-8.076064819590306;1
404949;12.327410868902957;8.190273463000134;12.39753585867784;0.9403596119907374;6.200798824442173;-10.654349002615943;1
404978;10.902563796325001;7.391519190592239;32.00108478458567;10.037677366352035;10.867299329166327;0.876186408955142;1
405027;19.078161701341735;15.623476938646887;19.199379090468316;0.8580535314897616;-7.598035405406198;-17.499888910525588;1
405449;12.559758497746223;6.814508648312408;12.559758497746223;240.6098781584626;-8.778540782084123;8.98246932969962;1
405462;11.150783848904124;8.15795871708288;11.393826704313135;2.3339587749141324;-9.45470947601133;5.911721337242028;1
405491;22.41963410275502;17.339233035995985;22.41963410275502;0.774407568014518;-6.055771246434645;-21.586283327897632;1
405495;13.524248679229034;7.349677193408698;32.08862461617158;0.7479607625702841;2.6881463308177804;-13.25440197224074;1
405946;11.929856143210653;6.548309333667741;11.929856143210653;1.0566510380700278;7.327053652127559;9.4146562537644;1
405966;12.905669468685709;7.91878908528294;12.94282391634726;0.7813835562879119;4.154949198784766;-12.218539257639772;1
405970;19.770230018214964;1.4983867592196836;59.0895306717377;10.914707606784983;-0.07487708190907344;19.770088224277927;1
406002;10.733829927992229;7.0372179298869115;30.219381891152853;10.278182180675783;9.695968158234718;4.604704811120915;1
406007;18.161466010928134;14.366328363347348;54.0891020837155;22.83232349468488;-17.42958226752114;5.1037740590479155;1
406453;12.032447914880354;6.731663247247183;12.032447914880354;1.133200891125118;0.2891067135518096;12.028974192859833;1
406473;14.043468377320254;8.417648511815878;36.62893477743658;0.8540644597917602;7.736531516439345;-11.720285156937724;1
406505;12.831511846088947;7.410112617752711;13.093111515103493;0.8733995125333427;5.00616958202634;-11.814650327974807;1
406516;17.669332053138685;14.239944487799397;17.844685094512695;2.212476409033131;-17.09052699342647;4.485441147873345;1
406947;13.232525856363267;10.532757337969803;13.280724946330535;0.9783643055860484;13.196175404317591;-0.9801506199589347;1
406965;12.5531793495829;7.879725845390773;34.40683368814042;0.859293806894334;2.7933955168793174;-12.238433448324711;1
406986;21.13827562153927;1.5845006021611197;21.64104563614077;10.315735904396055;5.638429829259907;20.372403032354175;1
406990;12.076896657596214;7.120071298791407;12.076896657596214;10.475071241612747;7.515614595212598;9.453410502801937;1
406994;13.676685851834128;7.442108178734711;13.676685851834128;2.1249904179421426;-11.573662595141556;-7.287116715380714;1
407446;11.708136264690754;9.522618174214951;11.798542913331113;0.9905838718430102;11.257763533546283;3.2160869104118204;1
407459;10.317962139080434;8.205413186856727;30.79102822533889;2.279505528010704;-10.316375464262542;0.1809419350485241;1
407462;11.016901307723227;8.594644326988215;32.78088019459038;10.825717589825606;1.5382741848972115;-10.908979189465557;1
407496;10.504302536468373;6.906783248374863;30.0051728016482;10.369231617434066;9.780415197073701;3.8319512458414304;1
407950;13.416523853043152;6.812958001294933;32.23578969243687;2.4665661231642635;-13.233943840987639;-2.205865524654938;1
407971;11.695848323441;6.886656515904729;11.75439181088169;21.936170985067697;-5.848821498181057;10.128383636462075;1
407994;11.64754740409395;9.227939064217638;32.83615327940336;10.64053408990376;-8.087920643992572;-8.381581007607963;1
408460;11.694689491198544;9.39563025895497;11.694689491198544;1.172578186012459;9.506068546853875;6.811785601299053;1
408471;11.930973216702009;6.960010644719677;11.930973216702009;22.99991307372256;-11.861031966551044;-1.289977746364234;1
408476;11.403908129368583;8.246698620875083;11.527883932752253;2.250898459849701;-11.40117323515257;-0.24973883382353546;1
408503;20.06016919940121;15.228916849585737;20.25489012100033;24.670803949905167;-20.05634780958682;-0.3915365238222938;1
408506;11.59676923685299;6.900612430911075;11.59676923685299;0.999750050874389;8.813664989837045;7.536867132949913;1
408945;12.311114623198742;7.243457709594641;12.734228067104466;0.8736867903180436;5.110483101577628;-11.200290430789169;1
408967;13.229445146578353;7.2975432436888195;32.68778988234529;2.3409896868376974;-12.81469081966738;-3.286627159058071;1
408997;9.134400675824377;6.226366577930526;9.134400675824377;11.757764577514163;5.330028063520347;7.418091166101046;1
409442;23.076414071824637;15.026291934330771;23.076414071824637;0.9460629692727719;10.741384908525838;20.424092064549637;1
409450;14.168467306468882;7.365888601757914;14.451097778006922;18.494919576201255;-11.253396420522053;-8.608515250440057;1
409481;25.378905986354525;16.89630554372529;25.511999690645307;10.279938223008907;7.822731817752956;24.143192331830043;1
409484;13.397752899051557;6.024105264109514;13.397752899051557;24.958701318216658;-11.92260061218668;-6.111577323926306;1
409946;24.01055453175153;1.5941077838412305;24.01055453175153;0.7127709984070518;-9.976495978833816;-21.839786100292436;1
409959;21.802962634477545;15.467817378833685;21.853835339562064;10.657943658870426;5.209942518330669;21.17134097302564;1
409992;21.893113961556587;1.6892264414203055;21.93446231943481;0.9116070487454824;20.659009610224967;-7.24663790031877;1
409996;12.845761923462561;7.643619755084366;13.029861392399107;0.9963672418295865;12.014446041041266;4.54606266137945;1
410450;14.554992083072113;7.767926334746129;14.565494813991732;0.7708830171437879;3.219777293206016;-14.194394270994689;1
410465;16.362536453777054;7.799027115803757;16.362536453777054;22.127469553476637;-14.244727024003007;-8.051108694634634;1
410484;24.054550885566176;15.24367329179042;24.328896066196954;0.6661322075415915;-9.441290814464482;-22.124272780432833;1
410490;22.341519576287407;15.14821249350953;22.341519576287407;0.6855545183389056;-8.183142063306029;-20.78893174141916;1
410965;14.806792026125391;6.806664523050904;14.806792026125391;15.884040700944983;-12.769096259137537;-7.49608369949337;1
410979;26.232642095415734;17.207973526422045;26.232642095415734;0.6434093813277177;-6.962871571949704;-25.291696874245353;1
411026;24.304525549117248;14.18126050674588;24.30452554911725;22.267825424270058;-17.990651963689086;16.341554518744633;1
411452;15.3105517748385;8.07014750376223;35.929232946745195;11.523982215722322;-6.223463020215894;13.988620506898299;1
411474;18.48479542516243;8.092151612514382;18.484795425162428;0.5095087387649004;9.694417650118648;-15.73867619385995;1
411478;25.950485147373097;16.53547993707342;25.950485147373097;0.7782555421948764;23.668920561035183;-10.640013104288816;1
411502;16.934586481688704;7.58556932295654;49.64102583539095;10.037060507436232;-5.636289600631926;15.96910951943164;1
411508;23.225725540357885;14.637518677698244;23.409983907405323;0.564125530791963;-13.527306388781906;-18.879785717535377;1
411947;17.13375019088519;13.516309599575111;17.13375019088519;0.6260571642763652;-0.39536025617486564;-17.129188126455254;1
411967;22.196094356790834;1.448114714013244;22.367634040220214;2.317506515687929;-15.623382539188773;15.766309737212866;1
411994;16.57420972267766;7.902825802810023;36.328939942716765;25.22922194740334;-16.240512796814855;3.30910441476175;1
412446;15.114485236708676;12.03409414201066;15.29781969263156;0.6964709471558738;10.33386545355716;-11.029908828202634;1
412460;13.786161161237459;11.144136402631228;13.78616116123746;1.1751483473716602;-1.9605143208045737;13.646047895326044;1
412485;14.257633667732154;6.9482890114919025;14.261141561151195;0.9082132267755652;11.635792346720121;8.239445021799641;1
412493;23.42384136965727;15.0559108637496;23.42384136965727;0.6955900625206278;20.75586255131263;-10.856818791058704;1
412497;15.54727116090924;7.183219095063406;15.54727116090924;1.487279668288005;-13.752319975051787;-7.251988406956522;1
412959;15.16578468058964;12.039630818867115;15.542413018482353;0.6874930526721141;14.967017818057679;2.4473256039912936;1
412987;16.645365666984702;13.299752605940554;16.645365666984702;11.197119623829206;-3.3712331828280657;16.300398308465716;1
413011;25.1280277537308;1.551170028649464;25.371020696313145;24.414475127930597;-23.314812754386644;9.372154769323613;1
413015;16.46434378420353;6.7048923894777435;16.46434378420353;26.598967506295764;-16.016088039142787;3.815696550679672;1
413019;15.877019690550075;6.149835920506473;15.952178376446003;0.784948856045678;12.30567443908121;10.032453879956694;1
413460;26.315725353895584;15.217380953795574;78.1754727408662;0.47055910721960775;-13.791435230763131;-22.412356305782048;1
413519;18.190707670669187;7.358109657634982;18.251607310654645;0.4627119273481487;-5.045435230978915;-17.47699713594242;1
413556;27.973661151515948;1.4421956245816847;28.02873793346709;0.6028404720849381;25.71803098605229;-11.004935275606432;1
413559;18.32110807226624;6.268745612748679;18.32110807226624;18.347022783828486;-16.53020562168553;-7.900335632139651;1
413946;17.027270087694138;6.908899012052592;34.48401570598101;27.891103252289707;-16.04043251229957;-5.712482075039401;1
413961;27.489349561292265;14.436337559388942;28.173406367609967;0.864473783151988;10.377092219399279;25.45545710398857;1
413991;16.26495541496293;6.638977507691;16.42251732767518;0.7798875093826052;15.535604915695929;4.815989467818268;1
413995;16.546209431360637;6.505592584298714;16.831979287968338;0.7021191857512448;16.439579466745826;-1.8754395492781597;1
414442;16.86792087630189;6.274146993494704;17.210820921043716;0.8860700577733127;-2.9184357812816715;16.613533256947964;1
414462;26.33942257189164;14.034225627498865;26.549034377812482;0.9139674350816372;8.765061944359264;24.838254176415454;1
414484;16.278490581663213;6.572592552125442;16.278490581663213;0.5108201474949157;-12.708338046881961;-10.17287568504945;1
414943;24.988359784089894;14.945708594763015;25.12811563629576;0.9929985880325826;10.906172172660046;22.48273856182598;1
414965;13.439781179624843;11.046016398299003;28.69110667149184;0.9418716588763237;9.824914054506708;9.170538805204124;1
414989;17.585669413072218;6.469931607450317;17.638781461289685;2.718323360694313;-17.400306219263346;2.5465883416306365;1
415443;15.612603633180138;6.663400858534969;15.731212080124724;0.7580866682842449;14.289618646920289;6.2896892715282515;1
415458;14.583403295290037;5.513949809993734;28.33967470882996;0.8082686401241831;12.931499557421027;6.741807685591165;1
415497;28.2186779593752;14.879166502951072;28.2186779593752;0.625165424418941;23.12872649859389;-16.166502291100837;1
415501;16.17284286626696;12.613223922716221;31.627625085427113;0.7193379804604112;16.172652058662795;-0.07856059057926285;1
415945;16.526206336529114;6.719966771876849;16.57087473004966;0.6307614980976136;9.131108420482922;-13.774554616789645;1
415958;17.344735470907608;6.585721606137132;17.375445683103578;1.002498644595391;1.8770686066871176;17.242866989034923;1
415981;17.62781483109834;6.348226343027745;18.211468061223265;0.512118139774817;2.590386763971497;-17.436448954203144;1
415985;14.909593657605678;5.886056710056707;15.00262793714514;19.71989775960101;-9.688342992482658;11.332783995776484;1
416341;16.349573310927223;6.46431704773686;16.601593818395152;0.9130718969140025;-2.7891102301467967;16.109916560102793;1
416443;24.667022491865545;14.529819190815635;24.896101133328727;0.9509241047792164;11.199493228469;21.978019702413537;1
416470;29.449224932752276;15.887106654654607;29.449224932752276;0.47527636336920126;-19.99352696685745;-21.622112028323745;1
416495;16.017175098802813;6.110918337758438;16.196262081348355;0.6376827119323923;12.246665485841229;-10.323230241722507;1
416506;16.70029729013222;13.024437442737716;16.827093157078973;1.180163832604402;-10.822373193589133;12.719126072080618;1
416937;16.59746489005215;5.965271538916838;16.748265976279637;11.617234845089943;-8.978331086273643;13.959420177133657;1
416960;17.287263944716663;6.48411835949417;17.287263944716663;2.5977713873183066;-17.230111634813547;-1.4045453877193064;1
416982;24.9089039988199;14.711429334435957;25.382370878784837;0.9323656097181556;14.449113907232494;20.289815319964013;1
417436;28.04246613841618;1.5588582056737603;28.742633558871287;0.5093791922595481;-9.31458534774281;-26.450300696283833;1
417448;27.747768917964155;15.19833723180797;27.94618975268626;0.6223443373417515;26.5701860176462;-7.997743113680014;1
417468;15.651525047937575;12.630708031785472;29.91149687061428;2.662999484255387;-15.637378045694856;-0.6653150999622778;1
417472;14.715075387921265;5.747214110336489;14.910462470273501;0.6064631731310305;6.9752424933028605;-12.956829698341654;1
417941;24.828409621784523;14.2896285607373;24.828409621784523;0.9227514010857834;8.261395098348496;23.41365574565633;1
417955;24.83934307752381;12.919849803160432;24.839343077523807;0.4508723618664791;-7.194848425609376;-23.774505686878882;1
417984;17.38942242371272;6.329031772848409;32.64922280414104;2.446677560599621;-17.191979171524952;-2.6130182540837756;1
417989;17.045877766432362;6.581144223034729;17.22773591524903;26.050719405577325;-16.747107926946644;3.1774714650731366;1
418440;24.558906642312124;15.050134212505206;24.730583074941194;0.7697038777520714;22.21988972408946;-10.460229257291937;1
418453;26.90960257586054;14.690370165972649;27.589888994358727;0.9376503464011279;15.028329622064211;22.32209711387681;1
418488;27.581695407234104;14.629230546254666;27.788559022276576;0.8669612283139541;10.203035231478042;25.62514377720946;1
418499;26.120087576635623;14.39421536096128;26.120087576635623;2.5759954366941775;-24.60730089320964;8.760120876001581;1
418944;26.779659204523533;1.4993018763234673;26.986074303423088;0.8499097543253071;15.077300776805066;22.131993773634026;1
418964;27.632377671555883;14.72886485766935;27.848510644348696;0.49991608287061956;-18.267013325843614;-20.733174381578717;1
418984;17.76370595052181;6.794812353697531;17.76370595052181;0.5636123874158243;10.147791165231068;-14.57983482634362;1
418988;27.505907468404065;15.914804132710389;27.777628695654364;27.025525146284824;-26.21881680742877;8.315563172683923;1
418991;27.74179478399681;14.763327108565887;28.053375579136162;2.5091091207146925;-24.85028689920604;12.331683537317248;1
419438;15.245539036355607;6.362671179639177;45.86696432062648;10.741961714106122;-1.2203001349061722;15.19662225923217;1
419460;25.628310067581985;14.459988530488088;25.628310067581985;0.6354853818339612;18.559353209417182;-17.67372867756604;1
419492;27.076743779294006;14.532260865087073;27.076743779294006;2.6442566283333946;-26.90798135545205;3.0183758984231015;1
419936;15.175081906293086;6.16240698789886;15.307703530720438;0.7708294234772141;14.98704783993724;2.381492789436128;1
419951;16.798146448216066;6.453947719676579;32.6704786893002;0.7359040652522806;16.682730831605515;-1.965760945769556;1
420005;17.298895181625426;6.000772578485836;17.43210746435239;0.7476100810942442;13.12790757172278;11.265425748420123;1
420434;14.696131887002892;11.860184538047825;30.73037073045825;0.8255170246254934;14.337825248520081;3.225377432655477;1
420449;27.102353088388323;1.4886884277560564;27.4824652355918;0.5520428220057058;-13.503672877882172;-23.498688510953574;1
420472;23.080064287408337;12.536864810604825;23.660675300809057;0.5435718753599753;-7.142527920921857;-21.947065006732753;1
420948;17.822026681548703;13.737115722375714;33.75701218331876;0.5136059307214453;2.074195557973137;-17.700913756784377;1
420959;17.00654831710159;6.413943844437884;33.24122716678148;2.7985312628501995;-16.982963057759406;-0.8953498984700117;1
420983;22.41128342485058;11.943269061514346;22.48934003995647;0.6028685288754563;10.44625905446968;-19.8277910145304;1
421435;16.469036971981605;6.521593339137053;16.469036971981605;1.9389087443483433;-14.108817619737577;-8.495318955606056;1
421458;26.79934893834381;14.42101867205382;27.03640130452058;0.6030868449492406;21.2957058070149;-16.26954263955141;1
421487;16.281794288997506;13.115950346199218;16.367214114764554;0.6408413716007056;6.602585282039533;-14.882966534351501;1
421491;16.416245964819343;6.143262769770262;16.416245964819343;0.6853895361184674;16.375692865031283;1.1531759482450306;1
421495;15.79249594329025;12.36917670295843;47.90610108313234;0.6153000970260214;0.9666869907034096;-15.762881855195255;1
421950;25.804586939241172;15.268689564692828;77.06524587825217;24.777055563695487;-22.325063581632033;12.940952174432267;1
421972;24.765104213437624;13.99431557188895;73.03588150652932;0.6870123543547597;22.721089405274547;-9.852029381804877;1
422004;17.78141857194215;6.544365572691851;17.78141857194215;26.40326829567409;-17.721284275715874;1.4611399829840137;1
422481;26.165796951807607;13.389281061995131;26.655922497060185;0.6186271318701599;24.06057120190309;-10.282890817341979;1
422534;16.891082655033014;6.359905731537681;16.89917921801285;11.185508383858314;-7.976178179622807;14.889232851495947;1
422556;17.888140967325203;14.73861938942906;17.888140967325203;0.5425531516305344;7.639431314943679;-16.174816118001345;1
422942;17.68501231703715;6.703015856223783;18.2639738621078;0.546272291317828;9.34968522403786;-15.011430540263767;1
422955;18.031719796232803;6.410550413987259;18.325817329955342;0.42565704335376253;-12.552317234681423;-12.945356343097462;1
422993;26.867476617448364;1.444309478457342;26.867476617448364;0.6820434694655485;25.226994079240367;-9.24446155896091;1
422998;16.704026212876176;6.420369187960152;16.90778557002103;0.816519698767669;12.122188760703583;11.492477164229047;1
423441;17.754586862430116;14.088007659634362;17.754586862430116;0.6462199824931367;9.749151175323572;-14.838443517305416;1
423461;27.39983000264875;13.840680406534291;27.399830002648752;0.4827519481639712;-2.4663785201086292;-27.28859947248296;1
423484;25.51825120773109;14.30290088402552;25.51825120773109;2.5023900986451886;-20.930731503717347;14.597452634626478;1
423488;22.99905794712713;12.696381481515182;23.257121606854394;0.5584216694660314;-3.777040730405334;-22.686794171415468;1
423948;16.848916088552514;6.825363993182479;50.4009331001007;2.5928822051655906;-16.340425170023458;-4.108099149478701;1
423966;14.669004067776994;6.453552190830418;29.619299998046863;0.8626035855851065;13.81082078179;4.943774840517664;1
423990;26.90259467525813;1.4523773113773015;26.90259467525813;25.77172378131615;-22.972410383180605;14.000641465588744;1
423994;16.58276433405338;12.966383442964297;48.066480762857054;11.124340824111696;-6.35546442221041;15.31653175287312;1
424438;15.69239984175831;5.369144107283141;15.988695890960896;0.5071224820189902;1.2570456474071952;-15.64197075287992;1
424456;27.74939198651405;1.4636079288756725;28.663224264292065;25.507221221999906;-24.19691207337456;13.584483859705182;1
424460;17.789799027676523;5.685931452879248;30.79849793918351;1.183511269930283;-12.423849748405752;12.732827921328354;1
424485;14.817484696981438;6.238108097440096;31.084884285888094;0.8793651893430724;10.786566361190415;10.159125891577212;1
424489;23.91020642447388;13.289835526399916;62.14393456122922;0.9570905749726054;4.0089841992971404;23.57172070407118;1
424494;24.962767554539;12.487196976768299;57.28349089482571;0.5234131494341792;-18.269637645026204;-17.010588005750606;1
424947;17.023123538557773;6.689306628964311;17.023123538557773;0.55194129118181;0.05683015799150811;-17.023028677122717;1
424970;17.984939420756074;6.121040328201433;18.25719124613821;0.5231222542701541;0.79430719266642;-17.967390518713177;1
424994;17.74271524132501;6.72639250208017;17.935498430264836;25.64047968136263;-17.6479154900913;1.8316721839189303;1
425005;15.98419386201431;12.615949192497181;47.79907164908464;0.6553417814773123;9.998776801839899;-12.47072234818193;1
425451;16.22246010568695;6.401341460498597;16.508857961780496;2.5079524870378953;-15.765171718409297;-3.824600968685786;1
425478;15.8977863919949;6.629469336980298;16.21410384253885;1.0306951728523182;-13.043943063110548;-9.088188022473371;1
425482;23.32869410169971;14.533408024176644;23.852467592558266;0.9718826972022192;6.916304119319342;22.279872212823957;1
425505;13.21973247521286;6.605828455877869;39.85034338029257;0.9899077732966314;8.385155539261342;10.220102411355395;1
425998;28.519400856160146;14.885511254747925;28.669244816457176;0.9533476809164438;9.361103320000101;26.93930158386871;1
426032;17.08775994926364;6.016804471460879;17.08775994926364;10.396910115954974;-10.940242902557355;13.126409460195196;1
426134;25.35970732993801;13.073358480852827;57.788528749953464;0.5712848667171054;15.203759129759558;-20.296809211902364;1
426474;24.353667057480646;12.360792932577382;53.340706312283274;0.6596159436979641;23.334692204561076;-6.970885084766106;1
426487;24.177702394985896;1.3056818750497399;24.177702394985896;19.84106339799295;-18.10262190464872;16.026739321453974;1
426492;18.8857549511632;14.590366977679935;19.16279579796628;0.5230106447308974;-1.834140336080513;-18.79648023708023;1
426517;18.663781202951295;15.159614117990369;18.70352069654714;0.5005152384732857;-13.026945872260086;-13.365455848299527;1
426524;26.312470533919626;14.494677736583569;26.778000781269185;0.9130061997926362;6.460791958133089;25.506945581000313;1
426944;16.097530047335095;5.4869132870091075;16.097530047335095;26.92764665903408;-15.71788655178573;-3.475415942020394;1
426957;24.535305346830995;1.293463544725544;24.66533870525436;0.525396300195749;-18.484226705602303;-16.134266997856834;1
426992;15.296153344604528;5.373365151878048;15.361109646720566;0.6949796847118503;14.898950158472811;3.4631764778883696;1
427363;18.77578430677471;14.58477949389607;32.516344247779706;10.217377646148861;-12.519988024871449;13.992139800316568;1
427449;17.197613273928297;5.4075137574203955;30.533058333788176;0.7049103363541549;-14.217261619404836;-9.676123932907895;1
427478;17.465557715381635;5.82915125588209;31.64017804948799;24.8373535912277;-15.866608313456108;-7.300441557652009;1
427504;26.515984018012087;13.365810762178148;26.72294428437431;0.48797740391377903;1.7801211283256562;-26.456163312392086;1
427943;26.54074351842678;13.636798311216104;26.928659036044717;2.063300864619317;-21.32335322196627;15.802710966228988;1
427957;15.666973398043602;11.92865743480427;15.666973398043602;2.6832757219444514;-14.498214955370747;-5.937661034689492;1
427977;24.000320825214974;12.831523821295077;60.509036436543866;0.9613377424395718;1.8738936871365357;23.927054188983597;1
427981;23.86256473563858;12.679403091812196;23.89194064938301;0.7744667606633877;22.066741779272302;9.081899746719298;1
428470;17.536727982487804;5.682472573256164;31.77829579687988;2.3205300057739078;-15.987902810663122;-7.205816542804918;1
428488;27.28848336496898;13.304671922284385;57.91060757276442;0.6002938548857958;24.722094308569826;-11.553327544840409;1
428509;16.63501067881743;5.690870883727092;17.16327088900751;0.563722703004719;8.753185974192194;-14.145858601922155;1
428513;25.3350573119894;13.29507250908043;25.813804759738588;0.5399589967940175;20.579571351995682;-14.776548039711646;1
428518;28.817656233624355;15.439748580650193;29.001903381568685;0.5202808466340271;-11.295415659487583;-26.511712428259916;1
428940;28.23359567321719;14.80342428064303;28.23359567321719;0.6421640401134716;24.261108729652566;-14.440724630249154;1
428950;15.857191424660465;12.491861450531177;16.10561778525315;10.111459507324888;-3.993212913170142;15.346164683998952;1
428971;25.632039916365773;12.632230972595591;25.632039916365773;0.49333020245719117;7.193779013011944;-24.60184980415329;1
428979;27.88781313674252;14.940535583369307;27.88781313674252;0.5139266347342654;-6.203328391719132;-27.189130887440296;1
428984;25.762351125250422;13.752975150812155;26.15856590504157;2.5374982117482583;-21.30618353023406;14.482585365765141;1
429444;18.509856487057977;14.920161039516803;18.509856487057977;0.7573088867058011;14.953693466653192;10.908796399092612;1
429457;24.916790064088683;12.86115842390507;58.83979339500335;0.9659983402311199;-4.115512923126787;24.574559619196535;1
429493;27.558705852275214;14.272008381002603;85.03991637815837;2.515672884481394;-24.33264789701423;12.938489655758016;1
429957;18.631746435431463;14.964355613747296;18.700539072450223;0.9169580004871205;-1.5657433144869237;18.565840220882883;1
429972;18.64787705575767;14.65340118741059;19.217707486444223;0.46624686986165464;-14.83343738183405;-11.300993501717521;1
429999;27.747124538165682;1.2944742246524088;28.371273317751893;2.567378397029366;-25.510695889900976;10.913629797160322;1
430438;25.77397887460136;12.97737252219843;57.13621801470836;0.8034981425431543;23.034363357407155;11.563567431694073;1
430452;25.959927980163265;1.2882505350575844;25.95992798016327;0.46860528678085867;-12.228368834082533;-22.899451006364817;1
430474;24.627633818112447;12.823107274255873;24.627633818112447;0.8328296993361133;8.020364381014286;23.285061792376528;1
430478;18.47312723755726;5.895244215327934;18.530268275112682;0.6539596029727609;18.45637832308793;-0.7864662294275057;1
430936;26.55402951629458;12.5192144515178;58.00334332785826;26.675457213034814;-25.52982005216544;7.303750519855885;1
430952;25.25421403143546;13.537945348935345;58.97823479362519;0.49923774758665546;-14.487501015310627;-20.68544514089376;1
430982;26.118176138062015;13.18713442098196;26.118176138062015;0.5949251853048004;23.776259383698928;-10.809653764015787;1
430986;25.53716969555365;13.166826910701726;78.15864719657715;0.7921981289718593;22.04147150108801;12.896533259997772;1
431008;24.18530043191362;12.874983127896073;58.48233288336603;9.651182924223729;-10.098383483317026;21.97615544188271;1
431437;25.910297841627763;12.892212595600942;25.910297841627763;0.7298356258589016;-15.859174120797844;-20.48975672008031;1
431454;24.795731308303473;1.2475843778299314;24.795731308303473;0.8254267685146662;14.757439642613418;19.926019831070203;1
431477;25.177429821384578;12.695876306079077;25.73860674752557;0.7971877978906642;14.288061494352979;20.730515457757754;1
431481;26.605477930054526;13.345889217440646;58.401913741392384;0.4646589863310835;-9.765052542224776;-24.748640462340713;1
431933;25.73917221410446;12.871274382218399;25.73917221410446;0.5891618744926687;22.85804359637715;-11.832786198248012;1
431958;25.374045300215954;1.2027681134238843;59.412957712937995;0.6092747163608143;21.903392408489285;-12.809511149811506;1
431962;25.6501183405966;12.825808380701835;25.838836138069084;0.7666282892519859;9.795389805643614;23.706094352341196;1
431988;18.16864412541556;6.142403010381891;31.88917516949912;2.6983249464121983;-18.109043944082106;1.470427416535953;1
432447;24.48100630134986;13.537439888007242;24.481006301349865;0.7493545479503615;21.44905369173617;-11.800752741064894;1
432463;16.807969013656347;5.8834637489018045;16.84256642256464;0.8984124489372396;-3.9013637952997504;16.34891993070968;1
432482;27.43986439529974;14.28782742922045;27.43986439529974;0.85962600457686;19.955329239944568;18.83430362285401;1
432517;24.970091950052943;12.899519895849084;25.68824096040599;10.600440848068015;-16.825668090820926;18.449996891371807;1
432520;25.51642672857514;12.832955978816717;25.777814533781253;26.652787900588482;-23.750789902742678;9.326736406188413;1
432944;16.325985344324035;12.75099997809769;16.325985344324035;0.759006065019303;15.583114833485467;4.86870922827482;1
432956;25.07617306789609;1.3064727884951821;25.391366288142173;25.813459343577087;-25.0644943127473;-0.765232368196366;1
432959;28.25578952623115;1.3123661650907406;28.674164596098095;0.6224882072459108;28.12000678112562;2.7667418347441055;1
432987;15.07234927401448;6.013867585241592;15.120171824669061;20.31362065848586;-10.7912170256186;10.5226112607035;1
433444;17.866524051102743;6.455441159318116;18.179099846867672;2.6049285055718907;-17.866412883338157;-0.06302658741406451;1
433455;26.016009851547523;12.519376883856285;26.016009851547526;25.462579420025158;-24.105767828976195;9.784923401402494;1
433476;23.355410162473753;12.840207494421161;23.355410162473756;0.8093359188200716;22.975826604112964;4.193635143299574;1
433485;25.87222564129437;13.695169309475649;25.87222564129437;25.63220418977446;-24.489648693881414;8.344409295110243;1
433949;18.036077400807418;6.345669226891007;30.14904780970945;11.44423234107276;-9.085023394659503;15.580835597823553;1
433963;23.227466879515152;13.022285358740863;23.227466879515152;10.721537017192025;-3.1791243173462544;23.008876248392294;1
433988;25.621960448296207;12.637124977570892;25.621960448296203;25.972276168387893;-25.392523698515483;3.4211982454082857;1
434453;26.482953522567417;1.4293665825662294;26.482953522567417;0.9287415483987491;11.412295862727312;23.897831081921286;1
434470;27.02799921888934;14.19140166448102;27.02799921888934;0.9816105884505796;3.661400284053596;26.778851538783645;1
434492;25.573092283112512;12.755856395178842;25.573092283112512;16.30830202831876;-19.551395531484264;16.484113008956406;1
434496;25.58528685709448;13.299360812196785;25.58528685709448;27.107703187368966;-24.777784044024457;6.3771718988512935;1
434937;17.8974293020516;5.98383008362303;17.96397058093108;19.95089149875033;-15.002765930632744;-9.758841634773082;1
434977;25.040578535539147;12.666995082996221;73.67809180772612;9.8931919293875;-14.502243587389488;20.413610761610116;1
435007;24.625518097316373;12.982589026802913;24.707469240381315;17.637474108199577;-20.023654341914014;-14.334204141032883;1
435011;27.151290942726;13.049804468265187;27.151290942726;0.4561710413995756;-22.297697508384985;-15.492103978514894;1
435438;17.371848156130877;6.47039935399869;32.421730769206114;0.5822502478105688;10.724588324830355;-13.666174066745242;1
435454;30.239742357951425;15.045386501926087;30.547663234325967;0.4670400502444901;-12.50557825926892;-27.532753772127155;1
435457;24.501326227276046;12.077174034662908;56.327994907640495;0.7399537048552013;18.214664899836894;16.387219699572434;1
435514;28.641936778308008;14.891713553094943;28.64193677830801;2.68342771536395;-26.34950940336858;11.2278179809963;1
435941;16.629523502135836;5.4361866077869925;16.755033181299094;22.16252498259874;-14.581029173534803;-7.995913965808727;1
435963;17.957033499359966;6.438305282096406;18.113629673013367;0.504535315477205;4.339175925300654;-17.424884630505513;1
435999;17.196816488048704;5.93200845732471;17.196816488048704;10.662917950688264;-13.528006056230353;-10.61713471075029;1
436435;17.929446339026207;6.279649524821492;53.907744599639635;25.874826899628243;-17.834534417426806;-1.8423973886322698;1
436446;26.099419014384047;12.890542853372997;26.162451512100905;0.48982914167339187;-0.6402756950684886;-26.09156415247457;1
436495;28.052772942803166;14.880499780239361;28.052772942803166;28.129660724244566;-28.0107810425949;1.5343451907167636;1
436519;17.533001243576077;13.643561402932166;17.541137917137956;0.56845615239173;4.58614297549021;-16.922571471723856;1
436935;23.03734101027377;12.722582770540052;23.151162145766357;10.646168793724893;-6.882536523793783;21.98521712019889;1
436958;27.53999273661023;22.16318494584464;27.53999273661023;0.469620184175308;-21.051000897317817;-17.756873631179243;1
436985;28.646205367494137;14.364376751632129;29.138532062195587;0.6029093446020545;23.946173323340133;-15.722145690878305;1
437433;24.12499723690164;12.869475313104841;24.124997236901635;1.1365144342402738;-3.9211523452547667;23.804202485397713;1
437467;18.15076457387541;6.511753656783174;18.15076457387541;12.271831127203122;-13.161012541692893;12.49952013053513;1
437471;24.981068117750716;12.634183343784532;25.052053377352017;0.483932377082453;-15.772966029662404;-19.371817336812185;1
437498;17.331788898117985;6.241886670067007;32.54414880218623;26.161983561413;-17.08977332993778;-2.886269900801573;1
437961;24.95445009578078;13.155282866884768;24.954450095780782;0.7201088883496276;24.954085326334354;0.13492630891653803;1
437973;26.81175575742935;14.787106257639852;27.06606781581778;25.246316485486542;-24.827619959487716;10.122229692280893;1
438000;25.149641877603937;13.183850127235118;56.6523552801198;0.7201827835766702;25.05798991221383;2.145140585397499;1
438012;27.580183634745755;14.229498199972516;28.025260918830572;27.79574941112504;-26.646702143001967;7.114758901637626;1
438434;19.03587453489879;7.0532600347586305;19.03587453489879;0.5312750704366763;1.8720956052111526;-18.943594625977337;1
438461;27.82733454195774;13.644383152693948;59.22273862000004;0.5758238374247212;25.616258823217027;-10.870502822408458;1
438485;18.307216912856738;5.491152690939379;29.279359427301014;27.494600948200056;-17.403263911110717;-5.681601564226332;1
438489;23.401368030726193;10.868680721962601;23.401368030726193;0.7254451333922104;14.838703798837523;18.095217469813917;1
438946;23.701097376854037;1.4931246782138943;23.826582108386507;2.5098632021258247;-23.24763910079403;-4.614032196067765;1
438978;15.611280561190236;12.236231220167834;15.967687218537764;0.8194664873059271;12.69086997665572;9.091419030922212;1
438982;24.909583171488926;1.397508955920018;24.909583171488926;10.232141174298114;-1.7621769472600575;24.847174209230907;1
439014;13.12091385632338;5.966099265659568;31.67035267039181;0.8038703943221736;9.078417469435491;-9.473157692961061;1
439433;11.267421538155926;7.231770309364744;11.267421538155926;2.334779507396139;-10.328436931062742;4.503129875937323;1
439445;17.34571206627236;1.3953419827374707;17.34571206627236;1.294018827196608;-1.2111591348393438;17.30337598956116;1
439449;20.60625154587369;1.5328549722912834;20.60625154587369;10.722523326867929;3.6088650872412424;20.287772069744697;1
439480;12.658214050424819;6.823039764902932;12.850963676374002;2.2203022854184518;-10.962769063887368;6.328355030989203;1
439488;11.817151489978015;9.63204564466972;12.208311352439985;22.755175051428804;-11.757575929802567;-1.1851065741176618;1
439945;21.397535295547247;15.092880537234887;21.87969747893271;2.350198237914853;-21.357373952581998;-1.3103795533211557;1
439957;18.78639835495386;13.684345534601238;56.74117626400666;11.366746907722813;-6.0385428521511315;17.78945652272007;1
439994;21.621033063743493;1.600828838030762;21.621033063743496;23.32234152331488;-20.93273709799572;5.4119856180225705;1
440450;24.54377321511908;14.288824008663955;25.642049968520823;0.5807420097323698;-16.061205993869653;-18.558945704368078;1
440467;24.267099874631853;13.710640030879222;25.024935671686432;0.6947142873953541;22.934940843791438;-7.929730437861341;1
440487;24.188452676490986;13.83403331369539;24.643062671333706;0.9232965147062383;12.497917811707069;20.70949765819198;1
440502;26.063439579883944;13.307793901332554;26.06343957988394;0.6275980654108323;23.58353741346152;-11.0959292446429;1
440943;26.980561548341296;12.837462766790603;27.020351882484764;0.4592709550429649;-20.571380420355528;-17.457634692731034;1
440961;16.23762373238147;13.180164365994035;48.941102054612685;0.6431183232665633;16.237464410954544;-0.07193036481565489;1
440982;17.174357232194467;13.634936936198695;51.0455347827376;0.5138710840599425;1.6916227742477625;-17.09084429537279;1
440987;26.853435726851075;1.5521516323242044;27.093110545998634;0.7370622541009729;26.45975077798609;-4.581331586229719;1
441435;16.0012401473167;5.36270152434389;16.20079450266436;0.9567324946574938;-5.15743365244742;15.147295612507952;1
441461;27.43778699117599;14.284870027035012;27.437786991175987;0.4610380968266021;-4.003337047518268;-27.144160466979155;1
441464;23.737440305072383;12.787028074148097;23.737440305072383;0.7556422406959082;17.53485089637846;15.999846132967976;1
441491;25.32325698469294;12.577057281796739;25.70474908989841;26.85992269374876;-25.27134604568653;1.6206212857924256;1
441937;26.653976517716096;13.574555102909647;78.80281659651106;0.5852683608211421;25.113859919824286;-8.92908193121803;1
441952;31.06091363743831;15.894131909714464;31.06091363743831;0.47986193893181955;-7.782753689678548;-30.07006985356363;1
441975;25.64004983463732;13.437901553892988;25.64004983463732;0.7532896626215974;24.311944632105444;8.145029387799935;1
441998;26.55292609125743;1.3596919788543875;79.69504185750806;0.5992378502007041;15.853375495682062;-21.300900671114523;1
442433;26.930484305381608;13.332908164821303;26.930484305381608;0.5020504260130113;-18.28205511298133;-19.77416106357785;1
442452;29.026764156774533;14.776477425609631;29.46076262455634;0.9290641096984293;3.631186113946143;28.79874172284087;1
442479;26.067255954603556;13.930435313999512;26.067255954603556;0.5721266958142883;20.634911878573373;-15.92803329875745;1
442483;25.28059799455272;1.2640270899088384;25.39992979357798;18.479533463806195;-19.281794636664376;16.349955062680877;1
442939;24.776582537300882;12.454319432946727;25.424185426143183;0.8708518238980927;0.9161719045076732;24.759637947051523;1
442963;16.564645872866805;5.8969955228461926;16.564645872866805;0.8549468525078239;12.507736731213011;10.860203255747479;1
442995;25.339479077794028;11.728486566110766;25.50293962253945;0.3431933073619637;-17.739987822504535;-18.09370144529173;1
442998;25.92060523201705;13.408909247011504;56.71683011465324;18.847399340187028;-21.948958122009348;-13.788437654511458;1
443432;16.464010174379776;5.084290011611331;16.79341827330405;10.04726430344984;-10.05030187729821;13.040516216670907;1
443451;25.14921935195495;12.572981707468031;25.15106133014025;0.7882428961475371;18.631279825978304;16.89256185600157;1
443478;17.837956715783672;14.131388878067474;18.002503097128606;0.6527112525333287;10.470702492459301;-14.441505777050342;1
443944;16.02044593922724;6.263603417930722;16.11196834619644;11.688492825065302;-5.825254460200793;14.923843290708106;1
443962;17.386568686420905;6.261719809376889;17.386568686420905;0.5716788531659046;8.236227738309436;-15.311999325050083;1
443988;23.58220734879434;12.923239899435693;53.378000995561244;10.020443457731623;-3.437779602349377;23.33028449991985;1
443992;24.61877922830118;13.053594338993323;57.85189747026005;2.7323540088096587;-23.545631014490287;-7.189405456733312;1
444433;25.712263747183176;12.383470340805296;26.06592296587451;0.5308827709263708;-17.143984680644614;-19.16257540818908;1
444444;17.057894316964703;14.055905041863507;30.238018439348938;0.8243915589429576;14.912466792506148;8.281913588726827;1
444463;16.54441383764088;5.851569905426745;16.54441383764088;10.763180998937564;-8.199004941669557;14.369897257726002;1
444470;25.827181686781053;13.339759742838165;25.827181686781053;25.771782739230545;-25.449187299368546;4.402519697134506;1
444986;25.884669326005696;13.02757073493202;25.884669326005696;2.3286701182528233;-22.252469208994068;13.2228484155053;1
445011;25.48545500538529;1.3623690489885403;54.18298475502241;0.5450790594012215;12.185290165474164;-22.383635102786965;1
445039;27.993071385829616;14.918650225218322;27.993071385829612;2.1625110903776723;-21.872256669641907;17.470444579044287;1
445447;24.665585757260022;1.2783026059947917;25.1153473053841;0.7206734871500772;24.650468916157024;-0.863425134174773;1
445465;13.783459231102137;4.889621498499618;13.783459231102135;0.8513928704104927;10.546458670525768;8.874455357166802;1
445486;26.87147414860872;1.3312647484340818;26.960724860865774;2.8553284506527135;-26.622709869233493;-3.6479366959918837;1
445489;18.896041644254396;5.976073538417333;19.22215861497855;25.205070942002905;-16.635106397262305;-8.96290270912047;1
445493;24.782281129319543;12.206704607808147;56.52682985589696;0.6255841742879538;24.679605908539152;-2.2535550074996853;1
445944;25.178567517630146;13.126784507500025;25.43287319828171;10.702288743223459;-11.575374516876183;22.360030568715988;1
445959;17.45987113822942;6.073482075803855;31.461886310822464;19.19641157647135;-13.899181809130447;-10.56692221984784;1
445979;26.02937962040928;14.533496855665867;26.02937962040928;2.657375023250105;-21.63457433917658;14.47320961590829;1
446443;17.62409649709074;6.029410642006749;17.62409649709074;10.395987812437868;-10.070683591972294;14.463405868921264;1
446457;16.16528446773436;5.524226210018534;16.603257840023666;0.7939654043847107;12.663838165869114;10.047070460161535;1
446491;24.738581229345446;12.218812822896087;24.738581229345446;0.6233786250780743;20.215095225598635;-14.259990401851683;1
446960;27.161520945659134;1.4577245014025104;27.931980204492827;0.8432640149653096;14.612907077315203;22.895658252848534;1
446984;29.98486812662283;15.303581228616796;29.98486812662283;26.188561868669243;-29.980936361715248;-0.4855630193312883;1
447081;28.24535824027624;14.286286284235857;28.24535824027624;26.540831201356372;-26.745712371031598;9.081141552007002;1
447095;14.58964547250817;5.955296814033483;31.815854330216833;17.1344111401525;-9.22629258933804;11.30191488507165;1
447441;23.867488108404704;12.614925779255314;24.41578767872483;11.460398010014801;-1.2946877213211085;23.83234718421793;1
447453;17.656559166155464;6.295150708208582;18.040924590811063;26.937489116103627;-17.03261523197909;-4.652321995230164;1
447474;23.94225666016017;11.910966519078446;53.02870440462333;0.5709612200160781;-3.4344878983826668;-23.6946396228524;1
447478;25.70116006253686;14.128315524282177;25.701160062536864;0.72368020045132;24.704224468078326;-7.088788471307346;1
447943;25.395944742249558;1.2467134063645564;25.395944742249558;0.9431637962458915;-9.211554072624596;23.666458985629983;1
447957;17.447604889212588;6.131117867175957;17.447604889212585;0.550396986625036;4.060288218545686;-16.968587918634068;1
447960;17.40908615895212;5.901301171868674;17.40908615895212;17.821250780543725;-14.289128144240209;-9.944701994896615;1
447981;29.213086969292696;14.506341872196542;29.669875642557084;0.6163109874167174;26.499933098970097;-12.294632813775605;1
447984;24.1150158886239;12.307022878884831;54.6549940093393;0.622868493416251;11.388769090065454;-21.256291537372007;1
447988;16.996157404276385;6.264405916553885;50.528242798810844;16.948961965626747;-12.15319320787411;11.88146713849016;1
448453;16.676799330202154;5.99849357265654;16.84482232059704;26.15871714424826;-16.1640101003634;-4.103707272111531;1
448468;19.192683731117185;15.522100041779202;35.23612227695669;0.469217740375305;-7.776899311739693;-17.54647958702124;1
448472;16.96500475142973;13.760992325884287;17.2662475386711;2.5728771373087196;-16.174469100451393;5.118391889507529;1
448495;16.49674006263938;6.088703483607347;16.85920322023803;0.9107990680349085;11.09495208871203;12.208377076559998;1
448946;23.749182667921378;12.490233995139446;53.92279591056991;24.978340755961266;-23.503075922991563;3.4101465587847573;1
448965;25.176808534131975;13.016797597518957;25.176808534131975;1.0294496297228286;-4.106329372318128;24.839680896709968;1
448969;26.94639539882352;1.3123509849341104;78.32083716370153;0.5283552323400448;-19.86505451776975;-18.206807353179002;1
448989;24.739079170423864;1.3012165670401832;24.921614184403335;26.04495521140262;-23.81471015066042;6.699374496214659;1
449019;26.64172940698889;13.34793937128455;26.64172940698889;0.4784560178611779;-7.776431489207701;-25.481539574540538;1
449439;25.40925055900696;13.125359120341233;25.40925055900696;0.5769427259789182;13.765914443959865;-21.357191142375736;1
449451;23.89357943248871;1.2855520026169642;53.729807449667774;0.9861694612315565;5.214376477461659;23.317663177255607;1
449479;27.237347100985573;13.24290851251333;27.439226056166284;26.871471844200666;-27.198299936633028;1.457929235770768;1
449482;24.55389051725638;12.411490957826812;51.50876573523624;0.6504261509248369;17.731753415285826;-16.984653671856613;1
449933;24.914671403021902;1.286360580682591;54.96925551943065;0.5159431580279787;-12.5194259680833;-21.540771215307934;1
449948;24.238308056169583;13.262615542663767;53.687444437174065;0.7446742082008015;23.14660064939561;7.192388741105011;1
449975;17.668858338302677;5.767446456132043;17.687328280855013;0.7724218828785203;15.90661699523917;7.692079741251804;1
450437;29.37139739584586;14.200143130285884;30.21296799881546;25.787555752449112;-27.93589789141547;9.069983130365225;1
450449;27.359687093245636;14.769977607920604;27.359687093245636;24.86091876660816;-26.82758997627447;5.369626980080583;1
450475;27.251856795676453;1.4516689326623067;27.251856795676453;25.011879271483217;-26.848390932134148;4.672002051300242;1
450483;24.531691158620042;12.310172062344655;24.531691158620042;15.082170179104615;-18.915894090964386;15.620269582863651;1
450947;17.185222929154936;6.136155179753261;17.208923138072368;0.6635309141954353;6.653217917162902;-15.845080576364865;1
450961;23.825844946387885;12.73058062652371;24.444815376558594;13.324318412987603;-16.893660808903473;16.80104496402042;1
450982;18.419645108261633;6.042524374016586;56.54123099384154;0.5746025181184232;8.252026970218239;-16.46776781464621;1
450987;24.497973522527293;12.74064859160245;24.96133157232436;0.9131357288330751;12.732404463151592;20.929323526983993;1
450990;23.792745849724703;12.229153355603964;24.256055932080592;20.647556180938007;-20.529699937448488;-12.026062345918538;1
451445;22.170825009362186;12.183272747465336;22.523713054715632;0.7883140825904031;19.903946553458567;9.766186215346531;1
451467;16.284193993440475;12.946705990489926;30.539173647886155;0.8585300712101983;14.941173103480809;6.475825839831127;1
451471;25.81687660151216;14.770278699106406;25.81687660151216;2.55169263991652;-25.70054342065817;-2.4480983110508623;1
451495;23.99586248913375;1.2516051280841138;55.22051079490982;16.92465812951782;-18.537298057285284;-15.237125625680962;1
451499;26.158644707423736;20.51901098792992;26.260668218455596;273.0435510604732;-25.398005661727453;6.262268066450694;1
451945;16.78452796439014;5.8234201877924825;16.964597477544455;0.9281985890841898;10.287567188957109;13.262214759235643;1
451974;17.23990562879825;13.788138000414706;32.288089628388406;0.8043142193306838;13.680233003081181;10.491213994160928;1
451978;27.365020044702135;13.962246322100635;27.365020044702135;0.936032273005001;16.29388980283941;21.985301388424848;1
452001;25.904757036261387;12.574107115175858;26.060769865575498;25.99706103799339;-24.95457189723385;-6.951674512915596;1
452005;24.619214319479173;12.342072876578845;24.61921431947917;0.8080963592293863;17.23388223023901;17.581212045325554;1
452009;17.834497488217373;5.960663269803762;18.054729399133368;18.26733845077956;-14.649828085234969;-10.171127652836361;1
452447;27.482635189681353;15.564537694772158;27.482635189681353;0.5322588527093571;-16.533841915792408;-21.95284283350787;1
452458;30.105984735497135;14.64774537805886;30.105984735497135;28.093874064394576;-29.873660392866217;-3.732925344241798;1
452487;16.612863363809534;5.583311831538529;30.878042129441607;0.5962984664159711;8.452397401645154;-14.30189523487245;1
452491;21.910009315215756;12.575183569995827;55.007194060811614;0.7180670990702548;20.381016782801034;-8.041309787094622;1
452942;24.724652138058083;12.027632505186045;56.634516403646565;0.5876501522258667;12.148453391786179;-21.53424025907529;1
452975;18.01676192132897;5.7963059853312595;30.461889795450013;0.6202516772661847;12.273740674167335;-13.189351765463682;1
452979;28.354964495103026;14.534945654327352;86.36078546899795;0.8876317267263658;11.28420125409356;26.012897062335572;1
453002;27.85800581480938;14.93115027325896;28.20348874726283;25.719866135176908;-27.82636722327135;1.3273187761811793;1
453011;23.240562531387933;1.2473626665554738;24.656026851700773;0.9326168256883448;6.377433258465507;22.348424817180533;1
453437;25.555489226898175;12.222062754492065;56.295172001823275;0.6579196099314536;25.53880368423839;-0.9233287627061418;1
453454;25.004603170759687;12.750720068780854;25.15807273374042;24.95739287552107;-22.8512214858149;10.151446021793983;1
453458;24.09256343383621;1.2712350391734522;24.09256343383621;0.8667893753543052;16.493926100047997;17.56137849428618;1
453479;25.222664077661783;1.3045046305402022;25.33239600244974;0.6810877357191132;23.066120836166306;-10.204746579212278;1
453936;28.57915448355106;1.5421324997053125;28.57915448355106;0.6925084529579785;28.426852797231632;-2.9465422174475764;1
453955;29.38251605207534;14.126690333660283;29.38251605207534;0.6176635568386424;29.285544962336505;-2.385184648917534;1
453989;25.637686701837744;1.2276269979789314;25.637686701837744;0.5127086605707669;1.0644651794008142;-25.615579113177027;1
454436;28.442420823449897;14.777443152658456;28.442420823449897;0.7022510674406253;24.875049597430465;-13.791417977263645;1
454448;16.90083518548313;6.200075965497797;16.90083518548313;1.1329670396342542;-11.72559817168809;12.17163002571839;1
454468;18.381063866234634;6.139666292511182;31.970451712487407;0.5030700614163462;-14.324108194837356;-11.51882950985862;1
454476;27.29360264069324;12.738674692053479;27.29360264069324;28.02034395780134;-27.0545769723604;-3.6042488752420194;1
454941;18.66901638213151;6.149742220469219;18.84620090828315;25.627297051703056;-16.626121731246183;-8.491422074898765;1
454955;30.55624908624108;14.50497435341003;31.709725228353065;0.49817846062444837;-8.578074773332776;-29.327478435820574;1
454978;26.82939970238175;12.490307686472637;53.80724813358602;27.180946187183753;-26.234162004743006;5.620091840802992;1
455442;18.410878923006674;6.0483199424786305;31.218388090537168;0.760632456181243;-14.151427058706942;-11.776993458421737;1
455453;25.056396805852682;12.500195005414314;25.286167717769857;0.7260923138842739;24.877340158943237;2.9901450648044814;1
455483;26.318441825981413;1.5033469466171108;26.318441825981413;0.6701713498681247;19.406640316257693;-17.77758959428891;1
455487;17.25361787411644;13.525345908006202;17.342325027239973;0.5382709662529347;-11.827100446526257;-12.5621266023635;1
455938;25.02506104265652;12.595554084397516;25.461645247475197;10.98966420772663;-15.653453864213352;19.52493437401594;1
455948;25.9896165946461;13.032299040125807;57.27674066624608;0.7394854591157753;-10.55549996051762;-23.749559813188466;1
455968;24.239778616570955;11.80221148873053;51.80488020183815;0.742165424798992;21.90146462484549;10.387141794883329;1
455972;29.492871659240738;1.466985653532088;29.492871659240738;25.34372628168835;-27.660914041614443;10.232463686271373;1
456431;24.797513182751512;13.341540234275392;52.48747620097134;2.5627181983979876;-24.68032830999853;2.407914981767469;1
456445;15.698543177577916;6.173600528618297;15.698543177577914;0.7039729884949322;14.37245954954255;-6.314797256843745;1
456449;15.008595100500466;6.043091138655232;30.294489167975964;249.41478267702703;-13.472794099987949;6.613754306753202;1
456480;15.815911060016983;6.533170424612114;15.961191098041887;25.23042140839708;-14.841656528147956;5.465187477008516;1
456484;22.88923165333901;14.65791545807121;23.53202767324074;0.8820874898704624;17.810615214938995;14.377027208209633;1
456936;22.023892423663412;1.40552538169717;22.313741783019854;0.7691355501189884;-4.817872008479472;-21.49046176328021;1
456955;22.656356974052784;14.550309876137575;22.656356974052784;0.750753446695169;8.113594012028983;-21.153725523975147;1
456975;20.113291352948075;12.73432840963287;20.113291352948075;0.772222992118476;19.179672871140884;-6.056784427779986;1
456995;22.83089672811673;14.6826503048279;23.33903386555103;0.7395956238593049;3.666499008330204;-22.534565237249307;1
457194;20.681266441668235;15.229862147388355;20.681266441668235;0.8521746466289916;9.094907455212878;-18.574106708328827;1
457209;12.809392904791059;7.88405032966763;12.809392904791059;2.379579864592285;-12.760851972796926;1.1140931368949027;1
457233;12.12878269516254;9.513277666527934;28.675469097679997;1.029168872805011;2.9840199564447403;11.755976971992325;1
457247;18.949285965871248;15.166896406269398;19.015279856523748;12.898680014190298;-13.394547234150565;13.403788382710108;1
457262;12.102999545553297;7.700987376941909;12.102999545553295;13.380047072056097;-10.315973740222127;6.329556366026833;1
457301;20.833353867878273;1.5147857189994345;56.708015902282575;20.623176086225996;-6.084331675628771;-19.92509827943589;1
457314;19.959686009815172;14.38173958474572;53.036927159842065;22.652523206081828;-12.73418288896095;-15.369764206418576;1
457317;13.562723116320148;7.570931042997288;28.88021845768839;0.9736806590036157;4.3342030017147515;12.851542423767341;1
457321;23.0082697453866;16.559525098611076;23.0082697453866;22.395901606888188;-17.034661796591656;-15.466116970727107;1
457327;13.29960324884081;7.697325764422076;29.503961432052893;0.8030986659292775;8.74540717951812;-10.01984530025339;1
457350;22.331703083233844;16.106226710783854;22.37736877479597;2.352174939230851;-21.47234550793478;-6.13541693657318;1
457592;13.615104541794922;11.090070881201004;29.889156265392614;0.9851318495565624;4.7888758781727345;12.745106492590011;1
457615;23.03022534629144;14.070193858981948;56.14160736672746;0.6661456026086862;0.7304190355950058;-23.01863956738984;1
457881;22.61373118546289;13.138030180264924;22.65533267113761;0.8752507092439986;14.445780984263157;17.398282957897823;1
457897;22.887863462759434;13.017296147676314;23.42194287925013;1.151191673803439;-13.230345487791942;18.676516060646367;1
457920;23.075001986781317;13.385653356914816;23.760143799185;0.7613580708125272;21.461966174141345;-8.475831795757538;1
457924;24.296162339604763;13.756588377384137;24.787237315800354;0.9434666769096407;10.488147617328087;21.9157994147958;1
458278;25.91013703107789;12.287253207181253;54.10430839459751;27.11110679396024;-25.765509997174682;-2.733806056530963;1
458290;28.10170314729851;22.202242058957204;59.00235549228776;0.943572210659027;-5.6111176405805905;27.53581447138349;1
458321;24.69445299794134;13.530848589362533;58.203936674094614;16.643061716779542;-20.496298756762403;13.773806523291737;1
458326;25.078745137230147;1.335636086899207;53.724050231431875;0.5537638606507548;-7.929540262337276;-23.792138384056965;1
458330;25.26751945361113;13.269251801479607;25.84718816723048;1.0306393385482744;2.771278267991309;25.115086225214835;1
458780;12.173176529202975;8.05541334528096;35.22667931815428;0.9044520330517501;8.061632971213134;-9.121200614425026;1
458797;18.011687821270364;1.4938994063628097;18.011687821270364;1.0566353665834913;18.01163256335526;0.04461584449071615;1
458833;13.750950186846453;6.948342824868161;13.84775662757617;11.4946305902528;-5.379493710036471;12.655025818417382;1
458842;13.06927739513486;8.33772373855197;35.490255738844176;1.0274754941068027;12.879952884136307;-2.21648941648993;1
459290;8.456981890424446;6.562579325993602;8.456981890424446;10.720022397705266;1.6458247337885386;-8.295288038435851;1
459310;7.916460659978756;6.430524717444623;7.916460659978756;13.132712068864015;3.5953700824778934;7.05291878239174;1
459314;12.170497942442124;1.406507236057118;12.170497942442124;12.597629685395336;11.678559907697132;-3.425238480648775;1
459347;8.083900415544296;6.57621493402361;23.504562193683128;1.213681727869131;7.913738275301368;1.6499067969031982;1
459352;11.849765161361633;8.173698281311893;12.009080794815706;0.9360398780339706;-6.751209175670149;-9.738485972971727;1
459783;15.545642068217068;1.4405743744400616;15.71118082742099;10.803545036980934;15.459303766129056;-1.6361278616502548;1
459811;13.43150937024069;8.09751427040251;13.43150937024069;0.8265906193369222;-7.4001175058876605;-11.209090278069779;1
459834;7.511861650632144;5.990208155522236;7.635685011192072;13.43438561161464;4.573642874563045;5.959014710016797;1
459837;8.838038689733736;6.9205897896087585;8.838038689733736;22.386223216636683;-1.3426683118169862;8.735454749792535;1
459859;5.512560527589677;4.45247752892603;5.541720565055798;1.6780949424142644;3.950490327173551;3.84473012645205;1
460279;25.644346712397134;1.4279644716997808;26.099023203734188;0.8897413543986368;13.44232680772544;21.838872871554972;1
460301;16.10483956277674;5.536323938757872;16.10483956277674;0.6319740540677458;4.64535255205046;-15.420329341811644;1
460305;15.985493929986667;5.851955514655432;16.145997429936706;0.6090060741091623;5.56673471421324;-14.984908435062719;1
460332;27.627663956626133;13.791145866394826;27.627663956626133;0.6369694938206756;20.650002024720386;-18.3538887454213;1
460778;25.036762565268774;14.184296234490098;25.148037912854893;0.8874686714853662;10.500737609071374;22.728264109145638;1
460795;18.266398526150763;14.877176604833434;18.266398526150763;0.53787489056794;-2.8152683353273273;-18.048146146246324;1
460799;27.96197425421601;14.102443112814987;27.96197425421601;23.344142486043665;-24.178242677464567;-14.045803117766887;1
460831;24.117307485848368;12.837483329829864;24.11730748584837;0.7717577546564351;23.46216612555861;5.583124668467278;1
461289;25.714621868237916;13.717910241211793;54.50538734326141;25.537732915140317;-24.572403715544095;-7.578835891268165;1
461325;14.017729055157105;11.471600983801103;14.017729055157105;0.9195613489503214;3.221217696974494;13.642598154768542;1
461374;25.648643841895407;12.90010179416462;75.38666594815295;26.647054818427016;-24.643974174896147;7.108267566394141;1
461377;25.757516217639747;13.774040630678488;25.757516217639747;2.498579879331609;-25.332280549991108;4.661030340870657;1
461776;22.96165048218344;1.3332054228005787;22.96165048218344;0.9283399767771702;9.029143765734524;21.111891334592748;1
461787;24.466725711571087;1.3333005132207878;57.90701998142847;0.6563021252828267;18.454965991619822;-16.06346467277248;1
461818;25.11491643039697;1.3123448866361038;25.203449743939466;2.6146041644374685;-23.12758218918768;9.791525386179236;1
461839;28.311092761500102;14.877640719761349;28.311092761500102;0.756416166401622;25.598980054318133;12.091740715417528;1
461858;23.650827896370924;1.299884469062599;23.912925747165712;0.8355079484603651;21.862321418252343;9.02222602181867;1
462296;24.599350883063522;12.916316356831942;24.80276773359142;0.6833692677889972;19.766204747527834;-14.643265132711566;1
462325;25.514744525696376;13.001906270198258;25.514744525696376;0.8585394292265163;6.137821825184058;24.765486699312966;1
462328;23.777006224951094;12.587152877024721;23.777006224951094;0.7175220072316142;18.997168616767127;-14.298727550641745;1
462352;25.18592097790678;13.167809348546358;25.46104650627317;0.8821129777785932;4.132341033268281;24.844604506615354;1
462789;17.88525878175885;6.14830366534647;17.88525878175885;0.7091105876557723;16.889283248874772;-5.885116229078241;1
462804;24.63458129337042;1.37155478471762;24.63458129337042;0.9849805034500937;6.031475368802206;23.884804800860486;1
462828;26.062954143183145;13.112219104180028;52.83857961558991;0.7613203774757192;20.705342883353026;15.829287878879757;1
462831;25.169110866134442;14.160818507007708;54.66304357977896;0.6814220562253466;22.66927984932636;-10.935624943490543;1
463294;25.645839266684558;12.943516091235182;25.645839266684558;0.5817410680034781;-7.44283589080348;-24.542071338727443;1
463317;24.42731356218824;13.11207823808875;24.42731356218824;0.9107626129042609;1.469671177434805;24.38306204100877;1
463321;25.271373931021653;12.426181905432811;25.271373931021653;0.5496085440043222;-12.378005696986872;-22.032415104270374;1
463343;23.214435596378536;13.086355325013493;23.214435596378536;0.8394876151086436;21.608774231738277;8.48356624658349;1
463785;25.60851614603404;13.911210904734128;25.690991291080955;10.44033840722564;-7.2958683549750925;24.547228033905565;1
463799;23.02714366966854;12.470986239203162;23.02714366966854;0.7094437659083521;21.32832652209556;-8.680543378754066;1
463820;23.708430528582436;12.653995583933783;24.1428482858155;0.5968762942330876;-9.731080093510249;-21.61933760183943;1
463824;25.108465273420812;13.576810267105753;54.58505562891958;10.523314783263839;-16.392746128043953;19.01875134618671;1
464287;26.777290857639773;1.3245632541212873;27.142156154422466;0.5182858793717308;-18.017523042420976;-19.80889116256808;1
464298;16.637213697194582;13.612303451556448;49.511098649371355;0.8687087421133701;12.606073663225526;10.857430009143545;1
464333;25.703624733326926;12.618520438309277;53.559984209723645;0.9352351549380924;-12.726776463367038;22.331714785998464;1
464783;26.445651460215203;1.3120078112114213;26.445651460215203;25.75917922555345;-24.29710147445449;10.441424284801565;1
464806;22.14648634304105;1.3464950149022394;22.209430022406348;0.8152378699363989;22.126403537834705;0.9429336261899389;1
464827;25.534489697052653;13.204834529561687;25.83799430978093;0.6906168267687288;25.452303058157334;2.047054743919389;1
464842;26.973654827849327;13.15521661507408;56.64228075663141;0.5052919330907193;-8.113282452435376;-25.72455446881371;1
465284;26.917508867404567;13.661502327007966;26.917508867404567;26.918988339895588;-25.81819277329426;-7.61401376067968;1
465295;24.315506694071498;12.799725792944065;56.53493655535498;0.7226662965921021;23.600074156932273;5.854943686896846;1
465321;26.51258013013296;12.854750334067964;77.63510189385127;2.4699894989929465;-25.210372566880963;8.206949506106204;1
465324;24.431676849735474;12.522318181093148;51.14358724160493;0.8454607606036963;12.481803375553618;21.002652646366332;1
465795;23.055516404020423;11.818903373196447;23.49933580020429;25.824240069710605;-21.69530372046764;-7.801963415238369;1
465808;27.57352425238906;12.77470830726592;28.29465369311436;0.5075855172604689;8.59766280430149;-26.198844134820497;1
465827;27.82148897746447;14.200171120119675;27.82148897746447;0.6865496504214428;-12.091752667241034;-25.056431636556837;1
465845;27.06534720495529;13.433400492651659;27.175612292200615;0.502193034889204;-12.69889409166534;-23.901278379481052;1
466281;25.647807980930395;14.071675887976252;25.65783014912559;0.6124542905017234;14.427385169761008;-21.20520246048212;1
466297;23.763341466574254;12.89762721430247;23.936472196747708;0.6582626972492054;7.180731642804263;-22.652449994008087;1
466304;27.351962939316294;13.547176755500095;53.909560497513326;2.566859292511202;-25.66358994070681;-9.460973945053661;1
466326;27.222170947039128;13.69207595096992;82.31492436182036;0.5190715394049211;0.7831037319134286;-27.210904792286573;1
466346;25.89162311673619;13.013185506406312;52.02641324035155;1.1092777358303045;-19.086966731713282;17.49468058015288;1
466779;24.686774925958808;13.108637214264125;24.686774925958808;254.9743281499316;-22.056326175078304;11.088522530233874;1
466791;25.941405921022266;20.304234694313706;25.941405921022266;0.8162036415365264;20.353997379917114;16.083262474310875;1
466815;26.69968497090981;1.4227558015263857;26.69968497090981;0.5444799551622537;3.6943085163008567;-26.442867887810774;1
467276;24.090640763320817;12.385165923804355;24.357086704072387;240.63252654651873;-19.841986996940676;-13.662156652615712;1
467295;24.177329813018574;13.757397479706965;24.556547172161046;0.6761238523235406;23.75253585448282;-4.512240836766679;1
467317;23.158317463221653;12.793871478739218;53.47219862259834;0.7018804691763869;11.070558173933852;-20.34085567140437;1
467331;24.111457749010306;12.994796602946296;54.039142454497025;0.940974782203014;18.780245822745247;15.121665305764735;1
467335;24.952965696230805;12.483131676841955;25.721361517637487;13.46389755523835;-18.034681856533233;17.245310880668473;1
467775;24.667599800778728;13.655034656978835;54.17884972586899;0.6725811810480623;20.882602381200478;-13.1303997547698;1
467797;23.704711200603285;1.3098043277016334;50.915847690890814;25.074552786823794;-22.7936155437371;6.508795860089115;1
467824;30.03283159788672;14.643723126728737;59.914653618044596;0.5341849803003028;5.118096024217776;-29.59351393251415;1
467827;24.330676039548184;19.864855787925478;51.860471212035606;0.7525240609314771;22.69343609873693;8.77438058064429;1
468288;21.653721990797397;11.68710939556702;21.653721990797397;0.8036240840187304;17.968584537699037;12.083610626228648;1
468301;24.849564755816107;1.283452271878871;24.849564755816107;1.055257438913322;-17.795981420194828;17.343699543222563;1
468325;24.973526436334616;13.866388115581795;25.79723475795798;0.8139911224028661;14.188021183758922;20.55181445895987;1
468329;24.32899184076638;19.18651942288016;24.32899184076638;0.5869693589040146;-1.067606972196526;-24.305556141363944;1
468795;24.684751115734123;12.78492345378976;24.684751115734123;0.9802287904761404;-2.9930176103345634;24.502628088226867;1
468817;24.4493530095176;12.585287003072896;24.4493530095176;0.8805998149236806;4.473580055361141;24.036595933540223;1
468840;24.868211973626813;12.879541582414618;25.143470186800823;0.6522047035610884;20.87164012641738;-13.520451368151877;1
469290;25.544852982558137;12.826078199844881;26.01661914809594;0.649819180636233;22.890078681523867;-11.339480228571142;1
469316;24.381739274779367;13.658610394456561;24.64177247625336;2.626307831979304;-23.83649526866483;-5.1274460865266835;1
469343;26.36620238604544;13.886846546534985;26.677681551318262;0.5006890549847174;-15.564631113902973;-21.281891047320766;1
469347;24.605963152830657;1.3154735684167367;24.605963152830654;2.5984779167557917;-24.50748727321132;2.1992021807567106;1
469790;25.63593785968115;14.090720157650862;25.63593785968115;2.607683929617984;-24.808547248633158;-6.460440647337413;1
469800;26.136867589625705;13.001278388037136;26.136867589625705;0.7266880270840961;-15.852610882236386;-20.78053357385289;1
469804;28.46866725219718;14.557354051069392;29.465182623251273;0.9569112403717568;-7.211816310531189;27.540056656068817;1
469828;26.442430196139544;13.824271134285114;26.621971227585703;25.854948385007354;-25.42313003985907;-7.270940355561149;1
470302;25.375614268432056;13.147030887216012;25.375614268432056;0.6068018657029883;3.60854901467785;-25.117726280635356;1
470321;16.54013066883389;13.321080019350195;29.043481819127162;0.8694305282970688;10.141144510277515;13.06648807307333;1
470348;26.032843761162635;1.2874156760997602;26.03284376116263;2.6932069966162517;-25.84460329230981;3.124969592849375;1
470352;23.28872218637163;12.762201419713767;23.417836467640132;0.6637092246540789;20.34627846433809;-11.331087049599885;1
470776;22.493458358959057;13.070884827602994;22.75484919820675;0.8556884731553938;17.641090169360318;13.955199983616282;1
470787;25.189662595884435;13.403283872204105;55.023672268201594;0.7557379351429472;24.14227596153689;-7.18815783713028;1
470816;22.78039444597561;12.997637122653774;22.78039444597561;0.6973667498106545;19.417796399617366;-11.911992028927958;1
470820;21.879456479535715;12.816436170731425;53.91876588806101;11.07575556653112;-12.24872452158076;18.12951635963639;1
470824;22.203268763949158;1.2699734453806242;22.334839643510914;0.856034500269789;21.940239932393116;3.4074940224720818;1
471275;22.928150221959147;13.352481639211755;22.985320434797867;10.618410119165487;-12.699447326894102;19.08989549977075;1
471293;23.13390358139329;12.319757939734831;23.18485746947322;0.7342697403751852;22.61450161753515;4.874608856482877;1
471326;24.358761388570795;12.99983105246814;24.869348326593222;10.59996327448788;-13.89984832551;20.003586501253825;1
471330;23.431834810544096;1.287096859769503;23.586014002303447;0.985006662437207;2.838672270680308;23.259252402609523;1
471787;22.19665528377698;13.205921998952801;22.19665528377698;0.8704415556324309;11.72177915591627;18.8491750272194;1
471801;15.291711178217323;12.129729979789113;30.862042871150837;0.7215702553189778;-7.649051526390184;-13.241164658165257;1
471820;19.83270414474965;13.139044971188293;20.065197922125613;0.7608382694598889;-6.607369980393087;-18.69970095042619;1
471824;12.993409070631904;6.280941562861417;12.993409070631904;10.201673378501344;6.602236982826183;11.19102971577601;1
472293;18.41037739790723;13.270263538081407;18.41037739790723;0.7751356421313667;-1.6753850460282462;-18.33398704267346;1
472312;21.171745818177413;14.38676269420836;54.58653985992126;0.7858636056387208;13.39014530616315;-16.399598460613287;1
472340;21.67310400739552;13.585055885537082;21.67310400739552;0.7124368650579033;-1.157031591868801;-21.642197559647247;1
472371;22.3437612777934;14.324395595372277;22.54689892819943;25.054919740791576;-22.321421403393824;0.9989066879002596;1
472776;14.51933313550942;11.77415664791554;14.51933313550942;0.8483368536682937;13.81112384137871;4.479273706529043;1
472789;16.01429875159878;5.553042348912947;16.01429875159878;18.046423851591936;-11.739159064197386;10.892653899345676;1
472793;15.940193555912845;6.051467130137801;15.940193555912845;11.283372240721674;-7.61663302419168;14.002738017072165;1
472818;23.458311146770807;14.305428855601617;59.624102302882044;10.686335863024041;4.425270363118824;23.03712968388236;1
472824;23.861326846347293;12.396225413119883;54.0819505045512;0.5776103617427409;-13.755119203118612;-19.497682287292808;1
473277;27.793505791156726;14.85885456278191;28.1429664032809;27.25644656353672;-26.168184311703474;9.365099785468317;1
473287;24.19391488180157;12.478684708129808;24.269435634763813;0.7144607498896277;24.070168868170988;2.443867419806523;1
473309;29.58563266341802;13.547306937931518;30.50431951721408;0.42156930614009763;-19.32420020479945;-22.402788811653252;1
473314;24.65813929046173;12.605913419762965;24.658139290461726;11.874001552831194;-17.19780513497318;17.67086109410921;1
473320;26.457467817274466;14.136627936884159;26.697738487432535;0.9178940948308146;9.157052125631372;24.82228836490673;1
473789;25.883544383714383;12.480517053786578;53.314317947291784;0.4957658187983252;6.181370814063042;-25.134608107602592;1
473813;25.10754753813747;12.179705059676216;25.352216733291034;0.6324161847331649;25.08859770986309;-0.9752990989873355;1
473843;24.653043215945658;12.639849367006832;25.103867290048846;0.5186302352170336;6.188044704434928;-23.863793548872298;1
473849;29.42784154485879;13.815550706944803;29.561595626222964;1.8459828449720515;-23.706579783997697;17.435479142663926;1
474295;25.468730084169362;12.531465592172411;75.85705293680043;27.804809044612615;-25.441973568367963;-1.1671302612559882;1
474311;25.888353090351817;12.736261872861881;56.29430526974149;0.49915090585680333;5.211349153722127;-25.358404242552965;1
474337;27.717341378429904;14.63657601660526;27.90600813574315;27.408929135057008;-26.627385115642074;7.696322173071079;1
474341;15.872140511877895;5.87493508754207;15.872140511877895;0.7947820934369272;14.36871267792899;6.742769490937546;1
474347;23.843696652052365;11.875324193967952;24.326170860016724;0.8679353760985149;6.061706165678637;23.060303302343332;1
474786;29.046917419833257;14.191777862323779;86.5465881524238;26.797079050951154;-27.289989538536638;9.948863381370433;1
474808;25.09202982328464;12.064331796148322;25.306654883560178;25.61727622065876;-23.957470300640438;7.459864438884741;1
474841;25.427469663373238;1.2898498637229594;25.42746966337324;0.8324869606412013;15.986916386348451;19.773080638526455;1
474844;23.96719692007536;12.100353164536925;23.96719692007536;12.967361015318646;-19.38320060484873;-14.096739428600557;1
475285;18.824266804674505;5.656546554192014;31.85222511350129;26.352516069194564;-17.398357617060118;-7.186805476876128;1
475300;17.089262985203014;13.45792276504789;17.240780964716873;14.03142927385309;-13.627068914128087;-10.31241495417217;1
475321;28.013550633428395;14.485015080884224;28.12842061755785;0.550561106386622;-17.35201445305753;-21.99242172914431;1
475325;15.486885977641816;12.637529304765723;15.68803963155879;0.8487491757416592;10.51003419674188;11.374656850551359;1
475328;27.80781045253262;14.850175996680635;27.80781045253262;26.56910025770344;-26.503384148328898;-8.416944270344851;1
475784;28.201129834075655;14.350363573544623;28.47519284567911;26.347184995491336;-28.129682502174912;-2.0061620685345014;1
475802;26.75144767461707;14.008033411035774;26.751447674617065;2.6111612471908012;-26.740587073160995;-0.7622044807464688;1
475835;24.04223857121663;1.2403554215310022;24.042238571216625;0.8125128736039068;13.192386310749518;20.099506932839056;1
476286;17.30207323693143;5.720938705277367;17.492367144988975;0.5308170191891596;5.294885558936957;-16.47197393192145;1
476310;25.157750437705428;12.411995310771665;55.075931027812715;24.15658933321949;-22.779768928533997;-10.67682231042854;1
476315;23.596136948304583;11.948315510500684;23.759247090381024;0.6018965324128617;3.8875210214602993;-23.27369457543965;1
476349;24.89615664196154;12.652446946140403;25.42240937232854;0.5236392449730641;-3.3023090850619234;-24.676170088727368;1
476780;17.4334033433473;5.589228194855882;17.4334033433473;27.191594712928065;-17.12245539291731;-3.2779678841303146;1
476800;25.807460782082856;14.280115228090906;26.127190686730376;0.8625329263804047;7.7434829396871745;24.61835705284815;1
476826;17.312312527994415;5.379833357723477;52.53468778252295;9.878321997590907;-11.227582155867488;13.177919562669912;1
477280;26.788386306564167;20.75107522866397;26.88824843987566;0.6285455746387064;21.325438407018172;-16.212443296992245;1
477294;28.1021408170143;14.737276263787672;28.1021408170143;0.5642434096986794;20.470380496303395;-19.25341114805017;1
477320;27.254230775282313;13.61091890877463;27.254230775282316;0.5208717587463548;0.7191484082749068;-27.244741157133817;1
477325;29.174172153937818;13.988326862004543;89.3230903839054;0.4834507403297866;-4.933630139434379;-28.753984324174372;1
477781;27.59634204999113;14.524718900645324;27.59634204999113;24.67601237730968;-25.01250856295752;11.659009817651127;1
477794;26.19247102413595;11.981656427487465;54.13362305402519;0.48985261547995884;0.01830727101545823;-26.192464626186467;1
477815;24.748419570739014;12.093396649554817;24.80709486557449;0.558634907185679;12.525433272776699;-21.344736882392255;1
477823;21.1899879676304;11.50318185124874;64.19291589915139;0.8352938110495141;6.4542398727308905;20.183121109817776;1
478290;29.330014035204943;14.081865383224011;29.46136322370759;0.47681482908402645;-6.383853393652893;-28.626842982656424;1
478302;17.75519263488817;5.462742828911169;17.931533051080823;0.5364577934358343;9.269433519180978;-15.143462871333996;1
478306;24.934266696970738;12.304943053577716;24.934266696970738;0.5075760874099163;8.10775982743507;-23.57926814590084;1
478326;26.087489231104566;12.64723203544653;26.174712858528334;2.8050902522732994;-25.88635456678981;3.2332246481550198;1
478330;24.800079686947537;12.828695562913362;24.933774877504938;0.640173551370501;22.980655623050424;-9.323809286643993;1
478337;26.83828041454573;12.349080142631678;27.774300299748706;27.07793886750973;-26.552896117652256;-3.903460435940991;1
478783;23.98394167108788;1.256540383324789;24.352859478856637;10.324509952685379;-11.603725977630596;20.99006911656573;1
478803;18.01326255740236;5.9404389196580345;33.19008143744924;27.143590190600666;-16.997826769002174;-5.962508959566173;1
478807;25.68016992550403;1.398203733951453;25.68016992550403;11.532799873995716;-8.376375365819397;24.27565577144427;1
478835;24.0189085666987;12.321226261004997;24.18892911628047;0.9282238668958235;12.814691494931019;20.314813575939475;1
478838;28.628801190207742;13.690237130681112;28.628801190207742;0.6113141243872332;20.868212887339165;-19.59913131945219;1
479283;16.10215803489441;5.627463036581978;29.032835900041235;0.8323313211365571;14.692613696406037;6.588368246303199;1
479295;25.005660594409406;12.404937887764866;25.02146109892998;0.9573225468040005;1.590738323604345;24.955011788188276;1
479317;23.771185708257228;12.42080916501869;23.771185708257228;0.9407899171895395;-1.389203245937852;23.730558027950554;1
479321;26.628389636535776;14.007095862895845;82.50857717057697;0.852385502375656;9.583666573180475;24.844002689769397;1
479779;24.313042273477635;12.414095374373941;24.415772624091858;2.604521525253945;-24.281673813990835;1.2346422084402382;1
479794;18.055665108950674;5.472810128659828;18.055665108950674;1.019078619049805;-8.96282614094897;15.674016399560788;1
479798;25.226103563646404;12.136626802703303;25.69272790774356;27.542763804821593;-25.159187977178117;1.8361811819180252;1
479833;24.55845236285183;12.400216906000248;24.55845236285183;0.6097772474386857;18.318876296954993;-16.356538560322694;1
479837;16.938216548115047;5.714961233068916;16.938216548115047;0.764341092487646;16.145135983299834;5.122281123834902;1
480280;26.588720016306624;13.347647676718292;58.33096423659531;26.329040554489108;-26.487993717415836;-2.3121896400779303;1
480298;23.414222626761994;11.566129532322938;23.486103110472193;10.35334122742773;-13.946824464919171;18.807230220324985;1
480302;23.872576288571512;12.011343513007295;53.47086942534982;0.8072344891759826;10.495417164856606;21.44169109910177;1
480340;18.15217118534674;5.359657804142889;30.06812043224983;22.69545221603804;-16.06738323089199;-8.446331443519334;1
480793;27.646598530010294;14.337539539200401;27.646598530010294;0.6021545165873987;22.179378811874113;-16.50483461895202;1
480853;18.505190548482844;6.1353877467094105;18.505190548482844;0.5013932826429992;-14.182590457942974;-11.886808029825486;1
480878;25.351249333117718;1.2219514094807151;25.67105329442412;0.5185532984288578;-14.910425561394975;-20.50280596230674;1
480882;24.87409624075013;12.713171446818462;54.06656797406256;2.831615226010301;-23.995192278029002;-6.553732626108355;1
480886;28.10476249246718;14.059282290213574;28.302172495888215;0.5612750433585614;2.4705874361294184;-27.995961717333977;1
481281;28.652266308313013;14.683206053785234;28.657622416604767;0.49475029810215604;-20.218499570466243;-20.30183833354865;1
481296;26.22408732661967;12.60801254685636;26.710904871034007;0.5349938650489074;3.3574044487932113;-26.008279287207717;1
481324;26.296265511917778;13.912226043998945;58.51151574704506;0.7850956772068872;17.67018653629421;19.47454974180002;1
481781;27.81729660765812;13.627015125393926;27.81729660765812;26.647475142410553;-27.760327148394108;-1.7793895505372095;1
481799;24.166015005668545;12.400568802372817;51.113936507798435;1.0060796977828759;4.839492314932871;23.676477681190313;1
481838;25.9941943061203;11.726708808482995;26.360520946748366;0.4115070652474648;-15.603614619410122;-20.790030024828432;1
482284;17.455962654863473;6.2024251463764095;17.96977532491633;2.5313646283074442;-17.146150694846988;-3.2741637951676226;1
482297;18.600929550710358;5.8928115660353395;18.837627283661185;28.766681115465193;-18.59260419441521;-0.5564615173610664;1
482328;25.058496045204503;12.936445795999678;25.172217083382968;0.8255606555875064;20.164037639330438;14.877493408743126;1
482818;18.071950464028316;5.973626533768222;31.791731591186586;2.574743341362966;-17.792527924175772;-3.1656505874335816;1
482831;27.35175539122321;12.936468370193207;27.444819950206988;1.9466471786608788;-24.490018929728826;-12.180209185512034;1
482877;24.34388609157551;11.705651822334094;24.402653332559794;0.6233709030152274;19.319532210342484;-14.81149773699955;1
483280;25.198282404529127;12.55815226985264;25.198282404529127;9.970512707891313;-9.442532932320265;23.362191848378643;1
483310;25.363108001843603;13.470155088890293;25.528001932165637;0.7836590642536633;25.057913098693632;3.9227845532862466;1
483363;23.97803946652793;11.954400664418259;50.882853775467254;2.6643069363085337;-23.54253489757596;-4.549222708857992;1
483781;29.763289646697494;13.829899018129932;58.85180864066232;0.43283074006789357;-23.85657719293674;-17.79654840778573;1
483793;27.376315493828933;13.8188977928575;27.376315493828933;0.7629272382274328;13.741611775984325;23.677642530788134;1
483820;28.97498536775504;13.942158177043266;28.97498536775504;0.4336978067565193;-18.00260616742797;-22.70365495337927;1
483825;23.440192126755242;1.197688939105766;23.44019212675524;0.9262416787013649;12.010784899478452;20.12917417674304;1
484278;25.917711762478543;1.3378235501508058;26.12632160867963;0.8479194930234303;18.59741828480347;18.05169842820825;1
484294;27.918799259826308;13.726839222226943;59.71084460752983;24.166435614371686;-24.80301502853881;12.816777972819693;1
484315;27.030441052272085;1.3549994055869015;27.030441052272085;0.7134036645007708;26.067760535985627;7.149587688731877;1
484319;26.585687308904454;1.397761016093684;26.585687308904454;0.9597240959390791;-1.2639834827962921;26.55562304752162;1
484332;26.537746684664693;13.509326005065343;80.40454087089108;10.88916018000739;-10.354852287875433;24.43417756331718;1
484778;27.660284642279947;1.3442989342666576;27.660284642279944;2.5569099815743472;-25.798676363010433;9.97595330826055;1
484797;24.796749781853396;13.316618314792661;53.300068454100526;10.92680669542342;-6.9315471390366;23.80824340440008;1
484820;25.8109097474001;12.988502793461022;25.8109097474001;0.5076415843493757;-7.031832805614636;-24.834580515529456;1
484824;25.968491415429703;20.788457643706547;26.334555176665926;0.6356854721176854;23.770912253616917;-10.454964228733228;1
485279;27.00594486710161;13.925608520688268;27.18986052019609;0.4931594649956938;-14.037849788794105;-23.070757063264853;1
485303;17.136892508654082;5.5067789053514185;51.36666847593358;26.296751130913595;-16.523126306739236;-4.545259278050721;1
485323;25.515392314263156;1.239978584070805;25.626878098991718;0.7064793607659132;22.14829131212993;12.668403092094488;1
485327;26.410030349152997;13.185547165810512;26.445751099546914;0.4456060795033122;-13.166206280907927;-22.894119664485093;1
485331;26.51749169243535;13.379944176201809;26.51749169243535;0.5238952990626966;2.493709864881678;-26.39997683272032;1
485778;26.78866493063931;13.123637514136165;81.07488730527704;0.5918009873494012;22.21519490662899;-14.970560578233195;1
485792;25.263590973667725;13.650525968681388;25.889961082095578;0.638525174932337;24.55248420406819;-5.951852509409766;1
485824;26.386990946995258;12.801052559051694;26.386990946995258;1.0158147224388117;-13.715842944983034;22.542159247626852;1
486288;24.88264101084295;13.229085455586098;58.13036216325152;0.6926056312736499;23.70185434996564;-7.574161606903984;1
486304;28.51556859041215;13.44372197765069;60.64363953213171;27.19950330022167;-28.172604645544084;4.409308281393806;1
486333;26.4624336330587;12.344556981540409;27.34401325133133;0.454968542364285;-1.1969452968790821;-26.43534973743142;1
486788;16.112000075094382;5.575746241703161;16.112000075094382;0.9575811874224333;-8.477120280958221;13.701641440426334;1
486818;27.288932883958523;14.053786767016579;27.288932883958523;0.5691676109298859;19.879089628879097;-18.6951237886296;1
486823;15.64774911347222;6.272637441318479;29.465819319011814;0.9974499010846675;7.134451027719302;13.926652894764256;1
486855;18.77707790420624;14.950506744191808;18.77707790420624;0.5030451224522562;-13.687371025262834;-12.854358367395305;1
487288;16.90269043719378;5.877139186986484;17.19686118112289;2.5387535962345895;-15.764470030490605;-6.097739636403444;1
487304;16.109620571420102;12.43039923372402;16.119139782411956;11.021671556322582;-8.25199153348302;13.835624694477886;1
487334;24.24800359853674;19.999129932107763;73.53686638055989;0.6874486040538688;22.017832907495883;-10.157790732843537;1
487782;28.974307331806024;13.894820379445177;60.8501790201339;2.6476753136141125;-28.204174821463553;6.635887883190137;1
487814;30.44492315688819;15.676347062811335;30.44492315688819;24.336365764216882;-30.018362466279918;5.078509709734128;1
487842;26.245423882934016;13.094155405666262;26.53514162112519;0.9288716395856176;12.386107277201164;23.138855229084857;1
487845;17.078887546297185;13.465142184546991;17.078887546297185;0.6941606704728086;15.360831859365584;7.465470139740988;1
488284;24.972517363571246;12.148205170589238;52.30226319310526;0.4339303161022728;-4.1182336597058855;-24.630606468333923;1
488294;25.395040962542584;1.3074388793413765;25.395040962542584;0.8017441970928185;21.21873476429563;13.952541004838073;1
488298;26.222148491934067;13.172222250773343;26.515559242739343;27.193557227667522;-25.908206511707675;-4.045479808347595;1
488326;16.83520265028591;5.143260413646818;28.735342212649762;0.6315535672842394;16.80612586205637;0.9890307300149326;1
488329;27.350694222664483;1.305658127050575;27.583744524525876;28.686752369554593;-27.095581399795588;3.7269213928849663;1
488333;16.430503249536617;5.277658466966793;16.546577185613106;0.7300907778718888;15.991593463003836;3.772316999808779;1
488781;27.554353072796935;13.67670949643207;27.554353072796935;10.922468862856892;-19.663451268999673;19.302617891157382;1
488795;16.445177932401492;6.061416526614656;16.627965297247865;0.7675049213343014;16.375010618707336;1.517532360632575;1
488819;25.865557244196083;1.309022633878824;78.23638298490162;0.6543113236153527;23.384375610788286;-11.0543217271054;1
489283;26.33513146058996;1.3365075533626858;26.547332652474452;0.48311100004778396;-10.128929241556635;-24.309338564964985;1
489305;26.95527213875738;12.91419688502925;78.55779579376994;0.4190885587531191;2.640887878925718;-26.82559239393257;1
489329;26.253651207518676;13.082584572029337;26.452978898719397;0.6810698609471776;-1.788407747017615;-26.192666902330778;1
489333;24.442940304964115;12.270867386827902;54.02125762760481;0.707431692184127;23.429789660447334;-6.964358349427059;1
489787;27.92019147163055;13.427003113707633;57.65200376595531;23.85639407842146;-25.02755090474094;-12.375733817560565;1
489808;29.63769583715001;14.295549965598024;30.417233325402226;27.049745855764137;-29.288645337122936;4.535225336369282;1
489841;23.586177815492405;12.102317769876313;23.612788091623752;0.7774496628735248;21.112423306323645;10.51538711026029;1
489845;26.12101708654738;12.978037269635795;26.19896082919987;23.471906580304598;-23.094406681490298;-12.204749635516345;1
490280;26.4114389430307;13.560731391239614;26.91377108514284;0.8703324819443089;10.502819961522706;24.233342317915593;1
490301;23.675193787803977;12.23504768968862;23.675375826187725;0.5985998620289066;15.493331342748577;-17.901717369958575;1
490329;17.948281712540428;5.37096162315855;17.948281712540428;0.5037517366233527;6.720650983826688;-16.64252585355668;1
490336;26.586005669345464;13.927929159661144;26.72708884715445;0.8040961531158793;7.180043993771466;25.59809886882179;1
490782;23.896065099839443;1.216061685044611;24.01624849182544;0.8386098821147846;17.65298404724444;16.10571580164936;1
490798;22.86727380226278;11.974394055477596;23.041669333499897;0.7452723075585013;21.14190967624063;8.713889280300528;1
490818;23.04117513244955;12.0780586658312;68.7309362226355;1.0188017976885793;-4.001941120156798;22.690972186202373;1
491279;27.423704293867377;13.676863214496464;27.7177577495302;0.6476345570371574;24.807382327615745;-11.689881917666149;1
491298;26.62884728293191;14.327691937985511;78.82748028509866;0.5303821725362926;-12.810827983253871;-23.344768022004196;1
491323;27.041896416478735;13.816434712145817;56.974459767241775;0.9621488808358905;11.342306632517687;24.548243156150924;1
491327;22.76596483998682;12.198341529930861;22.76596483998682;0.7739680872890532;22.538223430409573;3.212108294633472;1
491788;22.380558768814527;11.320849709410304;46.45223090498655;0.6613760158650138;22.23308553264039;-2.565018226574097;1
491807;26.04829994001601;1.2461854374007078;26.048299940016012;2.662274107091967;-25.691682383971877;4.29550765872291;1
491833;29.241541655365836;14.701141581979876;29.241541655365836;0.5690479177128487;12.04571863535589;-26.645232611863893;1
492286;25.55705856509017;13.323213995376618;25.70160820409794;2.5557728304783667;-25.556966124940963;-0.06873854863765265;1
492301;26.250849054491066;1.4949793470207104;26.250849054491066;0.8169202609465915;24.832246398288888;8.512732516433438;1
492321;27.752797229667536;14.122762943663592;27.752797229667536;0.5877940367789085;11.930064380487163;-25.0577596354597;1
492332;26.204287970389718;12.815454967158322;26.2219280238683;0.5150192400318511;-1.704103583384661;-26.148819074906744;1
492523;27.194805429780153;13.99765340650701;27.194805429780153;0.713178012128618;27.135471184326036;-1.795451466403759;1
492786;24.86639574130765;12.743090752215034;24.991696172393375;0.9077031759523474;6.531280314474842;23.99333271175717;1
492800;24.274203461337112;12.984781846616723;52.09463267758031;26.074989725590456;-23.688404299073433;5.300608969357202;1
492837;24.210975989776045;12.810562108109046;24.210975989776045;1.0055758500827676;7.864240125762751;22.89814589921759;1
493305;26.34453432469906;12.973302255886443;26.344534324699065;0.6220172026668431;20.67429872790609;-16.328130967583146;1
493363;25.82609894227744;12.898272257632438;25.971682475382973;0.590980654287638;18.116136401285072;-18.4063301194545;1
493449;25.75729854867976;12.846594257444446;53.60584223999163;20.06768984864615;-20.201020743624458;-15.979899544160936;1
493454;27.500612836824043;13.41842255310474;27.500612836824043;0.4888432467777987;-13.409224304158856;-24.009923156096246;1
493785;18.56531792326207;14.954106839618728;18.96248569629503;0.4746969448421113;-13.257358040923181;-12.996672165080005;1
493807;28.875733143898014;14.754198744452127;86.28740380914391;0.5626516466490291;25.32737014101209;-13.868391627646643;1
493827;25.708078157072002;13.024639104992048;25.724557102464;274.9165809054468;-25.70006175590011;-0.6419565974762038;1
493831;23.57588997746376;12.824419994233027;51.93775207856717;0.9173228258140275;18.45723161612601;14.668101080172399;1
494287;24.23798456973583;12.671063423599355;53.98548976758929;0.7245268946704346;24.237856041591243;-0.07893357872902343;1
494310;25.210497596308883;13.043737997591643;25.483126124212585;10.319182013868485;-6.797432362164162;24.276822327794452;1
494331;23.723135968649483;12.579245630221399;24.24547768845024;0.9299698404745297;12.355333558195143;20.25173851432928;1
494335;26.137778747911803;21.42582149473259;26.34802655273878;0.5670248034745958;24.312322507747233;-9.596585442441352;1
494364;26.681698759027665;14.650554343268078;27.263686218603404;0.6904247716316487;24.037814923270382;-11.580004420642423;1
494780;24.286784218052386;12.117690600930002;24.28678421805239;0.844512630984398;19.242458758752736;14.818085860594094;1
494790;26.032428401757358;13.01891270115426;26.251201083981428;0.5034821008013457;-12.544357844840729;-22.81066449609055;1
494794;24.95795052500236;13.171039185252058;25.230406138784552;9.56185776604516;-4.850675961697635;24.482039072002852;1
494824;18.869181258638925;6.3880111472360275;18.869181258638925;16.64792878675407;-14.843340158194318;-11.649946537195195;1
495287;27.457448908173163;14.076940213770612;27.457448908173163;0.6887265885758607;26.749375959198407;-6.195351994713292;1
495300;24.54092025150202;11.465975177992437;24.788621685635107;0.8808151415119977;-0.11993619975950114;24.540627174108025;1
495324;24.190174324707524;13.075767654686178;24.190174324707527;0.6996972656823742;22.993752427855718;-7.513446821946534;1
495788;28.24957581009064;13.680967953207759;28.804971969243663;0.8266520592392593;13.487827894879407;24.821704859420336;1
495827;16.16455197298984;6.240707033293262;16.16455197298984;0.9087854744776209;11.405916506977364;11.454161214307709;1
495864;28.96080299676565;14.70206043750723;60.604344744057634;0.6396614502434962;21.759691044487553;-19.111356724887916;1
496291;25.884054170663024;12.780330255013185;54.848014353571955;0.4967811770485332;-12.825156041230468;-22.483318990485092;1
496313;26.98075127962071;12.97521619370525;52.002913452219964;0.4496343650819759;-14.999746102438845;-22.426960482310687;1
496339;23.53783931840257;11.359853578398235;23.68826692026468;0.5793052610981727;21.503094372157204;-9.573234155761524;1
496342;26.978623725086763;1.3384215927008782;83.6204189616942;2.640533067007719;-25.949651878837134;7.379817441304272;1
496774;25.16871156247966;1.247978201653831;25.363467895929787;0.8398625310013633;10.203358832916981;23.007727185492104;1
496788;22.84337627557606;1.2488693123810366;50.576697308084526;0.7096782720907463;22.802261922457692;1.3699236793293017;1
496807;26.311179046604476;13.498649747520158;57.79830225643107;2.58201544841037;-23.554233361121693;-11.72502595273462;1
496811;24.478977045528698;1.2603021981571692;24.478977045528698;10.243274483841725;-13.479518268841943;20.433377215611646;1
496823;26.295325462887885;12.73399503597104;26.29532546288788;240.01724244705264;-23.249482249888292;12.284368779523396;1
497278;29.36403631173124;23.51830364110126;29.805450192834183;23.446707544279988;-25.933867346066624;13.772478099212575;1
497299;26.348907350637095;12.748431016489794;26.3489073506371;26.45175199799299;-26.335256955700135;0.8480328116913963;1
497319;27.341984942913086;13.348008225601944;56.424470304959286;0.4969545162360242;-6.967152864225033;-26.4394198420655;1
497323;27.401634893240153;13.255024787652218;56.355454362119346;25.001777789219297;-24.90058657373957;11.43723669013355;1
497790;23.74268689059661;1.1997296264315194;23.74268689059661;0.7167725982119618;22.94916109694593;6.086968517359987;1
497810;28.671699001427797;1.439637654287012;28.671699001427797;0.5683643358851104;1.0167171827421047;-28.65366660305087;1
497835;24.999287589732823;13.172053520374334;53.172735632050454;0.5943476869180301;17.25534720822932;-18.089150690887127;1
498287;25.069881241390135;12.84991987266361;25.4980981134459;10.271497276781762;-6.413909983546478;24.235525663380354;1
498306;26.389505413634947;12.527821864385041;26.389505413634947;26.62954745481207;-25.947835159426624;-4.807894187218731;1
498328;25.21815160362981;12.493354372224143;25.21815160362981;0.5241469121625851;1.9314841548889141;-25.14407562952096;1
498332;28.492551351703238;14.145546622390006;60.807797152873086;2.7044770163523806;-27.589032660771736;-7.118339649968699;1
498796;26.95649265087776;13.609118849420721;26.95649265087776;0.6489166657198765;26.492731415484336;-4.978722545376073;1
498810;24.57940635332091;1.32416610756819;52.77716346036735;27.540398914647714;-24.10547730826363;4.8034550505297195;1
498837;18.798016082361553;14.948007661997941;32.11661189015682;27.999597644696372;-17.803459400438957;-6.033427053478425;1
498841;23.14246848984551;12.197926362276856;23.14246848984551;27.009896985449558;-22.684844300534706;4.579485436595509;1
499285;26.604923308729937;13.372734617523562;79.32114208492301;0.5194634665767105;10.366655782190195;-24.50213035956229;1
499298;29.053494680680313;15.017758091864945;29.053494680680313;0.7380921386862079;-2.268023469973536;-28.964834242577126;1
499329;25.671111758733886;13.30793181108526;26.108541367203028;0.5286094343323393;-18.691654561622848;-17.596250415312035;1
499333;27.10826183786294;14.379666312879257;82.93079883712461;0.8301556307787206;5.463303443719689;26.552027706975164;1
499794;28.870206266174062;15.135118575516826;28.97404319855657;0.5635681227138687;2.2570509265543635;-28.78184377287835;1
499820;28.751621332337415;15.302648168373326;29.055795962732358;0.5391692212206055;-10.26870049041613;-26.855344337324134;1
499843;25.02524421555924;1.3417463115842054;25.443506459533822;0.7503060188835032;24.825787100544996;3.153274946273305;1
499848;24.958252177435103;12.501897956424775;24.9582521774351;0.940901519436636;5.54660453530591;24.334122747314478;1
499852;26.053853159971958;12.487650742624647;26.05385315997196;26.266332034661133;-25.08790791423238;7.02852338463614;1
500283;29.862305501817428;1.4881531233086196;29.862305501817428;0.521487240845884;-18.073972346597007;-23.771596780576647;1
500306;24.99441258763795;12.68351195260685;54.41302837133418;0.8500621898019801;13.083071517052112;21.29680493127488;1
500334;26.3036530141664;13.990405416077957;26.646779391720774;0.8674298948653565;11.977024072894032;23.418647617806243;1
500780;16.258250846761808;6.537407439917633;47.94372410245365;21.004495682892987;-11.990065827865468;10.980393528452604;1
500796;25.210051622096326;15.113819856398715;25.33070902260506;0.729870217735118;22.712752517949713;-10.939724669621745;1
500800;22.77811449477908;13.72187881428932;22.77811449477908;0.6150853750244362;-14.48098159025207;-17.5824819670047;1
500827;17.494079617316732;5.659859149178767;29.88650116993055;0.9953337433918144;-5.945179231890122;16.452892315873193;1
500831;24.301781255411115;1.313257434819204;24.514007973826867;0.5839751623221836;-1.1253510237435551;-24.27571126165432;1
501283;16.255411153254617;6.263588302362151;30.979731023617198;2.5233491927915863;-14.88138450766146;-6.540855211399199;1
501294;16.47855087075899;6.364704769127046;49.42791078689725;13.644079063029778;-12.884200977661738;-10.273266470184263;1
501331;16.55861265611946;12.987534489259271;49.94376395919281;0.7888762684176374;15.065069112623405;6.872506509802654;1
501335;27.971105015691993;15.204446981680915;83.7190824331341;0.5264256659873574;-9.380509554683764;-26.35125720517631;1
501784;15.881591321005372;6.136999436347253;33.60502782507867;0.5980741335237206;-0.4986867715105237;-15.873759932396407;1
501802;25.486803703096143;15.419404016699854;25.48680370309614;0.9429133489858721;7.140185730195293;24.46619935213622;1
501806;15.414662098413883;6.72646677319717;15.414662098413881;10.58169269508206;0.03304743218699547;15.414626673244582;1
501846;17.547238466614132;6.221096976968441;17.547238466614132;0.6382846589899331;11.104453304543176;-13.586636618804626;1
501850;23.533729019388556;13.490368030473896;23.533729019388556;0.7756807581763678;13.786113701966489;-19.073003710859567;1
502278;17.483671304357156;14.271446663004909;17.483671304357152;0.594538355043986;-0.38701686292795656;-17.479387295515;1
502335;22.635281153241614;17.888778454826884;55.16639636430587;0.8453571302987833;21.2750579972866;7.728380172997867;1
502340;24.567748405371194;13.173268596733934;73.33939655153613;0.6185832708110652;-9.08906340399151;-22.82461802852002;1
502365;25.41363023701652;13.99840726470862;74.54829285073191;24.922173025372334;-22.610846073306078;11.601820618896822;1
502369;17.631600097992123;6.631634302889235;18.006323653320205;25.663291329344332;-17.032266295484;-4.557984955573637;1
502777;25.622499136933573;1.355151172870929;25.622499136933573;0.6738431138520625;22.46153370305673;-12.328502168901473;1
502794;17.749837877906806;14.058726824354622;31.584403051644394;0.6102353940569203;8.488140028353053;-15.588721036411096;1
502816;25.969620986177674;13.22352124938159;58.143465662228486;0.983350032890881;-14.68116612229268;21.421591338072098;1
502829;21.72985124627432;13.289902282011099;21.72985124627432;10.371185860794917;-1.7553123325024518;21.658839160965538;1
503305;17.404028512188795;6.398375933997376;17.404028512188795;0.5606639110212458;-12.17874030454534;-12.432959947153511;1
503422;12.507292419333615;9.847738257006656;12.507292419333615;0.8586430633184349;11.728457535417437;4.34461131778552;1
503446;24.15891988590889;12.545210241674353;24.3442153301002;0.5418521615737437;-4.0617498815153565;-23.81502882538197;1
503450;22.650827339058164;13.200562834677758;53.86693582712362;26.21639197800192;-22.005613000593467;5.36777194112571;1
503810;24.425111304194424;14.074720510484276;74.36488478393355;24.568423779346304;-21.373053560949984;11.82280185501937;1
503846;23.881642662182454;1.2152033985832857;53.67671805288684;0.8823884420954666;4.413803410734345;23.470219336332647;1
503870;23.987417985288168;12.492442485532166;23.987417985288168;0.6238772735190635;15.43691246607969;-18.36022753441579;1
503875;23.544727351627408;12.610539667003065;55.19249786404553;1.0162968795219487;-7.8038326758347285;22.213833114301682;1
504297;17.496961555236762;5.92370567104466;17.496961555236762;0.9609503982668938;-9.768860803809485;14.515957504113462;1
504309;17.015484907406066;6.772682295639448;17.752075606664523;0.7541852134852982;7.685528540548876;-15.180888567095547;1
504336;25.324337186891118;13.852662691238823;25.58716891159603;0.5051768602227131;-5.564932473747081;-24.705335061844263;1
504345;27.00766990887022;15.06980174575134;27.00766990887022;2.45154326406382;-25.589511528244234;8.636615868055577;1
504788;25.42139732326379;1.4453652871509561;25.42139732326379;2.3500209129442617;-22.978633005865085;10.873355831987249;1
504814;24.478257076351543;13.470191770258673;24.478257076351543;0.7202864695872284;24.467913856821326;-0.7115201972715985;1
504839;27.91048579994387;16.036489381288074;28.359329578713297;0.7543887416107286;27.210589036840297;-6.2112045415567385;1
505280;16.70844272231088;5.575878935529519;16.804100201304326;0.5199580799479141;1.9791969789725936;-16.59080581295463;1
505291;29.1194797107316;1.5583941314394116;29.1194797107316;0.5179203195123786;-19.0250051524654;-22.045255216766584;1
505326;17.108436348590697;13.626282865176982;34.94016528964843;0.6608718986176451;12.157547132482376;-12.037135955668562;1
505330;25.58501297912425;14.795011420934776;26.035048785359308;0.7643454827239421;24.684754794843027;-6.7272408802146;1
505778;22.112206866535473;12.724947840962235;22.85939397653917;0.928506340537295;16.87640248750782;14.287642618294257;1
505799;23.607905391429917;13.008385780099895;23.607905391429913;0.6712668337000222;20.833580232469107;-11.103834097642947;1
505819;24.58013304252141;1.3657476153704713;25.355550090903694;0.5607087997538078;-7.124644464713344;-23.524931065562814;1
505823;17.5808855022926;6.136462084253626;32.685141825559995;1.040641065065281;-7.135367815866197;16.067795778420354;1
506303;25.696145470963298;12.943294147168636;25.696145470963298;0.5134839710483217;-14.88936744732586;-20.942746455119504;1
506395;26.283855759649658;15.46761469255849;26.4971679076719;0.7180298662836729;25.046310226468382;-7.9701579428248355;1
506556;27.5933402320252;14.267090372953923;27.5933402320252;0.8319602877999249;14.615694625346961;23.40456997637223;1
506803;18.85334115141057;5.802832351296969;33.91904305200854;10.161019532182141;-9.505106202539437;16.281935654273962;1
506816;24.454827225116496;1.2747462016205668;24.700219565109716;0.5621646520351832;17.614132825695368;-16.964106207197002;1
506839;24.07614127995282;13.001309734001415;24.07614127995282;0.7654672297590244;23.981995422227204;-2.1270812162495494;1
506843;24.395837248773326;20.32043192649108;24.716751143753825;0.8473964862354866;11.691359057259074;21.411889184816978;1
507292;24.41966206319844;13.151819745521458;74.0157573597752;0.8365607867509669;9.693950099883008;22.41310390690659;1
507306;24.17041947218231;13.141898430632406;24.17041947218231;0.9260252320001902;11.443764545863639;21.28965548053994;1
507310;24.114419365735607;11.965245367241527;24.114419365735607;0.6713084806811395;23.174320501414;-6.6675400744432896;1
507333;17.834524097121854;6.611957701886813;18.17024359298909;2.625469094080848;-17.13687658594713;-4.9394038758576;1
507780;25.65567854391301;12.550416804903245;75.95692870781096;0.9350109417702641;-9.275658924850475;23.920200522956325;1
507838;16.55685923631127;6.343785827131824;32.952468631828594;10.737535455413113;-4.325724856231326;15.981792522718102;1
507897;17.301759633767475;6.046324156311042;17.318630032448265;0.8402673736776182;14.764988354659376;9.019202032964925;1
507901;26.012743679806245;12.523067806594888;55.86395457559275;0.5300736146681613;8.103103410943698;-24.718465746539618;1
508292;22.988352024865463;11.169382915459312;22.988352024865463;0.899402565842828;9.01095890384954;21.148686683864575;1
508305;27.629614970301187;13.186145663271931;27.88430166166573;10.090847280244205;-19.8340745319783;19.235516911874797;1
508326;26.847858769472484;13.111638715911475;81.87185233657388;9.842229393200673;-19.79519789694071;18.137189989810846;1
508329;26.759527302677366;21.088258053198615;26.759527302677363;2.6596485585017025;-25.865789963327178;-6.858076336391889;1
508334;25.80722059357139;1.2978264835357394;25.80722059357139;0.6285597331341483;24.027989830312116;-9.416386752872508;1
508785;26.858491319267824;12.216214959646178;26.858491319267824;0.9928990706392937;-10.036251703371407;24.912892399192824;1
508807;27.37813356452023;12.688685272087527;27.566857512549422;0.7058614160551175;23.93560543027293;13.290936391503731;1
508863;26.415989983079765;12.100478230756602;26.53469899266476;1.028110079828476;-13.903154899564864;22.461229054191936;1
509288;27.30836980011211;1.237255913469642;27.30836980011211;26.948457354130415;-26.78549346084171;-5.318308114323687;1
509354;25.76101480023136;13.179496113855187;26.29076353025706;0.5353027135462582;9.803678394022418;-23.822631539868077;1
509362;17.86474176626109;5.733769718200531;17.871775518610328;20.977749880558164;-15.292683052966236;-9.234871055770768;1
509383;27.263829205182176;14.491679030001475;27.263829205182176;24.620679816149853;-23.254618168589925;14.231623827323146;1
509387;18.44612534500836;15.018685342796758;30.759986286418656;0.567512555612392;7.715943149143197;-16.754813086482045;1
509391;28.450556331596083;12.96300948205102;59.4174857187714;0.6652114742424131;25.26494918116401;13.081150501791576;1
509781;21.29126236891078;12.326569914862983;21.611406268919456;0.7978711888787026;21.172362649689873;2.246978658513114;1
509796;25.434211100697077;13.754654026398851;25.704118932241208;10.479814808422011;-7.800850939353908;24.20838323673854;1
509832;24.773947090777845;1.2603583603591786;24.773947090777845;0.515049153743097;-6.991110011937157;-23.767053567021136;1
510282;24.924353742665307;12.93142240671963;24.995431579061812;0.6276887955058954;20.714943277916717;-13.860538751513486;1
510303;26.243348134051242;14.206354357909252;57.822487049708045;0.64726862357185;18.541628064925987;-18.572058313147732;1
510328;28.820290883674126;14.702470357691752;28.820290883674126;0.5556336990455211;19.84849600781847;-20.896085108153734;1
510338;26.04916297933141;13.7418719367739;57.109744469572874;0.8440368672918337;18.943131346874097;17.88062265970752;1
510777;18.340450436960445;5.672880247884061;18.46143952689482;0.6644436641773772;18.055446915610457;3.220707827198151;1
510786;28.972102175261583;1.401990265031674;29.451096188331427;2.531506694259542;-26.045605672348113;12.688937292553096;1
510816;29.44219912697667;14.32998201494448;29.44219912697667;0.8953717615444353;-7.028179400807379;28.59104376798113;1
510819;26.072790885145725;1.3082844490454124;26.223249150437862;0.591417365656593;20.11528471240518;-16.58812061324056;1
511290;27.826053659427828;14.053381099788535;27.82605365942783;0.6398738047970038;22.397364026819883;-16.512036425210294;1
511315;28.961471567862038;1.4394638869847594;29.60406307641321;0.8855133815134705;0.11075378570239729;28.96125979606263;1
511320;26.418985580652766;13.133823692382364;27.038814911297454;0.6392433206654613;24.55427850799231;-9.749369521291397;1
511345;17.719109423993604;14.751159041672377;17.832197599291447;0.5457175677294257;4.1956521591511855;-17.215206700439847;1
511348;27.07750632566126;1.3521517724475038;27.07750632566126;1.024740707273379;-18.095314312768846;20.14326062826792;1
511782;17.498592112908685;5.975339680533906;17.498592112908685;0.6439010303634585;15.269367135972983;-8.546762732217285;1
511824;24.356866165530295;1.232074629912325;24.356866165530295;0.9334176584388871;-1.8332509283914533;24.28777718193055;1
511848;16.937115343416597;5.944933461676565;16.96950317278846;0.6806139887977564;16.927009565092334;0.5849985807423469;1
511852;25.682920638819056;11.75623359441052;25.968724706529922;0.4724931316574476;-2.9562590800932464;-25.512211679727887;1
512305;25.436537289367095;12.21195203112571;25.8255069591226;0.87305081593226;-21.53303362223729;-13.540527770251835;1
512323;28.441787167678882;13.158996261416526;28.441787167678882;0.4769883211165764;-1.518931926842724;-28.401198972810302;1
512468;24.047718801195447;13.621032700601958;62.414955189537075;1.0380535919064229;0.8000648101910662;24.03440608462924;1
512474;16.87137262113948;5.844730603709561;16.87137262113948;0.7583786672199583;16.345705403101817;4.178651576327333;1
512776;16.55097208432608;6.077495402510941;16.55097208432608;2.647788959667362;-15.613181721715941;-5.492106468452375;1
512806;25.08110262321036;14.667866980624444;25.08110262321036;2.4137839485893378;-22.165018074329815;11.737703461948685;1
512834;25.62662886106693;14.826572452181486;25.64886688940343;0.6461949222479771;24.238805247250905;-8.318919819826998;1
512839;25.820903259652166;14.729826002716278;25.820903259652166;0.9758313472158575;10.167153268051026;23.73495396178967;1
513274;29.126772902171357;1.5266378477046436;29.23773596774457;18.682319011570552;-23.085988525212503;17.75967436380578;1
513288;285.8582192462557;15.598542124763204;287.7614082858157;10.011014899091546;5.467345403487038;285.80593003798816;1
513313;29.776401845024182;15.567983229012187;29.776401845024186;0.48883490199284524;-13.882349272861306;-26.34225665167369;1
513773;23.351481281696053;13.026762474231461;23.681473377201996;0.828676412261983;22.748753659572138;5.2712318280933514;1
513786;25.80186763068384;14.649322666883892;78.15787536740974;0.7816266021143274;25.7547537622834;-1.5585351697923284;1
513790;0.05574111160148804;0.0441082627189243;0.1289422579373225;106.90960534193943;-0.013632159220897524;0.05404845749460056;1
513822;17.521001364271758;5.7604590379905645;17.559965747954923;0.6284526195579452;8.759861553718286;-15.174001264218383;1
513825;28.377548476173956;14.69217977555113;28.377548476173956;0.5934325895116717;25.837967583222987;-11.733911908904076;1
514286;15.79443019538391;6.513170885699758;16.173712354645552;0.8928485569712735;14.10338356907099;7.110456884090743;1
514298;15.353925513585258;12.178784802858996;15.776104583565491;0.6889091906699659;2.0356466309207946;-15.218382682491105;1
514359;16.113706744924766;6.286804370261928;16.113706744924766;0.8239046416788445;14.414128923033788;7.203084926029592;1
514370;8.629706067672982;6.920218559860702;8.629706067672982;0.7538209169519221;2.029704016269206;-8.387617565242978;1
514788;19.544014316586647;15.390727185902133;19.544014316586647;0.38884732114015447;-15.012961856398562;-12.513171936214484;1
514810;25.068965400252463;13.01159120545245;25.068965400252463;0.7636301543575083;24.378650035145416;5.842469401114528;1
514814;23.503801376655545;12.244895350725901;23.670944954744556;0.738861515971909;21.26753029510501;10.006039890989122;1
514849;255.36824002025728;13.48816028945141;256.0575267076686;0.6165671086217505;255.16444291208052;-10.200249232804783;1
515285;7.112574833409227;5.605920093773544;7.264767138990418;0.6758276284250494;1.9516674651352013;-6.839569786644408;1
515304;323.99749124624134;14.619131605401863;323.9974912462414;2.6985584251067056;-28.78683092748736;322.71611781720867;1
515329;28.607172674538887;13.673672925988697;28.786881090894887;25.853864891984923;-2.5530204780985404;28.49302396849611;1
515333;25.227076675945057;12.874922545843134;57.703222690652275;0.8383544298815685;10.455391157775825;22.95844492451338;1
515790;23.727098035016468;15.158560738150479;65.8609014988303;194.79564227346398;-23.66255024258011;1.7489703201181872;1
515804;18.803225987561817;15.201705022274732;18.937387705525214;27.0169792612862;-18.35319472226298;-4.089199313559844;1
515833;28.24496056824983;14.849652526622526;84.6235081023652;0.9775640856283183;5.929931205650642;27.615461491675973;1
516284;16.16216693644979;5.353981955843071;16.16216693644979;0.5463668080196231;6.880301305389406;-14.624537395375198;1
516316;16.54405481330478;6.070394911079883;16.54405481330478;11.056877029752485;-8.508723297384668;14.188283106640366;1
516343;15.589006420785429;12.51383480210137;15.929890037360684;0.6443692238656976;1.8948925250287412;-15.473412794399286;1
516347;31.315695407372672;1.4888809838654102;31.31569540737267;0.4368098532417174;-13.129549189666571;-28.43040127967714;1
516792;28.93876655828254;15.010187703926615;29.25906557598352;0.5074215028138618;-6.234167645598444;-28.259288095798617;1
516815;17.049364963974202;6.169489998798376;17.049364963974202;0.8947455904815085;-0.3491992087391626;17.045788500019793;1
516846;13.28204211442339;10.960232080610618;13.28204211442339;242.38235196993313;-1.9002756907323166;13.145402048949602;1
516850;25.174125808363836;12.451941993962663;25.174125808363836;25.75897270624854;-23.210886657737447;-9.746350638931268;1
516861;17.179815086411832;13.330695980267066;17.179815086411832;0.5846610953852194;11.81927336966993;-12.467991956057514;1
517318;0.14560717762263872;0.11592892294237632;0.3860708446310451;22.283625125096187;-0.09235087736096828;0.11257337885081915;1
517354;30.369411551267582;15.134246812671826;30.87030386373032;0.9240825771764992;13.92540315902009;26.988595829146394;1
517378;12.46834144086851;10.109707735892291;12.468341440868512;25.601694211839476;-2.1261022629612323;12.285732678742045;1
517785;18.1165519134973;6.627342899232275;34.56653756701254;0.5318395339519638;-12.87029563794714;-12.750095820278434;1
517798;5.819523537413018;4.642511469303265;5.937573320807533;0.6340143619740471;5.701891266783942;-1.1641693108294604;1
517818;17.42614107396324;6.7367710135866465;17.441511982044023;2.3373747162470444;-15.519556559900417;-7.925513037887241;1
517823;27.196936260266657;14.614782357104103;80.87812707011183;0.518970660299556;-4.183097792946133;-26.873314548072713;1
518293;9.547551963615476;7.613514289960125;9.547551963615476;27.482001353520587;-2.0093586918810313;9.333714488096359;1
518307;24.03035121539998;12.592385977439651;24.0728663397672;0.657581827736104;18.954201885740407;-14.77145931890516;1
518331;23.831932423061446;1.4567107413225948;23.831932423061446;0.48777069152450325;-1.5876968842378276;-23.77898697634424;1
518782;26.36626706221459;1.4746021625112187;26.752134678306927;2.524969249327083;-24.86608790574707;8.766852973540804;1
518802;13.816287346558077;6.532423058346603;14.004446394955176;0.7699975233895271;1.5409177175558235;13.730089898845652;1
518806;24.413129890313062;14.519897761183527;25.60421052987013;1.0049378578629322;6.885210769957657;23.42210032628492;1
518838;9.360294184440042e-10;7.441824043323677e-10;2.7661960431676873e-09;0.6925922654529281;5.393059384924645e-10;-7.650491336505015e-10;1
518849;9.92677932273182;7.8743838272401705;29.41397139275608;26.213110091647295;-1.9274478590941206;9.737858721130097;1
519283;15.90535792394519;6.381525306067781;15.905357923945187;0.8282982810659382;15.114864278786484;4.95189746689795;1
519302;17.22023960251696;6.273586825989094;17.22023960251696;10.387013557038225;-9.123746832786784;14.604584749293853;1
519306;16.87319632953897;5.902185203565438;17.264113540589342;1.1506641376666598;-10.139490901884109;13.486863187034144;1
519328;16.696606891918762;5.964092180443958;16.696606891918762;20.348768114583827;-12.041131170447866;11.566669435898042;1
519331;24.604624065779685;13.090114738930797;24.604624065779685;9.997316641707588;-9.689697156062325;22.616305941557798;1
519789;234.10439458169623;1.395954098612376;234.6439419096477;0.6271384789953459;12.69416148057256;-233.7599748176913;1
519810;15.070712805519081;5.671690678869902;15.480197193035977;0.7915174944899058;13.574880413235569;6.545915232630967;1
519833;17.40458829119236;7.064078307262376;17.40458829119236;0.6514163210290294;9.222999664801298;-14.759944809144287;1
520280;13.649576235362538;6.380711242761759;13.649576235362538;0.7525849144967225;-13.597396686637182;-1.1923651920455867;1
520296;202.20462893113285;14.645723800233053;202.88117554008932;0.9289324653089536;1.9311496196500655;202.19540702578695;1
520321;6.942800326554092;5.377376698407328;6.942800326554092;0.8073219588975684;1.2742342516574556;6.824866551538028;1
520786;21.882711645311367;13.16015643119668;57.94956627035259;2.5356602776421098;-20.52031595998455;7.600638253084345;1
520799;16.415389373880547;13.153486644100184;31.528700822392103;0.8274992668544455;15.01538888448955;6.633483620516304;1
520822;2.103329724576442;1.7087741868374284;6.493892684751523;10.82596154088275;1.6511510976138195;1.3029566313333265;1
520832;27.238787489495312;14.079839690316545;27.238787489495312;11.315301408591967;11.803552430478188;24.54847640728114;1
521280;31.141770883188546;12.421710111760264;31.40281530876613;0.7274631230264939;24.418307942699233;19.32760023791162;1
521300;18.569718030725536;14.883696453911544;18.8236594480235;0.6124337277918295;12.11064906550056;-14.077166154909998;1
521326;25.72524411525565;13.113081367457793;57.56489532814706;10.484275526685472;10.395598486251233;23.531249794733522;1
521330;17.783894467022794;14.52687054387207;18.006163660334085;25.53132856936501;-17.78290403060526;-0.18768764606954974;1
521780;23.491363352469328;13.162336452298222;23.491363352469325;0.9963091103169077;11.265728079799764;20.613770227441414;1
521791;5.842063109304774;4.8150954269488535;5.962478392855718;2.661540361961138;-1.7161343689723492;5.5843159116163585;1
521812;16.098265345508256;6.376454448028132;32.911259346501375;0.758042446620778;16.078870683317877;-0.7899776474894631;1
522277;15.043686044954702;12.003343316505878;15.481702981450386;26.583315057861206;-2.3415416884775975;14.860338903951225;1
522293;17.267346205293933;6.990572131131199;17.337086708330624;26.21848500453232;-1.5890983710042157;-17.19406907456029;1
522321;68.86550338384453;8.359407930626615;68.86550338384453;0.7045081983624742;68.84392651519967;-1.7237570246675251;1
522325;25.32961048773051;1.4673612045317166;73.079295270395;0.7358510887512687;23.413648361351367;-9.663862471658831;1
522787;736.606276596706;7.910910144500111;738.8355127750262;0.7017368689049195;736.4247318939326;-16.353011239906174;1
522799;21.207542618921448;15.271776961948072;64.83851231087677;26.392711263969478;-21.172865187356955;1.212288617193751;1
522802;877.180472795089;4.236574310903322;883.9422525516756;25.621940535181864;-1.6292278877618462;877.1789597736062;1
522839;14.339226597533035;6.716665572450963;14.577624240320807;0.8725242321600919;14.334363940725396;0.373403039931797;1
522844;916.2808424393354;4.7166852421576175;923.1020955836156;0.640700347774755;-916.2779005318519;-2.3218997135742354;1
523287;9.360294184440042e-10;7.67965385811635e-10;1.7952895205906728e-09;0.821920119916785;8.412796083433597e-10;-4.1036531624671216e-10;1
523303;6.6632499898905335;5.268236132080284;6.6632499898905335;0.8926955848990811;1.0102618234793381;6.5862182985227875;1
523327;16.020076754973683;6.954835475720699;32.32873609011501;0.6632126366354988;-0.4969193009123581;-16.012368046095773;1
523331;18.664722641962545;1.4280697711005468;18.664722641962545;0.7473804026253293;18.610820807114223;-1.4174696423111182;1
523615;34.75006408125387;27.359616434704773;34.75006408125387;0.9062012786264395;14.341455700091807;31.65263973278618;1
523782;22.550456230084585;16.034454521063935;66.99620148609173;0.7799061860022547;22.52726678664447;-1.0224124942045212;1
523796;5.372593391209458;4.276828282345373;5.372593391209458;0.9525464021050679;0.9443661891694132;-5.288944341550701;1
523822;45.61496873181351;8.543880761637912;45.614968731813505;0.7829499721473611;16.622361860887498;-42.478494071353765;1
523826;23.233101786758535;15.942136802449019;68.5717358966332;0.8526377075752489;20.35346389360889;-11.203281937246864;1
524278;15.318140382182314;7.314546435576114;33.735766314675416;23.350394126477223;-13.48707591309456;7.26252078018845;1
524293;14.444320263156646;7.465526401629227;14.444320263156646;0.8580296265156554;11.889174320487063;-8.202799634375367;1
524333;15.503332167953433;7.12307995108191;15.503332167953435;25.214189258479504;-15.485266509603223;-0.7482175061173907;1
524337;22.853449471820458;7.696192223757127;22.869204766522945;0.7755390112196984;-15.797332339809762;-16.51437082382043;1
524833;14.75488205784184;7.441453488920612;14.75488205784184;11.331513461861604;-0.7407574957408852;14.736275746379299;1
524902;15.76491038332973;7.141738642852874;15.88881792185363;1.1641155761749793;-4.081001184937762;15.22753521496352;1
524906;2.4014127273706816;1.9100086234872722;2.4014127273706816;0.9412494511516012;0.7267588774637997;2.2887998211301603;1
524932;9.456264592322386;6.5087259156286486;28.161089825759166;24.575117734152442;-1.079604943819229;9.394434160996134;1
525317;135.39908940049978;8.723911156843565;135.3990894004998;0.7338240268236148;135.38425546590173;-2.0041912154261876;1
525345;23.707777717459727;6.523218194768521;23.707777717459727;2.680339337471864;-16.437275435266898;-17.08434079985679;1
525348;14.229541723678937;11.319495131688377;14.687796450885049;0.8694849941846894;12.602386105238951;6.607550387276662;1
525373;17.313235624204328;7.6275762497792945;17.313235624204328;0.7082186269264994;3.855707452230733;-16.878437363157474;1
525377;21.32962771337145;13.302038339497676;21.32962771337145;0.7584216969205415;6.722456846385206;-20.242568817704736;1
525774;9.360294184440042e-10;7.454518085917895e-10;1.8554535798133222e-09;0.7382982285753926;3.6579581182228134e-10;-8.615941598257841e-10;1
525801;758.3978186435318;8.558975784699173;758.3978186435318;255.39937733903992;-16.703906611025495;-758.2138424133375;1
525825;16.633665100034786;6.726407025564077;16.633665100034786;0.8806225109763205;13.903285573937893;-9.131126157799251;1
525830;2.291466104464593;1.7824305956630693;2.3121069169299537;0.9685280108151325;0.7328689917268535;2.171110303249331;1
526285;865.4291557131122;16.823493315615902;891.9338918569485;0.8725691285062207;22.22200765332721;-865.1438065051184;1
526298;13.112023047195942;7.397326775508091;32.33583592828211;11.24584469455088;10.9329829636811;7.238441262181823;1
526326;25.113381506315157;15.8098970789643;25.228120291265075;2.4690609069779432;-22.432396984959688;11.290238978467356;1
526783;14.62197764457959;7.516648063031028;14.62197764457959;0.79772976397257;5.763685739084671;-13.438086059393179;1
526797;16.019034305111823;7.4635957132302435;16.019034305111823;24.24256438117665;-14.137024373644117;-7.533525199223909;1
526801;15.811814705223998;6.874701877132491;32.224972436823435;11.39551113872356;-5.989559974901183;14.633477221064023;1
526829;648.0472250058991;16.39670532018829;654.6370835034463;25.904044708269574;-24.270804933618365;647.5925677968522;1
527292;4.682985452754115;3.8583690079125192;4.682985452754115;0.937236116617212;1.0898684642921164;4.5543978176316795;1
527308;24.97386529533712;14.260822867333577;24.97386529533712;11.093567871585027;11.858676242320914;21.978756688435706;1
527344;15.532114166603861;7.723891845812772;35.82281159340708;25.19441935827178;-14.85981661972325;-4.520223502506597;1
527778;16.98460535027649;7.274744131532143;33.34787040770461;0.6546325564307872;8.36550834603038;-14.781579381687763;1
527798;4.047446856721101;1.0535685940578121;4.858772198914503;0.904404127276505;1.5994266080565993;-3.718018367816663;1
527821;24.822344824303695;1.654418278126215;25.100704723408136;0.7425679523799682;-4.929282296298628;-24.327987557955414;1
527825;15.504955374640474;7.076596835851287;15.604973049261027;23.4939744940314;-12.928225861956866;-8.559475289515248;1
528276;33.63760799762098;7.053247222504993;33.63760799762098;0.7885260181379009;30.174581843587134;-14.865506461815446;1
528305;14.13238379872288;11.593065711336434;32.34973100753453;25.09741272421988;-12.814719289649688;-5.958795294510895;1
528327;13.511244606663642;7.404269041812053;13.51124460666364;0.8909083575434885;9.61601108033839;-9.491367747796238;1
528331;15.89884794785346;7.253115990726107;16.11664191844527;2.667604914831391;-14.615048266515249;-6.258892093365551;1
528777;48.78315740104408;38.77141058646104;49.418594182533646;24.119549744112305;-1.4612534899107668;-48.76126725438199;1
528800;21.09429939101635;13.878935114449687;21.09429939101635;0.8675288514460255;18.150189856691128;-10.748956924460124;1
528835;19.14162405567719;13.696845114642944;57.86305171585119;0.9643538634353048;19.004591826541557;-2.286320405242806;1
529284;11.853496722825003;7.375055507358272;35.61150933107045;0.8759261660648542;3.7826599794175655;-11.233737937041962;1
529299;13.613872237425525;7.259654751124495;13.930036367931729;0.9478835982759485;0.11007406730386037;-13.613427231841829;1
529344;12.638887493710598;10.228084602657246;12.84260238989404;24.11189558039145;-12.360594172421205;-2.6376483433886926;1
529773;13.846481784844922;7.836310881867742;13.846481784844924;10.87730946825512;12.629201976761097;5.676998788815781;1
529796;19.642195247505214;14.96135197115518;19.686676966917062;0.8178881741519716;-1.1786821550452862;-19.606798375015085;1
529800;5.885618405323894;1.227022428297653;5.885618405323894;0.977722541911655;1.5670267029683234;-5.673176475773656;1
529825;5.50187212240169;4.401468962210989;5.621186089595588;10.12721881869183;5.443226289830848;-0.8011768899282988;1
529829;16.06061059461266;1.4692482557226811;16.096525271577278;11.721900293593714;16.04582058541399;0.6890968092285941;1
530274;42.94855028896343;34.80410207877679;44.461141708587334;13.064800768921701;-40.26596038022288;14.940897114361707;1
530287;10.916464356085443;7.240119612699961;11.101429712433228;24.178817106806637;-5.54062257515285;9.405886216481177;1
530312;13.137568319938708;10.438761755405514;13.151728760199653;2.5122353156890203;-11.02760929284485;-7.1405556258192595;1
530787;20.323383658538553;7.607087678169348;35.00057776825939;1.26175418878982;-20.288859545820834;1.1841037378991173;1
530802;19.231684401336402;7.066900162547797;19.231684401336402;11.359987636913631;12.742520660905885;14.404369202398017;1
530824;22.29251502209518;15.684030476225578;22.43153637289705;0.8752190470513841;-7.668774859202854;-20.93194014345535;1
530842;12.097644939470603;9.527130090330086;12.097644939470603;2.5598085792117873;-1.5271593566702102;12.000866526248567;1
531287;7.781333780999554;6.24350887442833;7.900877374146932;0.9518567891942565;1.531668435340622;-7.629098715805559;1
531300;23.15679715785994;15.413626341484806;23.205927967030558;0.8451678648053522;20.648474440528798;-10.48225919776358;1
531367;18.770104724517797;7.21890815936373;18.831341184924984;11.872143389476838;-13.171107654100137;13.373060776556356;1
531371;10.806556857260022;8.707816801027633;10.806556857260022;12.505416760253926;9.750010509862499;4.6603611626959145;1
531787;5.401945583989912;4.228258072689865;5.491562963516584;0.7814837836038578;-5.303667178341978;-1.0257341535535163;1
531804;14.636425821046439;6.968086381129637;35.891840057739856;0.9236284048279414;12.715075899864832;-7.249262422872513;1
531808;25.067468928374435;16.968619027013244;25.067468928374435;0.756127634402665;-7.788236314158248;-23.826904406360566;1
531837;6.218482668677393;5.020427402908428;6.218482668677393;11.114817706806454;6.013139031586647;1.5848298607264826;1
532287;30.54573895876308;7.190001057376716;34.21626042598089;0.9113373971717088;14.313222305820991;26.984696325158914;1
532305;68.90423896778225;7.3021214377851456;68.90423896778225;0.9355126807643848;67.61126682689515;-13.285734672634003;1
532328;16.272914095355826;7.829223162133668;34.86291226195786;0.7534134948107515;-13.017050102684523;-9.765456455231941;1
532332;705.479718615257;7.757356594049925;716.0465826967052;9.942019774960466;0.2585677097482292;705.4796712310012;1
532779;26.863200962897633;7.982914140533868;36.28147501696656;12.66761535065904;-20.698714166692138;17.122931928224283;1
532802;34.483788956340156;14.383422061890514;61.723567465542466;0.953429323952775;22.525142973256937;26.110335785273637;1
532835;232.7782190300059;1.5880335890505417;232.7782190300059;0.8813521986813148;232.7613723242143;-2.8005014782879774;1
532839;1.6112183920687995;1.2812973607957037;1.6390931972901759;1.0134262219703294;0.6533101039920285;1.4728240271541921;1
533278;63.006904981693054;1.6982648029325635;63.00690498169306;2.5716003572584105;-26.01801895325167;57.384081112450815;1
533304;7.225463174822022;5.856436134027993;21.985494766616736;0.6671526494475365;7.101089867559165;-1.334856090954262;1
533332;24.145273858069626;7.61625408918739;24.191578779815764;0.9216348315757347;1.6081192052144229;24.091662505999892;1
533337;13.071835538228617;10.16060744825008;13.230320359445185;0.7910664494140885;-12.970639090733187;-1.6233933338660722;1
533796;22.123601993785552;1.6562343555400914;22.35871107265246;0.9815752763001065;21.755043413948666;-4.021424030942376;1
533812;13.177560577632189;6.282839773345256;30.23665234441998;0.9350492735352101;12.006603270733137;5.430430984405043;1
533820;13.01362858598765;6.272245790619265;13.229888743497876;11.607046625452181;-4.800561062310829;12.095831615108573;1
533848;13.91506190769652;7.4459049055615445;33.253466013050726;10.643550548839183;11.876268799495232;7.25142656979734;1
533854;13.680365331538107;10.794994875181427;33.19118710950242;0.9516093179982545;10.633421748559385;-8.607132944344126;1
534280;953.2435212766388;7.896486311537179;953.243521276639;2.1075498433502826;-16.58520056050557;-953.0992298697201;1
534300;14.804921869317575;11.949881813956472;35.9153393207361;10.251619261789918;11.520885302079275;9.29811343299981;1
534331;24.367943219117226;7.562381569649088;24.785236356672737;0.974234595972353;13.356553600340854;20.381342758791508;1
534334;14.426017312209988;7.572618133857997;33.277370564344146;0.9722800047554749;13.650840510440423;4.66524692280065;1
534349;962.3546741172408;7.619228777034331;977.1421705945747;26.919477876330436;-0.16823641468572123;962.3546594119081;1
534777;9.13724924255867;1.3679635957575758;9.13724924255867;0.959005454145513;1.4951126831473691;-9.01409794629118;1
534798;19.273261941903172;1.483450748757153;19.27326194190317;25.75599127314375;-19.09241744875247;-2.634050463409036;1
534813;23.508091502998834;13.756539483915178;23.508091502998834;0.7020547095292;-8.377908216792434;-21.964540059476953;1
534843;24.164472824046022;15.03766249936037;24.274233433533862;10.551219912715995;24.01830865258692;2.653789052115287;1
535299;29.95179775841584;13.404043478530388;29.951797758415843;0.5271226435723548;10.932407697873042;-27.885348319297186;1
535333;28.125005873176782;13.063798314659277;28.21787359887867;0.7375475284290154;-10.155405581144269;-26.227536919213218;1
535337;27.315371275104678;12.415983811812948;49.78980341123358;0.5247486570475617;-8.836690868730843;-25.846516252433375;1
535362;22.840731466044275;12.871161932253262;23.703959084280832;0.47988896902782074;-1.5619083937648786;-22.78726521707754;1
535779;28.619249298815948;13.882474597728693;86.22192946396504;27.110096438147046;-27.049846957507874;9.347042848044467;1
535802;20.096115561827393;13.275682567119162;20.096115561827393;0.5437736067081753;-19.998189644524636;-1.9814821765407673;1
535839;26.743077261027175;12.967539049409545;26.743077261027175;27.881492790190368;-24.97073053181942;-9.573651241638691;1
535843;25.907544977782806;14.520346331960866;25.907544977782806;2.707130011775724;-25.165738201988525;-6.155201664024863;1
536280;8.371425560424138;5.6208150481622035;8.371425560424138;2.402047269838564;-1.1460867112170072;8.292602194974409;1
536295;23.3514431857293;1.2960908968650662;23.57392376916109;0.9073768004304045;19.555707170447327;12.761826511908799;1
536317;26.09318282560574;14.338298624378956;78.67519786730396;0.8420526106669984;25.692037047773972;4.557786996591223;1
536781;25.045521762915783;13.971775247027837;25.045521762915783;26.23158224037628;-24.163935424665855;6.5865305866796655;1
536806;0.26805496983401716;0.21803712779736278;0.6188550159334641;0.9775883718199466;0.1801115679824861;0.19852780644435214;1
536829;13.161215807559186;10.982920650038194;40.281462328051845;0.9875033529140463;13.073273030646716;1.5189252118886636;1
537287;29.34815732519458;14.497427384169214;30.121292510931085;21.472629852502447;-25.79949929370416;13.989287851014106;1
537304;30.874255582904873;1.3774166820763227;30.874255582904873;0.7411225324166235;27.303308825423542;14.413500094775094;1
537374;8.427200833054528;5.500949899614352;8.600436339516929;0.6091882441949008;8.27842716024052;-1.5765017073339966;1
537387;286.1836803599894;1.5436158314739157;291.770524917873;0.8777940375886653;286.0526479097282;8.659187503550799;1
537785;3.2987332502446085;2.6030697433727816;9.536113991695952;0.8963442697508424;1.0280363993957982;3.1344508638335173;1
537811;13.56103374855373;10.8188246933285;13.56103374855373;14.12969676431832;-2.0136647037689035;13.410696879364938;1
537849;7.095279619634369;5.755893959750506;7.095279619634369;0.6331093817491739;-6.711273442340182;-2.30256414958155;1
537853;10.963760319028685;8.588167055347396;32.8706458997407;1.135756335589513;-10.788555120159987;1.9522086856629093;1
538298;1.1871884487488233;0.9673093187187607;2.087004048199407;28.167553983001206;-0.9240604985853963;-0.7453379151745511;1
538311;26.722143948321776;14.639511761956571;26.960821114922165;26.249147018060317;-25.645933606532594;-7.507267588420715;1
538332;27.754616676668725;13.457564375034176;27.83557378038277;0.5436897274305922;6.305418925043386;-27.028881572283424;1
538363;29.33927333708107;15.236482224460541;29.72367871109794;27.836776219556334;-28.70335143192237;-6.075407519131227;1
538368;27.56376114970374;12.682789602279222;53.591012533208406;0.44886340739036323;-13.206366043593537;-24.194065897251267;1
538381;25.593450206157616;13.666308029700009;25.593450206157616;24.236834494923254;-21.991358572743103;-13.092167184240653;1
538396;27.135035009331027;13.5770289107119;27.41515112985703;11.430741590057579;-17.690623261336455;20.575518792562242;1
538424;24.949473927922458;12.74307432367713;24.94947392792246;0.8370648537222379;21.759918864166696;12.205825670759227;1
538446;3.603308177342212;2.8723973559270624;3.603308177342212;27.756635712152796;-1.6603093768606019;-3.1979997801766675;1
538480;25.10366570144045;1.3667281152637123;25.523680844052727;0.9026367324057116;20.83513363703711;14.003258120040575;1
538501;7.149084072660622;5.708845767229054;7.149084072660621;2.5974674016948724;-2.027052945829752;-6.855688107897901;1
538505;25.414721734580247;13.850483654276765;25.414721734580244;2.678901945713862;-25.009778724614385;-4.5187441830636095;1
538566;10.606347982007089;8.351368289566535;10.606347982007089;0.7282443711894816;1.980325212500357;-10.419833471229818;1
538740;37.98309816832076;13.170543788837104;38.03515576745788;27.48119118066344;-26.556680163194635;-27.15618686734344;1
539141;29.315196670878038;13.736367578384225;29.315196670878038;0.5306739915814095;-17.583119288910716;-23.456655173408564;1
539162;29.6197351770516;13.530097563039174;29.700381147190456;0.45632033174768594;-11.70227367624117;-27.21002577663279;1
539186;27.428521200264754;13.339459830691673;27.428521200264754;0.8831141105172997;22.85264790954403;15.168396710126814;1
539194;18.66025667790339;11.995512264535046;18.66025667790339;0.8212918331925618;18.587625407472746;1.6447981629098805;1
539542;29.416562489820688;13.65542830662462;29.872337597755436;0.530732931582591;12.08531625217483;-26.819382539544872;1
539563;94.99004549566538;13.661047590312371;94.99004549566538;0.5534746121449389;94.948937346407;-2.794287039059383;1
539572;27.30934349036292;12.488704554275037;50.103084279621854;0.44956831866927793;-11.225659176599473;-24.895477860958113;1
539594;30.625892339181707;12.130493836246304;50.863755873679885;1.0061734136166547;17.380309743971686;25.21646515225224;1
539979;7.592305849241864;6.076434218372542;22.582364522533734;0.37906969340954283;-7.25382884516917;-2.241667948966556;1
540002;27.944411451596263;11.930784389042335;54.46972857818823;0.7136807491567515;-24.442573768510933;-13.544398065141383;1
540037;26.61172332947133;13.552480763859819;57.45530405557869;0.45439352817386514;1.473874886451036;-26.570877128604877;1
540041;26.61271645090052;11.811562715636276;27.06008436577883;0.45898040658862144;-0.8778555814481376;-26.598233897651017;1
540045;29.33788528253019;13.217140730441864;29.33788528253019;0.9120070228890669;-6.875423771659063;28.52087061804052;1
540474;12.882133933884313;10.171031506763802;37.899128884784815;0.603739797094552;2.141172430103741;-12.702942781698159;1
540495;0.31697250278545264;0.1575482859526887;0.6543558999499753;0.7994402234029709;0.25708475571048767;0.18541573801420594;1
540517;19.313528138596332;4.4168771894482;19.313528138596332;0.48658601767887955;18.38257374761835;5.923964177282393;1
540527;19.083314037764247;4.582209157915584;19.083314037764247;0.4960372461941925;-8.032474551613781;17.31046582971143;1
540972;44.138437178455185;14.4860585193902;44.138437178455185;2.593707407957141;-26.05361192032794;35.62879372728441;1
540985;9.888550426233307;6.1687370781179105;29.50506838307279;0.7783450661512578;-9.820496766231269;-1.158133324190305;1
540988;55.47070730256106;7.873418380138256;55.47070730256106;0.8023150611443838;15.333140805549256;53.30941907096344;1
541012;2.9868642291685843;2.439500878934034;3.6546617827640646;0.7422463557954445;1.314471480644785;-2.682074318518849;1
541022;255.11085263542623;15.270875476705578;255.11085263542623;0.7715159399305471;13.967977125563161;-254.72817423165796;1
541484;12.859560403639371;10.62965955060232;33.66271848916567;23.8426280087202;-12.114276298689537;4.314232670343418;1
541499;20.957094822990456;13.802268636230535;21.04141551258139;0.8318097017938921;-0.09183596821656946;-20.956893605082673;1
541535;0.028842069734495646;0.02295942702831319;0.08598424463982307;24.845889587985873;-0.028808981432817453;0.0013811500183140688;1
541987;489.9004913909957;8.2229841107591;489.90049139099574;24.417738339139433;-16.25044300825126;-489.6308962546937;1
542009;9.82276970574827;7.686521631842542;9.962577419271112;0.7012702837646423;-9.73608725709291;-1.3020789586038992;1
542034;27.515894175913722;1.5780568085037392;27.515894175913722;2.5910399574614464;-20.654290035021717;18.180339255615813;1
542047;5.534489443208068;4.501093942125783;16.90465608197452;18.76302541066496;-5.397503699871025;1.2237349414232468;1
542493;17.313073721922066;14.197712400351405;17.4418004603585;0.6308232463461869;-17.20040726838154;-1.9719309071354145;1
542520;276.5883024561781;1.8345189008143652;276.5883024561781;0.7690962866228582;-5.470199260608067;-276.5342039886558;1
542544;26.224377599808154;15.492832539557444;26.722609320082462;0.6099015093794316;-14.428868692908718;-21.898075914109857;1
542548;27.061105955588395;11.148359376038174;57.188122792845625;25.78377927149328;-26.93445513861536;-2.6150682449026856;1
542982;4.263337637565816;3.3665701543672943;4.263337637565816;0.6256397170334063;4.0801125738468125;-1.2364178891549615;1
543005;16.567828231342183;13.46047584963173;16.570142354380682;0.7028156884408829;4.612759793090131;15.912742673546573;1
543032;18.824158570322812;8.12834739938239;18.824158570322815;0.665272799189741;9.637400352474874;-16.170017326112394;1
543035;16.992251027049548;7.009502726136793;50.309564732379734;2.2195946580509185;-15.167788643779634;-7.659946646282598;1
543479;21.28464542023478;12.721170773659972;63.657623895338055;0.6110182596160305;1.2689281518775493;21.246786863205788;1
543494;29.051180452974506;23.375676531127148;29.766483545402007;27.10670654290173;-18.56947774113619;-22.341566241710442;1
543497;18.154218808486775;5.955516975774892;32.70507252643052;2.143150172444528;-14.717208553781356;10.629178375157691;1
543524;6.82754839011333;5.57414217188123;6.9199108658675605;0.6810300435163519;6.7025452036126945;-1.30050175427317;1
543530;15.809776104643777;7.863054324023749;36.95728448768338;0.6771430587882177;2.31699786142738;-15.639070988684281;1
543976;24.313922094239057;14.358255880475081;24.313922094239057;0.7872585201831046;23.26132153240158;-7.076561889149053;1
543992;14.335861084958257;7.3311891377688685;34.49589522867768;0.543923685488879;-14.295358254094973;-1.076868345852569;1
544016;17.19226690941238;7.4503865239653;17.19226690941238;0.9267686956719412;12.252828191258597;12.059943731210955;1
544027;7.380624293437835;6.082449211448329;21.949709016782684;1.0866140076945907;-1.392652475072821;-7.248043463208418;1
544476;32.041948086746814;14.579377297530506;61.57552836852108;9.926929227674327;20.70723075834031;24.45193308339083;1
544488;17.410292553663357;1.5345641983272484;17.4192652725067;0.6875603968402703;17.314446767438785;-1.8243409609155745;1
544510;10.397600313758971;8.268836359636433;10.556142799020456;26.530345285477182;-2.160412784996702;10.170678880148731;1
544514;23.59471412502972;7.295691244040635;24.08876661498472;0.7936175334944567;16.882137468113257;16.483445305809205;1
544979;25.190205169202653;14.055067782331234;25.190205169202653;0.6456924986400516;13.261122491924716;-21.41702749497914;1
544999;23.00891530690013;1.3537348324853147;23.431420610577234;0.7020404098293904;16.818610625072953;-15.701736217446978;1
545031;19.04137638080653;15.016322566721845;57.135765010154834;0.7020594319160458;18.981312191035826;-1.5112253246857452;1
545475;534.0870385327645;8.373400123876527;542.1464915500999;1.1673069518310437;-533.7712251324797;18.36420293043765;1
545499;24.111625615596786;13.76273975738326;55.781638569260004;0.5125228781961298;-16.85562444287441;-17.241183673619332;1
545526;14.700193813098952;5.697831890710944;44.04562765950124;1.147971747640426;-6.401868565751814;13.232980654769792;1
545973;23.8265321064785;1.3227852275620628;23.8265321064785;26.710474700790776;-23.51485970741409;-3.8412244352138747;1
545990;27.133548236325986;15.937708585881543;27.78364971670725;0.9146057138304058;17.044426345414454;21.112010099674798;1
546012;9.360294184440042e-10;7.266820593115418e-10;2.8512473835068032e-09;10.701327640713627;9.242835653009379e-11;9.31454814310263e-10;1
546020;17.262608317974514;7.042846759639097;34.020126066097774;0.5065543768543946;-13.44772052443128;-10.8238837131869;1
546485;0.29560122536737626;0.23205642497329873;0.692243617408712;0.5611345789258505;0.12304521559339986;-0.2687749232318151;1
546500;18.455453579856798;14.747746625831729;18.595969882682862;0.812292164114437;18.34394704155908;2.0256785961067374;1
546523;26.313473442762774;14.250644364001477;26.313473442762774;0.5317875241740031;15.508456501223336;-21.25762596276088;1
546975;9.360294184440042e-10;7.461152325566936e-10;2.8017029835973043e-09;14.73483778093348;-7.876979789235917e-10;-5.056510320293132e-10;1
547002;17.53175352017756;6.727320365272114;34.535839012672696;0.8031161831259978;17.43941564437315;-1.7969873330247155;1
547028;26.003940649941534;13.977936205280255;26.00394064994153;0.5412883407467567;5.457336779083897;-25.42483833980739;1
547032;23.849406117619008;13.608596195256885;56.19672958322455;0.9887706090417019;10.38396165713115;21.470153992609205;1
547473;19.24198331697921;15.86104650562197;19.24198331697921;0.9794148856883047;1.714542627398806;19.16544456958248;1
547488;17.877664490997923;14.891085317013323;18.243374242509514;0.8171381191014342;-1.42661636153426;17.820652440628844;1
547512;17.976239853102932;7.508416571687149;18.244629746428657;0.5978608634964712;9.19249939053245;-15.448079304928061;1
547516;249.68498424676756;16.6058045636224;249.68498424676756;25.46914731459014;-249.675568521145;2.1683731117099527;1
548024;29.427062482567774;15.349565757239334;29.86809243335429;0.47404057742565003;-9.89980709757147;-27.71183548204307;1
548107;18.683318396543754;6.969967234145671;19.101128697269402;0.5418577373336746;7.773595818907601;-16.98933766663352;1
548151;11.870605801848894;9.190836662314736;36.530343502193645;263.2932862258176;-1.8882425293004659;11.719463394431914;1
548161;184.56964455075476;7.304523828541817;187.39304238510107;0.44314160484201637;-18.495903623482413;-183.64055989552745;1
548481;30.213243970295512;15.34358320539509;31.319425373326403;0.44890250357252376;-17.33788732066734;-24.743439018544713;1
548498;17.875560777748362;6.890170940986792;53.08832950259188;0.5141146769167664;-0.6329920825424175;-17.864349810234188;1
548518;17.67052090763966;13.597541710803412;17.769498746424645;0.5777593200946318;11.506412903455972;-13.410808001105385;1
548522;29.582916190570756;15.060509608132364;29.626415394227596;25.280460585623985;-25.766413802103006;14.534127084800417;1
548981;27.024659005403553;13.94343990141572;27.158045801259032;0.6427781428860636;26.15178807503972;-6.812941716802642;1
548993;16.783506292191785;13.39139499902532;31.441976333778953;0.7650974462994172;16.563607115419188;2.707951769525464;1
549013;4.234953369426614;3.2986026774728017;4.397558812157537;27.924598904436166;-1.727746191762129;3.8664871832283745;1
549017;1.2989023804437159;0.5772052105085465;2.601958670960097;27.017030450776797;-1.011709934169743;0.814610583668421;1
549020;27.232274021520816;14.352335768930724;27.232274021520816;0.4453201702934928;-14.227649387998959;-23.220050415004923;1
549479;17.864650921760926;7.187202345682439;17.864650921760926;0.5670562538308198;-0.7255578566183872;-17.84991087801485;1
549510;24.65151434592413;12.822984260147203;24.65151434592413;0.7788105629150947;17.16498762951962;17.693511783299034;1
549557;14.459748518938758;11.419842210561066;14.627667941956581;2.349697037038169;-2.0673710383516775;14.311195066126949;1
549979;95.76934630330587;1.5667857556296656;95.76934630330587;0.7643045717182563;91.55664808535428;28.091776069467677;1
550024;28.149406115863417;14.271858702730515;28.149406115863417;12.343703375280047;-21.20738856570771;18.510422331727028;1
550100;16.80299970491809;7.308201947496808;32.90365736095498;0.6068373514835772;-0.9502167454154526;-16.776110610633488;1
550103;16.434332354375577;6.773252606243763;16.609763749169662;0.8464663030819688;14.119421306354075;8.410066700553005;1
550480;17.538511360164662;7.172998262638158;33.915405335425085;0.5133563313426438;4.538424762792799;-16.941135776656004;1
550492;11.489193211617923;9.2627906146351;11.816550355645086;0.42966015174082506;-11.317946864350102;-1.9762690681268729;1
550516;17.29865534389853;6.827195198709396;32.648186038406756;0.5600756770809358;-11.97124031509062;-12.48730883839021;1
550525;76.4245460093282;7.309889367596768;76.4245460093282;0.5412676051694174;74.50723898838555;-17.011248368638956;1
550979;187.3367265752005;8.006166596220043;187.60646474705047;0.7690172368312489;173.0147074414052;71.83982275086984;1
550993;27.77668802717427;22.723607766363372;27.789169044240666;0.8988872260749474;10.43663224285368;25.741427800073435;1
551021;17.59206608040448;7.385388908363711;17.830844604343323;2.589463171193146;-17.59154430623075;-0.1354913253246884;1
551480;24.175265046710663;1.4846967287153872;71.77247043343918;0.6943458543139999;21.951562726007726;-10.127800055533212;1
551505;18.14859401910708;6.558147116735273;32.99422167873959;1.9740325063233422;-13.610905512607964;12.004778881646567;1
551540;16.40964009829308;6.442349259935254;16.40964009829308;10.11482560335043;-8.579573288993133;13.988109605457906;1
551978;15.750580567049829;6.202552216537163;29.788931785669156;22.411783417047193;-11.434729550881393;10.831793401709964;1
551993;23.360453101488112;1.3140934156992137;71.34191552095794;0.8875651441629636;14.43257692203757;18.368764043786236;1
551997;12.503067878347533;10.276131776083359;37.956152847507155;0.8437582333107944;12.383877235637954;1.7222923628739597;1
552021;235.02570740817467;14.965821287582099;235.02570740817467;0.5962122622900357;-9.087456852957432;-234.8499548023345;1
552030;2.1408063695664454;0.6868522092860443;6.388545314916414;0.826642012716072;1.2134276233665662;-1.763702161598503;1
552476;10.778533734072374;8.869822720818112;10.83357188887539;0.8951016657962424;10.636639465442428;1.7431839658305617;1
552493;24.415306994155387;1.5296375794959274;24.415306994155387;27.35563817880284;-24.380665428952263;1.3001418616231426;1
552497;1.3525689352105206;1.1227334741267454;4.0443416001291235;0.924463557613708;-1.1748381696581671;0.6702223508737745;1
552551;20.03358891232545;5.680715706789137;20.033588912325445;0.9120659759466514;-19.970460817356077;1.5891442510026406;1
552975;133.4103522248195;7.20565115655269;133.83663848201545;14.16348298369758;-15.583299017938625;132.49710514750092;1
552996;23.218595162165325;12.464226368987028;23.60666771972656;0.6552689392800765;22.958774537378638;-3.4637888281968623;1
553019;23.183271887528477;13.348424993690928;56.922369961492684;1.0272109045791589;-11.46401368302751;20.15044629000624;1
553023;26.05942970134182;15.222744512025908;26.186642770472485;0.9500411654043329;13.871389858285971;22.06078919165444;1
553477;0.8060544205199855;0.6443093653064915;0.8863536934750329;0.5200212104528399;0.6352327395809436;-0.496188568393407;1
553495;24.43602285711157;1.265012538869446;56.4693452514128;0.49942430781143143;-13.204798607752242;-20.560946155320373;1
553521;16.76304507687344;6.851782546537941;50.57279496785884;0.5338755901396119;-0.7581974486838606;-16.745889551710896;1
553526;23.346265979015733;13.087659307099981;23.847401458046814;0.49858879407796075;-13.383081602051314;-19.12959126577939;1
553971;10.557958982566618;8.514678167021852;31.477497100259317;0.6528727820145958;2.166226841543915;-10.33334210933393;1
553988;15.610028049092573;12.036087877132085;47.719833554097356;1.680478909112302;-1.7614476082782025;15.510328107965604;1
553993;2.181368166602005;1.717534500700478;6.488553414987485;0.8393914660889467;1.8010001814448624;1.2307580691184463;1
554022;17.25879316253555;6.694547932850753;17.369208153539198;0.5435833664941626;-14.073897047135484;-9.989562719849902;1
554028;33.392635461375946;14.574048819543545;33.392635461375946;0.57030885115315;22.34700665393739;-24.812887713146576;1
554485;8.36535743768966;5.991264124884026;25.094103979956916;0.7072089697896368;-1.3632237757300227;-8.253534151961455;1
554502;6.222996055353017;4.9734584603358325;6.222996055353017;0.5434036966457758;-5.894448957519626;-1.9952822838222657;1
554526;9.360294184440042e-10;7.418829582146959e-10;1.6208951351214016e-09;27.426894434958562;-9.243188991509546e-10;1.4759960997573236e-10;1
554531;16.17380803567018;6.533767428450489;16.17380803567018;0.7242155544789968;16.154577420675558;0.7884762102363677;1
554986;28.317292832484792;15.43128158525264;28.317292832484792;0.46789906645327983;-8.723161597297473;-26.940221326264734;1
555008;25.354176694167393;12.632869739389925;57.89927401386722;14.018177266473257;-18.769708969562945;17.04500809729844;1
555035;17.591062481535133;7.125490763990465;32.10065403017814;0.6382161552764931;7.204985518677266;-16.047855398928665;1
555475;19.824839675593132;15.929372235666003;19.989560259092823;0.9455474703620816;-12.424402869443304;15.44857538741811;1
555502;16.896280957567782;6.447143205669007;17.05002350562884;27.59412172082246;-16.699747288228554;2.569581815465447;1
555526;28.90237627960739;1.5045162768120623;28.991116445807354;0.600549771071691;26.689262038701198;-11.091918068465665;1
555530;16.8045662761791;13.759001757763066;16.857753958144684;0.4688152804846101;1.8174291375558993;-16.705998894422887;1
555977;14.271782771398472;6.057449843944426;14.398669041672235;11.449989957085053;-7.300753935257109;12.263065499735948;1
555989;23.871895061219337;14.972700869313813;23.871895061219337;0.693570310582848;21.631677924123036;-10.096429269839726;1
555992;15.855213794995304;6.268703398465029;16.467592311681432;25.864145861867115;-15.159542367465509;-4.645005887405055;1
556020;16.091300175144045;7.018829633430886;35.09965082541379;0.6648472147605473;-9.99876842355801;-12.607718720634992;1
556471;11.04531320903115;8.844719187942248;29.712586791749867;10.565542258855137;10.037873026651763;4.608692763291451;1
556487;12.782556313618187;10.563631153879433;31.669996744584864;24.16400265064023;-11.368005154238059;5.844844285696333;1
556527;15.398400452570222;11.866524355249608;15.508587644911652;1.0503884148095657;-3.073462442375528;15.08855742319397;1
556976;16.187631921433987;6.645869224486732;31.50449683377744;0.6628551177135049;16.05549398062824;-2.0641076187638467;1
556997;29.26735953248838;14.599524422654566;29.267359532488378;0.4512322516244146;-16.861561539364722;-23.922083447270115;1
557017;28.410839102359457;14.53115259024057;28.600820562964294;0.5052226755313535;19.426187084559064;-20.731595062991843;1
557021;24.50796383580338;12.385449401555258;55.74581829787265;0.48019117777177767;-14.381453871075918;-19.84474932900796;1
557470;23.07756828931454;11.922032392135044;23.077568289314545;0.6364234378217662;22.98110986427289;-2.1077826154979498;1
557490;24.523138720360055;12.747528021632496;24.52313872036006;0.6982997909265634;-7.586177887458789;-23.320253809893536;1
557494;24.695773999290523;12.266691582555486;24.695773999290523;2.727454691291873;-24.433333919977585;-3.5907446273588737;1
557516;27.731727401016304;14.983256852601265;28.186256666695286;0.8084227256470473;19.152945584452674;20.055258165460582;1
557520;24.330723368972905;12.827586328331638;56.32369613784373;0.9904379219071866;1.6706228885168057;24.273300534164033;1
557982;16.08262925101088;7.2372233544218485;31.02371821061825;0.4958090826713613;-13.951174528959047;-8.000980745383346;1
557996;25.883410376232273;14.978421812174744;78.29353253298237;0.6453321843044675;23.326094630495426;-11.218032001809451;1
558025;16.919275528689614;12.984854783498383;17.37444296086038;1.0040634537723416;-8.322062588921193;14.731094958684963;1
558029;27.011141943041615;1.5489924898054361;27.150844719839462;0.5436946337997002;15.967424398061048;-21.786306413877195;1
558480;26.23434850254178;12.008927806060457;26.33937807632248;0.40324660516210714;11.416723885746768;-23.619895365336305;1
558496;26.029290756681792;11.899619905127452;26.029290756681792;0.5668421035337633;24.829218396810628;7.812419029939499;1
558521;28.92610796173363;13.783612839680613;28.92610796173363;0.6191213569289931;20.316666908858128;20.590113344233412;1
558526;26.382220858374993;11.874988622296831;26.67556821701558;0.8880546995978268;-15.043311597065635;21.673032866068077;1
558531;25.811356115474343;12.358489544687043;25.81135611547434;0.975508990623553;0.8138797468547471;25.798521358354908;1
558981;26.89961241881538;13.740976550831007;54.69926811897641;0.6240834520295899;26.623636577211972;3.8433219598450736;1
559009;31.065446765019335;1.4369944825896115;31.065446765019335;0.3002092002673806;-5.699874669729399;-30.538064959319662;1
559030;30.144404420788064;14.13394119688313;30.144404420788064;0.3307132711530902;4.283140042847387;-29.838562788066454;1
559046;29.325021010000764;14.329198742420202;29.64579301401656;0.7745451769923108;5.3957918211084515;28.82433499424133;1
559490;19.69611264718464;5.7454725018154535;19.69611264718464;2.145026859099767;-18.97165954047135;-5.292729701300563;1
559505;19.08822712015841;5.719674996413612;29.20680218716556;29.043054479877586;-19.04816497907489;-1.2360523939930668;1
559527;29.847850965463593;14.830922844414642;29.847850965463593;12.036165199626373;-25.917202029237888;14.805162823562377;1
559982;28.88884576301317;1.4341295166968706;28.982120075079383;0.3007917513723433;-4.15222481178055;-28.58888662805178;1
560011;30.689850332572654;13.993342610642536;31.27006994696035;0.2686095138257229;-18.919811370526215;-24.16418116012659;1
560015;27.318919813788842;13.39514820120679;58.75128865018435;0.7488953034726589;17.98413312341138;20.564394851092562;1
560057;28.66747788834083;13.910381697262238;28.66747788834083;0.808915912007063;7.36917406894503;27.704143408885585;1
560493;20.16297638642168;15.941078016010058;20.301403304743395;0.7300087656255638;16.885904973019134;11.018703644329756;1
560520;32.42842767325741;25.386174610392313;33.01731447983624;0.9234184577039432;-22.525976831493598;23.327736477135982;1
560543;26.398955660013186;11.397685416062062;51.093130906769716;26.490990894360007;-26.380028889689445;0.9994677175839389;1
560546;28.78771449505815;13.26457549289283;28.788784400007838;0.48891813832961367;25.182906732524692;-13.948251300788343;1
560975;27.9290757979461;22.69353045154468;28.220134997414235;0.8482712064746888;13.153156097571461;24.637933346779256;1
560985;28.260473246640935;13.439583743512243;58.28364888225963;0.8113786401099611;16.601993146538383;22.86980917468269;1
561008;29.351641417542254;13.06595772482106;29.35164141754225;0.5395557957742508;29.224069287437516;-2.7336108331350184;1
561031;29.102234677481086;14.420929669791189;58.15655498588465;0.4300613925362098;11.506155061339884;-26.73103924144337;1
561473;30.643316470178434;13.458532529152148;57.93412233488315;0.31212751251541027;-15.95378812421258;-26.162750023253338;1
561502;28.81446418162182;12.43988726693459;28.814464181621823;0.36935600863867535;5.771696391612611;-28.230495334602487;1
561524;28.569038003610714;12.688148277036461;28.569038003610714;0.5655584334676831;26.96966683641494;9.42480785928994;1
561528;28.054112388989026;13.106904587432838;84.47711303440714;0.6735067969915652;26.881500652130743;8.026091491100882;1
561972;30.233258480502528;12.499507345745045;57.91037687364367;0.267380857794558;-18.200773359344176;-24.140873378373563;1
561985;27.59827184983753;12.301449203355553;27.598271849837527;0.69331796158319;21.26842888417003;17.587454105029998;1
562015;26.754255131474643;1.2268245086231733;53.774184497177934;0.7927779651976465;6.697825501349391;25.90230300945287;1
562019;27.430685571625474;12.382032314445958;27.740697463166256;0.7644404361249837;14.191021785233737;23.474612065386797;1
562472;28.477823839748186;12.92725192164018;58.78645507239834;26.762653089849902;-27.699780027070574;-6.611250796909175;1
562488;31.86280367282333;14.5655529500278;32.2354249114849;0.5042045450541408;29.978876192765636;-10.793759313219546;1
562523;29.260758674460273;13.233445927868408;29.260758674460273;0.7786475824115875;6.7515097470429914;28.47119797866935;1
562973;18.430954025970852;5.8980029890221335;18.55107608771069;0.6333175839768369;18.220689800478517;2.7760636704134254;1
563009;29.80731358145841;14.152562392898838;29.80731358145841;0.7313400956643242;18.555331970600232;23.327571635389223;1
563038;17.965553463301866;14.828863981889468;54.45907134387465;0.7457538129886848;16.6845571660774;6.662331680024116;1
563483;26.913685831006354;12.132576623182501;26.913685831006354;0.536622014174954;25.60964595797979;-8.276020717533372;1
563500;26.075027173629017;12.336280377779127;26.075027173629017;0.5928320575410921;25.98552154922157;-2.1586365883198133;1
563542;18.981914158306996;6.657679479165015;19.23932763558954;0.4037262299673661;0.8544753387517077;-18.962672201164075;1
563984;20.429949849092;6.474499880879838;33.9537545796581;0.3167149119852428;-3.0444943139054406;-20.201829254030727;1
563998;29.302849227550325;13.74627248391678;29.302849227550325;0.3985892973974708;-18.074409101551325;-23.064533563077;1
564032;28.62785409998867;1.318978065377757;86.67396935160252;0.36726476320202434;-18.90973696914382;-21.493624127355385;1
564036;26.3081329558135;11.893282516747837;54.69507704315436;0.4640915029437686;14.567818531398212;-21.906540641027995;1
564472;27.7878246456861;1.2591852205240321;56.08915903329118;0.33738629189328606;-2.5848411488548817;-27.667341664398958;1
564486;27.145679265267926;13.3924213918536;27.145679265267923;0.4775694971493283;14.033869812345726;-23.236574637044253;1
564510;27.886473527785466;12.556951633734911;55.737592753276886;0.31983752962755807;-2.691396043650766;-27.756292856793763;1
564513;27.701772667143295;12.017859373222802;27.822994464965987;27.317041366787265;-27.462654602969568;-3.6319156185244506;1
564984;27.856997876613782;12.199040554320408;53.729880867808426;2.636648589071446;-26.94547723925395;7.067785158485796;1
564998;27.065834172385436;13.5407806927415;54.28012395566061;0.3414299874556991;-23.301236168581397;-13.76995905814761;1
565028;27.896678525263187;12.776927448352113;55.30143349592353;26.878121730440597;-27.759317714420987;2.764950772023531;1
565033;28.17021892113296;12.67663640971985;28.314628107308657;0.3266540900439153;-19.102557542869377;-20.70394960836994;1
565481;28.672800955195708;12.42146460044565;58.498273012826125;27.405513512526344;-28.3290577708616;4.426511090176762;1
565495;20.295961284509094;5.840307783116673;20.49457122894092;28.81488549022535;-19.853831691309388;4.213242413563578;1
565533;19.78386671687981;5.877375971565577;19.78386671687981;2.630599215108464;-19.457366869650787;-3.579421289968625;1
565537;28.31755481465863;13.809641933216374;28.317554814658628;0.6051569163093425;27.248980890292486;-7.705644108163255;1
565541;25.50900849805146;11.770437964143634;53.116999439121095;0.9726161566791091;-0.5420799259072526;25.50324810504713;1
565979;28.14013397174594;12.711450862056878;28.20092654833254;0.34846713970707865;-11.386765662401947;-25.733416168424935;1
565992;18.806104641237447;5.49668453790889;18.806104641237447;0.614780515590471;17.82414519093268;5.997451124413115;1
565996;25.361526029235872;12.19698267560121;25.6704899518866;10.049577076046337;-2.2365699314314074;25.262714768476993;1
566015;24.980424234456706;12.571491672263518;55.23758435391146;0.8273870362658972;19.90977824266358;15.087157626981693;1
566020;17.515602147648263;5.528247112904888;17.515602147648263;0.3068433860546885;0.4352792854975899;-17.5101927613124;1
566476;28.66827022631463;12.811987351880845;86.58859210605577;28.806523494751925;-28.260835403032434;4.816108397005455;1
566491;19.235814498999982;5.203526538316534;19.235814498999982;0.8452587187849782;1.878901515580788;19.143831605367986;1
566516;19.93975217512096;5.54566323226645;59.70715147455042;0.4127729513086476;7.314278823082569;-18.54979897744035;1
566977;26.492644013219376;1.2753451282766388;26.833462201080593;0.9941812544395844;-6.181421142041166;25.761409500955008;1
566995;27.899651934034942;12.18014446750409;55.32323748467979;0.3136990439802288;-10.08240202222875;-26.01414514264225;1
567025;29.686411442502262;12.768130016399331;29.686411442502262;0.2641802881256788;-24.744535167513135;-16.40094520682375;1
567032;27.822806627768724;12.64927587884413;55.29819060348993;0.3930738904389408;14.14716995846877;-23.95759067211079;1
567477;27.527222958464662;12.00650629138889;54.92254461938987;0.9756691720839464;-19.380503188734153;19.548506335689417;1
567493;26.023114673755636;11.985763778833272;52.02586635645072;0.8884124363459938;-2.811622619635066;25.87078034324037;1
567519;30.281937256921257;13.20987049637905;30.281937256921257;26.159250025620704;-29.487724157024836;6.889836577984248;1
567526;30.954320686565183;13.519432858274495;31.495932117097983;0.9967821174359288;-24.382354211343326;19.070153965799687;1
567977;27.15244957889083;12.418188475341172;54.29084934742938;0.5242435298919192;26.51345560732076;-5.855953371812333;1
567993;30.441940727720436;14.348075287141006;31.619126411959538;0.9346052498153133;-15.150824103770642;26.403868736354653;1
568019;29.474545806174195;14.640365974437218;29.474545806174195;0.86216144557155;13.154707966299027;26.37617312654832;1
568024;26.77749395394994;21.50661187933679;81.46191175716487;0.8910690479931305;1.4761668811044495;26.73677455851689;1
568471;26.315856504134782;12.718363870150833;26.386715993705483;0.3680909335045286;-20.460128103073036;-16.550149895153638;1
568485;26.871522928143737;11.74625598232165;27.682992940421425;0.8138428194712951;-1.1378742198782879;26.847420485728065;1
568504;25.59418272526851;11.854460375429083;25.829629108021933;0.7705270357577579;15.390128886898355;20.450088562622163;1
568508;26.903274463045403;12.466141550177431;27.323928091325392;0.3574081012724911;-23.760868089003623;-12.617738485597178;1
568977;27.678782526743355;1.3367402244854432;27.678782526743355;2.7264528655567815;-27.58105064871169;2.323929275161703;1
568998;28.05464533792865;14.03439743865348;59.81549080082378;0.3922178138817647;-13.830225993641411;-24.408768383549532;1
569021;27.468141148222216;12.795000617255349;27.468141148222212;0.7794878740900224;6.516159986010893;26.684048365556695;1
569025;28.181522194381888;13.466226435712352;28.181522194381888;0.44662292400762804;3.6924573873416353;-27.93857461709715;1
569472;27.810396397520883;13.279697296983763;84.07044778173746;0.7331867663626166;17.968861144792793;21.22588459750025;1
569505;29.699650341787997;13.856891976385844;29.82705567576867;0.3729593370486402;12.432462945144655;-26.97226530238187;1
569530;24.437353603689914;11.977044710053983;57.269509984872286;0.5432976886903202;19.142746790939466;-15.190111798461302;1
570001;26.18091616755822;13.268879927758206;26.18091616755822;10.47354599581998;-19.447368256303932;17.528269717128772;1
570015;31.614033102913538;16.49147795379516;31.614033102913538;0.3649982729911291;-14.867983767600135;-27.89964422207731;1
570019;24.98131319831513;13.578834611310093;24.98131319831513;0.9077386104374539;10.848063138042388;22.503011693223637;1
570040;25.47894095791397;1.3051397727969107;76.91423662470235;0.7952836443223731;21.243189648884606;14.067811694730205;1
570476;19.926715807497217;6.844325285736624;32.371575536224185;0.38565912227920657;-1.4939291666921128;-19.870636087394537;1
570507;27.632782367780244;15.043154193997223;27.632782367780244;0.4570552570645828;-21.514001319585415;-17.341234344935884;1
570532;29.64881249606871;1.4695424452233556;30.380401856166092;214.67619156350014;-25.010787229191674;15.922079154530753;1
570538;26.64576928729419;1.2716758252304432;56.24823657770046;27.95498249252628;-26.40597286790406;3.566737698685564;1
571006;26.96578339522092;1.404890777401088;27.129834547836914;0.8728749030266305;3.0911564280917516;26.788023929641383;1
571051;17.261369975029652;14.047794919880248;31.140597195558605;0.7648674858213039;13.649189626200835;10.566670050818598;1
571109;27.937109549492213;15.538213158284774;27.937109549492213;0.44124468848798576;-15.537512694257483;-23.21783343156972;1
571113;27.9402513236523;14.95612230888419;27.9402513236523;0.5873921159554351;25.204877687456186;-12.05702221899037;1
571481;26.018410669052905;14.51363107480679;26.464583741980203;0.6210159282317654;22.81584686988647;-12.505791672396347;1
571502;17.66472529654955;6.5811385874500745;18.03401800791434;27.928785236914674;-17.324173035089114;3.4518905621193756;1
571532;17.958676428678192;6.754144958275412;52.68653583120069;257.97270966200733;-17.127131978841597;-5.401426593901209;1
571984;17.679922598541005;7.493737479723101;35.902543574294306;0.9558416075862839;6.947131661471665;16.257829645084207;1
571994;16.38781193315191;13.146031130193988;16.797169307420628;0.7376935830958065;16.31495166730921;1.5436100704907771;1
572020;16.82557966774564;6.425786513206291;16.82557966774564;0.4632624841652488;-13.671850829751307;-9.807172173704508;1
572475;27.23601605908592;14.766703832154402;81.82843272197664;0.7618001369702765;17.320415729263523;21.019128662631733;1
572497;18.695482048267905;7.544461796943373;18.845236394077524;0.7639187247251213;16.121682281048226;9.466383123772411;1
572524;25.67568280109584;14.568859067122581;25.67568280109584;0.8336157011549987;20.6361419673604;15.277117922089742;1
572979;16.612279417262485;13.612234178670153;16.759152470889955;0.5103797405981265;0.6697822454351079;-16.598771616625815;1
572991;28.423057246523;14.8717106149999;28.423057246523;0.4122299373979378;-22.274686108221783;-17.65526952553586;1
573015;16.232532945896033;6.194571017100749;32.19158818292766;9.789481796698407;-6.1292576462707755;15.030879100878675;1
573478;24.500568372011816;1.3794394222992503;24.882782250713447;0.8940890512787905;17.37742152290189;17.2714525088949;1
573492;16.408258980213933;6.657428783976595;16.481751326445778;0.7381365832524716;16.118088160931602;3.072164839035765;1
573523;16.526414155963305;6.243762264392505;30.915388460607193;0.9128111956366856;-3.311246368031778;16.191294338150385;1
573981;15.318491001606521;12.034039637915745;15.31849100160652;0.7140979002710274;15.15379254511123;-2.240254018193302;1
573998;15.731807145639442;5.9800631321072615;29.459942814337627;0.7364143121503631;15.096747186268384;4.424701171999053;1
574035;14.206950752131213;6.341169342512507;14.206950752131213;0.8025736611978753;12.534971260956645;6.68669912292101;1
574478;16.326203117735155;12.223047145976265;16.326203117735155;27.10576477670651;-15.942742454221905;-3.5176513869193426;1
574498;14.696642520308783;11.550177220957558;14.696642520308783;11.019861250240028;-6.431071331298708;13.214863711045073;1
574524;28.10178720373257;14.95470104552062;85.83123672411264;26.741790125394925;-26.999051094168085;7.794978130717802;1
574981;28.20048276737092;14.84745671387665;81.45382500752562;0.4403340265693872;-23.46500876938866;-15.641630086576578;1
574991;16.923553724587332;6.3354018748896666;17.359106160491717;269.0387480247052;-16.783600668347674;2.1719620794188064;1
575018;26.349847036363244;14.627586348175567;26.577075078705167;0.5512853735498202;22.510386141125977;-13.696603762142804;1
575022;16.06973435351134;6.502916391336085;16.216801918280307;0.7900195151193478;15.065994771737866;5.590363470329079;1
575476;16.583962545689406;6.5895379147856055;16.643384617467547;25.620124609355013;-15.633843888521708;-5.532697261387207;1
575492;25.713570054876183;13.856152046077222;26.06639563648388;20.675801833093654;-18.585321679861593;17.770016967439613;1
575526;17.22920136229748;6.532603526862113;17.22920136229748;0.5320512044952782;6.290391524140391;-16.039836472221783;1
575978;25.063288927271447;13.952998623236745;25.07148937743708;12.19698462716115;-15.229466174003885;19.905572383299077;1
576006;25.8753288990597;14.096302392926507;26.298629826721363;0.8466428579925315;8.276406955422337;24.515989344563494;1
576025;24.878010446951;13.77680673876418;59.00119751114822;25.148903683629822;-23.26406270832002;8.814691719053867;1
576488;26.94219586632372;12.372033762660202;26.94219586632372;0.451689555498316;17.76796235140713;-20.25293637916067;1
576505;27.500344516857982;12.800494990908478;27.50034451685798;0.4906280718707855;23.912323185785276;-13.581964084933988;1
576535;30.28975623979917;14.470435391347829;30.28975623979917;10.215262316932165;-18.336676430898887;24.108828891818245;1
576974;27.939722146778564;12.868284138383038;28.904921975279162;10.93317952137357;-22.56429805781622;16.476666131144967;1
576989;26.212215221337175;12.421310481626817;54.845160945234575;1.1367041664647117;-14.418697720142024;21.890212033346582;1
577028;27.549959924850988;12.46006898341965;27.891509846277653;10.08617967727487;-20.65288425773002;18.233449034609528;1
577489;28.43680225944812;12.86906603222946;56.64837385643539;0.45841866584560825;21.992934696977724;-18.026717564698984;1
577530;26.852407957486665;12.667352508701551;26.852407957486662;10.093169155786367;-5.561775821619831;26.270105877695624;1
577631;31.68882587691271;1.560258532616141;31.892563431369187;0.5446506716834428;19.164904274489626;-25.23664259775737;1
577800;18.415072979865307;5.668442332382781;30.201120031703212;0.407837710645423;5.51724693739482;-17.569146225288605;1
577976;29.076472181196284;12.773624471192978;29.076472181196284;0.5559654245637866;29.065504657030935;0.798544636194055;1
577989;18.310919129750644;5.444402361218852;18.319598890289562;0.9443105803679738;-14.517487807553046;11.159404425587269;1
577993;28.063424982963888;1.297812750908438;28.537762284667068;0.3086900332801247;-9.141570134904933;-26.532763090998568;1
578026;28.073879296014617;12.464896152612958;86.28266886491659;0.9826281608787016;-20.179981234040227;19.51694279647769;1
578030;27.72080867703672;13.428902913956813;27.947092077353776;0.450737841548411;14.83010747555455;-23.420314813690602;1
578480;29.00542183656185;1.3277615328754273;29.00542183656185;0.363090119917579;8.383025730679527;-27.767595782056176;1
578502;29.972619263465806;13.20621047212594;57.45350281160247;0.2728782730920261;-14.886253836758822;-26.014560388756614;1
578542;29.668667363806854;13.338968212614184;29.668667363806854;0.305495801829776;-17.73062168681455;-23.787704339496056;1
578975;28.318418671528274;1.3271105241214565;28.318418671528274;0.3729410978126594;-19.210170443329936;-20.80630163181756;1
578984;29.20312594231682;14.587396489867599;89.39498548322929;0.6051161191543846;22.83555789120489;-18.20329257580199;1
579008;26.892683480180352;12.687660335099183;27.036465737181803;2.641844001375254;-26.8774504675623;-0.9050310099108761;1
579012;26.946202598646984;1.308552351323605;27.081319508985462;0.5367248173195104;17.556405718447976;-20.441879872863375;1
579015;25.239988223796455;13.221160130128002;25.74931023159181;0.756958534700223;24.192394362908953;7.196183747436898;1
579474;26.220477222871523;12.455237360837032;26.534097431660747;27.304066991825522;-25.83509867531457;-4.478962182457428;1
579490;19.679804184582295;6.430254092431528;19.679804184582295;2.4563643264687203;-18.980856454566204;5.198247877377078;1
579534;25.706258245485078;12.370574883326881;52.9085445091439;0.5303280309165884;21.038204972289833;-14.771785421115784;1
579538;28.952423621588093;15.01023681918925;88.9379045592114;0.4111040003333047;-10.617131149392776;-26.93546657699632;1
579973;29.335146382773058;14.561738913456235;30.08462532995627;0.429417607508293;-6.498472445743314;-28.606304710162025;1
579985;23.47881912340756;1.2143422730867326;51.55893471862724;112.55123730315215;-15.27695373987438;17.828898784261096;1
580017;25.64492651187999;12.977077649582771;76.93085825393578;1.0735831206111954;-10.377773112270614;23.45131299159939;1
580487;27.316139872915883;13.361427293545551;57.24315693499777;0.4339917440289003;-16.66795304693243;-21.64141489787488;1
580497;24.597351282687583;1.231286644008728;56.10966542424365;0.7951657844915864;9.972268819690422;22.485185005059726;1
580530;20.200568187220806;6.332670754125217;33.28330846331237;0.3963995346456592;1.561282509096866;-20.140142800222282;1
580983;26.184005196431773;12.968762976796038;57.130780831783085;0.8072899517467496;6.637203947307367;25.328830448495122;1
580998;16.750037162517014;13.571274038762997;32.03096718899848;10.540857584749814;-0.14835729507596374;16.74938013953647;1
581021;29.710388490792663;15.412156165565827;30.573577989744553;0.5876114175013626;27.3406768614408;-11.627320113942886;1
581473;25.172865185840262;13.36779393772094;25.172865185840262;26.06255574660415;-24.13185957075438;7.164251204548797;1
581487;26.554734215303448;13.113502045093188;26.80725094573698;0.4685631324518287;7.964977243370272;-25.332055715200084;1
581512;28.35468803975719;15.153742309221789;28.35468803975719;0.5997999584945356;19.934180431408105;-20.16474111810056;1
581515;25.120923724738816;12.860902226478451;56.17903249426545;0.5869503648000844;19.035006183396288;-16.392966430216667;1
581976;24.44340665334801;12.374571065328121;24.44340665334801;0.6170943086803254;14.576909503964822;-19.621259850839287;1
581989;24.732118070956087;12.089049382262163;55.65790086586812;0.976671991726412;-6.652510903826939;23.82061634278543;1
582020;24.92254295883212;12.731846726792666;54.48671705101563;0.5459931546121163;19.734771314433733;-15.220773590781645;1
582023;25.208257002905555;12.9572593400682;53.37802358360471;0.48422287090223926;-16.189428719363626;-19.322489975807496;1
582477;27.436441178890902;14.962990915584788;81.57928798013528;0.6652313440047924;25.615518340811956;-9.828709207941122;1
582499;25.704967807545923;1.289050051015151;57.226719257917125;0.8573762603572355;-1.8931048478792478;25.635161868455373;1
582533;28.09068049724508;14.267406868269777;28.09068049724508;22.96713178162206;-23.73265608555209;15.028218987066047;1
582556;26.07191954134428;12.409149869377472;26.07191954134428;26.363413174320893;-24.814598331153064;7.998793548646273;1
582977;29.27714258954909;14.860713269199458;88.36962017320764;0.5892702937051518;24.72296310626813;-15.682033460457037;1
582996;25.43819331750855;12.8033207129092;25.47013103528804;27.543996600432976;-23.80043237029871;8.9800388777429;1
583023;26.050854444402233;13.57755374640001;26.050854444402233;0.42771284843047336;-12.944784867290187;-22.60706885076008;1
583046;24.4873008839372;13.225234991729437;54.31629427956341;0.5744460265523516;9.183580887811377;-22.69999441976797;1
583474;25.940006416053805;13.080412862144406;56.49947993750519;0.7234737529983098;23.090581752971715;11.819854786512488;1
583489;24.786290472407945;14.093483607999095;24.786290472407945;0.5252752965802792;7.43732071835602;-23.64416325258505;1
583518;26.4166566984698;13.335824211320695;26.4166566984698;0.609299282526691;25.564852369278565;-6.6541772189957165;1
583996;27.312970555234557;21.097709124908327;27.312970555234557;27.75776337554566;-27.00952583528639;-4.060033830414105;1
584052;27.03927242462122;13.043777087080386;58.847250016462525;0.44881059983617205;-2.17410651763801;-26.951725623841703;1
584173;27.39480986315144;13.624480135256627;82.19205676627934;0.4016798406633355;-9.083299666355042;-25.845101559278383;1
584478;26.737239740396653;13.252365136870052;57.18168969392633;0.6154368308702967;18.191693181463233;-19.594445338588947;1
584493;26.554279834488113;12.893733651173578;77.93885621367221;1.9549561827898383;-23.89658255931743;-11.579426562400581;1
584513;27.66485578883779;13.35979667202513;59.19508319191718;0.41835918762345814;-16.3070926739964;-22.34777336422769;1
584517;26.520018518153766;11.36617372928295;26.695022516943173;0.9099498993951635;-18.900514909145574;18.60327708691091;1
584977;26.069210773006596;12.703157959065347;26.091359226468622;0.8252620240138799;12.02058310975538;23.132430309608775;1
584989;26.685033510358444;12.795682998781325;27.050347763298554;0.46178123527771026;-4.085301309212819;-26.37046314841469;1
585017;19.234428501869967;6.380210922068375;19.234428501869967;0.5320541224873774;8.452351218958423;-17.277760232880876;1
585021;16.509230896096255;5.994866432384808;32.026015425534595;0.6703891976916178;16.16583974512845;-3.3496761209771306;1
585472;26.685181741156974;12.947066435561554;56.040247719061504;0.6081317805095882;23.301180145001318;-13.005918975942222;1
585484;24.6985302670298;20.10715731717876;59.767294333668374;0.9380440065022759;-1.7850429519637847;24.633940387421408;1
585512;26.12667603349228;12.382861781169238;55.683941667960404;0.8969562308419391;-3.864065641180099;25.839353654449475;1
585973;27.78191083905103;22.002062751700027;27.78191083905103;2.460207635159919;-26.01511144400685;-9.749284405785119;1
585984;25.65816687322442;12.74373450013793;58.081991852163725;0.9667068336773326;-5.297911553743288;25.10525165105788;1
586015;25.666119645919725;12.730097649034246;26.385573089619662;0.582156921355973;20.024892535369965;-16.054699518382485;1
586473;26.038244583433013;12.821330587283994;26.227545991609137;0.41951330664624703;-9.603220116035278;-24.202651598319843;1
586492;27.333508112613867;14.151726169956854;57.915009932076195;0.46994147497583394;-4.629784858778366;-26.938555230445353;1
586495;25.479818934793297;12.383450986862147;25.5316049353789;0.6945616863399473;24.53129702707518;6.887426160712253;1
586526;27.781311482935084;12.788728438652175;27.781311482935084;0.4699194248801572;1.8509376840433707;-27.719583283333264;1
586970;30.97483545788551;14.591268412750546;30.97483545788551;25.28454569102597;-28.615838631387753;11.856399582734124;1
586982;27.88901298963501;13.28844014308674;28.254951445159165;2.173372122309991;-26.09289499155551;-9.846719072649917;1
587003;26.50840083016533;13.812293202560655;79.53266410068476;0.4886103196950119;-7.625688014966588;-25.387874997153755;1
587475;25.729898823080365;13.217449948796903;26.03301271565014;0.5547809841292283;1.5582536604156876;-25.68267001259319;1
587495;26.024801126186716;12.846693000574685;26.02480112618672;1.018309549484101;-18.281922053960365;18.521922137577597;1
587516;25.710663349315578;12.459137802292824;25.882607078539106;0.5138386323554622;1.0916835897574986;-25.687476263768957;1
587521;24.17054173990197;1.27640368695377;24.31221748438819;0.9852311386516732;-3.2211592217364604;23.954941479130472;1
587969;27.040816490254098;1.3179684957188642;27.040816490254098;0.7191412855503593;24.06970770881879;12.322943125391244;1
587988;18.718114500769186;5.887286971352599;30.661653516503634;0.39050647257972265;0.2510780488146458;-18.716430489741068;1
588011;27.50431792883574;14.20469928954503;28.339374323616422;0.4586392841361317;-1.3747729481161841;-27.469938188346966;1
588017;17.115634813078575;13.955135008517466;17.45390132066724;0.9755658933553916;-5.008416696491635;16.36645096680924;1
588487;29.47551939478467;23.78844488222024;87.95530637672802;1.5494604370244174;-24.7009952576064;16.083130195208685;1
588500;19.541889762728097;6.173139039792139;20.03521135052353;0.40044868827047814;1.771434176182727;-19.461435621712727;1
588527;18.161837322430536;14.682113192933445;18.161837322430536;0.852450817618147;2.7342731731562155;17.954834589630423;1
588537;26.153600208053756;12.719711807844641;26.153600208053756;0.3717767319643759;-17.926867573748744;-19.043062328207228;1
588970;24.97190830238955;14.316662620339425;25.26788920005092;0.9385798856158754;5.03065534640535;24.459940945321915;1
588984;25.531362099298075;14.45636377480888;25.992311586903163;0.8704153416913438;19.92478366081896;15.96413000182083;1
588988;25.83603164882402;1.3885398361572059;75.03112712534092;0.6146807045686544;24.637077213209032;-7.779136054178036;1
589028;16.032797343873664;6.865817621728207;16.032797343873664;0.5101415615166947;3.346731095826178;-15.679604001439339;1
589032;25.26380129300789;14.413677521474119;25.370823938636306;0.5967273470998677;17.452350228314508;-18.266776597988976;1
589494;28.81339171800915;15.703777731688282;29.15155255784776;0.5331367331522063;-12.163682986096973;-26.120037490577484;1
589512;14.705239944648925;6.640275339766325;42.683874299524184;10.600348496514545;0.3564867165105242;14.7009183063729;1
589561;25.544603806722385;13.862508676366561;25.6325686847308;0.5106865255944304;-10.93805233108911;-23.084319241527826;1
589970;25.5856106709684;14.38066005027776;25.64687271680541;2.6323386807493607;-25.20445104317922;4.399900114588284;1
590010;16.92606740030495;13.432353338784235;16.92606740030495;2.621081207378178;-15.950986940407834;-5.661958430314082;1
590040;15.115949680053372;6.746484795249949;29.33546700059189;0.7156679431708808;14.981661057002334;2.0104145599864034;1
590044;24.1257334214655;1.3901819269314983;24.1257334214655;22.021421121430187;-18.898748226661034;14.996277157644622;1
590470;17.035554120710163;7.874602608333049;17.035554120710163;0.9385574251162468;-5.85986108330236;15.996003634784644;1
590484;14.817731377032963;12.056282096255133;29.71119486849779;0.6885822427140819;14.493542387621549;-3.0825950464056464;1
590488;13.884386926326114;7.292863754196555;13.884386926326114;0.7694723267397502;13.832917882683754;-1.1943965718568994;1
590691;18.178450993125313;7.654415467091363;18.178450993125313;0.5431581071871693;-13.374855578360464;-12.311349185505975;1
590695;18.075165181185177;14.228761007555644;35.52867692714335;0.9437221519056872;-3.8162471969657035;17.66770651948861;1
590986;15.305940235641438;7.826679748596698;15.520908630141548;0.6026236168809568;1.573767884422718;-15.224817277819367;1
590998;25.437526825201033;15.338519655174295;25.74258830812078;0.5360657147267577;-15.35656139524167;-20.279146754658967;1
591001;24.722385830465598;15.084190163700782;24.722385830465598;0.5965882279452583;17.770979414340193;-17.1868744047748;1
591032;15.584786098444114;6.736641610990857;15.584786098444114;0.6796862001469275;15.58437239508288;0.11355520963649503;1
591036;25.76946080776339;14.708959468972493;25.76946080776339;0.4410602881174071;-4.660672474767295;-25.34449136214416;1
591485;18.066928554967287;7.952856845523281;18.320715243623773;0.4858964161345213;-3.9121372556436254;-17.638284766475948;1
591497;15.057891515150247;12.540929828055233;46.144235928589794;0.7009837945095804;14.939506891474034;1.8844709394505559;1
591501;14.74004404095298;11.391807360832175;14.77234766520633;0.72249986317;14.337335383115686;-3.4219457098692327;1
591524;24.846560185109322;13.993677770621225;24.846560185109322;12.203885086731022;-15.720200939193727;19.241279465348256;1
591979;23.640066860456972;15.238738060852343;71.40471944780079;0.6916800525130236;21.66629947511324;-9.456438453328166;1
591989;26.497605615442712;14.588705262834907;26.49760561544271;0.5073164436929558;-17.37407653710057;-20.006613102534686;1
591993;26.652886984042397;15.035758109893802;26.652886984042397;0.4965985786010823;-18.826057591165622;-18.86679464451373;1
592017;15.380324088671038;6.544303971952751;15.416807301122997;0.5557135705776317;6.148456121222455;-14.097902553144447;1
592021;16.535756850083533;7.6944738316034424;16.535756850083533;0.7911304460594916;16.308613415204704;2.7313701833493127;1
592025;23.729445306564315;13.832726543448448;23.729445306564315;0.5867715454193172;-1.2857426088330222;-23.694586734126815;1
592481;28.75424694615234;16.50009810344203;29.18297879314721;2.4859680148166965;-25.864132226114588;12.563971570740362;1
592492;18.461598582890353;7.3807671105484465;18.58954798869206;2.5905614710391665;-17.804891392140693;4.880211547653788;1
592516;24.351587396914912;14.137000470426294;58.94628760882735;25.321982014693013;-24.09912366552762;3.497434388690054;1
592537;23.668356971079955;14.27155526028801;24.238957199921366;0.8483817388524834;14.713904816757708;18.538935426659844;1
592983;16.419319569255162;6.818882523628675;16.544623641916928;0.5173572781376522;1.0607338039159044;-16.385020564972006;1
593006;17.262111537177038;7.085894978077645;30.979463962028923;0.47835052241467113;2.070772713368863;-17.13745591070937;1
593037;22.799978249067202;14.136949587439283;59.36791830302413;0.9020504891850477;10.024181554339048;20.478154026268733;1
593041;17.292600201646493;7.947615860571473;17.425476615396185;0.8815588888895312;15.729286554379296;7.184954156026815;1
593486;25.62839307403892;14.221521835322545;25.62839307403892;0.5849795917491704;20.450805333598634;-15.446005722020818;1
593497;16.88335143186747;13.573402822666983;17.06130715129435;0.7318720328542477;16.003077669856786;5.38043312982073;1
593501;23.99570443602925;12.953213916278846;23.99570443602925;26.728571987746623;-23.859787516597592;2.5503668450023973;1
593523;24.83747239750489;13.708858882947602;74.99849663846122;13.796895145077336;-17.007074521262318;18.10136600715668;1
593528;16.116082285670014;6.311448015544355;30.326713452663153;27.786274005051425;-15.689911988837949;-3.6816803257488266;1
593976;18.08624067314337;14.562060379425832;18.08624067314337;0.9511699792015249;-6.19455099218484;16.992340618410616;1
594000;26.868767008940434;15.080283071727687;27.381738081495808;0.4606511489104759;19.534083890635333;-18.448582794739195;1
594003;16.88866239661149;6.280951185487241;17.156863869340246;27.112419202014355;-16.833265338114952;-1.3667829393640847;1
594028;16.134115376067868;6.371596770723083;29.934564391094522;0.5682043258198707;4.304053368264414;-15.549430972591935;1
594479;18.23607097312065;7.2021265320478225;18.25785219511779;0.8965980257368763;3.241585587969932;17.9456514903349;1
594494;24.000151381161636;13.982387620703138;24.269405838276388;13.449308001638698;-13.033316055142983;20.15291390656515;1
594498;24.42688610445069;14.119858405560018;24.80736601180723;0.8648086405538988;13.080070895768166;20.629699709920278;1
594528;15.976022620368923;6.4691228027152246;30.34557109771604;14.155250020916077;-14.075265024810529;-7.557791558906938;1
595021;25.98597191083438;14.238854965837717;25.98597191083438;0.500674608339647;-13.846725405930085;-21.9895186778484;1
595040;16.7055266142327;6.616262474835776;32.29105834386028;0.4776609496246569;-1.9581882184854997;-16.590362213038677;1
595059;25.24883485415358;1.465248614789948;25.24883485415358;0.5537291144560045;11.490098886195604;-22.482911045453324;1
595061;14.49753079053184;6.481015035607754;42.97426268425851;0.8332513149060846;13.027227747896879;6.361582839737638;1
595070;25.045921412707518;1.6421293604369103;25.227152318006727;10.086509088519533;14.759764358022835;20.23480999434291;1
595492;25.830213768116515;14.910367959517005;26.22005402920633;0.7737419256506443;-16.298919619015724;-20.03859183075149;1
595505;16.57513457178578;7.637989950481464;33.84258306221895;0.6594619486801303;5.219058365016628;-15.732021988776845;1
595537;17.690540134593753;13.689294795349312;33.476375417856374;0.9952215542233211;-2.189156553426477;17.554566466827435;1
595972;28.91825135359151;16.524702929053547;29.590079473287062;0.5359702428054267;-17.42272762701545;-23.08059408646861;1
595995;24.40455203318486;14.189011745821038;72.78273085331416;2.609746424472995;-23.420908729726698;6.858804138786812;1
596018;16.8490848492937;7.597503735652808;16.8490848492937;0.7268745654445269;16.76542200303415;-1.676986976358751;1
596472;25.869479158743154;1.411889459749399;25.869479158743154;0.4896759196939704;-9.766199910493253;-23.955193408798184;1
596486;27.304246934125505;16.609199805109473;27.398601456458355;0.5884490715372517;-12.99479156089687;-24.013689698348013;1
596522;16.92074919816752;7.635403904296906;17.44419390178143;0.6372436809975494;7.9754190727122785;-14.923285296539232;1
596971;15.917445916210372;6.626304273781593;47.53717365833879;1.9098829701746907;-14.493318810592877;-6.580941752515132;1
596986;24.04948831095147;1.4080343354367018;24.04948831095147;25.877502492362876;-23.341338515876515;5.793082452878694;1
597006;17.475369244324618;7.383207897654307;34.515143372468756;2.5484495560768363;-17.407381457782435;1.5400003275126357;1
597014;27.923253182735767;22.29405933221231;28.60545038980921;0.8391732063660016;8.25223640674222;26.675994125700385;1
597484;16.98547764872051;7.117856635080294;49.22796847066515;0.9159534368456249;3.1129345632023977;16.697786959965804;1
597494;25.889694037913184;14.169723857841488;26.057634146038524;26.414196074644146;-24.593816498844983;8.088290758738696;1
597517;16.735063721952113;6.50913509564138;16.735063721952113;1.0429809094494458;-1.0736510779135569;16.70058774836062;1
597538;13.948822400808112;11.15425418683345;13.948822400808112;0.8205190410558182;13.948078250857645;0.1440814951272616;1
597994;16.52174353006612;6.15993756966505;16.929896697781277;0.7784344717079662;14.343172815231844;8.200085540143833;1
598009;17.71890850305708;6.338576393787825;31.445469836990323;0.6294013882132101;17.684608150325587;-1.1019769095341028;1
598030;25.547502897109464;12.608590216358758;25.94877556800218;0.3979007399001022;-21.098295311086947;-14.406138942963969;1
598034;28.07852715009021;15.226219815720755;28.40834630460942;0.44347413930542584;-12.030771230329803;-25.37053863286749;1
598482;26.30036925411274;13.227826408900242;26.405449927777536;11.65355524418441;-19.109361546262466;18.070465522418182;1
598512;25.64279026119061;12.984760509784577;26.07969020788179;0.9664428320213077;-5.012982844337545;25.148015734482698;1
598539;25.545741112148793;12.895467946545585;25.545741112148793;26.861236027882725;-25.187807705372954;4.261365035535438;1
598543;26.323040596435085;12.906652101534378;26.565082337918035;0.4729085191973158;11.324063647692796;-23.762744974951275;1
598547;26.543392808650577;12.51249632691661;55.48342910036245;0.4366919352275761;15.944189658130485;-21.22108663428638;1
598979;18.062551920133483;6.087798987250898;18.526802379983277;0.694112861974924;16.198729297007443;7.9910544379193515;1
598994;18.609847435482116;6.307906095649119;33.274240528425935;27.257099400859666;-18.60190299325325;-0.5437155520270114;1
599047;29.03045545478946;14.839225710573462;29.132150740033442;0.8424916694497876;13.27799716285883;25.815927937140437;1
599481;26.60685197742654;13.506247530184591;56.77156018854818;0.361717342626306;4.003485903388863;-26.30392884665812;1
599493;26.778724984674284;14.682992550918396;26.778724984674284;0.8859479710198994;13.507086110512864;23.12268878413601;1
599497;24.703821043385055;13.143064663564795;59.99252906226335;2.4746491810456024;-20.646950087108394;13.56400480109208;1
599530;28.839626427259844;14.339505371698397;86.15282474076378;2.42935184366891;-24.952740898412014;14.45976397181575;1
599534;17.243751101851462;6.81602431331265;52.16353682588134;0.66714531775138;17.23899873755972;0.40481426483999483;1
599983;18.989256412722614;6.223388345588151;19.007712581849187;0.6048849698675964;-15.56429392675076;-10.878631056793695;1
600000;26.872750912390565;12.460329309395577;57.64055754490544;0.43216848499943405;1.490361940985;-26.83139137063621;1
600022;26.549423413938488;12.366002999976521;26.549423413938488;1.1207129180780804;-21.308120696676962;15.837798962874608;1
600026;26.39982854775484;12.884409212468386;54.75637104223549;2.7567809008889737;-25.32448316663195;7.457982280337384;1
600485;28.58535278827048;13.801874676856265;59.76359336246294;0.5467342680126509;18.985955672002703;-21.369508212652704;1
600499;24.97670656563301;12.167684342226709;50.883878009866464;12.357464558084335;-20.15451736204274;14.752332045098935;1
600529;27.038624143337174;13.474123419226583;27.181860421388482;10.203697143354761;-6.3249307410373765;26.288447019284657;1
600975;27.32018681677526;14.106735372351524;27.320186816775255;12.854721613637649;-17.565832586658356;20.924486451069523;1
601008;15.611443063226194;6.201615739532074;15.611443063226194;9.726185121502992;-2.0575228676909267;15.475262652545906;1
601033;26.403167557188286;13.713099620629984;78.41452823890178;0.5872045572432403;26.224191791432368;-3.069042511782986;1
601037;26.555534556942817;12.943651746166594;26.555534556942817;0.5432090793099255;22.175599505193926;-14.609558589848875;1
601490;24.540544829569928;11.668606155909917;24.540544829569928;0.5683276412911403;22.39674456161949;-10.03116013099677;1
601519;26.99804896722196;13.793752945139993;59.193614947905566;0.6349531236777232;26.52246006059708;-5.045171986220826;1
601640;24.213179064787433;11.926133888439198;24.213179064787433;0.44162752617922485;-11.268306322180608;-21.431362837042467;1
601990;27.89781678686981;1.3375297970460067;83.81717662088793;0.7752527616417061;6.236419376081733;27.19182330847616;1
602014;28.21831269124317;13.200419481780107;58.59756297162006;0.6376330272244226;28.21738596096078;0.2286933994433855;1
602018;29.231938057701253;13.527588065399925;59.18678923611136;0.38651933050239007;-14.012858545039203;-25.654356316345275;1
602044;26.86557288192761;13.077093946544442;26.865572881927612;10.716173772579713;-12.972243926985314;23.526153399418206;1
602477;29.797813431583293;13.363286448866337;29.797813431583293;15.52487333046493;-28.016478294028303;-10.14823281678572;1
602491;28.222030162938925;13.302845163369142;28.222030162938925;0.7415988713764161;11.749132764528378;25.6601026069523;1
602533;28.6521551349126;13.50703511560518;57.19093758022776;0.9048505125145689;-13.188112345042077;25.436581662040346;1
602973;29.907271943597735;14.49034151534919;30.157477721592798;0.40851613263503095;-25.733533851601084;-15.239099403075278;1
602987;18.520520836585515;6.092754422654875;18.520520836585515;0.399146559190717;-3.1113995408546673;-18.257296759256764;1
603012;28.272443351487233;13.752174185515813;85.84338837887849;0.6446517392621667;26.229322185446932;10.55242677089379;1
603016;17.261490397907078;5.511437196109107;17.261490397907078;0.8441920191801188;1.6573798273544857;17.18173864499506;1
603468;28.93792300134215;13.35476271605955;28.93792300134215;0.5965409850673441;24.442364655997295;15.491100595337349;1
603481;17.922680567331657;6.09612483921766;17.922680567331657;0.38601871124363524;-15.428094385640685;-9.121205092879457;1
603484;27.679697030940464;14.000847026650364;27.679697030940464;0.340982907104887;-23.59551877587614;-14.471251549950019;1
603505;29.279976437496167;14.356607145299485;29.279976437496167;0.3815529808136986;-5.77418456517242;-28.704978884988844;1
603509;28.368858506592805;13.728302216595113;62.12963845414708;0.7864270892420427;8.04842523195667;27.203216432118577;1
603513;30.208534364150623;14.017952767466344;30.441867063485645;0.35116202488165427;-26.109383040933114;-15.19393516018491;1
603968;28.89709216602835;15.309542944587385;28.97597146349337;0.6010027458182281;-13.898709050019754;-25.33511046738964;1
603985;18.54080650739145;7.0195846077989845;18.942757357358015;0.34483669815524426;-3.5118292685454717;-18.205179513894297;1
604011;28.294002925589464;15.586489594425348;29.107347238589185;0.3668123324292502;-21.831325449053562;-17.99843967378204;1
604014;26.74705999443165;14.103843707110542;26.74705999443165;21.66654943137878;-22.49692438879398;14.466983493134032;1
604490;27.994583408590877;14.177768570291892;28.1185988411911;0.7064656382970647;18.964252441601037;20.592567337556062;1
604505;18.549309276597885;6.469488632401053;18.84363015845992;0.8595780408183009;-5.640369000299464;17.67096806005096;1
604526;17.950275975297657;14.609794673029928;17.950275975297657;0.6333250965083937;17.55032210956895;3.768103162033063;1
604984;27.526998879958384;12.945230875032145;27.526998879958384;0.32778405787898945;4.372377019665726;-27.17752723363789;1
605003;26.563451861943758;12.47473379299521;52.21263505835612;0.5399926203304396;25.918165403144798;-5.81942239032633;1
605024;27.22900046390341;13.122759344658684;61.56553996532957;0.42696192568590763;16.106482654742646;-21.954491175058614;1
605030;26.513108138418907;1.29011748698555;26.714011266715364;0.8978999959324961;-8.95464391444948;24.955144870845928;1
605482;18.632178061726517;5.89917807165127;55.99216483132372;0.6328870194606262;16.700059984968174;8.262327506359673;1
605527;25.529245226549545;12.893170548415105;26.208622617447755;0.7416480265095785;21.029044595151994;14.47486252965504;1
605552;18.868812917993807;6.290022771470227;33.21905975387828;0.4425942235133761;10.40789376015678;-15.738737192403319;1
605556;19.426575125962056;15.302406484858615;34.13526883441327;0.5691044492292725;-2.6183998240045465;-19.24930657157033;1
605980;26.460797825312696;13.535644560756376;26.460797825312696;0.5860155509327633;20.05596633143395;-17.26070786684199;1
605991;27.16626790638282;12.668179546691952;27.759557927716696;0.4197174817202185;-18.899430012865118;-19.514549883360836;1
605994;25.104187070655353;12.798444162900644;25.104187070655353;0.7190020033929921;12.765124390180256;21.616470752222355;1
606022;26.871231642156616;12.914305062011012;57.024246436197345;10.941780457372895;-13.323903404427448;23.335309898004905;1
606026;29.870068490182366;14.231855870326077;29.870068490182366;0.7071571678126212;19.898055940935237;22.277530414738465;1
606032;27.11521027919164;12.43377563767519;54.920559563987695;0.42531823640824545;-21.13721123576836;-16.983902074001954;1
606497;26.03809170997184;13.2669118343497;26.03809170997184;27.104719865235264;-25.72596682001118;4.0195585668812015;1
606511;25.193362595252278;13.186357391912884;25.390119021010776;10.2428148970678;-9.636619246905372;23.277480283441967;1
606546;25.832417367454898;1.3262554262900257;25.832417367454898;1.0789752739110943;-7.748918969061272;24.64280913080544;1
606981;26.44751726479683;12.59843369579486;26.44751726479683;21.330310995446617;-23.83143056190678;11.468831101936315;1
607008;25.552894668519656;12.650409234864343;25.897840279414265;0.8773374792973339;0.12238653379656532;25.55260157942446;1
607064;27.01759185831226;12.683230841134804;57.47911025006687;2.588429757754981;-26.593218100062742;4.769803025790091;1
607068;26.176282060901826;12.483050521929012;26.708782272221217;0.8988569187744043;-1.8332945632717481;26.112004395989384;1
607479;18.634711618815246;5.428597016627961;18.634711618815246;0.9632202003772653;-10.98410939020928;15.05329924037665;1
607493;19.63237472513991;6.544492441351696;33.132917462095655;26.814607526155967;-19.613282089757945;-0.8656229062892422;1
607520;27.676190887072707;1.3284719705277905;83.96725388310988;0.4628636921817817;4.62885377747952;-27.28635656742028;1
607976;17.40511396790191;5.328019238559826;31.093428409731494;0.4585046484548869;3.061408801032335;-17.13376106955551;1
608017;19.366739919021338;6.342227501836958;19.366739919021338;1.0188721034074828;-13.364267240998611;14.016667799523036;1
608030;30.267456214450974;15.07106800359041;30.267456214450974;0.4217274695512772;-5.846162372296517;-29.6974963795006;1
608197;26.549734693550672;1.3531879150689337;78.61775143686549;0.7766423243688864;13.31188972971293;22.97133004686258;1
608487;25.161697966532135;1.2470308082265396;52.34009998722001;10.248775398554123;-14.75685738642843;20.380044274623152;1
608504;27.086350866293326;1.2538903072544425;27.08635086629333;0.42799573602033736;4.1879485713456175;-26.760633214027532;1
608528;25.00866328066969;13.242615112926435;25.169177047852088;0.890164047018044;7.365825822376124;23.89932737631613;1
608977;26.57914406424642;13.483700116314765;26.744218334162706;0.6477897065399795;24.828268230422683;-9.487254390293824;1
608990;29.899498378491487;15.105318914358552;30.501251026052383;0.6397697214319092;27.089698886989392;-12.654177867315632;1
608995;26.792012294389124;13.13503942529923;26.895431241167504;0.3962743698687854;-16.1514930888845;-21.37618286276608;1
609019;26.757554341814664;1.3091598404967635;26.757554341814664;0.5541050597713244;26.219380116015216;-5.339552480037131;1
609023;23.96204991593448;11.07017789477054;71.45927017241705;0.5661843604704614;15.762361139373592;-18.047930836683214;1
609469;25.417644488673364;13.498940293133083;25.417644488673364;0.5682556321784323;19.450517609238755;-16.362579750310783;1
609485;26.302097476562793;12.636115604852762;26.302097476562796;2.7192288182840505;-25.980723401431796;4.0990661381472195;1
609510;26.92485645221788;13.11478887196338;27.162717392957674;0.4079432514943339;-4.538763107553883;-26.539546424648005;1
609972;28.49026618575783;13.245748481421092;28.490266185757825;0.3891853041186291;-15.427097156243619;-23.952034165539175;1
610007;28.147000856990402;14.594387037220299;28.147000856990402;0.786273590456329;20.55501167256565;19.228758472249535;1
610039;25.98005847757867;12.754407769617961;56.45923976984869;0.6000373501337177;22.02974078715079;-13.771490817967106;1
610485;28.6701719844452;14.174469761704207;28.6701719844452;0.6037995079270617;27.774728739458038;-7.109374449780385;1
610502;25.408712763801294;1.2717136619036153;55.16806454644561;2.5138984194785166;-23.82234856223098;8.837329534023858;1
610539;28.373782345101816;1.3304079413924506;28.427650427196653;0.5216834082208043;21.374414712896044;-18.66027653193662;1
610543;28.666228476725347;1.458908402860784;29.135404457970594;0.6993660617739207;-5.459405887874785;-28.141562544237967;1
610985;18.377761203509884;5.698822357701886;18.377761203509884;0.8970798038996047;-0.25309903870858214;18.376018277359158;1
611008;26.567464219892113;1.2757445763094812;27.66996870722683;0.649781111975127;26.461273642584153;2.373004906764581;1
611032;26.103345126610765;12.59262987372049;26.357066255301397;0.58346070928808;26.092034949237355;0.7683352176819493;1
611035;26.99622952245348;12.277886447507578;27.51670322517572;2.6704374017648416;-26.03294360905211;-7.147185143600354;1
611486;28.16582266488578;12.14808032730255;28.57231230929551;0.6557408999370852;27.953617942332873;3.4509144185098575;1
611511;24.867881161631107;13.210621125544511;74.00601274254167;2.752596601395037;-24.854634903442733;0.8115647143472887;1
611536;18.13979805333964;6.619228507420266;33.45535987973708;26.67568105998333;-18.045881388436506;-1.8434853757015601;1
611540;22.6526083303293;1.3010164461954836;23.238648513806936;0.7465870512340457;22.645739316398053;0.5578126755890698;1
611988;30.057862393210346;13.625180529602005;30.78833210523592;0.35662381364855966;-22.15676946733531;-20.311392330919283;1
612005;27.103057704215182;11.150474471626131;27.103057704215182;17.90635149933361;-24.00349280374105;-12.586026781266977;1
612028;19.039269609180966;15.924918523098418;19.039269609180963;0.43078453471872996;-7.691423236347178;17.416537998421518;1
612509;30.321757252648155;12.863921819836303;30.830786594348975;22.827517311928464;-29.061719260739256;8.650169738132194;1
612538;31.533623525143316;12.845007067502351;31.533623525143316;0.350583561017609;-22.70445479868528;-21.883261752305778;1
612571;20.001172867721817;3.584101150278297;20.40423198718677;0.33575429415832375;-2.8288829183108337;19.800109533004623;1
612980;28.18006351752778;11.638086267292977;56.54833157068232;0.305094853291545;-16.900293188394052;22.54985742744778;1
612996;31.887358207371488;13.277903001719231;32.077194617495834;13.138445820019625;-26.062839586318024;18.3720441471023;1
613017;19.821597922027014;3.9507182487219996;19.97258611994078;0.34773747180941056;-8.626927726789967;17.845779954354704;1
613477;17.778540208543106;5.7479032660038945;32.306797372186516;0.4532514779085728;15.329383248836667;9.004804337522819;1
613492;27.751869082451627;11.505884070268875;84.23177127738344;0.373691386566458;-17.01037204680829;-21.927459506260583;1
613516;26.58571987336229;12.830118622522733;55.50896816725634;0.3885485271901564;-1.5918056707809674;-26.538022833123048;1
613519;29.007635966142157;14.125960991766982;29.007635966142157;0.41546508696227913;28.4889589721572;-5.460967041373526;1
613976;30.640036128216497;12.288593629993956;31.125320355243428;1.3431043379344305;-28.46288581966502;-11.343541984544522;1
613994;29.176578474152358;11.985929746514248;58.41875930507677;0.34537988498123906;29.027643651517504;-2.9442546593129717;1
614016;28.763162928410384;11.28605132067202;28.763162928410384;0.27699746711618184;9.945305820290239;26.989079898862474;1
614033;29.888850437415794;12.209727394239922;29.888850437415794;0.2906679617644413;23.32124918222685;-18.693921928014294;1
614478;29.688539672183186;10.960547772926631;29.688539672183182;0.2414991224550526;2.0408507698310587;-29.618310485273714;1
614493;30.244267386336013;1.0918033606181103;54.73969228832834;0.27283058559872503;-14.419039454351376;-26.585842302813102;1
614550;29.44166978186859;11.617239325430301;30.134277526942704;0.3084558256665279;27.95854783568614;-9.226674507331657;1
614996;28.287340121902457;10.222183104334842;28.287340121902457;0.317443661640759;-14.334934965844155;-24.386128243270008;1
615008;28.22626447636563;1.0998643760654916;28.24120463407853;0.35419728669917194;12.693455296303398;25.21107294286555;1
615012;27.606589917949332;10.502780255064033;28.00088839718247;0.32862173697293157;27.398407924031872;3.3839400299309697;1
615037;27.942807238524686;10.28119381078126;27.94280723852469;2.214227134587857;-25.752869400100316;-10.843901236673288;1
615041;32.338403926849224;12.30857949766019;56.850119586092845;0.30766426261985125;23.856967245068045;-21.831570772709135;1
615474;19.822603973806803;15.953551683305191;20.322868187298027;0.28522244576250744;3.7990941388543495;-19.45514101790331;1
615487;32.40185703201449;12.704843367984036;32.80745838283396;0.3057841146529261;-15.878465043072733;28.244551456856666;1
615507;27.42706548660422;11.141839018759477;27.584666040559057;0.3203178450884027;26.000580842354175;8.730046796362629;1
615516;19.069888217798315;3.8827953633100525;28.989509202319507;0.3783715682655626;-6.552262449404167;17.908894254907285;1
615977;31.944030860762084;1.2384022942311301;32.66617458139866;2.3178746361211187;-30.746725343600563;8.663716770446236;1
615987;28.34044817639222;10.879973816754998;28.80231170854358;0.2939699347069932;28.00845496160095;-4.325211382434862;1
616017;27.087856042392232;1.0687665499633483;27.174780227703693;0.32566547438797044;26.26167007797371;-6.639023248116065;1
616480;28.811468810571174;10.470342496470625;29.36961091075587;12.482647584243685;-26.26639839698204;11.83963894185692;1
616493;30.683327560856807;11.915957366494926;94.4594793005024;0.33323936947020677;5.735774754909357;30.142453088091212;1
616529;27.668271119631957;9.84590550077229;27.93190144351699;0.28821028437033297;7.128706817243754;26.734149806254216;1
616972;31.334911747467697;1.1872416833202435;58.390585622919936;0.32608034625721355;17.312090525374938;-26.118350174978747;1
616982;29.80766632718574;10.374364361678312;29.80766632718574;2.4229536130032607;-28.88197101687565;-7.370801995251091;1
617003;27.35218470215762;1.1334185958399567;27.35218470215762;0.493014433931925;23.989882316203992;-13.138780553598885;1
617007;26.704611085168537;11.810946796325709;55.39981538490018;0.7361520228322166;19.30583859497332;18.45049726579056;1
617475;29.303895399602315;22.95893334005838;29.50978418529526;0.707280607878746;27.566222386368388;9.940908858656538;1
617495;26.875953699374683;11.669652226686441;51.94667121373766;0.30307515285247216;-15.829922470945135;-21.719356385832384;1
617517;31.72214104642987;13.512117922513738;59.52406397228726;0.2500710634921789;-19.171281800761584;-25.27362630659436;1
617971;29.973957969999155;13.605459011796183;91.7169939056177;2.6883010991273277;-29.269651205019766;6.459541371007767;1
617988;27.101904418814577;11.141691921053933;27.101904418814577;0.6246053134180352;24.68410701634047;11.189641814303629;1
618026;27.27223379767483;11.102440943416505;49.57915343993667;26.26748450659611;-26.745028013629998;-5.3364981837515835;1
618030;26.993866227818167;11.219795372081258;50.324331851629275;0.6713161442854284;17.72772192757603;20.356735720244593;1
618474;32.38791034984322;13.699408691906717;32.38791034984322;0.28825852807862146;-21.604126609601106;-24.129617698293668;1
618490;26.650455150029906;11.528606930611776;27.37813105335009;0.8615116666472389;0.6981110733947528;26.641310039728886;1
618528;31.861221347990465;13.590537737481469;31.86122134799047;0.25754899596828906;-15.27578036734198;-27.960471382907205;1
618989;30.588468141429264;13.471555944891904;60.52681016981723;0.3512212614113488;-20.057885720577975;-23.09405992153539;1
619032;32.765735404999134;14.78977155561131;32.82829542357901;0.2810376798811789;-29.297368832357407;-14.671659624296991;1
619118;29.287364049067595;12.256783306662552;29.287364049067595;0.33972228254612286;12.606734580731027;-26.435202593390834;1
619473;28.786428611279355;13.998430331502329;28.808888201560954;27.397169647514854;-27.367969629197543;8.924836724982903;1
619498;30.120508402138604;14.604069396580625;91.16444886698592;0.31601171963690644;-20.025785749686964;-22.499176240719052;1
619529;27.95959089818044;14.009034160142548;83.60942433755145;0.5510930677787506;26.113300353856957;-9.991709954901044;1
619972;17.68675927368166;5.382668011293602;17.68675927368166;0.9115111216294096;-6.444438603706537;16.470903578377875;1
619987;29.398231665494293;14.266711137086004;59.8976874440334;0.39055866930752464;11.304777182597375;-27.13776037019078;1
620010;24.04211178374168;12.19091749268776;70.03187524286294;0.39969043470632465;-7.466260393236199;-22.85340444577838;1
620014;26.758174041432277;12.500846775545638;26.758174041432277;0.7550645143822615;19.316155433349277;18.517181678275758;1
620469;29.02030207462973;14.043137823176258;29.02030207462973;0.5329776214725356;25.0006253701871;-14.735897108839879;1
620489;29.42646437710635;14.493456331106344;88.89749035095085;0.31263044666251166;-11.675285318833938;-27.011192466474515;1
620520;26.00223288213187;11.69169368603295;50.95597522890316;0.8650862275401894;6.608297453778545;25.148489410280767;1
620525;27.350238568254664;12.107590151550324;83.54246896628086;0.2937673441163713;-20.265307311763394;-18.36716824391376;1
620976;32.16356050218113;14.228150829985305;32.7055140483103;0.283094153839741;-22.60177424302289;-22.88349678796693;1
620999;28.66580175281578;11.873099651345827;53.322344297092;0.8555281592629298;-21.704309249308118;18.725681566825127;1
621034;30.794515378569663;1.3556634961068499;60.0569502937424;0.7063733020574873;23.15203431059668;20.304814322763892;1
621037;28.07779125245799;12.062918104102176;52.719736616808795;0.3815755759686757;5.7743828339828385;-27.477606600706885;1
621041;27.233355173513836;12.003521290049257;27.233355173513836;0.3726935649800606;6.958725015528711;-26.329295094343255;1
621488;27.405585940973925;1.2483956953808173;27.405585940973925;0.6079414731209579;27.236149478311102;3.0427458591215744;1
621508;31.360172389698917;14.010421803985764;31.76916554043381;112.06320353121792;-15.777418610118875;27.102278028105108;1
621546;28.232052338012352;12.008286353415198;28.47385026861291;0.4114597141981764;17.013969172010906;-22.52939484828945;1
621550;27.9016055141497;12.400915720268731;52.40582232125057;0.35987784823710056;6.902795688541728;-27.034256082782797;1
621982;29.03287757868056;12.549490931697127;29.122547847594138;1.061430571040609;-19.12705519440186;21.84178884819092;1
621999;28.01503268275453;11.462526355243002;28.032001011726003;0.4423663146184148;24.916008453055966;-12.807598486174061;1
622027;26.99719227643077;1.1683281554103282;27.145853992003552;0.5918786340724359;23.95637889254221;12.447501804279089;1
622031;28.014791593414706;12.470767703187809;28.01479159341471;0.4959446589209958;25.94507481511797;-10.56795348496532;1
622477;21.38027832828236;5.3691491526991335;21.38027832828236;0.31843831284139457;-16.609996436282973;-13.461958244679234;1
622498;28.193676980729347;12.886367615485838;28.193676980729343;19.13495130314383;-24.550435858198853;13.862161478866552;1
622502;27.196850852351492;11.831529570611973;27.196850852351492;0.9213691405046874;11.649991654350991;24.575320765731714;1
622533;33.43202486657561;13.656675108704981;33.43202486657561;2.739040779987394;-33.061336808162686;-4.964704939526298;1
622538;28.234922649946004;11.873647926176123;28.2655472912497;0.7181792355708614;18.794477025028886;21.070797099400277;1
622977;29.630966214190096;12.142486555863636;86.949114714456;25.833678252214103;-28.838258711302515;-6.808009495179883;1
622989;30.908013847373173;13.662024711619706;61.51637425321224;0.7712985855160419;7.989178569104026;29.857634631369926;1
623014;32.99371927631792;13.792737599861118;59.650130011521284;0.42116146746253047;26.273028974880784;-19.95779196628593;1
623474;27.506797693994375;12.127605054486004;52.4842784410116;0.8340430883739858;5.13478335057504;27.02328476186771;1
623492;32.25503338709222;14.030634885738287;32.25503338709222;0.5450119036554837;7.135790653285948;-31.455805037463445;1
623547;26.378960408791944;12.217545612086374;26.378960408791944;0.7773660035036807;15.898515642252894;21.049625949685016;1
623552;26.4102922327204;11.726877780822962;78.28670052664883;0.7315326497768477;18.89422319994503;18.45296359635358;1
623973;27.901936801513223;12.279060437237181;27.901936801513223;1.0152542262237407;-19.579189418926195;19.87896926335585;1
623983;27.303688770547485;11.348321779430233;51.33940579103648;0.7291560402909819;8.166140192347388;26.05389749802991;1
624007;27.679343101447433;1.271097111909165;51.602292115174954;2.5478517733977544;-26.593746715599508;-7.675849800131972;1
624011;27.233675083915674;11.729030541828328;81.93191978348013;0.37873680091557527;9.373515574051456;-25.56971381066484;1
624472;31.748494008712655;14.589981441650188;32.1954758463792;0.31543468162062804;-28.651320049911398;-13.677307162552447;1
624490;17.537534684416656;14.209890198511227;17.537534684416656;0.7307955159056838;13.923297056756663;10.663344779028224;1
624519;21.277851031014194;5.058775852887827;21.568520057104237;28.739045726839937;-20.92474777940686;-3.8602946605459354;1
624523;26.568563615820192;11.73383170621618;27.258665665879562;0.5208848086431911;19.801169010585948;-17.71446523105045;1
624974;27.857975230302777;1.258327947368696;27.857975230302777;0.29726158254081686;-19.900019131707545;-19.495025583205496;1
624989;26.600731915017374;11.464286277168112;26.735038553901116;0.5549336085536873;25.009676669068323;-9.061733350925941;1
625025;30.57441430380682;13.070445605371821;58.33926453443079;0.7165637994628542;12.788246651622158;27.771488213599604;1
625476;20.124881982809406;5.207181511798137;29.191854657918753;0.8807723628572107;-2.140035441309566;20.010775175688362;1
625552;28.70707046595739;12.994895913993913;28.70707046595739;0.3072778178725978;-0.09806193044710615;-28.706902978120784;1
625598;31.992098985454877;14.593187527668514;59.84667640123265;0.4894407784841095;27.7754129714942;-15.875163991533904;1
625623;29.08076961045537;12.10779180539542;29.08076961045537;0.31936435690504195;4.9316413696950825;-28.6595546814164;1
625627;26.944402258536414;1.2385535113408204;51.982407651570476;0.8028646053727606;20.51640958059197;17.466475059130172;1
625977;33.40237080350582;1.4142294089308238;99.29403639309568;0.27089736606172726;-28.04554311896694;-18.14292937915661;1
625996;28.521794224881525;12.38987259273838;52.51941392512931;0.3714755294693209;7.760131584886152;-27.445821240978333;1
626016;27.55629393299042;11.705725175909379;27.55629393299042;0.5110027541005182;27.467282438644826;-2.213081733031612;1
626020;29.599187568039973;12.586802266136722;52.23721364399761;0.24828143795372482;-24.915820969278034;-15.978540925719631;1
626484;27.526516356596918;12.075989679591697;84.60482123930235;248.56353958355396;-26.287510872277423;-8.16552967479109;1
626497;27.572023241281343;12.623831117692465;27.847807083573116;0.8875633015478133;-9.68144410566169;25.81639218881498;1
626520;20.193164716929036;5.419920420640833;59.597332920577394;287.19090337346285;-20.010590963460587;-2.709271226381225;1
626980;20.13418362707049;5.672172480181894;20.358525391652027;0.3742091636617438;7.268831197414592;-18.776300044260207;1
627001;27.53201022220017;1.234473051012187;27.53201022220017;0.3661074864782843;-0.3726100089567635;-27.529488710409424;1
627021;20.063319461069018;5.571958333714596;20.645807625893507;20.85408428059599;-19.160958010436243;-5.949325669284706;1
627026;30.26194665707206;1.4033666338256157;30.261946657072055;10.17097077669304;-25.069427693565483;16.950197951427196;1
627482;28.863078128395554;13.664753425357416;29.088706383528777;0.4862396527878625;19.533747974249884;-21.248763943447493;1
627498;27.69384189940327;1.265461147974136;84.04795715390154;25.8732637652189;-26.436440159457376;8.250061263080015;1
627521;27.336530078797818;11.895650079268343;53.23595600583761;0.2930886262556205;-10.185269685953863;-25.368211568287723;1
627525;19.156293243327653;5.555325863914519;30.651469194998132;2.6861578438399976;-18.51968064450666;-4.897448279445746;1
627978;26.98794639028629;12.498898122368661;27.383975258103163;0.9914196359889891;-7.792916139019344;25.8383379576779;1
627997;29.87174361719793;13.704280170293481;90.59843800800111;0.5045301017388099;24.82071052852131;-16.620872287306604;1
628024;28.72255626496759;1.4061301745635684;28.72255626496759;10.548260741966494;-15.41485460825121;24.235665780017378;1
628475;26.745902198024577;12.689870807361578;26.74590219802458;25.147386496091514;-25.61161817988847;7.706380382118596;1
628496;30.459023857455815;13.77800087062264;59.848641462417994;0.6762839174467282;16.099316038207707;25.856607616835017;1
628516;26.903217855891445;12.328242088989146;27.490865656390206;0.5308736273679905;24.404625046035957;-11.32242939319785;1
628520;26.761017259578207;11.919065135823333;55.05293002664147;0.41116907616569026;1.3928444609869763;-26.724745631622774;1
628525;25.636778346168843;12.155197938673979;25.63677834616884;0.5683147631079583;25.281859260493842;-4.251117065333926;1
628979;25.84567026722125;1.286457907160809;25.845670267221255;0.6738849322708842;25.43962377598563;4.5633555305532925;1
628991;26.531633830991836;12.361851112695176;52.92294335905888;0.6885535918752851;16.262737344996964;20.963085836523966;1
629022;27.311903562477212;12.79726048138341;54.02821471813658;0.31273102973022177;-14.478240420202834;-23.158597335349572;1
629475;18.05531918162654;5.862308697422983;32.01692402088543;0.7125935541771163;16.945428206317207;6.232737252199914;1
629491;20.01792321509683;5.794454914790297;20.27065255700171;212.76627763113893;-19.043601555917192;-6.16915631387152;1
629513;30.934165452855176;14.010009982588912;31.246108711078744;0.6778823581781823;20.771691800608302;22.922901474402416;1
630004;30.142069114012475;14.312421915612399;91.71265927031286;0.5676504760239736;29.48588220768852;-6.255164339025996;1
630020;28.72949121935078;1.358418219839413;58.1825953447246;0.6802207977009315;20.03575096413859;20.590103181523233;1
630048;18.91382610986866;6.251610168647161;18.91382610986866;0.42844623875097215;6.553458235183107;-17.742181468862846;1
630489;30.572132454861634;15.204792182003192;31.04177037766512;0.39994602492480025;11.912845113220067;-28.155628285407392;1
630510;30.078096269787814;13.521082281264066;30.078096269787814;0.4319135068779112;14.008293698825387;-26.616904081092386;1
630532;18.35528398752023;4.912651883721794;18.570211786185126;2.6020753518032467;-17.99401068045347;-3.6238142742479282;1
630536;26.932978341192733;12.426018511821765;26.932978341192737;0.725657796704947;6.034275314492117;26.248292206466843;1
630973;27.32840452563085;12.310984506136608;53.78631548566448;0.3048425717593802;-16.0103827344248;-22.147445419590788;1
630988;26.88910591391726;11.959616458138743;27.055709601223175;0.3264014867037168;-22.200285463293184;-15.171398821405802;1
631014;26.485150757537323;1.189779887805277;26.485150757537323;0.98859978917121;-10.468056462366361;24.328645760711584;1
631477;26.72627901867924;12.291000172306013;27.066675465443346;0.6458292123223739;23.431558586714885;12.855195540389188;1
631490;26.854338059292996;13.323829674466928;56.70011893269935;0.6813620676318203;26.742105381280727;2.452605222873968;1
631512;28.484072915621585;12.685584635314614;28.48407291562159;0.39851730151201653;-8.793710784121547;-27.092675403283295;1
631516;26.18007940345433;12.911584290482166;26.18007940345433;0.7509820664048373;24.92383543093309;8.012426909678364;1
631988;25.21918423597975;12.889300475023138;57.620514811564895;0.6601550730903071;25.063139572728037;2.8011226831832032;1
631998;26.523690718308785;13.382338219697035;26.523690718308785;0.484191508905373;18.87197485911782;-18.63745514380449;1
632037;26.189082360509254;14.417512568165348;26.189082360509254;26.160750453218764;-24.807461105284005;8.393920919055544;1
632471;16.602637142437754;12.779488204369622;48.85867443628753;0.876952256595855;12.697720169942901;10.696516375403672;1
632482;15.677454000335247;6.953933277756864;15.730360955065729;0.763540789186038;15.07449785236783;4.306051373542275;1
632504;16.328951527858358;6.366203693926157;16.373583671464058;264.03926271959017;-15.106754197430037;-6.198438159534849;1
632509;28.022095245469867;1.573672203846893;28.203957445360885;0.5320014863760082;-17.734522007247552;-21.69618747892443;1
632967;15.822743262723993;5.812371903601947;16.055864484779335;0.7965192247373648;12.982283718921074;9.04541396507171;1
632977;23.904853233296816;12.032513718258432;23.904853233296816;0.707713852241966;20.373033996212897;-12.505258649648749;1
633001;16.230825964278456;5.532473458633583;16.251030845921562;10.12134857405234;-6.3167176001866965;14.95121367121035;1
633013;27.339626476732246;13.836688405135313;27.33962647673225;0.6969794386812657;27.338398535314735;0.25911659834923195;1
633470;17.78175072835314;5.590951821312015;17.843079489874764;0.9757050961695127;-6.081219465391803;16.70956099899178;1
633527;28.95213994038619;13.903979497399305;87.33659952777963;0.47254046347986445;-0.8737288168324671;-28.938953075091394;1
633561;26.789075627897127;14.023588183433862;27.150104461883917;25.74274542909965;-26.701161716631265;-2.168533140050356;1
633970;17.457570444074758;5.657509798395726;17.537421961843826;0.7206355234867194;16.56794560907033;5.5018128016790815;1
633983;26.74141171845289;1.3940697245451372;26.90900134092844;0.5044082392877481;-13.414953847070947;-23.133138869958092;1
634005;28.739286612029172;14.566208884357014;29.27848661088917;24.65016468180071;-24.77218081611198;14.570025826408573;1
634010;28.051085514975025;12.752361482590743;28.188123987960903;0.7510046958146449;8.553511899097433;26.715179818980076;1
634482;25.69007393593316;13.268875396326289;25.69007393593316;25.152116869100666;-24.044267244501206;9.047270942594714;1
634497;29.87703517517342;13.907479600536043;30.66272035608818;0.4807219123399623;-12.847665617214075;-26.97359299475702;1
634501;26.253802656709063;12.543449506735758;57.326501573480456;0.43418842621633913;0.4474317129629956;-26.249989691420048;1
634525;18.31774036625595;14.791862971078531;18.31774036625595;2.5806081495470696;-16.772332297450056;-7.363999010692251;1
634968;23.44858269290185;12.846640438537882;55.50427587909034;0.576220477642652;13.295370016157909;-19.314998484061693;1
635000;25.124766611521178;1.4467601434787927;25.751741269515456;0.7077319093169578;23.612553414157397;-8.584941382850165;1
635030;28.019743963492203;15.48581010995226;28.019743963492203;0.5080946000963107;-12.212577427714935;-25.218227621141924;1
635481;13.107476230198507;6.95266756302581;31.270821059563627;0.9510839721594714;11.566211544245771;6.166740114434426;1
635499;15.374547380127908;6.972911360757405;32.241772854998366;0.6188188725646437;-11.023509221172828;-10.71722686120414;1
635527;16.068904737357144;12.718163333269226;16.068904737357144;10.748427097142194;-5.127484507635931;15.22887395975856;1
635531;16.107948403674154;7.246511833750364;16.476481227342738;0.640610278595917;7.548286433069458;-14.2298760957279;1
635982;17.2454572794208;7.918626546332042;17.2454572794208;27.33303603413925;-16.560408133457003;-4.812346540894483;1
635996;15.810333440788314;6.277714510013458;32.1306946223709;25.7927165750477;-15.228752819857041;-4.248732877059407;1
636037;14.703726693812895;6.328035496485112;32.3981701108033;0.8151493582100472;13.988877629777969;4.52889405323677;1
636041;22.93919403512574;13.339006089836612;55.69601200100519;26.209852041231915;-21.66429135294939;-7.540895381562497;1
636535;12.898480131309562;6.871119219237737;30.693795650271788;9.751773026535307;10.25660576809055;7.82130601726842;1
636555;25.146648264681495;1.527534248599214;25.214185063009495;0.6096862588047134;-8.017849715821422;-23.834177243658132;1
636577;13.625860428081962;6.84121857657087;13.625860428081962;0.8441894548728323;10.142386672278722;-9.099234308201591;1
636581;22.48879026367685;15.289175192127168;67.87548401088159;0.7148994596312197;-2.7134083069385393;-22.324495579597844;1
636596;14.16150238651457;6.4485971181353205;14.267113268183905;10.151434181288094;-2.236949164834029;13.983712249513939;1
636979;13.27804638991665;11.053272228958816;13.27804638991665;0.7225316219176049;-0.04058721681980702;-13.27798435797427;1
636991;15.390090637575726;6.937996916383061;32.663269730973866;2.5399700815775996;-15.387750261542426;0.26838725975173366;1
637015;14.95750410983534;7.140638011166405;14.95750410983534;0.7033237157031816;2.982859384199494;-14.657062430440627;1
637482;23.613546318957017;15.025802776534816;71.22140529574355;10.437430944910169;11.957806462933947;20.361985029769166;1
637498;26.82599317765117;14.676526483571646;26.82599317765117;25.341584812085344;-26.788818262499976;1.4117811679346361;1
637502;22.449213068810714;12.392193339380364;22.530640116395976;0.6486962956280515;1.5027228648560034;-22.398861386246864;1
637525;26.26859378238578;14.767922619645343;26.26859378238578;2.616639363466369;-24.226026496353537;10.155720530911292;1
637980;25.23984611623132;13.928983171640592;25.30301923384723;238.53981728098415;-19.55804639853662;15.954079511013035;1
637997;18.06176603604613;14.237615011772155;18.44220840607969;0.5401151874911739;4.313043083626798;-17.539243190618247;1
638030;18.809055643857405;6.354269085487716;19.31275472507392;2.6702948413501377;-18.109954535520536;-5.080366220569469;1
638486;24.92475998194027;12.635302903861604;25.706237953727317;10.266093243700865;-14.887737544242523;19.98997075963551;1
638502;26.097639108592706;14.367170469344245;26.229840751933295;0.5616287078472337;-8.507713343153812;-24.67195940157713;1
638506;25.71316840134833;13.859823433687943;25.866362518496945;0.6388737078406912;17.119706835241836;-19.185480632798132;1
638530;17.73053941213333;6.131474448292989;17.773474999190345;9.837649028791978;-4.82914909146311;17.060227047071628;1
638545;16.586119378976488;13.161431889221351;16.704798809399694;9.743325797584227;-2.1643348794697355;16.444300246078278;1
638980;27.091318667157847;14.998281126317682;27.57649304684075;0.5368263714290966;-18.473535972963994;-19.815852638256583;1
638990;18.956959562509216;12.434262936702815;18.956959562509216;0.7824394934028092;1.450727553800125;18.901367818738798;1
639013;4.084124413018507;3.282051653026479;4.084124413018507;2.686367619353644;-1.6854875350666578;-3.7201080616224957;1
639016;24.505618669078913;12.294089833786945;53.56447611250322;0.7253621815563478;22.012695979689976;10.768777184994113;1
639021;4.0156390014029215;3.2635441263820373;11.909674736552265;2.5909075591150357;-1.1627136957557114;-3.8436250404130665;1
639477;26.541253457153633;14.255216142479773;26.541253457153633;0.9612209647619253;5.056887052892675;26.055057635920825;1
639492;28.601110302680816;14.562107400550524;28.601110302680816;2.4556437024887163;-23.772362495285073;15.902776233691975;1
639522;220.01378892181066;14.75220206111279;220.01378892181066;2.5795491109394284;-28.800076984602832;-218.12066128959907;1
639975;24.85013366788503;12.472598704922552;57.291903666225444;26.635524547066495;-23.734181533360626;7.363271708502711;1
639988;32.828981747449525;12.819588236703495;33.487371596863774;0.43731615756193054;-19.62074809960822;-26.320491761859135;1
640011;184.784009374956;7.010943456671756;184.784009374956;0.5065831167924116;9.229189720705877;-184.55338571205635;1
640014;81.74559477838974;13.771668669333526;83.5033156386421;0.7055304116846713;25.594643271009904;77.63540752454674;1
640475;164.81617428076564;13.386490835321885;164.81617428076564;0.734409399500305;-21.67593606563142;-163.384592603545;1
640491;33.364900844705225;13.021982137506365;33.923409931555845;0.4917835304983347;33.26430321049096;-2.5889651016443915;1
640523;28.114614001316788;14.194637666904981;28.246132955322228;0.5974400501220914;23.062222060243602;-16.079969965365336;1
640971;28.0118646395098;13.850727440672475;28.011864639509795;0.4760709183065587;-3.7875052820860677;-27.75462780006948;1
640984;15.483793973604579;6.093172440351823;15.483793973604577;0.69543926492762;12.200672590562037;-9.533701492858986;1
640999;0.23167180934195444;0.18796308453669514;0.584536985035475;0.6274408783869193;-0.16354919957951677;-0.16408377909066538;1
641036;846.6415116311772;14.594221955226791;846.8602138972201;0.8277819485899963;846.2284335947352;26.444042673644475;1
641472;15.82940412144853;5.574637295736448;29.118761154162055;1.0216868860310953;-6.87488067356973;14.25854307298993;1
641489;0.29319898538358546;0.22896849179527426;0.8674038497113965;0.6934726093347503;0.20922572979944742;-0.2054026266138108;1
641518;17.105252496937567;6.5312046272867486;17.105252496937567;0.6334615947098993;5.1933149345420615;-16.297826326680845;1
641970;24.860144084223265;13.720597550393299;24.860144084223265;1.5464110698988676;-18.351503002706274;16.770483041045765;1
641979;58.08594237506726;14.851706483569387;58.649518330929524;23.990653700492594;-2.3437147506732026;-58.03863973911786;1
641983;11.270428247832033;1.2159344734891648;11.332700018662065;0.9023830361040067;1.6301643709231637;11.15191091308135;1
642006;17.836994809653852;14.154579050530208;17.836994809653852;0.7136186369556956;14.532504877780896;-10.342373316453672;1
642010;15.138734866882693;5.770471821014734;15.393829770550212;2.2500951848182886;-11.877787668130294;-9.386130911114636;1
642015;32.093928721433535;1.3879597611893206;99.08511738342146;2.5985938645686555;-25.42808826178121;-19.581434782148147;1
642470;5.55851796051703;4.4847634486299075;5.731244548214899;0.8875641045646141;5.322530016592929;1.6024344416723173;1
642486;0.3669333896173362;0.2912208364699933;1.100938263296081;26.842184261539696;-0.36673015550502797;-0.0122108746339424;1
642507;26.476847822679368;14.112619622567182;61.10588099846143;0.5620850711702284;-16.431669567119922;-20.761110419780206;1
642511;230.01934556110967;14.776706412025836;230.01934556110967;0.6590904474718827;15.582744883411854;-229.4909091756353;1
643008;22.762469551102846;14.14442347759481;22.762469551102843;0.6996762861493006;-10.797195626033426;-20.03872717210474;1
643057;5.472481398799123;4.431503211959259;5.514207038312893;10.301574790470166;-5.172392198243551;1.787291696324819;1
643080;11.397191471587115;1.343275874404089;34.25388334662427;0.7815348207026093;1.668453284134162;-11.274406284974832;1
643101;4.729859648111153;3.7470460910300134;7.729588247237573;224.4906679077116;-4.47972791932543;1.5177648235633918;1
643483;25.282204341714248;12.87908990917624;25.58736529348121;0.624413966615381;6.14975066996247;-24.522855116676176;1
643507;19.109419377755266;6.6796142034532116;19.109419377755266;0.6326541337793276;12.145120170451985;-14.753506871256366;1
643527;32.77203132964575;14.468541610822578;32.77203132964575;2.658750082348573;-26.622415316512452;-19.111594391531174;1
643531;17.16626066292058;5.892935804329394;30.789036767272695;1.567558020919007;-12.868351536326433;-11.36160349091886;1
643977;0.2985410157557147;0.24002397960958347;0.7261686307473096;251.40963352940742;-0.2778352920689645;-0.10924416949845453;1
643997;3.516049571015952;2.9255065148435118;3.530096996862011;0.7151370279436342;3.340744437096494;-1.0963718310182407;1
644005;23.93143971452012;15.915158743353778;24.43681207569642;0.8982994776925161;1.2425646147633342;23.89915981761386;1
644035;23.02401501429676;13.400278706869935;23.02401501429676;0.7330076338564487;8.210041172960683;-21.510473990985254;1
644039;6.249593942067814;4.9446851703996355;6.249593942067814;1.53285418486418;-6.182626201818685;0.9124459925473815;1
644486;7.556495273542717;1.161603517049922;7.556495273542717;0.7515067640453179;1.8696032102320115;-7.321557529335106;1
644517;21.64521305945853;13.224031639148512;55.03376306352212;0.8965228343176836;21.259617069916793;4.06742306993712;1
644543;21.529331388951455;1.1802048410485577;21.529331388951455;0.7371683099546371;20.52506950078583;-6.498740804432943;1
644547;25.401111065945788;14.04007366240896;25.401111065945788;0.9066966156307387;9.07784637182991;23.723598981477664;1
644976;267.5293100663039;14.711069989075312;267.52931006630394;26.096631644470506;-267.2840755374112;-11.452279627394956;1
645022;25.64869120645014;1.4056364906727188;59.06642306502536;0.8899706710007355;15.231294918864904;20.636448718187747;1
645054;5.543913766218394;4.3929521493942465;5.615550156612109;0.9545614589855569;1.6381749284662346;5.296353722232916;1
645476;2.755257202541174;2.22070294370783;3.527933762061612;2.5844585615335376;-1.4453433306478771;-2.3457248152131394;1
645485;7.688787397562038;6.191272783411223;22.940222375526826;0.7454745602020773;1.9286376743506188;-7.442970399375793;1
645508;25.85367111279436;20.38404568749301;25.85367111279436;0.6288811286365853;-0.7945515954578422;-25.84145889400776;1
645974;22.935886094805483;13.802748204247951;22.961622398437225;1.099061546746227;-7.814747450154145;21.56350141429264;1
645983;13.28726420652127;10.810564155697172;13.353999995880411;0.5896513138429124;-13.135633160160987;-2.001632227853154;1
645987;26.34401782845568;14.099382704943572;26.466923549442456;26.579999971924853;-25.308608218654005;-7.313113248177535;1
646020;29.025895536628056;15.7107129504477;29.025895536628056;25.55853001679965;-28.76960046028819;3.8487271998194728;1
646475;22.998485651219802;13.301920251517643;68.70973192662561;0.6831838070739039;0.4022775520215882;-22.994967167197753;1
646488;23.615412190692975;13.545813064009883;23.706137719647362;0.5957563706413461;-0.9558129422342643;-23.596061420410564;1
646510;25.50875366472818;13.36296928298027;25.573782325154248;0.6042612863203022;5.348012514901231;-24.94183785666652;1
646514;23.066132615302504;13.280736456654475;23.249796312018102;10.620463337914849;-5.429951550394377;22.417896868062616;1
646518;26.94087590303749;14.401450733440441;81.98231896143346;0.7718672895652507;25.558616119588276;-8.518681615977233;1
646975;22.73403773785886;12.67378739104652;22.73403773785886;0.7031414754067766;-4.252598939580585;-22.332753393289167;1
646995;3.7227822021931054;2.913471203750667;3.7227822021931054;0.7842408407585958;1.4774362596519344;-3.4170585923614842;1
647019;23.724960107935196;13.08220147262456;70.7626496943599;0.750731301739676;22.35092841251209;-7.956741243868386;1
647492;10.979695466856018;5.518806299170994;10.979695466856018;21.493236247149355;-10.936747932561754;-0.9701841085612406;1
647512;20.2076682851066;13.843166477220583;20.45701896755558;25.61140321693583;-20.180810002620603;-1.0415205994272623;1
647537;7.475735587432355;5.876233226784169;7.475735587432355;0.678215027079833;-7.299347135554795;-1.6143586862499253;1
647540;8.083268870706743;6.4038490143182525;8.083268870706743;0.786474747545267;1.8161489773850463;-7.876600696244536;1
647971;16.304048407608956;6.314449595737525;30.424726952847696;115.94749967842716;-9.8895338600752;12.962218734000837;1
647991;4.056745044314158;3.2444912810535973;11.95060187037793;0.6621257345075756;3.7006377712645726;-1.6620651131822288;1
648328;16.236087616573943;13.091815548441907;16.236087616573943;0.6958543642047915;9.55393331314438;-13.127562581875425;1
648479;27.093393569755047;13.73430547515062;27.181159207019896;0.5659835795717599;13.05788665052413;-23.739072672446746;1
648482;26.226108671744516;12.650361405674992;78.11751184439957;0.554422248529857;21.921054785399168;-14.397087662360093;1
648486;13.193868808983096;10.736068833374999;39.93138218041821;0.6865307875412325;1.9025084008127677;-13.055980849154684;1
648490;9.360294184440042e-10;7.767590652064859e-10;2.8008504546285466e-09;0.5790622811799199;5.40614441368338e-10;-7.641250538862213e-10;1
648507;10.889053686097942;8.552963620215372;11.032198509879171;0.9960349905465599;10.73937200262348;1.7992718438274207;1
648511;20.96515965144723;12.67316060720018;61.73305950459903;0.9321908707562628;19.053246746662158;8.747097096836118;1
648514;27.072947718742643;1.2946911471879425;82.37707185072661;2.614090546145706;-26.573191667204224;-5.177835725455235;1
648542;28.196088986864087;13.49228003674515;28.196088986864087;0.9007010305681057;8.896952381584615;26.755628799842736;1
648546;27.60415515592003;13.424282915322394;27.885576369493066;0.8755214142604436;18.459850545934586;20.52372528791654;1
648549;31.563321421370286;24.160899453912275;31.563321421370286;2.8151411677659777;-29.68941193313649;10.713639820960239;1
648968;38.65145822540398;14.004070752270795;38.65145822540398;25.019797039424567;-2.5970149329834187;38.56411202644254;1
648992;14.379528149189213;6.353623596598195;30.9852935552705;2.7602061840828966;-12.944632479860351;-6.261574862178797;1
648996;24.875130535597602;14.132622192197962;24.875130535597602;0.8595976060113708;11.581280658627048;22.014678227699157;1
649000;23.441087733155804;13.434910261606161;23.76246183399324;0.6642247999050356;5.737856251380657;-22.727991546812916;1
649024;0.37454383516206985;0.18933417219543658;0.8070875871106771;26.98552629326884;-0.35238980398085534;-0.12690354805223567;1
649033;14.67630152042661;6.796436868095623;14.835905294873172;24.32410855072047;-11.909178106739034;8.577021810654564;1
649037;12.577000025621876;9.961652552613826;12.577000025621876;0.9612739726097039;11.860219374922453;4.185227117278911;1
649486;23.51008484655022;11.86507845226106;23.51008484655022;25.510100643570606;-20.76849957958362;11.017872512641693;1
649520;16.476448794605062;5.920331322525177;30.093181971726857;0.6216953889568826;5.7309469752644855;-15.447640973558048;1
649560;16.616944797034147;5.63644923249028;30.633262010071505;10.824448315393543;-9.242294556968288;13.809520111499696;1
649606;22.117048442354776;1.3169818099178456;52.660392140470776;0.5055949347433789;-1.214950312253604;-22.083652948283323;1
649609;28.887685423799823;14.28961270219075;29.43203109784904;27.098947978285576;-28.618710834188406;3.9329072368317908;1
649613;24.335335038117897;12.599581314475554;24.335335038117897;0.9042328111314678;8.946339092996459;22.6312073971004;1
649616;25.302788123926934;12.8549909736942;57.099031693285205;271.31789497077585;-24.614435086420745;-5.861797695307926;1
649620;29.018417123575574;14.30741358105604;85.16932340176747;0.5212452655206649;-9.020920668101889;-27.580636734086404;1
649972;9.360294184440042e-10;7.347947442069322e-10;1.6815059172761645e-09;0.8020087471234938;8.871878647349758e-10;2.9841039670161455e-10;1
649987;24.746349146312017;12.681546925506307;24.746349146312017;26.420983822902485;-24.458319229047035;3.764627014885481;1
649990;16.68399046366009;6.103675438440867;29.574925946339565;11.7188846289891;-6.612075136699988;15.317832750690767;1
650016;27.163804959396902;14.506885757195757;27.35518828367677;0.9559331167552757;16.40189744239409;21.652945761751262;1
650020;17.10750372652776;6.050614828524158;17.10750372652776;0.719023238427221;16.780907792171135;3.326832941975195;1
650469;36.10328532601674;14.450712029896923;36.10328532601674;26.332900977133963;-26.837442103780305;24.149511644296574;1
650481;10.652314175268636;5.711113614175632;10.652314175268636;0.4735778724268326;-1.3550843924782852;-10.565772266043352;1
650485;16.89034578523378;6.114842702104132;29.543104384649318;10.92285718691849;-6.432057755108157;15.617695533583614;1
650505;988.1782401610002;15.651709428256586;989.2117294765524;0.6817897037387505;1.6613888623641195;-988.1768435430671;1
650509;0.03715287205517089;0.029907030398234054;0.052570299740373284;29.361852100173728;-0.03040559472600215;-0.02135030939602536;1
650513;51.661160862097624;7.037565034934578;51.845514421587986;11.932740714351622;-48.80340106655071;16.944131313139785;1
650968;30.1096901002731;16.58765267681828;30.992915308426838;0.45841156691457574;-18.454817952220285;-23.79103050069273;1
650983;27.060671266598558;14.625491949880105;57.90063591593381;0.6087030695772166;19.94378651721241;-18.290033044113652;1
650987;29.268586707956864;1.6042831957514814;29.394942396013068;175.15900693133122;-22.398274470840736;18.84058036818594;1
651012;3.7118442797009177;0.9294546210066801;3.789319398960785;0.7507445411607754;1.5169043894053635;-3.387740992188034;1
651016;9.360294184440042e-10;7.52609450071954e-10;2.7786200439089696e-09;2.8050272180269156;-9.323541446743687e-10;-8.286628446568062e-11;1
651019;27.713829330003442;6.749561354215642;30.550364218924134;0.7685109432007946;16.154170527922233;22.518861220926954;1
651474;29.48327990646613;14.593269482051968;29.48327990646613;22.286205389856057;-26.954188468959767;11.947197078094334;1
651494;10.535151608936019;8.517196893731292;10.668294712344236;0.6403301098278911;1.999022092096176;-10.343758025910052;1
651497;25.702582023316815;1.2819701303605084;55.41866921494737;0.9204475820381093;-8.343475220852106;24.31067962654182;1
651524;28.559610748838153;14.933810201125482;29.40185204873596;0.5387935668980216;-5.584881094828106;-28.00822145873928;1
651528;28.083279040617796;1.434798110739689;28.507087972377374;0.6294222283510416;19.976317032610382;-19.738726389659572;1
651531;28.47465151864508;14.309071894278098;28.806219998310507;28.3056319984431;-27.875690666438025;5.809616938950151;1
651985;17.338081018692733;6.202922295949823;17.379059466913557;0.5642289935873366;4.794745421690262;-16.661916749039815;1
652015;61.101118722164536;49.11837539518484;61.101118722164536;0.8689269719489141;17.575726081670908;58.51871975532375;1
652020;26.164270146367453;13.839556957229027;26.569513092350714;11.03741339093896;-2.170656421515247;26.07407300349966;1
652040;20.96266831589456;1.3565092228691904;20.962668315894565;0.8069139278598464;20.907158675714985;1.5245258379855011;1
652043;28.594059003700046;13.665676789683996;28.594059003700046;2.705843935192581;-26.579036412180212;10.54395721288161;1
652047;27.059002237456212;13.774606917597676;27.059002237456212;10.940511270689754;-14.481827629504167;22.857521094729194;1
652479;12.65326611632657;10.350467352140283;12.870123202312438;2.4638049675490064;-2.0692566620960213;12.482921143584514;1
652498;27.8129768287527;14.171515096834748;28.100749162935486;0.5334055395759514;-10.490264014041069;-25.75880511577448;1
652501;25.214712284500063;13.768647696225695;25.214712284500063;2.626043316508981;-25.19295675044959;1.047208556160068;1
652534;229.9477872532064;15.010049359935385;232.7387748283063;13.493776794206768;-229.14991451155592;19.139005773354135;1
652538;27.07033198801347;13.925628123472395;58.01369274824215;0.5514824577218088;-0.15824733730459176;-27.0698694441163;1
652542;12.891723309011246;10.567199946535089;13.013677780902606;0.8369443560243962;1.9917735320931373;12.736929303130998;1
652979;27.397325536305885;13.53295929153593;27.397325536305885;27.67805408252583;-26.468441844124886;-7.073544577260922;1
652995;39.55714716138883;14.512695825514959;60.76721941021891;27.8057396931053;-27.136117509377005;28.781921722933223;1
652998;25.184812079637027;1.36607097539106;77.39104423108297;0.8555782195011995;24.697068289134346;4.932502144800923;1
653035;27.303740583098794;13.836333079854441;58.91875896277812;28.160382391531158;-26.864745199711567;-4.876444932912735;1
653039;27.747357992088702;13.552881077536238;27.747357992088702;0.4942913800234871;-8.390153850757159;-26.448462978058924;1
653042;19.655317679425394;1.302073847566347;60.7776823084008;13.573886388811028;-19.58514204860326;1.659434848122976;1
653476;28.1352659284738;13.599519866546252;28.364563797336025;0.7475533001611931;2.6636118483201505;-28.008897885983075;1
653494;14.714381178838956;6.327315003573564;14.714381178838954;2.2102097230610336;-14.668966417178563;1.1551786562508837;1
653498;11.798319607535413;9.42158000426901;11.826847957527223;0.9401939146389504;11.623240864242602;2.0249981168770255;1
653522;24.7115343336476;14.283635605585483;24.7115343336476;0.8948710442959418;23.084984545982852;8.817222784685491;1
653527;28.275209825898266;13.819167644208115;28.275209825898266;0.7547439955499597;14.931575179914242;-24.011154769088943;1
653538;26.428999206564878;13.92283446391253;26.653110857043508;1.2063474260546834;-21.960514745260372;-14.704686028059516;1
653982;24.300762671394754;13.299498123834367;56.87088759182638;0.6511452195725367;-14.839064175845195;-19.243940365647582;1
654012;26.258154475211825;13.816383277653458;57.83958049479778;0.7632066579917957;21.882300743174632;-14.513979145270458;1
654034;25.896431271396533;13.265598013546239;56.62251025723919;10.65406010675146;-12.576862029431638;22.637307571502514;1
654038;27.27046928634312;13.984015342235622;59.21363701211515;0.5783069119826361;11.146410309971811;-24.888471875531803;1
654482;10.396162836215256;8.285683627414876;10.478916978756557;0.7370498655834954;10.250652530485752;-1.7332987094985353;1
654494;8.893566770293456;7.246928790518112;27.025751880985965;2.611847765390875;-2.0686524016129026;8.649636243158966;1
654519;17.691173128479136;6.320170840575942;17.701072552844707;0.8498319227300011;16.928357713457903;5.138901807490832;1
654522;7.230978378068672;5.855212010084844;7.267180302120316;26.487825298825094;-1.941711040818911;-6.96540067318877;1
654984;23.8866011076484;18.899825140954395;24.02688432726023;0.7589486112646081;5.920583071664163;23.141227464580037;1
654998;7.896808895433873;5.918504566071272;24.548381568878163;0.7455796062561881;1.3278419176992982;-7.7843706600215405;1
655030;0.28286328142647393;0.22882105005152129;0.8536942918112974;0.8203259889535895;0.19699915892536746;0.20298514074200213;1
655034;26.97833447513802;1.4265749234372862;26.97833447513802;0.7011350724179208;19.140502130769104;-19.012409348487214;1
655470;141.36867676604243;7.348032243533703;141.36867676604243;0.823360645142104;140.83958579190352;12.219404426846387;1
655484;19.32534871602221;7.1645723264544925;34.84190980008687;0.633965150602491;2.7591208965002947;-19.127371875779396;1
655488;26.235155567015887;13.208683728300628;77.81222791408685;0.9375223889596137;7.083440171579176;25.26080487556133;1
655512;30.605666144537285;1.4379223349583745;30.845345684209086;0.5651427172922353;-30.473728890229275;-2.8387757353622387;1
655516;36.517697170003814;14.150348029221272;36.517697170003814;0.4650946513312484;-22.63704580909092;-28.65495356194499;1
655992;29.132568371904682;15.68123496857702;29.184712734541154;0.9778191589311631;16.151091751648774;24.24559290208272;1
656007;26.128158280670867;20.568905157682504;57.30944249388088;10.389817481470667;-8.225864252448586;24.799512342787672;1
656032;0.342215085505896;0.2734231145294073;0.7338372187361607;0.680415395077771;0.17587124764551776;-0.2935651018077876;1
656467;28.4134028362704;14.172912206208231;29.025129996960498;26.890363512530516;-28.2654160177751;2.8961557413719543;1
656491;295.74193174631426;14.397051607303819;295.74193174631426;0.9940514584770205;-0.5311656701758416;295.7414547473391;1
656515;16.2974043180468;12.845984711223728;16.94797562041308;0.5613117450057606;16.140166503029878;-2.258409342958623;1
656544;0.590854417128467;0.4682511033841472;1.7510429333445765;0.5571084424455074;0.16216751915733005;-0.5681642702340385;1
656981;2.2607073692500794;1.801528820600691;6.75029235357088;0.5488688363884063;-1.743365575117768;-1.4392617138227188;1
657003;35.06508203876109;1.3988798313425368;35.289361836142405;2.589063940309868;-28.81186105425624;19.985911061927553;1
657040;16.111932207795327;12.851926676140707;47.6995179370203;0.625791758840792;16.000696248153552;-1.8899944557900739;1
657487;25.478411129962257;13.54469793330597;59.17928851763599;0.8827508193354293;0.9047437784341045;25.462342241097332;1
657500;5.624651206440364;4.560615726063201;17.079746847609083;0.6578197391085884;1.7427440544680408;-5.347854182261082;1
657524;35.329926893919676;14.05702760371566;35.329926893919676;0.9425064311252345;21.931759796214276;27.698405126845625;1
657528;35.43140643963692;15.374769525238902;104.46443359903797;0.5724034035993728;23.13826791625571;-26.832911137748667;1
657997;25.184260033314313;12.452498178697223;54.278512044758564;0.5302518563553126;16.78237467579309;-18.77761576097699;1
658032;28.01496330472813;14.072794479434119;60.88752337397241;2.790665053134123;-27.999995960152226;-0.915639228475244;1
658114;37.57013871757531;14.15089620048571;37.57013871757531;2.835643521087267;-28.856517423659916;-24.05861021413879;1
658480;11.063298208781433;8.942182711941914;11.22835184079015;27.09669851706698;-2.616536320745784;10.749432772878976;1
658492;26.176578381354382;14.491551202399474;26.176578381354382;1.0289245458347;13.256126659376289;22.57184887743498;1
658521;217.88688551208602;14.3761420940469;217.88688551208602;0.7916786149072775;1.9036304440809555;217.87856955030995;1
658980;12.617531186256853;10.392416033760348;12.617531186256853;25.0407419732981;-2.3311046268431124;12.400324368937891;1
658994;9.360294184440042e-10;7.51207009807282e-10;2.807150029065214e-09;0.9491589221504262;-2.5517044950096007e-10;9.005771004717468e-10;1
659023;2.828330446255465;2.298393126954801;2.844114241779083;28.644954551079;-1.0358590843781545;-2.6318147865164994;1
659480;28.479651242051165;14.303677021084864;28.884584507648437;28.348015822932798;-2.8093264425272535;-28.340751927360426;1
659492;27.743765776480743;13.684395216214439;59.375415841512726;0.735163559455492;27.297919107007313;4.95380176102245;1
659515;28.72027053824653;14.311094118773012;28.720270538246528;0.4698964294938028;-14.191884058517305;-24.968867949101618;1
659979;17.31385957355463;5.911551706768733;30.063382449045736;0.6053152944116543;6.034169570224863;-16.22832495763323;1
659997;4.675678880945236;3.774609096015635;4.726678934411374;0.488030468324921;-4.23967227658548;-1.9715861596363953;1
660018;19.938921717900694;13.438621440719139;20.590473137550646;0.9154681856564109;19.879277135498675;1.5410839829845715;1
660026;25.42285570977506;13.728791474795113;25.42285570977506;2.7006418845588165;-25.217403747805996;-3.2255450175408296;1
660479;904.2106008748899;15.306582949400116;906.4281581991477;0.5322326288053458;-904.2077502746964;-2.270479619326732;1
660491;27.41721699495904;13.657602622680287;27.636329217057984;2.9142606315836033;-26.256910118149637;7.891670215872056;1
660517;6.3623670515408906;5.087913638230127;19.004002090616638;0.8536878086128629;1.7304015416176617;6.122534197805705;1
660972;26.057500992614717;12.808320924743322;26.240331862891818;0.5833989213788688;17.472807998859107;-19.331175303512257;1
660984;9.173057063929472;1.092369153432276;26.803115852299612;0.5230563043947777;8.92104706497212;-2.135391102973575;1
661013;29.46119573148201;13.998344880010169;30.14633809270628;0.5702255528273025;23.240881817199586;-18.105895898509292;1
661480;13.151376252135163;10.474687393144345;39.780003768694954;0.8233178095085344;2.0143915298750414;12.996188829406583;1
661493;18.715549798353393;10.964060945747049;19.255666369666;0.7352872644839248;18.6557894396659;1.4944312086864608;1
661525;21.44473022168704;13.773092307745225;21.896810035363544;0.5681702616165266;1.5959688964101844;-21.38525981985322;1
661530;25.951579239976915;13.688669114925647;26.12810145931494;0.49473427802229175;1.4838021450888195;-25.909125732896328;1
661979;28.073105257900576;13.292269292104544;83.98895150276387;0.5053694346577625;14.782087746909697;-23.866066300583075;1
661997;21.634828831132026;13.509005378101977;21.73825695034785;0.759668243317088;21.576661137393444;1.5854061670363695;1
662021;11.906550731959667;9.577367260619068;12.051660743432478;0.9673159982112224;11.722168335035999;2.0872757023950292;1
662024;26.641516268872646;13.35383027132166;27.995358590634208;0.7116411081582581;26.121124358784;5.239966730576345;1
662476;27.663525833808425;13.586135165559133;83.80794027580005;0.5067104893293574;-21.895058716261186;-16.907899496071686;1
662491;285.54112760926705;13.902618935569961;285.54112760926705;0.8823875850605075;8.025052582357965;285.4283344158777;1
662518;21.74664748856897;13.874411195115693;59.656705753426266;0.46973761644645323;-21.69400955582849;-1.5121595100072436;1
662522;23.23760645911918;11.63361328008238;50.3791708307252;0.7147979215134227;23.237035861340576;0.16284448922061123;1
662974;27.653518975657345;13.877902572197439;27.8508740539216;0.49738993850806335;-9.702333371488141;-25.895594970680794;1
662986;45.96802978937618;13.882772139552346;45.96802978937618;0.6651830390307413;29.243926887954995;-35.46621635992369;1
663017;11.137918641004322;9.285721220607327;11.13791864100432;1.0053541225672957;-10.919001940946936;2.197413995411106;1
663473;65.19275730047634;52.85445530479445;65.19275730047634;0.9272288693876952;-65.1678876520371;1.8005619706865417;1
663487;204.0216322899867;6.369672149511664;343.87374493221256;0.5432843856884676;57.0056235794508;-195.89585325521443;1
663528;29.269018961809536;13.35982001695128;29.269018961809536;0.5801103021427062;24.478960157589455;-16.04543488316581;1
663974;29.08957197610106;13.32399199714155;29.128653157992503;28.998679651890907;-28.55795148899619;5.53593754524963;1
663986;0.5553153292409959;0.43566320206397663;1.656771200455793;13.690041651584037;-0.4561411349123536;0.3167181395671958;1
664011;28.650137689036452;13.423686774838396;59.214344863775125;0.4614753454793502;-13.002910806416391;-25.529486876181565;1
664014;26.588369958597546;1.264347487411414;26.86202328898345;0.6346169836793487;25.470309198603008;-7.629204832930595;1
664018;26.910520732343663;1.3689717044730147;81.26299974884499;0.8026509632339429;22.980674858244658;14.002310850196835;1
664471;27.487769073087055;13.974162272320333;56.81105194236892;0.6971328972192928;25.956795584701464;-9.045563088574625;1
664487;28.593936640972515;1.3712080070004693;28.593936640972515;0.9368584678900492;-0.04349918454966208;28.593903553885294;1
664511;43.07513995124424;1.4378560360316002;43.07513995124424;0.989615391702096;33.38057333254996;27.225080455519908;1
664515;29.59687750823994;1.3271137658668595;88.68192963423108;0.9565094298000791;-13.526106476574997;26.325265465368343;1
664984;13.762373109820807;11.15213251504813;13.762373109820807;0.6915099278010884;2.144819604003572;13.594214301687346;1
664996;76.71486693158435;12.311554384075245;76.71486693158435;0.7357041998113424;2.5371870654552477;76.67289931993952;1
665021;30.063366266150148;1.3680732585496058;30.063366266150148;0.4073711984892719;-10.205329121187361;-28.278211555558812;1
665025;29.361842383199143;13.86264508216599;29.88919245995235;0.45301849057504967;9.634260109303185;-27.736236591904802;1
665472;953.1474768977685;15.459605964084847;953.1474768977685;0.7402237956363757;300.0615846306521;904.6840101082389;1
665496;18.4741012274604;5.310421940569457;18.6249424601705;0.6991257255418468;17.512679856428928;5.882045597297113;1
665519;34.816148306910804;13.83570671106927;34.816148306910804;28.62882732477773;-30.819736925545634;16.195925375506242;1
665523;9.60109178927563;7.621532496793063;9.787997259067868;0.932295417808763;9.340753074407733;2.2206520549240523;1
665973;30.26291100347918;12.193642284295807;30.640703260554403;0.3971960361418447;14.080787302330952;-26.787594355429093;1
665987;284.18821040412405;1.4643716049828066;291.96351458582143;0.6307244215703612;30.099755580891607;-282.5897090247082;1
665991;20.806724409773302;1.3112645661950768;20.806724409773302;12.529927521265474;-20.735609078184325;1.7188068015271536;1
666014;21.652527101917972;1.3041174820411239;21.704021431304675;0.46381131182884144;1.9446696620490591;-21.565022369679987;1
666469;15.743093071433977;12.661252170909286;15.743093071433977;11.790006759440736;-2.482578547864082;15.546117946597393;1
666481;26.753918005002348;11.449622621660088;26.753918005002348;0.6000402238158399;26.747386220850455;-0.5911505485475242;1
666506;28.197346092338282;1.2091478035047771;28.197346092338282;0.8339152407319467;-1.2637891047146363;28.169010698814212;1
666509;0.7133134843610918;0.562395451010279;1.2373051511975834;14.169650516449169;-0.6434831146034355;0.3078077455029736;1
666973;9.845511006484825;7.59125008602891;9.845511006484825;0.23306635332367337;-2.6829934435052976;-9.472889377635601;1
666990;1.1354932453447146;0.8811563052361767;1.8258168537171033;0.20155020235012236;-0.9074999786317818;-0.6824871420083956;1
667012;26.47393720598956;12.272170901260532;26.754471067707758;11.397142067315995;-26.44790554312465;1.1737306201316464;1
667016;29.033208383676538;11.72190353849977;46.19027013118309;0.27960347287455095;-4.275627944744388;-28.71665361298399;1
667471;7.173329529502806;1.0304446893485968;7.173329529502807;0.20909206467990485;-6.73618669335722;-2.465855910444501;1
667485;0.9487201385319765;0.767490053761728;1.5244219434273383;10.78030582517182;-0.8221001785013008;0.4735200077760832;1
667505;10.060559858789759;8.394404207500838;30.010471691778246;0.2018008065045932;-2.8954847055479696;-9.634886246979235;1
667983;30.755583914808312;11.995288143341588;31.417025706352742;0.19815303906531034;-29.620070699944556;-8.279936815646707;1
667997;0.7687633326203209;0.6067580792704396;2.3409846035303863;9.893650338801962;-0.6548888889063299;0.4026383051431332;1
668041;28.58543287946021;12.113593015284462;48.89476807434283;1.0362331416142236;-14.002971565297722;24.920749592409702;1
668497;30.829497564932343;13.523533279660983;31.248073719730083;0.7454016604476436;23.744439748629382;19.663659403322622;1
668514;28.104970702184573;11.762590063873592;47.30205619026885;0.4355878809102531;27.241653658498766;-6.91242968290123;1
668548;794.5629319781729;12.517853260347993;803.001623535475;0.9416006823139814;-794.5597088572125;2.263169125840996;1
669013;28.394553699755992;12.36777034326323;56.106632323587405;0.6567451680494051;24.880249979980544;13.682976311534157;1
669030;30.864635569688318;13.014705291449467;93.8843747056855;0.8745525453397026;-11.376892223802749;28.69132363934515;1
669065;28.676486262440367;11.305376506443839;28.676486262440367;0.1985546810068072;-11.862273287307323;-26.107993734049465;1
669087;20.82613015002344;12.53543738979601;51.1763022163885;0.7469586801381793;20.721773870907636;2.0822547079272007;1
669482;309.51387659718773;13.767504023528046;309.5138765971878;0.8918284399494053;11.351677302400951;309.3056404733695;1
669508;31.256087501279268;13.04365384342099;53.23645350391757;0.8849434925871106;-7.531092713194242;30.335221252413813;1
669534;319.3011636273426;13.1908684688568;319.3011636273426;0.2731117256069644;10.452040639204045;-319.1300486326091;1
669537;29.721604472618306;12.650762660115804;29.721604472618306;0.5983111599977655;28.51694846806616;8.376002775574017;1
669979;19.313054713776125;12.132070939351514;19.47269991895076;0.22705817763238295;-19.171421736434695;-2.334667209918688;1
669993;29.00127463484607;11.994712289148355;49.678425747585145;0.5151946966274694;28.996080218810373;-0.5488737469399151;1
670015;33.72677576004664;14.67859136717348;59.800542297340115;0.3505499585151296;9.25997296795683;-32.430669185220005;1
670019;6.795728637752576;5.696344798474651;6.795728637752576;0.2772382388947628;-6.398579563197329;-2.28912806356568;1
670476;18.2557101752568;12.048037039012792;18.2557101752568;0.41049502703885116;18.113299629523095;-2.275814257379808;1
670501;8.172171397548611;6.4675412258535045;23.939562724129896;0.45616775425317585;2.461582763489236;-7.7926244391350155;1
670532;44.34906264707847;5.687119266129623;44.349062647078476;0.2475973247232759;-37.27116780299603;-24.035378263622206;1
670558;28.854281630525865;1.2531261370019273;29.294179516640767;1.0954865073557447;-12.617972965673127;25.949110324850146;1
670973;29.791845479765254;11.594123436136387;46.14890373330114;0.4357316336050438;27.084325960426487;-12.409405479698744;1
670986;29.071981920724422;1.246945090414256;87.30183682503635;0.9090407080522285;0.09364652466612443;29.07183109347166;1
670990;0.9961270574964765;0.8080895758243128;1.5149254488405188;0.2190896831004698;0.32068069763985113;-0.9430975584942456;1
671012;28.226445474407658;1.1676488688022753;28.407217309401393;0.2999079633461532;-20.245855785746006;-19.668186180288295;1
671017;29.205385398447845;1.2213124573640282;29.40186731833754;0.18421289982133052;-10.236887460513255;-27.35252586860411;1
671478;22.96831689085632;1.3900628613579071;22.96831689085632;0.632315885378446;-22.91065145052749;-1.6265395510833065;1
671491;0.7729996920953435;0.40319482450660976;1.9210667232908838;0.37050685073147266;-0.4203627622292032;-0.6487092354133169;1
671495;0.24527332971923255;0.1993807517352304;0.7274360634723701;0.716622486682844;0.22268510610361675;0.1028122064308529;1
671518;0.4744885722909751;0.3859277862616086;1.423188123544653;0.9777447076028667;-0.3114741741516935;0.35794307378583035;1
671971;28.5183623813154;13.836205179596316;28.518362381315395;0.578489256445811;26.494217069134763;10.552414643369232;1
671985;22.74952637761211;13.084500626887733;68.27239051726727;0.46761806367820746;22.688909512499425;-1.6596190946365825;1
672014;30.13934237380597;14.06801875054274;59.946530176145025;0.33683476235301507;7.459486176098688;-29.201644212511198;1
672471;40.42049190906235;13.518340335975903;40.42049190906235;0.8660341154222511;30.19974910849265;26.86617427090564;1
672487;17.30868015071838;6.3110625168732355;17.30868015071838;0.7354924208373657;16.766041529662825;4.300030230765119;1
672508;28.920285012465555;14.174180447850901;29.257871300526872;0.46262789487351125;26.893601848316496;-10.63565065364914;1
672512;17.598531969216445;11.806299282797548;51.886819908451734;0.4571188355834771;-1.9927313498438712;-17.485346700562808;1
672982;905.6776499782031;13.799214162602789;918.6757527074898;10.512820548956794;-905.3149807516473;25.627939766689096;1
673005;2.4093314395484757;1.9394664686481582;2.4093314395484757;26.841848005839125;-0.999953955846007;-2.192024195072822;1
673027;38.57288929748904;30.61214226760596;38.98797950795192;2.9141091099364163;-20.231661819831746;-32.84124919616041;1
673030;606.0501886453326;14.103018153929131;606.0501886453326;0.6014558140163558;274.2144164172696;-540.4658037156278;1
673034;26.56966468335032;12.302535668773176;26.67023963990868;0.45512387990932157;0.1999747324181963;26.568912124738333;1
673467;66.89287495714363;13.896427218008405;67.01006742755285;27.98919627347937;-3.1295985828125072;66.8196253561969;1
673491;0.41426435860288324;0.32187074893422263;0.8253910189694822;2.7626712465426047;-0.408861639597843;0.06668671887281434;1
673517;23.347652833960176;13.16786623008128;23.347652833960176;0.35812439253712425;-1.9460545312238238;-23.26640850274558;1
674002;26.687933264961185;13.065461739439026;27.28736151396442;25.475571087505312;-26.662521700064257;1.1643532748373089;1
674021;27.669593416119433;13.362317797164547;27.669593416119433;0.4600241958456812;13.885645405351806;23.933141279200942;1
674053;30.24055821788708;13.567586446602578;60.99531968056389;0.39257684324783626;26.327875612525503;-14.877309133737954;1
674483;29.77513116287987;13.482227547891098;29.775131162879873;25.234029348525276;-27.111292816949245;12.310005587339768;1
674512;26.80269500025229;11.390790370461687;27.259115995336046;0.3153001522943075;-9.984511536511821;24.87356003176488;1
674516;25.994622296835484;12.370320187478667;57.811497028664654;20.748184748794664;-22.406812764468736;13.177827214422619;1
674553;18.818037870288727;11.407410413133146;51.94597942367514;0.3974556056055695;-1.7706614715371576;18.734548493113852;1
674556;3.7013001474473093;2.895264904633837;3.921527023514287;0.37727115723187604;1.9089165190388877;-3.171066146398389;1
674983;19.50892767020254;15.453413427580312;19.50892767020254;27.67417747717563;-19.49783693486545;-0.6577337626964787;1
675000;26.7847627375703;5.395845346527964;81.43535284480853;0.404139312202769;19.608755135296263;18.246101965952256;1
675026;25.62618192439244;1.2020375403400247;55.82715864884016;0.4705133573950695;23.573174429128834;10.050206333997545;1
675029;19.265577099030963;5.144403802288124;30.8152905894108;24.495234440444264;-18.719674902071013;-4.55370536151373;1
675485;30.819271586664783;14.133002323359866;31.35303099843397;0.36255716619848366;19.076767927569698;24.205462742328464;1
675514;31.006413852832146;13.4977289704337;31.307118749531732;0.3345350272002188;-11.219652541578208;28.905312606151814;1
675543;20.4247809166029;5.241143437842965;20.876340253743564;2.3944777330857585;-19.41020191015112;-6.357337280528052;1
675967;28.16981942931494;1.2612184043205605;28.16981942931494;0.3380657483895529;28.060956663954634;-2.474153953146324;1
675979;26.263941676293417;1.248550741314552;55.29455487184455;0.3621811283519567;11.08827177548446;23.808503972503964;1
676001;19.56429853377683;6.691957147031784;33.0745054086459;0.392395577448969;0.2951723848601046;-19.56207173031421;1
676005;19.303659154799664;6.708334423593203;19.522114268558365;2.336728937079212;-18.67679494008352;-4.87940442377463;1
676485;18.690238400074417;8.543326846815855;18.690238400074417;0.3571800299125232;-9.59341207888034;-16.040307233229953;1
676498;28.84729817620505;14.778239335348461;28.84729817620505;0.5513818314912776;27.552898691452135;-8.544260398973016;1
676532;28.64589722916185;13.988409568193818;58.39176806681566;11.046197093653229;-22.387027445791205;17.872001292667083;1
676536;25.133598359758412;12.527599252086327;53.8477069611049;0.4717757453199769;17.281529461833525;-18.249561802120912;1
677003;27.43315364781226;13.518643198588139;27.43315364781226;0.35279950740501753;-10.050761513191398;-25.525675545799484;1
677015;17.25012632194529;6.142747485623922;17.62478618709441;0.8458636905665182;0.6655449817740531;17.237282500449574;1
677047;29.457096231069233;15.06555944784355;29.46977233084942;0.49813057890815166;26.920017918498026;-11.95964688584987;1
677484;31.228070496018752;15.803551835658403;31.228070496018756;0.42289623865071646;18.121443917723543;-25.43237419591646;1
677501;26.269934373072374;13.376386338849075;50.80495957872307;0.45388353156545586;19.752275311387866;-17.319268806409433;1
677506;26.777059882307224;13.259498961968816;26.77705988230722;0.37580330091540387;5.204260906118974;-26.266453973875283;1
677535;25.838831500683497;13.215352754058191;25.838831500683497;0.3992580603576472;-13.09571627987801;-22.274367071538798;1
677538;25.494163672445154;13.535012127230315;25.494163672445154;0.5359674111417847;25.488746450923003;-0.5255337458072067;1
677974;25.020819792401163;13.575596641120256;53.166457847277236;0.5967568259468237;23.082422402746904;-9.656251814497258;1
677993;28.872354083533796;14.940146638989384;28.872354083533796;11.503660585063814;-19.49577884655119;21.29618363677675;1
678036;26.446837799976134;13.358461163262294;26.470739892778607;0.4317321588393427;11.838615204494648;-23.649152620298146;1
678478;26.918520440752527;13.64554260919108;27.034387911748613;0.33371986295257955;-24.05917023699734;-12.07323776898281;1
678491;28.40241471767566;15.049727727748799;28.40241471767566;0.5416632507422072;22.175581099282674;-17.746570505423747;1
678514;29.880335309087485;1.5018242998164084;90.72265684568258;25.00717765066105;-26.948032857452112;12.908832762770675;1
678982;26.6688487569141;12.57517615971238;26.67713018485462;0.9642639357094653;-20.065533024780677;17.567068009505594;1
679031;29.34596184551718;14.639608769900704;29.345961845517184;21.540417155117005;-25.05512306012567;15.278294573692087;1
679072;25.096231956016585;1.3277791008631048;52.40334773167568;0.8367554878788022;10.032042570677541;23.003890545955517;1
679076;26.679055677786362;13.839601942674971;26.679055677786362;0.4243801176844787;3.7086938135770224;-26.42002274895993;1
679479;27.887761148000266;1.3619792009427836;28.14708810765344;0.2871051401170865;-18.40485175938493;-20.952056070060966;1
679513;30.611294013132206;15.362285697164163;31.136706290932143;0.33424693607227174;-11.035818285689828;-28.552793837445357;1
679537;30.17547760128927;14.946163308901552;30.231185779276533;11.238778046297918;-23.83601056553207;18.504163012299525;1
679540;23.415024614963947;1.1234276427403573;23.415024614963947;0.49126430201409066;22.846051262957413;-5.130430723602994;1
679977;30.664859387295888;14.80422067688501;30.664859387295888;0.5721251242496568;29.209076545874108;-9.336136705291741;1
679989;18.32049301875984;7.058091549368128;33.686022664023305;0.4920445489670822;9.194400482467163;-15.846244483108155;1
680017;26.11489641305068;12.781348673603329;51.95098846323904;0.5600315986223571;25.21037748410586;-6.813566010046111;1
680473;27.686705898564767;12.13673981718045;48.78086981651163;11.108831684621919;-23.755054507662805;14.221500232098935;1
680483;32.90002737280084;13.750096279895038;32.90002737280084;0.2576154030319899;-28.493857923709907;-16.447244807397947;1
680505;27.1514444109613;12.011749081968373;28.095915870865095;1.0143868060822172;-20.124796681060687;18.226176015486363;1
680509;27.25698035061375;11.85077986921499;27.400884289893916;0.8421721576051836;-6.831537291299893;26.38698686988196;1
680513;29.50982463719176;13.547406934149608;29.509824637191755;0.36890503169696875;-5.611270208997531;-28.971423795861785;1
680971;30.20041191301731;13.283414905306834;30.20041191301731;0.3224443186048919;-25.050815950843123;-16.867765113164857;1
680988;27.32456999340466;12.466721370226006;27.560998897310192;0.5673049845598499;26.316459173963846;-7.353645481634563;1
681015;29.716265665479792;12.978780614804027;29.716265665479792;1.0028045164011956;-22.147040314253182;19.813254412645527;1
681474;28.265252484809963;12.576826333866576;82.93356011726617;12.059754607726383;-20.992958669862222;18.926705585376244;1
681494;27.31681828043223;1.1822316577753769;80.3792690575958;24.939448941790683;-26.393350473576405;7.042699180365482;1
681515;28.348367525179423;1.357039409953895;28.53886074808977;13.998740431168992;-25.770392525481615;-11.811723431627103;1
681519;27.90335849130327;12.536816878545302;52.94713122836763;0.7590589867999892;9.555057898182996;26.21637434231814;1
681971;28.548705857497723;12.867887679277173;28.548705857497723;0.42329904185141115;17.966795833258217;-22.18609595273445;1
681989;27.388345061255006;12.325894129119733;27.47612112753156;0.3569033763215179;-24.385768147624642;-12.468189806249622;1
682025;31.17045722218707;1.4173144015717818;94.72445970633464;2.7353662881730276;-31.137244324704696;1.438547636972554;1
682471;28.50163299452159;13.188468147143258;28.50163299452159;0.36983191757697725;-13.737092134973974;-24.97269274687129;1
682485;27.535967962439432;12.730891105487693;27.535967962439432;26.946367318717684;-27.347671310165925;-3.2147170232569953;1
682505;26.39756323688418;12.93464046865145;52.661344584550356;26.661235991980334;-26.38149994504778;0.9207635389954459;1
682509;27.25261351912177;1.2380896941953947;27.444710009992757;0.3827271505361599;-19.010602424118957;-19.52695416839762;1
682970;27.39022092955657;12.613855248904345;82.28748315543167;0.5561159639524;26.97280073608839;-4.763635483660389;1
682985;19.146268078532266;5.5217011584191145;19.146268078532263;0.6336391852265887;18.69457913000002;4.134282584341729;1
683032;27.767821634370865;12.539670181979348;51.49661428836294;0.9052441232977902;2.7340790977850107;27.632892172287896;1
683036;28.27414393501992;1.2556472790441047;28.274143935019918;0.9281822627031622;-20.3112060311688;19.669319378606772;1
683468;28.874763447955498;13.441047529433787;55.22330110184622;0.32676597032280524;-14.42082130046597;-25.01583253052782;1
683494;25.50026925789786;10.890295891814976;26.265498830707255;0.5112434046269954;24.730638061381683;-6.217658184737261;1
683524;26.789862523002466;13.02927683461754;27.3324427154731;0.7466225997995376;23.710688087896898;12.469964089757285;1
683979;27.464636034103123;13.263091541844084;27.464636034103123;2.7934151566061347;-27.279682151670233;3.18200788647674;1
683990;28.05094563083661;1.3187308907888522;28.05094563083661;0.6001478620643323;22.731150201514115;-16.43625143700218;1
684013;28.00722515418468;12.790592873381955;85.1785625678532;0.5723825324866378;27.545274315856098;-5.065819154039504;1
684017;32.096057968705296;14.415149042008263;61.22773827688671;0.48569543154142897;28.09988409620945;-15.509785650036749;1
684477;31.131218916708526;13.96512093766297;31.13121891670853;0.3566614917595785;-25.01468774630042;-18.531545758385036;1
684491;27.77725657288511;12.22830188811838;28.081234750243997;0.3934012408641351;15.945164052263015;-22.744839547956992;1
684527;27.14763657020561;12.520143511094313;27.147636570205606;0.3612522881394337;-5.915246163291415;-26.495358728947814;1
684531;27.1450043010543;11.891884769922408;49.627805282684555;10.31414597151404;-17.142133721817295;21.04752978303133;1
684974;26.244731327562288;12.102207330079736;50.619832852216405;0.681144962762207;24.523948262951883;9.346757943372056;1
684995;29.125802268049306;1.201398796399644;54.66480882217235;0.29414647836056024;-16.14590853949532;-24.240915725107378;1
684999;27.188824312371494;1.2201688814352347;27.188824312371494;0.46579513327393807;20.127389140214095;-18.278959868860014;1
685030;28.59929411325117;12.566174036607034;28.59929411325117;0.47696123185217226;21.225421477082126;-19.167710006583047;1
685038;27.497426609172553;12.836819574052255;27.49742660917255;0.3691987815582443;-24.38058132952283;-12.715963359547459;1
685478;29.894684743657855;13.889044123625757;30.40698309700614;0.8028878002218405;12.799737171878807;27.015900952096963;1
685493;30.563473007951874;14.901880792061503;30.975763127147967;0.9349452230283011;0.7078833257901941;30.555274233835163;1
685497;27.4968707119976;12.94492024551703;27.781212881459382;11.538655117282167;-20.918185276471824;17.84677628288955;1
685524;27.31287674373112;1.306690270085724;27.42719522502514;0.35213593418380906;-20.395824086393194;-18.166001096970998;1
685977;28.716515769724715;13.910369200062794;28.726587996828798;0.7975953095752658;14.79234975788245;24.613505776165315;1
685990;26.380427396205665;12.36268522340103;26.71014312111642;0.7667898990366745;5.854954358957929;25.722489363609384;1
686012;25.44636796146117;12.675128832683768;55.66304086287843;0.8014621936471436;12.370724168618839;22.23696980197678;1
686016;30.500620963477257;14.772154251173014;30.500620963477257;26.647566764440224;-28.248941158423705;11.501530445363496;1
686020;27.93740190082541;14.430710434170448;27.93740190082541;14.342124792754925;-22.102748578218456;17.087039833051985;1
686474;29.27597044656158;1.4139460339752852;29.56104518271946;0.38882980952249663;-10.24121437673972;-27.42626430408645;1
686500;24.97289071313489;12.272869303855407;25.090366642122994;0.5389894366643027;11.974521981315082;-21.91474603752416;1
686526;25.657030136425686;12.034602174263627;25.813797327213933;0.7868442604876693;7.375500485736198;24.574075526993095;1
686977;24.72242466433122;12.902834340002691;53.71033976251374;26.972101002090266;-23.75547578483339;6.846579548922738;1
686990;19.663309748767247;5.911999027689215;19.663309748767247;19.65093115295699;-18.036379472661437;-7.831651536816622;1
687027;26.64815431501006;21.44771650141421;51.3413917001319;0.49607864932637796;16.75056901500929;-20.72540870694713;1
687469;19.42779075650001;5.569098680382326;29.01250328165896;0.8817822473364085;-6.832666625854259;18.186635765261386;1
687490;26.0051637614119;1.1686711909491787;50.509565599025365;0.6354620025189781;24.592136729750276;8.455492494415578;1
687517;18.980433779948406;6.144125370703898;18.980433779948406;0.47347505466263057;4.968007263242548;-18.31872731134387;1
687520;25.564101976930985;12.018996695743398;26.30176391690882;0.6870548215345899;20.41399692237238;15.388048594292185;1
687524;24.358322455190297;12.262056082194773;51.59604219275927;0.8426117962881122;7.6406437949925055;23.12895231585448;1
687971;27.130193796069445;12.520382856484655;79.81320227744214;16.53466443298843;-22.153132100545474;15.66161401478362;1
687984;26.10830862324518;12.502391838849183;53.11622267069994;0.874028632507317;9.485256755256982;24.32434343314266;1
688005;27.68204011931842;12.583478076639624;27.68204011931842;0.9527210197491831;-16.672093468086604;22.098340312316182;1
688009;27.16294667570665;12.84990571618032;27.16294667570665;0.42289690621055964;9.94964989225718;-25.275089300115038;1
688469;26.541462361642427;12.600436128566603;26.541462361642427;0.9119322277011572;7.763940183115772;25.380513334593566;1
688483;27.770111413294615;12.83127756763762;27.850460133333428;0.35637195576845043;-17.01294463289038;-21.948548991334306;1
688514;30.172859636562958;13.553080182093229;30.172859636562954;0.44573171020789093;-12.16716783662842;-27.61089432602727;1
688517;25.02422591518934;12.126858401482583;51.661413682965936;0.6853845440324077;22.61470925380667;10.713860556317917;1
688520;30.134098115267417;14.018019604069972;30.134098115267417;27.226613954249952;-29.762109861894988;4.720242132460615;1
688970;25.91203587928654;12.55518498624344;25.91203587928654;0.8043203510161057;16.998923593126143;19.55684535103994;1
688983;27.84022270484938;1.3022224863287841;83.81391658336098;0.505793050435381;20.65341552151475;-18.66854112005715;1
689007;27.958160415941478;12.718822368322433;52.24814315511672;0.42111002789634583;16.62092141128472;-22.48118558447072;1
689011;27.943929019251332;1.2218513905791963;27.943929019251332;0.3590961622790397;-20.95214175517807;-18.489751888651195;1
689474;29.80997478918017;13.903996941336754;29.80997478918017;0.9397239427137691;-0.22858295874071344;29.8090983889572;1
689519;25.538848305979307;11.17328663219238;25.580787648577036;0.8586313433863623;2.3296808948228698;25.432368346737185;1
689572;20.383158298728;5.717205175840202;20.771512904061623;0.43434314161670873;1.0180576908733356;-20.357718456866863;1
689605;27.174985250942555;12.835233703418039;27.174985250942555;0.633070390252747;27.10085768144407;2.0058255953744757;1
689970;27.57537578441971;13.023212011056525;84.93571234574303;0.42358506030566295;6.506940513005433;-26.796661635587547;1
689992;25.943290210600374;12.476752438955693;26.062475123055574;0.882132074831264;-20.15253292555;-16.33798407503375;1
690014;26.113185183887715;12.897124060223069;26.113185183887715;0.8356895287977042;2.381266099925545;26.00438448049402;1
690019;26.022894077016968;11.990671553299078;26.022894077016968;0.8921290403650208;-0.8779689207644604;26.008079258526887;1
690471;29.925242352564982;13.617388047104583;29.925242352564982;0.6411968341636765;20.449468715227084;21.848097379971044;1
690493;26.236053343161164;12.389041857184024;51.53092150666746;0.433047131229914;-1.1432049512128708;-26.21113460849645;1
690518;29.250173356265915;12.837630706370302;54.31997616685168;2.724828934137729;-29.22894625735513;1.114155310651971;1
690522;28.08087376853405;12.814690748851676;28.139103422349734;26.734984970876553;-27.845184214693365;3.6305905379339034;1
690971;25.86635606960674;12.215684773555466;52.78782211754437;0.8472090082791722;13.310253163049463;22.178943551378033;1
690988;27.45051422357974;12.930296956136475;27.727323709353666;10.839673750527192;-19.411240621084506;19.40964885538408;1
691007;27.034784605471344;12.705918521695661;27.600514470129003;0.6821921147943237;27.013721568156093;-1.0669703380922362;1
691016;27.53752396081057;12.552097481510684;27.608595890325113;0.8008957746443005;-23.996669766438654;-13.508333206310295;1
691471;31.888977182857204;14.152233715379678;60.40424141538518;0.31577602332092675;-9.691023194498547;-30.38076587600251;1
691485;25.241086491148824;12.371640132835081;25.47170610690254;0.7021775475443504;22.694318492039127;11.048997938073235;1
691516;27.67338944822021;13.20765900697108;52.385488110165966;24.02877042432982;-24.865367456617044;12.146192193452055;1
691520;28.53766197281277;1.246854723543094;28.53766197281277;2.774277001421733;-27.555017792130705;-7.424226919342131;1
691970;26.598119653212102;12.582337072141392;50.51671276738331;23.125502899229936;-23.890965671733138;-11.69109611450768;1
691995;24.778422653149107;11.231607752154071;46.84696779108009;0.8138597816738413;-2.814989968021552;24.618002775571192;1
692023;28.168770918220858;12.781870785083841;54.44684157301572;26.837801050241524;-28.15413088562911;0.9080578825549126;1
692027;28.743929009146;1.271437238376699;28.996102016971236;2.7712363039212287;-28.395783922246505;4.460146894880472;1
692465;28.410356465972143;12.430515427982257;28.862914786848116;2.210112669330195;-25.78705033461057;-11.92377413254151;1
692477;29.655806407014424;13.205722620065446;54.245807103895814;2.7809470050592253;-29.401299321604803;3.8769126701176426;1
692511;27.376620425983152;21.96035967784483;27.376620425983152;0.6886424851446208;19.643030761502764;19.06910297971601;1
692981;29.042264488460827;13.189148600766531;53.196323650684235;28.600670317400912;-28.10538058579236;-7.317151682552343;1
692998;29.08497853015606;12.79982472647291;87.12965146333097;0.4707746295097184;17.77208568258676;-23.023660581897783;1
693021;28.9752659007346;22.74116414731312;52.63752159725147;0.32734391780395117;-25.976500186750815;-12.836957274448178;1
693477;28.76851597713937;12.596650402970669;29.04445980081997;0.8993987939546166;-9.545542350833575;27.13872017533925;1
693489;27.694823125631448;12.831690388118247;27.946412634753365;10.428286678981689;-7.7182956931207265;26.59757770086525;1
693535;25.09969698874345;11.517962980766514;74.18424767809525;0.6372692640189707;24.83377045336466;3.643986003860243;1
693974;28.989133382210444;13.98691917233047;57.86705475008422;2.726732684722127;-28.291378212192647;-6.322007047311727;1
693989;24.79269322990706;10.727524320796313;24.79269322990706;0.4522800007381458;12.882500474521892;-21.18298418816911;1
694024;27.6398952595871;1.2377715550190052;51.93514355801272;0.6474002635976842;26.702687652882126;7.13654552802418;1
694475;28.66555646307672;13.150529679698318;29.005001772436724;0.9024099502671326;4.855989473253645;28.251256495481563;1
694488;28.2472694486442;13.004085709858478;54.8205190207216;0.9168459194449793;-3.0406657614618915;28.08313698701378;1
694514;29.45683740886318;12.672557842382338;29.456837408863183;0.7403588913838548;7.940962103129731;28.366289694086866;1
694976;28.321995095590605;12.975282799578832;28.32199509559061;0.48940695793108346;21.97983567828625;-17.861193402183215;1
694993;28.507418544840608;13.292048018946565;28.507418544840608;0.9239771718758794;10.82716717903804;26.371298090308024;1
695025;27.589015296866965;12.694219462060484;27.589015296866965;0.3683489524757152;-7.292879246878507;-26.607662004415346;1
695475;26.956895649395676;13.595458837006124;27.625916983192727;0.5619052358942103;25.51233807330565;-8.70602257553738;1
695492;27.20835344375414;13.036240488632302;27.633732082075216;2.605740221931122;-26.97872771228946;3.527427978909373;1
695523;24.76700304301914;11.824437734489953;24.76700304301914;1.0475639490866675;-16.60568857343979;18.3754060291154;1
695527;24.47962873335392;12.445584172410637;58.53008635810721;2.436871648743563;-21.931508140697424;10.87479533588423;1
695975;24.025523131232546;14.31767897340628;24.45861512449658;0.9614008771889033;8.374967383117216;22.518563077183963;1
695991;15.679132283730976;12.919355750128604;15.77272060116819;10.1042512713944;-9.733353523998106;12.29215271413468;1
696018;22.44870640177195;13.966386413266566;59.29229728641832;26.175335462327812;-22.427559239159997;-0.974169229100376;1
696021;15.760918569204762;13.023401009927476;32.275461383276145;0.8939255023273937;10.264700656971995;11.96003656214571;1
696025;21.335382317089447;1.3858852939777975;21.595373502608975;2.3467430909930482;-18.003017493864615;11.449449756734062;1
696487;17.115077648583107;13.467160967132887;50.186901840240495;0.7639717949900805;14.603433673861957;8.925559245792035;1
696501;23.03713183159793;14.202999448294864;23.10058572151639;2.3915777634103526;-20.182424732069162;11.10761787967094;1
696527;28.877444661990904;16.27272991057118;28.877444661990904;2.3930682911930816;-24.554785425826832;15.19767491749804;1
696976;16.85718256235539;13.630080858358225;17.04483705722109;0.6000938400539736;10.399425692066083;-13.267122868797687;1
696991;27.039595184406434;1.5367790645204826;27.09193072212303;0.8106824321934288;12.600210323623719;23.924347588534612;1
697013;25.351455170102568;13.550449185690143;25.351455170102568;0.4384202259594446;-20.045045986065418;-15.520709090059093;1
697018;24.6573142032352;13.686554639567502;24.716972934229645;0.46370050738518054;-9.652242656562267;-22.68958693797452;1
697476;25.870544521363087;14.149579606472443;25.870544521363087;2.5184429977465297;-21.691699904447386;14.098057635264047;1
697488;17.573491449454455;14.247790518495062;17.573491449454455;0.49323551435872964;-11.134337027506584;-13.596107556280389;1
697491;18.030139769663286;6.6516107684762495;18.030139769663286;26.74664271075751;-18.016936662568405;0.6898792724761056;1
697524;17.54018443578739;14.178442189307995;17.54018443578739;0.49776697553096416;17.378538893452454;-2.375806383146267;1
697528;27.239950404853357;1.4985577047807899;27.249780221838183;0.7823058751210508;20.774825704072093;17.61878301768587;1
697559;16.599915698838547;6.317458536260417;48.83740007276796;1.012032120839292;-6.640408571060896;15.213881004461927;1
697571;17.0603859233509;6.670027741307303;17.060385923350896;0.7553628696261623;17.02894559036969;1.0352680492984119;1
697575;27.969657268957555;1.4949662564969997;28.34022469973371;0.6553866781122091;17.140953941427764;-22.1017968889591;1
697604;26.10725217160535;1.4659506740738648;26.10725217160535;22.864136989715767;-20.274197937136265;16.44826781024713;1
697644;28.771098286880907;16.36704165739105;28.771098286880907;0.3982149092391646;-21.471359060472242;-19.15089649937146;1
697672;24.222108189549736;12.503957003548992;24.63166440227359;9.65507948718864;-10.989975406696281;21.58543410975242;1
697676;28.92912313695692;15.404184401909339;28.92912313695692;0.7728367513101211;16.343139497797782;23.87039917614991;1
697694;17.66072830709409;6.564696366515745;17.66072830709409;2.7439527298756197;-17.00208001431331;-4.7781376627178025;1
697698;26.442195715079826;14.600334605713043;26.830208518985398;0.4971737576182462;-12.62407429844025;-23.234079761033065;1
697703;15.390671744083152;6.975345076754337;30.368341150627124;0.7746540335290282;15.340869171710455;-1.237137741152249;1
697706;16.464240584226637;13.108880222475161;16.838956449755702;26.952875374523877;-16.46034746883019;-0.3580212572893714;1
697751;27.397533120511916;15.556437110837829;27.397533120511913;0.5886366974170173;21.39657344128625;-17.11173474727771;1
697769;27.628907442334338;1.468602947936118;28.127624784011886;0.5470854974402295;24.480387513374527;-12.80887011613805;1
697941;17.448614171055247;6.396778006332313;17.776612058940945;24.249778908097007;-16.422295877871374;-5.895959174722878;1
698305;28.348212067737425;15.109373329698053;28.716802401936135;2.4947095634447765;-25.68430448657873;11.997400988469357;1
698314;26.743151175897154;14.554409634715169;26.743151175897154;10.130392933078541;-19.664069333763905;18.12513481477628;1
698357;24.273169826852676;13.69194641133056;24.273169826852676;0.7074725012306254;23.895623024443093;-4.26450157895812;1
698733;18.50740123408653;6.809931143967225;55.13494210803195;0.3947426737813125;-16.271925596861667;-8.817501789603767;1
698755;16.824083068546916;6.97857222200945;32.89699780281483;0.6250256674819207;16.801793614757994;-0.8657380807406315;1
698780;27.042759371672027;15.16157558511422;27.042759371672027;230.14873095254796;-22.59323228643533;14.861247904712828;1
699186;17.949711010132713;14.471019841546386;31.906514476335754;27.528512567100034;-17.8212938239348;-2.143271282003971;1
699197;16.652996338383726;6.704841879744852;29.85883418555546;0.43071103077321987;4.483282843041694;-16.038156440049764;1
699229;29.341839923109426;16.392461585908887;29.341839923109426;25.342534926579333;-23.489825910282267;17.583277532303526;1
699680;30.470179862847107;1.5591011612474905;30.470179862847107;0.346125601480609;-23.3175711211888;-19.61435030488024;1
699692;25.839234827764226;13.338672093091512;25.94776236013337;0.40675378209846813;-16.15480682842287;-20.16651365062106;1
699720;24.84315144447881;13.203341839405082;25.162122779954682;0.5705811738407325;20.299623545883776;-14.321573153418258;1
699724;18.402947382695636;14.648195046581245;18.890011253528204;0.46985614605879417;9.008667638265118;-16.047192270099433;1
700198;18.726082953251684;7.647928555425607;56.82041822009525;0.9436786040892712;-3.478346356266956;18.40019808039869;1
700223;24.958240711989955;1.3471797506602787;24.995896927558064;0.9444896453283078;5.366511382818622;24.374460712305225;1
700227;27.928802074003407;14.855291260074079;27.928802074003407;0.3905821752297056;-16.044120180642143;-22.860537896514348;1
700252;25.198347506406563;15.985806271854093;25.383434391494813;0.7026623580137284;19.483471728289114;15.979707333571058;1
700257;24.83030932096861;14.965147294740856;76.30223196228982;11.04217619733101;-13.595415789415748;20.777606466768148;1
700669;28.442788285265422;16.65529340352763;28.442788285265422;0.4627138189888684;-11.427681812700824;-26.046118594295365;1
700681;25.602375232861657;1.3109639458982445;25.602375232861657;0.47423743725393275;-17.881664226655186;-18.322873738838247;1
700685;17.64754128739798;7.58292305427303;17.653150579559902;0.5934653837083053;10.159283914674083;-14.429991816749615;1
700709;24.11428242181505;13.426562462279692;24.11428242181505;0.9582503244650119;5.00169298482222;23.589864009880145;1
700713;18.139825273744545;7.13189150689782;18.54041407352844;0.5061412077013245;8.29049472826651;-16.134464915904914;1
700727;24.496890218916974;14.233663558788768;24.742562603197324;0.945651348076004;6.520614282527782;23.613115418685542;1
701165;23.692025838343326;1.5426961213911556;23.70361904627769;0.618665010843571;13.899924977715132;-19.18604112209235;1
701180;15.79031922954595;9.0431809651368;33.949236400094065;0.7626905340841832;15.461624714312142;-3.205049541698318;1
701216;22.125129670729425;17.166746486505467;22.125129670729425;2.2896291460465226;-16.299576360218573;14.961456260137094;1
701667;12.798930323473051;9.386699724453617;12.798930323473051;2.20465489901746;-8.486794680937322;9.580549747730135;1
701683;12.497524389226152;9.16016376260996;38.01407045891159;10.697044017464814;8.28923052601101;9.352901856961278;1
701704;13.183629875968984;10.087688469541073;34.825717330407244;0.9205225878008;1.504470386015323;-13.0975060818518;1
701707;13.406421493516602;9.730671101991547;13.618834919549583;23.511999429459834;-13.392535256324123;0.6100300565867742;1
702208;14.465408608408021;8.770808071181186;14.465408608408021;0.6775085787114421;-2.712956477140733;-14.208726662208159;1
702243;22.838936051408666;16.627999912324057;22.838936051408666;0.8039839287765126;21.63436335434817;-7.319243281403577;1
702247;14.24891334059346;8.976846775036831;38.76671068293503;0.8551010605432277;1.0459264681669265;-14.210473926330891;1
702272;20.38038432314943;16.591895829501244;20.38038432314943;0.9052213233318014;19.61532199319034;-5.531655110610062;1
702678;23.31961086787156;16.910727398500523;23.31961086787156;0.6803236598806549;-6.240645263596103;-22.469058674606483;1
702692;11.850617773025109;7.795524041953429;11.850617773025109;225.76071514936427;-7.656096962521814;9.045513855099822;1
702717;16.04692261812533;0.9946036901936998;16.137588865911113;0.8068253196364499;11.058341815319077;-11.628275960247409;1
702721;14.260694817583556;8.040353979445387;31.77449633833379;2.421138798402332;-9.056785855882058;11.01553660249691;1
703190;14.003967386931029;9.257723844917585;14.200320866679505;0.9912140718415245;13.966105774507444;1.029073403357464;1
703245;22.291669935434243;1.6298929472490489;22.871167734325166;0.916626775159354;11.200363338293457;19.273567640697834;1
703260;16.652666625151245;9.652469058405648;16.65630812153162;0.9471894207801872;8.11873791544338;14.539511697053937;1
703285;14.974069962268073;9.59387474938046;14.974069962268073;0.9720227161366035;14.831323494716976;2.0626717213253296;1
703680;23.047252808121662;1.7204234617868028;66.25178093526752;0.8541664287422571;16.073808071352406;-16.51691726947853;1
703715;14.675172807259484;8.3248219011677;32.376413036174306;25.8771235790073;-14.025408307074336;-4.318404652505181;1
703718;14.053455344926126;7.974282086461778;30.605067521088287;0.8066196022253297;13.992898941187152;1.303221528964365;1
703737;24.492394952253825;16.6327069450405;73.01058260656369;0.6166208293839809;-13.143492598336167;-20.667027188608213;1
703742;16.6474762864316;0.9977759827954436;16.99531032391637;0.7671870543422709;10.951830656237256;-12.537777792910685;1
704179;15.63165405794012;12.73123897950965;15.631654057940118;2.5144489833893813;-15.316508208039997;3.1230089497404903;1
704196;22.434183966028613;14.588187845907;22.434183966028613;0.5255954195575776;-4.643160262310391;-21.94843213079506;1
704199;14.575539588665235;7.407345648254883;28.882413471399907;1.1160068559951832;-5.1642830347911755;13.629986611780497;1
704233;15.030718854495865;9.140328870419662;15.449176340706822;0.6627001647587888;-0.52871608936275;-15.021416996400387;1
704669;14.634052905422562;0.9024137533299038;14.634052905422564;0.8605184976552527;5.895731672734798;-13.393873692170548;1
704692;15.710206126980202;8.854659859438229;32.32248196638859;0.6111220689572326;-3.972678436468702;-15.199618501548743;1
704720;17.07764515992113;9.848431253870505;17.07764515992113;0.6715139869923645;-3.5578326546406105;-16.702927617928257;1
704723;13.711813216704243;8.224336448258818;13.711813216704243;0.874679734741986;13.71151597344785;0.09028510214648626;1
705181;13.602895971952448;8.187256031434485;34.453264354359774;0.8516083236057862;13.251233783398792;-3.0730411714571346;1
705207;13.79469125502502;7.9088905160927965;33.921530256738805;15.798599313539446;-4.351077388717093;13.090516887382966;1
705233;26.016061486961004;18.00188336912412;26.016061486961004;0.5642036565296594;-15.285223703902847;-21.052253836940643;1
705237;25.240656284510987;16.79385911632059;25.7972897641866;0.5730203945910068;-11.153141578293674;-22.642839102183295;1
705242;24.335933929040518;16.83428330274423;24.335933929040518;0.6794535379659086;-5.362157562915071;-23.7378378642432;1
705671;23.30216272428487;1.676105027658002;23.30216272428487;0.7672062973380659;18.34507002923788;-14.368339961575565;1
705684;13.427844906228994;8.42166503428376;13.427844906228994;0.8005622226339442;6.726225566168255;-11.62174291828745;1
705730;15.166200036327222;8.762467084858955;31.908933561534685;0.6732821300836253;8.416026537834613;-12.61681896740836;1
705733;20.849389122804773;14.747722399723909;21.59256106051804;22.09098419140599;-11.596860833482818;17.3265647375053;1
706183;15.621946097407596;9.53990854584315;47.22139856827333;0.6832768203351316;-13.100593276662288;-8.509973893601513;1
706197;14.320789772159637;7.746951963152602;14.320789772159635;20.582301655364645;-6.887333002680097;12.555861731023706;1
706244;12.972938120294634;8.33088027377348;12.972938120294636;0.9678617150590738;12.896490754479634;-1.4062893346018803;1
706248;13.026304212853852;8.063212062139511;13.17172230572217;10.535402413750708;1.8096175993933254;12.899995565494585;1
706683;15.532238526259365;9.726099351495234;35.46733787645894;0.7293632641367388;-1.495710920468576;-15.460054413843656;1
706704;22.326578710080533;16.76825784532562;23.29581211242968;21.68922120961634;-20.383688000614356;9.109411638027545;1
706708;13.822435182317289;8.524239187784891;31.845927575203202;0.8606777562382931;13.672663440538543;-2.0292828317224605;1
706739;23.136237526154414;16.532115856160463;23.136237526154414;0.667260798162807;-16.631733057949273;-16.083250366631525;1
706744;14.508280713880664;9.519772844750852;34.00574426533722;11.178234277540607;9.283090810956287;11.149638302128935;1
707173;25.358510140733618;1.735455596983301;25.358510140733618;0.5562071000331847;-18.24849388874763;-17.60813753211935;1
707185;15.07297323638104;8.254650484104102;15.118562120399142;0.8538462556083126;14.563675672385195;3.8850834089160546;1
707189;16.891626025708355;9.199976602877241;17.03384716467097;0.8813321917938828;13.336133159941246;10.366994845793227;1
707210;23.74079839504062;16.36659305750346;24.05743624699102;0.9391868895513846;14.426794492324328;18.85452489749354;1
707215;14.900842969335303;7.797288815865852;15.15450390016828;2.1701997623657023;-13.61544601087331;-6.0543167345112865;1
707710;23.228659237817055;16.38908014663672;23.71410003013623;23.060286535733532;-17.551271318806062;15.215895802754412;1
707729;15.614922981247624;12.168051821616338;15.760333672167528;0.5673247925944752;-3.4245113202743083;-15.234780665556308;1
707769;15.624685751223916;7.736271248609302;15.721305586239843;0.6525598686716414;8.612959435990733;-13.036400368908508;1
708178;23.969156668129344;14.535209174590259;60.90088019994023;2.459248085831584;-18.66564712852012;15.037090431825499;1
708191;26.29311245948264;14.749050201330425;26.29311245948264;0.5095344239423288;17.21387635920747;-19.87486411266551;1
708196;23.39222789778147;13.550370280556692;68.9524997187147;0.5952255388738776;18.380413795548478;-14.469164271863004;1
708231;26.394329577869627;13.834741643719996;26.394329577869627;0.5409564959826668;25.806518901437776;-5.5393335388779565;1
708692;26.894501073809124;13.913822745015917;26.894501073809124;0.5248983073409818;11.666204864805408;-24.2324957868873;1
708708;28.4278987885677;13.10988259050167;28.664243866312578;0.47816630527554177;16.02954382312367;-23.477630935756842;1
708735;26.744920706598293;13.64235590636674;56.485228331733545;0.43847990904920475;-21.656419227632078;-15.693638514993193;1
708739;25.635834668903865;13.090002613796877;25.635834668903865;0.4691964967288879;-8.277505938026108;-24.26270625089699;1
709176;26.376540508184597;1.3993644933487284;26.3893535229991;0.6917513773680332;24.46247537687517;9.864541936434705;1
709200;23.55065071237142;1.2668523070677218;23.55065071237142;0.591265571485981;22.750387963661687;-6.087117255236502;1
709227;28.330922143111206;15.324161212256355;57.64212494684279;0.48538304927321907;14.422523175752211;-24.385076885749594;1
709232;22.505834413390023;12.164422466703584;51.05700586061302;10.918306912067036;-9.789253152315904;20.265317795751532;1
709685;24.745827567708613;13.52149304449497;24.745827567708613;0.6551456814250758;21.2800339276335;-12.62996983565419;1
709725;24.691979662841103;1.3529724881001575;55.430587417585976;0.8358236582844188;11.440778071053115;21.881555173229092;1
709758;25.796957162750875;15.844533859958034;26.160924414310955;0.6060542088792104;-4.368611964442692;-25.424362889970947;1
710179;25.395371390155155;13.332164516102088;55.7545782997997;0.7310182681120112;24.069031294535815;8.099791391546237;1
710231;29.522365399702544;15.05248531206612;29.7415397373123;0.5391329931404967;-4.636836510415287;-29.155956612144177;1
710235;24.55090272802719;12.205881593564662;72.88761696315788;0.7961206357825333;17.128123723938156;17.589036427801265;1
710258;26.511108278865258;13.75937426129829;26.60963804757875;25.12416386924945;-23.938533610988983;11.392342635703548;1
710680;28.25485696610452;12.381029495966624;54.05021454731465;0.4071216525297266;-16.395204414181954;-23.011610425874448;1
710705;29.48945459481483;13.289222051567721;29.66370162404541;0.33407049392645555;-18.961223834239963;-22.585391805490023;1
710737;25.82280301391418;1.3234279318442477;25.82280301391418;0.8804764618996364;9.350525520222773;24.070413955540477;1
710741;26.75050977791416;13.038353761226801;57.07884703170203;0.7807574563497963;21.97355712537048;15.256230223628686;1
711177;30.627188479909062;14.193998204254793;30.62718847990906;0.5746075549089092;30.54448041494514;-2.2493088638306244;1
711207;27.59368096574735;1.300003084668292;27.59842687724875;0.9368567122353952;-14.682491548008327;23.36312631438934;1
711232;29.558702252386027;13.978694898347074;90.9565304495854;0.6011586893222637;28.79628734971774;-6.670135959461162;1
711236;25.141356378531665;13.054474811821693;25.300093923313742;0.8716279693594847;6.398320950732396;24.313561844447097;1
711678;26.72448630570566;13.093302247379638;26.72448630570566;0.6626098211379302;26.641941830651238;2.0988339134017124;1
711703;27.109594904594903;12.572284948529406;55.6457256571018;0.5094579915289028;13.95517001809448;-23.241845143131705;1
711724;26.464364880429553;12.227163212827906;80.36397550409984;0.9237457864495229;4.256405682349233;26.119831913543745;1
711728;26.85051405719216;1.2597736732141023;55.835660302538834;17.347212011625512;-19.984728951424156;17.93211403804869;1
712176;27.6364812537793;13.382178546132806;53.515545603501124;0.4751601673428609;4.898169741562543;-27.198952723833614;1
712196;26.961873619658146;13.173068843726966;27.397801806316973;0.8340583249157139;12.529162371874865;23.873892002386473;1
712200;26.54095460341951;12.814595390105952;55.160440900179786;0.8112582921563517;14.599280216461693;22.16491119815294;1
712230;25.86884081142015;13.037738996918934;54.76722605110852;0.7894123042983816;11.159473996696942;23.338017590267633;1
712233;25.94911079095287;12.76949841739395;25.949110790952872;0.5365319912995763;13.41208978528936;-22.21423414012924;1
712237;26.09985458444861;13.815674109622984;79.17443610633063;0.5219506633030886;10.822325441173643;-23.750361710396938;1
712699;28.614308267559313;13.513909454378089;28.614308267559313;0.40239504586949765;-18.460648315291635;-21.862824643902567;1
712745;26.728038698921686;13.3286523569766;26.728038698921686;0.6024141091512846;25.545942328219713;-7.860844945317749;1
712786;26.97172203810128;13.143231021308555;27.16561748489554;0.5001487106427925;19.73497672599092;-18.384898240816973;1
713174;28.761709998830263;13.5559823106095;28.761709998830263;0.4280566171264899;10.15618807595891;-26.90887968352757;1
713194;28.067500431787376;13.294118573892966;28.067500431787376;17.0711146474121;-22.925699495769603;16.192494653945513;1
713219;28.7155068589589;13.456852328402924;29.133996371790648;2.69700259360614;-28.349615167977337;4.569426002738735;1
713674;26.869605376723555;1.353524371834566;26.86960537672356;0.8097594819040472;14.199656054714426;22.811081978474046;1
713686;27.923379118427796;13.553244603291999;28.3268141502818;27.045533642514176;-27.89678703948655;1.2183489914571752;1
713710;26.035263431704475;12.87011190770791;56.2525605259903;0.8258778361433944;14.285005931572684;21.766339781717583;1
713715;27.206678003178194;13.176634930294032;27.926265824831464;0.48450032943167526;1.9354112477788057;-27.137750667116673;1
713719;27.44535757078561;12.575715135891116;57.76621936597155;0.5771242005205929;25.530322390590776;-10.07225351253523;1
714173;28.40186046716859;1.348166565485898;55.27364736377024;2.6481416465185528;-26.479042025467947;10.2725854296772;1
714194;18.9353244375839;5.4008583296882735;19.135751971683916;2.774222112217775;-18.8553894258564;-1.7380452111106568;1
714220;27.743196946125945;13.926717917994905;83.81351684379763;0.5168413936780187;14.67322853209657;-23.545304016648394;1
714223;27.99809002094598;13.459945521793662;28.35188937473009;0.5385795472355664;24.223083654227082;-14.040486569250781;1
714691;27.203850799124062;12.973283857221324;27.283317475448815;0.5806183274770894;25.03932145201057;-10.633996404169325;1
714702;28.201127968623833;13.81528846217278;28.482680217611087;2.7808011235765973;-28.146036925313176;-1.761880842056183;1
714732;27.90793833506054;13.24634747111693;28.333441272496508;2.4558954544474325;-25.100077241101307;12.199964942748391;1
714737;24.207599854548807;11.209744293013573;24.20759985454881;0.8192416787848161;7.70817468164571;22.94759102379131;1
715182;27.836381378614774;1.3077437832247014;27.836381378614774;2.0912408232997173;-23.407776849991453;15.064531562471355;1
715197;25.65449909826018;11.911710495439204;26.509894280322886;0.45846850136248213;-9.468653832873454;-23.843194386991087;1
715218;29.52779001735879;1.410941981295177;29.52779001735879;0.3532840639605009;-19.547397559992994;-22.131191380963052;1
715222;27.657639513078273;1.3033756018775693;28.51869142106779;0.7573562728046066;21.39979303852253;17.521240861987803;1
715677;28.276313253784682;13.626668712936384;84.35164270005546;0.8012315288671704;19.142521884864564;20.81138503592782;1
715697;28.316810533856348;13.846370376869066;28.35110613362422;0.537593898313407;24.782740449322674;-13.698815081306254;1
715717;20.272919456435226;16.416267196180474;32.03419361372053;0.6899410300075145;20.083013674327432;2.7683614366421296;1
715720;28.030627195121372;13.86084027466122;28.41746333706038;0.4530386254916021;10.291563304064029;-26.072970404430727;1
715723;26.39783342417625;13.614416558135867;26.441704046720645;19.05281377398251;-20.12745123054416;17.080143923650734;1
716172;27.605898088742713;13.443488125073046;27.605898088742713;0.802356118908989;23.229238346257844;14.916034832984025;1
716189;28.92239329658937;13.279278089733396;56.52379439031257;0.5866585073890765;28.8745249516531;-1.6633228246375398;1
716194;17.414538821407398;5.534001353734863;17.508178775496802;0.5550145850959801;10.96100538331282;-13.532277094018314;1
716223;26.047060028534677;13.141759340037707;26.047060028534677;0.654732858123904;26.039864479501958;-0.612204230025463;1
716673;28.036275946296417;13.493656097803465;82.90267292547155;0.6513787265701834;27.891321989644517;2.84726651489656;1
716689;28.425808209784464;13.807411818818895;28.425808209784464;27.536564140483147;-28.291103925422416;-2.764056992972131;1
716724;24.342490469879955;1.3031089404422764;25.244883289471073;0.9568786549334682;6.594359627598422;23.432269701804316;1
716727;15.4560996029441;5.55903916282618;15.456099602944102;0.8619353011326343;7.091873607892619;-13.733038398905208;1
717171;29.119103326408762;13.500693395564527;87.22485652190258;0.42288261771633634;-8.609991771323106;-27.8170850419633;1
717213;28.125288117167432;13.758865560209228;28.125288117167432;0.7670688665370996;25.233140772545596;12.422577768988873;1
717236;30.111399552239448;13.303751075571043;58.63432019953438;0.3629010665172879;-15.976034395341237;-25.523767511742456;1
717240;25.65224829386597;11.603274506977954;50.95934604711245;21.933200566012882;-22.632535534587213;12.07502289048748;1
717259;28.939900209112015;13.72858823307651;29.10053834749299;0.408687562505926;-5.125036150420574;-28.482482837179834;1
717668;25.05945128629172;11.71514444630897;25.05945128629172;0.5102491747355148;22.21629833995103;-11.593626992460845;1
717702;25.910057093771513;13.028834953971526;26.277497438013565;0.7834208352605155;19.019459940901207;17.595203953320738;1
717725;25.579670634850938;12.867437917697492;25.760463373063466;0.5890947297351942;18.923653949005597;-17.21089396300321;1
718166;20.986209029970023;14.012737126202131;20.993746490055365;0.889866568186026;20.402554450600142;4.914950797301204;1
718179;14.765097272455439;6.215899244555515;14.765097272455439;0.6793813737121177;-5.170820059441218;-13.830065704035949;1
718183;21.132187256588693;13.676840064417167;21.188216220641994;1.0695193355649333;2.3529798653108127;21.000781509290828;1
718212;22.72624913630204;14.435801718246145;68.25293021017661;0.8595241711937146;22.633509090173416;2.0510158630070707;1
718216;22.241070100488077;14.033400873662423;57.85192968593783;0.8967136991648422;21.642789367055837;5.123950392819937;1
718667;24.910438179192944;15.355258943018699;25.068224275244994;0.671461034713582;-6.522426524538288;-24.041378548481635;1
718680;24.386745906462508;14.794394918093804;24.386745906462508;0.7185126622887384;0.1471974549113354;-24.386301663344394;1
718684;12.40417946172832;9.964014195937583;12.40417946172832;2.2851203828582705;-10.260580461104404;6.970233620185569;1
718708;23.641024337637162;13.906799228229367;23.8998802880865;24.52241611620899;-23.09717925120191;-5.04166067586867;1
718719;21.739127757056348;14.763997876796235;56.22110609572175;0.9710508033239887;10.650493624776537;18.951429001165376;1
719167;21.695645944030307;14.948628038145888;21.695645944030307;113.15858318751567;-2.3379851348687164;21.56930407866354;1
719182;11.527766435625843;9.441047385147863;11.687026486057084;22.686545973104995;-8.699419161653527;-7.563696533058238;1
719231;24.3057664381834;14.597904688848226;24.36873124297501;0.718907942708245;-5.084263966975674;-23.768057178945767;1
719676;20.05917804073256;1.356328140243162;20.059178040732558;2.4100539564691785;-19.477574214398338;-4.795281680194846;1
719690;13.490644448561682;6.551809303867624;13.646538754851749;2.248819616415087;-9.340461857276425;-9.734128616895934;1
719721;12.249692515984176;9.698282550064375;31.82832801511282;1.1056326260475782;1.4421095468174647;12.164509311564386;1
720166;25.49591278760758;14.569279993545742;25.49591278760758;0.7567672865037798;25.420876986149487;1.9546309442825878;1
720183;14.236433009351243;11.188272493730398;29.825319210436554;21.982494841654415;-10.484766837607001;9.630456333464275;1
720188;13.164693099700935;10.328784790841263;29.771285718503538;2.227728080988308;-10.023650824838208;8.534375697790304;1
720217;22.665421997532007;12.98417255566581;23.077987883989827;24.100433931996417;-21.851548477853225;6.019234456825731;1
720221;13.967500057658606;6.27401653891134;13.967500057658606;24.645659851395013;-12.399106376588882;6.430646851034977;1
720665;15.419272931171447;6.648851670529838;15.704326145377602;0.7787538592358993;14.63829426632748;-4.84503030933353;1
720680;14.301618675678982;6.313605070965933;29.562394706001246;0.9069109788961831;8.066072882197874;11.809943480118859;1
720706;22.17610324107982;13.379174196213796;22.176103241079822;10.216002075903049;-11.244539232786247;19.11386649533165;1
720739;23.861048076972132;15.53991161584949;23.861048076972132;10.896880721251875;-6.954854329801754;22.82497790979902;1
720749;22.18979260992035;13.343958835840624;22.38927316063101;0.7185605274003688;16.419301733630654;-14.926266333255253;1
720753;21.806878553339157;13.094036316421613;22.408643553236157;0.7825513373454186;21.114629074080735;5.45090738355256;1
720783;23.002442924259803;15.070792403021395;23.474530130084453;0.8752068914197403;22.9829410645877;-0.9469955150465891;1
720802;22.227083029531368;13.397329102736954;22.227083029531368;0.6299177870883318;-15.282381470242427;-16.139765692217228;1
720805;22.351974427205498;13.354492817848328;53.19098791290302;0.6529464562971691;8.499100679350624;-20.673075446984427;1
720823;21.366176175776154;12.955028269320618;21.387730308240126;0.8064031590551833;19.897384930279042;-7.785085568611883;1
720837;16.847989111260116;6.62293890693027;17.055528578007994;21.90224086203577;-13.715957429378397;9.784030298839992;1
720851;22.976620927184836;13.283122612553543;22.976620927184833;0.7126548166738413;15.498181202644966;-16.962649811911177;1
720856;23.10746164245034;1.3787065252518766;23.10746164245034;9.880773569413313;4.789320392955913;22.60568941065347;1
720916;18.932054028904993;13.065752160125163;50.79238063494497;10.797815572786714;3.556578824407488;18.594983646649275;1
721103;21.06206212864823;13.253863906668428;21.06206212864823;0.8304634495516204;21.060895837026507;-0.22164758730363796;1
721462;15.087048347595083;6.095197091616889;15.087048347595083;23.166275321073698;-11.440536699356967;9.835301107405808;1
721489;22.373110133266135;12.85831023040995;22.37311013326613;0.9174542162389302;14.181779332620831;17.304138002111067;1
721520;23.438591632832992;14.303383227907094;23.438591632832992;0.7603999280526837;19.917468174709384;-12.355648070423;1
721523;14.537961479255241;6.418623226828281;14.53796147925524;0.8279904472205337;11.751456730245444;8.558947872809968;1
721895;25.26782688389643;14.740815013633993;25.96164265508759;0.5943570894640343;-7.822904894069687;-24.02634459198693;1
721909;15.494524616947249;7.228179931474743;15.494524616947249;0.695333409504056;8.297357725518863;-13.085646635912065;1
721912;25.88797464261455;14.022803003361696;78.40259676526183;2.6090838695142806;-24.78777106111018;7.466835803648205;1
721931;24.71442350013317;14.761986393912803;24.71442350013317;0.6254896767449248;-16.765617143005667;-18.158105924299736;1
721935;13.616597271331644;6.282767577941586;28.717985762478694;11.173618875858313;-5.377469161554888;12.509778042242099;1
722331;25.972295006314557;13.599924902753791;25.972295006314557;2.412004651371313;-23.991246061640087;9.948880354334907;1
722346;25.438797967104115;14.80552580815701;25.43879796710411;0.6109137194674046;1.0492851044273332;-25.417148596582727;1
722350;24.53392241462408;13.400025644456063;24.913830841381106;0.6362812948532859;-7.336787448614211;-23.411213103567505;1
722376;15.078456916408179;12.127602890106328;15.078456916408179;0.686350678246333;6.6714999538036075;-13.522239139520352;1
722383;15.087435254785914;5.647488373833579;30.94645185739326;0.7745842064389693;8.107368088713114;-12.724043588477414;1
722829;11.846322100368232;8.123155219547586;11.865118385392048;1.0352016154640031;8.66538399578061;-8.077528552183649;1
722851;16.303132022110347;13.416246226051104;16.439871214613746;10.931980883615596;16.020021313344532;3.0250670819581447;1
722885;9.623139360690715;7.613900106725429;9.824754693129291;20.688588277312867;-6.836892490602444;6.772127599744325;1
723333;24.21545442585999;13.80703046504218;24.92072347877465;0.7769431485184106;23.524568094511938;-5.743076616028467;1
723358;24.678377629638444;14.880769893953167;24.678377629638444;0.6186264912782662;-10.755295056205082;-22.211392362591987;1
723362;22.612297969197076;14.454604669851818;22.612297969197076;0.6753251237074157;-17.02842284380649;-14.877796708527898;1
723388;22.28430743578269;12.412355590045285;50.02885022632511;0.7779269252576214;21.336936139105394;6.428492365105362;1
723827;28.388679926971747;1.3760490192265518;28.541764236759764;2.4612726143126;-24.403811004634616;14.504177206795392;1
723847;28.278151766694197;1.3321947779849692;29.401320144621735;0.9328443690425917;-0.11556763895894333;28.27791561379685;1
723885;14.72303144047708;11.821493765551207;14.769620125427103;0.8704709878407351;10.868921540094659;9.931475185114392;1
724324;27.351884984598254;13.248031990444831;56.68891741630572;0.6164474408393309;25.553577049623154;-9.753989551955863;1
724336;27.259969048782377;1.450721928168428;59.703078851556555;0.5189006357802358;-1.175385741112707;-27.234617326119384;1
724360;25.935979223491305;14.245094298454974;55.588615538004156;0.8654099947789622;15.917471611929676;20.477038745013537;1
724363;25.843874699829275;13.852925032188729;25.978312028592246;0.6886187656346813;21.5495746429772;-14.266102908896661;1
724828;30.137965754670848;14.08810532009653;30.16985867151326;2.79345741786855;-29.877885488521994;3.950814924098524;1
724842;28.449967681079315;13.801956303338633;57.81695445976331;0.5291986191572733;16.02291658742911;-23.508866520671443;1
724867;26.498802163414492;1.2661830268518757;26.777339723686637;27.333773694044755;-24.469471442289457;-10.170127011535369;1
725348;24.976321809990793;1.1963468679161418;51.69861370482822;0.5475480062882525;-18.533543623321236;-16.742891384664432;1
725379;28.614522074920895;1.5319591552298673;28.70144920914798;27.176813456062824;-28.306139107346738;-4.189673306078999;1
725405;30.20412450867096;14.318276014621304;60.05764853355269;0.4845813196555488;-15.159369851572308;-26.12436875866168;1
725823;26.70648704818466;12.237080671197294;54.13255711871302;0.45229587034561597;-18.435673689420092;-19.322587458000513;1
725837;28.131075231281468;14.216677162740332;28.68010350174456;25.205930809473145;-25.683280245089758;-11.477216976262136;1
725859;29.53263192506401;1.5072461347651431;29.61102999240222;0.7504849776523119;-23.33178879176561;-18.105357776021734;1
726325;26.857111830127405;12.735899083983897;26.857111830127405;0.9989482647941688;-13.588173151275111;23.166052884920546;1
726343;27.099091992698014;12.90766522464082;27.099091992698014;0.4078883032087227;-9.114394607805137;-25.52035653673205;1
726368;28.32479685655257;13.184302027668432;53.3192918769035;1.0030152942224817;-22.02269770317466;17.812773586377723;1
726827;26.817498224524726;13.831434079905753;26.86556508550656;2.5915625230128754;-25.929706811566827;6.843136392661759;1
726840;25.217437699776422;12.949251021920757;25.217437699776422;0.9263314581126102;-2.7668114169469127;25.065193370990723;1
726871;26.92439961309706;21.14028755420339;54.395826158960475;0.49612504249552813;8.13103832720094;-25.66728482421408;1
726875;26.38789500686786;12.281790091934072;26.85745562232927;0.5895386406677217;21.17658777896729;-15.743987199346138;1
727323;26.061635021509428;12.857252533707745;26.061635021509428;0.8533647064019592;8.69730975463646;24.567572591248656;1
727335;25.12229976832488;12.620193950795235;25.122299768324883;0.7908355860526372;21.827501514911106;12.437448422652041;1
727391;25.54646617880145;12.356689906543703;51.11126458245307;0.6880766358346401;25.102213830721656;4.743500292123183;1
727822;26.657802685725905;1.2870831359329413;26.657802685725905;0.40339886269002795;-18.096545334989333;-19.57430690905226;1
727839;28.49240918780473;14.427835561521931;28.843220352337223;0.7833654149342967;18.803790726193277;21.406420430581733;1
727867;26.863028011811547;12.543780755887715;27.267796839354794;0.6310360120383686;26.520853697378833;4.2739435098746155;1
727872;27.03760522829066;12.464184085137099;51.428682728515874;2.6550950914191014;-25.50515333586636;8.973251907465617;1
728322;26.531094021046027;1.2181021874517457;27.067917833533862;0.9501916481959806;-10.175034454015943;24.502400368396007;1
728348;29.762121171584994;14.048706406068044;30.341653717480142;0.9187206401284838;5.950234794706209;29.161251045179377;1
728373;26.771593966288275;13.022421242031678;26.771593966288275;0.5088621042011572;13.282099976935449;-23.244441565640894;1
728376;24.962405056396765;12.379769671542887;24.962405056396765;0.659225379816317;23.323943154250916;-8.894680541587457;1
728833;27.606612599433625;12.734409110965641;27.681266920441512;2.6253238973959117;-25.930618994496907;-9.472489523744196;1
728845;27.595617002143406;12.324570174918453;27.874325510093975;0.45832169870050515;-0.972594269097117;-27.57847236735033;1
728887;27.552340543923158;1.2794833422989806;50.439448642932255;280.79045502785596;-27.509719657323593;-1.5319248753694859;1
729329;26.082127441717844;12.085690086043716;26.082127441717848;0.6299983009998814;25.959110755923962;-2.5302056532392694;1
729351;26.013406497002435;12.666805374903328;53.53340384954879;0.6417106794714207;26.01331739854751;0.06808451155668555;1
729419;27.092781037880883;12.615686641988008;27.415270238169846;26.584101698134198;-25.569735396815126;8.955859316861646;1
729830;26.08439811162216;20.523103944822193;27.07675525762319;28.826239635016883;-25.647937718522716;-4.751748692047758;1
729841;25.335787766210373;12.067796352548392;25.335787766210373;0.6596747274659452;25.322435854759995;-0.8224257510685006;1
729845;26.29564419047175;1.2737146982616916;26.986675529886455;0.5939725330367236;25.443895185871728;-6.638456233362116;1
729885;30.396932093919546;14.151130710629312;57.69154908357458;0.5271557869002071;12.584649467936362;-27.669479187211405;1
730328;25.99149351950122;13.289208254193793;51.62659138161577;0.5584418675278671;19.308229933782368;-17.399712417119556;1
730340;25.966400976211663;12.086253935133549;25.96640097621166;0.47881650472308607;-14.181046641852857;-21.752054978760047;1
730361;30.591155738698443;13.830680885072692;30.591155738698443;0.43168311175849144;-18.459866637565288;-24.39369043733659;1
730827;25.835186669211613;11.918368220576935;51.86949099790733;0.8446521045215707;7.8839586416894925;24.602846712710686;1
730839;29.437775704931628;1.4734153827291343;29.79740753814778;1.449551388190964;-23.049357749032623;18.311464873433053;1
730863;26.835491365762607;12.42812392724262;26.835491365762607;2.1092980841562854;-22.227988894141742;15.035295360046332;1
730868;27.446535864775644;12.433279743469459;27.751683884128546;0.8911468699720806;-14.449117038564522;23.3352811806989;1
731349;29.30896480712009;14.412857059894773;30.06709987893671;0.41684682217378943;-14.350597059308697;-25.555347426837393;1
731363;28.84640923500318;1.4244670908487653;57.77979249027665;24.91705319060471;-26.681165077196354;-10.964978608126618;1
731368;28.827831349408193;1.4115189093391276;58.22764765600353;0.4814264208649439;7.770983877800434;-27.760685688233416;1
731393;26.9591477190254;12.329832491328503;26.9591477190254;0.4891563172250152;-1.2689972240528375;-26.92926459786042;1
731397;26.406838467012424;13.778133738389661;26.457440579269296;0.5006672065605859;1.499582456226858;-26.364225197791487;1
731828;29.213267986061563;1.3711178111803137;29.213267986061567;0.7435284972253696;-24.01279217900476;-16.63733266462438;1
731854;26.81698735770197;13.691196810766218;27.01744260808596;23.148856793725688;-24.962696657534607;-9.798703308451472;1
731872;28.331669149196184;12.804029548129812;53.866839371621296;0.44721032613240236;-1.9924024766496125;-28.261525244589247;1
731894;28.102375616434934;13.616954558100193;28.102375616434934;0.4652001517193077;19.153798876319716;-20.563936974536038;1
731897;25.0275236004491;13.411100523765372;25.0275236004491;0.8360142258740799;21.926264688130882;12.067139445496661;1
732341;27.870737082287544;14.172420629192239;27.870737082287548;0.7526053947827134;23.91706338914557;14.309160155284816;1
732361;25.030120104906782;11.853642647858994;25.424642300105365;0.5765071842895114;18.16039769144381;-17.22518122269432;1
732392;25.15613403810255;13.638116623934188;56.264882675793736;0.646299808410124;18.205010480214217;-17.361125342507965;1
732823;26.475400813979302;14.450067706863969;59.81521870557656;0.5644794064168082;7.82774957472074;-25.291761205110156;1
732858;23.30589132481316;13.600352807849749;58.23278408373273;0.7457055792488403;22.957021239807084;-4.017430302948363;1
732903;25.549739076115916;1.395455662289254;26.064394821055853;0.7012435124365749;18.555249669215872;-17.563936818682446;1
733321;24.367924884152984;12.80867779702024;24.398177873736948;2.7073395289059294;-23.648026442527353;5.87933742297968;1
733334;26.897260455837227;14.576413090181934;26.897260455837227;26.106724983404025;-26.837886969257788;-1.7861811370877592;1
733337;25.688149319406733;14.372895137814416;25.750637011155916;252.06436765644526;-22.508995169983717;12.378455149726332;1
733369;28.13201233152677;14.206880567387957;28.431719328295795;0.5654018007949064;-9.81835865088112;-26.363041387970434;1
733822;26.387842119320457;13.786515233651395;57.619965932788205;0.678183311601103;24.08748286045014;-10.77549911427324;1
733859;25.07840472544002;20.945959898991536;25.078404725440024;0.9988205442999066;9.369432111852207;23.26241873654511;1
733883;25.059421784873766;12.687066285319426;53.17108211497465;2.806150187920489;-22.305758779899925;11.42049672497319;1
734320;24.65166981631521;12.632416333415813;51.916599642930876;0.6224307585375977;18.772423921658138;-15.978138966668919;1
734334;21.685465884861024;12.189825107933936;21.824701712927364;0.9285717931691604;17.428519273970657;12.90372607273979;1
734357;24.74462655143119;12.651351051952135;56.3077581295793;0.5000542810236185;0.5341668575088728;-24.73886029990332;1
734820;17.37243921243668;6.038321439776722;28.752745682432945;10.555912462832245;-9.524888793339109;14.528528406701438;1
734834;24.638037334941558;14.367762272348934;24.638037334941558;0.9959882479407481;9.962640922604901;22.533944829195182;1
734862;24.06459564326501;12.579908813547403;24.339783676491784;0.7816601548355715;23.646245014582703;4.467645933170176;1
734867;26.013145088452628;1.2268886049743384;26.013145088452628;0.5422159149811382;-2.7625435413273576;-25.866040875540996;1
735332;25.931107224736717;13.917332851309224;57.68324925176909;0.8086728260873083;25.90745066867793;1.1073941262315712;1
735351;26.81488672808384;14.693170720652166;27.097807737164352;0.6677872872325922;1.4788296632163649;-26.774077258930106;1
735376;23.09997397120859;14.394122822831743;23.48760918857981;1.1739469677000072;3.659503394093846;22.808262370885032;1
735821;17.667386020338114;6.3418380037527;30.450825046291005;0.5791033850217362;-12.697047804939602;-12.285011429816297;1
735837;23.686829351832095;14.347738385824941;23.95025801810992;0.8723337695925751;22.210276046639308;8.23222464919992;1
735862;24.593615427622048;13.129803598678906;24.593615427622048;26.937412608237185;-23.400455668958166;-7.5673373313797025;1
735872;24.326706833788872;19.023802759516492;24.326706833788872;10.724408946205974;-13.912396130556868;19.95579863807952;1
736320;22.62238515530605;12.36432727746822;23.241847092281454;0.7324130763535084;21.85840176053884;-5.829458172925166;1
736335;21.465734082336613;12.959540529472305;21.465734082336613;0.9774974197559165;4.124051468827222;21.06584769659298;1
736362;23.995768326195137;12.975966973964745;50.30641421443752;0.5767094537208415;-6.6822028375466545;-23.04658462337344;1
736823;23.58966668739098;12.745769726334323;23.971266523606545;0.6299494431304827;-1.4173895833522878;-23.54704612453987;1
736861;23.893744651784942;12.554553471442887;23.893744651784942;23.138135295988043;-18.654486021637812;14.930545360207745;1
736923;23.113302702822047;12.650867453745027;50.33895086339855;0.7701111845570594;22.206672847463583;6.410026745498382;1
736927;22.910075247792474;18.39329020264181;49.34245804955529;0.8480525414323304;11.407437188234818;19.868113263618934;1
737320;24.303959712843817;12.514348817904725;24.48493476371413;2.6083824401681754;-24.08967884364964;3.2202221869545373;1
737336;14.85007436670991;5.961382110839122;14.85007436670991;0.9000407487864126;10.768414912789547;10.225749310579955;1
737359;22.357634041699317;12.663993146771157;50.96678862267411;0.9753159196651963;1.4701466849299434;22.309246259507326;1
737363;25.019387300083537;12.5618456021873;25.019387300083537;0.5554603211445986;-5.070515726971773;-24.50019614480899;1
737831;22.48835436492209;12.340437528440843;22.57599850141535;0.8980932839055628;17.897977873734906;13.61574346385852;1
737922;23.640453015410166;1.2702025274359772;49.70341884222374;0.7427589780970456;23.64044799263642;-0.015410427257956591;1
737948;24.379858290786004;12.346077227163642;24.379858290786004;0.8561813354704635;8.227251181372978;22.94972392595179;1
737976;22.75065198627505;12.31736465829505;22.75065198627505;2.678415309292759;-22.54021934060494;-3.087179599249107;1
738324;24.2736389619903;12.632599137362366;24.2736389619903;0.956205038504226;-7.665658620888741;23.031439954224478;1
738341;24.909128045541628;1.2995682197124037;54.72887650903491;27.137401422986635;-23.92330423566963;6.938312074040777;1
738361;23.867593819891834;1.3259060263188873;71.28517009641642;1.0479749349175673;-4.32626650883334;23.472227266407547;1
738385;24.56142054315321;12.408916263400814;24.56142054315321;1.02202133738859;-9.919972241025604;22.469034911070615;1
738852;22.458156726237924;12.738403238214971;22.458156726237924;0.8242319920009203;21.65847674132586;5.9396286740597235;1
738869;28.02625874277029;15.815420662637772;85.18665680226249;25.29304948735703;-28.007179034448512;-1.0339737177780652;1
738896;21.68571108989873;12.93384915374742;21.68571108989873;0.8815512272202047;19.739998003363702;8.977891974275138;1
738900;24.603663261407654;12.477993220931168;24.84107988070731;0.5594417341932846;-15.678202035387061;-18.961387787246103;1
739330;24.253199905628136;13.073606643220678;24.47462070067049;11.051423091458824;-8.308265048324552;22.78575075675913;1
739348;24.282506659435093;12.282243328758183;24.444031327495715;11.427943665971947;-17.089536176712368;17.25073572142211;1
739371;28.213696143696644;15.300557544138426;28.213696143696644;0.5654510502228073;0.29644649374064735;-28.212138691797044;1
739375;28.22314748649109;14.696477071056892;60.28086599045768;0.5749947498931516;-13.808427562394536;-24.614495369564885;1
739826;24.645792324116524;12.727833977392152;50.174865449159086;11.129304035496258;-9.099324492096095;22.90452734878022;1
739841;18.116951691796153;5.956404153188893;18.510513165015155;0.627280878743088;8.978446611581703;-15.735673962237923;1
739878;27.28339851470014;15.11562566450062;27.28339851470014;2.585751419098525;-24.604139024894245;11.790681801983203;1
740326;24.853786961829226;12.46678732649605;51.3178901497583;0.5889360195517105;21.111562844532358;-13.115358958311177;1
740341;23.73019697065017;12.832313251780638;51.14663131611607;0.6506055858996387;5.766542456145003;-23.018888686627154;1
740364;25.567232724190713;13.071623934193804;25.567232724190713;0.5581898612109957;1.2828210240095985;-25.53503004488711;1
740368;25.757087231103846;12.107247646258278;52.13085300453464;0.4877259977382622;-15.428686080188305;-20.624819719689587;1
740826;24.209762550154384;13.050319858756772;24.875809551089535;0.9711507287014381;6.682393821852738;23.26925472688204;1
740841;28.485849999726383;14.3865907650175;28.485849999726383;0.5480341430393051;-15.55044334705739;-23.866867450858944;1
740867;25.67894758531161;12.988479747380188;52.75794967267301;0.684069826287563;5.357237626473084;-25.113907583302964;1
741319;26.202563915255848;14.705097705621696;26.202563915255848;26.67571579681842;-25.861377533583774;-4.214677662469137;1
741333;21.35151134096195;12.609603383441884;21.35151134096195;0.7165805813357724;15.120323354201615;-15.07523990547454;1
741356;20.308717469075443;13.14058475711731;51.23773846663421;10.924703870611104;6.0521877960272645;19.385949244758397;1
741377;20.8346352051921;1.233956432743814;20.97349929909687;0.7970098054774372;20.29159122996628;-4.725817335592404;1
741838;24.32440379468473;14.802153756597466;24.32440379468473;2.5167418433803235;-21.97456362600595;-10.4304924818289;1
741850;20.958221169355713;12.838033115952905;21.123039661711946;12.314093726852127;-12.709368356243427;16.664902957081633;1
741873;15.429708253308485;5.93847337524498;15.429708253308483;16.780653901990963;-10.996370479653413;-10.823850195583036;1
741876;13.845170061804039;11.185195727580595;27.898218912916647;0.9830737547986733;11.03146485558443;8.36633236133256;1
741879;22.06100592373818;1.4768723151381113;22.219578081728745;21.087779295447422;-14.141740550874092;16.93219290461145;1
742329;23.44884477720053;1.4453699130548734;23.44884477720053;0.7301006072571413;-6.214428633821852;-22.610378106975116;1
742343;23.54964047912148;13.841656458194887;23.54964047912148;25.506476906971574;-22.58260409925302;6.67918848306271;1
742373;19.434522268296345;13.94518573644062;19.563765965316126;10.242984741497398;14.203309827781522;13.265242015619288;1
742829;12.488450742809668;6.11705099406883;12.793539486819181;10.506519832136634;7.770508548331127;9.776533069339878;1
742845;22.752278851369237;14.661931240985501;23.151852951800922;25.019101068597426;-17.99325461539289;-13.92512051208557;1
742874;21.4157581777617;1.454768734629523;21.672252571279717;1.0974790040584386;-6.728083167073943;20.331443510614374;1
743326;23.654660849838304;13.703129597587457;23.753231523405514;0.6930219728985171;-7.625758302120265;-22.391757194077396;1
743363;24.091018596879447;14.464387854556884;24.091018596879447;2.483740357403868;-23.71725239837215;-4.227187682975753;1
743386;22.61135815891253;14.861724186085876;22.61135815891253;0.9429502006715584;11.802473201416342;19.286657152561958;1
743410;24.1824777039973;13.859205671458097;24.385435613559153;2.5186404551416275;-23.208384955020872;6.794342917743209;1
743860;20.150330005215434;13.656683799234232;52.11014540270915;0.745917244417645;11.650769093482962;-16.44066236042294;1
743870;21.95672955484256;13.862930902654965;55.67960618952713;0.7343791567571559;1.4444016229224765;-21.909168781498664;1
743873;20.442924985123085;13.495023831751638;20.640838873363762;12.103179547999028;-9.793169470048806;17.944553872366782;1
743894;18.360365146285414;13.962823167052873;54.17780882705194;0.8113982400236688;-3.380260194994254;-18.046519036065366;1
743898;12.80212378195046;6.559330803618228;12.894022543155923;2.1254564441017356;-7.623036386542455;-10.285119813489356;1
744329;14.29020900873181;7.253978682998929;14.29020900873181;1.3531150416584992;-6.194539316274153;-12.877800905914548;1
744346;18.947076345003573;13.814161278307221;18.960739539581834;21.8617018962382;-11.067396065780235;-15.378701061745955;1
744350;20.03596341730993;13.389091430835089;53.62342263375205;12.175943497563223;-11.473452976311112;16.425580868272498;1
744399;11.771088907498097;5.948041805626938;28.818978943468075;0.9047353254883455;10.607111066341218;-5.103697570832973;1
744830;9.119846925124627;7.109747933880342;9.119846925124627;12.023114418505253;1.928498977732898;8.913613163615992;1
744862;12.194751209264364;7.232520460103615;12.542348303830144;1.026107845522427;-0.41440221320645787;12.187708064338604;1
744891;10.832858850531839;7.02076094746355;11.059263396396414;15.343373098228271;-1.1187466238709165;-10.774935585288825;1
744895;15.553907760943547;12.217013963610524;15.553907760943547;11.882925567814123;15.051483551822923;3.921337721383344;1
745323;24.040211681489783;13.262876978442927;24.32020194302906;25.637430667000807;-21.02968098432517;-11.648360201691487;1
745345;16.45892674022758;6.3559399081336725;16.45892674022758;0.8719879424020854;10.423231497196673;12.737837909002677;1
745368;24.086395051792262;13.694894989791347;56.988984336921305;0.6516545392940268;-15.05441808916692;-18.80209888782544;1
745372;23.094550054455436;13.114343446885739;23.56822342067494;2.578021311703583;-22.294644838751232;-6.025533481086181;1
745376;22.84254861332246;13.877511878848882;68.78388891394016;25.505632879707417;-22.795977411394688;-1.4578892314517677;1
745820;19.88331314431959;13.985682757645245;54.90541589078303;0.760585141621431;-4.6268756545160095;-19.337480789201038;1
745843;14.235685022007557;7.119298554471825;14.289118376986604;2.404871883937799;-10.686788603668123;9.404641268348273;1
745869;22.322278477834896;1.321151889411692;55.28146151775799;2.376790078922783;-17.746849664503568;13.540068073223287;1
746346;23.264894891467577;14.135738663920701;23.284919680258355;0.7635738548498151;19.98344984325767;-11.912894974482027;1
746369;24.4414090871948;14.082118635612613;55.331070085269324;2.443516927009395;-24.19684381322602;3.448945874604901;1
746396;21.77857673557433;13.470346092660861;65.38642946833149;0.7478074153309883;5.729874621197484;-21.01130508684923;1
746402;25.694626954707765;15.740047445982212;25.694626954707765;0.6263382085440172;0.335141399709705;-25.692441195491632;1
746833;21.561348444803496;13.475016350056515;54.51997453630796;26.478054340431132;-18.843696213364293;-10.47887683755613;1
746847;22.228861916788883;13.701048497528452;22.47230649173352;10.661365192697069;-3.2349642931626614;21.992210169458406;1
746880;22.8100912851738;1.5769149039851833;23.282324967967128;0.9194966938503543;22.488855503569745;-3.8146615285661456;1
746886;24.654053324964302;13.317431811480612;24.654053324964302;0.600701856220952;-14.857812942743667;-19.674037204107908;1
747341;21.50393140732451;13.369778607872409;58.24681055792274;0.8875381373048133;17.01736726415113;13.146416902255728;1
747370;19.147394660111313;12.082017840949469;19.147394660111313;10.052803135293399;3.8151321510253635;18.76346153939277;1
747374;22.438592801156428;13.488590563121729;22.43859280115643;1.1785773152161878;-11.274247742206063;19.400561454336074;1
747396;22.481868545697647;14.453350792600457;22.481868545697647;0.8609112901870424;1.290629497170523;-22.44479201968828;1
747836;23.155957541969542;13.589146205598505;69.8551448766895;24.53100153292905;-22.612359074355076;4.9879441434250005;1
747850;20.40059229014459;12.463334072357496;20.4131672924884;0.7426360436890383;19.173598626983328;-6.9683054956029284;1
747873;21.810348802043304;14.147126761390645;22.044877097413572;10.82094881362557;-5.373488187438838;21.138044837833206;1
748330;20.738688208299457;13.529680310258742;21.403484669076825;0.7823706018163913;7.357664829362238;-19.389635294657424;1
748359;19.374867750508542;13.308474025741472;56.17854137294586;0.8936099945734612;9.976697827989307;-16.608762771461617;1
748381;21.710657724441457;13.663216729821082;56.98218986318993;25.330823749327063;-20.42973691217339;-7.347006773321335;1
748385;21.5235551360613;14.337398271619548;21.5235551360613;2.37627731783953;-21.49033232211269;-1.1954256063132762;1
748827;22.53991389113468;13.74760495863405;56.4146919303693;0.9619781972257159;-1.9144271324391942;22.458465819693625;1
748842;22.60951242778018;13.228396111050195;52.94343287481671;0.7719550188468768;19.682303752574196;-11.126408729385696;1
748866;22.286115431221642;14.028059152787582;22.286115431221642;0.7979859035318626;19.364059561432807;-11.031959858294357;1
748880;21.02438064451521;13.709926424540605;21.02438064451521;0.8028498279246175;8.594418209069715;-19.187510446461697;1
748884;21.864162256099686;13.596818916340869;21.864162256099686;0.9683729719995422;11.515711659778853;18.58574658521652;1
749316;20.284070793690724;13.86377225615272;20.284070793690724;22.593162375315938;-14.500620114726454;14.183636496041753;1
749340;13.514929183119538;10.829780875865792;13.780351265164516;19.174674480792692;-9.619744106038056;9.492830671569056;1
749364;22.65254516197858;13.381674439483373;22.96629411214398;0.960099295399401;9.757125229320678;20.44349064066196;1
749368;24.074042663720956;14.29102637477774;56.27525596910396;0.6206990833663542;-12.065695353654695;-20.83215125250996;1
749819;10.225874491795034;6.2532370258550145;10.238799351815501;0.9604401582307279;3.93964879961582;-9.43650764094588;1
749833;12.34307730013944;9.58854934960995;27.73499305428941;0.8820703742181304;11.942749986479555;-3.118057086979021;1
749837;18.274047352563656;12.721026023946035;18.348816057338638;0.9462419395089242;18.134588570335453;-2.2533317617247497;1
749873;20.962894564511835;13.85368859090985;21.095104201767366;23.751364296647232;-19.792784848247937;-6.905694496124682;1
750325;23.356898178042805;13.957740289169484;23.356898178042805;24.68736326630938;-20.38647846016713;11.398955587798426;1
750339;19.24544640860567;13.31439666957419;19.24544640860567;23.068705252517578;-16.88461742757588;9.235632181443444;1
750391;23.479071403545696;14.33493903878642;53.539595274811006;0.5871281855193502;-11.764546342173734;-20.319011869075815;1
750410;19.838814083463745;12.891227114352654;20.075408563779277;1.0236050275039585;5.70056288127986;19.002161115905047;1
750828;21.739284735094902;12.480029578337053;52.21290147672607;0.8769551140282718;21.739126673290734;0.08289919269535696;1
750840;24.282571963105017;14.512516242605054;24.282571963105017;0.9395903081970051;10.21987550414264;22.02719786589295;1
750844;24.55503361825637;13.536298709264482;55.612273600218536;23.159523182741523;-18.795802272040568;15.800870005922306;1
750881;24.564118367489993;14.55901765575526;25.133044217273024;25.372647364559413;-21.20896543099233;-12.392566179731764;1
751318;22.4116045872573;1.4225464575890485;22.884707772290078;0.735804969879853;8.340067402996482;-20.80200220865886;1
751337;21.90368726174862;13.47142450046937;21.90368726174862;0.7323499341289714;8.501536045448498;-20.1865153141504;1
751363;23.052667402562765;14.806999036960162;23.61801393618949;0.7669757109735762;21.6771287961042;-7.843950632831006;1
751818;8.992358374386384;7.213168723366408;9.0856554931653;2.0507376783839795;-8.06570269892305;3.9757954054481193;1
751837;5.64092879276245;4.551731988643286;5.711392340813137;12.300184277737054;2.687015788806072;-4.959841105894756;1
751862;12.781073215564398;1.515233187946071;12.781073215564398;11.456262373759587;0.6393009794438999;-12.765074492508836;1
751866;8.167763634407992;6.547035426807856;8.175337157053255;10.254311436653863;2.769086776946752;-7.684043285230524;1
751869;6.735708628955056;5.662164760244778;19.86737158876269;1.297802009862535;-4.072164234422803;-5.36537502715955;1
752331;0.11571225025632514;0.09155008858979673;0.3096245958423367;15.173299791468569;-0.10064725704807445;-0.05709163255750571;1
752348;9.360294184440042e-10;7.538006183139613e-10;2.8345232737509143e-09;18.751909609383212;6.921774176766081e-10;6.3011228733549e-10;1
752378;0.9579897326942213;0.7794443616499761;1.1915680916426497;1.9169991071188868;-0.9571858712368208;-0.039236919503880675;1
752828;7.575683383780901;6.012342092863505;7.684774159403981;11.81233029651815;6.111318191390379;4.476915086851109;1
752847;11.2779531063856;6.550070180090245;11.350927513289692;2.416544182105926;-9.123314768026692;6.630034231686792;1
752870;7.741760859235783;6.135819624605257;23.276815064599;1.2534976231753718;5.630317378211065;5.313603995614431;1
752878;9.80669411774923;6.6285734623878305;29.26973350622852;22.436197254645997;-8.891828210190907;-4.136017480566361;1
753331;9.098130604577639;6.667343022174243;9.098130604577639;10.30062905051624;7.839447015715708;-4.617255785175687;1
753345;18.994075023602804;1.5602829250697863;18.994075023602807;2.313616364472253;-18.987590961899983;0.49626148936421266;1
753349;16.329060875072933;12.860164547896781;48.645140287626866;0.9099609442887051;-9.006441912002327;-13.620654651945534;1
753377;9.712243596853316;6.350224389600967;28.098064527736646;1.1085505291161983;6.522400281496114;7.196246956056862;1
753829;24.030065472218663;14.221523700173213;24.32105040403481;0.7257437552731821;11.036829203752205;-21.34554866304256;1
753846;16.030226261372754;5.7227948431549445;29.51986906615668;23.42063196862149;-12.774234676666074;-9.68437310393743;1
753872;24.23899538099515;15.201495303670937;56.292489966016156;0.7451073750651068;17.708913362878683;-16.550627921198668;1
753877;27.098855945356878;1.4253484459793007;27.27536436724701;0.9772419596052225;-6.665389501939883;26.266339225987192;1
754254;23.49500034977574;14.154559136493104;57.00100895574913;2.4573523292447494;-23.004252488885708;-4.7769664917767445;1
754331;15.424950632341487;6.425756634881925;45.97279585897572;0.7352919255098699;6.613568305963397;-13.93520061830932;1
754357;24.051625663923993;13.416821563294484;72.59289799647325;0.5997272493854086;-7.588791371188817;-22.82303535032309;1
754382;26.827528358418572;14.688502833698614;26.82752835841857;0.7319361513371833;26.352180374686284;-5.027809395924995;1
754386;26.90381567181293;14.635179780698783;26.90381567181293;0.7429673631901047;25.887918885005018;-7.3233157453634;1
754822;27.421695780673378;1.437350332862802;27.72085662479796;11.436925538600747;-16.55335924136355;21.861740491419344;1
754835;24.81762013819095;12.448342220435142;24.81762013819095;0.5235970384263191;-12.328438152396965;-21.538892312420895;1
754845;22.811808381683566;1.299600323650658;22.811808381683566;0.6455748254924374;7.760705022016988;-21.45110857750454;1
754872;21.47937477012795;11.920099465764105;64.7913341094077;0.9496013960152637;10.622862105291377;18.668645939316907;1
754876;21.71546099656398;1.2069308752177748;21.71546099656398;0.7797056843898992;21.683093719886887;1.1851974636715048;1
755323;27.748039845667222;1.4688417174388757;27.748039845667222;0.6057917419058205;14.038913008914315;-23.93454902029433;1
755335;23.773691438881524;12.10464456719843;24.174942113740176;0.7129074379262712;18.422156798800604;-15.027060374922083;1
755357;26.42438639608928;14.408480023038306;27.184341869569213;19.509043630020948;-19.48557499596114;17.84826499933823;1
755360;23.755198107061364;13.1423019939819;24.138908779192317;26.070021885498452;-22.573891267537284;7.39789633254858;1
755364;23.093572545371885;12.269917611645418;52.098635513757955;0.80211178277497;20.467063668936525;10.696373108678127;1
755823;11.610310777848973;6.4645665821948395;28.303357327887216;0.9233383396091186;9.820500724475766;-6.19330944478047;1
755839;19.592062200194814;1.4444840824115468;19.59206220019481;0.9748168969348265;19.563990029295972;1.0484251951904657;1
755861;19.784224739772668;15.220705873934877;19.784224739772668;0.9757829847967846;18.51007944521458;-6.985163382890739;1
755870;9.307897187215403;6.533776504256596;27.159117685466097;1.00508263474705;7.3929146221818325;-5.65524212009552;1
756323;19.89568583888247;14.039432259536209;20.084677233881575;9.828461991162223;15.33726322028862;12.673068764553063;1
756336;19.954872176034556;13.890895757241534;20.37210216761304;0.8587426241454922;17.162642148437648;-10.18040461114143;1
756361;24.180505496419972;1.613561323023352;71.15319467487362;0.7247921877126118;-4.3884869767014765;-23.778940853572895;1
756819;14.400973105980494;11.301005660506268;14.400973105980494;22.477135296181146;-14.40071476242308;0.0862596690433827;1
756836;14.323889816688844;11.548979983082981;14.579299345071313;1.2882763019900192;2.1046536454094125;14.168424489459202;1
756873;8.846617224281909;7.190479868922254;9.084393899499538;19.08458237805789;-8.660281257090414;-1.8061464118530945;1
757329;2.3671885450023784;1.9376053184389748;2.3671885450023784;18.3870176832436;-0.20971481831005487;-2.3578806803084116;1
757341;9.360294184440042e-10;7.362599996759877e-10;2.768305933332429e-09;16.546477321434548;4.281188865856485e-10;8.323853020934989e-10;1
757345;0.4468818760242792;0.357989090782301;0.539260962005927;16.908677746401178;-0.19064397061607868;-0.4041760601355738;1
757370;3.254889541737433;2.536624684162996;3.2927899090342665;1.9516142064850812;-2.4283048207914257;-2.167404352268593;1
757393;1.8664515031037152;1.4941232263027087;1.8664515031037154;1.8629692930043145;-1.4332272527231027;1.1956173532907197;1
757840;2.113368237998527;0.8154157985354468;3.296296393194011;17.91630790256549;0.7227539797302095;-1.9859385675707955;1
757859;0.22650314698659788;0.1735144718470969;0.2858904026061273;1.6628526833435666;0.089977212678481;0.20786480412384334;1
757894;2.8270201261437626;0.9137453191768528;3.5680574910558085;19.26147170334699;-0.7643907653390641;-2.721718124914161;1
757916;0.6315122931684103;0.5189617963875518;1.9252804784613433;16.835591306652862;-0.4087219117004488;-0.4814085326609352;1
758327;4.105925663870101;1.1919223325906723;4.349084761235894;13.984472649002354;2.717739448514061;-3.0777455787016605;1
758346;3.8810282444986113;3.1214172005525165;11.503668362782971;18.424990983658255;-3.752809982082036;-0.9893419393624228;1
758376;2.1142474605310246;1.660550557737972;3.2449621800020867;15.043044568319818;-1.6443730353647643;-1.3289392931684871;1
758380;9.360294184440042e-10;7.685456299622552e-10;1.6835673086037768e-09;16.297729121243;-1.599674727509118e-10;9.222589006641829e-10;1
758843;7.915044433438071;6.16247549276344;23.7078361565158;19.911412486522195;2.430151343510176;7.532748026512946;1
758862;8.387475825423365;6.883862938568765;8.387475825423365;13.449260414868982;8.172343333691288;1.887473220560474;1
758889;8.41602541436645;0.8642192748579938;8.41602541436645;11.799264268854627;0.16428334878568557;-8.414421831390065;1
758893;8.065538618575701;6.388446409048848;24.269413297197783;12.387006941259607;2.2738133371903175;-7.738390408563752;1
758897;14.094437323113674;11.391909578768692;42.24934723374665;22.176855752373367;-13.825080853909046;2.7423170564428294;1
759328;21.35555077413762;1.6676900547327496;21.35555077413762;24.12640888699924;-19.819395523123745;7.953056642873375;1
759344;23.217315384589796;1.6760129030339646;23.217315384589796;23.067721766298437;-16.153466289076064;16.676608183776256;1
759380;20.88563976046083;1.4669641853321702;20.88563976046083;0.7430668675392671;12.146556552238843;-16.990324073631022;1
759827;13.255128077141693;9.170030207515623;13.629123958724946;0.9022245939693719;-10.620813078092462;-7.930747121277423;1
759842;13.348756943509489;0.8478366113497998;13.535538553754742;1.0393187890426066;13.34328476712317;-0.38218262696200905;1
759864;11.261425752746849;7.815998705342251;11.261425752746849;22.110128789777754;-7.420568643971872;8.470824693306513;1
760328;15.22513168649159;10.16248332138566;15.22513168649159;0.8010567458007514;6.240970570747746;-13.887221507777241;1
760341;22.57496735830442;1.719133291019213;22.911732282545916;0.7447836100750864;-6.06967933690508;-21.74369205023971;1
760361;20.582865600113188;14.538202817403079;20.95061176513148;0.7043422139559354;-2.600050298875459;-20.417984590934545;1
760365;14.795356754161256;7.803520284978703;14.925336828491053;24.89168087497352;-14.736453744627875;1.318905802302865;1
760837;26.480528901234944;15.305990326733392;26.607305505003417;0.8465290660811731;11.481468529979955;23.86198422772547;1
760877;22.177689125932375;13.454112294029931;22.387279685375532;2.4826223655853683;-21.524957954165476;5.340981186814597;1
760957;23.075091590523073;1.4259143587292435;68.80423051553606;0.652286253417308;11.748635520142964;-19.86024711139979;1
761322;23.609322503329107;1.4038471464188567;23.707286260943192;0.6040547546332621;16.042962952234355;-17.321184970418106;1
761333;23.87183012272735;13.69702334218104;24.405606007063735;0.7611030403004183;23.865731830486975;0.5395531518151371;1
761367;16.30091453208049;12.908339188057381;32.98954058736844;2.599218707883915;-16.266128592676626;-1.0643660971210998;1
761831;15.366267666041;6.598054740868568;15.366267666041;0.719190335235807;15.144115359629552;2.603450010783658;1
761845;16.764587608695336;8.536149579180524;16.793830898240977;0.6595134366694286;10.139010757637372;-13.351099525737006;1
761883;16.26928456921185;7.073995977117758;30.551825263171352;14.95426868960822;-9.146350017479554;13.454883936762393;1
762320;16.52608688487669;7.913719037624583;16.815325514208038;26.32628543701605;-16.52342516256823;0.2965950496896273;1
762345;21.976339477673033;14.758783374917284;22.16617927849203;10.408159152094706;-1.0911701738470927;21.949233346284256;1
762371;14.824678594369082;6.648953905525352;28.48793948622235;0.9478067482513323;-0.17092407790576447;14.823693210058583;1
762375;24.74043002264101;15.09573364673334;24.74043002264101;0.5123462119772524;-12.856209620176566;-21.13780385724298;1
762825;17.254209333934966;7.948308887510526;17.507799292077287;0.5657377065899561;-14.346235501911202;-9.58609757215892;1
762835;24.688789831725433;14.496996932412626;72.32290556595606;23.99688521046649;-19.494630859776876;15.149115848660749;1
762859;17.09544971012444;7.671392079422743;34.79520304941531;26.360123790891485;-17.095446592897144;0.010323797520195703;1
763323;27.7531457787715;15.10861414414415;28.615879772789647;0.5267550353273595;-7.2356522599542625;-26.79332821787471;1
763337;24.7241720064021;13.153513923222398;53.80034430827599;0.7506540638322121;2.666708045530928;24.579937949516022;1
763341;16.873726539386386;6.791689351458693;17.001762404934546;1.1603067977969013;-7.859353132163505;14.931617985668671;1
763369;26.938279672723272;15.299427667915989;26.938279672723276;0.9802561422599458;8.12994389991734;25.68219079264954;1
763823;14.358738168729646;6.200726152754048;14.403710644088125;1.0454126329342424;-3.7012200152195245;13.873511891265021;1
763837;30.495555120827557;1.6619895249428254;30.49555512082756;0.532389721635637;-11.467508489598757;-28.25730226274993;1
763864;23.628761879086444;13.95154271791021;58.337052773621515;0.658970334125706;9.426808360875262;-21.666879610730774;1
764323;24.483981190411786;13.37591452594332;57.43431273725683;14.10759786051613;-20.847355625659663;-12.839513166382691;1
764346;23.736829338728782;13.883474059325147;23.736829338728782;0.6875791454487165;19.420660291106515;-13.648260728509479;1
764372;27.105317093324786;13.494191398568468;27.559538242424168;25.851094964354633;-26.78138188704479;4.17801375655394;1
764823;24.546105209639695;1.3859629010729777;24.546105209639695;0.6460509989582401;0.8358805334999868;-24.53186875670944;1
764837;25.742361726176192;14.343378241640494;58.100783317175896;0.5131817313202964;-14.018244623487853;-21.590692552981128;1
764861;24.200456817749913;14.184416689868643;24.20045681774991;25.288059356238392;-22.94146614948335;7.703975668438198;1
765321;23.091319223022445;12.926530824150115;23.09131922302245;25.216412354343845;-22.558536630859223;4.931678064686361;1
765335;26.84405453050281;15.275676325409473;59.99448454043096;2.4821762930277855;-26.76657468857653;2.0380733739153403;1
765361;25.346024355593084;1.4622702194406216;25.611037659367383;0.5685973910885785;-19.672321086164654;-15.981887676903481;1
765370;24.591073018916433;13.313342335867148;24.90299842351029;0.8075113754570117;16.353624204805314;18.36518030376194;1
765823;26.983123593932007;14.115820844815554;27.34137114002966;2.6263096776394694;-26.958191124331485;-1.1596940068074868;1
765840;24.11158581579343;13.931598040453599;25.135816095972256;2.530590617381031;-23.73644117962756;-4.236735851861907;1
765860;24.62554454411802;13.914189944262283;24.62554454411802;25.13592173646884;-20.213940453000458;-14.064638475868923;1
765869;22.754422357843886;11.309504000833254;22.955425581890562;25.254900240587776;-21.036919564224057;8.672470933218097;1
766319;22.92485989108998;14.259248143560868;23.077901302957446;0.6318303079388273;2.9559232844978705;-22.733493320699075;1
766358;23.03601619547341;13.763501764569787;55.87253530684752;14.320602967464698;-14.780107868926647;17.66936483128372;1
766385;26.039447622947677;13.988220870626304;57.222486671850106;2.680846696531337;-25.849500575601013;3.139450987073748;1
766818;24.608457523990975;13.769556228437358;73.69691576149155;2.4972109860047627;-23.167966271310988;-8.295873706937956;1
766835;26.12111240792446;13.29799283980789;26.242200828726794;25.48973701612253;-23.534223201803435;-11.333704236264595;1
766855;23.038410376891548;13.436793060379555;23.038410376891548;0.7517876212232035;21.74135074495204;-7.621156111708877;1
766859;24.199982850440374;13.678054514579113;24.916126618242135;25.219243322302678;-22.749767472490234;8.251499858161152;1
766862;23.608117329622527;13.689638330340516;23.608117329622527;0.6903673842518028;18.23724092255133;-14.991539193226378;1
767318;24.101522995495557;14.46218523820145;24.101522995495557;0.6661096716272985;7.164906704805977;-23.011899587253275;1
767330;26.128409078049764;1.4088545094951395;26.128409078049764;1.0060324898954536;-1.3820839405998673;26.09183023344758;1
767334;24.62046787859967;13.528879649549374;24.62046787859967;0.6339968522940511;8.790790986965233;-22.99759623057699;1
767363;21.11740655994652;11.856505006044081;21.11740655994652;0.9812526683243821;10.95977139310196;18.050713859263745;1
767830;26.224902258628266;1.3801590573678046;26.22490225862827;25.04354111297736;-23.02315087830636;12.557070602228334;1
767847;26.168982158505038;14.067522266306673;26.168982158505038;0.5994618703291148;11.50962570033629;-23.502002966775265;1
767874;26.159605082382996;21.69482801961783;26.159605082382996;0.55664084032799;11.623222939228095;-23.43556328683482;1
768327;26.092429570734193;12.751941679713532;57.704610077998616;0.6816859902928779;24.721236922850906;-8.347174726097286;1
768342;26.58154605278189;14.05031950565065;26.58154605278189;12.769817910524063;-20.372185635695768;17.074912678573657;1
768367;27.870158331347724;1.3363580222183213;56.09429037475625;0.4667398684248666;-15.95334079068178;-22.85249752282581;1
768828;28.57452691177556;13.222463767152414;54.5959634079154;0.42557159099637903;-14.624368479488078;-24.548552601078974;1
768846;27.743607671217465;12.409756909687635;27.74360767121746;0.5365330648929406;19.66416940051231;-19.571106468526295;1
768871;26.781899991146233;1.3297663186713586;26.781899991146233;0.6579751642455821;25.352689308634908;-8.63199350993661;1
768875;27.10367831565323;13.095990402052802;57.3744132022333;0.48538839183744353;-4.78838500356503;-26.677345207048706;1
769366;31.330573819725412;13.809769586008619;56.34983623597055;0.38111312884841275;-5.67256034078824;-30.812771946927786;1
769379;30.050666294254512;13.624836969584088;30.37897800362361;0.950059286040057;-14.179753897270327;26.49485089864616;1
769410;24.99677658719435;11.930942576259893;25.50849510159278;0.8197774754156709;22.044124297273726;11.785390265767777;1
769820;30.832798227917063;13.578694472733087;60.68176697436548;0.6917426427916386;23.625212886541853;19.811884378549717;1
769832;25.913200189626252;12.475362193153034;79.28343411819678;0.8539950545594043;7.0919970429755175;24.923834416278577;1
769863;27.69830081574388;11.46031058886149;28.171483491596213;0.3162450263406423;-21.252124794882036;-17.763531737303772;1
769867;26.992839209265288;12.632970177613013;26.992839209265288;0.5327572061348289;20.779736018151766;-17.22834697796558;1
770328;31.75977523192572;13.349073499316395;31.75977523192572;18.486860761766714;-27.832568668984173;15.298086287791785;1
770343;28.723467561993537;12.353697574040494;28.723467561993537;0.38890920050650757;-1.88795727770206;-28.66135387769508;1
770365;28.300472858733187;11.9476461757703;28.516316060870945;0.41624696188323407;-0.7521576380332542;-28.290475834023045;1
770369;25.12075880913351;10.740590035289083;25.144311646667166;26.92050513575778;-24.49576157738277;5.568679187264865;1
770373;26.54204291057854;11.876271875313138;26.916517742749352;0.4641054516160328;6.8834254359528;-25.633932514046116;1
770818;26.898521170644113;12.295891614707472;27.179720747552484;23.35982823032504;-24.586449425443778;10.910405391995516;1
770843;27.800537108301423;1.2700579264902292;51.079411750845274;2.8212530689672524;-27.754474616904865;1.5996881726224204;1
770867;31.430302465642317;14.533987968296412;31.891688112086452;26.815825085607102;-29.577428871067248;-10.632008956858494;1
770872;26.193912328705377;12.090624777843223;26.193912328705377;19.041075929098632;-21.468587544617044;-15.00735792613135;1
771318;26.27502895407691;1.2901245212926222;26.45137453325286;0.986636742094434;-15.288095315721609;21.369400743937366;1
771330;26.818784304803057;14.01605400169801;26.81878430480306;0.5962771783475227;16.71644532692749;-20.971591432683283;1
771357;25.181209053440373;11.819735674183406;48.52526904015905;0.8066175147155549;6.533963523342189;24.318729614613943;1
771818;27.355851816388114;13.464045587483273;57.627312376869014;0.6946673677258279;25.172084689027518;10.710218532252796;1
771830;24.44698706642541;13.9134859320522;24.44698706642541;0.8962388877362277;17.859530444074657;16.69408125483825;1
771865;26.603263626316018;14.05992020448943;26.603263626316018;0.6290733530088133;0.9339712086298408;-26.58686392474147;1
772321;22.99296117875854;12.034910776128322;23.46133599941268;0.7731492340370408;12.841938551547463;19.07251629980104;1
772339;27.33946999863679;13.501274186013234;57.47091396643582;11.954812424810449;-20.91776106773974;17.603803331079135;1
772359;26.650464686882867;13.899809022875543;26.95679081861592;0.7825051261154368;26.557776448076183;-2.2207607166916397;1
772364;25.478266487023603;13.522764908850867;25.959779081189296;0.8552952083952631;8.753270810308953;23.927438502798065;1
772828;26.78839125107052;13.641580260915704;56.50074493227428;0.6360491961986381;23.696228223485825;-12.494265636719327;1
772853;27.085506056204707;13.520712821605255;56.09328041481553;0.759696207777104;21.644125234806708;16.283626166818784;1
772857;24.240290009736555;12.089519521770313;51.88147867061851;0.5332303868825293;-6.337875288795245;-23.39707239335324;1
772888;25.26870303516313;13.693399327912308;58.5382874626397;0.7818611084106265;24.123463499022307;7.521027980974468;1
772892;25.38116809396589;13.398687914336097;54.77810682584067;24.258563226822346;-22.860655300361195;11.026972977758659;1
772899;26.739169186902764;14.376869521750065;56.13492813377353;10.927723210012038;-5.846569855660444;26.092159545133338;1
773333;15.570643955960119;5.130365497798549;15.57064395596012;2.5922675637505512;-15.520119464109246;-1.2533335641618748;1
773347;26.41188250650146;13.977334729187344;26.41188250650146;27.904585284919253;-26.403662640420222;-0.658890512995268;1
773369;24.46099528627173;12.517585682323949;56.27097722217044;0.7024487120535929;24.428789553862917;1.25480330254814;1
773373;28.323783906319058;13.35145190404016;28.323783906319058;0.4983737454416809;-8.278811720564091;-27.086860491155285;1
773817;25.370902683271787;11.863319122268656;25.370902683271787;0.4447758022169905;-10.588753441978842;-23.055606769482967;1
773840;27.871749693779268;13.315133350802904;27.871749693779268;0.5493925413512148;11.623461135374978;-25.33238208750042;1
773870;26.335599337409118;13.329518503946861;54.380873725274974;0.7909215633436363;25.332732045522704;7.198366451514585;1
773874;26.584605616302824;13.312048098531774;26.584605616302824;0.9883873028240282;-0.6962940549239169;26.575485515102773;1
774330;27.90247383488583;14.246838212428019;27.90247383488583;11.042281149102488;-9.027288807386952;26.4018200678384;1
774376;27.13852338517985;1.310363001852894;27.36734173821389;0.656054089467274;27.117954138557945;1.0564160482602534;1
774380;27.93989698245663;13.27584071489731;28.274336471167416;0.44090106790600325;-8.128224751993882;-26.73143852790873;1
774404;26.513917424980665;13.149553470449158;54.82271757991719;0.8668890617833445;3.0431713374017564;26.338696350235516;1
774407;27.358527076223123;14.142729141316329;27.492240541640793;2.5597848417278826;-26.48665514934059;-6.8517226140835135;1
774835;27.65044286300596;13.776180989456458;57.20126772322131;0.8120539362822677;25.82227748076232;9.88721276330556;1
774848;27.924920407991024;13.681228376586397;27.924920407991024;0.6707837129870471;4.518333615464665;-27.556956311102205;1
774888;26.710190777079838;14.167479245165895;26.763562151122812;0.7123673297264616;25.43059565620931;-8.168175801143668;1
774893;23.68861248536435;1.2018774473618938;23.688612485364345;0.8858214943379177;5.714880235430363;22.988921361743945;1
775329;24.749727413044585;12.062371815551533;24.749727413044585;10.417806838003694;-5.859945390910554;24.045998565989244;1
775348;25.715723428309985;12.166758981446117;25.71572342830999;0.4564974269061685;0.8076332740263048;-25.703037951495475;1
775352;25.828968543487576;12.564473523389218;25.828968543487576;0.4990222774740548;5.109118938078254;-25.31862001960298;1
775376;25.454408706206827;12.654617439087602;25.454408706206827;0.4777875180989239;-5.741323744856708;-24.798470199578087;1
775379;25.63544396909268;11.667116921044608;53.93172056488853;0.49281394944836354;11.85450735824735;-22.729862357386807;1
775383;27.852121033062417;13.576337076544414;28.00090792127133;0.8429335784268432;-2.8611359798562397;27.704774804086206;1
775830;32.37531547140723;14.480811091953841;32.52085745354934;0.4736757144105487;19.925974499150275;-25.51698634502815;1
775845;29.924069778490836;1.39373322374552;30.109444815526953;2.2951062944402065;-27.212134953129244;-12.447877867358365;1
775867;27.337411940749693;1.2156085730010824;54.46982367088226;0.4026149341093872;-18.890162660438783;-19.760967746555536;1
775871;29.426698674023385;13.50082437386189;29.42669867402338;0.7798633455900184;13.004832459845865;26.397062858263396;1
775876;26.668350309972308;20.950471315122115;50.859280971567685;0.9348172785590646;-11.72116545123196;23.954439854028028;1
776330;26.5242345961855;12.60684422328315;26.5242345961855;0.917848215110067;3.217438767319287;26.328370794487736;1
776346;27.37856244540924;12.693771067849797;27.607357852758383;0.8299102045410204;14.7116698631643;23.09009422705842;1
776372;30.18899101807597;1.4253113433981954;30.18899101807597;0.6277065084448518;24.900881747350688;-17.068136011115243;1
776376;27.234579830930826;12.038863312589623;27.8324862045005;26.64792946550169;-27.11829953368983;-2.5139946237854445;1
776830;28.160786951090852;12.953279906613258;52.6120869048871;0.3652964187830867;-17.543808596472243;-22.028270509394865;1
776842;29.368972677120855;13.456825516396254;57.48328063613349;0.8216029070964586;10.733777329240874;27.337201399480268;1
776864;27.47667936343389;12.420346489219364;27.758067997687533;0.4250441314321786;-7.4729427346120785;-26.44093484970156;1
776868;27.731412480425195;1.2503697291609601;27.82921351886604;27.2018640727071;-27.644597489722404;2.1925938499220825;1
777326;29.819878604746258;14.212797816196769;29.819878604746258;0.4309789841345044;-19.42474287158078;-22.62530716641821;1
777376;16.628077661749153;5.593322135393548;16.628077661749153;0.5876527333915297;9.340204216792642;-13.756945588093679;1
777403;29.411252012527697;13.839479192328854;55.99338683164204;0.8574190454585612;-22.974296067124204;-18.363100641355093;1
777407;30.219477533522927;13.344106861974948;56.98936444794563;0.4352684726238648;-4.366605341302617;-29.902334025831568;1
777826;26.21828958369463;12.18340654640349;26.228280224593075;0.7441193142942075;20.41534600669752;16.45029957542689;1
777841;24.823552971558815;11.370658672302989;47.20656318941966;0.8040637370904609;11.930580609124467;21.768555957182134;1
777871;26.289862121488245;12.024006854070695;26.289862121488245;1.283616117010419;-21.986509118827307;14.413544572192716;1
777875;26.439913740491274;1.1867216684644166;26.439913740491274;0.5067545715850194;19.64756198972889;-17.693002754320137;1
777879;29.622565137147348;13.318973190110952;29.622565137147348;2.4167573188592906;-27.341448837926652;11.399190354914543;1
778328;26.459416884812093;11.560595745209808;26.459416884812093;0.5460338117394609;25.528143725982364;-6.958061496556826;1
778345;25.685519362260113;1.1612482293238837;76.57474696668687;0.6490686885299753;25.50079846274495;3.0749280758261492;1
778384;25.520055936172124;12.670916920340321;76.1699601404108;0.7229422209760525;25.45288585097834;1.8503666778291956;1
778388;27.6353552619112;11.927393629655231;83.30637454089337;2.6226881358962335;-26.69907919904012;7.132463135230792;1
778827;27.461819574626166;12.20280056474411;49.90102301397948;26.691416280077053;-27.085355404431194;-4.531562309509899;1
778844;26.011408072619144;12.529697350534587;26.07916127763239;0.5806332817298256;21.28878211275774;-14.945939451096491;1
778848;25.308691981813535;11.641106995492526;25.364879531817255;0.7259712009439762;19.44015750080906;16.205251191328383;1
778876;24.868175485424537;20.041426187802436;25.572200730861972;11.004845110060383;-11.839644500505623;21.868904180948732;1
778881;30.07105452906028;13.26717579869884;30.071054529060284;2.6477487581090875;-27.935129397183882;-11.1308969114043;1
779320;27.727003902370264;11.966162747856586;51.11164721336232;0.9929532337369296;-22.049634869978846;16.810721207094858;1
779341;27.39675189001877;13.192096304018056;27.62000106705194;27.53332691733084;-27.37112478054522;-1.1847119359027816;1
779363;27.700322153772394;1.275580182675106;27.700322153772394;27.12344372287121;-27.497663546153543;-3.344599665925991;1
779369;25.30583492163465;11.080994077097841;49.98899360733493;0.6162100661285103;24.947124894777428;-4.245732041167926;1
779821;28.323398079799414;12.48385976379104;53.11511701075721;0.35988764521131605;-16.974866798603955;-22.67308483547041;1
779832;28.766937525795285;13.601636854611986;56.661205063479855;0.8353096913208887;10.397689956084404;26.822094217084363;1
779854;25.042820682632282;12.087362116174628;47.38850803205809;0.6729343974812358;24.371981440457247;5.757550556311488;1
780322;26.08080793187602;12.1246524074307;52.717538639932485;239.4251786929101;-23.246644893369684;11.823791421577782;1
780335;26.14794148408983;12.115047811460137;26.326388698299557;0.5874377528552547;25.674799644401126;-4.951717588397555;1
780365;29.121043734171387;14.334316046092908;53.67277450030839;0.8872248920878851;11.628137180247608;26.698719330426055;1
780378;27.055603325911765;12.557816256669842;49.50766986634218;1.0995248505761122;-18.7366254992908;19.517800496685417;1
780820;26.4892129422951;12.16591624139301;26.58621639147038;0.6546137941518498;25.77495354376363;6.109842233567155;1
780835;30.597942722142996;13.5361465542749;30.668168623039502;0.6977378251438328;18.637300397336542;24.266955571867328;1
780856;25.751287284176932;12.068057293619825;26.44694204289524;0.7120475089138837;24.79362734506214;6.957358684615837;1
780860;27.651976333280384;12.3725536776662;27.651976333280384;0.628489402603294;10.586508307488433;-25.545207710875573;1
781321;30.091896674784135;14.221114102313555;88.24326235369305;0.8763147824577807;-1.3591614296390262;30.061186365379296;1
781334;26.54878070710954;12.616059026001102;26.709818789281517;0.6843008363491461;1.795383673635349;-26.488003973471375;1
781354;27.607625293982206;12.419836530065666;50.73829974053195;0.4008600291696135;-2.538178263586886;-27.490700709061258;1
781358;27.862876140360953;12.640344918244885;27.862876140360953;0.41593161143575236;-20.963604109605583;-18.35394152624508;1
781840;26.952637472676862;12.360775647413528;26.952637472676862;0.6997729152378978;-21.73694947592875;-15.935799139499274;1
781890;26.51236014230121;12.261010189693843;26.512360142301212;26.52937333792283;-25.4263862432779;-7.510267832955772;1
781974;25.60745038013241;12.276233698900933;25.60745038013241;0.8464700862729045;13.506354469612491;21.755916526593914;1
782333;24.7604484364101;12.350470228217613;48.436876180950804;0.6452497035345458;24.621851489503563;-2.616149078503488;1
782344;24.186908413175043;11.867868628734472;24.40595467522052;0.6210611544253747;12.549298538593336;-20.676596547221617;1
782377;28.291196664141975;13.546498082767341;28.29119666414197;0.7811779767157304;13.303517789429087;24.968144166427383;1
782829;28.55675007527102;13.831211811488465;28.804407021077974;0.7211883434727238;25.959324141895177;11.899641379365582;1
782852;24.454557670539995;11.291341631078838;24.45455767053999;0.6316136394621341;24.45436703681346;0.09655925940994518;1
782880;23.35061586482851;11.266785814277021;23.565626045149752;10.25877018367974;-15.029575425496063;17.870733722936663;1
782884;25.969953566385666;1.3826200926468524;26.02358918879048;0.5163653275311889;-1.8016787303436028;-25.907381998049416;1
783315;24.52112430298997;12.208100997787335;50.24082739963928;10.39966151815514;-14.365460425505239;19.872571143310275;1
783335;27.982450845428804;13.838395475128559;58.0839756999906;25.72646352532477;-26.93982732996663;-7.567249087245797;1
783362;24.060682731462176;12.41778014153104;49.34066198597109;1.9332706948011105;-19.600864511113443;-13.954302702788688;1
783380;24.21053342178474;11.888954177768817;24.31264677910786;25.74738160945421;-21.306549092332908;-11.49699501362698;1
783845;28.350251336322284;14.731523843737275;28.773416442117384;0.5749426048766948;10.709361594973693;-26.24969190411091;1
783869;25.6892646519909;12.325759674770945;26.227038720282465;0.9497032232694451;-5.251816877523242;25.146704313786152;1
783899;28.27534026067443;13.834262146563775;28.88604241752547;25.36117358207646;-26.22504294979347;-10.570808348390585;1
783906;24.361865765412617;12.494138745846533;24.510704050725007;0.8191980101347462;23.386715904152005;6.823637064679433;1
784327;26.25546151073471;12.517472557839346;26.56681623099102;0.4853953133054488;-20.777515957237313;-16.051295579747467;1
784337;24.985255389013474;11.69325511294442;25.70632464962943;2.7945112731926267;-24.665613122860165;-3.9837816365377328;1
784589;24.842938697404414;11.629701609382472;25.25503402112561;0.7181965628142046;23.676712760338678;7.5222919371298875;1
784610;25.299473995357562;12.089336850508413;76.9794206198339;2.484680940603474;-24.62427159631929;5.8059136053231635;1
784629;26.31082681020952;12.889173023214756;26.757866718425703;26.67616809294943;-23.996173145526217;-10.790888833027912;1
784643;30.298310406551714;13.942711112600728;60.52525684042398;0.4737970728351251;2.5615716856050956;-30.18983212923295;1
784825;25.165875518163052;1.1913067721101345;25.165875518163052;0.6311323706462038;25.165658904825914;-0.10441494928663937;1
784835;23.842396979102936;11.649354563759212;23.842396979102936;0.9996022051735695;-3.2482753426513056;23.62008892886435;1
784870;25.05819195679679;12.033229561202708;25.432879288991167;25.55105937079363;-24.551827883563426;5.012058630897364;1
785325;26.04924554894114;1.1878314266355183;26.04924554894114;0.43229502363273375;-16.41027732411918;-20.230323571671555;1
785339;25.378679526882838;1.2131091057255243;25.378679526882838;0.6144482506296123;22.914511788866577;-10.908827801652969;1
785344;17.90199750920922;5.3749426736352355;17.90199750920922;1.040423129416356;-5.440605547893258;17.055243360678446;1
785358;30.215022734090873;13.599641408067098;30.215022734090873;23.785686257714868;-28.404928913297088;-10.300854928216756;1
785382;29.548934254162795;13.85951747531059;29.548934254162795;0.8504433622684995;-4.931935882598869;29.1344387968392;1
785387;26.340448093566835;12.135456382948997;26.340448093566838;0.4316831426218428;4.1371270976252985;-26.013523120638297;1
785832;28.14479898971833;13.393928038391543;28.144798989718332;0.9143899078126353;-8.57912473879895;26.805378730541708;1
785852;27.7514818857563;14.174074792542944;28.403912334401703;21.469248117140342;-23.327327754995395;-15.032648690981953;1
785857;28.53099804902551;14.025609814637638;86.3092250816519;0.797521059279058;19.723926093724813;20.61515435602603;1
786326;26.83920936192166;11.786467945315488;27.285631933622337;0.40291384304492167;-15.188506385042345;-22.128091489430155;1
786340;27.52127452067967;12.020251321681513;49.87747089284363;0.40788518842812793;-8.3251970314207;-26.231882235757233;1
786370;23.65904454199387;1.2264050630403356;48.74028681610235;0.8995383260660358;11.19865668845023;20.84083676377412;1
786827;29.052971540785368;1.3920685725246327;29.052971540785368;0.5121439090871358;13.370703669723179;-25.79339913090432;1
786852;25.535375749631825;1.237800316552124;25.535375749631825;2.7866746298986356;-25.40273260497315;2.5993443163842724;1
786856;24.561996485633973;12.181292616004589;48.820252113843374;0.8562822541888148;16.108810545177004;18.54178778273254;1
786883;25.45358208152321;11.67488402226451;25.453582081523205;0.648306124373126;25.251822820616486;-3.198481673705782;1
786887;25.017637610485842;12.253869530569117;25.017637610485846;0.7818819644701086;20.099455574531646;14.89610946579759;1
787328;7.948675997337897;6.24919329008778;23.895694267568157;1.1315145362613475;-4.9021636326184606;-6.257015409097903;1
787342;6.480988551202073;4.876768214077308;6.638360762983596;13.64914101490076;6.386258970784899;1.1040421001400955;1
787374;7.828622935885494;6.191860218584517;23.363286966498663;21.055182502926783;-7.806913061453997;-0.5826195355215775;1
787826;14.261770445060236;11.507123555378383;14.515393556484995;13.870814438698805;5.05439526509935;13.336085810001933;1
787846;13.053264777827382;9.017553382336754;35.59868907797033;2.239970316438657;-8.668725911410018;9.759145066701153;1
787873;23.382938384102786;17.2727955210004;23.382938384102786;0.7476734794263332;-11.013616703834927;-20.62673155339342;1
788323;23.16564418641945;13.217189268174984;23.16564418641945;26.042937602145603;-22.97179790136859;-2.99058050392676;1
788333;26.440154767848988;13.698541682377297;26.440154767848988;2.6703814097440035;-24.468245149616028;10.01931951013138;1
788376;27.190467115354608;14.718042751570408;27.190467115354604;0.6709434896730295;25.377840324498727;-9.761491813008222;1
788828;14.459666744770681;7.836898132588712;14.505676249487339;0.7037434728425906;-0.32233305364699844;-14.45607359459524;1
788842;10.833980822896129;7.389937469930658;10.833980822896129;0.9818909748441226;8.398527178545468;-6.843966810418808;1
788879;12.097981960853202;9.479938307852947;12.142206728928906;22.713482705400967;-5.720210785955127;10.660223078780861;1
788885;11.957587967060043;7.767485754686036;12.127056204597604;1.0121797563883372;11.938679263239555;-0.6721959829342689;1
789326;16.305392546082274;7.237336674138785;32.197465230770256;0.6438458252049387;-11.970830556069508;-11.07090971328499;1
789341;14.69208917230376;7.583002105684891;14.798435709726288;245.88060854745422;-12.877664919581543;-7.072710263110195;1
789377;14.750192528757056;7.226075301378895;14.750192528757056;0.8003391327487263;11.033635725503755;-9.789129803628498;1
789381;20.638607050482364;14.506713501582148;21.260011746329607;24.067420876659256;-20.617458032784498;0.9340906008468003;1
789827;24.93061946338533;14.487353709804077;25.57299480507575;0.8048446021238781;24.92115490682732;-0.6868951434127901;1
789862;24.57539631572136;13.389497064652657;25.031642975448747;25.89964916710284;-24.362168521374414;-3.2303016903881523;1
789894;25.897715920067093;14.132895025561988;26.017350639568896;0.5856083485712078;-6.876540855364148;-24.968077133431887;1
790331;27.69011725485748;13.846128582058949;83.79886094458521;26.977478411295323;-27.67034595432416;-1.0462066506061911;1
790347;28.58752207579549;13.837626047318645;28.58752207579549;161.45933430166102;-25.07085856332238;-13.736756142990217;1
790369;26.817462995739163;13.131665199817714;26.817462995739163;0.9269898384802463;-1.5066491023890791;26.77510653592455;1
790375;27.90690573376464;13.975946755782958;27.951673751017307;26.440477968751903;-26.673084570752675;8.206213933032773;1
790832;26.964339135792656;13.964118681054728;55.06254163339514;10.559260256981235;-10.94706911013489;24.642184621659865;1
790846;26.023376660539615;12.277156899097571;51.888210619047214;0.4617966084705956;-3.4447671333947527;-25.794373654209966;1
790849;29.3283548289767;14.032542053640874;29.9979078226364;2.603508637850528;-27.74870274015481;-9.495361668356079;1
790870;30.955066771392964;1.3737828635868021;30.955066771392964;0.38904309564286427;-10.792212902886392;-29.012829911612712;1
790875;28.19667341728118;13.523800214312924;28.374897613030523;0.6553467502547964;26.830335909406806;-8.670955356199618;1
791329;17.857694259219166;6.319011232426074;18.100268934733023;0.9253275311657505;-10.460862238671668;14.472995732718308;1
791344;18.78450018485102;7.157782956916076;18.837863903385784;27.908776730613514;-18.76314811304622;-0.8953882300756858;1
791370;28.273732381953295;15.690455802589105;28.825722956548432;0.3239027586105288;-21.068344664967945;-18.855471245355577;1
791832;25.752865826971984;13.574038181906445;26.223727906275137;0.6870564932957604;25.413645304297514;-4.166140978096907;1
791849;16.065909791825185;12.921798171376032;16.065909791825185;0.5280217595656059;0.09578893916397573;-16.065624230579967;1
791854;15.337292128839835;5.530646933943045;28.69947840283767;0.7151426792579585;14.046008491984157;6.159722013896511;1
791880;27.742364462515937;14.298571570638915;28.610889476032817;0.39065527918560605;-8.561677161986255;-26.38818807999121;1
791884;28.110685909282797;14.370584171203383;28.110685909282797;0.4358165699329938;-20.530227480880274;-19.20209420541569;1
792316;17.611274734920414;6.86555611793678;17.611274734920414;0.5581856720983136;16.58822969387761;-5.915034523314564;1
792362;29.545053977032463;14.655514619496476;29.611832945123314;0.2805757737513101;-25.764253405852646;-14.460755891196428;1
792418;18.3205219823002;6.190364443944207;18.3205219823002;0.3643796264480251;3.34507692208842;-18.012550793523285;1
792821;26.91287163926079;13.802903751199338;57.11745195872747;0.8433265027294987;13.351102204515028;23.367728383305074;1
792834;23.81450286156144;11.345644445870818;23.814502861561444;0.8018937476026174;6.172237685819565;23.00073973795336;1
792859;28.71237106734529;13.107283387205168;28.71237106734529;0.9825247317183465;-23.588680855082455;16.36992326878759;1
793321;28.980375322684363;13.5317273347821;28.980375322684363;0.36038034717796175;5.701537839723307;-28.41398634661909;1
793349;19.146834759100173;15.504473570027367;19.43771591590894;10.37535348193899;-8.192695258021194;17.305520093354133;1
793372;28.14045804022162;13.002692007073827;28.31868314882353;27.988690186373482;-27.527993173370024;5.839089874318345;1
793377;27.061744829739464;13.230830770061702;27.127640795012976;0.7099866307436848;16.772433042126178;21.23731440359926;1
793392;27.182946942700354;21.380598834170662;60.64437862898503;0.4628842999961302;17.079173303175008;-21.14744532490335;1
793397;28.78263049243792;13.36406181852557;85.28075445197526;0.3006855473602799;-15.696933957002441;-24.125631233476998;1
793414;14.846634950801436;7.725886355557378;33.22661557940516;0.5599087343072378;14.350318941838832;-3.8066935298051465;1
793440;26.722256201789392;12.864934230163009;27.306017046690034;0.6351029607419736;21.44241309703075;15.946845991930683;1
793444;27.862399794806233;13.390951346246226;81.70578631938756;0.35391356649132627;-7.7684724993760526;-26.757506560814974;1
793458;27.599810034393663;13.766979554648719;57.59955514409371;0.4909037506412244;21.976007445685337;-16.69744323786728;1
793481;17.3641155063683;6.2875777470006735;31.06685323925611;2.8945321185536104;-17.2433316392888;-2.0445100381269365;1
793698;29.711383944587382;14.903575294589928;30.540809037314055;25.655523284333796;-26.785053488796116;12.857964283082131;1
793703;25.945803760598487;13.67616979368301;26.18464850887251;0.4147945707361229;-16.94269269966796;-19.650188214572008;1
794065;17.81086632918584;8.742628078053277;17.81086632918584;10.621149881385076;-7.899966479151273;15.963003759456178;1
794088;27.23935319035397;15.254704936099369;80.64131384846814;0.401284886861688;-17.325288412952908;-21.01943728164117;1
794113;26.79516912336825;15.647621783565253;27.331712349002675;1.1889229332863565;-15.767258696976558;21.665055770353426;1
794117;16.645836841905492;7.085925809804015;29.995488527209357;0.6595868050219938;16.415918138773417;-2.757084661091876;1
